condition,split,sign,q8,feature,feature_group,n_proteins,n_selected_segments,n_control_segments,selected_macro_protein_mean,control_macro_protein_mean,selected_minus_control_macro_mean,ci95_low,ci95_high,inference_eligible,wilcoxon_p_two_sided,wilcoxon_q_bh
esm2_frozen_bilstm_attn,train,-1,H,mean_neq,neq,570,3026,1338,1.0867878704008205,1.2060814752533229,-0.11929360485250269,-0.1449632823720436,-0.09362392733296179,True,6.580939406068348e-19,6.486925985981658e-18
esm2_frozen_bilstm_attn,train,-1,H,max_neq,neq,570,3026,1338,1.689292993569006,1.7031786222500698,-0.01388562868106382,-0.08196415544527444,0.05419289808314679,True,0.560116127042622,0.6790077538655809
esm2_frozen_bilstm_attn,train,-1,H,neq_peak_fraction,neq,570,3026,1338,0.013850197279801654,0.0487319687251564,-0.03488177144535475,-0.043245838241676694,-0.02651770464903281,True,2.2808775264095115e-11,1.3624817874188267e-10
esm2_frozen_bilstm_attn,train,-1,H,neq_peak_excess,neq,570,3026,1338,0.6025051231681853,0.49709714699674645,0.10540797617143886,0.050211574355487475,0.16060437798739025,True,6.574370458325835e-07,2.668420950732251e-06
esm2_frozen_bilstm_attn,train,-1,H,mean_rsa,exposure_length_position,570,3026,1338,0.2824736382038185,0.3173931399944169,-0.03491950179059833,-0.042360114260398235,-0.027478889320798422,True,6.92023061484442e-19,6.801540613020053e-18
esm2_frozen_bilstm_attn,train,-1,H,max_rsa,exposure_length_position,570,3026,1338,0.6247287073111054,0.5629138737614565,0.061814833549648916,0.049125529057799315,0.07450413804149851,True,3.650912820552978e-16,2.904408528538734e-15
esm2_frozen_bilstm_attn,train,-1,H,log_segment_length,exposure_length_position,570,3026,1338,2.6537277737648184,2.0383536649432594,0.6153741088215583,0.5684002948110103,0.6623479228321063,True,2.06507422882105e-77,1.8373726230642028e-75
esm2_frozen_bilstm_attn,train,-1,H,normalized_midpoint,exposure_length_position,570,3026,1338,0.49222063409319156,0.525068713747949,-0.032848079654757285,-0.06015971387816056,-0.005536445431354009,True,0.016522962654322657,0.034655171671380214
esm2_frozen_bilstm_attn,train,-1,H,mean_torsion_change,geometry_boundaries,570,3026,1338,16.32729730000284,25.923793048348937,-9.5964957483461,-11.011512738033526,-8.181478758658676,True,7.789266289417077e-42,2.4612625536933774e-40
esm2_frozen_bilstm_attn,train,-1,H,max_torsion_change,geometry_boundaries,570,3026,1338,137.72612031779343,109.7757336049728,27.950386712820656,23.10579019063369,32.79498323500762,True,3.1111424748989913e-25,4.847360694761977e-24
esm2_frozen_bilstm_attn,train,-1,H,q3_boundary_fraction,geometry_boundaries,570,3026,1338,0.18393513142812867,0.35484306898161866,-0.17090793755348996,-0.1879705451268736,-0.1538453299801063,True,8.148927213694731e-67,4.373257604682839e-65
esm2_frozen_bilstm_attn,train,-1,H,mean_distance_to_q3_boundary,geometry_boundaries,570,3026,1338,2.950463800250553,1.6829201166874928,1.2675436835630602,1.1526727222640167,1.3824146448621037,True,1.0111997062957705e-66,5.341978448415625e-65
esm2_frozen_bilstm_attn,train,-1,H,structured_linker_fraction,geometry_boundaries,570,3026,1338,0.0,0.0,0.0,0.0,0.0,True,1.0,1.0
esm2_frozen_bilstm_attn,train,-1,H,mean_disorder,disorder,570,3026,1338,0.017546505073643123,0.03685562169768771,-0.01930911662404459,-0.023225585563566215,-0.015392647684522968,True,1.5079543945706285e-32,3.376419740426023e-31
esm2_frozen_bilstm_attn,train,-1,H,max_disorder,disorder,570,3026,1338,0.04171988377909534,0.06181986752226668,-0.02009998374317134,-0.025781979718251937,-0.01441798776809074,True,5.929925934080866e-11,3.4039184351659436e-10
esm2_frozen_bilstm_attn,train,-1,H,fraction_glycine,sequence,570,3026,1338,0.02558569039088496,0.022236105513098278,0.0033495848777866798,-0.0007084607442074003,0.00740763049978076,True,2.093683764795122e-06,8.016698537680982e-06
esm2_frozen_bilstm_attn,train,-1,H,fraction_proline,sequence,570,3026,1338,0.017069712551808745,0.02538178602829296,-0.008312073476484215,-0.014224805796590068,-0.002399341156378361,True,0.02734201485643916,0.05450669353161604
esm2_frozen_bilstm_attn,train,-1,H,fraction_hydrophobic,sequence,570,3026,1338,0.48856739708199004,0.49722715153732433,-0.008659754455334286,-0.024153987732320976,0.006834478821652404,True,0.9553990894061531,0.9948539426203276
esm2_frozen_bilstm_attn,train,-1,H,fraction_charged,sequence,570,3026,1338,0.27640539961569616,0.2715464806092718,0.004858919006424297,-0.009533643551815562,0.019251481564664157,True,0.15514514738822963,0.24217255000905097
esm2_frozen_bilstm_attn,train,-1,H,fraction_aromatic,sequence,570,3026,1338,0.08602502418721748,0.10517821653468706,-0.019153192347469577,-0.03115460732312006,-0.007151777371819096,True,0.9156755188757036,0.9665398504328838
esm2_frozen_bilstm_attn,train,-1,H,sequence_entropy,sequence,570,3026,1338,2.943038577194661,2.211680245723494,0.731358331471167,0.6634188364788836,0.7992978264634505,True,5.040544304731773e-67,2.748722628112601e-65
esm2_frozen_bilstm_attn,train,-1,E,mean_neq,neq,445,1350,1749,1.1183974399330394,1.185319407768269,-0.06692196783522959,-0.08709723599983775,-0.046746699670621436,True,2.416284830381762e-10,1.3283673189464615e-09
esm2_frozen_bilstm_attn,train,-1,E,max_neq,neq,445,1350,1749,1.5212129750927441,1.52694034200983,-0.005727366917085483,-0.05718878684063801,0.045734053006467046,True,0.9672348507530819,1.0
esm2_frozen_bilstm_attn,train,-1,E,neq_peak_fraction,neq,445,1350,1749,0.022459844493059006,0.04663359707040468,-0.024173752577345678,-0.0321027672086545,-0.016244737946036855,True,1.176439230757675e-12,7.693502977159961e-12
esm2_frozen_bilstm_attn,train,-1,E,neq_peak_excess,neq,445,1350,1749,0.4028155351597048,0.34162093424156065,0.06119460091814411,0.024042100937278113,0.09834710089901011,True,0.0008430652616539925,0.002296860313982392
esm2_frozen_bilstm_attn,train,-1,E,mean_rsa,exposure_length_position,445,1350,1749,0.1423482670269174,0.218491174065882,-0.07614290703896458,-0.08581363486206585,-0.0664721792158633,True,8.514548387162795e-41,2.5475830174333993e-39
esm2_frozen_bilstm_attn,train,-1,E,max_rsa,exposure_length_position,445,1350,1749,0.320287857873574,0.36520690326089095,-0.04491904538731699,-0.05869704819500185,-0.031141042579632128,True,3.608416571661043e-09,1.781030135589195e-08
esm2_frozen_bilstm_attn,train,-1,E,log_segment_length,exposure_length_position,445,1350,1749,2.050376502637008,1.7311027341308982,0.31927376850610983,0.28669349470001637,0.3518540423122033,True,1.1352261658998712e-50,4.515529019891135e-49
esm2_frozen_bilstm_attn,train,-1,E,normalized_midpoint,exposure_length_position,445,1350,1749,0.4854787463637548,0.5357435590361325,-0.050264812672377694,-0.0798622706279319,-0.020667354716823485,True,0.00267970916178478,0.006716157654554738
esm2_frozen_bilstm_attn,train,-1,E,mean_torsion_change,geometry_boundaries,445,1350,1749,28.821886922543104,35.38866382573747,-6.566776903194357,-8.475532218511972,-4.658021587876742,True,2.306624855451031e-11,1.3754318582504297e-10
esm2_frozen_bilstm_attn,train,-1,E,max_torsion_change,geometry_boundaries,445,1350,1749,93.5816662530271,88.48529046668101,5.096375786346091,-0.8547971621380457,11.047548734830226,True,0.03673991909784905,0.0704981080986536
esm2_frozen_bilstm_attn,train,-1,E,q3_boundary_fraction,geometry_boundaries,445,1350,1749,0.3554814144929175,0.49892090901984437,-0.14343949452692675,-0.16078995650182443,-0.12608903255202908,True,3.891882511597585e-42,1.2531861687344224e-40
esm2_frozen_bilstm_attn,train,-1,E,mean_distance_to_q3_boundary,geometry_boundaries,445,1350,1749,1.1887616967914685,0.8496897127532709,0.3390719840381979,0.27512901360229425,0.4030149544741015,True,1.7332126612621556e-30,3.639746588650527e-29
esm2_frozen_bilstm_attn,train,-1,E,structured_linker_fraction,geometry_boundaries,445,1350,1749,0.0,0.0,0.0,0.0,0.0,True,1.0,1.0
esm2_frozen_bilstm_attn,train,-1,E,mean_disorder,disorder,445,1350,1749,0.006956782193857066,0.015079609462653028,-0.008122827268795962,-0.010043174814914388,-0.006202479722677536,True,8.501420938747903e-28,1.5621360974949272e-26
esm2_frozen_bilstm_attn,train,-1,E,max_disorder,disorder,445,1350,1749,0.01401616869780323,0.021119816249538147,-0.007103647551734917,-0.009646443811706465,-0.004560851291763368,True,5.928790850642836e-14,4.107631529922833e-13
esm2_frozen_bilstm_attn,train,-1,E,fraction_glycine,sequence,445,1350,1749,0.02983347846055383,0.036631865807464754,-0.006798387346910923,-0.013712533574015879,0.00011575888019403277,True,0.24079316060806788,0.3509654450640748
esm2_frozen_bilstm_attn,train,-1,E,fraction_proline,sequence,445,1350,1749,0.013233148932482775,0.014788854686125954,-0.001555705753643178,-0.006406885206995927,0.0032954736997095704,True,0.3194496226275201,0.441200643016195
esm2_frozen_bilstm_attn,train,-1,E,fraction_hydrophobic,sequence,445,1350,1749,0.6060017441358182,0.5635209936728199,0.0424807504629982,0.02500081839267834,0.05996068253331806,True,2.8606008296065966e-05,9.68137277767758e-05
esm2_frozen_bilstm_attn,train,-1,E,fraction_charged,sequence,445,1350,1749,0.15220980452064367,0.1835298858660633,-0.03132008134541967,-0.046699622299635576,-0.015940540391203767,True,0.0002872230020477056,0.0008488644841986824
esm2_frozen_bilstm_attn,train,-1,E,fraction_aromatic,sequence,445,1350,1749,0.13522107337956235,0.14151570475695616,-0.006294631377393804,-0.020524568656278948,0.00793530590149134,True,0.5664820737909497,0.6852507661850451
esm2_frozen_bilstm_attn,train,-1,E,sequence_entropy,sequence,445,1350,1749,2.3251265156197007,1.898656468031881,0.42647004758781953,0.3733076237735664,0.47963247140207266,True,6.4497541926011036e-40,1.8798809418262354e-38
esm2_frozen_bilstm_attn,train,-1,C,mean_neq,neq,57,66,618,1.306679664455103,1.3809261119590461,-0.0742464475039431,-0.23741272827598608,0.08891983326809988,True,0.0023733169066942994,0.006019643256964311
esm2_frozen_bilstm_attn,train,-1,C,max_neq,neq,57,66,618,1.6247231968810918,1.6396305236079534,-0.014907326726861795,-0.2522283884379029,0.2224137349841793,True,0.18324747044548162,0.2788297468839664
esm2_frozen_bilstm_attn,train,-1,C,neq_peak_fraction,neq,57,66,618,0.03892110813163444,0.11414096826730107,-0.0752198601356666,-0.12102192391873284,-0.02941779635260037,True,4.961561372660728e-08,2.2456544847343936e-07
esm2_frozen_bilstm_attn,train,-1,C,neq_peak_excess,neq,57,66,618,0.31804353242598854,0.2587044116489073,0.05933912077708128,-0.06449238872857556,0.1831706302827381,True,0.911431304578115,0.9632851643571763
esm2_frozen_bilstm_attn,train,-1,C,mean_rsa,exposure_length_position,57,66,618,0.25902018231285306,0.3014651130190879,-0.042444930706234806,-0.08233015445361166,-0.0025597069588579532,True,0.03161888629620859,0.06172254882649033
esm2_frozen_bilstm_attn,train,-1,C,max_rsa,exposure_length_position,57,66,618,0.3677624314546868,0.3903291548704394,-0.022566723415752537,-0.07869652608073446,0.0335630792492294,True,0.3930403819768099,0.5166677805068407
esm2_frozen_bilstm_attn,train,-1,C,log_segment_length,exposure_length_position,57,66,618,1.4129264126058605,1.157836341375871,0.25509007122998945,0.09850887194503224,0.4116712705149467,True,0.013030438471431026,0.02783064590771213
esm2_frozen_bilstm_attn,train,-1,C,normalized_midpoint,exposure_length_position,57,66,618,0.45150425426907415,0.5294760337609818,-0.07797177949190766,-0.1720021113541173,0.016058552370301973,True,0.09287469990166412,0.15868189033229999
esm2_frozen_bilstm_attn,train,-1,C,mean_torsion_change,geometry_boundaries,57,66,618,79.30944433316638,85.39542073611258,-6.0859764029461845,-23.78893634937555,11.616983543483183,True,0.2816660699471645,0.39879103119403814
esm2_frozen_bilstm_attn,train,-1,C,max_torsion_change,geometry_boundaries,57,66,618,116.08310568372194,114.76377388339382,1.3193318003280852,-19.959460920082602,22.598124520738775,True,0.9778149282460314,1.0
esm2_frozen_bilstm_attn,train,-1,C,q3_boundary_fraction,geometry_boundaries,57,66,618,0.5326039262881368,0.5099924627425785,0.022611463545558323,-0.0709813325166824,0.11620425960779904,True,0.6477662919207864,0.7566630955816793
esm2_frozen_bilstm_attn,train,-1,C,mean_distance_to_q3_boundary,geometry_boundaries,57,66,618,2.3765550433971483,1.7740902167061685,0.6024648266909803,-0.5106116367000765,1.715541290082037,True,0.6824017711489645,0.7855636323645384
esm2_frozen_bilstm_attn,train,-1,C,structured_linker_fraction,geometry_boundaries,57,66,618,0.5877192982456141,0.6823228392021569,-0.0946035409565429,-0.2140444108467505,0.024837328933664693,True,0.4428940962252602,0.5691466892199183
esm2_frozen_bilstm_attn,train,-1,C,mean_disorder,disorder,57,66,618,0.037798926597454575,0.05925737005380156,-0.021458443456346978,-0.04548841537903074,0.0025715284663367886,True,3.6899978040047746e-06,1.3755107580308868e-05
esm2_frozen_bilstm_attn,train,-1,C,max_disorder,disorder,57,66,618,0.05390568806925267,0.08576127014135382,-0.031855582072101145,-0.06891419605018052,0.005203031905978234,True,2.6800682715506708e-05,9.088576555780158e-05
esm2_frozen_bilstm_attn,train,-1,C,fraction_glycine,sequence,57,66,618,0.07660199449673134,0.07610300498531726,0.0004989895114140723,-0.06150947694515037,0.0625074559679785,True,0.00587108644921997,0.013689753989526012
esm2_frozen_bilstm_attn,train,-1,C,fraction_proline,sequence,57,66,618,0.10678799757747126,0.07670235132799648,0.030085646249474754,-0.03556668071149488,0.09573797321044439,True,0.7778442326630013,0.8614987046387338
esm2_frozen_bilstm_attn,train,-1,C,fraction_hydrophobic,sequence,57,66,618,0.31501769185979706,0.31748805200852065,-0.0024703601487236124,-0.08672555590419061,0.08178483560674339,True,0.7657395268098312,0.8524832505410688
esm2_frozen_bilstm_attn,train,-1,C,fraction_charged,sequence,57,66,618,0.2648902656797394,0.23318690983933485,0.031703355840404526,-0.06918176883670661,0.13258848051751565,True,0.987321065510985,1.0
esm2_frozen_bilstm_attn,train,-1,C,fraction_aromatic,sequence,57,66,618,0.07254039332986702,0.09578024861121974,-0.023239855281352733,-0.07126300240484443,0.024783291842138965,True,0.0959152374472065,0.16279589247440018
esm2_frozen_bilstm_attn,train,-1,C,sequence_entropy,sequence,57,66,618,1.2918923626491023,0.9391298936819319,0.3527624689671705,0.09705395183328391,0.6084709861010571,True,0.023304191781154,0.047180522402444115
esm2_frozen_bilstm_attn,train,-1,G,mean_neq,neq,27,28,79,1.2616049382716052,1.5060287943366646,-0.2444238560650597,-0.5818535155072266,0.09300580337710726,True,0.027928631094536468,0.055479848255362986
esm2_frozen_bilstm_attn,train,-1,G,max_neq,neq,27,28,79,1.484006172839506,1.8624963256907703,-0.3784901528512639,-0.8691525556204998,0.11217224991797187,True,0.09497132454772238,0.16143692724778752
esm2_frozen_bilstm_attn,train,-1,G,neq_peak_fraction,neq,27,28,79,0.021604938271604937,0.08366402116402115,-0.062059082892416226,-0.12077325231596431,-0.0033449134688681367,True,0.014672805407545939,0.03116127831841257
esm2_frozen_bilstm_attn,train,-1,G,neq_peak_excess,neq,27,28,79,0.22240123456790123,0.35646753135410547,-0.13406629678620427,-0.3762410854109519,0.10810849183854335,True,0.0694935539265173,0.12431624646854764
esm2_frozen_bilstm_attn,train,-1,G,mean_rsa,exposure_length_position,27,28,79,0.33479961509023,0.3397044107465206,-0.004904795656290603,-0.08023517727036224,0.07042558595778102,True,0.8101364618244391,0.8854046254831273
esm2_frozen_bilstm_attn,train,-1,G,max_rsa,exposure_length_position,27,28,79,0.47841074372883197,0.45434011260829404,0.02407063112053789,-0.06466091228119478,0.11280217452227057,True,0.7185667307022461,0.8160813290239484
esm2_frozen_bilstm_attn,train,-1,G,log_segment_length,exposure_length_position,27,28,79,1.2173729461518963,1.1114539427731562,0.10591900337873993,-0.07242190372077957,0.28425991047825944,True,0.19846377099839507,0.296905314046714
esm2_frozen_bilstm_attn,train,-1,G,normalized_midpoint,exposure_length_position,27,28,79,0.39129783130507234,0.40554117365759706,-0.014243342352524812,-0.17697809021735805,0.14849140551230844,True,0.7731171162909528,0.8592060900854209
esm2_frozen_bilstm_attn,train,-1,G,mean_torsion_change,geometry_boundaries,27,28,79,54.098217672628444,57.35390320103106,-3.2556855284026143,-17.489221322253112,10.977850265447882,True,0.8288123742464508,0.8990036867519109
esm2_frozen_bilstm_attn,train,-1,G,max_torsion_change,geometry_boundaries,27,28,79,115.88069611256043,101.83585814906297,14.044837963497466,-13.164522812799744,41.254198739794674,True,0.19451080638284968,0.2921550583653553
esm2_frozen_bilstm_attn,train,-1,G,q3_boundary_fraction,geometry_boundaries,27,28,79,0.4339506172839506,0.5013227513227513,-0.0673721340388007,-0.23228145055601612,0.09753718247841474,True,0.3484930676953324,0.4711135793194397
esm2_frozen_bilstm_attn,train,-1,G,mean_distance_to_q3_boundary,geometry_boundaries,27,28,79,0.7080246913580247,1.1380070546737213,-0.4299823633156967,-0.956611668548017,0.0966469419166236,True,0.18632871326976086,0.28199524600047515
esm2_frozen_bilstm_attn,train,-1,G,structured_linker_fraction,geometry_boundaries,27,28,79,0.0,0.0,0.0,0.0,0.0,True,1.0,1.0
esm2_frozen_bilstm_attn,train,-1,G,mean_disorder,disorder,27,28,79,0.010126915688153567,0.02161477238068053,-0.011487856692526967,-0.024845293401148542,0.0018695800160946074,True,0.19451080638284968,0.2921550583653553
esm2_frozen_bilstm_attn,train,-1,G,max_disorder,disorder,27,28,79,0.01308733791746711,0.02324723231335572,-0.010159894395888611,-0.02476069995985769,0.0044409111680804685,True,0.23910573224440745,0.34905720238270366
esm2_frozen_bilstm_attn,train,-1,G,fraction_glycine,sequence,27,28,79,0.018518518518518517,0.04989711934156379,-0.03137860082304527,-0.08859024787650925,0.02583304623041871,True,0.09288123660680914,0.15868189033229999
esm2_frozen_bilstm_attn,train,-1,G,fraction_proline,sequence,27,28,79,0.03395061728395061,0.05695179306290417,-0.023001175778953557,-0.07794648965596873,0.03194413809806161,True,0.3040486710849045,0.4242627143780694
esm2_frozen_bilstm_attn,train,-1,G,fraction_hydrophobic,sequence,27,28,79,0.4006172839506172,0.3550852439741328,0.04553203997648444,-0.10507348349098058,0.19613756344394948,True,0.5884726662068951,0.7047913866261113
esm2_frozen_bilstm_attn,train,-1,G,fraction_charged,sequence,27,28,79,0.32530864197530857,0.23478835978835977,0.09052028218694882,-0.03742401957359745,0.2184645839474951,True,0.1737783391308938,0.26621865183577337
esm2_frozen_bilstm_attn,train,-1,G,fraction_aromatic,sequence,27,28,79,0.05864197530864197,0.11173574368018813,-0.05309376837154615,-0.1707387210013882,0.0645511842582959,True,0.0894904150911936,0.1545286483265197
esm2_frozen_bilstm_attn,train,-1,G,sequence_entropy,sequence,27,28,79,1.0820616118461972,0.8936978046614246,0.18836380718477244,-0.1907508630979137,0.5674784774674586,True,0.4138288237138438,0.5406318597281707
esm2_frozen_bilstm_attn,train,-1,T,mean_neq,neq,22,24,142,1.2751742424242425,1.5114778806841302,-0.23630363825988823,-0.4278656802499476,-0.044741596269828876,True,0.015576468116855436,0.032853424019393784
esm2_frozen_bilstm_attn,train,-1,T,max_neq,neq,22,24,142,1.5208181818181818,1.7253544196544193,-0.20453623783623778,-0.4731969256439642,0.06412444997148867,True,0.08829767731622591,0.15293772899905728
esm2_frozen_bilstm_attn,train,-1,T,neq_peak_fraction,neq,22,24,142,0.07954545454545454,0.15733537296037298,-0.07778991841491839,-0.16270370250660776,0.007123865676770966,True,0.06400731717793366,0.11560295906976159
esm2_frozen_bilstm_attn,train,-1,T,neq_peak_excess,neq,22,24,142,0.2456439393939394,0.2138765389702889,0.03176740042365045,-0.102240231623373,0.1657750324706739,True,0.7825803044501396,0.8646745128581445
esm2_frozen_bilstm_attn,train,-1,T,mean_rsa,exposure_length_position,22,24,142,0.4896168654474119,0.5098104115986842,-0.020193546151272192,-0.09851462786555922,0.05812753556301482,True,0.7331868995612068,0.8250218210870374
esm2_frozen_bilstm_attn,train,-1,T,max_rsa,exposure_length_position,22,24,142,0.6149073798548091,0.5982900073934473,0.016617372461361735,-0.06866058492916706,0.10189532985189052,True,0.5057014407169704,0.6326549113248982
esm2_frozen_bilstm_attn,train,-1,T,log_segment_length,exposure_length_position,22,24,142,1.2253652739755152,1.0908122980879833,0.13455297588753218,0.01563524708116612,0.2534707046938982,True,0.03205519363567928,0.062466057453735825
esm2_frozen_bilstm_attn,train,-1,T,normalized_midpoint,exposure_length_position,22,24,142,0.48618030197741313,0.5065185406507007,-0.02033823867328736,-0.18497417995026388,0.14429770260368918,True,0.8582823598181881,0.9229811254915058
esm2_frozen_bilstm_attn,train,-1,T,mean_torsion_change,geometry_boundaries,22,24,142,95.1711546399572,96.16523094865734,-0.9940763087001462,-19.37721910677045,17.389066489370155,True,0.8076239898901056,0.883967856852848
esm2_frozen_bilstm_attn,train,-1,T,max_torsion_change,geometry_boundaries,22,24,142,162.39943883343275,150.1589771536087,12.24046167982404,-11.333066291685377,35.81398965133346,True,0.09452807127959174,0.16098272220842752
esm2_frozen_bilstm_attn,train,-1,T,q3_boundary_fraction,geometry_boundaries,22,24,142,0.2196969696969697,0.24091521904021906,-0.021218249343249337,-0.1723179485104808,0.12988144982398211,True,0.5696795370460095,0.6883797407979121
esm2_frozen_bilstm_attn,train,-1,T,mean_distance_to_q3_boundary,geometry_boundaries,22,24,142,2.015151515151515,1.4877869815369815,0.5273645336145336,-0.8510739755749925,1.9058030428040598,True,0.9482252929562537,0.9897961455650182
esm2_frozen_bilstm_attn,train,-1,T,structured_linker_fraction,geometry_boundaries,22,24,142,0.8409090909090909,0.8502886002886004,-0.009379509379509371,-0.13695595885147338,0.11819694009245463,True,0.7033106546315095,0.8030710311749861
esm2_frozen_bilstm_attn,train,-1,T,mean_disorder,disorder,22,24,142,0.016608287190055342,0.017078641587255635,-0.0004703543972002965,-0.015272255626440575,0.014331546832039983,True,0.3381955547039681,0.46010673533531565
esm2_frozen_bilstm_attn,train,-1,T,max_disorder,disorder,22,24,142,0.018944153196405862,0.018906447754459012,3.770544194684427e-05,-0.015705275308770982,0.015780686192664668,True,0.42637595733692935,0.5520045598924619
esm2_frozen_bilstm_attn,train,-1,T,fraction_glycine,sequence,22,24,142,0.13636363636363635,0.24780161967661965,-0.11143798331298328,-0.22565939425249884,0.0027834276265322755,True,0.05128408702254052,0.09480125654631465
esm2_frozen_bilstm_attn,train,-1,T,fraction_proline,sequence,22,24,142,0.09090909090909091,0.027860680985680984,0.06304840992340993,-0.013864228233582437,0.1399610480804023,True,0.5544948307837652,0.6752927742928257
esm2_frozen_bilstm_attn,train,-1,T,fraction_hydrophobic,sequence,22,24,142,0.22727272727272727,0.17446708384208384,0.05280564343064343,-0.0664825703551852,0.17209385721647208,True,0.5806816479857844,0.6978168505876257
esm2_frozen_bilstm_attn,train,-1,T,fraction_charged,sequence,22,24,142,0.3333333333333333,0.2917257511007511,0.041607582232582235,-0.11945052913594345,0.20266569360110792,True,0.6609483368585474,0.7684547203984693
esm2_frozen_bilstm_attn,train,-1,T,fraction_aromatic,sequence,22,24,142,0.056818181818181816,0.04284997409997409,0.01396820771820772,-0.04997823597608609,0.07791465141250153,True,0.2245246020098881,0.3301947278797006
esm2_frozen_bilstm_attn,train,-1,T,sequence_entropy,sequence,22,24,142,1.1972659092220284,0.8720346354964505,0.32523127372557786,0.06646117521355327,0.5840013722376025,True,0.014855334283347314,0.031509338276033416
esm2_frozen_bilstm_attn,train,-1,S,mean_neq,neq,3,5,18,1.0,1.2541485890652557,-0.2541485890652557,,,False,,
esm2_frozen_bilstm_attn,train,-1,S,max_neq,neq,3,5,18,1.0,1.3021516754850089,-0.3021516754850088,,,False,,
esm2_frozen_bilstm_attn,train,-1,S,neq_peak_fraction,neq,3,5,18,0.0,0.018518518518518517,-0.018518518518518517,,,False,,
esm2_frozen_bilstm_attn,train,-1,S,neq_peak_excess,neq,3,5,18,0.0,0.048003086419753066,-0.048003086419753066,,,False,,
esm2_frozen_bilstm_attn,train,-1,S,mean_rsa,exposure_length_position,3,5,18,0.21148056454128686,0.2872326759690488,-0.07575211142776193,,,False,,
esm2_frozen_bilstm_attn,train,-1,S,max_rsa,exposure_length_position,3,5,18,0.22669291165139935,0.31599925203179874,-0.08930634038039938,,,False,,
esm2_frozen_bilstm_attn,train,-1,S,log_segment_length,exposure_length_position,3,5,18,0.828302216596,0.849409269250665,-0.02110705265466495,,,False,,
esm2_frozen_bilstm_attn,train,-1,S,normalized_midpoint,exposure_length_position,3,5,18,0.5778469161409271,0.4732149658949416,0.10463195024598536,,,False,,
esm2_frozen_bilstm_attn,train,-1,S,mean_torsion_change,geometry_boundaries,3,5,18,163.0720985403849,142.97043785175654,20.101660688628357,,,False,,
esm2_frozen_bilstm_attn,train,-1,S,max_torsion_change,geometry_boundaries,3,5,18,187.0206885540333,157.0633335217106,29.957355032322692,,,False,,
esm2_frozen_bilstm_attn,train,-1,S,q3_boundary_fraction,geometry_boundaries,3,5,18,0.3333333333333333,0.22486772486772488,0.10846560846560849,,,False,,
esm2_frozen_bilstm_attn,train,-1,S,mean_distance_to_q3_boundary,geometry_boundaries,3,5,18,0.6666666666666666,1.291005291005291,-0.6243386243386243,,,False,,
esm2_frozen_bilstm_attn,train,-1,S,structured_linker_fraction,geometry_boundaries,3,5,18,1.0,0.9629629629629629,0.037037037037037056,,,False,,
esm2_frozen_bilstm_attn,train,-1,S,mean_disorder,disorder,3,5,18,0.000846865846445566,0.0014483378955643606,-0.0006014720491187947,,,False,,
esm2_frozen_bilstm_attn,train,-1,S,max_disorder,disorder,3,5,18,0.0008851272262593492,0.001522163687108729,-0.0006370364608493797,,,False,,
esm2_frozen_bilstm_attn,train,-1,S,fraction_glycine,sequence,3,5,18,0.3333333333333333,0.3465608465608465,-0.013227513227513235,,,False,,
esm2_frozen_bilstm_attn,train,-1,S,fraction_proline,sequence,3,5,18,0.0,0.03042328042328042,-0.03042328042328042,,,False,,
esm2_frozen_bilstm_attn,train,-1,S,fraction_hydrophobic,sequence,3,5,18,0.0,0.1626984126984127,-0.1626984126984127,,,False,,
esm2_frozen_bilstm_attn,train,-1,S,fraction_charged,sequence,3,5,18,0.16666666666666666,0.26587301587301587,-0.09920634920634919,,,False,,
esm2_frozen_bilstm_attn,train,-1,S,fraction_aromatic,sequence,3,5,18,0.0,0.10317460317460318,-0.10317460317460318,,,False,,
esm2_frozen_bilstm_attn,train,-1,S,sequence_entropy,sequence,3,5,18,0.3333333333333333,0.373015873015873,-0.03968253968253969,,,False,,
esm2_frozen_bilstm_attn,validation,-1,H,mean_neq,neq,118,595,268,1.0681185332014207,1.1890639194247423,-0.12094538622332168,-0.17652200558360034,-0.06536876686304302,True,7.726850651125513e-06,2.8000516668226536e-05
esm2_frozen_bilstm_attn,validation,-1,H,max_neq,neq,118,595,268,1.6055721210992397,1.6259842816787735,-0.020412160579533455,-0.14280334114669577,0.10197901998762887,True,0.8688218779437656,0.9304677761570705
esm2_frozen_bilstm_attn,validation,-1,H,neq_peak_fraction,neq,118,595,268,0.013627768461816977,0.03651612709794224,-0.022888358636125265,-0.03715229885142043,-0.008624418420830103,True,0.10047656061239284,0.16875650907009646
esm2_frozen_bilstm_attn,validation,-1,H,neq_peak_excess,neq,118,595,268,0.5374535878978189,0.4369203622540307,0.10053322564378823,0.0027417543003482175,0.19832469698722827,True,0.01871745458690824,0.03875303977852833
esm2_frozen_bilstm_attn,validation,-1,H,mean_rsa,exposure_length_position,118,595,268,0.269399834305008,0.31182228478554025,-0.042422450480532274,-0.06306428944560288,-0.02178061151546166,True,3.688149521059633e-05,0.0001227326134911675
esm2_frozen_bilstm_attn,validation,-1,H,max_rsa,exposure_length_position,118,595,268,0.625932820720554,0.5560024398521846,0.06993038086836958,0.03721560220511209,0.10264515953162709,True,0.0001277297858831026,0.00039547106783037537
esm2_frozen_bilstm_attn,validation,-1,H,log_segment_length,exposure_length_position,118,595,268,2.691930492371265,2.017721016345877,0.6742094760253884,0.5725798999274682,0.7758390521233086,True,2.0663089621758674e-19,2.1299361588770145e-18
esm2_frozen_bilstm_attn,validation,-1,H,normalized_midpoint,exposure_length_position,118,595,268,0.506260621266453,0.48779111577583906,0.018469505490613873,-0.041516713303604916,0.07845572428483266,True,0.5546548459660388,0.6752927742928257
esm2_frozen_bilstm_attn,validation,-1,H,mean_torsion_change,geometry_boundaries,118,595,268,15.534253484871424,24.546631663348382,-9.012378178476954,-12.164389236505368,-5.860367120448539,True,1.95161055720407e-11,1.1747642138265617e-10
esm2_frozen_bilstm_attn,validation,-1,H,max_torsion_change,geometry_boundaries,118,595,268,133.97764220996135,107.66049068084301,26.317151529118323,15.26478560345642,37.36951745478022,True,7.849309437719503e-05,0.00024942213542227107
esm2_frozen_bilstm_attn,validation,-1,H,q3_boundary_fraction,geometry_boundaries,118,595,268,0.17277326417093117,0.34010850880072563,-0.1673352446297945,-0.20397018569352315,-0.13070030356606582,True,9.889387160045333e-17,8.076332847370356e-16
esm2_frozen_bilstm_attn,validation,-1,H,mean_distance_to_q3_boundary,geometry_boundaries,118,595,268,3.0547293924560885,1.7455079214665925,1.3092214709894963,1.0791077144719754,1.5393352275070171,True,2.1382076510710866e-17,1.8536615559670111e-16
esm2_frozen_bilstm_attn,validation,-1,H,structured_linker_fraction,geometry_boundaries,118,595,268,0.0,0.0,0.0,0.0,0.0,True,1.0,1.0
esm2_frozen_bilstm_attn,validation,-1,H,mean_disorder,disorder,118,595,268,0.01231086610731693,0.03554073898489761,-0.023229872877580684,-0.03332382413738799,-0.013135921617773378,True,6.496848121349336e-10,3.421470949888179e-09
esm2_frozen_bilstm_attn,validation,-1,H,max_disorder,disorder,118,595,268,0.03201905372079102,0.0576818039362342,-0.025662750215443172,-0.039369783141298145,-0.011955717289588202,True,0.0008236310641581091,0.0022566423240831172
esm2_frozen_bilstm_attn,validation,-1,H,fraction_glycine,sequence,118,595,268,0.027245485565065477,0.02147682780930246,0.005768657755763014,-0.0019500903822149583,0.013487405893740985,True,0.0017883914907770035,0.0046476184706510755
esm2_frozen_bilstm_attn,validation,-1,H,fraction_proline,sequence,118,595,268,0.015499293075454881,0.03192312131752432,-0.016423828242069432,-0.02921926546111317,-0.003628391023025694,True,0.38713865975431727,0.5112952377458385
esm2_frozen_bilstm_attn,validation,-1,H,fraction_hydrophobic,sequence,118,595,268,0.4840337771278571,0.5005452134877868,-0.01651143635992961,-0.051092347251320835,0.018069474531461613,True,0.29433030980180686,0.41291733503730665
esm2_frozen_bilstm_attn,validation,-1,H,fraction_charged,sequence,118,595,268,0.270383043222184,0.2676367017850094,0.0027463414371745386,-0.03259303736732046,0.038085720241669535,True,0.3329919718091504,0.454336503909095
esm2_frozen_bilstm_attn,validation,-1,H,fraction_aromatic,sequence,118,595,268,0.0879815458476795,0.09712670533562216,-0.009145159487942665,-0.03280675018202793,0.014516431206142603,True,0.36475377506821227,0.4884089162398518
esm2_frozen_bilstm_attn,validation,-1,H,sequence_entropy,sequence,118,595,268,2.994054929506536,2.1750702666921087,0.8189846628144272,0.6710342064442945,0.9669351191845599,True,1.2992269861822619e-17,1.1559701158637442e-16
esm2_frozen_bilstm_attn,validation,-1,E,mean_neq,neq,109,280,378,1.116685963909389,1.1501350554644436,-0.033449091555054655,-0.07045808758852753,0.0035599044784182313,True,0.0072279101775331155,0.01642309429451577
esm2_frozen_bilstm_attn,validation,-1,E,max_neq,neq,109,280,378,1.5133589995631282,1.4723161859971494,0.04104281356597872,-0.06436893045077137,0.1464545575827288,True,0.6998932915921487,0.7999794519516751
esm2_frozen_bilstm_attn,validation,-1,E,neq_peak_fraction,neq,109,280,378,0.017896155703196914,0.04224965471279364,-0.024353499009596716,-0.040326557827463444,-0.008380440191729992,True,0.020066996218381813,0.04122404460426509
esm2_frozen_bilstm_attn,validation,-1,E,neq_peak_excess,neq,109,280,378,0.396673035653739,0.3221811305327058,0.0744919051210334,-0.003340302977437301,0.15232411321950412,True,0.08845565017990667,0.15306618358590132
esm2_frozen_bilstm_attn,validation,-1,E,mean_rsa,exposure_length_position,109,280,378,0.12735213196240325,0.20633508098215372,-0.07898294901975045,-0.09774982426513477,-0.06021607377436612,True,8.43059439037561e-12,5.191956217460827e-11
esm2_frozen_bilstm_attn,validation,-1,E,max_rsa,exposure_length_position,109,280,378,0.30277390767869067,0.35441240974320926,-0.05163850206451861,-0.08496617788952006,-0.01831082623951716,True,0.0004067114319519108,0.0011712873521545232
esm2_frozen_bilstm_attn,validation,-1,E,log_segment_length,exposure_length_position,109,280,378,2.0577201387467645,1.7831762988586637,0.27454383988810077,0.20207456065585055,0.347013119120351,True,2.8262654541102967e-10,1.5387445250156058e-09
esm2_frozen_bilstm_attn,validation,-1,E,normalized_midpoint,exposure_length_position,109,280,378,0.48480696092116404,0.5337036685372281,-0.048896707616064114,-0.1133599566785464,0.01556654144641817,True,0.1349152730160554,0.2157750889627641
esm2_frozen_bilstm_attn,validation,-1,E,mean_torsion_change,geometry_boundaries,109,280,378,28.21484018349216,34.842553787591115,-6.627713604098956,-9.802046529828461,-3.45338067836945,True,0.00014903835086045318,0.0004560168907323006
esm2_frozen_bilstm_attn,validation,-1,E,max_torsion_change,geometry_boundaries,109,280,378,94.29607807296986,89.60519055422766,4.690887518742204,-6.577789199624333,15.95956423710874,True,0.4204181803109862,0.5477587158502676
esm2_frozen_bilstm_attn,validation,-1,E,q3_boundary_fraction,geometry_boundaries,109,280,378,0.3416374367648618,0.47150167248572666,-0.12986423572086492,-0.16583378209200617,-0.09389468934972368,True,5.408711199266059e-10,2.8573207132372725e-09
esm2_frozen_bilstm_attn,validation,-1,E,mean_distance_to_q3_boundary,geometry_boundaries,109,280,378,1.210906016435066,0.8723709305071252,0.33853508592794074,0.22796490215580523,0.44910526970007625,True,5.886151812277045e-08,2.653477236974492e-07
esm2_frozen_bilstm_attn,validation,-1,E,structured_linker_fraction,geometry_boundaries,109,280,378,0.0,0.0,0.0,0.0,0.0,True,1.0,1.0
esm2_frozen_bilstm_attn,validation,-1,E,mean_disorder,disorder,109,280,378,0.0058043204493771015,0.012612960300039848,-0.006808639850662746,-0.010840229483484442,-0.0027770502178410504,True,6.845825591961454e-07,2.7653209470037844e-06
esm2_frozen_bilstm_attn,validation,-1,E,max_disorder,disorder,109,280,378,0.011952596567845912,0.019414299092323308,-0.007461702524477397,-0.013142146514387366,-0.0017812585345674285,True,0.00035430717266695804,0.0010300193901865737
esm2_frozen_bilstm_attn,validation,-1,E,fraction_glycine,sequence,109,280,378,0.035722910409300895,0.03590425388972789,-0.00018134348042699505,-0.012947787381039648,0.012585100420185657,True,0.9407502455011458,0.9856450511432829
esm2_frozen_bilstm_attn,validation,-1,E,fraction_proline,sequence,109,280,378,0.012289693826391073,0.01849847400306116,-0.006208780176670085,-0.015631865807255355,0.003214305453915184,True,0.2805766933667304,0.3976510735582551
esm2_frozen_bilstm_attn,validation,-1,E,fraction_hydrophobic,sequence,109,280,378,0.6203692211683166,0.5784453136765828,0.04192390749173372,0.004549855117513886,0.07929795986595356,True,0.016715025597832715,0.035002867757045246
esm2_frozen_bilstm_attn,validation,-1,E,fraction_charged,sequence,109,280,378,0.1544410326473553,0.1817432707152563,-0.02730223806790104,-0.055135348521832356,0.0005308723860302789,True,0.023734445079896107,0.04799411412388083
esm2_frozen_bilstm_attn,validation,-1,E,fraction_aromatic,sequence,109,280,378,0.13639051881187678,0.13244765115068738,0.003942867661189366,-0.025869519717201334,0.033755255039580066,True,0.9819085320849357,1.0
esm2_frozen_bilstm_attn,validation,-1,E,sequence_entropy,sequence,109,280,378,2.344239464983837,1.9376363201002744,0.40660314488356264,0.2858146333488735,0.5273916564182517,True,6.80885603607799e-09,3.2607283651529295e-08
esm2_frozen_bilstm_attn,validation,-1,C,mean_neq,neq,15,17,119,1.3345581481481479,1.3919735106186133,-0.057415362470465164,-0.2667676425169455,0.1519369175760152,True,0.6909447568979337,0.79189295697353
esm2_frozen_bilstm_attn,validation,-1,C,max_neq,neq,15,17,119,1.8057666666666667,1.6343839979709522,0.17138266869571464,-0.23406973257699523,0.5768350699684245,True,0.39424586721077726,0.5178497579796573
esm2_frozen_bilstm_attn,validation,-1,C,neq_peak_fraction,neq,15,17,119,0.06642857142857143,0.08554616877518449,-0.01911759734661309,-0.09826975084766337,0.0600345561544372,True,0.5317988106355197,0.6562086783790847
esm2_frozen_bilstm_attn,validation,-1,C,neq_peak_excess,neq,15,17,119,0.4712085185185184,0.2424104873523386,0.22879803116617978,-0.01654937358878003,0.47414543592113956,True,0.05005796549325326,0.0927374960518899
esm2_frozen_bilstm_attn,validation,-1,C,mean_rsa,exposure_length_position,15,17,119,0.29986338659030726,0.3828170581407644,-0.08295367155045709,-0.19006637334344192,0.024159030242527746,True,0.09953968814740126,0.16778429395665315
esm2_frozen_bilstm_attn,validation,-1,C,max_rsa,exposure_length_position,15,17,119,0.4340513631701469,0.47523169661313325,-0.04118033344298626,-0.1931662759066638,0.1108056090206913,True,0.42652824883677154,0.5520045598924619
esm2_frozen_bilstm_attn,validation,-1,C,log_segment_length,exposure_length_position,15,17,119,1.555301357299723,1.17976705779707,0.37553429950265327,-0.017626106427504784,0.7686947054328113,True,0.07829229414640984,0.13758120920426803
esm2_frozen_bilstm_attn,validation,-1,C,normalized_midpoint,exposure_length_position,15,17,119,0.4507850401614666,0.536610944102838,-0.08582590394137153,-0.26580975696480685,0.09415794908206378,True,0.42652824883677154,0.5520045598924619
esm2_frozen_bilstm_attn,validation,-1,C,mean_torsion_change,geometry_boundaries,15,17,119,80.64587591652683,76.96441262472602,3.681463291800811,-42.766087547145844,50.129014130747464,True,0.46030155637941883,0.5886080038270859
esm2_frozen_bilstm_attn,validation,-1,C,max_torsion_change,geometry_boundaries,15,17,119,126.44279161960927,106.20936041943966,20.233431200169605,-27.678050201334216,68.14491260167343,True,0.4955208830566151,0.6232723607196488
esm2_frozen_bilstm_attn,validation,-1,C,q3_boundary_fraction,geometry_boundaries,15,17,119,0.4175793650793651,0.5165893748652369,-0.09901000978587188,-0.3393650160823016,0.14134499651055782,True,0.306526583291276,0.42683952969843664
esm2_frozen_bilstm_attn,validation,-1,C,mean_distance_to_q3_boundary,geometry_boundaries,15,17,119,2.177142857142857,1.4159626831110943,0.761180174031763,-0.9203568162574707,2.442717164320997,True,0.6909447568979337,0.79189295697353
esm2_frozen_bilstm_attn,validation,-1,C,structured_linker_fraction,geometry_boundaries,15,17,119,0.6666666666666666,0.5932312451277968,0.07343542153886982,-0.2473999385784999,0.3942707816562396,True,0.6492989349095808,0.7573554643145063
esm2_frozen_bilstm_attn,validation,-1,C,mean_disorder,disorder,15,17,119,0.0222494137500221,0.08571333694541115,-0.06346392319538904,-0.10405543788937936,-0.022872408501398725,True,0.003772239574473987,0.009163394379756357
esm2_frozen_bilstm_attn,validation,-1,C,max_disorder,disorder,15,17,119,0.031222160036365132,0.12000325512873594,-0.08878109509237081,-0.14774592321919514,-0.029816266965546484,True,0.0064064902221673695,0.014805429556492056
esm2_frozen_bilstm_attn,validation,-1,C,fraction_glycine,sequence,15,17,119,0.02321428571428571,0.07540773896926703,-0.05219345325498132,-0.11250543553035423,0.00811852902039159,True,0.046649186749128296,0.08733161705360065
esm2_frozen_bilstm_attn,validation,-1,C,fraction_proline,sequence,15,17,119,0.11079365079365079,0.08703519873060103,0.023758452063049766,-0.05684276690177841,0.10435967102787794,True,0.8420836377109817,0.9090309000960501
esm2_frozen_bilstm_attn,validation,-1,C,fraction_hydrophobic,sequence,15,17,119,0.4554761904761904,0.2697768493209428,0.18569934115524764,-0.03859385449774097,0.4099925368082362,True,0.023095732617466558,0.04681455154655541
esm2_frozen_bilstm_attn,validation,-1,C,fraction_charged,sequence,15,17,119,0.2882539682539683,0.24501229866148247,0.043241669592485765,-0.1731300372789204,0.25961337646389193,True,0.8202800980995039,0.894634519894975
esm2_frozen_bilstm_attn,validation,-1,C,fraction_aromatic,sequence,15,17,119,0.08873015873015873,0.05669787710742023,0.03203228162273849,-0.04371642638197918,0.10778098962745616,True,0.5508544798435477,0.6722024436870765
esm2_frozen_bilstm_attn,validation,-1,C,sequence_entropy,sequence,15,17,119,1.4793290955170764,0.8683716054676051,0.6109574900494713,0.014105526270165258,1.2078094538287774,True,0.05708333882482986,0.10426729798311711
esm2_frozen_bilstm_attn,validation,-1,G,mean_neq,neq,5,5,12,1.3338055555555557,1.328225925925926,0.005579629629629723,,,False,,
esm2_frozen_bilstm_attn,validation,-1,G,max_neq,neq,5,5,12,2.0193333333333334,1.6312888888888886,0.3880444444444445,,,False,,
esm2_frozen_bilstm_attn,validation,-1,G,neq_peak_fraction,neq,5,5,12,0.0,0.02777777777777778,-0.02777777777777778,,,False,,
esm2_frozen_bilstm_attn,validation,-1,G,neq_peak_excess,neq,5,5,12,0.6855277777777777,0.303062962962963,0.38246481481481487,,,False,,
esm2_frozen_bilstm_attn,validation,-1,G,mean_rsa,exposure_length_position,5,5,12,0.3101271273257831,0.32978212141121427,-0.01965499408543111,,,False,,
esm2_frozen_bilstm_attn,validation,-1,G,max_rsa,exposure_length_position,5,5,12,0.5606932550668716,0.4536514872064193,0.10704176786045234,,,False,,
esm2_frozen_bilstm_attn,validation,-1,G,log_segment_length,exposure_length_position,5,5,12,1.542846228969817,1.2135442592223427,0.32930196974747433,,,False,,
esm2_frozen_bilstm_attn,validation,-1,G,normalized_midpoint,exposure_length_position,5,5,12,0.7715938242993065,0.3403992077772039,0.4311946165221025,,,False,,
esm2_frozen_bilstm_attn,validation,-1,G,mean_torsion_change,geometry_boundaries,5,5,12,44.14797601609471,64.11143243466351,-19.963456418568803,,,False,,
esm2_frozen_bilstm_attn,validation,-1,G,max_torsion_change,geometry_boundaries,5,5,12,123.51276995027445,114.10795371040152,9.404816239872948,,,False,,
esm2_frozen_bilstm_attn,validation,-1,G,q3_boundary_fraction,geometry_boundaries,5,5,12,0.5499999999999999,0.711111111111111,-0.16111111111111112,,,False,,
esm2_frozen_bilstm_attn,validation,-1,G,mean_distance_to_q3_boundary,geometry_boundaries,5,5,12,0.5166666666666667,0.5333333333333333,-0.016666666666666653,,,False,,
esm2_frozen_bilstm_attn,validation,-1,G,structured_linker_fraction,geometry_boundaries,5,5,12,0.0,0.0,0.0,,,False,,
esm2_frozen_bilstm_attn,validation,-1,G,mean_disorder,disorder,5,5,12,0.015437498451986609,0.010920181177061696,0.0045173172749249126,,,False,,
esm2_frozen_bilstm_attn,validation,-1,G,max_disorder,disorder,5,5,12,0.01680162289412688,0.013669656673058184,0.0031319662210686954,,,False,,
esm2_frozen_bilstm_attn,validation,-1,G,fraction_glycine,sequence,5,5,12,0.0,0.02777777777777778,-0.02777777777777778,,,False,,
esm2_frozen_bilstm_attn,validation,-1,G,fraction_proline,sequence,5,5,12,0.03333333333333333,0.01111111111111111,0.02222222222222222,,,False,,
esm2_frozen_bilstm_attn,validation,-1,G,fraction_hydrophobic,sequence,5,5,12,0.4666666666666666,0.41666666666666663,0.050000000000000024,,,False,,
esm2_frozen_bilstm_attn,validation,-1,G,fraction_charged,sequence,5,5,12,0.26666666666666666,0.23888888888888887,0.02777777777777777,,,False,,
esm2_frozen_bilstm_attn,validation,-1,G,fraction_aromatic,sequence,5,5,12,0.0,0.2111111111111111,-0.2111111111111111,,,False,,
esm2_frozen_bilstm_attn,validation,-1,G,sequence_entropy,sequence,5,5,12,1.801303333910258,1.1868170836458343,0.6144862502644239,,,False,,
esm2_frozen_bilstm_attn,validation,-1,S,mean_neq,neq,1,1,4,1.364,1.1333333333333333,0.2306666666666668,,,False,,
esm2_frozen_bilstm_attn,validation,-1,S,max_neq,neq,1,1,4,1.364,1.1333333333333333,0.2306666666666668,,,False,,
esm2_frozen_bilstm_attn,validation,-1,S,neq_peak_fraction,neq,1,1,4,1.0,0.25,0.75,,,False,,
esm2_frozen_bilstm_attn,validation,-1,S,neq_peak_excess,neq,1,1,4,0.0,0.0,0.0,,,False,,
esm2_frozen_bilstm_attn,validation,-1,S,mean_rsa,exposure_length_position,1,1,4,0.4754380583763122,0.328714732080698,0.1467233262956142,,,False,,
esm2_frozen_bilstm_attn,validation,-1,S,max_rsa,exposure_length_position,1,1,4,0.4754380583763122,0.328714732080698,0.1467233262956142,,,False,,
esm2_frozen_bilstm_attn,validation,-1,S,log_segment_length,exposure_length_position,1,1,4,0.6931471805599453,0.6931471805599453,0.0,,,False,,
esm2_frozen_bilstm_attn,validation,-1,S,normalized_midpoint,exposure_length_position,1,1,4,0.08383233532934131,0.7260479041916168,-0.6422155688622755,,,False,,
esm2_frozen_bilstm_attn,validation,-1,S,mean_torsion_change,geometry_boundaries,1,1,4,148.9658822428191,151.37473513664898,-2.4088528938298737,,,False,,
esm2_frozen_bilstm_attn,validation,-1,S,max_torsion_change,geometry_boundaries,1,1,4,148.9658822428191,151.37473513664898,-2.4088528938298737,,,False,,
esm2_frozen_bilstm_attn,validation,-1,S,q3_boundary_fraction,geometry_boundaries,1,1,4,0.0,0.75,-0.75,,,False,,
esm2_frozen_bilstm_attn,validation,-1,S,mean_distance_to_q3_boundary,geometry_boundaries,1,1,4,1.0,0.25,0.75,,,False,,
esm2_frozen_bilstm_attn,validation,-1,S,structured_linker_fraction,geometry_boundaries,1,1,4,1.0,1.0,0.0,,,False,,
esm2_frozen_bilstm_attn,validation,-1,S,mean_disorder,disorder,1,1,4,0.0034687435254454,0.013620317738968823,-0.010151574213523423,,,False,,
esm2_frozen_bilstm_attn,validation,-1,S,max_disorder,disorder,1,1,4,0.0034687435254454,0.013620317738968823,-0.010151574213523423,,,False,,
esm2_frozen_bilstm_attn,validation,-1,S,fraction_glycine,sequence,1,1,4,0.0,0.5,-0.5,,,False,,
esm2_frozen_bilstm_attn,validation,-1,S,fraction_proline,sequence,1,1,4,0.0,0.0,0.0,,,False,,
esm2_frozen_bilstm_attn,validation,-1,S,fraction_hydrophobic,sequence,1,1,4,0.0,0.25,-0.25,,,False,,
esm2_frozen_bilstm_attn,validation,-1,S,fraction_charged,sequence,1,1,4,1.0,0.25,0.75,,,False,,
esm2_frozen_bilstm_attn,validation,-1,S,fraction_aromatic,sequence,1,1,4,0.0,0.0,0.0,,,False,,
esm2_frozen_bilstm_attn,validation,-1,S,sequence_entropy,sequence,1,1,4,0.0,0.0,0.0,,,False,,
esm2_frozen_bilstm_attn,validation,-1,T,mean_neq,neq,5,5,22,1.1388222222222222,1.6971068783068783,-0.5582846560846563,,,False,,
esm2_frozen_bilstm_attn,validation,-1,T,max_neq,neq,5,5,22,1.1427999999999998,1.8577714285714286,-0.7149714285714286,,,False,,
esm2_frozen_bilstm_attn,validation,-1,T,neq_peak_fraction,neq,5,5,22,0.0,0.21607142857142855,-0.21607142857142855,,,False,,
esm2_frozen_bilstm_attn,validation,-1,T,neq_peak_excess,neq,5,5,22,0.0039777777777778136,0.16066455026455023,-0.15668677248677243,,,False,,
esm2_frozen_bilstm_attn,validation,-1,T,mean_rsa,exposure_length_position,5,5,22,0.3994334996988376,0.5054080494723859,-0.10597454977354832,,,False,,
esm2_frozen_bilstm_attn,validation,-1,T,max_rsa,exposure_length_position,5,5,22,0.4861005306243896,0.5986863251420713,-0.11258579451768172,,,False,,
esm2_frozen_bilstm_attn,validation,-1,T,log_segment_length,exposure_length_position,5,5,22,1.0750556815368326,1.0110804041041386,0.06397527743269438,,,False,,
esm2_frozen_bilstm_attn,validation,-1,T,normalized_midpoint,exposure_length_position,5,5,22,0.6375725646182699,0.5017868159394311,0.13578574867883889,,,False,,
esm2_frozen_bilstm_attn,validation,-1,T,mean_torsion_change,geometry_boundaries,5,5,22,119.7304464666785,87.22563869715984,32.5048077695187,,,False,,
esm2_frozen_bilstm_attn,validation,-1,T,max_torsion_change,geometry_boundaries,5,5,22,173.3136528241568,131.08653233728867,42.22712048686812,,,False,,
esm2_frozen_bilstm_attn,validation,-1,T,q3_boundary_fraction,geometry_boundaries,5,5,22,0.3,0.2216269841269841,0.0783730158730159,,,False,,
esm2_frozen_bilstm_attn,validation,-1,T,mean_distance_to_q3_boundary,geometry_boundaries,5,5,22,1.9,1.5392857142857141,0.36071428571428565,,,False,,
esm2_frozen_bilstm_attn,validation,-1,T,structured_linker_fraction,geometry_boundaries,5,5,22,0.6,0.8095238095238095,-0.20952380952380953,,,False,,
esm2_frozen_bilstm_attn,validation,-1,T,mean_disorder,disorder,5,5,22,0.007514823491995472,0.008919289673466946,-0.001404466181471473,,,False,,
esm2_frozen_bilstm_attn,validation,-1,T,max_disorder,disorder,5,5,22,0.00818342684069642,0.01019989124019735,-0.0020164643995009305,,,False,,
esm2_frozen_bilstm_attn,validation,-1,T,fraction_glycine,sequence,5,5,22,0.26666666666666666,0.14166666666666666,0.125,,,False,,
esm2_frozen_bilstm_attn,validation,-1,T,fraction_proline,sequence,5,5,22,0.1,0.11428571428571428,-0.014285714285714285,,,False,,
esm2_frozen_bilstm_attn,validation,-1,T,fraction_hydrophobic,sequence,5,5,22,0.16666666666666666,0.2160714285714286,-0.04940476190476191,,,False,,
esm2_frozen_bilstm_attn,validation,-1,T,fraction_charged,sequence,5,5,22,0.36666666666666664,0.3277777777777778,0.03888888888888893,,,False,,
esm2_frozen_bilstm_attn,validation,-1,T,fraction_aromatic,sequence,5,5,22,0.16666666666666666,0.12380952380952381,0.04285714285714286,,,False,,
esm2_frozen_bilstm_attn,validation,-1,T,sequence_entropy,sequence,5,5,22,0.9169925001442312,0.6774776340152819,0.2395148661289494,,,False,,
esm2_frozen_bilstm_attn,test,-1,E,mean_neq,neq,112,264,429,1.1224545387849116,1.196718325145738,-0.07426378636082649,-0.11216286372830436,-0.036364708993348614,True,3.1000681163987785e-05,0.00010418817397161302
esm2_frozen_bilstm_attn,test,-1,E,max_neq,neq,112,264,429,1.5133189838435375,1.5552242925642479,-0.04190530872071052,-0.14510997163790923,0.0612993541964882,True,0.2853622261789974,0.40301156504226826
esm2_frozen_bilstm_attn,test,-1,E,neq_peak_fraction,neq,112,264,429,0.02404900468566021,0.04047813468891275,-0.01642913000325254,-0.030186276869313675,-0.0026719831371914086,True,0.011731864372923947,0.025394003485823217
esm2_frozen_bilstm_attn,test,-1,E,neq_peak_excess,neq,112,264,429,0.39086444505862594,0.35850596741850993,0.03235847764011598,-0.04412157872128831,0.10883853400152027,True,0.72102839944608,0.8180526907809385
esm2_frozen_bilstm_attn,test,-1,E,mean_rsa,exposure_length_position,112,264,429,0.14294165358171534,0.19530395706846665,-0.05236230348675131,-0.06915828934438126,-0.03556631762912136,True,3.645054308616536e-08,1.6699090267523725e-07
esm2_frozen_bilstm_attn,test,-1,E,max_rsa,exposure_length_position,112,264,429,0.31541315963239164,0.3298383060541881,-0.014425146421796407,-0.04307763478674798,0.01422734194315517,True,0.29596425504584944,0.414861854559183
esm2_frozen_bilstm_attn,test,-1,E,log_segment_length,exposure_length_position,112,264,429,2.050141069452161,1.693203623837682,0.3569374456144792,0.2920847690054174,0.421790122223541,True,9.855769691691156e-16,7.731405412438005e-15
esm2_frozen_bilstm_attn,test,-1,E,normalized_midpoint,exposure_length_position,112,264,429,0.46587302405054576,0.49911342236398354,-0.03324039831343777,-0.09569611506408429,0.029215318437208745,True,0.29596425504584944,0.414861854559183
esm2_frozen_bilstm_attn,test,-1,E,mean_torsion_change,geometry_boundaries,112,264,429,27.44880168919097,36.793491448500795,-9.344689759309825,-12.718687133316184,-5.970692385303465,True,9.846664972191293e-07,3.925893192332401e-06
esm2_frozen_bilstm_attn,test,-1,E,max_torsion_change,geometry_boundaries,112,264,429,84.63780520846798,88.35353335572619,-3.7157281472581993,-14.067997414243775,6.636541119727378,True,0.4348365173479499,0.5611382691425262
esm2_frozen_bilstm_attn,test,-1,E,q3_boundary_fraction,geometry_boundaries,112,264,429,0.35468166005084323,0.538524647003601,-0.1838429869527578,-0.22164632112226224,-0.14603965278325337,True,2.918779742314844e-14,2.0688457670369996e-13
esm2_frozen_bilstm_attn,test,-1,E,mean_distance_to_q3_boundary,geometry_boundaries,112,264,429,1.1486121144559855,0.7250213079980299,0.42359080645795544,0.32045775071408267,0.5267238622018282,True,4.061754752518375e-13,2.7356160992559015e-12
esm2_frozen_bilstm_attn,test,-1,E,structured_linker_fraction,geometry_boundaries,112,264,429,0.0,0.0,0.0,0.0,0.0,True,1.0,1.0
esm2_frozen_bilstm_attn,test,-1,E,mean_disorder,disorder,112,264,429,0.005528954182855544,0.011103200712081313,-0.00557424652922577,-0.008692614328010755,-0.0024558787304407837,True,6.264161174030572e-06,2.282233720840233e-05
esm2_frozen_bilstm_attn,test,-1,E,max_disorder,disorder,112,264,429,0.012323569320934777,0.015995568040488465,-0.003671998719553687,-0.007478586508071812,0.00013458906896443752,True,0.06194167300642881,0.11241266582648192
esm2_frozen_bilstm_attn,test,-1,E,fraction_glycine,sequence,112,264,429,0.037296318891201455,0.041948152412119244,-0.004651833520917791,-0.019977118944142717,0.010673451902307136,True,0.6446168864327289,0.7559552001490338
esm2_frozen_bilstm_attn,test,-1,E,fraction_proline,sequence,112,264,429,0.014116424663299664,0.02001738966343558,-0.005900965000135919,-0.016258120844198042,0.004456190843926205,True,0.14900423779628885,0.2342088926030928
esm2_frozen_bilstm_attn,test,-1,E,fraction_hydrophobic,sequence,112,264,429,0.6111736277620228,0.5979690728654378,0.013204554896585162,-0.02431254108276132,0.05072165087593164,True,0.4047320421012274,0.5299763882045894
esm2_frozen_bilstm_attn,test,-1,E,fraction_charged,sequence,112,264,429,0.13952509212652817,0.14790865726771338,-0.008383565141185217,-0.036516637680834275,0.019749507398463838,True,0.8594333427961908,0.9235861664041837
esm2_frozen_bilstm_attn,test,-1,E,fraction_aromatic,sequence,112,264,429,0.1426363969560882,0.14075800846687328,0.001878388489214932,-0.02765326597196046,0.03141004295039032,True,0.9502301440913784,0.9909710416943093
esm2_frozen_bilstm_attn,test,-1,E,sequence_entropy,sequence,112,264,429,2.352000934829646,1.8255791782568818,0.5264217565727639,0.4108926860878932,0.6419508270576346,True,6.925524444574238e-13,4.5912153229618625e-12
esm2_frozen_bilstm_attn,test,-1,H,mean_neq,neq,124,640,277,1.0794462444506279,1.301255014656322,-0.22180877020569437,-0.2885660074334662,-0.1550515329779225,True,1.374221050426254e-10,7.718008922742798e-10
esm2_frozen_bilstm_attn,test,-1,H,max_neq,neq,124,640,277,1.575403073345412,1.8064288306451612,-0.23102575729974928,-0.37683459048508816,-0.08521692411441043,True,0.02178002932810965,0.04446755987822387
esm2_frozen_bilstm_attn,test,-1,H,neq_peak_fraction,neq,124,640,277,0.012062515154061326,0.06892933086875089,-0.05686681571468958,-0.08265746598670001,-0.031076165442679153,True,1.3953258639400542e-06,5.466508396270363e-06
esm2_frozen_bilstm_attn,test,-1,H,neq_peak_excess,neq,124,640,277,0.4959568288947845,0.5051738159888394,-0.009216987094054883,-0.12464327163553227,0.1062092974474225,True,0.4491510658875737,0.5758740059787207
esm2_frozen_bilstm_attn,test,-1,H,mean_rsa,exposure_length_position,124,640,277,0.2822756982265824,0.2955143209077293,-0.013238622681146917,-0.028975425352903976,0.002498179990610144,True,0.03279462351644961,0.0637233460397219
esm2_frozen_bilstm_attn,test,-1,H,max_rsa,exposure_length_position,124,640,277,0.6400914381246336,0.5372652358866186,0.1028262022380149,0.07411066239303024,0.13154174208299957,True,7.900336894243829e-10,4.134835764618945e-09
esm2_frozen_bilstm_attn,test,-1,H,log_segment_length,exposure_length_position,124,640,277,2.6000003828632745,1.9397521630499779,0.6602482198132965,0.5618318872162547,0.7586645524103384,True,5.342195668258475e-19,5.296763505683843e-18
esm2_frozen_bilstm_attn,test,-1,H,normalized_midpoint,exposure_length_position,124,640,277,0.510358378685949,0.5525863320968114,-0.042227953410862364,-0.09797408423149988,0.01351817740977515,True,0.19558976265733263,0.2935148635350385
esm2_frozen_bilstm_attn,test,-1,H,mean_torsion_change,geometry_boundaries,124,640,277,17.499435747652928,30.02622807815917,-12.526792330506236,-16.48836663196858,-8.565218029043889,True,8.106015534437656e-13,5.352820023815179e-12
esm2_frozen_bilstm_attn,test,-1,H,max_torsion_change,geometry_boundaries,124,640,277,134.7102585137096,116.33548375764215,18.374774756067406,8.621748654539587,28.127800857595226,True,0.0023092637405611872,0.0058748086582674
esm2_frozen_bilstm_attn,test,-1,H,q3_boundary_fraction,geometry_boundaries,124,640,277,0.18539975043719906,0.3903559269962396,-0.20495617655904055,-0.24600097460476597,-0.16391137851331514,True,1.1421716548455757e-16,9.305258710922628e-16
esm2_frozen_bilstm_attn,test,-1,H,mean_distance_to_q3_boundary,geometry_boundaries,124,640,277,2.7970340765042065,1.4887629679683967,1.30827110853581,1.067355123707599,1.549187093364021,True,1.1786167972888931e-16,9.579094691427278e-16
esm2_frozen_bilstm_attn,test,-1,H,structured_linker_fraction,geometry_boundaries,124,640,277,0.0,0.0,0.0,0.0,0.0,True,1.0,1.0
esm2_frozen_bilstm_attn,test,-1,H,mean_disorder,disorder,124,640,277,0.01337949038152905,0.030319005238763148,-0.016939514857234095,-0.02550315382371556,-0.008375875890752628,True,5.074296252323961e-08,2.2936090413245068e-07
esm2_frozen_bilstm_attn,test,-1,H,max_disorder,disorder,124,640,277,0.03138934362953377,0.04860170293477393,-0.017212359305240153,-0.02844404793923913,-0.0059806706712411725,True,0.025297486664834827,0.05082044112525642
esm2_frozen_bilstm_attn,test,-1,H,fraction_glycine,sequence,124,640,277,0.024776046931261796,0.03236479933365361,-0.007588752402391811,-0.017987890482790484,0.002810385678006862,True,0.852307784990233,0.917431589000948
esm2_frozen_bilstm_attn,test,-1,H,fraction_proline,sequence,124,640,277,0.01583455639641517,0.028108633726205878,-0.012274077329790708,-0.02407651084759918,-0.0004716438119822357,True,0.42658486695073927,0.5520045598924619
esm2_frozen_bilstm_attn,test,-1,H,fraction_hydrophobic,sequence,124,640,277,0.4967710676615224,0.5145255387267861,-0.0177544710652637,-0.05472710394937787,0.01921816181885046,True,0.527289881128346,0.6520728193470876
esm2_frozen_bilstm_attn,test,-1,H,fraction_charged,sequence,124,640,277,0.2740621329263618,0.2367572130114327,0.03730491991492899,0.006149830223618764,0.06846000960623921,True,0.009924051858548515,0.021787804762176968
esm2_frozen_bilstm_attn,test,-1,H,fraction_aromatic,sequence,124,640,277,0.0893678905610307,0.09746190778041881,-0.008094017219388124,-0.03281244538968493,0.016624410950908684,True,0.8702478959715343,0.931404918100588
esm2_frozen_bilstm_attn,test,-1,H,sequence_entropy,sequence,124,640,277,2.89956559831896,2.097812504153301,0.8017530941656589,0.6624164559186698,0.9410897324126479,True,4.905078189977131e-18,4.434243144468631e-17
esm2_frozen_bilstm_attn,test,-1,C,mean_neq,neq,12,13,133,1.2768135738652189,1.4635809801309803,-0.18676740626576152,-0.5252324260481158,0.15169761351659275,True,0.15793931050013033,0.24585455293573563
esm2_frozen_bilstm_attn,test,-1,C,max_neq,neq,12,13,133,1.7328194444444442,1.776191049806675,-0.04337160536223041,-0.6317881850909559,0.5450449743664951,True,0.8139453463016609,0.8888724857383449
esm2_frozen_bilstm_attn,test,-1,C,neq_peak_fraction,neq,12,13,133,0.06419236221867801,0.13368954059058222,-0.06949717837190425,-0.14391350392275082,0.004919147178942332,True,0.04986020375690694,0.09242179216124033
esm2_frozen_bilstm_attn,test,-1,C,neq_peak_excess,neq,12,13,133,0.456005870579226,0.31261006967569466,0.1433958009035312,-0.1801531220682835,0.4669447238753459,True,0.480176889906077,0.6080442190158974
esm2_frozen_bilstm_attn,test,-1,C,mean_rsa,exposure_length_position,12,13,133,0.2921328413841597,0.3710847427454189,-0.07895190136125922,-0.15079771172797538,-0.007106090994543068,True,0.0280561241492436,0.055667697035559044
esm2_frozen_bilstm_attn,test,-1,C,max_rsa,exposure_length_position,12,13,133,0.44086544572686154,0.4634125660960926,-0.022547120369231118,-0.15277779726539434,0.1076835565269321,True,0.9374729223624751,0.9834303290436017
esm2_frozen_bilstm_attn,test,-1,C,log_segment_length,exposure_length_position,12,13,133,1.7647289620608717,1.1623977013299098,0.6023312607309621,0.08492067719668672,1.1197418442652376,True,0.0280561241492436,0.055667697035559044
esm2_frozen_bilstm_attn,test,-1,C,normalized_midpoint,exposure_length_position,12,13,133,0.46123216871711353,0.5713351422313647,-0.11010297351425125,-0.37204933074732616,0.15184338371882367,True,0.1823383541807685,0.2775713532125972
esm2_frozen_bilstm_attn,test,-1,C,mean_torsion_change,geometry_boundaries,12,13,133,90.36446232018552,75.07595941697946,15.288502903206066,-32.52317763313414,63.10018343954627,True,0.875329249147922,0.9356586125099982
esm2_frozen_bilstm_attn,test,-1,C,max_torsion_change,geometry_boundaries,12,13,133,155.63369464137554,108.05642254839915,47.57727209297641,7.746390686214518,87.40815349973829,True,0.034170472692229406,0.06613072019028485
esm2_frozen_bilstm_attn,test,-1,C,q3_boundary_fraction,geometry_boundaries,12,13,133,0.3301796157059315,0.5630488435175934,-0.232869227811662,-0.5209684113408664,0.055229955717542384,True,0.09948088075636449,0.16778429395665315
esm2_frozen_bilstm_attn,test,-1,C,mean_distance_to_q3_boundary,geometry_boundaries,12,13,133,4.097051656920078,1.1812316830545997,2.9158199738654784,0.471053487161444,5.360586460569513,True,0.04986020375690694,0.09242179216124033
esm2_frozen_bilstm_attn,test,-1,C,structured_linker_fraction,geometry_boundaries,12,13,133,0.5,0.7583142551892553,-0.25831425518925516,-0.5966178736116614,0.07998936323315109,True,0.14670764206619935,0.23124407357847088
esm2_frozen_bilstm_attn,test,-1,C,mean_disorder,disorder,12,13,133,0.07105482813035781,0.09612173261374801,-0.025066904483390193,-0.11541028427263861,0.06527647530585823,True,0.6378701798979456,0.7493533975799006
esm2_frozen_bilstm_attn,test,-1,C,max_disorder,disorder,12,13,133,0.09941624464408956,0.12686412071332281,-0.027447876069233268,-0.15040678235393742,0.09551103021547089,True,0.480176889906077,0.6080442190158974
esm2_frozen_bilstm_attn,test,-1,C,fraction_glycine,sequence,12,13,133,0.024464570517202095,0.06895477207977208,-0.04449020156256998,-0.09848001079006875,0.0094996076649288,True,0.10780182537536617,0.1789288029426181
esm2_frozen_bilstm_attn,test,-1,C,fraction_proline,sequence,12,13,133,0.07570615300878458,0.08248041503249837,-0.0067742620237137815,-0.11623690489823485,0.10268838085080728,True,0.7835711252143678,0.8648828459686405
esm2_frozen_bilstm_attn,test,-1,C,fraction_hydrophobic,sequence,12,13,133,0.4273377572719678,0.27537883605591934,0.15195892121604843,-0.046130649158256515,0.35004849159035334,True,0.09948088075636449,0.16778429395665315
esm2_frozen_bilstm_attn,test,-1,C,fraction_charged,sequence,12,13,133,0.15299043062200957,0.3173936354925938,-0.16440320487058424,-0.25309177621800216,-0.07571463352316633,True,0.004741768038406972,0.011313985700673235
esm2_frozen_bilstm_attn,test,-1,C,fraction_aromatic,sequence,12,13,133,0.094931299207615,0.032876069725028066,0.06205522948258694,-0.001768973804177905,0.1258794327693518,True,0.07755616674366551,0.13657156237517348
esm2_frozen_bilstm_attn,test,-1,C,sequence_entropy,sequence,12,13,133,1.9327356328545324,0.9144177589582757,1.0183178738962564,0.25180336740096176,1.784832380391551,True,0.022909099354356588,0.0465199188691169
esm2_frozen_bilstm_attn,test,-1,T,mean_neq,neq,2,2,8,1.0001666666666666,1.5101666666666667,-0.5099999999999999,,,False,,
esm2_frozen_bilstm_attn,test,-1,T,max_neq,neq,2,2,8,1.0001666666666666,1.5865833333333335,-0.5864166666666668,,,False,,
esm2_frozen_bilstm_attn,test,-1,T,neq_peak_fraction,neq,2,2,8,0.0,0.08333333333333333,-0.08333333333333333,,,False,,
esm2_frozen_bilstm_attn,test,-1,T,neq_peak_excess,neq,2,2,8,0.0,0.07641666666666665,-0.07641666666666665,,,False,,
esm2_frozen_bilstm_attn,test,-1,T,mean_rsa,exposure_length_position,2,2,8,0.47121482342481613,0.4458823061237732,0.02533251730104287,,,False,,
esm2_frozen_bilstm_attn,test,-1,T,max_rsa,exposure_length_position,2,2,8,0.4834110364317894,0.5250565608342489,-0.041645524402459486,,,False,,
esm2_frozen_bilstm_attn,test,-1,T,log_segment_length,exposure_length_position,2,2,8,0.8958797346140275,1.0310347706500822,-0.13515503603605478,,,False,,
esm2_frozen_bilstm_attn,test,-1,T,normalized_midpoint,exposure_length_position,2,2,8,0.6700626959247649,0.5951218866976178,0.0749408092271471,,,False,,
esm2_frozen_bilstm_attn,test,-1,T,mean_torsion_change,geometry_boundaries,2,2,8,136.6403455008906,98.38687602372676,38.25346947716383,,,False,,
esm2_frozen_bilstm_attn,test,-1,T,max_torsion_change,geometry_boundaries,2,2,8,167.16133448340963,149.65259019621482,17.50874428719483,,,False,,
esm2_frozen_bilstm_attn,test,-1,T,q3_boundary_fraction,geometry_boundaries,2,2,8,0.0,0.41666666666666663,-0.41666666666666663,,,False,,
esm2_frozen_bilstm_attn,test,-1,T,mean_distance_to_q3_boundary,geometry_boundaries,2,2,8,1.25,1.0833333333333335,0.16666666666666663,,,False,,
esm2_frozen_bilstm_attn,test,-1,T,structured_linker_fraction,geometry_boundaries,2,2,8,1.0,0.9166666666666667,0.08333333333333331,,,False,,
esm2_frozen_bilstm_attn,test,-1,T,mean_disorder,disorder,2,2,8,0.0033987516362685498,0.015066859588841863,-0.011668107952573312,,,False,,
esm2_frozen_bilstm_attn,test,-1,T,max_disorder,disorder,2,2,8,0.0035158086393494,0.01643522195323987,-0.012919413313890467,,,False,,
esm2_frozen_bilstm_attn,test,-1,T,fraction_glycine,sequence,2,2,8,0.25,0.45833333333333337,-0.20833333333333334,,,False,,
esm2_frozen_bilstm_attn,test,-1,T,fraction_proline,sequence,2,2,8,0.0,0.0,0.0,,,False,,
esm2_frozen_bilstm_attn,test,-1,T,fraction_hydrophobic,sequence,2,2,8,0.25,0.16666666666666666,0.08333333333333334,,,False,,
esm2_frozen_bilstm_attn,test,-1,T,fraction_charged,sequence,2,2,8,0.5,0.041666666666666664,0.4583333333333333,,,False,,
esm2_frozen_bilstm_attn,test,-1,T,fraction_aromatic,sequence,2,2,8,0.0,0.041666666666666664,-0.041666666666666664,,,False,,
esm2_frozen_bilstm_attn,test,-1,T,sequence_entropy,sequence,2,2,8,0.5,0.75,-0.25,,,False,,
esm2_frozen_bilstm_attn,test,-1,G,mean_neq,neq,6,8,11,1.1994814814814814,1.6327638888888891,-0.43328240740740726,,,False,,
esm2_frozen_bilstm_attn,test,-1,G,max_neq,neq,6,8,11,1.5484722222222222,2.1306388888888885,-0.5821666666666666,,,False,,
esm2_frozen_bilstm_attn,test,-1,G,neq_peak_fraction,neq,6,8,11,0.0,0.1597222222222222,-0.1597222222222222,,,False,,
esm2_frozen_bilstm_attn,test,-1,G,neq_peak_excess,neq,6,8,11,0.3489907407407407,0.49787500000000007,-0.14888425925925933,,,False,,
esm2_frozen_bilstm_attn,test,-1,G,mean_rsa,exposure_length_position,6,8,11,0.25738404634305173,0.4608071163917582,-0.20342307004870644,,,False,,
esm2_frozen_bilstm_attn,test,-1,G,max_rsa,exposure_length_position,6,8,11,0.36073910631239414,0.6115764540930589,-0.25083734778066474,,,False,,
esm2_frozen_bilstm_attn,test,-1,G,log_segment_length,exposure_length_position,6,8,11,1.3143738430069452,1.2587830780077423,0.05559076499920316,,,False,,
esm2_frozen_bilstm_attn,test,-1,G,normalized_midpoint,exposure_length_position,6,8,11,0.3948122123230362,0.5034557106940033,-0.10864349837096711,,,False,,
esm2_frozen_bilstm_attn,test,-1,G,mean_torsion_change,geometry_boundaries,6,8,11,31.608611581669532,64.83520778099543,-33.226596199325904,,,False,,
esm2_frozen_bilstm_attn,test,-1,G,max_torsion_change,geometry_boundaries,6,8,11,68.88968448385377,141.87374290535067,-72.98405842149685,,,False,,
esm2_frozen_bilstm_attn,test,-1,G,q3_boundary_fraction,geometry_boundaries,6,8,11,0.49999999999999994,0.5555555555555555,-0.05555555555555556,,,False,,
esm2_frozen_bilstm_attn,test,-1,G,mean_distance_to_q3_boundary,geometry_boundaries,6,8,11,0.5694444444444444,0.7013888888888888,-0.13194444444444445,,,False,,
esm2_frozen_bilstm_attn,test,-1,G,structured_linker_fraction,geometry_boundaries,6,8,11,0.0,0.0,0.0,,,False,,
esm2_frozen_bilstm_attn,test,-1,G,mean_disorder,disorder,6,8,11,0.05005622019396263,0.04915859735532038,0.0008976228386422475,,,False,,
esm2_frozen_bilstm_attn,test,-1,G,max_disorder,disorder,6,8,11,0.05240541409875727,0.061776811004771504,-0.009371396906014223,,,False,,
esm2_frozen_bilstm_attn,test,-1,G,fraction_glycine,sequence,6,8,11,0.0,0.03472222222222222,-0.03472222222222222,,,False,,
esm2_frozen_bilstm_attn,test,-1,G,fraction_proline,sequence,6,8,11,0.05555555555555555,0.0,0.05555555555555555,,,False,,
esm2_frozen_bilstm_attn,test,-1,G,fraction_hydrophobic,sequence,6,8,11,0.25,0.20138888888888887,0.04861111111111111,,,False,,
esm2_frozen_bilstm_attn,test,-1,G,fraction_charged,sequence,6,8,11,0.5694444444444444,0.3055555555555555,0.2638888888888889,,,False,,
esm2_frozen_bilstm_attn,test,-1,G,fraction_aromatic,sequence,6,8,11,0.1111111111111111,0.0,0.1111111111111111,,,False,,
esm2_frozen_bilstm_attn,test,-1,G,sequence_entropy,sequence,6,8,11,1.2720552088742003,1.2686508686264708,0.0034043402477295834,,,False,,
esm2_top4_bilstm_attn,train,-1,H,mean_neq,neq,606,3016,1452,1.0758743197743825,1.2229049381887105,-0.14703061841432782,-0.1735068980431163,-0.12055433878553934,True,2.6728787931058368e-31,5.79295076890438e-30
esm2_top4_bilstm_attn,train,-1,H,max_neq,neq,606,3016,1452,1.637083758641082,1.7564904109260129,-0.11940665228493104,-0.1828176541488939,-0.05599565042096817,True,0.009875802359700411,0.02170985430475129
esm2_top4_bilstm_attn,train,-1,H,neq_peak_fraction,neq,606,3016,1452,0.012718516176810257,0.04912787936219944,-0.036409363185389176,-0.04430119157947289,-0.028517534791305463,True,1.2077003255652727e-15,9.365217432881163e-15
esm2_top4_bilstm_attn,train,-1,H,neq_peak_excess,neq,606,3016,1452,0.5612094388666996,0.5335854727373028,0.0276239661293968,-0.02264749267667991,0.07789542493547351,True,0.021700034035589472,0.044331006087207254
esm2_top4_bilstm_attn,train,-1,H,mean_rsa,exposure_length_position,606,3016,1452,0.28632107834912635,0.3177400957462881,-0.03141901739716172,-0.03892357378773956,-0.02391446100658388,True,9.802938454505042e-17,8.025117412755822e-16
esm2_top4_bilstm_attn,train,-1,H,max_rsa,exposure_length_position,606,3016,1452,0.6287505118551503,0.5568648028167011,0.07188570903844921,0.05951714143299617,0.08425427664390225,True,4.251022993631364e-24,6.276292026841764e-23
esm2_top4_bilstm_attn,train,-1,H,log_segment_length,exposure_length_position,606,3016,1452,2.655869824971688,2.0396579331881357,0.616211891783552,0.5708162962019863,0.6616074873651177,True,1.1227050170078994e-81,1.3556663080370384e-79
esm2_top4_bilstm_attn,train,-1,H,normalized_midpoint,exposure_length_position,606,3016,1452,0.5005132829633969,0.520773624280238,-0.020260341316841155,-0.04689455128240546,0.006373868648723149,True,0.10558471525834388,0.1758531636888969
esm2_top4_bilstm_attn,train,-1,H,mean_torsion_change,geometry_boundaries,606,3016,1452,16.396094183999665,26.020797339369917,-9.62470315537025,-11.147482607191646,-8.101923703548854,True,1.2637553609730024e-41,3.919960436192405e-40
esm2_top4_bilstm_attn,train,-1,H,max_torsion_change,geometry_boundaries,606,3016,1452,138.07971685616042,108.69821157113084,29.38150528502955,24.65079303481221,34.11221753524689,True,5.190699847632091e-29,1.0144367736904106e-27
esm2_top4_bilstm_attn,train,-1,H,q3_boundary_fraction,geometry_boundaries,606,3016,1452,0.1849152929473921,0.35554691853238396,-0.17063162558499184,-0.187324364573716,-0.15393888659626767,True,1.5509995588074578e-69,9.534417287869117e-68
esm2_top4_bilstm_attn,train,-1,H,mean_distance_to_q3_boundary,geometry_boundaries,606,3016,1452,2.966312733406272,1.7298303901007885,1.2364823433054837,1.1138290325177393,1.359135654093228,True,3.3158684516525295e-69,2.0019555776852148e-67
esm2_top4_bilstm_attn,train,-1,H,structured_linker_fraction,geometry_boundaries,606,3016,1452,0.0,0.0,0.0,0.0,0.0,True,1.0,1.0
esm2_top4_bilstm_attn,train,-1,H,mean_disorder,disorder,606,3016,1452,0.01933854086427072,0.04326371183077067,-0.023925170966499962,-0.02805280692404897,-0.019797535008950956,True,1.4874027591973562e-45,5.407428740694905e-44
esm2_top4_bilstm_attn,train,-1,H,max_disorder,disorder,606,3016,1452,0.043458721592065486,0.07159693137010481,-0.028138209778039318,-0.034084767273243013,-0.02219165228283562,True,2.290802287954356e-21,2.6986768416633025e-20
esm2_top4_bilstm_attn,train,-1,H,fraction_glycine,sequence,606,3016,1452,0.02367186887646069,0.025137167880177964,-0.0014652990037172708,-0.0057418401887423046,0.0028112421813077625,True,0.0007402109626557708,0.002051355135032099
esm2_top4_bilstm_attn,train,-1,H,fraction_proline,sequence,606,3016,1452,0.018171688972102477,0.023796770721175316,-0.0056250817490728425,-0.01123244552146425,-1.7717976681435807e-05,True,0.00020374476103968513,0.0006145058314675963
esm2_top4_bilstm_attn,train,-1,H,fraction_hydrophobic,sequence,606,3016,1452,0.4876469771726201,0.48613409058844625,0.0015128865841738805,-0.013333886580506106,0.016359659748853866,True,0.593419213641688,0.7093071401276186
esm2_top4_bilstm_attn,train,-1,H,fraction_charged,sequence,606,3016,1452,0.2797298606401761,0.2743937461504676,0.005336114489708553,-0.008692410522698377,0.019364639502115484,True,0.16332494505127015,0.25283957839667787
esm2_top4_bilstm_attn,train,-1,H,fraction_aromatic,sequence,606,3016,1452,0.0880646710692036,0.09574648765033007,-0.00768181658112648,-0.01798032662006687,0.00261669345781391,True,0.13488907863881616,0.2157750889627641
esm2_top4_bilstm_attn,train,-1,H,sequence_entropy,sequence,606,3016,1452,2.9379577587139436,2.210203508102242,0.7277542506117016,0.6627569041519393,0.7927515970714639,True,3.1534165348092986e-73,2.4231139327705088e-71
esm2_top4_bilstm_attn,train,-1,E,mean_neq,neq,462,1217,1878,1.1245880656431353,1.1810327569624002,-0.05644469131926513,-0.07642668833795312,-0.03646269430057715,True,1.0001100564495785e-07,4.408568579994817e-07
esm2_top4_bilstm_attn,train,-1,E,max_neq,neq,462,1217,1878,1.5503297553747548,1.5271085717643875,0.02322118361036729,-0.028708357355372804,0.07515072457610739,True,0.38994408835421523,0.513996476696141
esm2_top4_bilstm_attn,train,-1,E,neq_peak_fraction,neq,462,1217,1878,0.024346636328177153,0.04870541687578131,-0.02435878054760416,-0.0318442063434856,-0.01687335475172272,True,1.4755720328269926e-11,8.924703118046621e-11
esm2_top4_bilstm_attn,train,-1,E,neq_peak_excess,neq,462,1217,1878,0.42574168973161963,0.34607581480198707,0.07966587492963242,0.042739462797989854,0.116592287061275,True,7.33055770883699e-05,0.00023470279937100251
esm2_top4_bilstm_attn,train,-1,E,mean_rsa,exposure_length_position,462,1217,1878,0.15013803274189574,0.20879140245509933,-0.05865336971320359,-0.06785977641274331,-0.04944696301366387,True,9.590755487697927e-30,1.953394235175102e-28
esm2_top4_bilstm_attn,train,-1,E,max_rsa,exposure_length_position,462,1217,1878,0.33150682094642503,0.35785823812765233,-0.026351417181227275,-0.03980183995264298,-0.01290099440981157,True,7.558622153152035e-05,0.00024109152358308514
esm2_top4_bilstm_attn,train,-1,E,log_segment_length,exposure_length_position,462,1217,1878,2.0516888141238363,1.7567587809804441,0.294930033143392,0.26364249165882975,0.32621757462795425,True,1.8431729666756442e-50,7.246241628291108e-49
esm2_top4_bilstm_attn,train,-1,E,normalized_midpoint,exposure_length_position,462,1217,1878,0.4879417523384287,0.50829705520757,-0.02035530286914123,-0.047686074805400394,0.006975469067117938,True,0.16050436125626288,0.24927204658127
esm2_top4_bilstm_attn,train,-1,E,mean_torsion_change,geometry_boundaries,462,1217,1878,28.98771899996008,32.64883682499628,-3.661117825036204,-5.384852951634729,-1.9373826984376794,True,3.226717958404495e-05,0.00010801518235015443
esm2_top4_bilstm_attn,train,-1,E,max_torsion_change,geometry_boundaries,462,1217,1878,94.45503994858657,82.34152109184413,12.113518856742433,6.240606358147137,17.98643135533773,True,0.00012572246480137297,0.0003896128812955472
esm2_top4_bilstm_attn,train,-1,E,q3_boundary_fraction,geometry_boundaries,462,1217,1878,0.3568858631968471,0.490354837774587,-0.13346897457773985,-0.14938862231993327,-0.11754932683554642,True,2.958304107459783e-42,9.710705036234491e-41
esm2_top4_bilstm_attn,train,-1,E,mean_distance_to_q3_boundary,geometry_boundaries,462,1217,1878,1.1835104240256602,0.8587378283081885,0.32477259571747163,0.269171698926443,0.3803734925085003,True,7.404170919485433e-30,1.517181932047288e-28
esm2_top4_bilstm_attn,train,-1,E,structured_linker_fraction,geometry_boundaries,462,1217,1878,0.0,0.0,0.0,0.0,0.0,True,1.0,1.0
esm2_top4_bilstm_attn,train,-1,E,mean_disorder,disorder,462,1217,1878,0.007081073883026781,0.016471925367904233,-0.009390851484877451,-0.011392411166371573,-0.00738929180338333,True,2.7015143336610738e-33,6.21348296742047e-32
esm2_top4_bilstm_attn,train,-1,E,max_disorder,disorder,462,1217,1878,0.014525290900917512,0.023670676317540634,-0.00914538541662312,-0.01187497233780551,-0.0064157984954407304,True,1.434563504776399e-20,1.5902489211963952e-19
esm2_top4_bilstm_attn,train,-1,E,fraction_glycine,sequence,462,1217,1878,0.032103239557229095,0.03154296330202677,0.0005602762552023172,-0.0055302163832443105,0.006650768893648944,True,0.7233503034096509,0.8187637682718547
esm2_top4_bilstm_attn,train,-1,E,fraction_proline,sequence,462,1217,1878,0.013255065004915662,0.017058945422861165,-0.003803880417945501,-0.00841416466661854,0.0008064038307275369,True,0.3617464883965372,0.48553587823290684
esm2_top4_bilstm_attn,train,-1,E,fraction_hydrophobic,sequence,462,1217,1878,0.6008859022004395,0.5747512517732185,0.02613465042722111,0.009552314124840429,0.042716986729601794,True,0.0007238895603115669,0.0020094175725890047
esm2_top4_bilstm_attn,train,-1,E,fraction_charged,sequence,462,1217,1878,0.15636182215615538,0.18647683631621606,-0.030115014160060648,-0.04560123449539913,-0.014628793824722165,True,0.0003966017954248976,0.0011447453091113179
esm2_top4_bilstm_attn,train,-1,E,fraction_aromatic,sequence,462,1217,1878,0.14469213407258527,0.14550562512176762,-0.0008134910491823528,-0.014252708686773563,0.012625726588408858,True,0.5956865282775178,0.7112579390545419
esm2_top4_bilstm_attn,train,-1,E,sequence_entropy,sequence,462,1217,1878,2.332814738666503,1.9295401723337826,0.40327456633272013,0.3514110188834011,0.45513811378203917,True,2.1916971360726073e-38,6.073875423820889e-37
esm2_top4_bilstm_attn,train,-1,C,mean_neq,neq,45,47,453,1.1998594614932392,1.4654410613602127,-0.26558159986697355,-0.43864625024100057,-0.0925169494929465,True,0.0001910729648166837,0.0005778333578221892
esm2_top4_bilstm_attn,train,-1,C,max_neq,neq,45,47,453,1.353662962962963,1.874188750406445,-0.5205257874434821,-0.7907633905579678,-0.2502881843289963,True,0.00010563337156682822,0.00033069113821059833
esm2_top4_bilstm_attn,train,-1,C,neq_peak_fraction,neq,45,47,453,0.06746913580246915,0.1105051912521889,-0.04303605544971975,-0.10938162844278827,0.02330951754334877,True,4.1755607658718566e-05,0.00013786690380285886
esm2_top4_bilstm_attn,train,-1,C,neq_peak_excess,neq,45,47,453,0.15380350146972369,0.4087476890462324,-0.25494418757650866,-0.38424750628568816,-0.1256408688673292,True,7.433631401129178e-05,0.0002373286852428494
esm2_top4_bilstm_attn,train,-1,C,mean_rsa,exposure_length_position,45,47,453,0.23069731901938542,0.32374545955371953,-0.09304814053433412,-0.1262255132375069,-0.05987076783116135,True,4.4652177632778965e-06,1.6463360150100946e-05
esm2_top4_bilstm_attn,train,-1,C,max_rsa,exposure_length_position,45,47,453,0.32151178443907863,0.4241735882138884,-0.10266180377480971,-0.15266018873280368,-0.052663418816815744,True,0.0005185675977148758,0.0014684062377504146
esm2_top4_bilstm_attn,train,-1,C,log_segment_length,exposure_length_position,45,47,453,1.2504401958298774,1.2261231245682838,0.0243170712615938,-0.1510550617245219,0.1996892042477095,True,0.7734713969705768,0.8592060900854209
esm2_top4_bilstm_attn,train,-1,C,normalized_midpoint,exposure_length_position,45,47,453,0.46788537776445266,0.5023602434621325,-0.034474865697679824,-0.12854391253305839,0.05959418113769874,True,0.6803378120545849,0.7845232409810884
esm2_top4_bilstm_attn,train,-1,C,mean_torsion_change,geometry_boundaries,45,47,453,83.1386535126102,85.15272219206499,-2.0140686794547933,-20.583541365867475,16.555404006957886,True,0.3816831791714821,0.5066630658730982
esm2_top4_bilstm_attn,train,-1,C,max_torsion_change,geometry_boundaries,45,47,453,113.27679267773576,115.92798888791921,-2.651196210183457,-24.105761985648797,18.803369565281884,True,0.6234149059752893,0.7364660367234287
esm2_top4_bilstm_attn,train,-1,C,q3_boundary_fraction,geometry_boundaries,45,47,453,0.64342151675485,0.5139431840138838,0.1294783327409662,0.021319671906762455,0.23763699357516996,True,0.0257897972681961,0.051686930348112864
esm2_top4_bilstm_attn,train,-1,C,mean_distance_to_q3_boundary,geometry_boundaries,45,47,453,2.301146384479718,1.7542038824983999,0.5469425019813179,-1.0056508818969998,2.099535885859636,True,0.09479856542062386,0.16122432076817367
esm2_top4_bilstm_attn,train,-1,C,structured_linker_fraction,geometry_boundaries,45,47,453,0.5555555555555556,0.6349162757208734,-0.07936072016531788,-0.2482076704155729,0.08948623008493715,True,0.2612610309597655,0.37588235986168816
esm2_top4_bilstm_attn,train,-1,C,mean_disorder,disorder,45,47,453,0.026276719378370277,0.08803949496545899,-0.06176277558708872,-0.08206283987454761,-0.04146271129962982,True,3.738719698711958e-08,1.708190716397991e-07
esm2_top4_bilstm_attn,train,-1,C,max_disorder,disorder,45,47,453,0.04114085257262758,0.1434843757305334,-0.10234352315790583,-0.1379225306188105,-0.06676451569700119,True,8.507106017185188e-08,3.7746096383337427e-07
esm2_top4_bilstm_attn,train,-1,C,fraction_glycine,sequence,45,47,453,0.08532275132275133,0.07295478714512563,0.012367964177625711,-0.0575381221965193,0.08227405055177073,True,0.039308126810235725,0.07500043834390913
esm2_top4_bilstm_attn,train,-1,C,fraction_proline,sequence,45,47,453,0.045592592592592594,0.06844234431302318,-0.02284975172043057,-0.06961849355232277,0.023918990111461626,True,0.0024382540894700294,0.006175083952433085
esm2_top4_bilstm_attn,train,-1,C,fraction_hydrophobic,sequence,45,47,453,0.4575396825396826,0.34316727414669845,0.11437240839298399,0.005186117762715853,0.22355869902325212,True,0.045115891968303914,0.08478978918556727
esm2_top4_bilstm_attn,train,-1,C,fraction_charged,sequence,45,47,453,0.1751058201058201,0.21373509624038675,-0.03862927613456667,-0.1158002160690421,0.03854166379990877,True,0.027331425128285174,0.05450669353161604
esm2_top4_bilstm_attn,train,-1,C,fraction_aromatic,sequence,45,47,453,0.11084126984126984,0.06998474241468926,0.04085652742658059,-0.02094172157374726,0.10265477642690843,True,0.7048339947319606,0.8039958624118619
esm2_top4_bilstm_attn,train,-1,C,sequence_entropy,sequence,45,47,453,1.0538030375366318,0.9967579851982495,0.057045052338382245,-0.2168330049804011,0.3309231096571656,True,0.8257848923792513,0.8980751667433026
esm2_top4_bilstm_attn,train,-1,G,mean_neq,neq,23,24,60,1.0555196342305038,1.4138731427393827,-0.35835350850887854,-0.4939156459001106,-0.2227913711176465,True,9.896561114846671e-05,0.000310680344747415
esm2_top4_bilstm_attn,train,-1,G,max_neq,neq,23,24,60,1.2202826086956522,1.8795024154589377,-0.6592198067632851,-1.0066514045341595,-0.31178820899241066,True,0.0009156778242644277,0.0024787083457470218
esm2_top4_bilstm_attn,train,-1,G,neq_peak_fraction,neq,23,24,60,0.010869565217391304,0.10380003450655625,-0.09293046928916496,-0.19136190337879205,0.005500964800462124,True,0.015161570112548591,0.03207839083262002
esm2_top4_bilstm_attn,train,-1,G,neq_peak_excess,neq,23,24,60,0.1647629744651484,0.46562927271955484,-0.3008662982544065,-0.5616311792934583,-0.04010141721535465,True,0.013181829419225048,0.028118463890473115
esm2_top4_bilstm_attn,train,-1,G,mean_rsa,exposure_length_position,23,24,60,0.3350561906776428,0.3261450581585206,0.008911132519122214,-0.08855322516599974,0.10637549020424418,True,0.6482286941369625,0.7566630955816793
esm2_top4_bilstm_attn,train,-1,G,max_rsa,exposure_length_position,23,24,60,0.5211821896550448,0.45092287561178124,0.07025931404326355,-0.07200620437057026,0.21252483245709736,True,0.21239270063434001,0.31564822894272687
esm2_top4_bilstm_attn,train,-1,G,log_segment_length,exposure_length_position,23,24,60,1.3789664512998643,1.191782030010539,0.18718442128932547,-0.013571453981745613,0.3879402965603965,True,0.023935639561845322,0.04834312864910337
esm2_top4_bilstm_attn,train,-1,G,normalized_midpoint,exposure_length_position,23,24,60,0.4899030095944838,0.4519326745071449,0.03797033508733893,-0.13803131722712667,0.21397198740180454,True,0.5034132106662779,0.6315547551995122
esm2_top4_bilstm_attn,train,-1,G,mean_torsion_change,geometry_boundaries,23,24,60,48.0348594014282,59.94652655226964,-11.91166715084143,-21.325062769054686,-2.4982715326281735,True,0.020803242477548358,0.042679467728513956
esm2_top4_bilstm_attn,train,-1,G,max_torsion_change,geometry_boundaries,23,24,60,123.49444124950504,116.6544623280239,6.839978921481139,-15.682176965202371,29.362134808164647,True,0.3457507008948919,0.46834259604392203
esm2_top4_bilstm_attn,train,-1,G,q3_boundary_fraction,geometry_boundaries,23,24,60,0.44140786749482397,0.6242069653948534,-0.18279909790002954,-0.3271038428591217,-0.03849435294093739,True,0.012436035803126591,0.02676399557630236
esm2_top4_bilstm_attn,train,-1,G,mean_distance_to_q3_boundary,geometry_boundaries,23,24,60,0.7747412008281572,0.7592489894508527,0.015492211377304617,-0.555624511977914,0.5866089347325232,True,0.14398775287489923,0.227380939967321
esm2_top4_bilstm_attn,train,-1,G,structured_linker_fraction,geometry_boundaries,23,24,60,0.0,0.0,0.0,0.0,0.0,True,1.0,1.0
esm2_top4_bilstm_attn,train,-1,G,mean_disorder,disorder,23,24,60,0.01638500371427686,0.023431831250901362,-0.0070468275366244995,-0.03534712473805518,0.021253469664806183,True,0.975736119417176,1.0
esm2_top4_bilstm_attn,train,-1,G,max_disorder,disorder,23,24,60,0.0206279704029641,0.024969460490340063,-0.004341490087375962,-0.03399496883812151,0.025311988663369582,True,0.7379536388336091,0.8289107152479842
esm2_top4_bilstm_attn,train,-1,G,fraction_glycine,sequence,23,24,60,0.02898550724637681,0.02339975845410628,0.005585748792270532,-0.04975123259422687,0.060922730178767925,True,0.5650754219010006,0.683793844469321
esm2_top4_bilstm_attn,train,-1,G,fraction_proline,sequence,23,24,60,0.09679089026915114,0.03846330802852542,0.05832758224062571,-0.014370550505574543,0.13102571498682597,True,0.3092918808930012,0.43015872040281244
esm2_top4_bilstm_attn,train,-1,G,fraction_hydrophobic,sequence,23,24,60,0.4436853002070392,0.4057788211903118,0.037906479016727467,-0.10530614814514608,0.18111910617860102,True,0.6370596764895706,0.7489216850525863
esm2_top4_bilstm_attn,train,-1,G,fraction_charged,sequence,23,24,60,0.30838509316770185,0.3289933123007657,-0.020608219133063856,-0.18166978490671934,0.14045334664059164,True,0.903095937972478,0.9577689354720665
esm2_top4_bilstm_attn,train,-1,G,fraction_aromatic,sequence,23,24,60,0.11273291925465836,0.07954644418153736,0.03318647507312104,-0.07256779026934332,0.1389407404155854,True,0.6672277338169879,0.7736272181190796
esm2_top4_bilstm_attn,train,-1,G,sequence_entropy,sequence,23,24,60,1.4266191894560805,1.0889237012390791,0.33769548821700185,-0.09777523505681623,0.77316621149082,True,0.16149548663585833,0.2502365904288895
esm2_top4_bilstm_attn,train,-1,T,mean_neq,neq,7,8,38,1.3363392857142855,1.5231369408369406,-0.1867976551226552,,,False,,
esm2_top4_bilstm_attn,train,-1,T,max_neq,neq,7,8,38,1.6057142857142854,1.6173650793650796,-0.011650793650793625,,,False,,
esm2_top4_bilstm_attn,train,-1,T,neq_peak_fraction,neq,7,8,38,0.1130952380952381,0.058658008658008666,0.05443722943722943,,,False,,
esm2_top4_bilstm_attn,train,-1,T,neq_peak_excess,neq,7,8,38,0.26937500000000003,0.09422813852813854,0.1751468614718615,,,False,,
esm2_top4_bilstm_attn,train,-1,T,mean_rsa,exposure_length_position,7,8,38,0.25378885270938983,0.5366585463349953,-0.2828696936256055,,,False,,
esm2_top4_bilstm_attn,train,-1,T,max_rsa,exposure_length_position,7,8,38,0.3367924051625388,0.5833667138696234,-0.2465743087070845,,,False,,
esm2_top4_bilstm_attn,train,-1,T,log_segment_length,exposure_length_position,7,8,38,1.1388224047327526,0.949399130363757,0.18942327436899573,,,False,,
esm2_top4_bilstm_attn,train,-1,T,normalized_midpoint,exposure_length_position,7,8,38,0.42873332433830663,0.4812214259960294,-0.052488101657722865,,,False,,
esm2_top4_bilstm_attn,train,-1,T,mean_torsion_change,geometry_boundaries,7,8,38,93.81195924862575,80.42594755048056,13.386011698145195,,,False,,
esm2_top4_bilstm_attn,train,-1,T,max_torsion_change,geometry_boundaries,7,8,38,154.78028991394171,116.26246331592709,38.51782659801462,,,False,,
esm2_top4_bilstm_attn,train,-1,T,q3_boundary_fraction,geometry_boundaries,7,8,38,0.5416666666666666,0.34588744588744585,0.19577922077922078,,,False,,
esm2_top4_bilstm_attn,train,-1,T,mean_distance_to_q3_boundary,geometry_boundaries,7,8,38,2.023809523809524,1.2021645021645022,0.8216450216450217,,,False,,
esm2_top4_bilstm_attn,train,-1,T,structured_linker_fraction,geometry_boundaries,7,8,38,0.6428571428571429,0.8718614718614719,-0.22900432900432902,,,False,,
esm2_top4_bilstm_attn,train,-1,T,mean_disorder,disorder,7,8,38,0.016131444945044402,0.02169447199769568,-0.0055630270526512765,,,False,,
esm2_top4_bilstm_attn,train,-1,T,max_disorder,disorder,7,8,38,0.017803466321700857,0.023105636098043083,-0.005302169776342228,,,False,,
esm2_top4_bilstm_attn,train,-1,T,fraction_glycine,sequence,7,8,38,0.11904761904761904,0.13268398268398268,-0.01363636363636365,,,False,,
esm2_top4_bilstm_attn,train,-1,T,fraction_proline,sequence,7,8,38,0.017857142857142856,0.02077922077922078,-0.002922077922077921,,,False,,
esm2_top4_bilstm_attn,train,-1,T,fraction_hydrophobic,sequence,7,8,38,0.42857142857142855,0.19350649350649346,0.23506493506493503,,,False,,
esm2_top4_bilstm_attn,train,-1,T,fraction_charged,sequence,7,8,38,0.08928571428571429,0.3528138528138528,-0.26352813852813856,,,False,,
esm2_top4_bilstm_attn,train,-1,T,fraction_aromatic,sequence,7,8,38,0.047619047619047616,0.07424242424242423,-0.026623376623376622,,,False,,
esm2_top4_bilstm_attn,train,-1,T,sequence_entropy,sequence,7,8,38,1.0063014882497716,0.5437906493806195,0.462510838869152,,,False,,
esm2_top4_bilstm_attn,train,-1,S,mean_neq,neq,1,1,4,1.0,1.3287916666666666,-0.3287916666666666,,,False,,
esm2_top4_bilstm_attn,train,-1,S,max_neq,neq,1,1,4,1.0,1.6263333333333332,-0.6263333333333332,,,False,,
esm2_top4_bilstm_attn,train,-1,S,neq_peak_fraction,neq,1,1,4,0.0,0.125,-0.125,,,False,,
esm2_top4_bilstm_attn,train,-1,S,neq_peak_excess,neq,1,1,4,0.0,0.2975416666666666,-0.2975416666666666,,,False,,
esm2_top4_bilstm_attn,train,-1,S,mean_rsa,exposure_length_position,1,1,4,0.3240964710712433,0.47823068499565125,-0.15413421392440796,,,False,,
esm2_top4_bilstm_attn,train,-1,S,max_rsa,exposure_length_position,1,1,4,0.3240964710712433,0.509824275970459,-0.1857278048992157,,,False,,
esm2_top4_bilstm_attn,train,-1,S,log_segment_length,exposure_length_position,1,1,4,0.6931471805599453,0.7945134575869863,-0.10136627702704104,,,False,,
esm2_top4_bilstm_attn,train,-1,S,normalized_midpoint,exposure_length_position,1,1,4,0.3558897243107769,0.8411654135338346,-0.48527568922305764,,,False,,
esm2_top4_bilstm_attn,train,-1,S,mean_torsion_change,geometry_boundaries,1,1,4,199.13834752117745,170.45791072291846,28.680436798258995,,,False,,
esm2_top4_bilstm_attn,train,-1,S,max_torsion_change,geometry_boundaries,1,1,4,199.13834752117745,183.10337797410935,16.0349695470681,,,False,,
esm2_top4_bilstm_attn,train,-1,S,q3_boundary_fraction,geometry_boundaries,1,1,4,1.0,0.0,1.0,,,False,,
esm2_top4_bilstm_attn,train,-1,S,mean_distance_to_q3_boundary,geometry_boundaries,1,1,4,0.0,2.875,-2.875,,,False,,
esm2_top4_bilstm_attn,train,-1,S,structured_linker_fraction,geometry_boundaries,1,1,4,1.0,0.5,0.5,,,False,,
esm2_top4_bilstm_attn,train,-1,S,mean_disorder,disorder,1,1,4,0.0003120690817013,0.006371435869368687,-0.006059366787667387,,,False,,
esm2_top4_bilstm_attn,train,-1,S,max_disorder,disorder,1,1,4,0.0003120690817013,0.00653058348689225,-0.00621851440519095,,,False,,
esm2_top4_bilstm_attn,train,-1,S,fraction_glycine,sequence,1,1,4,0.0,0.375,-0.375,,,False,,
esm2_top4_bilstm_attn,train,-1,S,fraction_proline,sequence,1,1,4,0.0,0.0,0.0,,,False,,
esm2_top4_bilstm_attn,train,-1,S,fraction_hydrophobic,sequence,1,1,4,0.0,0.0,0.0,,,False,,
esm2_top4_bilstm_attn,train,-1,S,fraction_charged,sequence,1,1,4,0.0,0.0,0.0,,,False,,
esm2_top4_bilstm_attn,train,-1,S,fraction_aromatic,sequence,1,1,4,0.0,0.0,0.0,,,False,,
esm2_top4_bilstm_attn,train,-1,S,sequence_entropy,sequence,1,1,4,0.0,0.25,-0.25,,,False,,
esm2_top4_bilstm_attn,validation,-1,H,mean_neq,neq,133,646,290,1.0689218641543525,1.185616777620223,-0.11669491346587074,-0.16747788536241334,-0.06591194156932814,True,2.246378769398442e-07,9.589654822394107e-07
esm2_top4_bilstm_attn,validation,-1,H,max_neq,neq,133,646,290,1.6133143206104672,1.6621966075904047,-0.04888228697993734,-0.17043152176497908,0.07266694780510441,True,0.965069271507926,1.0
esm2_top4_bilstm_attn,validation,-1,H,neq_peak_fraction,neq,133,646,290,0.013130976931328179,0.05517668418658524,-0.04204570725525706,-0.06602956091285687,-0.01806185359765725,True,0.001498004907084346,0.003963031761230183
esm2_top4_bilstm_attn,validation,-1,H,neq_peak_excess,neq,133,646,290,0.5443924564561147,0.4765798299701814,0.06781262648593338,-0.03344888953851895,0.16907414251038572,True,0.03584305046242461,0.06901216037212847
esm2_top4_bilstm_attn,validation,-1,H,mean_rsa,exposure_length_position,133,646,290,0.27743854744192276,0.31590045240090087,-0.038461904958978055,-0.05954903191185871,-0.0173747780060974,True,0.00037300999670988454,0.001080674206406272
esm2_top4_bilstm_attn,validation,-1,H,max_rsa,exposure_length_position,133,646,290,0.6335152755596589,0.5447323398980704,0.0887829356615887,0.055400387255537906,0.12216548406763948,True,7.473716003276238e-07,3.0117561152654303e-06
esm2_top4_bilstm_attn,validation,-1,H,log_segment_length,exposure_length_position,133,646,290,2.7168524800930167,1.9791776225965112,0.7376748574965055,0.6291814262016593,0.8461682887913518,True,2.1205910596601908e-20,2.3278306404906187e-19
esm2_top4_bilstm_attn,validation,-1,H,normalized_midpoint,exposure_length_position,133,646,290,0.5019167032206325,0.5029202853853462,-0.0010035821647136878,-0.06120498489271861,0.05919782056329123,True,0.9382414843685833,0.9839312837004281
esm2_top4_bilstm_attn,validation,-1,H,mean_torsion_change,geometry_boundaries,133,646,290,15.61458619496305,25.497921782652114,-9.883335587689064,-13.20500961273349,-6.561661562644639,True,3.2809585687275875e-10,1.7748673473388759e-09
esm2_top4_bilstm_attn,validation,-1,H,max_torsion_change,geometry_boundaries,133,646,290,136.37380377611373,104.61463551686852,31.75916825924523,20.830051644253682,42.68828487423677,True,5.463743110797765e-07,2.2500506038498467e-06
esm2_top4_bilstm_attn,validation,-1,H,q3_boundary_fraction,geometry_boundaries,133,646,290,0.172626248961283,0.3687787995128183,-0.1961525505515353,-0.236041302592748,-0.1562637985103226,True,1.1519879433358094e-17,1.0276705109283302e-16
esm2_top4_bilstm_attn,validation,-1,H,mean_distance_to_q3_boundary,geometry_boundaries,133,646,290,3.177742229466102,1.682499801378086,1.4952424280880152,1.1959690244585963,1.7945158317174341,True,2.405958554762537e-17,2.069859000929297e-16
esm2_top4_bilstm_attn,validation,-1,H,structured_linker_fraction,geometry_boundaries,133,646,290,0.0,0.0,0.0,0.0,0.0,True,1.0,1.0
esm2_top4_bilstm_attn,validation,-1,H,mean_disorder,disorder,133,646,290,0.013637940249175709,0.04712607507531404,-0.033488134826138334,-0.04474827472020993,-0.022227994932066737,True,3.5266662777416007e-10,1.8956532090690543e-09
esm2_top4_bilstm_attn,validation,-1,H,max_disorder,disorder,133,646,290,0.03600973870210533,0.07201569385101561,-0.036005955148910286,-0.05093985784387814,-0.02107205245394243,True,6.554093075609733e-05,0.0002108409960859801
esm2_top4_bilstm_attn,validation,-1,H,fraction_glycine,sequence,133,646,290,0.025762127011699075,0.017629268819553855,0.008132858192145216,0.00074635817108563,0.015519358213204801,True,0.0003052878578847758,0.0008959880620732874
esm2_top4_bilstm_attn,validation,-1,H,fraction_proline,sequence,133,646,290,0.014440840777946785,0.03743261161513989,-0.0229917708371931,-0.035303791675997044,-0.010679749998389157,True,0.10398993076864035,0.1736246695944558
esm2_top4_bilstm_attn,validation,-1,H,fraction_hydrophobic,sequence,133,646,290,0.48161192599658426,0.49977178363137387,-0.018159857634789677,-0.05445137588417398,0.01813166061459463,True,0.7092944260770591,0.8077212713258797
esm2_top4_bilstm_attn,validation,-1,H,fraction_charged,sequence,133,646,290,0.2860929172012794,0.2750664519401464,0.011026465261132934,-0.023820177909260665,0.04587310843152653,True,0.14967387499260745,0.23515212423327406
esm2_top4_bilstm_attn,validation,-1,H,fraction_aromatic,sequence,133,646,290,0.08986366214931313,0.08486873030767893,0.0049949318416342165,-0.014738734959643935,0.024728598642912367,True,0.04087334274442187,0.07768002912810025
esm2_top4_bilstm_attn,validation,-1,H,sequence_entropy,sequence,133,646,290,3.024964784468667,2.0934383169947606,0.9315264674739063,0.7754144451932241,1.0876384897545885,True,1.5597389831473333e-19,1.6226084621603488e-18
esm2_top4_bilstm_attn,validation,-1,E,mean_neq,neq,112,267,396,1.1281402078621752,1.1504165819613095,-0.02227637409913454,-0.05351481043794026,0.008962062239671185,True,0.14824521397899332,0.2332326982145074
esm2_top4_bilstm_attn,validation,-1,E,max_neq,neq,112,267,396,1.5356944083694084,1.421691904053288,0.11400250431612043,0.015379100948833102,0.21262590768340775,True,0.0568513783492059,0.1038997352425217
esm2_top4_bilstm_attn,validation,-1,E,neq_peak_fraction,neq,112,267,396,0.017929146380028817,0.038735737551429124,-0.020806591171400303,-0.034719519539176645,-0.006893662803623959,True,0.00801115599152496,0.017997155087937467
esm2_top4_bilstm_attn,validation,-1,E,neq_peak_excess,neq,112,267,396,0.40755420050723334,0.2712753220919784,0.13627887841525493,0.061479719089228696,0.21107803774128117,True,0.0016660577409792325,0.004349761561583618
esm2_top4_bilstm_attn,validation,-1,E,mean_rsa,exposure_length_position,112,267,396,0.1301618111598183,0.21108768289092117,-0.0809258717311029,-0.10138209822692021,-0.060469645235285585,True,1.1345060927160417e-10,6.382304658024854e-10
esm2_top4_bilstm_attn,validation,-1,E,max_rsa,exposure_length_position,112,267,396,0.30275232118269163,0.359367902648264,-0.05661558146557235,-0.09281229880959413,-0.020418864121550563,True,0.0008688111419595664,0.0023631942646542992
esm2_top4_bilstm_attn,validation,-1,E,log_segment_length,exposure_length_position,112,267,396,2.047484385941877,1.7289511336758585,0.3185332522660186,0.24052779413057299,0.39653871040146416,True,1.5879982520270675e-11,9.58753944661342e-11
esm2_top4_bilstm_attn,validation,-1,E,normalized_midpoint,exposure_length_position,112,267,396,0.5222768869467883,0.4586209196751735,0.06365596727161484,-9.099451021783722e-05,0.12740292905344752,True,0.09165775249563589,0.15690879047480757
esm2_top4_bilstm_attn,validation,-1,E,mean_torsion_change,geometry_boundaries,112,267,396,28.24379775847113,35.82422786113073,-7.580430102659604,-12.188426350503196,-2.9724338548160123,True,0.001463487642485228,0.003877783479030216
esm2_top4_bilstm_attn,validation,-1,E,max_torsion_change,geometry_boundaries,112,267,396,90.76566997441913,84.82616680083984,5.9395031735792765,-5.685550088035897,17.56455643519445,True,0.48052400787101524,0.6082559605435801
esm2_top4_bilstm_attn,validation,-1,E,q3_boundary_fraction,geometry_boundaries,112,267,396,0.33491322570599885,0.5018195199232615,-0.16690629421726258,-0.20699681634217218,-0.12681577209235298,True,3.0951528376456773e-12,1.9707555073597054e-11
esm2_top4_bilstm_attn,validation,-1,E,mean_distance_to_q3_boundary,geometry_boundaries,112,267,396,1.2485372291938828,0.7968347186449641,0.4517025105489188,0.3284891792977112,0.5749158418001263,True,6.614192171334741e-11,3.7710933779566206e-10
esm2_top4_bilstm_attn,validation,-1,E,structured_linker_fraction,geometry_boundaries,112,267,396,0.0,0.0,0.0,0.0,0.0,True,1.0,1.0
esm2_top4_bilstm_attn,validation,-1,E,mean_disorder,disorder,112,267,396,0.004046982512049653,0.012373037358375857,-0.008326054846326203,-0.011119078278497351,-0.005533031414155054,True,1.4473980010042438e-09,7.369958797282151e-09
esm2_top4_bilstm_attn,validation,-1,E,max_disorder,disorder,112,267,396,0.009782871890921526,0.020588186575327867,-0.010805314684406339,-0.015739959375865885,-0.0058706699929467945,True,1.314996855550278e-05,4.607258413073047e-05
esm2_top4_bilstm_attn,validation,-1,E,fraction_glycine,sequence,112,267,396,0.03744803285038488,0.03229851370926715,0.005149519141117718,-0.009724224986030702,0.020023263268266138,True,0.7076476168994339,0.8063891448388899
esm2_top4_bilstm_attn,validation,-1,E,fraction_proline,sequence,112,267,396,0.015556196362117414,0.01688720222521243,-0.0013310058630950142,-0.010716348368471422,0.008054336642281395,True,0.49477190569900764,0.6225618954850558
esm2_top4_bilstm_attn,validation,-1,E,fraction_hydrophobic,sequence,112,267,396,0.6074173374983738,0.5947019754820506,0.012715362016323072,-0.02776955519809521,0.05320027923074136,True,0.4653034014024058,0.5931901409210499
esm2_top4_bilstm_attn,validation,-1,E,fraction_charged,sequence,112,267,396,0.15893919265908446,0.15380940292787432,0.005129789731210124,-0.02450027394800697,0.03475985341042722,True,0.7771221459811413,0.8614987046387338
esm2_top4_bilstm_attn,validation,-1,E,fraction_aromatic,sequence,112,267,396,0.1401184266178136,0.13906844944571795,0.0010499771720956389,-0.035169416691228125,0.0372693710354194,True,0.611402129723309,0.7256579660860125
esm2_top4_bilstm_attn,validation,-1,E,sequence_entropy,sequence,112,267,396,2.3221526702980726,1.8404551606275281,0.48169750967054437,0.3562926867813987,0.60710233255969,True,1.9331187695170474e-10,1.0714548458585471e-09
esm2_top4_bilstm_attn,validation,-1,C,mean_neq,neq,10,12,81,1.3509580092592592,1.3685599919332212,-0.017601982673961757,-0.2499551789893627,0.21475121364143918,True,0.8784817434328712,0.9378423664498066
esm2_top4_bilstm_attn,validation,-1,C,max_neq,neq,10,12,81,1.7592166666666667,1.6322815873015872,0.1269350793650794,-0.36543023775801275,0.6193003964881716,True,0.5750621301739497,0.6926558824788471
esm2_top4_bilstm_attn,validation,-1,C,neq_peak_fraction,neq,10,12,81,0.08541666666666667,0.07542856283927711,0.009988103827389547,-0.08093596245862265,0.10091217011340174,True,0.6464622026641696,0.7560320675225034
esm2_top4_bilstm_attn,validation,-1,C,neq_peak_excess,neq,10,12,81,0.40825865740740747,0.2637215953683662,0.1445370620390412,-0.1688958610868111,0.4579699851648935,True,0.5076243443095237,0.6330792726338988
esm2_top4_bilstm_attn,validation,-1,C,mean_rsa,exposure_length_position,10,12,81,0.24388852616228784,0.32367509146916706,-0.07978656530687923,-0.19921612371185088,0.03964299309809241,True,0.20262160771231197,0.3024409292866599
esm2_top4_bilstm_attn,validation,-1,C,max_rsa,exposure_length_position,10,12,81,0.3336038526147604,0.418684140337365,-0.08508028772260462,-0.24185569752827027,0.07169512208306103,True,0.3328797545683888,0.454336503909095
esm2_top4_bilstm_attn,validation,-1,C,log_segment_length,exposure_length_position,10,12,81,1.5322530956462974,1.206840216735627,0.32541287891067033,-0.20518090821310536,0.8560066660344461,True,0.20262160771231197,0.3024409292866599
esm2_top4_bilstm_attn,validation,-1,C,normalized_midpoint,exposure_length_position,10,12,81,0.47274604989264474,0.5193447532684459,-0.04659870337580126,-0.2972305704353511,0.2040331636837486,True,0.5750621301739497,0.6926558824788471
esm2_top4_bilstm_attn,validation,-1,C,mean_torsion_change,geometry_boundaries,10,12,81,62.455569354462185,80.16282979769593,-17.707260443233757,-49.02359651010717,13.609075623639654,True,0.1688069535565081,0.26013505468302367
esm2_top4_bilstm_attn,validation,-1,C,max_torsion_change,geometry_boundaries,10,12,81,117.3040837767124,108.36232018904214,8.94176358767029,-47.472876037686085,65.35640321302667,True,0.7988593499960496,0.8763606302195469
esm2_top4_bilstm_attn,validation,-1,C,q3_boundary_fraction,geometry_boundaries,10,12,81,0.42791666666666667,0.4920732838589982,-0.06415661719233146,-0.4181398790098867,0.2898266446252238,True,0.6464622026641696,0.7560320675225034
esm2_top4_bilstm_attn,validation,-1,C,mean_distance_to_q3_boundary,geometry_boundaries,10,12,81,2.95,2.4830601937744796,0.46693980622552067,-3.5693895182301634,4.503269130681205,True,0.8784817434328712,0.9378423664498066
esm2_top4_bilstm_attn,validation,-1,C,structured_linker_fraction,geometry_boundaries,10,12,81,0.5,0.6048412698412697,-0.10484126984126985,-0.43994664337584577,0.23026410369330608,True,0.5076243443095237,0.6330792726338988
esm2_top4_bilstm_attn,validation,-1,C,mean_disorder,disorder,10,12,81,0.023694635046219093,0.062145928878925116,-0.03845129383270602,-0.0672635425289288,-0.009639045136483247,True,0.04685328478814715,0.08756824536690187
esm2_top4_bilstm_attn,validation,-1,C,max_disorder,disorder,10,12,81,0.029589654924347942,0.10891609018762541,-0.07932643526327744,-0.11691217485568246,-0.04174069567087242,True,0.0069104298078147995,0.015797270574862635
esm2_top4_bilstm_attn,validation,-1,C,fraction_glycine,sequence,10,12,81,0.029166666666666664,0.08381158524015667,-0.054644918573490006,-0.1152584549136121,0.005968617766632087,True,0.09048130365162423,0.15592114558926684
esm2_top4_bilstm_attn,validation,-1,C,fraction_proline,sequence,10,12,81,0.11361111111111111,0.07130668934240363,0.04230442176870749,-0.0701798441599562,0.1547886876973712,True,0.2398966717113301,0.3500607022252944
esm2_top4_bilstm_attn,validation,-1,C,fraction_hydrophobic,sequence,10,12,81,0.3005555555555556,0.31605738507524217,-0.015501829519686644,-0.2570540746604121,0.2260504156210388,True,0.7988593499960496,0.8763606302195469
esm2_top4_bilstm_attn,validation,-1,C,fraction_charged,sequence,10,12,81,0.18277777777777776,0.1844937255205112,-0.0017159477427334479,-0.20357130973382967,0.20013941424836276,True,0.4445867389117455,0.5708878709687093
esm2_top4_bilstm_attn,validation,-1,C,fraction_aromatic,sequence,10,12,81,0.05888888888888889,0.09145889163746306,-0.032570002748574176,-0.13352079211251616,0.0683807866153678,True,0.6456034208766697,0.7560320675225034
esm2_top4_bilstm_attn,validation,-1,C,sequence_entropy,sequence,10,12,81,1.5762779644494511,0.9422557051278592,0.634022259321592,-0.3191683288910785,1.5872128475342624,True,0.1688069535565081,0.26013505468302367
esm2_top4_bilstm_attn,validation,-1,T,mean_neq,neq,1,1,6,1.0024444444444445,1.7383796296296297,-0.7359351851851852,,,False,,
esm2_top4_bilstm_attn,validation,-1,T,max_neq,neq,1,1,6,1.0043333333333333,1.8266666666666669,-0.8223333333333336,,,False,,
esm2_top4_bilstm_attn,validation,-1,T,neq_peak_fraction,neq,1,1,6,0.0,0.2222222222222222,-0.2222222222222222,,,False,,
esm2_top4_bilstm_attn,validation,-1,T,neq_peak_excess,neq,1,1,6,0.0018888888888888289,0.08828703703703704,-0.08639814814814821,,,False,,
esm2_top4_bilstm_attn,validation,-1,T,mean_rsa,exposure_length_position,1,1,6,0.20892529437939325,0.4105693685511748,-0.20164407417178157,,,False,,
esm2_top4_bilstm_attn,validation,-1,T,max_rsa,exposure_length_position,1,1,6,0.3471260070800781,0.4469607708354791,-0.09983476375540096,,,False,,
esm2_top4_bilstm_attn,validation,-1,T,log_segment_length,exposure_length_position,1,1,6,1.3862943611198906,0.9438267466893242,0.44246761443056637,,,False,,
esm2_top4_bilstm_attn,validation,-1,T,normalized_midpoint,exposure_length_position,1,1,6,0.7789473684210526,0.6078947368421053,0.17105263157894735,,,False,,
esm2_top4_bilstm_attn,validation,-1,T,mean_torsion_change,geometry_boundaries,1,1,6,131.49907415691425,120.49410984040424,11.004964316510012,,,False,,
esm2_top4_bilstm_attn,validation,-1,T,max_torsion_change,geometry_boundaries,1,1,6,180.5910921018339,154.62533171488732,25.965760386946585,,,False,,
esm2_top4_bilstm_attn,validation,-1,T,q3_boundary_fraction,geometry_boundaries,1,1,6,0.0,0.05555555555555555,-0.05555555555555555,,,False,,
esm2_top4_bilstm_attn,validation,-1,T,mean_distance_to_q3_boundary,geometry_boundaries,1,1,6,6.0,3.444444444444444,2.555555555555556,,,False,,
esm2_top4_bilstm_attn,validation,-1,T,structured_linker_fraction,geometry_boundaries,1,1,6,0.0,0.6666666666666666,-0.6666666666666666,,,False,,
esm2_top4_bilstm_attn,validation,-1,T,mean_disorder,disorder,1,1,6,0.0007490379600008666,0.06341655298779687,-0.06266751502779601,,,False,,
esm2_top4_bilstm_attn,validation,-1,T,max_disorder,disorder,1,1,6,0.0012259784853085,0.06665098460507575,-0.06542500611976725,,,False,,
esm2_top4_bilstm_attn,validation,-1,T,fraction_glycine,sequence,1,1,6,0.3333333333333333,0.3333333333333333,0.0,,,False,,
esm2_top4_bilstm_attn,validation,-1,T,fraction_proline,sequence,1,1,6,0.0,0.08333333333333333,-0.08333333333333333,,,False,,
esm2_top4_bilstm_attn,validation,-1,T,fraction_hydrophobic,sequence,1,1,6,0.3333333333333333,0.25,0.08333333333333331,,,False,,
esm2_top4_bilstm_attn,validation,-1,T,fraction_charged,sequence,1,1,6,0.3333333333333333,0.19444444444444442,0.1388888888888889,,,False,,
esm2_top4_bilstm_attn,validation,-1,T,fraction_aromatic,sequence,1,1,6,0.3333333333333333,0.0,0.3333333333333333,,,False,,
esm2_top4_bilstm_attn,validation,-1,T,sequence_entropy,sequence,1,1,6,1.584962500721156,0.5974937501201927,0.9874687506009634,,,False,,
esm2_top4_bilstm_attn,validation,-1,G,mean_neq,neq,2,2,6,1.163,1.2930833333333331,-0.13008333333333322,,,False,,
esm2_top4_bilstm_attn,validation,-1,G,max_neq,neq,2,2,6,1.4885000000000002,1.6242777777777775,-0.13577777777777755,,,False,,
esm2_top4_bilstm_attn,validation,-1,G,neq_peak_fraction,neq,2,2,6,0.0,0.041666666666666664,-0.041666666666666664,,,False,,
esm2_top4_bilstm_attn,validation,-1,G,neq_peak_excess,neq,2,2,6,0.3255,0.3311944444444443,-0.00569444444444428,,,False,,
esm2_top4_bilstm_attn,validation,-1,G,mean_rsa,exposure_length_position,2,2,6,0.2915670210495591,0.32698406941360897,-0.03541704836404988,,,False,,
esm2_top4_bilstm_attn,validation,-1,G,max_rsa,exposure_length_position,2,2,6,0.43002603203058243,0.50733249882857,-0.07730646679798762,,,False,,
esm2_top4_bilstm_attn,validation,-1,G,log_segment_length,exposure_length_position,2,2,6,1.3862943611198906,1.4234849530055922,-0.03719059188570162,,,False,,
esm2_top4_bilstm_attn,validation,-1,G,normalized_midpoint,exposure_length_position,2,2,6,0.5283625261128073,0.2815174888853179,0.24684503722748943,,,False,,
esm2_top4_bilstm_attn,validation,-1,G,mean_torsion_change,geometry_boundaries,2,2,6,51.90158739574275,51.59945526097364,0.30213213476910994,,,False,,
esm2_top4_bilstm_attn,validation,-1,G,max_torsion_change,geometry_boundaries,2,2,6,130.1227839719121,116.68977013230408,13.43301383960803,,,False,,
esm2_top4_bilstm_attn,validation,-1,G,q3_boundary_fraction,geometry_boundaries,2,2,6,0.5,0.5833333333333333,-0.08333333333333329,,,False,,
esm2_top4_bilstm_attn,validation,-1,G,mean_distance_to_q3_boundary,geometry_boundaries,2,2,6,0.5,0.5833333333333333,-0.08333333333333334,,,False,,
esm2_top4_bilstm_attn,validation,-1,G,structured_linker_fraction,geometry_boundaries,2,2,6,0.0,0.0,0.0,,,False,,
esm2_top4_bilstm_attn,validation,-1,G,mean_disorder,disorder,2,2,6,0.008813930015700501,0.016920136882820007,-0.008106206867119508,,,False,,
esm2_top4_bilstm_attn,validation,-1,G,max_disorder,disorder,2,2,6,0.0104902191087603,0.020849377498961933,-0.010359158390201633,,,False,,
esm2_top4_bilstm_attn,validation,-1,G,fraction_glycine,sequence,2,2,6,0.0,0.041666666666666664,-0.041666666666666664,,,False,,
esm2_top4_bilstm_attn,validation,-1,G,fraction_proline,sequence,2,2,6,0.0,0.0,0.0,,,False,,
esm2_top4_bilstm_attn,validation,-1,G,fraction_hydrophobic,sequence,2,2,6,0.3333333333333333,0.3194444444444444,0.013888888888888895,,,False,,
esm2_top4_bilstm_attn,validation,-1,G,fraction_charged,sequence,2,2,6,0.3333333333333333,0.375,-0.041666666666666685,,,False,,
esm2_top4_bilstm_attn,validation,-1,G,fraction_aromatic,sequence,2,2,6,0.0,0.041666666666666664,-0.041666666666666664,,,False,,
esm2_top4_bilstm_attn,validation,-1,G,sequence_entropy,sequence,2,2,6,1.584962500721156,1.543024306156519,0.0419381945646371,,,False,,
esm2_top4_bilstm_attn,test,-1,E,mean_neq,neq,113,250,399,1.1025694082237096,1.1874087335875483,-0.0848393253638387,-0.12968529115327157,-0.03999335957440583,True,8.229285742432166e-06,2.9693932865702405e-05
esm2_top4_bilstm_attn,test,-1,E,max_neq,neq,113,250,399,1.451182202556539,1.5400477782460085,-0.08886557568946947,-0.20824485714709617,0.030513705768157234,True,0.09573176066360327,0.16256608880142775
esm2_top4_bilstm_attn,test,-1,E,neq_peak_fraction,neq,113,250,399,0.02191189835605459,0.03962944275839345,-0.017717544402338855,-0.031067155885502455,-0.004367932919175253,True,0.004148227698558129,0.01001081930679874
esm2_top4_bilstm_attn,test,-1,E,neq_peak_excess,neq,113,250,399,0.3486127943328292,0.35263904465845997,-0.004026250325630777,-0.08953103044031052,0.08147852978904896,True,0.7624682839772777,0.8502326082213642
esm2_top4_bilstm_attn,test,-1,E,mean_rsa,exposure_length_position,113,250,399,0.14824943888753878,0.19407499058263217,-0.045825551695093364,-0.06217314164081956,-0.02947796174936717,True,1.8622236611846228e-07,8.010404832652939e-07
esm2_top4_bilstm_attn,test,-1,E,max_rsa,exposure_length_position,113,250,399,0.32303300739972024,0.32887153128240326,-0.005838523882682983,-0.03179297882419929,0.020115931058833324,True,0.5579687331704735,0.6774716030377754
esm2_top4_bilstm_attn,test,-1,E,log_segment_length,exposure_length_position,113,250,399,2.042182187845416,1.678339745502433,0.36384244234298363,0.2945641410790877,0.4331207436068796,True,1.0447552536529385e-14,7.59638174752814e-14
esm2_top4_bilstm_attn,test,-1,E,normalized_midpoint,exposure_length_position,113,250,399,0.4871762311130792,0.4806616931194409,0.0065145379936382515,-0.05678732978070152,0.06981640576797803,True,0.8962890306454865,0.9512147082396671
esm2_top4_bilstm_attn,test,-1,E,mean_torsion_change,geometry_boundaries,113,250,399,27.942249258896908,33.720038865306655,-5.777789606409746,-9.309031335510433,-2.246547877309059,True,0.0009707424831484063,0.00261937776179151
esm2_top4_bilstm_attn,test,-1,E,max_torsion_change,geometry_boundaries,113,250,399,85.1925896777222,80.95364402457834,4.238945653143838,-6.2070229867071935,14.684914292994868,True,0.3166991156911714,0.43829705695941484
esm2_top4_bilstm_attn,test,-1,E,q3_boundary_fraction,geometry_boundaries,113,250,399,0.3385429763389788,0.5559162758625464,-0.21737329952356765,-0.2574192918225181,-0.1773273072246172,True,1.0196142147925998e-15,7.979897361605972e-15
esm2_top4_bilstm_attn,test,-1,E,mean_distance_to_q3_boundary,geometry_boundaries,113,250,399,1.2926138165228795,0.6743353567816274,0.6182784597412524,0.3645322156883765,0.8720247037941282,True,1.0680743339416467e-14,7.749268933598085e-14
esm2_top4_bilstm_attn,test,-1,E,structured_linker_fraction,geometry_boundaries,113,250,399,0.0,0.0,0.0,0.0,0.0,True,1.0,1.0
esm2_top4_bilstm_attn,test,-1,E,mean_disorder,disorder,113,250,399,0.005666638258487547,0.012691415578923499,-0.0070247773204359515,-0.01012131813517237,-0.003928236505699533,True,6.094915529095635e-08,2.7439293480522426e-07
esm2_top4_bilstm_attn,test,-1,E,max_disorder,disorder,113,250,399,0.011865858383772708,0.018633007740828256,-0.006767149357055548,-0.010982908386394017,-0.0025513903277170798,True,0.00048154681388773803,0.0013750927176980087
esm2_top4_bilstm_attn,test,-1,E,fraction_glycine,sequence,113,250,399,0.033445209358392146,0.03616057831291712,-0.0027153689545249765,-0.01797428179910595,0.012543543890055998,True,0.9644497215036205,1.0
esm2_top4_bilstm_attn,test,-1,E,fraction_proline,sequence,113,250,399,0.016702369246617034,0.014021034801692197,0.0026813344449248366,-0.00714359565768731,0.012506264547536984,True,0.917343592721988,0.9671152750212164
esm2_top4_bilstm_attn,test,-1,E,fraction_hydrophobic,sequence,113,250,399,0.604026464471231,0.5969601393479397,0.007066325123291432,-0.024369641272715382,0.038502291519298244,True,0.7310090156463906,0.824813263733233
esm2_top4_bilstm_attn,test,-1,E,fraction_charged,sequence,113,250,399,0.15063314640862704,0.15138010751948802,-0.000746961110861016,-0.025884252594221207,0.024390330372499176,True,0.8826982682290946,0.9408584000260305
esm2_top4_bilstm_attn,test,-1,E,fraction_aromatic,sequence,113,250,399,0.14111600914202377,0.1432342549172511,-0.0021182457752273376,-0.035083965735971265,0.030847474185516588,True,0.9178547499055776,0.9673525278774183
esm2_top4_bilstm_attn,test,-1,E,sequence_entropy,sequence,113,250,399,2.3204993985851856,1.7894303973366175,0.5310690012485685,0.41151138895647665,0.6506266135406603,True,3.2968657519108557e-12,2.0873975856199632e-11
esm2_top4_bilstm_attn,test,-1,H,mean_neq,neq,132,662,294,1.0867693113987575,1.2563320945698528,-0.1695627831710953,-0.2262277613990381,-0.11289780494315249,True,6.133722253372766e-10,3.235275341443576e-09
esm2_top4_bilstm_attn,test,-1,H,max_neq,neq,132,662,294,1.5941602103424075,1.7860660884640052,-0.19190587812159784,-0.32679724302179264,-0.05701451322140305,True,0.046132358221966575,0.0866038329530644
esm2_top4_bilstm_attn,test,-1,H,neq_peak_fraction,neq,132,662,294,0.011232054158081527,0.041882230290283956,-0.030650176132202424,-0.0416773670005967,-0.019622985263808145,True,1.1001606889050416e-05,3.8908402606568466e-05
esm2_top4_bilstm_attn,test,-1,H,neq_peak_excess,neq,132,662,294,0.5073908989436496,0.5297339938941523,-0.02234309495050254,-0.12871653840568217,0.08403034850467711,True,0.7773501990241221,0.8614987046387338
esm2_top4_bilstm_attn,test,-1,H,mean_rsa,exposure_length_position,132,662,294,0.28089611095508216,0.29213450246730904,-0.011238391512226952,-0.028273681724423717,0.005796898699969813,True,0.06158655430231757,0.11194846241727725
esm2_top4_bilstm_attn,test,-1,H,max_rsa,exposure_length_position,132,662,294,0.6470982784781618,0.5356950947594439,0.1114031837187179,0.08081780714911904,0.14198856028831675,True,4.4287755733039884e-11,2.590603843138544e-10
esm2_top4_bilstm_attn,test,-1,H,log_segment_length,exposure_length_position,132,662,294,2.633288287923704,1.968192759450619,0.6650955284730847,0.5771742213516258,0.7530168355945437,True,3.362787209646392e-21,3.8672052910933514e-20
esm2_top4_bilstm_attn,test,-1,H,normalized_midpoint,exposure_length_position,132,662,294,0.5023381493476181,0.5775653817249203,-0.07522723237730225,-0.13201202291914393,-0.01844244183546058,True,0.00894261221314984,0.01993076591473936
esm2_top4_bilstm_attn,test,-1,H,mean_torsion_change,geometry_boundaries,132,662,294,16.63868115173098,27.968528729786794,-11.329847578055809,-14.857215872883991,-7.802479283227626,True,1.6143154487256061e-09,8.182909343540141e-09
esm2_top4_bilstm_attn,test,-1,H,max_torsion_change,geometry_boundaries,132,662,294,138.09576953100088,105.70087409131939,32.39489543968152,22.047044131081137,42.7427467482819,True,5.897697044282556e-07,2.411138295854815e-06
esm2_top4_bilstm_attn,test,-1,H,q3_boundary_fraction,geometry_boundaries,132,662,294,0.17787892166901678,0.3809503881080954,-0.2030714664390786,-0.24015717386356625,-0.16598575901459098,True,1.3130877484684647e-18,1.2541100784101353e-17
esm2_top4_bilstm_attn,test,-1,H,mean_distance_to_q3_boundary,geometry_boundaries,132,662,294,2.888668579002894,1.568038439100687,1.3206301399022071,1.0920895423425387,1.5491707374618755,True,2.117927182592374e-16,1.6928396700578761e-15
esm2_top4_bilstm_attn,test,-1,H,structured_linker_fraction,geometry_boundaries,132,662,294,0.0,0.0,0.0,0.0,0.0,True,1.0,1.0
esm2_top4_bilstm_attn,test,-1,H,mean_disorder,disorder,132,662,294,0.011815433015026565,0.03227633842769012,-0.020460905412663554,-0.027711695039304825,-0.013210115786022285,True,8.653755478263156e-10,4.508219918645259e-09
esm2_top4_bilstm_attn,test,-1,H,max_disorder,disorder,132,662,294,0.029507310407911252,0.05464772897317229,-0.025140418565261044,-0.035392002172478856,-0.01488883495804323,True,0.00044196983852287414,0.001267430045840405
esm2_top4_bilstm_attn,test,-1,H,fraction_glycine,sequence,132,662,294,0.024245972831299086,0.02888440096655591,-0.004638428135256822,-0.01520261228715681,0.005925756016643164,True,0.2550680716996948,0.3682259395459727
esm2_top4_bilstm_attn,test,-1,H,fraction_proline,sequence,132,662,294,0.01538529648374666,0.02517148833304144,-0.009786191849294777,-0.020233496837174708,0.0006611131385851569,True,0.5694944147912052,0.6883797407979121
esm2_top4_bilstm_attn,test,-1,H,fraction_hydrophobic,sequence,132,662,294,0.4856549515758298,0.5437107236494829,-0.05805577207365314,-0.09088162801585001,-0.025229916131456268,True,0.006310103362575905,0.014612121322161782
esm2_top4_bilstm_attn,test,-1,H,fraction_charged,sequence,132,662,294,0.2725896051348378,0.22726756321167838,0.04532204192315952,0.016070925685798064,0.07457315816052099,True,0.0034526552396243054,0.008459005337079549
esm2_top4_bilstm_attn,test,-1,H,fraction_aromatic,sequence,132,662,294,0.08816211412797323,0.10324531101008387,-0.015083196882110626,-0.03361900283368031,0.0034526090694590537,True,0.33155675353701597,0.4535760920883022
esm2_top4_bilstm_attn,test,-1,H,sequence_entropy,sequence,132,662,294,2.929134671036504,2.123839114858008,0.8052955561784961,0.6800452402614078,0.9305458720955845,True,2.2258356889489697e-20,2.435453224704358e-19
esm2_top4_bilstm_attn,test,-1,C,mean_neq,neq,11,11,129,1.2017123427255005,1.619664016746004,-0.4179516740205031,-0.9230834633228757,0.08718011528186947,True,0.07536823868947248,0.13334380691214362
esm2_top4_bilstm_attn,test,-1,C,max_neq,neq,11,11,129,1.7035757575757577,2.1663183484179296,-0.46274259084217223,-1.5850882604987788,0.6596030788144343,True,0.47690655496758394,0.6045823255888269
esm2_top4_bilstm_attn,test,-1,C,neq_peak_fraction,neq,11,11,129,0.04174520322845682,0.10768460210424496,-0.06593939887578813,-0.1314532277820134,-0.0004255699695628612,True,0.09116079400519664,0.15630246420001506
esm2_top4_bilstm_attn,test,-1,C,neq_peak_excess,neq,11,11,129,0.501863414850257,0.546654331671926,-0.04479091682166903,-0.6943644949209165,0.6047826612775784,True,0.8588630128278887,0.9233118748397747
esm2_top4_bilstm_attn,test,-1,C,mean_rsa,exposure_length_position,11,11,129,0.29319204220922085,0.32358049845428993,-0.030388456245069195,-0.1247245443762361,0.06394763188609771,True,0.47690655496758394,0.6045823255888269
esm2_top4_bilstm_attn,test,-1,C,max_rsa,exposure_length_position,11,11,129,0.46215079724788666,0.43102450785484536,0.031126289393041285,-0.14650183176728107,0.20875441055336366,True,0.7221076526150257,0.8181040706605657
esm2_top4_bilstm_attn,test,-1,C,log_segment_length,exposure_length_position,11,11,129,1.8726420212261,1.3110613940696896,0.5615806271564107,-0.03810333024769064,1.161264584560512,True,0.09116079400519664,0.15630246420001506
esm2_top4_bilstm_attn,test,-1,C,normalized_midpoint,exposure_length_position,11,11,129,0.4564438343543516,0.5889035981546131,-0.13245976380026162,-0.37311354382361506,0.1081940162230918,True,0.24774620591207197,0.3588817147338112
esm2_top4_bilstm_attn,test,-1,C,mean_torsion_change,geometry_boundaries,11,11,129,64.32565986563172,74.26380391767813,-9.938144052046413,-49.563397936708014,29.687109832615192,True,0.1095109374886408,0.18132050913275932
esm2_top4_bilstm_attn,test,-1,C,max_torsion_change,geometry_boundaries,11,11,129,135.80892625474954,104.87471607098745,30.93421018376208,-15.11349128346303,76.98191165098719,True,0.09116079400519664,0.15630246420001506
esm2_top4_bilstm_attn,test,-1,C,q3_boundary_fraction,geometry_boundaries,11,11,129,0.29699248120300753,0.4722471316894163,-0.17525465048640887,-0.4823629060040141,0.13185360503119636,True,0.32806478170083675,0.45052275667365116
esm2_top4_bilstm_attn,test,-1,C,mean_distance_to_q3_boundary,geometry_boundaries,11,11,129,4.4125844915318595,2.3784216248929164,2.0341628666389435,-0.9849789352034479,5.053304668481335,True,0.21322298815094953,0.31646484764633903
esm2_top4_bilstm_attn,test,-1,C,structured_linker_fraction,geometry_boundaries,11,11,129,0.36363636363636365,0.613901051102008,-0.2502646874656444,-0.6724952986754313,0.17196592374414255,True,0.18209832226931288,0.2775713532125972
esm2_top4_bilstm_attn,test,-1,C,mean_disorder,disorder,11,11,129,0.07274029990670755,0.13706701721741832,-0.0643267173107108,-0.17946307325982028,0.050809638638398685,True,0.07536823868947248,0.13334380691214362
esm2_top4_bilstm_attn,test,-1,C,max_disorder,disorder,11,11,129,0.11070861618711864,0.2003034725360805,-0.08959485634896192,-0.24376798187978693,0.0645782691818631,True,0.09116079400519664,0.15630246420001506
esm2_top4_bilstm_attn,test,-1,C,fraction_glycine,sequence,11,11,129,0.026688622382402286,0.06828201228406286,-0.04159338990166058,-0.1020912383531364,0.018904458549815234,True,0.1546559029620244,0.241520373170718
esm2_top4_bilstm_attn,test,-1,C,fraction_proline,sequence,11,11,129,0.053908876875384044,0.05607374583152096,-0.0021648689561368987,-0.06449540408546729,0.060165666173193494,True,0.9291178274470843,0.9761800418267843
esm2_top4_bilstm_attn,test,-1,C,fraction_hydrophobic,sequence,11,11,129,0.376107279217327,0.3073744962554344,0.06873278296189266,-0.14866176814677146,0.2861273340705568,True,0.5937116848746409,0.7093071401276186
esm2_top4_bilstm_attn,test,-1,C,fraction_charged,sequence,11,11,129,0.10210788679688201,0.2309339861266553,-0.1288260993297733,-0.22546731968499284,-0.03218487897455374,True,0.012792160247732852,0.027408297717100617
esm2_top4_bilstm_attn,test,-1,C,fraction_aromatic,sequence,11,11,129,0.10504049379647466,0.04977349869694367,0.055266995099530994,-0.03705455194384037,0.14758854214290235,True,0.23002424506027375,0.3369513702091907
esm2_top4_bilstm_attn,test,-1,C,sequence_entropy,sequence,11,11,129,1.9117931131137569,1.059688261322199,0.8521048517915578,-0.07710507375450082,1.7813147773376166,True,0.04085984371280629,0.07768002912810025
esm2_top4_bilstm_attn,test,-1,G,mean_neq,neq,7,7,14,1.0449682539682539,1.7375396825396823,-0.6925714285714285,,,False,,
esm2_top4_bilstm_attn,test,-1,G,max_neq,neq,7,7,14,1.1287142857142858,2.0720952380952378,-0.9433809523809524,,,False,,
esm2_top4_bilstm_attn,test,-1,G,neq_peak_fraction,neq,7,7,14,0.0,0.05952380952380952,-0.05952380952380952,,,False,,
esm2_top4_bilstm_attn,test,-1,G,neq_peak_excess,neq,7,7,14,0.08374603174603175,0.33455555555555566,-0.25080952380952387,,,False,,
esm2_top4_bilstm_attn,test,-1,G,mean_rsa,exposure_length_position,7,7,14,0.2618976533412934,0.46267305914726525,-0.20077540580597186,,,False,,
esm2_top4_bilstm_attn,test,-1,G,max_rsa,exposure_length_position,7,7,14,0.38510535657405853,0.5529285122950871,-0.16782315572102866,,,False,,
esm2_top4_bilstm_attn,test,-1,G,log_segment_length,exposure_length_position,7,7,14,1.3451969221982076,1.234743298249532,0.11045362394867546,,,False,,
esm2_top4_bilstm_attn,test,-1,G,normalized_midpoint,exposure_length_position,7,7,14,0.4927273934472143,0.5196858460413109,-0.026958452594096516,,,False,,
esm2_top4_bilstm_attn,test,-1,G,mean_torsion_change,geometry_boundaries,7,7,14,39.97656791881291,44.30070821111952,-4.324140292306614,,,False,,
esm2_top4_bilstm_attn,test,-1,G,max_torsion_change,geometry_boundaries,7,7,14,85.27134877092803,96.18761574669021,-10.916266975762198,,,False,,
esm2_top4_bilstm_attn,test,-1,G,q3_boundary_fraction,geometry_boundaries,7,7,14,0.5238095238095238,0.48412698412698413,0.039682539682539604,,,False,,
esm2_top4_bilstm_attn,test,-1,G,mean_distance_to_q3_boundary,geometry_boundaries,7,7,14,0.5952380952380952,1.023809523809524,-0.42857142857142866,,,False,,
esm2_top4_bilstm_attn,test,-1,G,structured_linker_fraction,geometry_boundaries,7,7,14,0.0,0.0,0.0,,,False,,
esm2_top4_bilstm_attn,test,-1,G,mean_disorder,disorder,7,7,14,0.024901629396481384,0.07047396563437008,-0.0455723362378887,,,False,,
esm2_top4_bilstm_attn,test,-1,G,max_disorder,disorder,7,7,14,0.029381804837612404,0.0791127235362572,-0.04973091869864479,,,False,,
esm2_top4_bilstm_attn,test,-1,G,fraction_glycine,sequence,7,7,14,0.0,0.0873015873015873,-0.0873015873015873,,,False,,
esm2_top4_bilstm_attn,test,-1,G,fraction_proline,sequence,7,7,14,0.0,0.0,0.0,,,False,,
esm2_top4_bilstm_attn,test,-1,G,fraction_hydrophobic,sequence,7,7,14,0.2857142857142857,0.2063492063492063,0.07936507936507937,,,False,,
esm2_top4_bilstm_attn,test,-1,G,fraction_charged,sequence,7,7,14,0.49999999999999994,0.3333333333333333,0.16666666666666666,,,False,,
esm2_top4_bilstm_attn,test,-1,G,fraction_aromatic,sequence,7,7,14,0.047619047619047616,0.11904761904761905,-0.07142857142857142,,,False,,
esm2_top4_bilstm_attn,test,-1,G,sequence_entropy,sequence,7,7,14,1.5013964291895623,1.0859768852125313,0.4154195439770309,,,False,,
esm2_top4_bilstm_attn,test,-1,T,mean_neq,neq,2,2,6,1.2506666666666666,1.7945277777777777,-0.543861111111111,,,False,,
esm2_top4_bilstm_attn,test,-1,T,max_neq,neq,2,2,6,1.5013333333333334,1.86475,-0.3634166666666664,,,False,,
esm2_top4_bilstm_attn,test,-1,T,neq_peak_fraction,neq,2,2,6,0.0,0.25,-0.25,,,False,,
esm2_top4_bilstm_attn,test,-1,T,neq_peak_excess,neq,2,2,6,0.2506666666666667,0.07022222222222219,0.18044444444444452,,,False,,
esm2_top4_bilstm_attn,test,-1,T,mean_rsa,exposure_length_position,2,2,6,0.5631295815110207,0.6076072516540686,-0.04447767014304793,,,False,,
esm2_top4_bilstm_attn,test,-1,T,max_rsa,exposure_length_position,2,2,6,0.6262319982051849,0.6421073898673058,-0.01587539166212082,,,False,,
esm2_top4_bilstm_attn,test,-1,T,log_segment_length,exposure_length_position,2,2,6,1.0986122886681096,0.9318399936705001,0.16677229499760948,,,False,,
esm2_top4_bilstm_attn,test,-1,T,normalized_midpoint,exposure_length_position,2,2,6,0.7613030824725364,0.4537526643712084,0.3075504181013281,,,False,,
esm2_top4_bilstm_attn,test,-1,T,mean_torsion_change,geometry_boundaries,2,2,6,107.1515977003656,135.5796752634056,-28.42807756304,,,False,,
esm2_top4_bilstm_attn,test,-1,T,max_torsion_change,geometry_boundaries,2,2,6,115.23713899713314,161.91277128504652,-46.675632287913366,,,False,,
esm2_top4_bilstm_attn,test,-1,T,q3_boundary_fraction,geometry_boundaries,2,2,6,0.25,0.125,0.125,,,False,,
esm2_top4_bilstm_attn,test,-1,T,mean_distance_to_q3_boundary,geometry_boundaries,2,2,6,3.0,1.4375,1.5625,,,False,,
esm2_top4_bilstm_attn,test,-1,T,structured_linker_fraction,geometry_boundaries,2,2,6,0.5,1.0,-0.5,,,False,,
esm2_top4_bilstm_attn,test,-1,T,mean_disorder,disorder,2,2,6,0.026267826266121074,0.012960532039869523,0.013307294226251551,,,False,,
esm2_top4_bilstm_attn,test,-1,T,max_disorder,disorder,2,2,6,0.02970967243891205,0.013480135938152626,0.016229536500759423,,,False,,
esm2_top4_bilstm_attn,test,-1,T,fraction_glycine,sequence,2,2,6,0.25,0.5416666666666666,-0.29166666666666663,,,False,,
esm2_top4_bilstm_attn,test,-1,T,fraction_proline,sequence,2,2,6,0.0,0.0,0.0,,,False,,
esm2_top4_bilstm_attn,test,-1,T,fraction_hydrophobic,sequence,2,2,6,0.0,0.14583333333333331,-0.14583333333333331,,,False,,
esm2_top4_bilstm_attn,test,-1,T,fraction_charged,sequence,2,2,6,0.75,0.1875,0.5625,,,False,,
esm2_top4_bilstm_attn,test,-1,T,fraction_aromatic,sequence,2,2,6,0.0,0.041666666666666664,-0.041666666666666664,,,False,,
esm2_top4_bilstm_attn,test,-1,T,sequence_entropy,sequence,2,2,6,0.5,0.5731203125901445,-0.07312031259014451,,,False,,
esm2_top28_bilstm_attn,train,-1,H,mean_neq,neq,620,3004,1527,1.0691377469383534,1.2043894757884663,-0.1352517288501132,-0.1611583946646883,-0.10934506303553809,True,2.5763613227364015e-28,4.866300353168588e-27
esm2_top28_bilstm_attn,train,-1,H,max_neq,neq,620,3004,1527,1.6277551240204204,1.684679967978557,-0.056924843958136184,-0.11956179744227756,0.005712109526005191,True,0.21959334730125846,0.32421183721639946
esm2_top28_bilstm_attn,train,-1,H,neq_peak_fraction,neq,620,3004,1527,0.011955718289841969,0.040637088576530034,-0.02868137028668807,-0.03455589583139046,-0.02280684474198568,True,2.4513608757078694e-12,1.572685222157174e-11
esm2_top28_bilstm_attn,train,-1,H,neq_peak_excess,neq,620,3004,1527,0.5586173770820673,0.4802904921900902,0.078326884891977,0.02653490379614764,0.13011886598780636,True,0.00016221617468636945,0.0004936569636495186
esm2_top28_bilstm_attn,train,-1,H,mean_rsa,exposure_length_position,620,3004,1527,0.2856147893748866,0.31744276477349015,-0.031827975398603534,-0.039400123695016845,-0.024255827102190222,True,1.1039825532510758e-15,8.600380213230155e-15
esm2_top28_bilstm_attn,train,-1,H,max_rsa,exposure_length_position,620,3004,1527,0.63168996763673,0.559972639288939,0.0717173283477911,0.05927216940546533,0.08416248729011687,True,2.8229721839068444e-23,3.911667604011902e-22
esm2_top28_bilstm_attn,train,-1,H,log_segment_length,exposure_length_position,620,3004,1527,2.68755688441941,2.032615339801093,0.6549415446183174,0.6100703396632301,0.6998127495734048,True,4.81216691535037e-87,7.395425609454364e-85
esm2_top28_bilstm_attn,train,-1,H,normalized_midpoint,exposure_length_position,620,3004,1527,0.4985460449504622,0.515636981868173,-0.01709093691771083,-0.04267782197557132,0.00849594814014967,True,0.1452723018869917,0.22919535822674705
esm2_top28_bilstm_attn,train,-1,H,mean_torsion_change,geometry_boundaries,620,3004,1527,15.895995568180865,26.66817329933362,-10.772177731152752,-12.248275780477252,-9.296079681828251,True,3.152549186654399e-49,1.1976144719189353e-47
esm2_top28_bilstm_attn,train,-1,H,max_torsion_change,geometry_boundaries,620,3004,1527,136.8934278823477,110.83082340592448,26.062604476423214,21.47958668064464,30.645622272201788,True,4.011079986271516e-25,6.192448143189039e-24
esm2_top28_bilstm_attn,train,-1,H,q3_boundary_fraction,geometry_boundaries,620,3004,1527,0.17845258075604062,0.3576464963015048,-0.1791939155454642,-0.19596627059565339,-0.16242156049527504,True,1.3702423031063624e-72,1.0071280927831765e-70
esm2_top28_bilstm_attn,train,-1,H,mean_distance_to_q3_boundary,geometry_boundaries,620,3004,1527,3.080874361326888,1.7869133459518773,1.293961015375011,1.1503485749232572,1.4375734558267648,True,2.4585671848934385e-73,1.933119919098771e-71
esm2_top28_bilstm_attn,train,-1,H,structured_linker_fraction,geometry_boundaries,620,3004,1527,0.0,0.0,0.0,0.0,0.0,True,1.0,1.0
esm2_top28_bilstm_attn,train,-1,H,mean_disorder,disorder,620,3004,1527,0.019071361946200332,0.04009128790615795,-0.02101992595995762,-0.02461860782212095,-0.01742124409779429,True,6.739504230076902e-42,2.149647528480189e-40
esm2_top28_bilstm_attn,train,-1,H,max_disorder,disorder,620,3004,1527,0.04493747721765618,0.0668243485445184,-0.02188687132686221,-0.02750096762699477,-0.01627277502672965,True,6.564045035480344e-15,4.8562442592908184e-14
esm2_top28_bilstm_attn,train,-1,H,fraction_glycine,sequence,620,3004,1527,0.02393408785977726,0.024348688354053252,-0.0004146004942759894,-0.004571282095405317,0.003742081106853338,True,0.0001699408387301048,0.0005162353780291863
esm2_top28_bilstm_attn,train,-1,H,fraction_proline,sequence,620,3004,1527,0.017168505206812675,0.023920387109575003,-0.006751881902762327,-0.012176086112735586,-0.0013276776927890685,True,0.002560385183734494,0.006450568037411567
esm2_top28_bilstm_attn,train,-1,H,fraction_hydrophobic,sequence,620,3004,1527,0.4842358556684845,0.4868140284607626,-0.0025781727922781373,-0.017227147458431256,0.01207080187387498,True,0.7183094510147637,0.8160632573524583
esm2_top28_bilstm_attn,train,-1,H,fraction_charged,sequence,620,3004,1527,0.28044199586930413,0.2768106497176497,0.0036313461516544188,-0.0104689146498851,0.017731606953193937,True,0.15459413582092627,0.241520373170718
esm2_top28_bilstm_attn,train,-1,H,fraction_aromatic,sequence,620,3004,1527,0.08511839193786626,0.09770186089452591,-0.012583468956659656,-0.02175503014026369,-0.00341190777305562,True,0.9255397136422062,0.9730254265622822
esm2_top28_bilstm_attn,train,-1,H,sequence_entropy,sequence,620,3004,1527,2.9713122368859732,2.189499146772223,0.7818130901137509,0.7182203392328551,0.8454058409946467,True,1.124435814715497e-80,1.2263604805009984e-78
esm2_top28_bilstm_attn,train,-1,E,mean_neq,neq,420,1063,1814,1.114045805286507,1.1728335584733083,-0.058787753186801205,-0.08004818530372725,-0.037527321069875164,True,3.0808913909637964e-09,1.5340933420984676e-08
esm2_top28_bilstm_attn,train,-1,E,max_neq,neq,420,1063,1814,1.5207349185970684,1.4975464575812196,0.023188461015848965,-0.03585820811367725,0.08223513014537517,True,0.9573884793142198,0.9962851488339111
esm2_top28_bilstm_attn,train,-1,E,neq_peak_fraction,neq,420,1063,1814,0.021843030704441962,0.04640245728902067,-0.024559426584578697,-0.03204349543868607,-0.01707535773047132,True,4.264783295928952e-12,2.6851456840848764e-11
esm2_top28_bilstm_attn,train,-1,E,neq_peak_excess,neq,420,1063,1814,0.40668911331056146,0.3247128991079113,0.08197621420265017,0.037814597427423075,0.12613783097787726,True,0.0020469653397132614,0.005266377370453463
esm2_top28_bilstm_attn,train,-1,E,mean_rsa,exposure_length_position,420,1063,1814,0.14528960555499248,0.2058527674659833,-0.06056316191099081,-0.0695598034890953,-0.05156652033288632,True,9.939453564584404e-32,2.1680833872167657e-30
esm2_top28_bilstm_attn,train,-1,E,max_rsa,exposure_length_position,420,1063,1814,0.32650895728299184,0.35083330183738354,-0.024324344554391728,-0.038090345925943674,-0.010558343182839781,True,0.0001355771501055503,0.0004186176662163156
esm2_top28_bilstm_attn,train,-1,E,log_segment_length,exposure_length_position,420,1063,1814,2.067230275056643,1.7298694929202498,0.33736078213639353,0.30305212414861904,0.371669440124168,True,9.248300607841564e-52,3.7672896813388345e-50
esm2_top28_bilstm_attn,train,-1,E,normalized_midpoint,exposure_length_position,420,1063,1814,0.48591315066893676,0.5018942734321089,-0.015981122763172075,-0.046015219814563274,0.014052974288219128,True,0.3885066641369266,0.5127014174265999
esm2_top28_bilstm_attn,train,-1,E,mean_torsion_change,geometry_boundaries,420,1063,1814,28.571481752523553,33.88605184728368,-5.314570094760131,-7.18033003950384,-3.4488101500164223,True,3.4555622717972835e-09,1.713087396033228e-08
esm2_top28_bilstm_attn,train,-1,E,max_torsion_change,geometry_boundaries,420,1063,1814,91.783719651936,84.44117862446237,7.342541027473644,1.3287892341523788,13.35629282079491,True,0.04000666490511377,0.07620424453193785
esm2_top28_bilstm_attn,train,-1,E,q3_boundary_fraction,geometry_boundaries,420,1063,1814,0.3528829630463921,0.4951421544761308,-0.14225919142973872,-0.1599299498034843,-0.12458843305599315,True,2.964006935478235e-41,9.028204908875595e-40
esm2_top28_bilstm_attn,train,-1,E,mean_distance_to_q3_boundary,geometry_boundaries,420,1063,1814,1.2206730530240433,0.8423744467274494,0.3782986062965938,0.31470771504681083,0.44188949754637674,True,2.1519947383398915e-34,5.0880379093197016e-33
esm2_top28_bilstm_attn,train,-1,E,structured_linker_fraction,geometry_boundaries,420,1063,1814,0.0,0.0,0.0,0.0,0.0,True,1.0,1.0
esm2_top28_bilstm_attn,train,-1,E,mean_disorder,disorder,420,1063,1814,0.007468824922078686,0.01567441321993249,-0.008205588297853806,-0.010496329736871243,-0.005914846858836368,True,3.7697581116512406e-25,5.846583566739837e-24
esm2_top28_bilstm_attn,train,-1,E,max_disorder,disorder,420,1063,1814,0.015051835496421837,0.022317972814737682,-0.007266137318315842,-0.010426047767687326,-0.0041062268689443585,True,5.167396956257667e-13,3.4459505146167994e-12
esm2_top28_bilstm_attn,train,-1,E,fraction_glycine,sequence,420,1063,1814,0.03469778460343004,0.030340290314996743,0.004357494288433293,-0.0023060879825947973,0.011021076559461383,True,0.496395813543677,0.6241406640353931
esm2_top28_bilstm_attn,train,-1,E,fraction_proline,sequence,420,1063,1814,0.013873845602573058,0.015981218713988138,-0.002107373111415079,-0.006901228604155754,0.0026864823813255953,True,0.5757308011015744,0.6932143299588401
esm2_top28_bilstm_attn,train,-1,E,fraction_hydrophobic,sequence,420,1063,1814,0.5977888117676929,0.587352953469393,0.0104358582983,-0.008338054305176016,0.029209770901776018,True,0.18956277968737534,0.2863278246200914
esm2_top28_bilstm_attn,train,-1,E,fraction_charged,sequence,420,1063,1814,0.15092753966514713,0.17424665826567903,-0.023319118600531895,-0.03925312078561857,-0.0073851164154452205,True,0.0023345587266308592,0.005934694026119501
esm2_top28_bilstm_attn,train,-1,E,fraction_aromatic,sequence,420,1063,1814,0.13950364707383242,0.1480680310644346,-0.008564383990602172,-0.023399300361804237,0.006270532380599894,True,0.32094941724693615,0.4425489313670029
esm2_top28_bilstm_attn,train,-1,E,sequence_entropy,sequence,420,1063,1814,2.3330154825574283,1.8931971521532625,0.4398183304041658,0.3788470707348554,0.5007895900734762,True,4.822629040420633e-35,1.181544114903055e-33
esm2_top28_bilstm_attn,train,-1,G,mean_neq,neq,19,19,43,1.0246283625730994,1.304878947368421,-0.2802505847953216,-0.41239512439936993,-0.1481060451912733,True,0.00039814247498266234,0.001147587133773556
esm2_top28_bilstm_attn,train,-1,G,max_neq,neq,19,19,43,1.0742456140350878,1.7816900584795323,-0.7074444444444444,-1.0160400585026856,-0.3988488303862032,True,0.00014302007339316058,0.00043879389123618504
esm2_top28_bilstm_attn,train,-1,G,neq_peak_fraction,neq,19,19,43,0.030701754385964907,0.07324561403508771,-0.0425438596491228,-0.10362428684942443,0.01853656755117882,True,0.15175633364825375,0.2378781504777831
esm2_top28_bilstm_attn,train,-1,G,neq_peak_excess,neq,19,19,43,0.049617251461988296,0.4768111111111111,-0.42719385964912265,-0.6258313617566077,-0.22855635754163758,True,0.00021367000439069728,0.00064386656403293
esm2_top28_bilstm_attn,train,-1,G,mean_rsa,exposure_length_position,19,19,43,0.3926508082763145,0.3784852236531108,0.014165584623203631,-0.06121206991181818,0.08954323915822544,True,0.7781771795228314,0.8614987046387338
esm2_top28_bilstm_attn,train,-1,G,max_rsa,exposure_length_position,19,19,43,0.5593483575472706,0.5277431817104419,0.031605175836828724,-0.06795752653965637,0.1311678782133138,True,0.3759797524564171,0.5006889234404961
esm2_top28_bilstm_attn,train,-1,G,log_segment_length,exposure_length_position,19,19,43,1.3635308099780452,1.2130169836407247,0.15051382633732066,-0.026339444010533702,0.32736709668517505,True,0.06651701505969515,0.1194973580854566
esm2_top28_bilstm_attn,train,-1,G,normalized_midpoint,exposure_length_position,19,19,43,0.5216613948399568,0.42939406505643407,0.09226732978352263,-0.09643453859971303,0.2809691981667583,True,0.24320097107575667,0.3533573198139808
esm2_top28_bilstm_attn,train,-1,G,mean_torsion_change,geometry_boundaries,19,19,43,50.563384210863966,59.18405541545272,-8.620671204588758,-26.804023736770908,9.56268132759339,True,0.33413808059574546,0.45540317345709536
esm2_top28_bilstm_attn,train,-1,G,max_torsion_change,geometry_boundaries,19,19,43,123.23043976837248,114.78887992027244,8.44155984810005,-22.499224584883528,39.382344281083626,True,0.7781771795228314,0.8614987046387338
esm2_top28_bilstm_attn,train,-1,G,q3_boundary_fraction,geometry_boundaries,19,19,43,0.42192982456140343,0.5634502923976608,-0.14152046783625732,-0.27702970227274504,-0.006011233399769583,True,0.053164445326183286,0.09768966828686178
esm2_top28_bilstm_attn,train,-1,G,mean_distance_to_q3_boundary,geometry_boundaries,19,19,43,0.7491228070175437,0.7941520467836257,-0.045029239766081905,-0.5586499263082881,0.46859144677612435,True,0.8091660797772467,0.8850826644215047
esm2_top28_bilstm_attn,train,-1,G,structured_linker_fraction,geometry_boundaries,19,19,43,0.0,0.0,0.0,0.0,0.0,True,1.0,1.0
esm2_top28_bilstm_attn,train,-1,G,mean_disorder,disorder,19,19,43,0.021653678706232332,0.024677123491663667,-0.0030234447854313377,-0.026776611156419106,0.02072972158555643,True,0.6008710115741303,0.7160891399831281
esm2_top28_bilstm_attn,train,-1,G,max_disorder,disorder,19,19,43,0.02665296240746479,0.026896078144904724,-0.00024311573743992918,-0.026968099168442956,0.026481867693563095,True,0.6580087852326646,0.765827092210547
esm2_top28_bilstm_attn,train,-1,G,fraction_glycine,sequence,19,19,43,0.03508771929824561,0.03289473684210526,0.0021929824561403547,-0.06880174574584874,0.07318771065812946,True,1.0,1.0
esm2_top28_bilstm_attn,train,-1,G,fraction_proline,sequence,19,19,43,0.11403508771929824,0.11754385964912281,-0.0035087719298245606,-0.15352382759690666,0.14650628373725752,True,0.66952680381586,0.7755129876405729
esm2_top28_bilstm_attn,train,-1,G,fraction_hydrophobic,sequence,19,19,43,0.34561403508771926,0.3516081871345029,-0.005994152046783613,-0.14382686322124008,0.13183855912767287,True,0.983927244636252,1.0
esm2_top28_bilstm_attn,train,-1,G,fraction_charged,sequence,19,19,43,0.38245614035087716,0.2985380116959064,0.08391812865497075,-0.06622083651285207,0.23405709382279358,True,0.17097869156129464,0.2628826540103398
esm2_top28_bilstm_attn,train,-1,G,fraction_aromatic,sequence,19,19,43,0.03508771929824561,0.15277777777777776,-0.11769005847953216,-0.22619186288311535,-0.009188254075948976,True,0.03306046517410876,0.06416614968637296
esm2_top28_bilstm_attn,train,-1,G,sequence_entropy,sequence,19,19,43,1.4047288913764953,1.1482773249637328,0.2564515664127627,-0.0966828039870763,0.6095859368126016,True,0.19733344941016506,0.29537521281812146
esm2_top28_bilstm_attn,train,-1,C,mean_neq,neq,43,50,407,1.0351924167229078,1.3528327125754636,-0.31764029585255577,-0.41841141278102245,-0.21686917892408908,True,3.196321778646763e-08,1.4803786210417406e-07
esm2_top28_bilstm_attn,train,-1,C,max_neq,neq,43,50,407,1.1697764857881134,1.6911231980577057,-0.521346712269592,-0.7584350118273533,-0.2842584127118306,True,1.9153819806515744e-05,6.574524341708602e-05
esm2_top28_bilstm_attn,train,-1,C,neq_peak_fraction,neq,43,50,407,0.009018106498726653,0.0871551758625802,-0.07813706936385355,-0.10755626289615375,-0.04871787583155335,True,2.314347361474356e-07,9.867349847597475e-07
esm2_top28_bilstm_attn,train,-1,C,neq_peak_excess,neq,43,50,407,0.134584069065206,0.33829048548224216,-0.2037064164170361,-0.35327622629947136,-0.05413660653460084,True,0.0015260952184033884,0.004024748778020169
esm2_top28_bilstm_attn,train,-1,C,mean_rsa,exposure_length_position,43,50,407,0.25736192567047,0.3308585878948196,-0.07349666222434956,-0.1141262542963365,-0.03286707015236263,True,0.0011131909172117924,0.002987703491386832
esm2_top28_bilstm_attn,train,-1,C,max_rsa,exposure_length_position,43,50,407,0.3579532494010447,0.4377681171767875,-0.07981486777574277,-0.14559143657441032,-0.014038298977075217,True,0.03563730386495597,0.06869425562566484
esm2_top28_bilstm_attn,train,-1,C,log_segment_length,exposure_length_position,43,50,407,1.2408418111461634,1.2201906564642775,0.020651154681885744,-0.15958212045959905,0.20088442982337054,True,0.9422429713713639,0.9867630157520635
esm2_top28_bilstm_attn,train,-1,C,normalized_midpoint,exposure_length_position,43,50,407,0.5519112753511196,0.4927967203697876,0.059114554981331925,-0.05951891703382373,0.1777480269964876,True,0.25133183032175754,0.3634529163036195
esm2_top28_bilstm_attn,train,-1,C,mean_torsion_change,geometry_boundaries,43,50,407,91.39145249156165,83.22714427624663,8.164308215315023,-12.99361842420115,29.322234854831194,True,0.6902812398467759,0.7916692238541212
esm2_top28_bilstm_attn,train,-1,C,max_torsion_change,geometry_boundaries,43,50,407,128.37602182665321,116.52086646033295,11.855155366320277,-12.528565525565389,36.23887625820594,True,0.3104415301606779,0.43158010422419896
esm2_top28_bilstm_attn,train,-1,C,q3_boundary_fraction,geometry_boundaries,43,50,407,0.624645308753836,0.5044756252743428,0.12016968347949303,-0.012883968453796468,0.2532233354127825,True,0.08864888800846855,0.15331042984993973
esm2_top28_bilstm_attn,train,-1,C,mean_distance_to_q3_boundary,geometry_boundaries,43,50,407,1.8253297090506393,1.7945135113006914,0.030816197749948076,-1.1866906872837282,1.2483230827836245,True,0.08750091067883574,0.15179095895594852
esm2_top28_bilstm_attn,train,-1,C,structured_linker_fraction,geometry_boundaries,43,50,407,0.7558139534883721,0.6396456750423919,0.11616827844598024,-0.030363790601692336,0.2627003474936528,True,0.06629894446965962,0.11916891613605483
esm2_top28_bilstm_attn,train,-1,C,mean_disorder,disorder,43,50,407,0.024428167106205538,0.0994068785681874,-0.07497871146198186,-0.11000764128461496,-0.03994978163934875,True,2.0803682016510335e-06,7.974744772995629e-06
esm2_top28_bilstm_attn,train,-1,C,max_disorder,disorder,43,50,407,0.032288867603837826,0.149449012021807,-0.11716014441796917,-0.16434082856030185,-0.06997946027563647,True,4.772127249892851e-07,1.9772747833195747e-06
esm2_top28_bilstm_attn,train,-1,C,fraction_glycine,sequence,43,50,407,0.033083324943790064,0.0768203325763908,-0.04373700763260075,-0.07870452052799676,-0.008769494737204744,True,0.00022156000072499346,0.0006652703041307308
esm2_top28_bilstm_attn,train,-1,C,fraction_proline,sequence,43,50,407,0.06189739775011093,0.07297398686982427,-0.011076589119713345,-0.07078117957149292,0.04862800133206624,True,0.01764465627743466,0.036734349060348885
esm2_top28_bilstm_attn,train,-1,C,fraction_hydrophobic,sequence,43,50,407,0.3871898199417579,0.2923978483134026,0.09479197162835531,-0.010328678302424954,0.19991262155913558,True,0.09444923371207754,0.16095406208696278
esm2_top28_bilstm_attn,train,-1,C,fraction_charged,sequence,43,50,407,0.23783823841963375,0.22959542564844798,0.008242812771185798,-0.09552930388623529,0.11201492942860689,True,0.47994492024282354,0.6080442190158974
esm2_top28_bilstm_attn,train,-1,C,fraction_aromatic,sequence,43,50,407,0.16833217744070456,0.041288677803789406,0.12704349963691516,0.03491981565666005,0.21916718361717027,True,0.2836232906417582,0.401226086050119
esm2_top28_bilstm_attn,train,-1,C,sequence_entropy,sequence,43,50,407,0.9998577631511018,1.0195112723801782,-0.019653509229076677,-0.30321562442624006,0.26390860596808674,True,0.7998228990046684,0.8771330592068712
esm2_top28_bilstm_attn,train,-1,T,mean_neq,neq,9,9,34,1.126469135802469,1.341380658436214,-0.21491152263374483,,,False,,
esm2_top28_bilstm_attn,train,-1,T,max_neq,neq,9,9,34,1.2578148148148147,1.4724629629629629,-0.21464814814814812,,,False,,
esm2_top28_bilstm_attn,train,-1,T,neq_peak_fraction,neq,9,9,34,0.07407407407407407,0.08487654320987653,-0.01080246913580247,,,False,,
esm2_top28_bilstm_attn,train,-1,T,neq_peak_excess,neq,9,9,34,0.1313456790123457,0.131082304526749,0.00026337448559672475,,,False,,
esm2_top28_bilstm_attn,train,-1,T,mean_rsa,exposure_length_position,9,9,34,0.33659018438171456,0.5107663017180231,-0.17417611733630853,,,False,,
esm2_top28_bilstm_attn,train,-1,T,max_rsa,exposure_length_position,9,9,34,0.40894847694370484,0.5757635803318318,-0.166815103388127,,,False,,
esm2_top28_bilstm_attn,train,-1,T,log_segment_length,exposure_length_position,9,9,34,1.1174899594231538,1.038865087473931,0.07862487194922274,,,False,,
esm2_top28_bilstm_attn,train,-1,T,normalized_midpoint,exposure_length_position,9,9,34,0.4664664566229823,0.6514929278690782,-0.18502647124609592,,,False,,
esm2_top28_bilstm_attn,train,-1,T,mean_torsion_change,geometry_boundaries,9,9,34,79.81301137875498,94.843685496179,-15.030674117424029,,,False,,
esm2_top28_bilstm_attn,train,-1,T,max_torsion_change,geometry_boundaries,9,9,34,142.17043338727646,147.35619880761726,-5.185765420340796,,,False,,
esm2_top28_bilstm_attn,train,-1,T,q3_boundary_fraction,geometry_boundaries,9,9,34,0.2222222222222222,0.37191358024691357,-0.14969135802469136,,,False,,
esm2_top28_bilstm_attn,train,-1,T,mean_distance_to_q3_boundary,geometry_boundaries,9,9,34,1.8703703703703707,0.8611111111111112,1.0092592592592593,,,False,,
esm2_top28_bilstm_attn,train,-1,T,structured_linker_fraction,geometry_boundaries,9,9,34,0.8888888888888888,1.0,-0.1111111111111111,,,False,,
esm2_top28_bilstm_attn,train,-1,T,mean_disorder,disorder,9,9,34,0.016041863480630202,0.009024954079377222,0.007016909401252977,,,False,,
esm2_top28_bilstm_attn,train,-1,T,max_disorder,disorder,9,9,34,0.018115301933398203,0.010057971783141838,0.008057330150256363,,,False,,
esm2_top28_bilstm_attn,train,-1,T,fraction_glycine,sequence,9,9,34,0.16666666666666666,0.17129629629629628,-0.004629629629629626,,,False,,
esm2_top28_bilstm_attn,train,-1,T,fraction_proline,sequence,9,9,34,0.09259259259259259,0.043209876543209874,0.04938271604938272,,,False,,
esm2_top28_bilstm_attn,train,-1,T,fraction_hydrophobic,sequence,9,9,34,0.2222222222222222,0.2623456790123457,-0.040123456790123455,,,False,,
esm2_top28_bilstm_attn,train,-1,T,fraction_charged,sequence,9,9,34,0.1111111111111111,0.25617283950617287,-0.14506172839506176,,,False,,
esm2_top28_bilstm_attn,train,-1,T,fraction_aromatic,sequence,9,9,34,0.037037037037037035,0.09259259259259259,-0.05555555555555555,,,False,,
esm2_top28_bilstm_attn,train,-1,T,sequence_entropy,sequence,9,9,34,0.9448064816417384,0.7145363426059473,0.23027013903579105,,,False,,
esm2_top28_bilstm_attn,validation,-1,H,mean_neq,neq,131,616,298,1.0942745104191525,1.174473443925295,-0.0801989335061427,-0.14216396176029822,-0.018233905251987176,True,0.00045561653553380106,0.001303248313570035
esm2_top28_bilstm_attn,validation,-1,H,max_neq,neq,131,616,298,1.6578886848308605,1.598164425057555,0.05972425977330561,-0.07000601424939079,0.18945453379600202,True,0.13064084045859897,0.21043195883302673
esm2_top28_bilstm_attn,validation,-1,H,neq_peak_fraction,neq,131,616,298,0.01430902076704085,0.044514491022092297,-0.03020547025505145,-0.0505078891522094,-0.009903051357893506,True,0.049677794600338575,0.09223537811298448
esm2_top28_bilstm_attn,validation,-1,H,neq_peak_excess,neq,131,616,298,0.5636141744117079,0.4236909811322596,0.13992319327944827,0.03925123201994404,0.2405951545389525,True,0.0006797767869931151,0.0018947446964746265
esm2_top28_bilstm_attn,validation,-1,H,mean_rsa,exposure_length_position,131,616,298,0.27294041024892596,0.31162062874945823,-0.038680218500532264,-0.059847144566727475,-0.017513292434337052,True,0.00010846111919844393,0.0003389159371626053
esm2_top28_bilstm_attn,validation,-1,H,max_rsa,exposure_length_position,131,616,298,0.6268877521511972,0.5371897235987366,0.08969802855246062,0.05484187317445699,0.12455418393046425,True,4.634553812285935e-06,1.70505184323599e-05
esm2_top28_bilstm_attn,validation,-1,H,log_segment_length,exposure_length_position,131,616,298,2.7046294644111657,1.9854767665459627,0.7191526978652022,0.6231651489202896,0.8151402468101148,True,1.3018677178562443e-21,1.5890305971378924e-20
esm2_top28_bilstm_attn,validation,-1,H,normalized_midpoint,exposure_length_position,131,616,298,0.4957176566220487,0.47211560902999544,0.023602047592053282,-0.032821394216584865,0.08002548940069143,True,0.47637647245890813,0.6045823255888269
esm2_top28_bilstm_attn,validation,-1,H,mean_torsion_change,geometry_boundaries,131,616,298,15.697561342661363,27.137661682128368,-11.440100339467008,-14.91952940542055,-7.9606712735134675,True,4.2367690787714853e-13,2.847816352947593e-12
esm2_top28_bilstm_attn,validation,-1,H,max_torsion_change,geometry_boundaries,131,616,298,136.56195719586947,111.12101548740168,25.440941708467808,15.256044119698574,35.62583929723704,True,6.4289485166935e-06,2.3397497238902827e-05
esm2_top28_bilstm_attn,validation,-1,H,q3_boundary_fraction,geometry_boundaries,131,616,298,0.17533976359468767,0.3650698343746709,-0.1897300707799832,-0.22833707323140912,-0.15112306832855726,True,1.5849191762812047e-18,1.501011690478082e-17
esm2_top28_bilstm_attn,validation,-1,H,mean_distance_to_q3_boundary,geometry_boundaries,131,616,298,3.1566376090436252,1.6899332733647345,1.4667043356788914,1.2395430439361534,1.6938656274216293,True,4.656007154872467e-19,4.643646073930327e-18
esm2_top28_bilstm_attn,validation,-1,H,structured_linker_fraction,geometry_boundaries,131,616,298,0.0,0.0,0.0,0.0,0.0,True,1.0,1.0
esm2_top28_bilstm_attn,validation,-1,H,mean_disorder,disorder,131,616,298,0.016957909006110272,0.04415409509354363,-0.027196186087433356,-0.03863947995738071,-0.015752892217486006,True,1.506762005418007e-10,8.420433620360796e-10
esm2_top28_bilstm_attn,validation,-1,H,max_disorder,disorder,131,616,298,0.037045553391409185,0.07014125256907076,-0.033095699177661586,-0.048083663272006444,-0.01810773508331673,True,3.2524648203237488e-06,1.2218426175016215e-05
esm2_top28_bilstm_attn,validation,-1,H,fraction_glycine,sequence,131,616,298,0.02826413209387062,0.02283520808289323,0.005428924010977387,-0.004633729835695351,0.015491577857650126,True,0.002082613138226219,0.005350543328527999
esm2_top28_bilstm_attn,validation,-1,H,fraction_proline,sequence,131,616,298,0.013466912750307458,0.03524004948462624,-0.021773136734318774,-0.035248872656896676,-0.008297400811740872,True,0.15881114555194586,0.24698274292140246
esm2_top28_bilstm_attn,validation,-1,H,fraction_hydrophobic,sequence,131,616,298,0.48183891616587776,0.50613335675428,-0.024294440588402192,-0.06063145070368295,0.012042569526878561,True,0.4477105504183464,0.5742448296526665
esm2_top28_bilstm_attn,validation,-1,H,fraction_charged,sequence,131,616,298,0.27576965603495374,0.2583092141060779,0.01746044192887582,-0.01654975036289927,0.051470634220650915,True,0.12545934138377784,0.20315039905103108
esm2_top28_bilstm_attn,validation,-1,H,fraction_aromatic,sequence,131,616,298,0.09026452091497082,0.10188831184337623,-0.0116237909284054,-0.037605084353277696,0.014357502496466897,True,0.3317556273295108,0.4535760920883022
esm2_top28_bilstm_attn,validation,-1,H,sequence_entropy,sequence,131,616,298,3.004554093094099,2.1133357814729608,0.891218311621138,0.745714657993866,1.0367219652484099,True,2.6990751444898678e-20,2.9248631613846933e-19
esm2_top28_bilstm_attn,validation,-1,E,mean_neq,neq,107,245,398,1.1188985399748108,1.1549932161473628,-0.03609467617255215,-0.06641962360007794,-0.005769728745026355,True,0.04240417952282291,0.08027353357595983
esm2_top28_bilstm_attn,validation,-1,E,max_neq,neq,107,245,398,1.5085927124104694,1.4340635180240318,0.0745291943864374,-0.01628056801102018,0.16533895678389499,True,0.2753115822686534,0.3920928642166458
esm2_top28_bilstm_attn,validation,-1,E,neq_peak_fraction,neq,107,245,398,0.01489087473387135,0.033732549540571345,-0.018841674806699998,-0.029990091530212138,-0.007693258083187857,True,0.002133725342281289,0.005477695810366772
esm2_top28_bilstm_attn,validation,-1,E,neq_peak_excess,neq,107,245,398,0.3896941724356589,0.27907030187666937,0.11062387055898952,0.04121980569484353,0.1800279354231355,True,0.011510264339980557,0.024962285909861617
esm2_top28_bilstm_attn,validation,-1,E,mean_rsa,exposure_length_position,107,245,398,0.13012364049275504,0.20631133823656903,-0.076187697743814,-0.09594259747212783,-0.05643279801550016,True,9.350466083117631e-11,5.286609670070352e-10
esm2_top28_bilstm_attn,validation,-1,E,max_rsa,exposure_length_position,107,245,398,0.2982882728366468,0.35477700080071706,-0.056488727964070305,-0.09150573030866029,-0.021471725619480325,True,0.00027985678581765025,0.0008285427257876319
esm2_top28_bilstm_attn,validation,-1,E,log_segment_length,exposure_length_position,107,245,398,2.0579529229546005,1.700151277539052,0.3578016454155485,0.2854562509761832,0.43014703985491376,True,6.399509770402986e-14,4.4246917246896713e-13
esm2_top28_bilstm_attn,validation,-1,E,normalized_midpoint,exposure_length_position,107,245,398,0.5119419366958379,0.48498808676831906,0.026953849927518737,-0.033749405541305684,0.08765710539634317,True,0.46325918199517924,0.5917186604932757
esm2_top28_bilstm_attn,validation,-1,E,mean_torsion_change,geometry_boundaries,107,245,398,27.35415128722759,35.32027605391972,-7.966124766692131,-12.094447454778571,-3.8378020786056917,True,0.00023909180287229404,0.0007147386255625342
esm2_top28_bilstm_attn,validation,-1,E,max_torsion_change,geometry_boundaries,107,245,398,92.29925619369524,81.6358691276819,10.663387066013312,-0.19234708853124083,21.519121220557864,True,0.11224249938769341,0.18475749290642232
esm2_top28_bilstm_attn,validation,-1,E,q3_boundary_fraction,geometry_boundaries,107,245,398,0.33253024603678893,0.5043579970565952,-0.1718277510198063,-0.21213757757685728,-0.13151792446275531,True,1.0897765132388032e-11,6.6725624974266e-11
esm2_top28_bilstm_attn,validation,-1,E,mean_distance_to_q3_boundary,geometry_boundaries,107,245,398,1.2795029117009553,0.7878407493049238,0.49166216239603144,0.36679009622288034,0.6165342285691826,True,5.748230065361424e-11,3.305232287582819e-10
esm2_top28_bilstm_attn,validation,-1,E,structured_linker_fraction,geometry_boundaries,107,245,398,0.0,0.0,0.0,0.0,0.0,True,1.0,1.0
esm2_top28_bilstm_attn,validation,-1,E,mean_disorder,disorder,107,245,398,0.005578331087000285,0.011664831837306175,-0.006086500750305891,-0.009255024571894291,-0.0029179769287174906,True,3.706622283067793e-08,1.6958173124563206e-07
esm2_top28_bilstm_attn,validation,-1,E,max_disorder,disorder,107,245,398,0.012365840403012158,0.018230777032058908,-0.00586493662904675,-0.010526345703625229,-0.001203527554468271,True,0.0005232928819909351,0.0014805466393400433
esm2_top28_bilstm_attn,validation,-1,E,fraction_glycine,sequence,107,245,398,0.034243885838495546,0.027451996414223825,0.006791889424271713,-0.0075849241936745615,0.021168703042217987,True,0.265333717519744,0.38012427920942987
esm2_top28_bilstm_attn,validation,-1,E,fraction_proline,sequence,107,245,398,0.008223820915529518,0.015341323396229936,-0.007117502480700421,-0.01460773594656793,0.00037273098516708847,True,0.04721585002586511,0.08814842017528987
esm2_top28_bilstm_attn,validation,-1,E,fraction_hydrophobic,sequence,107,245,398,0.6192201735104188,0.5981968666645459,0.021023306845872922,-0.015915370147332807,0.05796198383907865,True,0.1860124588526898,0.2817688724825019
esm2_top28_bilstm_attn,validation,-1,E,fraction_charged,sequence,107,245,398,0.15884964479563443,0.16149723588975923,-0.0026475910941248194,-0.03325431255917656,0.02795913037092692,True,0.6589653013832089,0.7664126879864565
esm2_top28_bilstm_attn,validation,-1,E,fraction_aromatic,sequence,107,245,398,0.14815276403168967,0.147146590717463,0.0010061733142266778,-0.03664502795152532,0.03865737457997868,True,0.7324318564140422,0.8250218210870374
esm2_top28_bilstm_attn,validation,-1,E,sequence_entropy,sequence,107,245,398,2.3581668711027937,1.8294008167768712,0.5287660543259226,0.41582377674146415,0.6417083319103811,True,4.85722770195836e-13,3.2519379921428154e-12
esm2_top28_bilstm_attn,validation,-1,C,mean_neq,neq,10,10,87,1.2697983068783067,1.397266641823304,-0.12746833494499726,-0.389128707610947,0.13419203772095245,True,0.1688069535565081,0.26013505468302367
esm2_top28_bilstm_attn,validation,-1,C,max_neq,neq,10,10,87,1.6301999999999999,1.6153030417621594,0.014896958237840563,-0.470321603532761,0.5001155200084421,True,0.9593536340401635,0.996796139117945
esm2_top28_bilstm_attn,validation,-1,C,neq_peak_fraction,neq,10,10,87,0.05500000000000001,0.11011367632452429,-0.05511367632452428,-0.1505014076495798,0.04027405500053126,True,0.13941397332153205,0.22160726083690638
esm2_top28_bilstm_attn,validation,-1,C,neq_peak_excess,neq,10,10,87,0.36040169312169307,0.2180363999388552,0.1423652931828378,-0.1456634586343984,0.430394045000074,True,0.5076243443095237,0.6330792726338988
esm2_top28_bilstm_attn,validation,-1,C,mean_rsa,exposure_length_position,10,10,87,0.28587710200853295,0.35474106860761245,-0.06886396659907955,-0.2185575758384246,0.0808296426402655,True,0.3862707203664827,0.5105478129628921
esm2_top28_bilstm_attn,validation,-1,C,max_rsa,exposure_length_position,10,10,87,0.3900188244879246,0.4628344011877509,-0.07281557669982634,-0.2922526488993123,0.14662149549965964,True,0.7212766990291557,0.8180598857489351
esm2_top28_bilstm_attn,validation,-1,C,log_segment_length,exposure_length_position,10,10,87,1.4457785408150463,1.1509086562447532,0.29486988457029295,-0.20773411238356754,0.7974738815241534,True,0.3862707203664827,0.5105478129628921
esm2_top28_bilstm_attn,validation,-1,C,normalized_midpoint,exposure_length_position,10,10,87,0.3134948586294506,0.519009581769161,-0.2055147231397104,-0.41375938340345225,0.0027299371240314674,True,0.07446183141740546,0.1321550929250645
esm2_top28_bilstm_attn,validation,-1,C,mean_torsion_change,geometry_boundaries,10,10,87,57.18045906036772,81.67989204921157,-24.499432988843836,-50.16846999585085,1.1696040181631773,True,0.09260069782067576,0.158362650142491
esm2_top28_bilstm_attn,validation,-1,C,max_torsion_change,geometry_boundaries,10,10,87,97.04154050981697,111.67801666856663,-14.636476158749648,-49.893442524159,20.6204902066597,True,0.3328797545683888,0.454336503909095
esm2_top28_bilstm_attn,validation,-1,C,q3_boundary_fraction,geometry_boundaries,10,10,87,0.542142857142857,0.4652536050232765,0.07688925211958064,-0.1971099857729407,0.350888490012102,True,0.5076243443095237,0.6330792726338988
esm2_top28_bilstm_attn,validation,-1,C,mean_distance_to_q3_boundary,geometry_boundaries,10,10,87,2.542857142857143,2.038843646549529,0.5040134963076139,-2.988115683990025,3.9961426766052535,True,0.4445867389117455,0.5708878709687093
esm2_top28_bilstm_attn,validation,-1,C,structured_linker_fraction,geometry_boundaries,10,10,87,0.6,0.4468411000763942,0.15315889992360582,-0.3006676548339668,0.6069854546811784,True,0.5750621301739497,0.6926558824788471
esm2_top28_bilstm_attn,validation,-1,C,mean_disorder,disorder,10,10,87,0.02115976135362865,0.0645981101699601,-0.04343834881633144,-0.08036606977066665,-0.006510627861996229,True,0.0069104298078147995,0.015797270574862635
esm2_top28_bilstm_attn,validation,-1,C,max_disorder,disorder,10,10,87,0.032676382118370324,0.1150771672870849,-0.08240078516871457,-0.16458642233700926,-0.00021514800041989857,True,0.0069104298078147995,0.015797270574862635
esm2_top28_bilstm_attn,validation,-1,C,fraction_glycine,sequence,10,10,87,0.0,0.058199874991318845,-0.058199874991318845,-0.11360436981259825,-0.002795380170039434,True,0.07613301160858638,0.13441551553453293
esm2_top28_bilstm_attn,validation,-1,C,fraction_proline,sequence,10,10,87,0.0761111111111111,0.08684473789515805,-0.010733626784046948,-0.15795405968030024,0.13648680611220632,True,0.6832863296571666,0.7857792791057416
esm2_top28_bilstm_attn,validation,-1,C,fraction_hydrophobic,sequence,10,10,87,0.30412698412698413,0.30295034597861187,0.0011766381483722971,-0.21582180597835687,0.21817508227510146,True,0.9593536340401635,0.996796139117945
esm2_top28_bilstm_attn,validation,-1,C,fraction_charged,sequence,10,10,87,0.32396825396825396,0.20713488480791767,0.1168333691603363,-0.13397622000338333,0.36764295832405597,True,0.3862707203664827,0.5105478129628921
esm2_top28_bilstm_attn,validation,-1,C,fraction_aromatic,sequence,10,10,87,0.05650793650793651,0.08320348194374169,-0.026695545435805178,-0.10724081861387344,0.05384972774226309,True,0.4145198529802938,0.5413254626984834
esm2_top28_bilstm_attn,validation,-1,C,sequence_entropy,sequence,10,10,87,1.4249707541846068,0.9261544841804721,0.49881627000413503,-0.3876863096554913,1.3853188496637614,True,0.3328797545683888,0.454336503909095
esm2_top28_bilstm_attn,validation,-1,G,mean_neq,neq,3,3,10,1.146138888888889,1.352145061728395,-0.2060061728395061,,,False,,
esm2_top28_bilstm_attn,validation,-1,G,max_neq,neq,3,3,10,1.4325555555555558,1.668935185185185,-0.23637962962962936,,,False,,
esm2_top28_bilstm_attn,validation,-1,G,neq_peak_fraction,neq,3,3,10,0.0,0.0462962962962963,-0.0462962962962963,,,False,,
esm2_top28_bilstm_attn,validation,-1,G,neq_peak_excess,neq,3,3,10,0.28641666666666676,0.31679012345679003,-0.030373456790123304,,,False,,
esm2_top28_bilstm_attn,validation,-1,G,mean_rsa,exposure_length_position,3,3,10,0.27739909151569003,0.35396755300462246,-0.07656846148893239,,,False,,
esm2_top28_bilstm_attn,validation,-1,G,max_rsa,exposure_length_position,3,3,10,0.48236030836900073,0.5015193762050735,-0.01915906783607273,,,False,,
esm2_top28_bilstm_attn,validation,-1,G,log_segment_length,exposure_length_position,3,3,10,1.4606755448912938,1.287270239528553,0.1734053053627409,,,False,,
esm2_top28_bilstm_attn,validation,-1,G,normalized_midpoint,exposure_length_position,3,3,10,0.5872266690601898,0.25832283351968394,0.328903835540506,,,False,,
esm2_top28_bilstm_attn,validation,-1,G,mean_torsion_change,geometry_boundaries,3,3,10,48.114578356202166,62.03154810626967,-13.916969750067508,,,False,,
esm2_top28_bilstm_attn,validation,-1,G,max_torsion_change,geometry_boundaries,3,3,10,131.0058959779391,116.5886640135533,14.4172319643858,,,False,,
esm2_top28_bilstm_attn,validation,-1,G,q3_boundary_fraction,geometry_boundaries,3,3,10,0.5833333333333334,0.6018518518518517,-0.018518518518518507,,,False,,
esm2_top28_bilstm_attn,validation,-1,G,mean_distance_to_q3_boundary,geometry_boundaries,3,3,10,0.4166666666666667,0.611111111111111,-0.19444444444444445,,,False,,
esm2_top28_bilstm_attn,validation,-1,G,structured_linker_fraction,geometry_boundaries,3,3,10,0.0,0.0,0.0,,,False,,
esm2_top28_bilstm_attn,validation,-1,G,mean_disorder,disorder,3,3,10,0.006951734061456334,0.01717571812332602,-0.010223984061869688,,,False,,
esm2_top28_bilstm_attn,validation,-1,G,max_disorder,disorder,3,3,10,0.008463009105374368,0.022206639327729687,-0.013743630222355321,,,False,,
esm2_top28_bilstm_attn,validation,-1,G,fraction_glycine,sequence,3,3,10,0.0,0.0462962962962963,-0.0462962962962963,,,False,,
esm2_top28_bilstm_attn,validation,-1,G,fraction_proline,sequence,3,3,10,0.0,0.018518518518518517,-0.018518518518518517,,,False,,
esm2_top28_bilstm_attn,validation,-1,G,fraction_hydrophobic,sequence,3,3,10,0.38888888888888884,0.3333333333333333,0.055555555555555546,,,False,,
esm2_top28_bilstm_attn,validation,-1,G,fraction_charged,sequence,3,3,10,0.2222222222222222,0.3703703703703704,-0.14814814814814814,,,False,,
esm2_top28_bilstm_attn,validation,-1,G,fraction_aromatic,sequence,3,3,10,0.0,0.1574074074074074,-0.1574074074074074,,,False,,
esm2_top28_bilstm_attn,validation,-1,G,sequence_entropy,sequence,3,3,10,1.723308333814104,1.2694236115117532,0.4538847223023507,,,False,,
esm2_top28_bilstm_attn,validation,-1,T,mean_neq,neq,1,1,7,1.0024444444444445,1.7078492063492061,-0.7054047619047616,,,False,,
esm2_top28_bilstm_attn,validation,-1,T,max_neq,neq,1,1,7,1.0043333333333333,1.7835238095238093,-0.779190476190476,,,False,,
esm2_top28_bilstm_attn,validation,-1,T,neq_peak_fraction,neq,1,1,7,0.0,0.19047619047619047,-0.19047619047619047,,,False,,
esm2_top28_bilstm_attn,validation,-1,T,neq_peak_excess,neq,1,1,7,0.0018888888888888289,0.07567460317460317,-0.07378571428571434,,,False,,
esm2_top28_bilstm_attn,validation,-1,T,mean_rsa,exposure_length_position,1,1,7,0.20892529437939325,0.4127631645117487,-0.20383787013235546,,,False,,
esm2_top28_bilstm_attn,validation,-1,T,max_rsa,exposure_length_position,1,1,7,0.3471260070800781,0.4439557950411524,-0.09682978796107428,,,False,,
esm2_top28_bilstm_attn,validation,-1,T,log_segment_length,exposure_length_position,1,1,7,1.3862943611198906,0.908015380099413,0.4782789810204776,,,False,,
esm2_top28_bilstm_attn,validation,-1,T,normalized_midpoint,exposure_length_position,1,1,7,0.7789473684210526,0.6458646616541354,0.13308270676691725,,,False,,
esm2_top28_bilstm_attn,validation,-1,T,mean_torsion_change,geometry_boundaries,1,1,7,131.49907415691425,104.30963143327541,27.189442723638834,,,False,,
esm2_top28_bilstm_attn,validation,-1,T,max_torsion_change,geometry_boundaries,1,1,7,180.5910921018339,133.5649644685466,47.0261276332873,,,False,,
esm2_top28_bilstm_attn,validation,-1,T,q3_boundary_fraction,geometry_boundaries,1,1,7,0.0,0.047619047619047616,-0.047619047619047616,,,False,,
esm2_top28_bilstm_attn,validation,-1,T,mean_distance_to_q3_boundary,geometry_boundaries,1,1,7,6.0,3.5238095238095233,2.4761904761904767,,,False,,
esm2_top28_bilstm_attn,validation,-1,T,structured_linker_fraction,geometry_boundaries,1,1,7,0.0,0.5714285714285714,-0.5714285714285714,,,False,,
esm2_top28_bilstm_attn,validation,-1,T,mean_disorder,disorder,1,1,7,0.0007490379600008666,0.05682461225314037,-0.05607557429313951,,,False,,
esm2_top28_bilstm_attn,validation,-1,T,max_disorder,disorder,1,1,7,0.0012259784853085,0.05959698221080798,-0.058371003725499485,,,False,,
esm2_top28_bilstm_attn,validation,-1,T,fraction_glycine,sequence,1,1,7,0.3333333333333333,0.2857142857142857,0.047619047619047616,,,False,,
esm2_top28_bilstm_attn,validation,-1,T,fraction_proline,sequence,1,1,7,0.0,0.07142857142857142,-0.07142857142857142,,,False,,
esm2_top28_bilstm_attn,validation,-1,T,fraction_hydrophobic,sequence,1,1,7,0.3333333333333333,0.35714285714285715,-0.023809523809523836,,,False,,
esm2_top28_bilstm_attn,validation,-1,T,fraction_charged,sequence,1,1,7,0.3333333333333333,0.16666666666666666,0.16666666666666666,,,False,,
esm2_top28_bilstm_attn,validation,-1,T,fraction_aromatic,sequence,1,1,7,0.3333333333333333,0.14285714285714285,0.19047619047619047,,,False,,
esm2_top28_bilstm_attn,validation,-1,T,sequence_entropy,sequence,1,1,7,1.584962500721156,0.5121375001030223,1.072825000618134,,,False,,
esm2_top28_bilstm_attn,test,-1,E,mean_neq,neq,101,228,381,1.116249993451947,1.2111398509939952,-0.09488985754204807,-0.14265976550471482,-0.04711994957938132,True,2.641427305070906e-05,8.975543435622847e-05
esm2_top28_bilstm_attn,test,-1,E,max_neq,neq,101,228,381,1.481261386138614,1.5678846718005135,-0.08662328566189956,-0.21393899257124555,0.04069242124744643,True,0.12697740912643904,0.20511735320424768
esm2_top28_bilstm_attn,test,-1,E,neq_peak_fraction,neq,101,228,381,0.021553773256572845,0.044023719221739026,-0.022469945965166178,-0.03475396526232805,-0.010185926668004304,True,0.0007768210047205004,0.0021405312281662686
esm2_top28_bilstm_attn,test,-1,E,neq_peak_excess,neq,101,228,381,0.3650113926866667,0.35674482080651815,0.008266571880148572,-0.0857484177223839,0.10228156148268103,True,0.9554246529690044,0.9948539426203276
esm2_top28_bilstm_attn,test,-1,E,mean_rsa,exposure_length_position,101,228,381,0.14776069312755338,0.20239184234159716,-0.054631149214043793,-0.07532732605021347,-0.033934972377874115,True,1.0984812632799449e-06,4.3540036941963585e-06
esm2_top28_bilstm_attn,test,-1,E,max_rsa,exposure_length_position,101,228,381,0.3240056158186961,0.3411028616386637,-0.01709724581996767,-0.049810839772159346,0.015616348132224001,True,0.10721818413551203,0.17831022162428242
esm2_top28_bilstm_attn,test,-1,E,log_segment_length,exposure_length_position,101,228,381,2.0570404483706723,1.6919805710636293,0.3650598773070433,0.29968974280475336,0.43043001180933327,True,1.377400423377783e-14,9.88745399456536e-14
esm2_top28_bilstm_attn,test,-1,E,normalized_midpoint,exposure_length_position,101,228,381,0.4802597930408927,0.4892316779335868,-0.008971884892694165,-0.07487219064164469,0.05692842085625635,True,0.6101635214516359,0.7248639726029448
esm2_top28_bilstm_attn,test,-1,E,mean_torsion_change,geometry_boundaries,101,228,381,26.56009746482553,33.908278796644005,-7.3481813318184726,-10.316496019185466,-4.379866644451479,True,8.202464477168638e-06,2.962877392874697e-05
esm2_top28_bilstm_attn,test,-1,E,max_torsion_change,geometry_boundaries,101,228,381,83.55025672689932,82.0934685730162,1.4567881538831124,-8.206606926579427,11.120183234345651,True,0.529737019092665,0.6541420239416729
esm2_top28_bilstm_attn,test,-1,E,q3_boundary_fraction,geometry_boundaries,101,228,381,0.3410020815457824,0.5441154445114842,-0.20311336296570168,-0.2429680243157715,-0.16325870161563186,True,5.244957130658091e-14,3.663884309660125e-13
esm2_top28_bilstm_attn,test,-1,E,mean_distance_to_q3_boundary,geometry_boundaries,101,228,381,1.191595450122251,0.713688484102204,0.47790696602004706,0.374071194844501,0.5817427371955931,True,2.1511887249594984e-12,1.39066330384093e-11
esm2_top28_bilstm_attn,test,-1,E,structured_linker_fraction,geometry_boundaries,101,228,381,0.0,0.0,0.0,0.0,0.0,True,1.0,1.0
esm2_top28_bilstm_attn,test,-1,E,mean_disorder,disorder,101,228,381,0.004846074119935275,0.013517404551042759,-0.008671330431107486,-0.013564040808418254,-0.0037786200537967187,True,8.336317981793674e-07,3.3434271763279254e-06
esm2_top28_bilstm_attn,test,-1,E,max_disorder,disorder,101,228,381,0.010678542474712695,0.018603595168668226,-0.007925052693955529,-0.013489047603256487,-0.0023610577846545694,True,0.0010346510709563865,0.002785155470464604
esm2_top28_bilstm_attn,test,-1,E,fraction_glycine,sequence,101,228,381,0.03542509994968172,0.03212042318831569,0.0033046767613660265,-0.01059949094775435,0.017208844470486404,True,0.74156125594339,0.831857533624619
esm2_top28_bilstm_attn,test,-1,E,fraction_proline,sequence,101,228,381,0.015462017813502963,0.013211372157623923,0.002250645655879038,-0.008540702344306013,0.013041993656064088,True,0.8328990113591797,0.902574217117111
esm2_top28_bilstm_attn,test,-1,E,fraction_hydrophobic,sequence,101,228,381,0.60867547322182,0.5759053379173605,0.032770135304459554,-0.005500835880887581,0.07104110648980669,True,0.11716277188663637,0.19136586074817274
esm2_top28_bilstm_attn,test,-1,E,fraction_charged,sequence,101,228,381,0.15171347761907678,0.1598672870295925,-0.00815380941051575,-0.037940786613625384,0.02163316779259388,True,0.7540061527486551,0.8430207680037047
esm2_top28_bilstm_attn,test,-1,E,fraction_aromatic,sequence,101,228,381,0.16288725092668419,0.14590403166428623,0.01698321926239792,-0.014415714323242106,0.04838215284803794,True,0.1716383228289683,0.2635373158422987
esm2_top28_bilstm_attn,test,-1,E,sequence_entropy,sequence,101,228,381,2.3630194182609454,1.8214443491822543,0.5415750690786914,0.432662924266749,0.6504872138906337,True,2.942758115382418e-13,1.993880799220031e-12
esm2_top28_bilstm_attn,test,-1,H,mean_neq,neq,124,599,270,1.0867842077099763,1.2784304548056882,-0.19164624709571165,-0.2727947791709952,-0.11049771502042811,True,1.3619813087829059e-08,6.467498321622197e-08
esm2_top28_bilstm_attn,test,-1,H,max_neq,neq,124,599,270,1.6186784006768233,1.7628418080575339,-0.1441634073807105,-0.2885556683273779,0.00022885356595689355,True,0.12088569279122988,0.1966864905327951
esm2_top28_bilstm_attn,test,-1,H,neq_peak_fraction,neq,124,599,270,0.013029613404556054,0.061969361656861656,-0.0489397482523056,-0.07106326368475406,-0.02681623281985714,True,1.1096702186754755e-05,3.92037096064972e-05
esm2_top28_bilstm_attn,test,-1,H,neq_peak_excess,neq,124,599,270,0.5318941929668467,0.4844113532518456,0.04748283971500114,-0.05820019956651923,0.1531658789965215,True,0.19430139670820634,0.2921209679500012
esm2_top28_bilstm_attn,test,-1,H,mean_rsa,exposure_length_position,124,599,270,0.28374906389670673,0.29230810558633097,-0.00855904168962425,-0.026325351723451122,0.009207268344202622,True,0.11617875730969618,0.19012603023430918
esm2_top28_bilstm_attn,test,-1,H,max_rsa,exposure_length_position,124,599,270,0.6477852405137604,0.5335474569440739,0.11423778356968656,0.08138940373264694,0.14708616340672617,True,9.838816443876888e-10,5.101999754102416e-09
esm2_top28_bilstm_attn,test,-1,H,log_segment_length,exposure_length_position,124,599,270,2.6707977646766836,1.913692822662087,0.7571049420145961,0.6568942839894654,0.8573156000397268,True,9.075257332139462e-21,1.0193835561449676e-19
esm2_top28_bilstm_attn,test,-1,H,normalized_midpoint,exposure_length_position,124,599,270,0.502728539580093,0.5906033556223236,-0.08787481604223045,-0.14426550086452428,-0.03148413121993662,True,0.0023674008067063623,0.006009145741347005
esm2_top28_bilstm_attn,test,-1,H,mean_torsion_change,geometry_boundaries,124,599,270,16.296832574884245,28.466867799107778,-12.170035224223533,-15.709632236995404,-8.630438211451661,True,1.784497635067365e-10,9.923333066057172e-10
esm2_top28_bilstm_attn,test,-1,H,max_torsion_change,geometry_boundaries,124,599,270,137.83222879242138,105.99068759190612,31.84154120051523,21.713618231242098,41.96946416978837,True,1.0150922451070626e-07,4.4629738370701936e-07
esm2_top28_bilstm_attn,test,-1,H,q3_boundary_fraction,geometry_boundaries,124,599,270,0.17762787793173143,0.38674680262765454,-0.20911892469592314,-0.25084783497460994,-0.16739001441723633,True,4.514025393726602e-17,3.7683752731332452e-16
esm2_top28_bilstm_attn,test,-1,H,mean_distance_to_q3_boundary,geometry_boundaries,124,599,270,3.0167238518554003,1.4506601333362414,1.5660637185191593,1.328947067596394,1.8031803694419246,True,8.36423463144674e-19,8.149705270582544e-18
esm2_top28_bilstm_attn,test,-1,H,structured_linker_fraction,geometry_boundaries,124,599,270,0.0,0.0,0.0,0.0,0.0,True,1.0,1.0
esm2_top28_bilstm_attn,test,-1,H,mean_disorder,disorder,124,599,270,0.012635308234239421,0.03186371117297458,-0.019228402938735165,-0.026501328266197922,-0.011955477611272405,True,1.429208347301281e-09,7.2883158706268945e-09
esm2_top28_bilstm_attn,test,-1,H,max_disorder,disorder,124,599,270,0.03300088804472841,0.05249195244972791,-0.019491064404999495,-0.03098368826580466,-0.007998440544194333,True,0.007238009081355,0.016423965573195476
esm2_top28_bilstm_attn,test,-1,H,fraction_glycine,sequence,124,599,270,0.024226827720786798,0.026983876737182687,-0.002757049016395891,-0.012111126695856116,0.006597028663064334,True,0.1844805895130982,0.28007582988046026
esm2_top28_bilstm_attn,test,-1,H,fraction_proline,sequence,124,599,270,0.01623385278023581,0.024844525359793753,-0.008610672579557943,-0.02224659315091896,0.005025247991803074,True,0.01099349623935612,0.023936994981131225
esm2_top28_bilstm_attn,test,-1,H,fraction_hydrophobic,sequence,124,599,270,0.4881743966509836,0.530494655886319,-0.042320259235335514,-0.08109480755649426,-0.0035457109141767695,True,0.07120323539003318,0.12724003110660792
esm2_top28_bilstm_attn,test,-1,H,fraction_charged,sequence,124,599,270,0.2737145271539884,0.2326112532515177,0.04110327390247076,0.009752928797669064,0.07245361900727246,True,0.013002326196126256,0.02780573363004609
esm2_top28_bilstm_attn,test,-1,H,fraction_aromatic,sequence,124,599,270,0.08422026151781684,0.1086209184479701,-0.024400656930153256,-0.04921189759488158,0.00041058373457506306,True,0.18961490663247105,0.2863278246200914
esm2_top28_bilstm_attn,test,-1,H,sequence_entropy,sequence,124,599,270,2.9506411632505927,2.0418652231934717,0.9087759400571208,0.7548205650113817,1.06273131510286,True,1.863027118838103e-18,1.759467790165259e-17
esm2_top28_bilstm_attn,test,-1,C,mean_neq,neq,9,10,95,1.0724135802469137,1.3815601824731951,-0.30914660222628143,,,False,,
esm2_top28_bilstm_attn,test,-1,C,max_neq,neq,9,10,95,1.2647037037037037,1.7073123309817753,-0.4426086272780718,,,False,,
esm2_top28_bilstm_attn,test,-1,C,neq_peak_fraction,neq,9,10,95,0.005050505050505051,0.104429379776602,-0.09937887472609695,,,False,,
esm2_top28_bilstm_attn,test,-1,C,neq_peak_excess,neq,9,10,95,0.19229012345679009,0.32575214850858036,-0.13346202505179033,,,False,,
esm2_top28_bilstm_attn,test,-1,C,mean_rsa,exposure_length_position,9,10,95,0.3360600730367524,0.35911261213001605,-0.023052539093263633,,,False,,
esm2_top28_bilstm_attn,test,-1,C,max_rsa,exposure_length_position,9,10,95,0.4928962075048023,0.4543574856720681,0.038538721832734185,,,False,,
esm2_top28_bilstm_attn,test,-1,C,log_segment_length,exposure_length_position,9,10,95,1.7428896964144127,1.1475706077822379,0.5953190886321745,,,False,,
esm2_top28_bilstm_attn,test,-1,C,normalized_midpoint,exposure_length_position,9,10,95,0.4082023673462842,0.491431566259541,-0.08322919891325681,,,False,,
esm2_top28_bilstm_attn,test,-1,C,mean_torsion_change,geometry_boundaries,9,10,95,78.98444389971809,70.86246614912996,8.121977750588131,,,False,,
esm2_top28_bilstm_attn,test,-1,C,max_torsion_change,geometry_boundaries,9,10,95,146.6808628498995,95.51483846708551,51.16602438281401,,,False,,
esm2_top28_bilstm_attn,test,-1,C,q3_boundary_fraction,geometry_boundaries,9,10,95,0.3386243386243386,0.5416078777189889,-0.2029835390946502,,,False,,
esm2_top28_bilstm_attn,test,-1,C,mean_distance_to_q3_boundary,geometry_boundaries,9,10,95,2.7433862433862433,0.931819517930629,1.8115667254556145,,,False,,
esm2_top28_bilstm_attn,test,-1,C,structured_linker_fraction,geometry_boundaries,9,10,95,0.4444444444444444,0.6809744268077601,-0.23652998236331568,,,False,,
esm2_top28_bilstm_attn,test,-1,C,mean_disorder,disorder,9,10,95,0.08387741067392113,0.11813845873397771,-0.03426104806005657,,,False,,
esm2_top28_bilstm_attn,test,-1,C,max_disorder,disorder,9,10,95,0.11592783856516078,0.15500455182407535,-0.03907671325891457,,,False,,
esm2_top28_bilstm_attn,test,-1,C,fraction_glycine,sequence,9,10,95,0.07647907647907648,0.06386776161081717,0.012611314868259308,,,False,,
esm2_top28_bilstm_attn,test,-1,C,fraction_proline,sequence,9,10,95,0.0974025974025974,0.053724830981775426,0.043677766420821974,,,False,,
esm2_top28_bilstm_attn,test,-1,C,fraction_hydrophobic,sequence,9,10,95,0.36628186628186626,0.3293858129671622,0.036896053314704115,,,False,,
esm2_top28_bilstm_attn,test,-1,C,fraction_charged,sequence,9,10,95,0.0646945646945647,0.17428219744687998,-0.10958763275231528,,,False,,
esm2_top28_bilstm_attn,test,-1,C,fraction_aromatic,sequence,9,10,95,0.11327561327561327,0.05319940476190477,0.06007620851370851,,,False,,
esm2_top28_bilstm_attn,test,-1,C,sequence_entropy,sequence,9,10,95,1.681125810247178,0.8958186573618837,0.7853071528852943,,,False,,
esm2_top28_bilstm_attn,test,-1,T,mean_neq,neq,1,1,4,1.0,1.870888888888889,-0.870888888888889,,,False,,
esm2_top28_bilstm_attn,test,-1,T,max_neq,neq,1,1,4,1.0,2.0111666666666665,-1.0111666666666665,,,False,,
esm2_top28_bilstm_attn,test,-1,T,neq_peak_fraction,neq,1,1,4,0.0,0.0,0.0,,,False,,
esm2_top28_bilstm_attn,test,-1,T,neq_peak_excess,neq,1,1,4,0.0,0.14027777777777772,-0.14027777777777772,,,False,,
esm2_top28_bilstm_attn,test,-1,T,mean_rsa,exposure_length_position,1,1,4,0.5346202105283737,0.5159945463140805,0.018625664214293236,,,False,,
esm2_top28_bilstm_attn,test,-1,T,max_rsa,exposure_length_position,1,1,4,0.6387388110160828,0.5484703332185745,0.09026847779750824,,,False,,
esm2_top28_bilstm_attn,test,-1,T,log_segment_length,exposure_length_position,1,1,4,1.0986122886681096,0.9678002527269727,0.13081203594113688,,,False,,
esm2_top28_bilstm_attn,test,-1,T,normalized_midpoint,exposure_length_position,1,1,4,0.7967289719626168,0.39544392523364486,0.401285046728972,,,False,,
esm2_top28_bilstm_attn,test,-1,T,mean_torsion_change,geometry_boundaries,1,1,4,141.07846752910717,113.7538845051139,27.32458302399327,,,False,,
esm2_top28_bilstm_attn,test,-1,T,max_torsion_change,geometry_boundaries,1,1,4,148.42655590913222,126.12434529599997,22.302210613132246,,,False,,
esm2_top28_bilstm_attn,test,-1,T,q3_boundary_fraction,geometry_boundaries,1,1,4,0.5,0.25,0.25,,,False,,
esm2_top28_bilstm_attn,test,-1,T,mean_distance_to_q3_boundary,geometry_boundaries,1,1,4,0.5,1.125,-0.625,,,False,,
esm2_top28_bilstm_attn,test,-1,T,structured_linker_fraction,geometry_boundaries,1,1,4,1.0,1.0,0.0,,,False,,
esm2_top28_bilstm_attn,test,-1,T,mean_disorder,disorder,1,1,4,0.0499551706016063,0.011084492551162796,0.0388706780504435,,,False,,
esm2_top28_bilstm_attn,test,-1,T,max_disorder,disorder,1,1,4,0.0565871745347976,0.0116954552941024,0.044891719240695196,,,False,,
esm2_top28_bilstm_attn,test,-1,T,fraction_glycine,sequence,1,1,4,0.5,0.3333333333333333,0.16666666666666669,,,False,,
esm2_top28_bilstm_attn,test,-1,T,fraction_proline,sequence,1,1,4,0.0,0.0,0.0,,,False,,
esm2_top28_bilstm_attn,test,-1,T,fraction_hydrophobic,sequence,1,1,4,0.0,0.29166666666666663,-0.29166666666666663,,,False,,
esm2_top28_bilstm_attn,test,-1,T,fraction_charged,sequence,1,1,4,0.5,0.375,0.125,,,False,,
esm2_top28_bilstm_attn,test,-1,T,fraction_aromatic,sequence,1,1,4,0.0,0.08333333333333333,-0.08333333333333333,,,False,,
esm2_top28_bilstm_attn,test,-1,T,sequence_entropy,sequence,1,1,4,1.0,0.646240625180289,0.353759374819711,,,False,,
esm2_top28_bilstm_attn,test,-1,G,mean_neq,neq,4,4,10,1.1147777777777779,1.5087731481481481,-0.39399537037037047,,,False,,
esm2_top28_bilstm_attn,test,-1,G,max_neq,neq,4,4,10,1.2295833333333333,2.080111111111111,-0.850527777777778,,,False,,
esm2_top28_bilstm_attn,test,-1,G,neq_peak_fraction,neq,4,4,10,0.0,0.041666666666666664,-0.041666666666666664,,,False,,
esm2_top28_bilstm_attn,test,-1,G,neq_peak_excess,neq,4,4,10,0.11480555555555555,0.571337962962963,-0.45653240740740747,,,False,,
esm2_top28_bilstm_attn,test,-1,G,mean_rsa,exposure_length_position,4,4,10,0.43652782294278347,0.4727433826774359,-0.03621555973465243,,,False,,
esm2_top28_bilstm_attn,test,-1,G,max_rsa,exposure_length_position,4,4,10,0.5401041433215141,0.5882706170280774,-0.048166473706563295,,,False,,
esm2_top28_bilstm_attn,test,-1,G,log_segment_length,exposure_length_position,4,4,10,1.242453324894,1.1748758068759728,0.06757751801802736,,,False,,
esm2_top28_bilstm_attn,test,-1,G,normalized_midpoint,exposure_length_position,4,4,10,0.17910026284656833,0.46949813686861264,-0.2903978740220443,,,False,,
esm2_top28_bilstm_attn,test,-1,G,mean_torsion_change,geometry_boundaries,4,4,10,26.320893010195846,52.674931478560566,-26.35403846836472,,,False,,
esm2_top28_bilstm_attn,test,-1,G,max_torsion_change,geometry_boundaries,4,4,10,59.867783751204506,92.92891991562682,-33.06113616442231,,,False,,
esm2_top28_bilstm_attn,test,-1,G,q3_boundary_fraction,geometry_boundaries,4,4,10,0.49999999999999994,0.75,-0.25,,,False,,
esm2_top28_bilstm_attn,test,-1,G,mean_distance_to_q3_boundary,geometry_boundaries,4,4,10,0.5,0.4305555555555556,0.0694444444444444,,,False,,
esm2_top28_bilstm_attn,test,-1,G,structured_linker_fraction,geometry_boundaries,4,4,10,0.0,0.0,0.0,,,False,,
esm2_top28_bilstm_attn,test,-1,G,mean_disorder,disorder,4,4,10,0.13494865703008443,0.028121333297652457,0.10682732373243199,,,False,,
esm2_top28_bilstm_attn,test,-1,G,max_disorder,disorder,4,4,10,0.1399251124821603,0.03136565807896351,0.10855945440319677,,,False,,
esm2_top28_bilstm_attn,test,-1,G,fraction_glycine,sequence,4,4,10,0.0,0.06944444444444443,-0.06944444444444443,,,False,,
esm2_top28_bilstm_attn,test,-1,G,fraction_proline,sequence,4,4,10,0.0,0.0,0.0,,,False,,
esm2_top28_bilstm_attn,test,-1,G,fraction_hydrophobic,sequence,4,4,10,0.16666666666666666,0.12499999999999999,0.04166666666666667,,,False,,
esm2_top28_bilstm_attn,test,-1,G,fraction_charged,sequence,4,4,10,0.7499999999999999,0.48611111111111105,0.2638888888888889,,,False,,
esm2_top28_bilstm_attn,test,-1,G,fraction_aromatic,sequence,4,4,10,0.0,0.05555555555555555,-0.05555555555555555,,,False,,
esm2_top28_bilstm_attn,test,-1,G,sequence_entropy,sequence,4,4,10,0.792481250360578,1.070259028138356,-0.27777777777777785,,,False,,
esm3_frozen_bilstm_attn,train,-1,H,mean_neq,neq,587,2964,1317,1.0800802478138825,1.233440576085843,-0.1533603282719606,-0.18337047253359548,-0.12335018401032574,True,5.422217284854829e-32,1.1982037019669398e-30
esm3_frozen_bilstm_attn,train,-1,H,max_neq,neq,587,2964,1317,1.6577098809529367,1.7524772628737277,-0.09476738192079132,-0.16258696088133529,-0.026947802960247347,True,0.03405303627856227,0.06597897745433756
esm3_frozen_bilstm_attn,train,-1,H,neq_peak_fraction,neq,587,2964,1317,0.01348095559201587,0.05026375774693578,-0.036782802154919914,-0.045178214305489,-0.028387390004350824,True,1.7320891423725696e-15,1.3249306313035425e-14
esm3_frozen_bilstm_attn,train,-1,H,neq_peak_excess,neq,587,2964,1317,0.5776296331390544,0.5190366867878851,0.0585929463511693,0.003970456890823225,0.11321543581151539,True,0.009535657139497408,0.021071932541595253
esm3_frozen_bilstm_attn,train,-1,H,mean_rsa,exposure_length_position,587,2964,1317,0.28434024509936706,0.32262170511902594,-0.03828146001965884,-0.045825695058424196,-0.030737224980893485,True,1.43689354029928e-21,1.7227436382098813e-20
esm3_frozen_bilstm_attn,train,-1,H,max_rsa,exposure_length_position,587,2964,1317,0.6280599612175233,0.5606388530797731,0.06742110813775028,0.05435332956789779,0.08048888670760276,True,1.896887509158241e-16,1.5197575043753586e-15
esm3_frozen_bilstm_attn,train,-1,H,log_segment_length,exposure_length_position,587,2964,1317,2.664747522774388,2.0260667213440664,0.6386808014303214,0.5908585359392046,0.6865030669214381,True,5.354924300456004e-79,5.1728568742405e-77
esm3_frozen_bilstm_attn,train,-1,H,normalized_midpoint,exposure_length_position,587,2964,1317,0.4836395204824915,0.5473177365821127,-0.06367821609962135,-0.09203192259431252,-0.03532450960493018,True,8.585426465516938e-06,3.09130211713661e-05
esm3_frozen_bilstm_attn,train,-1,H,mean_torsion_change,geometry_boundaries,587,2964,1317,16.380024356897326,25.980517731624676,-9.60049337472735,-11.129743178789516,-8.071243570665183,True,6.071625181329425e-37,1.629219423656729e-35
esm3_frozen_bilstm_attn,train,-1,H,max_torsion_change,geometry_boundaries,587,2964,1317,138.5443691008248,109.39965333112617,29.14471576969863,24.24983701891307,34.039594520484194,True,6.77565038486988e-26,1.1013689399637048e-24
esm3_frozen_bilstm_attn,train,-1,H,q3_boundary_fraction,geometry_boundaries,587,2964,1317,0.18050420696447522,0.3721670716620145,-0.1916628646975393,-0.2098468591413323,-0.17347887025374628,True,2.1108085149712286e-71,1.4273287178235448e-69
esm3_frozen_bilstm_attn,train,-1,H,mean_distance_to_q3_boundary,geometry_boundaries,587,2964,1317,3.012257016877555,1.690217361782567,1.322039655094988,1.2006974366737588,1.4433818735162172,True,3.7997304761587065e-67,2.106047334408621e-65
esm3_frozen_bilstm_attn,train,-1,H,structured_linker_fraction,geometry_boundaries,587,2964,1317,0.0,0.0,0.0,0.0,0.0,True,1.0,1.0
esm3_frozen_bilstm_attn,train,-1,H,mean_disorder,disorder,587,2964,1317,0.01782664477023339,0.044122441790523215,-0.02629579702028983,-0.030297867076026053,-0.02229372696455361,True,6.481983009708931e-52,2.672632262905597e-50
esm3_frozen_bilstm_attn,train,-1,H,max_disorder,disorder,587,2964,1317,0.0412855969359421,0.07431425755441698,-0.03302866061847486,-0.038935816440112625,-0.0271215047968371,True,1.9298889031636162e-29,3.8839014176167774e-28
esm3_frozen_bilstm_attn,train,-1,H,fraction_glycine,sequence,587,2964,1317,0.023729934107107515,0.025264115018509375,-0.0015341809114018596,-0.006307401588528188,0.003239039765724468,True,1.804052293108214e-05,6.236708387524409e-05
esm3_frozen_bilstm_attn,train,-1,H,fraction_proline,sequence,587,2964,1317,0.01617658414813826,0.024290989069564336,-0.008114404921426078,-0.013670172187306762,-0.002558637655545394,True,0.007215393148403146,0.016405678705279782
esm3_frozen_bilstm_attn,train,-1,H,fraction_hydrophobic,sequence,587,2964,1317,0.4836727916129823,0.48326621525521557,0.00040657635776685083,-0.015336478153819529,0.01614963086935323,True,0.3781953860180409,0.5032186541231785
esm3_frozen_bilstm_attn,train,-1,H,fraction_charged,sequence,587,2964,1317,0.27905131818558365,0.2758846292355387,0.003166688950044939,-0.011865231301401078,0.018198609201490957,True,0.1847070633914747,0.2802937977228797
esm3_frozen_bilstm_attn,train,-1,H,fraction_aromatic,sequence,587,2964,1317,0.08715992277392644,0.09561435545108989,-0.008454432677163452,-0.018469791274921165,0.0015609259205942617,True,0.4428557868463848,0.5691466892199183
esm3_frozen_bilstm_attn,train,-1,H,sequence_entropy,sequence,587,2964,1317,2.9585520524046425,2.179379957327564,0.7791720950770786,0.7101783944254305,0.8481657957287267,True,6.280645178737763e-72,4.4239294477734117e-70
esm3_frozen_bilstm_attn,train,-1,E,mean_neq,neq,472,1288,1669,1.1140978699352628,1.1779611842476487,-0.0638633143123856,-0.08489587977030488,-0.042830748854466305,True,1.1370216578874523e-09,5.869114847812941e-09
esm3_frozen_bilstm_attn,train,-1,E,max_neq,neq,472,1288,1669,1.5164104491777468,1.5043692371403705,0.012041212037376172,-0.04007526685110597,0.06415769092585831,True,0.9330705461674293,0.9794199058031912
esm3_frozen_bilstm_attn,train,-1,E,neq_peak_fraction,neq,472,1288,1669,0.022690438625443617,0.0440538289352227,-0.021363390309779087,-0.02833933353704511,-0.014387447082513062,True,1.150668284443995e-09,5.930502240404188e-09
esm3_frozen_bilstm_attn,train,-1,E,neq_peak_excess,neq,472,1288,1669,0.40231257924248365,0.32640805289272184,0.07590452634976178,0.0379262073799372,0.11388284531958634,True,0.0007487013174936174,0.0020714886697593454
esm3_frozen_bilstm_attn,train,-1,E,mean_rsa,exposure_length_position,472,1288,1669,0.14839329167375462,0.2140563995729049,-0.06566310789915032,-0.07467871061874654,-0.05664750517955411,True,3.9020960511096286e-36,1.0148451345232042e-34
esm3_frozen_bilstm_attn,train,-1,E,max_rsa,exposure_length_position,472,1288,1669,0.32973687401521096,0.35927311807292783,-0.02953624405771688,-0.04346286847495014,-0.015609619640483614,True,4.273084453288478e-05,0.0001408118765747402
esm3_frozen_bilstm_attn,train,-1,E,log_segment_length,exposure_length_position,472,1288,1669,2.0432254673665673,1.732771179054527,0.3104542883120402,0.2782332899257236,0.3426752866983568,True,1.5272745108181184e-51,6.147279906042927e-50
esm3_frozen_bilstm_attn,train,-1,E,normalized_midpoint,exposure_length_position,472,1288,1669,0.4919414367077765,0.5009207285233047,-0.0089792918155282,-0.03768060774543245,0.019722024114376048,True,0.5046851982954093,0.6319440739102311
esm3_frozen_bilstm_attn,train,-1,E,mean_torsion_change,geometry_boundaries,472,1288,1669,29.1231654311598,32.35018616072991,-3.227020729570113,-5.129996387893543,-1.324045071246683,True,0.0012535696523195833,0.0033478033131852376
esm3_frozen_bilstm_attn,train,-1,E,max_torsion_change,geometry_boundaries,472,1288,1669,93.29817996027413,80.35167984707346,12.946500113200674,6.866710324117142,19.026289902284205,True,1.8684356243673367e-05,6.440197475182198e-05
esm3_frozen_bilstm_attn,train,-1,E,q3_boundary_fraction,geometry_boundaries,472,1288,1669,0.36309034634246307,0.503778780073486,-0.14068843373102285,-0.15819529457178133,-0.12318157289026438,True,3.0314428630635797e-42,9.855104153863425e-41
esm3_frozen_bilstm_attn,train,-1,E,mean_distance_to_q3_boundary,geometry_boundaries,472,1288,1669,1.170715121575205,0.8204358856722783,0.3502792359029265,0.29093599825655103,0.4096224735493019,True,1.138180432822611e-32,2.5654586955821653e-31
esm3_frozen_bilstm_attn,train,-1,E,structured_linker_fraction,geometry_boundaries,472,1288,1669,0.0,0.0,0.0,0.0,0.0,True,1.0,1.0
esm3_frozen_bilstm_attn,train,-1,E,mean_disorder,disorder,472,1288,1669,0.006755062826957132,0.01744483117013424,-0.01068976834317711,-0.012791731867248643,-0.008587804819105578,True,2.8951749088080847e-36,7.588051447038864e-35
esm3_frozen_bilstm_attn,train,-1,E,max_disorder,disorder,472,1288,1669,0.013620022190817304,0.024631284516384244,-0.01101126232556694,-0.01361734968390711,-0.00840517496722677,True,4.0934053293680263e-22,5.2622826686666525e-21
esm3_frozen_bilstm_attn,train,-1,E,fraction_glycine,sequence,472,1288,1669,0.034913618862165895,0.030725641589115157,0.004187977273050737,-0.0025039248785762754,0.01087987942467775,True,0.06163911957669936,0.11198380617346618
esm3_frozen_bilstm_attn,train,-1,E,fraction_proline,sequence,472,1288,1669,0.013893130331100255,0.01840239526301875,-0.004509264931918494,-0.011334330452527411,0.0023158005886904235,True,0.9038240276203694,0.9582405259907397
esm3_frozen_bilstm_attn,train,-1,E,fraction_hydrophobic,sequence,472,1288,1669,0.5991632201581112,0.5793111885517556,0.019852031606355687,0.002051303083047181,0.03765276012966419,True,0.02464322381821812,0.04968320794835746
esm3_frozen_bilstm_attn,train,-1,E,fraction_charged,sequence,472,1288,1669,0.1545132074710129,0.17987558495623215,-0.025362377485219217,-0.0403929879948914,-0.010331766975547042,True,0.0036725131414143543,0.008939357041844443
esm3_frozen_bilstm_attn,train,-1,E,fraction_aromatic,sequence,472,1288,1669,0.13193060006312898,0.14878608526175868,-0.016855485198629706,-0.031243339574194597,-0.002467630823064816,True,0.09403679663341413,0.16033202693775753
esm3_frozen_bilstm_attn,train,-1,E,sequence_entropy,sequence,472,1288,1669,2.2970246261380747,1.8812978117328478,0.41572681440522696,0.36275002077200336,0.46870360803845057,True,6.900023417772459e-39,1.960418418108293e-37
esm3_frozen_bilstm_attn,train,-1,G,mean_neq,neq,43,46,94,1.214738407329105,1.530870305770887,-0.31613189844178213,-0.4464192311158022,-0.1858445657677621,True,5.506128326699367e-05,0.00017951996019836608
esm3_frozen_bilstm_attn,train,-1,G,max_neq,neq,43,46,94,1.6004496124031007,2.031625876707272,-0.4311762643041712,-0.7441065648161211,-0.11824596379222124,True,0.0054822840420519,0.012871946073734356
esm3_frozen_bilstm_attn,train,-1,G,neq_peak_fraction,neq,43,46,94,0.035059901338971106,0.07818383167220376,-0.04312393033323266,-0.09412015478881244,0.00787229412234712,True,0.07785164841224998,0.13699705069867132
esm3_frozen_bilstm_attn,train,-1,G,neq_peak_excess,neq,43,46,94,0.38571120507399587,0.5007555709363849,-0.11504436586238911,-0.3300657891380504,0.09997705741327217,True,0.2934611081681202,0.412211053891323
esm3_frozen_bilstm_attn,train,-1,G,mean_rsa,exposure_length_position,43,46,94,0.33088735606517433,0.34880531758723876,-0.017917961522064485,-0.08056654014109955,0.044730617096970585,True,0.6902812398467759,0.7916692238541212
esm3_frozen_bilstm_attn,train,-1,G,max_rsa,exposure_length_position,43,46,94,0.5054804192379464,0.4800962528774921,0.02538416636045424,-0.05589901261688511,0.10666734533779358,True,0.5300710715421311,0.6543155505235287
esm3_frozen_bilstm_attn,train,-1,G,log_segment_length,exposure_length_position,43,46,94,1.427971854541878,1.183905320015212,0.24406653452666602,0.12670928939917894,0.36142377965415307,True,0.00025501025469904095,0.0007604037548634403
esm3_frozen_bilstm_attn,train,-1,G,normalized_midpoint,exposure_length_position,43,46,94,0.5242174668198202,0.607259021070312,-0.08304155425049178,-0.21110471007483966,0.045021601573856096,True,0.15772352819792912,0.2458151898797759
esm3_frozen_bilstm_attn,train,-1,G,mean_torsion_change,geometry_boundaries,43,46,94,53.66057360210447,58.92755761540993,-5.266984013305459,-16.79488292424801,6.260914897637093,True,0.3162368425296703,0.4379818583220305
esm3_frozen_bilstm_attn,train,-1,G,max_torsion_change,geometry_boundaries,43,46,94,129.50425512869535,110.17878803951861,19.325467089176797,-5.76640273508038,44.41733691343397,True,0.13431674904424332,0.21502127297281565
esm3_frozen_bilstm_attn,train,-1,G,q3_boundary_fraction,geometry_boundaries,43,46,94,0.5233262861169838,0.5512550756736803,-0.027928789556696528,-0.1399302177657327,0.08407263865233965,True,0.533496346563161,0.6575833568100793
esm3_frozen_bilstm_attn,train,-1,G,mean_distance_to_q3_boundary,geometry_boundaries,43,46,94,0.7105708245243129,1.122157622739018,-0.41158679821470523,-0.9937894102488062,0.17061581381939572,True,0.5096142950017649,0.6350866973664998
esm3_frozen_bilstm_attn,train,-1,G,structured_linker_fraction,geometry_boundaries,43,46,94,0.0,0.0,0.0,0.0,0.0,True,1.0,1.0
esm3_frozen_bilstm_attn,train,-1,G,mean_disorder,disorder,43,46,94,0.01837601738320519,0.023973421328640488,-0.005597403945435303,-0.01986971158946539,0.008674903698594784,True,0.3462713419855299,0.46881027209803405
esm3_frozen_bilstm_attn,train,-1,G,max_disorder,disorder,43,46,94,0.02312382776662432,0.02675611584217744,-0.0036322880755531185,-0.018672038461883794,0.011407462310777557,True,0.6992015773166784,0.7994590912775413
esm3_frozen_bilstm_attn,train,-1,G,fraction_glycine,sequence,43,46,94,0.040697674418604654,0.0460686600221484,-0.005370985603543742,-0.05897770788193122,0.04823573667484373,True,0.5000350869565201,0.6280158354383337
esm3_frozen_bilstm_attn,train,-1,G,fraction_proline,sequence,43,46,94,0.060641296687808315,0.07816537467700259,-0.017524077989194267,-0.08147190805575621,0.04642375207736768,True,0.5629396189536537,0.6816972964478164
esm3_frozen_bilstm_attn,train,-1,G,fraction_hydrophobic,sequence,43,46,94,0.39510218463706825,0.36279069767441857,0.03231148696264976,-0.07549945778534808,0.1401224317106476,True,0.9470139364628221,0.9893629521341716
esm3_frozen_bilstm_attn,train,-1,G,fraction_charged,sequence,43,46,94,0.34411557434813245,0.2773071244001477,0.06680844994798484,-0.0512340635070357,0.18485096340300539,True,0.15175707477008388,0.2378781504777831
esm3_frozen_bilstm_attn,train,-1,G,fraction_aromatic,sequence,43,46,94,0.11391825229034531,0.12126245847176077,-0.007344206181415477,-0.10031028677651099,0.08562187441368005,True,0.5400330537466911,0.6625128051552045
esm3_frozen_bilstm_attn,train,-1,G,sequence_entropy,sequence,43,46,94,1.4904454562893314,1.0638228061982091,0.4266226500911221,0.19656730880478798,0.6566779913774562,True,0.0022781819097006896,0.0058044710148440325
esm3_frozen_bilstm_attn,train,-1,C,mean_neq,neq,53,62,480,1.134591460426366,1.3951047263783691,-0.2605132659520031,-0.4122437806001913,-0.1087827513038149,True,9.010049806711219e-06,3.223595597512236e-05
esm3_frozen_bilstm_attn,train,-1,C,max_neq,neq,53,62,480,1.373059748427673,1.757980616318266,-0.38492086789059315,-0.7394182909117679,-0.030423444869418337,True,0.0028098595850243194,0.007016348047981702
esm3_frozen_bilstm_attn,train,-1,C,neq_peak_fraction,neq,53,62,480,0.024303683737646003,0.08513307768746042,-0.060829393949814424,-0.08759012848663275,-0.0340686594129961,True,2.64668758296798e-05,8.984388271099136e-05
esm3_frozen_bilstm_attn,train,-1,C,neq_peak_excess,neq,53,62,480,0.23846828800130687,0.3628758899398968,-0.12440760193858999,-0.33679149768819405,0.08797629381101407,True,0.10427291323861362,0.17401121404726194
esm3_frozen_bilstm_attn,train,-1,C,mean_rsa,exposure_length_position,53,62,480,0.2822615575534932,0.3385989424654832,-0.05633738491198995,-0.09676768516342948,-0.015907084660550415,True,0.018752792121289396,0.038802441959656944
esm3_frozen_bilstm_attn,train,-1,C,max_rsa,exposure_length_position,53,62,480,0.41592397598795733,0.43919322401316857,-0.023269248025211214,-0.08659931215313804,0.04006081610271561,True,0.773565021656321,0.8592060900854209
esm3_frozen_bilstm_attn,train,-1,C,log_segment_length,exposure_length_position,53,62,480,1.4534810893283379,1.1689077179634748,0.28457337136486316,0.08513341721016018,0.4840133255195661,True,0.007808133262296169,0.017611273222030252
esm3_frozen_bilstm_attn,train,-1,C,normalized_midpoint,exposure_length_position,53,62,480,0.4531113616917166,0.5339306827793615,-0.08081932108764485,-0.17381066450995442,0.012172022334664703,True,0.08671070830445991,0.15065205795343214
esm3_frozen_bilstm_attn,train,-1,C,mean_torsion_change,geometry_boundaries,53,62,480,62.97942357246872,78.63791698785691,-15.6584934153882,-29.83766215938045,-1.4793246713959505,True,0.001599430545743195,0.004198505182575887
esm3_frozen_bilstm_attn,train,-1,C,max_torsion_change,geometry_boundaries,53,62,480,106.38972755805398,104.67501116021765,1.7147163978363356,-18.09780539122039,21.527238186893058,True,0.9470627659578066,0.9893629521341716
esm3_frozen_bilstm_attn,train,-1,C,q3_boundary_fraction,geometry_boundaries,53,62,480,0.47018091970922166,0.5445972216608486,-0.07441630195162692,-0.20284684757478233,0.054014243671528475,True,0.24257435009339112,0.35275005491000233
esm3_frozen_bilstm_attn,train,-1,C,mean_distance_to_q3_boundary,geometry_boundaries,53,62,480,2.624730458221024,1.4955282263899883,1.129202231831036,-0.12866293188762423,2.387067395549696,True,0.38561762813418154,0.5105478129628921
esm3_frozen_bilstm_attn,train,-1,C,structured_linker_fraction,geometry_boundaries,53,62,480,0.6194968553459118,0.5876149763613985,0.03188187898451348,-0.12211635333530482,0.18588011130433177,True,0.6740087514018909,0.7788187247060127
esm3_frozen_bilstm_attn,train,-1,C,mean_disorder,disorder,53,62,480,0.03302355345027984,0.09687406733233697,-0.06385051388205715,-0.09605058298107197,-0.03165044478304232,True,3.1470643022389973e-06,1.1835622253470578e-05
esm3_frozen_bilstm_attn,train,-1,C,max_disorder,disorder,53,62,480,0.05493628986590939,0.15686993643963648,-0.10193364657372708,-0.16096369736485908,-0.04290359578259508,True,1.9517123507452996e-06,7.49005613833128e-06
esm3_frozen_bilstm_attn,train,-1,C,fraction_glycine,sequence,53,62,480,0.027799558931634404,0.09113396656068544,-0.063334407629051,-0.09828138370235101,-0.02838743155575099,True,5.1409211887387304e-05,0.00016826190260528216
esm3_frozen_bilstm_attn,train,-1,C,fraction_proline,sequence,53,62,480,0.07879604672057501,0.06261217445800364,0.01618387226257137,-0.029409821430238223,0.06177756595538096,True,0.4978767038906402,0.6257699389792768
esm3_frozen_bilstm_attn,train,-1,C,fraction_hydrophobic,sequence,53,62,480,0.35875806583353753,0.3159209591000109,0.04283710673352657,-0.04638342014450787,0.13205763361156103,True,0.38319353070817197,0.508069540127188
esm3_frozen_bilstm_attn,train,-1,C,fraction_charged,sequence,53,62,480,0.21782242914318387,0.2040299119022656,0.013792517240918263,-0.056590848926079865,0.08417588340791639,True,0.9611637104667025,0.99775698651763
esm3_frozen_bilstm_attn,train,-1,C,fraction_aromatic,sequence,53,62,480,0.06600302213509761,0.06944808443502888,-0.0034450622999312747,-0.04922969959383854,0.042339574993976,True,0.06216649379765021,0.11276014781644601
esm3_frozen_bilstm_attn,train,-1,C,sequence_entropy,sequence,53,62,480,1.432081917433077,0.9348604517397361,0.4972214656933414,0.16878785811193892,0.8256550732747439,True,0.003063644964188941,0.00758754430248107
esm3_frozen_bilstm_attn,train,-1,T,mean_neq,neq,13,13,67,1.1809807692307692,1.463618317330817,-0.282637548100048,-0.48647474945193436,-0.07880034674816161,True,0.015906444101703374,0.03344507929593228
esm3_frozen_bilstm_attn,train,-1,T,max_neq,neq,13,13,67,1.3285897435897438,1.6511393356643358,-0.32254959207459205,-0.6615708961009283,0.01647171195174424,True,0.1005251728089838,0.16875650907009646
esm3_frozen_bilstm_attn,train,-1,T,neq_peak_fraction,neq,13,13,67,0.0,0.11263320013320013,-0.11263320013320013,-0.17408223847189463,-0.05118416179450562,True,0.00451247249215236,0.010816451242009108
esm3_frozen_bilstm_attn,train,-1,T,neq_peak_excess,neq,13,13,67,0.14760897435897435,0.18752101833351836,-0.039912043974544,-0.1954611876358734,0.11563709968678537,True,0.3454475304692258,0.4682669583423616
esm3_frozen_bilstm_attn,train,-1,T,mean_rsa,exposure_length_position,13,13,67,0.36036316505991495,0.5023626068180852,-0.1419994417581704,-0.2761533134541059,-0.00784557006223488,True,0.05462393825457164,0.10015376097543748
esm3_frozen_bilstm_attn,train,-1,T,max_rsa,exposure_length_position,13,13,67,0.4417780600488186,0.5700532741678425,-0.12827521411902382,-0.2924926567653362,0.035942228527288594,True,0.1005251728089838,0.16875650907009646
esm3_frozen_bilstm_attn,train,-1,T,log_segment_length,exposure_length_position,13,13,67,1.173105114284507,1.011682851985046,0.16142226229946116,-0.01990012215272427,0.3427446467516466,True,0.03924327615032667,0.07491898174153273
esm3_frozen_bilstm_attn,train,-1,T,normalized_midpoint,exposure_length_position,13,13,67,0.42101418776543,0.46250245283674446,-0.04148826507131462,-0.23354353576716078,0.15056700562453154,True,0.6001794871405539,0.7157696105898458
esm3_frozen_bilstm_attn,train,-1,T,mean_torsion_change,geometry_boundaries,13,13,67,92.06495646377392,92.4186230230447,-0.3536665592707624,-28.148601913754234,27.441268795212707,True,0.700703412251682,0.8006347539110972
esm3_frozen_bilstm_attn,train,-1,T,max_torsion_change,geometry_boundaries,13,13,67,155.37584858608776,134.2296627580987,21.146185827989036,-15.541910276852818,57.83428193283089,True,0.221330082993901,0.32592204294528715
esm3_frozen_bilstm_attn,train,-1,T,q3_boundary_fraction,geometry_boundaries,13,13,67,0.16025641025641024,0.3258574758574759,-0.16560106560106558,-0.3681006359801313,0.036898504778000135,True,0.0867637960488504,0.15066686925586192
esm3_frozen_bilstm_attn,train,-1,T,mean_distance_to_q3_boundary,geometry_boundaries,13,13,67,2.5512820512820515,1.46248334998335,1.0887987012987013,-0.7359380079574029,2.9135354105548057,True,0.2781198076720537,0.39509372678118215
esm3_frozen_bilstm_attn,train,-1,T,structured_linker_fraction,geometry_boundaries,13,13,67,0.5384615384615384,0.7840326340326341,-0.2455710955710956,-0.559381933680589,0.06823974253839779,True,0.16065821871287955,0.24939643593583372
esm3_frozen_bilstm_attn,train,-1,T,mean_disorder,disorder,13,13,67,0.009958916654375939,0.012664955838170776,-0.002706039183794836,-0.019550156274551662,0.014138077906961989,True,0.13295729296233563,0.2132713521655108
esm3_frozen_bilstm_attn,train,-1,T,max_disorder,disorder,13,13,67,0.01299680503703148,0.013791461778145626,-0.0007946567411141486,-0.02273161442427617,0.021142300942047876,True,0.11585149752593009,0.18968228238991264
esm3_frozen_bilstm_attn,train,-1,T,fraction_glycine,sequence,13,13,67,0.17948717948717946,0.2066933066933067,-0.02720612720612721,-0.20157821097086653,0.14716595655861214,True,0.752272903009187,0.8421969155874375
esm3_frozen_bilstm_attn,train,-1,T,fraction_proline,sequence,13,13,67,0.07692307692307693,0.04582084582084582,0.031102231102231107,-0.07608641797442048,0.1382908801788827,True,0.6438138967112847,0.7552861848649736
esm3_frozen_bilstm_attn,train,-1,T,fraction_hydrophobic,sequence,13,13,67,0.26282051282051283,0.24376318126318128,0.019057331557331567,-0.2128796356020573,0.2509942987167204,True,0.9442846702411258,0.9881233271696833
esm3_frozen_bilstm_attn,train,-1,T,fraction_charged,sequence,13,13,67,0.23076923076923078,0.2821789321789322,-0.0514097014097014,-0.28602031903093394,0.18320091621153112,True,0.5761035432771853,0.6934161907512152
esm3_frozen_bilstm_attn,train,-1,T,fraction_aromatic,sequence,13,13,67,0.10256410256410256,0.0766941391941392,0.025869963369963382,-0.1820141817546043,0.23375410849453107,True,0.4371060985994466,0.5638518578270617
esm3_frozen_bilstm_attn,train,-1,T,sequence_entropy,sequence,13,13,67,1.1349913463202668,0.7476536724478849,0.3873376738723818,-0.0010854752626604514,0.7757608230074241,True,0.03012507365640565,0.059354821697148896
esm3_frozen_bilstm_attn,train,-1,S,mean_neq,neq,2,3,15,1.0,1.1756570512820512,-0.17565705128205122,,,False,,
esm3_frozen_bilstm_attn,train,-1,S,max_neq,neq,2,3,15,1.0,1.213576923076923,-0.2135769230769231,,,False,,
esm3_frozen_bilstm_attn,train,-1,S,neq_peak_fraction,neq,2,3,15,0.0,0.07692307692307693,-0.07692307692307693,,,False,,
esm3_frozen_bilstm_attn,train,-1,S,neq_peak_excess,neq,2,3,15,0.0,0.037919871794871815,-0.037919871794871815,,,False,,
esm3_frozen_bilstm_attn,train,-1,S,mean_rsa,exposure_length_position,2,3,15,0.32770636305212975,0.4736028445454744,-0.1458964814933447,,,False,,
esm3_frozen_bilstm_attn,train,-1,S,max_rsa,exposure_length_position,2,3,15,0.32770636305212975,0.5125183643629918,-0.18481200131086206,,,False,,
esm3_frozen_bilstm_attn,train,-1,S,log_segment_length,exposure_length_position,2,3,15,0.6931471805599453,0.9426641701649694,-0.24951698960502416,,,False,,
esm3_frozen_bilstm_attn,train,-1,S,normalized_midpoint,exposure_length_position,2,3,15,0.45043429183646133,0.804246560323298,-0.35381226848683656,,,False,,
esm3_frozen_bilstm_attn,train,-1,S,mean_torsion_change,geometry_boundaries,2,3,15,190.97278904421205,180.31542574818394,10.657363296028137,,,False,,
esm3_frozen_bilstm_attn,train,-1,S,max_torsion_change,geometry_boundaries,2,3,15,190.97278904421205,184.7113292628145,6.261459781397562,,,False,,
esm3_frozen_bilstm_attn,train,-1,S,q3_boundary_fraction,geometry_boundaries,2,3,15,1.0,0.40384615384615385,0.5961538461538461,,,False,,
esm3_frozen_bilstm_attn,train,-1,S,mean_distance_to_q3_boundary,geometry_boundaries,2,3,15,0.0,2.5,-2.5,,,False,,
esm3_frozen_bilstm_attn,train,-1,S,structured_linker_fraction,geometry_boundaries,2,3,15,1.0,0.8461538461538461,0.15384615384615385,,,False,,
esm3_frozen_bilstm_attn,train,-1,S,mean_disorder,disorder,2,3,15,0.0006920430751051185,0.0031299629828516005,-0.0024379199077464823,,,False,,
esm3_frozen_bilstm_attn,train,-1,S,max_disorder,disorder,2,3,15,0.0006920430751051185,0.0037698608186753557,-0.0030778177435702376,,,False,,
esm3_frozen_bilstm_attn,train,-1,S,fraction_glycine,sequence,2,3,15,0.25,0.07692307692307693,0.17307692307692307,,,False,,
esm3_frozen_bilstm_attn,train,-1,S,fraction_proline,sequence,2,3,15,0.0,0.0,0.0,,,False,,
esm3_frozen_bilstm_attn,train,-1,S,fraction_hydrophobic,sequence,2,3,15,0.0,0.07692307692307693,-0.07692307692307693,,,False,,
esm3_frozen_bilstm_attn,train,-1,S,fraction_charged,sequence,2,3,15,0.75,0.34615384615384615,0.40384615384615385,,,False,,
esm3_frozen_bilstm_attn,train,-1,S,fraction_aromatic,sequence,2,3,15,0.0,0.019230769230769232,-0.019230769230769232,,,False,,
esm3_frozen_bilstm_attn,train,-1,S,sequence_entropy,sequence,2,3,15,0.0,0.6153846153846154,-0.6153846153846154,,,False,,
esm3_frozen_bilstm_attn,validation,-1,H,mean_neq,neq,130,625,277,1.0917794721211944,1.1520762268022728,-0.06029675468107848,-0.11091368040670596,-0.009679828955450998,True,0.0003036396612433826,0.0008919250170841673
esm3_frozen_bilstm_attn,validation,-1,H,max_neq,neq,130,625,277,1.6884181177934685,1.6332133272283271,0.055204790565141236,-0.07591555927515345,0.18632514040543594,True,0.31939552636886726,0.441200643016195
esm3_frozen_bilstm_attn,validation,-1,H,neq_peak_fraction,neq,130,625,277,0.013003069191467532,0.04593187295960719,-0.032928803768139656,-0.04965437109542213,-0.016203236440857183,True,0.007893044076092946,0.017790921347513502
esm3_frozen_bilstm_attn,validation,-1,H,neq_peak_excess,neq,130,625,277,0.5966386456722741,0.4811371004260543,0.11550154524621972,0.010151730709086024,0.2208513597833534,True,0.009222511828213889,0.020500534182242708
esm3_frozen_bilstm_attn,validation,-1,H,mean_rsa,exposure_length_position,130,625,277,0.27825838934761155,0.31500871317456436,-0.036750323826952806,-0.055366779273292074,-0.01813386838061354,True,0.0007958142849957088,0.0021892986961517427
esm3_frozen_bilstm_attn,validation,-1,H,max_rsa,exposure_length_position,130,625,277,0.6374685159677346,0.5521715896432224,0.08529692632451207,0.05343901570527829,0.11715483694374584,True,2.696333275967228e-06,1.0208625762648597e-05
esm3_frozen_bilstm_attn,validation,-1,H,log_segment_length,exposure_length_position,130,625,277,2.710613886044124,2.060302270498437,0.650311615545687,0.546946895449807,0.7536763356415669,True,4.2177246824897467e-19,4.218972530028945e-18
esm3_frozen_bilstm_attn,validation,-1,H,normalized_midpoint,exposure_length_position,130,625,277,0.5109854539748867,0.5035403411731654,0.007445112801721388,-0.04925836830380954,0.06414859390725232,True,0.864387936760324,0.9265997508518249
esm3_frozen_bilstm_attn,validation,-1,H,mean_torsion_change,geometry_boundaries,130,625,277,16.104399956181148,23.909339906295205,-7.804939950114054,-10.837433241997797,-4.772446658230311,True,2.1033742593102036e-07,9.001909330035188e-07
esm3_frozen_bilstm_attn,validation,-1,H,max_torsion_change,geometry_boundaries,130,625,277,140.18887198224485,105.30255838886924,34.886313593375654,23.933447226900466,45.83917995985084,True,9.854696793506745e-08,4.355389524032197e-07
esm3_frozen_bilstm_attn,validation,-1,H,q3_boundary_fraction,geometry_boundaries,130,625,277,0.17333684381536585,0.3456062547853957,-0.17226941097002985,-0.20813994052225387,-0.13639888141780582,True,1.5500089842932754e-16,1.2477572323560866e-15
esm3_frozen_bilstm_attn,validation,-1,H,mean_distance_to_q3_boundary,geometry_boundaries,130,625,277,3.262619184610291,1.9605319318039016,1.3020872528063892,1.0791374950667425,1.5250370105460358,True,1.3609097675022572e-17,1.2045120219699298e-16
esm3_frozen_bilstm_attn,validation,-1,H,structured_linker_fraction,geometry_boundaries,130,625,277,0.0,0.0,0.0,0.0,0.0,True,1.0,1.0
esm3_frozen_bilstm_attn,validation,-1,H,mean_disorder,disorder,130,625,277,0.01278301133974922,0.04770643085940747,-0.034923419519658244,-0.04698980194546122,-0.022857037093855267,True,4.2966249103541875e-11,2.5176583746806774e-10
esm3_frozen_bilstm_attn,validation,-1,H,max_disorder,disorder,130,625,277,0.03299450366746611,0.07850191901754772,-0.04550741535008159,-0.06159090587367434,-0.029423924826488836,True,3.325744812691994e-07,1.3950798029418898e-06
esm3_frozen_bilstm_attn,validation,-1,H,fraction_glycine,sequence,130,625,277,0.025892348596436437,0.017387321102471716,0.00850502749396472,3.1134978636937483e-06,0.017006941490065746,True,3.280925694643856e-05,0.00010961274479832884
esm3_frozen_bilstm_attn,validation,-1,H,fraction_proline,sequence,130,625,277,0.015651371614229494,0.03364285093436037,-0.01799147932013086,-0.030123588425684668,-0.005859370214577055,True,0.7328060283514901,0.8250218210870374
esm3_frozen_bilstm_attn,validation,-1,H,fraction_hydrophobic,sequence,130,625,277,0.47564841676413266,0.5012188717240941,-0.025570454959961304,-0.05967369942633203,0.00853278950640942,True,0.14258049455168006,0.22589721278314448
esm3_frozen_bilstm_attn,validation,-1,H,fraction_charged,sequence,130,625,277,0.2830795852559433,0.2740727554507476,0.009006829805195713,-0.02990804316160527,0.0479217027719967,True,0.08765242991013027,0.15197582847494895
esm3_frozen_bilstm_attn,validation,-1,H,fraction_aromatic,sequence,130,625,277,0.08962304596399083,0.10177232166621612,-0.012149275702225279,-0.037348354445385215,0.013049803040934654,True,0.5388079303713154,0.6614777097260048
esm3_frozen_bilstm_attn,validation,-1,H,sequence_entropy,sequence,130,625,277,2.9995642195147623,2.167262322808512,0.8323018967062502,0.6825486690636648,0.9820551243488356,True,4.202429669738797e-18,3.840112084699154e-17
esm3_frozen_bilstm_attn,validation,-1,E,mean_neq,neq,104,259,327,1.118115144486141,1.169629166050495,-0.05151402156435421,-0.09147511952653259,-0.011552923602175837,True,0.06596347219961113,0.11862898909940703
esm3_frozen_bilstm_attn,validation,-1,E,max_neq,neq,104,259,327,1.5143978996697744,1.4879071746540498,0.026490725015725042,-0.0842025290967243,0.13718397912817437,True,0.6498338367277086,0.7573554643145063
esm3_frozen_bilstm_attn,validation,-1,E,neq_peak_fraction,neq,104,259,327,0.01889456304461046,0.03882876885949028,-0.01993420581487982,-0.03487775565694943,-0.004990655972810213,True,0.043671511051459354,0.08234990455381153
esm3_frozen_bilstm_attn,validation,-1,E,neq_peak_excess,neq,104,259,327,0.3962827551836337,0.3182780086035545,0.07800474658007925,-0.0037485017177593255,0.1597579948779178,True,0.08508206525435495,0.1481269117533337
esm3_frozen_bilstm_attn,validation,-1,E,mean_rsa,exposure_length_position,104,259,327,0.14568012919199091,0.20590654337380324,-0.06022641418181233,-0.08088797613085112,-0.039564852232773534,True,2.9969972505849406e-07,1.2634473446667937e-06
esm3_frozen_bilstm_attn,validation,-1,E,max_rsa,exposure_length_position,104,259,327,0.3359517023899746,0.35849341006687435,-0.02254170767689967,-0.06062612966722453,0.015542714313425195,True,0.12269100195487594,0.19933602960568744
esm3_frozen_bilstm_attn,validation,-1,E,log_segment_length,exposure_length_position,104,259,327,2.096125338767192,1.7761191274309323,0.3200062113362595,0.24364100562083496,0.39637141705168405,True,7.362334704287123e-12,4.5589841822701035e-11
esm3_frozen_bilstm_attn,validation,-1,E,normalized_midpoint,exposure_length_position,104,259,327,0.48543458964783864,0.46044709704462944,0.02498749260320932,-0.03794983931448523,0.08792482452090386,True,0.3673222872898537,0.49145890515512286
esm3_frozen_bilstm_attn,validation,-1,E,mean_torsion_change,geometry_boundaries,104,259,327,28.340252139298993,34.73258393213916,-6.392331792840167,-10.294933062732513,-2.489730522947822,True,0.0036660188401046526,0.008929978168871635
esm3_frozen_bilstm_attn,validation,-1,E,max_torsion_change,geometry_boundaries,104,259,327,92.91143107848812,88.47226749343847,4.439163585049652,-9.05793236530961,17.936259535408915,True,0.3621747870137212,0.4859178392434093
esm3_frozen_bilstm_attn,validation,-1,E,q3_boundary_fraction,geometry_boundaries,104,259,327,0.3308650269683646,0.46684910326210355,-0.13598407629373888,-0.17504545414743447,-0.09692269844004328,True,9.596353306347241e-10,4.983912523619051e-09
esm3_frozen_bilstm_attn,validation,-1,E,mean_distance_to_q3_boundary,geometry_boundaries,104,259,327,1.3058902179050755,0.8843741259210884,0.421516091983987,0.2965647835363606,0.5464674004316133,True,1.0730205199174605e-09,5.54722076122467e-09
esm3_frozen_bilstm_attn,validation,-1,E,structured_linker_fraction,geometry_boundaries,104,259,327,0.0,0.0,0.0,0.0,0.0,True,1.0,1.0
esm3_frozen_bilstm_attn,validation,-1,E,mean_disorder,disorder,104,259,327,0.005755202571669639,0.012049332733376465,-0.0062941301617068235,-0.010061969284536957,-0.0025262910388766896,True,1.0482414153485848e-05,3.718892156656417e-05
esm3_frozen_bilstm_attn,validation,-1,E,max_disorder,disorder,104,259,327,0.013167827263327615,0.019280388175484886,-0.006112560912157271,-0.011766761334442339,-0.00045836048987220237,True,0.01514626443392641,0.03206607392054176
esm3_frozen_bilstm_attn,validation,-1,E,fraction_glycine,sequence,104,259,327,0.04283631473244878,0.032257848305356246,0.010578466427092535,-0.002934498600951869,0.02409143145513694,True,0.06313357855578232,0.11426907339245183
esm3_frozen_bilstm_attn,validation,-1,E,fraction_proline,sequence,104,259,327,0.012771112656929965,0.01863814343725058,-0.005867030780320615,-0.016804807872318545,0.005070746311677314,True,0.4243844930069186,0.5512270345203195
esm3_frozen_bilstm_attn,validation,-1,E,fraction_hydrophobic,sequence,104,259,327,0.5942086061138615,0.5827662137377513,0.01144239237611012,-0.028480348520886017,0.05136513327310625,True,0.5594170274913451,0.6784035042855947
esm3_frozen_bilstm_attn,validation,-1,E,fraction_charged,sequence,104,259,327,0.16067856217982454,0.178301047328062,-0.017622485148237423,-0.04802187796422197,0.012776907667747125,True,0.3874682368043195,0.5115306945081626
esm3_frozen_bilstm_attn,validation,-1,E,fraction_aromatic,sequence,104,259,327,0.12608356216423555,0.13515174524948145,-0.009068183085245905,-0.03916812010823066,0.021031753937738856,True,0.9586190324969559,0.996796139117945
esm3_frozen_bilstm_attn,validation,-1,E,sequence_entropy,sequence,104,259,327,2.389028710557606,1.9155066952862732,0.4735220152713326,0.35232389411265785,0.5947201364300073,True,5.612186214738651e-11,3.2325045301586674e-10
esm3_frozen_bilstm_attn,validation,-1,T,mean_neq,neq,4,4,24,1.0771527777777778,1.4671811507936507,-0.39002837301587295,,,False,,
esm3_frozen_bilstm_attn,validation,-1,T,max_neq,neq,4,4,24,1.1530833333333335,1.603666865079365,-0.45058353174603166,,,False,,
esm3_frozen_bilstm_attn,validation,-1,T,neq_peak_fraction,neq,4,4,24,0.0,0.16577380952380952,-0.16577380952380952,,,False,,
esm3_frozen_bilstm_attn,validation,-1,T,neq_peak_excess,neq,4,4,24,0.0759305555555555,0.1364857142857143,-0.060555158730158806,,,False,,
esm3_frozen_bilstm_attn,validation,-1,T,mean_rsa,exposure_length_position,4,4,24,0.2129500607649485,0.4536278049040231,-0.24067774413907458,,,False,,
esm3_frozen_bilstm_attn,validation,-1,T,max_rsa,exposure_length_position,4,4,24,0.3439956158399582,0.5058160293137743,-0.16182041347381615,,,False,,
esm3_frozen_bilstm_attn,validation,-1,T,log_segment_length,exposure_length_position,4,4,24,1.170532806781055,0.9323952850494415,0.23813752173161334,,,False,,
esm3_frozen_bilstm_attn,validation,-1,T,normalized_midpoint,exposure_length_position,4,4,24,0.6971430231969322,0.6103723922020422,0.08677063099489005,,,False,,
esm3_frozen_bilstm_attn,validation,-1,T,mean_torsion_change,geometry_boundaries,4,4,24,66.30440975938171,93.32513435047778,-27.020724591096066,,,False,,
esm3_frozen_bilstm_attn,validation,-1,T,max_torsion_change,geometry_boundaries,4,4,24,101.51195320702809,125.97667631441473,-24.464723107386646,,,False,,
esm3_frozen_bilstm_attn,validation,-1,T,q3_boundary_fraction,geometry_boundaries,4,4,24,0.125,0.2589285714285714,-0.1339285714285714,,,False,,
esm3_frozen_bilstm_attn,validation,-1,T,mean_distance_to_q3_boundary,geometry_boundaries,4,4,24,5.625,1.761309523809524,3.863690476190476,,,False,,
esm3_frozen_bilstm_attn,validation,-1,T,structured_linker_fraction,geometry_boundaries,4,4,24,0.5,0.7202380952380952,-0.2202380952380952,,,False,,
esm3_frozen_bilstm_attn,validation,-1,T,mean_disorder,disorder,4,4,24,0.0023010298051909543,0.009618548027711244,-0.007317518222520291,,,False,,
esm3_frozen_bilstm_attn,validation,-1,T,max_disorder,disorder,4,4,24,0.00287194308475585,0.009979212734296621,-0.007107269649540772,,,False,,
esm3_frozen_bilstm_attn,validation,-1,T,fraction_glycine,sequence,4,4,24,0.08333333333333333,0.2223214285714286,-0.13898809523809524,,,False,,
esm3_frozen_bilstm_attn,validation,-1,T,fraction_proline,sequence,4,4,24,0.0,0.06160714285714285,-0.06160714285714285,,,False,,
esm3_frozen_bilstm_attn,validation,-1,T,fraction_hydrophobic,sequence,4,4,24,0.4583333333333333,0.16249999999999998,0.29583333333333334,,,False,,
esm3_frozen_bilstm_attn,validation,-1,T,fraction_charged,sequence,4,4,24,0.4583333333333333,0.24851190476190474,0.20982142857142858,,,False,,
esm3_frozen_bilstm_attn,validation,-1,T,fraction_aromatic,sequence,4,4,24,0.3333333333333333,0.0,0.3333333333333333,,,False,,
esm3_frozen_bilstm_attn,validation,-1,T,sequence_entropy,sequence,4,4,24,1.146240625180289,0.5208270759559582,0.6254135492243307,,,False,,
esm3_frozen_bilstm_attn,validation,-1,G,mean_neq,neq,2,2,3,1.65225,1.1738055555555555,0.47844444444444467,,,False,,
esm3_frozen_bilstm_attn,validation,-1,G,max_neq,neq,2,2,3,2.4286666666666665,1.51175,0.9169166666666668,,,False,,
esm3_frozen_bilstm_attn,validation,-1,G,neq_peak_fraction,neq,2,2,3,0.08333333333333333,0.0,0.08333333333333333,,,False,,
esm3_frozen_bilstm_attn,validation,-1,G,neq_peak_excess,neq,2,2,3,0.7764166666666666,0.3379444444444445,0.43847222222222215,,,False,,
esm3_frozen_bilstm_attn,validation,-1,G,mean_rsa,exposure_length_position,2,2,3,0.40326998444894946,0.41801341817093396,-0.014743433721984472,,,False,,
esm3_frozen_bilstm_attn,validation,-1,G,max_rsa,exposure_length_position,2,2,3,0.7584514319896698,0.647268682718277,0.11118274927139282,,,False,,
esm3_frozen_bilstm_attn,validation,-1,G,log_segment_length,exposure_length_position,2,2,3,1.9459101490553132,1.4259456186640502,0.5199645303912631,,,False,,
esm3_frozen_bilstm_attn,validation,-1,G,normalized_midpoint,exposure_length_position,2,2,3,0.4732348627697465,0.43629530693484186,0.03693955583490466,,,False,,
esm3_frozen_bilstm_attn,validation,-1,G,mean_torsion_change,geometry_boundaries,2,2,3,50.49324359374805,63.885009088864216,-13.391765495116164,,,False,,
esm3_frozen_bilstm_attn,validation,-1,G,max_torsion_change,geometry_boundaries,2,2,3,180.5871215972916,155.94986180108913,24.63725979620247,,,False,,
esm3_frozen_bilstm_attn,validation,-1,G,q3_boundary_fraction,geometry_boundaries,2,2,3,0.41666666666666663,0.7916666666666666,-0.375,,,False,,
esm3_frozen_bilstm_attn,validation,-1,G,mean_distance_to_q3_boundary,geometry_boundaries,2,2,3,0.8333333333333333,0.20833333333333331,0.625,,,False,,
esm3_frozen_bilstm_attn,validation,-1,G,structured_linker_fraction,geometry_boundaries,2,2,3,0.0,0.0,0.0,,,False,,
esm3_frozen_bilstm_attn,validation,-1,G,mean_disorder,disorder,2,2,3,0.01688914744105806,0.004450479813385699,0.012438667627672357,,,False,,
esm3_frozen_bilstm_attn,validation,-1,G,max_disorder,disorder,2,2,3,0.029505269369110448,0.005210182978771575,0.024295086390338873,,,False,,
esm3_frozen_bilstm_attn,validation,-1,G,fraction_glycine,sequence,2,2,3,0.08333333333333333,0.0,0.08333333333333333,,,False,,
esm3_frozen_bilstm_attn,validation,-1,G,fraction_proline,sequence,2,2,3,0.16666666666666666,0.0,0.16666666666666666,,,False,,
esm3_frozen_bilstm_attn,validation,-1,G,fraction_hydrophobic,sequence,2,2,3,0.3333333333333333,0.4583333333333333,-0.125,,,False,,
esm3_frozen_bilstm_attn,validation,-1,G,fraction_charged,sequence,2,2,3,0.25,0.29166666666666663,-0.041666666666666644,,,False,,
esm3_frozen_bilstm_attn,validation,-1,G,fraction_aromatic,sequence,2,2,3,0.08333333333333333,0.0,0.08333333333333333,,,False,,
esm3_frozen_bilstm_attn,validation,-1,G,sequence_entropy,sequence,2,2,3,2.418295834054489,1.646240625180289,0.7720552088742003,,,False,,
esm3_frozen_bilstm_attn,validation,-1,C,mean_neq,neq,11,15,49,1.1340576744162272,1.6381376023894405,-0.5040799279732137,-0.9706372158057529,-0.03752264014067441,True,0.029382541109368925,0.05809495408817329
esm3_frozen_bilstm_attn,validation,-1,C,max_neq,neq,11,15,49,1.5146363636363638,1.9547583333333334,-0.4401219696969697,-1.1438673423835957,0.26362340298965625,True,0.23002424506027375,0.3369513702091907
esm3_frozen_bilstm_attn,validation,-1,C,neq_peak_fraction,neq,11,15,49,0.059126180836707155,0.23195876835582718,-0.17283258751912003,-0.3867316226025339,0.04106644756429387,True,0.10000061807201327,0.16846142984627646
esm3_frozen_bilstm_attn,validation,-1,C,neq_peak_excess,neq,11,15,49,0.3805786892201365,0.31662073094389265,0.0639579582762439,-0.432028589313028,0.5599445058655158,True,0.8939037218157218,0.9495094198740042
esm3_frozen_bilstm_attn,validation,-1,C,mean_rsa,exposure_length_position,11,15,49,0.22936671558372676,0.3772531281004984,-0.14788641251677156,-0.2681897876576687,-0.027583037375874433,True,0.032854219928643694,0.0638024799418405
esm3_frozen_bilstm_attn,validation,-1,C,max_rsa,exposure_length_position,11,15,49,0.3189781741662459,0.49952227510652986,-0.18054410094028395,-0.3782805409137213,0.017192339033153425,True,0.09116079400519664,0.15630246420001506
esm3_frozen_bilstm_attn,validation,-1,C,log_segment_length,exposure_length_position,11,15,49,1.4395581782988431,1.2072176899627514,0.23234048833609186,-0.39381827283601356,0.8584992495081973,True,0.5937116848746409,0.7093071401276186
esm3_frozen_bilstm_attn,validation,-1,C,normalized_midpoint,exposure_length_position,11,15,49,0.45795834114072,0.5955996251813143,-0.13764128404059425,-0.41591368946370955,0.140631121382521,True,0.4235963177660037,0.5507444235057455
esm3_frozen_bilstm_attn,validation,-1,C,mean_torsion_change,geometry_boundaries,11,15,49,54.52512603150781,75.84555369413914,-21.32042766263132,-54.33448985006105,11.693634524798401,True,0.21322298815094953,0.31646484764633903
esm3_frozen_bilstm_attn,validation,-1,C,max_torsion_change,geometry_boundaries,11,15,49,97.8240460112835,99.78515151641905,-1.961105505135552,-46.82414056345437,42.90192955318327,True,1.0,1.0
esm3_frozen_bilstm_attn,validation,-1,C,q3_boundary_fraction,geometry_boundaries,11,15,49,0.5350877192982456,0.3565656565656566,0.17852206273258903,-0.15440203722375373,0.5114461626889317,True,0.3739447986092539,0.49854391328781045
esm3_frozen_bilstm_attn,validation,-1,C,mean_distance_to_q3_boundary,geometry_boundaries,11,15,49,1.8927432216905904,2.4567672523554873,-0.5640240306648976,-3.0899011759246173,1.9618531145948221,True,0.47690655496758394,0.6045823255888269
esm3_frozen_bilstm_attn,validation,-1,C,structured_linker_fraction,geometry_boundaries,11,15,49,0.6666666666666667,0.5356060606060606,0.13106060606060604,-0.2971653266923276,0.5592865388135397,True,0.503824196142326,0.6318359076992597
esm3_frozen_bilstm_attn,validation,-1,C,mean_disorder,disorder,11,15,49,0.04626431006658365,0.08020645647492787,-0.033942146408344226,-0.11095533384177748,0.04307104102508903,True,0.18231443298387762,0.2775713532125972
esm3_frozen_bilstm_attn,validation,-1,C,max_disorder,disorder,11,15,49,0.07305640363219106,0.12980031024304808,-0.05674390661085704,-0.18843262276255995,0.07494480954084587,True,0.18231443298387762,0.2775713532125972
esm3_frozen_bilstm_attn,validation,-1,C,fraction_glycine,sequence,11,15,49,0.016562384983437616,0.08486280875986757,-0.06830042377642996,-0.13904357210699458,0.002442724554134648,True,0.07991978363188032,0.13985962135579055
esm3_frozen_bilstm_attn,validation,-1,C,fraction_proline,sequence,11,15,49,0.1263111888111888,0.05643939393939394,0.06987179487179486,-0.08502318561984475,0.22476677536343448,True,1.0,1.0
esm3_frozen_bilstm_attn,validation,-1,C,fraction_hydrophobic,sequence,11,15,49,0.3587136547662863,0.2854792674645616,0.07323438730172477,-0.1625080623939348,0.3089768369973843,True,0.39830459339558744,0.5219642752986361
esm3_frozen_bilstm_attn,validation,-1,C,fraction_charged,sequence,11,15,49,0.16742577597840755,0.2631488201341142,-0.09572304415570669,-0.27755582929587624,0.08610974098446288,True,0.21322298815094953,0.31646484764633903
esm3_frozen_bilstm_attn,validation,-1,C,fraction_aromatic,sequence,11,15,49,0.1093654152864679,0.14998885918003566,-0.04062344389356773,-0.24395272290331918,0.16270583511618372,True,0.7892680261342813,0.8704102337547829
esm3_frozen_bilstm_attn,validation,-1,C,sequence_entropy,sequence,11,15,49,1.322180243881113,1.0448738401527138,0.27730640372839904,-0.7220577139651692,1.2766705214219671,True,0.7221076526150257,0.8181040706605657
esm3_frozen_bilstm_attn,test,-1,E,mean_neq,neq,114,252,369,1.1129196529842609,1.201317944066393,-0.08839829108213229,-0.1371992415902849,-0.039597340573979664,True,8.642817056989024e-05,0.0002735386131431652
esm3_frozen_bilstm_attn,test,-1,E,max_neq,neq,114,252,369,1.4935779705674441,1.5829326417896594,-0.08935467122221508,-0.20668447121744882,0.02797512877301865,True,0.14341893210639964,0.22669444107140588
esm3_frozen_bilstm_attn,test,-1,E,neq_peak_fraction,neq,114,252,369,0.025243699665692145,0.04537675456717854,-0.020133054901486393,-0.03772096299701867,-0.0025451468059541175,True,0.021512165900017068,0.044000382884426925
esm3_frozen_bilstm_attn,test,-1,E,neq_peak_excess,neq,114,252,369,0.3806583175831833,0.3816146977232662,-0.0009563801400827981,-0.08739896824632647,0.08548620796616087,True,0.9515272514500709,0.9920177727883718
esm3_frozen_bilstm_attn,test,-1,E,mean_rsa,exposure_length_position,114,252,369,0.14110912393660077,0.19306609224023047,-0.05195696830362971,-0.06966789813029957,-0.03424603847695985,True,6.599603727542264e-08,2.9567165551981414e-07
esm3_frozen_bilstm_attn,test,-1,E,max_rsa,exposure_length_position,114,252,369,0.3083616923940059,0.33480768320612314,-0.02644599081211729,-0.056192646184011145,0.003300664559776567,True,0.019743355562977096,0.04062829285357612
esm3_frozen_bilstm_attn,test,-1,E,log_segment_length,exposure_length_position,114,252,369,2.039897803299662,1.7270382728575262,0.31285953044213594,0.23619757302953634,0.3895214878547355,True,7.1997330206493145e-12,4.4664765766633636e-11
esm3_frozen_bilstm_attn,test,-1,E,normalized_midpoint,exposure_length_position,114,252,369,0.4914448597805809,0.5021048435051829,-0.010659983724601977,-0.07027433244842482,0.04895436499922087,True,0.662232455671139,0.7696830294342113
esm3_frozen_bilstm_attn,test,-1,E,mean_torsion_change,geometry_boundaries,114,252,369,28.61321084071393,33.88249615971898,-5.269285319005057,-9.009629974812938,-1.5289406631971754,True,0.010460922642012423,0.022877347640778787
esm3_frozen_bilstm_attn,test,-1,E,max_torsion_change,geometry_boundaries,114,252,369,89.85044084509406,83.79409321723325,6.056347627860795,-5.351903219558549,17.46459847528014,True,0.28454270724970476,0.40219017274717883
esm3_frozen_bilstm_attn,test,-1,E,q3_boundary_fraction,geometry_boundaries,114,252,369,0.3502273448263423,0.5275472121013056,-0.17731986727496335,-0.21787165363733224,-0.13676808091259446,True,1.3833747460243034e-13,9.506483772984084e-13
esm3_frozen_bilstm_attn,test,-1,E,mean_distance_to_q3_boundary,geometry_boundaries,114,252,369,1.1629436986595507,0.7784196783831285,0.38452402027642213,0.2628263225216626,0.5062217180311817,True,3.163742099302364e-11,1.870037069535191e-10
esm3_frozen_bilstm_attn,test,-1,E,structured_linker_fraction,geometry_boundaries,114,252,369,0.0,0.0,0.0,0.0,0.0,True,1.0,1.0
esm3_frozen_bilstm_attn,test,-1,E,mean_disorder,disorder,114,252,369,0.006097486027637521,0.013403319768659843,-0.007305833741022323,-0.011417760092180488,-0.0031939073898641568,True,4.807363032959851e-08,2.1817039482466117e-07
esm3_frozen_bilstm_attn,test,-1,E,max_disorder,disorder,114,252,369,0.012916396423286822,0.019756756051436133,-0.006840359628149313,-0.01188203890851608,-0.0017986803477825462,True,7.681804057120966e-05,0.00024478962787112145
esm3_frozen_bilstm_attn,test,-1,E,fraction_glycine,sequence,114,252,369,0.04037316206489139,0.029076929946812987,0.0112962321180784,-0.0032861027538583915,0.02587856699001519,True,0.06258541389923453,0.11339833032867735
esm3_frozen_bilstm_attn,test,-1,E,fraction_proline,sequence,114,252,369,0.012271642019449037,0.016977655628971418,-0.00470601360952238,-0.017703717872548333,0.008291690653503575,True,0.981195819526212,1.0
esm3_frozen_bilstm_attn,test,-1,E,fraction_hydrophobic,sequence,114,252,369,0.6073763636287132,0.5946407199038778,0.012735643724835466,-0.027329391926583957,0.05280067937625489,True,0.6217399393157866,0.7347440527181667
esm3_frozen_bilstm_attn,test,-1,E,fraction_charged,sequence,114,252,369,0.13773739693774156,0.14993412228609596,-0.012196725348354424,-0.0415820146894359,0.017188563992727054,True,0.2574417658710507,0.37086093328079356
esm3_frozen_bilstm_attn,test,-1,E,fraction_aromatic,sequence,114,252,369,0.14104601164986502,0.14584595743221476,-0.0047999457823497,-0.03656427731117946,0.026964385746480066,True,0.4178968011401494,0.5451038135242458
esm3_frozen_bilstm_attn,test,-1,E,sequence_entropy,sequence,114,252,369,2.30174244066422,1.8487782189308581,0.45296422173336176,0.3232619477458353,0.5826664957208882,True,3.3203124337729155e-09,1.648454675269637e-08
esm3_frozen_bilstm_attn,test,-1,G,mean_neq,neq,7,8,11,1.2980079365079364,1.7661071428571429,-0.46809920634920626,,,False,,
esm3_frozen_bilstm_attn,test,-1,G,max_neq,neq,7,8,11,1.8937142857142857,1.9973214285714285,-0.10360714285714291,,,False,,
esm3_frozen_bilstm_attn,test,-1,G,neq_peak_fraction,neq,7,8,11,0.047619047619047616,0.16071428571428573,-0.11309523809523811,,,False,,
esm3_frozen_bilstm_attn,test,-1,G,neq_peak_excess,neq,7,8,11,0.5957063492063491,0.23121428571428573,0.3644920634920634,,,False,,
esm3_frozen_bilstm_attn,test,-1,G,mean_rsa,exposure_length_position,7,8,11,0.30972119740077425,0.32184172749874135,-0.012120530097967097,,,False,,
esm3_frozen_bilstm_attn,test,-1,G,max_rsa,exposure_length_position,7,8,11,0.5229135847517422,0.40250962946031776,0.12040395529142447,,,False,,
esm3_frozen_bilstm_attn,test,-1,G,log_segment_length,exposure_length_position,7,8,11,1.3451969221982076,0.9388384592906753,0.40635846290753236,,,False,,
esm3_frozen_bilstm_attn,test,-1,G,normalized_midpoint,exposure_length_position,7,8,11,0.5000196393504076,0.5181484446506859,-0.018128805300278234,,,False,,
esm3_frozen_bilstm_attn,test,-1,G,mean_torsion_change,geometry_boundaries,7,8,11,52.985945969325186,59.19919186492859,-6.213245895603417,,,False,,
esm3_frozen_bilstm_attn,test,-1,G,max_torsion_change,geometry_boundaries,7,8,11,125.94471988879901,79.64708421454375,46.29763567425527,,,False,,
esm3_frozen_bilstm_attn,test,-1,G,q3_boundary_fraction,geometry_boundaries,7,8,11,0.6428571428571429,0.494047619047619,0.14880952380952378,,,False,,
esm3_frozen_bilstm_attn,test,-1,G,mean_distance_to_q3_boundary,geometry_boundaries,7,8,11,0.35714285714285715,0.9107142857142857,-0.5535714285714286,,,False,,
esm3_frozen_bilstm_attn,test,-1,G,structured_linker_fraction,geometry_boundaries,7,8,11,0.0,0.0,0.0,,,False,,
esm3_frozen_bilstm_attn,test,-1,G,mean_disorder,disorder,7,8,11,0.0031402352282643925,0.01930245068017805,-0.016162215451913656,,,False,,
esm3_frozen_bilstm_attn,test,-1,G,max_disorder,disorder,7,8,11,0.0041295786670941,0.021067286095265914,-0.016937707428171817,,,False,,
esm3_frozen_bilstm_attn,test,-1,G,fraction_glycine,sequence,7,8,11,0.0,0.0,0.0,,,False,,
esm3_frozen_bilstm_attn,test,-1,G,fraction_proline,sequence,7,8,11,0.023809523809523808,0.07142857142857142,-0.04761904761904762,,,False,,
esm3_frozen_bilstm_attn,test,-1,G,fraction_hydrophobic,sequence,7,8,11,0.35714285714285715,0.39880952380952384,-0.041666666666666685,,,False,,
esm3_frozen_bilstm_attn,test,-1,G,fraction_charged,sequence,7,8,11,0.4523809523809524,0.16666666666666666,0.2857142857142857,,,False,,
esm3_frozen_bilstm_attn,test,-1,G,fraction_aromatic,sequence,7,8,11,0.0,0.14285714285714285,-0.14285714285714285,,,False,,
esm3_frozen_bilstm_attn,test,-1,G,sequence_entropy,sequence,7,8,11,1.5013964291895623,0.5510025299421938,0.9503938992473685,,,False,,
esm3_frozen_bilstm_attn,test,-1,H,mean_neq,neq,129,631,264,1.0779119846675944,1.2438642090571397,-0.16595222438954524,-0.22933199738491947,-0.10257245139417101,True,1.7938686843524754e-06,6.9157012791285286e-06
esm3_frozen_bilstm_attn,test,-1,H,max_neq,neq,129,631,264,1.6134254891032023,1.7334861295681063,-0.12006064046490407,-0.25332977876357626,0.01320849783376811,True,0.29608448833224155,0.414861854559183
esm3_frozen_bilstm_attn,test,-1,H,neq_peak_fraction,neq,129,631,264,0.01263694140893669,0.05476419902876732,-0.04212725761983064,-0.0634649089712115,-0.02078960626844978,True,0.0057849734932721485,0.013498271484301681
esm3_frozen_bilstm_attn,test,-1,H,neq_peak_excess,neq,129,631,264,0.535513504435608,0.48962192051096676,0.04589158392464119,-0.05299478634918676,0.14477795419846914,True,0.10890188940065779,0.1804888666978549
esm3_frozen_bilstm_attn,test,-1,H,mean_rsa,exposure_length_position,129,631,264,0.2831996842380467,0.30981599426057854,-0.026616310022531845,-0.045553588408886084,-0.0076790316361776065,True,0.0070880847756236666,0.01615968619445962
esm3_frozen_bilstm_attn,test,-1,H,max_rsa,exposure_length_position,129,631,264,0.6451639402259101,0.54513245172219,0.10003148850372014,0.06947563828996542,0.13058733871747485,True,1.4537272407488872e-09,7.3910553398075e-09
esm3_frozen_bilstm_attn,test,-1,H,log_segment_length,exposure_length_position,129,631,264,2.645334264461084,1.9602837003018816,0.6850505641592024,0.5810332300178557,0.7890678983005491,True,9.58874297982934e-20,1.0099545175951089e-18
esm3_frozen_bilstm_attn,test,-1,H,normalized_midpoint,exposure_length_position,129,631,264,0.5006847766921385,0.5703399987630424,-0.06965522207090388,-0.12941504307572976,-0.009895401066077988,True,0.02204801830433086,0.04490623487165219
esm3_frozen_bilstm_attn,test,-1,H,mean_torsion_change,geometry_boundaries,129,631,264,16.39167940181183,31.06195275049814,-14.670273348686315,-19.58784937042706,-9.752697326945569,True,2.2501776781222646e-11,1.3465222530498013e-10
esm3_frozen_bilstm_attn,test,-1,H,max_torsion_change,geometry_boundaries,129,631,264,136.71375076035432,114.32534118885803,22.38840957149628,12.328174899778796,32.448644243213764,True,0.0005422023496253936,0.001528929227759346
esm3_frozen_bilstm_attn,test,-1,H,q3_boundary_fraction,geometry_boundaries,129,631,264,0.17951609326702178,0.39087271818125413,-0.2113566249142323,-0.25213084472624864,-0.17058240510221595,True,3.883550024507483e-18,3.5620214917653514e-17
esm3_frozen_bilstm_attn,test,-1,H,mean_distance_to_q3_boundary,geometry_boundaries,129,631,264,2.95720320012628,1.5918664429382863,1.3653367571879933,1.1248524921454597,1.605821022230527,True,4.2018789435173175e-17,3.5164734425821904e-16
esm3_frozen_bilstm_attn,test,-1,H,structured_linker_fraction,geometry_boundaries,129,631,264,0.0,0.0,0.0,0.0,0.0,True,1.0,1.0
esm3_frozen_bilstm_attn,test,-1,H,mean_disorder,disorder,129,631,264,0.014161910538279483,0.03297742125971483,-0.01881551072143535,-0.025885093013387622,-0.011745928429483077,True,4.315446779369476e-10,2.3013447257173816e-09
esm3_frozen_bilstm_attn,test,-1,H,max_disorder,disorder,129,631,264,0.03364100237103434,0.05738071671354645,-0.023739714342512118,-0.03503340368714648,-0.012446024997877754,True,0.0007655335091186551,0.0021128724851674882
esm3_frozen_bilstm_attn,test,-1,H,fraction_glycine,sequence,129,631,264,0.024528874747128317,0.019916370561611108,0.004612504185517211,-0.0038101344797753824,0.013035142850809804,True,0.005315518587240651,0.012532613907573669
esm3_frozen_bilstm_attn,test,-1,H,fraction_proline,sequence,129,631,264,0.013437516955647941,0.02150261900746397,-0.008065102051816027,-0.016866065899026866,0.0007358617953948151,True,0.5462690637105314,0.6689372344821828
esm3_frozen_bilstm_attn,test,-1,H,fraction_hydrophobic,sequence,129,631,264,0.4880020717174721,0.5276011398466866,-0.03959906812921421,-0.0743670364071535,-0.004831099851274917,True,0.043832307289973324,0.08256102002640658
esm3_frozen_bilstm_attn,test,-1,H,fraction_charged,sequence,129,631,264,0.2742723670775407,0.25075105370208617,0.023521313375454572,-0.010973430502252933,0.05801605725316208,True,0.07288485358178716,0.13003888652243925
esm3_frozen_bilstm_attn,test,-1,H,fraction_aromatic,sequence,129,631,264,0.08497497187045297,0.1048240688136027,-0.019849096943149732,-0.04314581128764283,0.0034476174013433718,True,0.3404836524060968,0.4625051140156743
esm3_frozen_bilstm_attn,test,-1,H,sequence_entropy,sequence,129,631,264,2.909975204855506,2.1101321259608214,0.7998430788946848,0.646756758782071,0.9529293990072986,True,3.801103128541485e-17,3.1968979297509356e-16
esm3_frozen_bilstm_attn,test,-1,C,mean_neq,neq,10,15,110,1.1611478703703704,1.4592014456091749,-0.2980535752388045,-0.6400040897774052,0.04389693929979621,True,0.11412832776223863,0.18713282064215753
esm3_frozen_bilstm_attn,test,-1,C,max_neq,neq,10,15,110,1.4952333333333336,1.8430268289580791,-0.3477934956247456,-1.0344679643513401,0.33888097310184895,True,0.24112136827741826,0.35109015768559476
esm3_frozen_bilstm_attn,test,-1,C,neq_peak_fraction,neq,10,15,110,0.030000000000000006,0.08992361959028625,-0.05992361959028626,-0.10972752662231035,-0.010119712558262176,True,0.04135891048189439,0.0783840047407432
esm3_frozen_bilstm_attn,test,-1,C,neq_peak_excess,neq,10,15,110,0.33408546296296293,0.38382538334890415,-0.04973992038594124,-0.43284606559314515,0.3333662248212627,True,0.6464622026641696,0.7560320675225034
esm3_frozen_bilstm_attn,test,-1,C,mean_rsa,exposure_length_position,10,15,110,0.29351541886080257,0.36467770571273783,-0.07116228685193524,-0.16505104663311249,0.022726472929242028,True,0.11412832776223863,0.18713282064215753
esm3_frozen_bilstm_attn,test,-1,C,max_rsa,exposure_length_position,10,15,110,0.40742966439574957,0.4801873061198386,-0.07275764172408909,-0.17025565209256888,0.024740368644390692,True,0.13941397332153205,0.22160726083690638
esm3_frozen_bilstm_attn,test,-1,C,log_segment_length,exposure_length_position,10,15,110,1.4000775116480653,1.2266817826837983,0.173395728964267,-0.12911719991748846,0.47590865784602243,True,0.13941397332153205,0.22160726083690638
esm3_frozen_bilstm_attn,test,-1,C,normalized_midpoint,exposure_length_position,10,15,110,0.4479757200366155,0.5347040705284634,-0.08672835049184788,-0.34646869925457313,0.17301199827087735,True,0.3862707203664827,0.5105478129628921
esm3_frozen_bilstm_attn,test,-1,C,mean_torsion_change,geometry_boundaries,10,15,110,62.10145085409873,80.35702919312436,-18.255578339025647,-64.45898227355144,27.947825595500156,True,0.13941397332153205,0.22160726083690638
esm3_frozen_bilstm_attn,test,-1,C,max_torsion_change,geometry_boundaries,10,15,110,90.70547220531763,115.97045777784929,-25.26498557253165,-73.88378896534721,23.3538178202839,True,0.24112136827741826,0.35109015768559476
esm3_frozen_bilstm_attn,test,-1,C,q3_boundary_fraction,geometry_boundaries,10,15,110,0.5633333333333334,0.4596708014208014,0.10366253191253191,-0.20846619038184552,0.4157912542069093,True,0.5076243443095237,0.6330792726338988
esm3_frozen_bilstm_attn,test,-1,C,mean_distance_to_q3_boundary,geometry_boundaries,10,15,110,1.3427777777777776,1.6005184707268039,-0.25774069294902624,-1.4873878855733265,0.971906499675274,True,0.3862707203664827,0.5105478129628921
esm3_frozen_bilstm_attn,test,-1,C,structured_linker_fraction,geometry_boundaries,10,15,110,0.65,0.6346794871794872,0.0153205128205128,-0.335196099165412,0.36583712480643754,True,0.7988593499960496,0.8763606302195469
esm3_frozen_bilstm_attn,test,-1,C,mean_disorder,disorder,10,15,110,0.043528758904210665,0.10879843057904677,-0.06526967167483609,-0.1303935801846871,-0.00014576316498508823,True,0.012515318690073973,0.02684917036239854
esm3_frozen_bilstm_attn,test,-1,C,max_disorder,disorder,10,15,110,0.05792774064466353,0.14812815417552477,-0.09020041353086125,-0.1557069256216622,-0.024693901440060312,True,0.012515318690073973,0.02684917036239854
esm3_frozen_bilstm_attn,test,-1,C,fraction_glycine,sequence,10,15,110,0.05500000000000001,0.06448958448958449,-0.009489584489584485,-0.14062971131833324,0.12165054233916428,True,0.07446183141740546,0.1321550929250645
esm3_frozen_bilstm_attn,test,-1,C,fraction_proline,sequence,10,15,110,0.10916666666666666,0.054392000746167415,0.05477466592049927,-0.08752280585435374,0.19707213769535226,True,0.3077488983023694,0.42818889924292636
esm3_frozen_bilstm_attn,test,-1,C,fraction_hydrophobic,sequence,10,15,110,0.29416666666666663,0.2923455741789075,0.0018210924877591628,-0.1925298975772689,0.19617208255278723,True,0.7597658259780666,0.8477783028487932
esm3_frozen_bilstm_attn,test,-1,C,fraction_charged,sequence,10,15,110,0.11000000000000001,0.2454330892872559,-0.13543308928725598,-0.25937564674130453,-0.011490531833207404,True,0.05933611988090862,0.10814847510369381
esm3_frozen_bilstm_attn,test,-1,C,fraction_aromatic,sequence,10,15,110,0.03972222222222222,0.05264274691358025,-0.012920524691358026,-0.08530074608908518,0.05945969670636912,True,0.5048449995952482,0.6319440739102311
esm3_frozen_bilstm_attn,test,-1,C,sequence_entropy,sequence,10,15,110,1.375110287815057,1.0163350651905756,0.35877522262448147,-0.19741350570434157,0.9149639509533045,True,0.1688069535565081,0.26013505468302367
esm3_frozen_bilstm_attn,test,-1,T,mean_neq,neq,3,4,5,1.3764166666666666,2.4603796296296294,-1.083962962962963,,,False,,
esm3_frozen_bilstm_attn,test,-1,T,max_neq,neq,3,4,5,1.752722222222222,2.588222222222222,-0.8355,,,False,,
esm3_frozen_bilstm_attn,test,-1,T,neq_peak_fraction,neq,3,4,5,0.08333333333333333,0.4166666666666667,-0.3333333333333333,,,False,,
esm3_frozen_bilstm_attn,test,-1,T,neq_peak_excess,neq,3,4,5,0.3763055555555555,0.12784259259259256,0.2484629629629629,,,False,,
esm3_frozen_bilstm_attn,test,-1,T,mean_rsa,exposure_length_position,3,4,5,0.46092470983664197,0.540770368443595,-0.0798456586069531,,,False,,
esm3_frozen_bilstm_attn,test,-1,T,max_rsa,exposure_length_position,3,4,5,0.4809750368197759,0.5868829439083735,-0.10590790708859761,,,False,,
esm3_frozen_bilstm_attn,test,-1,T,log_segment_length,exposure_length_position,3,4,5,0.9634572526320548,0.9438267466893242,0.019630505942730563,,,False,,
esm3_frozen_bilstm_attn,test,-1,T,normalized_midpoint,exposure_length_position,3,4,5,0.6828195750609544,0.8172033401162259,-0.13438376505527144,,,False,,
esm3_frozen_bilstm_attn,test,-1,T,mean_torsion_change,geometry_boundaries,3,4,5,102.22753726539888,127.65875640379483,-25.431219138395942,,,False,,
esm3_frozen_bilstm_attn,test,-1,T,max_torsion_change,geometry_boundaries,3,4,5,104.81662006861188,162.43079232653704,-57.61417225792517,,,False,,
esm3_frozen_bilstm_attn,test,-1,T,q3_boundary_fraction,geometry_boundaries,3,4,5,0.0,0.0,0.0,,,False,,
esm3_frozen_bilstm_attn,test,-1,T,mean_distance_to_q3_boundary,geometry_boundaries,3,4,5,2.0,1.9166666666666667,0.08333333333333333,,,False,,
esm3_frozen_bilstm_attn,test,-1,T,structured_linker_fraction,geometry_boundaries,3,4,5,0.5,1.0,-0.5,,,False,,
esm3_frozen_bilstm_attn,test,-1,T,mean_disorder,disorder,3,4,5,0.0018973817156316913,0.014699201047834384,-0.012801819332202693,,,False,,
esm3_frozen_bilstm_attn,test,-1,T,max_disorder,disorder,3,4,5,0.0020190581174877333,0.015715325328831835,-0.013696267211344102,,,False,,
esm3_frozen_bilstm_attn,test,-1,T,fraction_glycine,sequence,3,4,5,0.0,0.5555555555555555,-0.5555555555555555,,,False,,
esm3_frozen_bilstm_attn,test,-1,T,fraction_proline,sequence,3,4,5,0.0,0.0,0.0,,,False,,
esm3_frozen_bilstm_attn,test,-1,T,fraction_hydrophobic,sequence,3,4,5,0.0,0.25,-0.25,,,False,,
esm3_frozen_bilstm_attn,test,-1,T,fraction_charged,sequence,3,4,5,1.0,0.05555555555555555,0.9444444444444445,,,False,,
esm3_frozen_bilstm_attn,test,-1,T,fraction_aromatic,sequence,3,4,5,0.0,0.0,0.0,,,False,,
esm3_frozen_bilstm_attn,test,-1,T,sequence_entropy,sequence,3,4,5,0.0,0.5974937501201927,-0.5974937501201927,,,False,,
esm3_top4_bilstm_attn,train,-1,H,mean_neq,neq,608,2982,1395,1.0798204166833876,1.2115812993366908,-0.1317608826533033,-0.1578096881494316,-0.10571207715717498,True,1.7236760567635328e-27,3.099866355275268e-26
esm3_top4_bilstm_attn,train,-1,H,max_neq,neq,608,2982,1395,1.6529558809639844,1.7421940620767513,-0.08923818111276687,-0.16069325415685948,-0.01778310806867424,True,0.07193737801949306,0.1284840333248315
esm3_top4_bilstm_attn,train,-1,H,neq_peak_fraction,neq,608,2982,1395,0.013017952452809964,0.04433117492035287,-0.03131322246754291,-0.03867773253992179,-0.02394871239516403,True,2.166188958771358e-12,1.3976879522148782e-11
esm3_top4_bilstm_attn,train,-1,H,neq_peak_excess,neq,608,2982,1395,0.5731354642805969,0.5306127627400605,0.04252270154053644,-0.01632022902871226,0.10136563210978514,True,0.017180920564589832,0.035879365305051404
esm3_top4_bilstm_attn,train,-1,H,mean_rsa,exposure_length_position,608,2982,1395,0.2835612239408353,0.32039383194342314,-0.03683260800258775,-0.04447710447623035,-0.029188111528945154,True,1.1599177578590693e-20,1.2942844684229416e-19
esm3_top4_bilstm_attn,train,-1,H,max_rsa,exposure_length_position,608,2982,1395,0.6263295152079078,0.5618105755378203,0.06451893967008747,0.051717027161611084,0.07732085217856385,True,1.28424811437248e-15,9.936024884881819e-15
esm3_top4_bilstm_attn,train,-1,H,log_segment_length,exposure_length_position,608,2982,1395,2.6651443246837663,2.0601186335427304,0.6050256911410359,0.5567296670002685,0.6533217152818033,True,8.256368286901013e-75,6.978695294503081e-73
esm3_top4_bilstm_attn,train,-1,H,normalized_midpoint,exposure_length_position,608,2982,1395,0.48880130386904636,0.5432587812434345,-0.05445747737438829,-0.08236119423538829,-0.026553760513388286,True,7.716245729055661e-05,0.0002456556196792579
esm3_top4_bilstm_attn,train,-1,H,mean_torsion_change,geometry_boundaries,608,2982,1395,16.224640490921875,25.98379773996562,-9.759157249043744,-11.369440912204286,-8.148873585883202,True,2.863333104935418e-38,7.807200990150521e-37
esm3_top4_bilstm_attn,train,-1,H,max_torsion_change,geometry_boundaries,608,2982,1395,138.24189488244974,110.2727614754783,27.96913340697144,23.155263729904984,32.783003084037894,True,3.927178717327592e-26,6.4769713381876045e-25
esm3_top4_bilstm_attn,train,-1,H,q3_boundary_fraction,geometry_boundaries,608,2982,1395,0.18173694627165252,0.3585263593820049,-0.17678941311035237,-0.19451929278087127,-0.15905953343983348,True,3.1741404109112094e-67,1.7886281215484666e-65
esm3_top4_bilstm_attn,train,-1,H,mean_distance_to_q3_boundary,geometry_boundaries,608,2982,1395,2.9938440853863137,1.7725640981659416,1.2212799872203721,1.09667435533287,1.3458856191078743,True,4.7859535353015084e-63,2.3116155575506288e-61
esm3_top4_bilstm_attn,train,-1,H,structured_linker_fraction,geometry_boundaries,608,2982,1395,0.0,0.0,0.0,0.0,0.0,True,1.0,1.0
esm3_top4_bilstm_attn,train,-1,H,mean_disorder,disorder,608,2982,1395,0.018984804498797695,0.04316961243453636,-0.024184807935738663,-0.02805870648101459,-0.020310909390462737,True,1.974305158371206e-54,8.557853513401344e-53
esm3_top4_bilstm_attn,train,-1,H,max_disorder,disorder,608,2982,1395,0.04182770232703247,0.07464793892742627,-0.0328202366003938,-0.03876449278184671,-0.02687598041894089,True,5.031787294313224e-31,1.0835969963103828e-29
esm3_top4_bilstm_attn,train,-1,H,fraction_glycine,sequence,608,2982,1395,0.025216450886972747,0.022672535836267802,0.0025439150507049414,-0.0017419316857420091,0.0068297617871518924,True,8.317152092096647e-07,3.33970204553192e-06
esm3_top4_bilstm_attn,train,-1,H,fraction_proline,sequence,608,2982,1395,0.01614571418570649,0.026693540527832408,-0.010547826342125916,-0.017286245002104135,-0.003809407682147696,True,0.04428945737538981,0.08337564331079786
esm3_top4_bilstm_attn,train,-1,H,fraction_hydrophobic,sequence,608,2982,1395,0.48401185904577354,0.4826887136066362,0.0013231454391373434,-0.013856793274299254,0.01650308415257394,True,0.5527235093231937,0.6739120753774677
esm3_top4_bilstm_attn,train,-1,H,fraction_charged,sequence,608,2982,1395,0.27819983960206907,0.2786269827680681,-0.00042714316599894164,-0.01499012550644494,0.014135839174447056,True,0.3304523090889093,0.4528023476331187
esm3_top4_bilstm_attn,train,-1,H,fraction_aromatic,sequence,608,2982,1395,0.08632979660295013,0.09608549681463942,-0.009755700211689278,-0.019620536678797387,0.00010913625541883291,True,0.5564335684597708,0.6761181467026959
esm3_top4_bilstm_attn,train,-1,H,sequence_entropy,sequence,608,2982,1395,2.965418547545793,2.2200999131131423,0.7453186344326506,0.6777279622286799,0.8129093066366212,True,1.904265239608042e-70,1.2147775047386394e-68
esm3_top4_bilstm_attn,train,-1,E,mean_neq,neq,452,1196,1761,1.115445239268181,1.1836522427264355,-0.06820700345825476,-0.08740600066192158,-0.04900800625458793,True,4.52185594512906e-11,2.640482720290389e-10
esm3_top4_bilstm_attn,train,-1,E,max_neq,neq,452,1196,1761,1.5213073150075915,1.5166371757097332,0.004670139297858203,-0.04780835417682844,0.05714863277254484,True,0.8853948934361151,0.9431380386602096
esm3_top4_bilstm_attn,train,-1,E,neq_peak_fraction,neq,452,1196,1761,0.020234210683096967,0.04585922580841023,-0.025625015125313257,-0.03280019042722715,-0.018449839823399365,True,8.216060124970583e-12,5.0690692121396975e-11
esm3_top4_bilstm_attn,train,-1,E,neq_peak_excess,neq,452,1196,1761,0.4058620757394106,0.33298493298329757,0.07287714275611298,0.03390067635687287,0.1118536091553531,True,0.0008256611216686003,0.0022585438934963897
esm3_top4_bilstm_attn,train,-1,E,mean_rsa,exposure_length_position,452,1196,1761,0.15024733111057592,0.21753375375688558,-0.06728642264630966,-0.07681875262501565,-0.05775409266760366,True,5.860086113133813e-34,1.366410424034857e-32
esm3_top4_bilstm_attn,train,-1,E,max_rsa,exposure_length_position,452,1196,1761,0.33306924837445673,0.36457587276799963,-0.0315066243935429,-0.04596607576737401,-0.017047173019711787,True,1.7032193367588372e-05,5.90018911637462e-05
esm3_top4_bilstm_attn,train,-1,E,log_segment_length,exposure_length_position,452,1196,1761,2.0507520258820553,1.7255360781212692,0.32521594776078644,0.2931278232709063,0.35730407225066657,True,5.2281927671100295e-52,2.1822863883455565e-50
esm3_top4_bilstm_attn,train,-1,E,normalized_midpoint,exposure_length_position,452,1196,1761,0.4966711246852946,0.49216608557031816,0.00450503911497647,-0.02471813772664136,0.0337282159565943,True,0.7585836152995198,0.8467385946938515
esm3_top4_bilstm_attn,train,-1,E,mean_torsion_change,geometry_boundaries,452,1196,1761,28.850489637892988,33.06715114443786,-4.2166615065448685,-6.120439497104181,-2.3128835159855554,True,2.4751374792754796e-06,9.413318129842966e-06
esm3_top4_bilstm_attn,train,-1,E,max_torsion_change,geometry_boundaries,452,1196,1761,92.64505614415145,80.25476702713692,12.39028911701453,6.613815586903705,18.166762647125356,True,0.00029247355202843877,0.0008628735422409699
esm3_top4_bilstm_attn,train,-1,E,q3_boundary_fraction,geometry_boundaries,452,1196,1761,0.3592427918908906,0.5050565950789452,-0.14581380318805462,-0.16326797803176035,-0.1283596283443489,True,2.652436017936153e-42,8.879095224398152e-41
esm3_top4_bilstm_attn,train,-1,E,mean_distance_to_q3_boundary,geometry_boundaries,452,1196,1761,1.1801260453481013,0.82169885470872,0.3584271906393813,0.2994348883958603,0.41741949288290225,True,6.338141580575598e-31,1.3562820686029175e-29
esm3_top4_bilstm_attn,train,-1,E,structured_linker_fraction,geometry_boundaries,452,1196,1761,0.0,0.0,0.0,0.0,0.0,True,1.0,1.0
esm3_top4_bilstm_attn,train,-1,E,mean_disorder,disorder,452,1196,1761,0.007148951684977162,0.01766130548195031,-0.01051235379697315,-0.012646897623278346,-0.008377809970667952,True,1.3214464793706382e-35,3.334186975188155e-34
esm3_top4_bilstm_attn,train,-1,E,max_disorder,disorder,452,1196,1761,0.014375587016126987,0.02482214468880444,-0.010446557672677456,-0.013033372974138827,-0.007859742371216085,True,1.2759503384404102e-21,1.5630391645895025e-20
esm3_top4_bilstm_attn,train,-1,E,fraction_glycine,sequence,452,1196,1761,0.03447680837522266,0.031150314997897176,0.003326493377325491,-0.0033909505230479073,0.01004393727769889,True,0.07590339556941625,0.13415022499748894
esm3_top4_bilstm_attn,train,-1,E,fraction_proline,sequence,452,1196,1761,0.013948794754637832,0.020521230313153428,-0.0065724355585155955,-0.012364546313395855,-0.0007803248036353351,True,0.3201156099004092,0.441579305211458
esm3_top4_bilstm_attn,train,-1,E,fraction_hydrophobic,sequence,452,1196,1761,0.5969912441176607,0.5745192765985376,0.022471967519123028,0.004504310705685032,0.04043962433256103,True,0.008104805555238999,0.018195449921821417
esm3_top4_bilstm_attn,train,-1,E,fraction_charged,sequence,452,1196,1761,0.15443590900258472,0.18056166668230317,-0.026125757679718444,-0.04196470264416621,-0.010286812715270672,True,0.0030936364525513188,0.007634733464289057
esm3_top4_bilstm_attn,train,-1,E,fraction_aromatic,sequence,452,1196,1761,0.13979881001289285,0.13740527823860685,0.0023935317742860055,-0.012746915836638083,0.017533979385210095,True,0.8564862384392232,0.9216358918405517
esm3_top4_bilstm_attn,train,-1,E,sequence_entropy,sequence,452,1196,1761,2.3193855983553906,1.8627460811468963,0.45663951720849444,0.4044929830143235,0.5087860514026653,True,2.0369545725336028e-43,6.95650849468294e-42
esm3_top4_bilstm_attn,train,-1,G,mean_neq,neq,37,41,74,1.1207436936936936,1.426690085085085,-0.3059463913913914,-0.4249377756737946,-0.1869550071089882,True,1.959829262057259e-05,6.720266465533055e-05
esm3_top4_bilstm_attn,train,-1,G,max_neq,neq,37,41,74,1.3186801801801802,1.8423163663663662,-0.5236361861861861,-0.7845486824907388,-0.26272368988163347,True,0.0004922621186559049,0.001398603548887071
esm3_top4_bilstm_attn,train,-1,G,neq_peak_fraction,neq,37,41,74,0.0045045045045045045,0.04837837837837838,-0.04387387387387387,-0.08403020375342551,-0.0037175439943222255,True,0.10012096375462895,0.1685801685529883
esm3_top4_bilstm_attn,train,-1,G,neq_peak_excess,neq,37,41,74,0.1979364864864865,0.4156262812812813,-0.2176897947947948,-0.4058891653448109,-0.02949042424477874,True,0.012004585406529163,0.025934506875063962
esm3_top4_bilstm_attn,train,-1,G,mean_rsa,exposure_length_position,37,41,74,0.31722338513580256,0.3239434608120147,-0.006720075676212081,-0.06889407191060379,0.05545392055817963,True,0.7342735764573556,0.8258745715243909
esm3_top4_bilstm_attn,train,-1,G,max_rsa,exposure_length_position,37,41,74,0.48616352455841527,0.4676296883489231,0.018533836209492106,-0.07267469884665734,0.10974237126564154,True,0.5715679812362794,0.6901683373428074
esm3_top4_bilstm_attn,train,-1,G,log_segment_length,exposure_length_position,37,41,74,1.3625798350823584,1.2063196490251298,0.15626018605722908,0.0073730236485282374,0.30514734846592995,True,0.021566028789082366,0.044083883516256035
esm3_top4_bilstm_attn,train,-1,G,normalized_midpoint,exposure_length_position,37,41,74,0.5408548445386469,0.5821068323472852,-0.04125198780863835,-0.14915225207184046,0.06664827645456378,True,0.45519530365572425,0.5826746546883573
esm3_top4_bilstm_attn,train,-1,G,mean_torsion_change,geometry_boundaries,37,41,74,53.46917870608758,57.38484708472367,-3.915668378636084,-15.368012190840794,7.536675433568625,True,0.4109549596740477,0.5377084824527691
esm3_top4_bilstm_attn,train,-1,G,max_torsion_change,geometry_boundaries,37,41,74,119.84258621774549,113.62049906292819,6.222087154817277,-18.58911835086752,31.033292660502074,True,0.3305139053764832,0.4528023476331187
esm3_top4_bilstm_attn,train,-1,G,q3_boundary_fraction,geometry_boundaries,37,41,74,0.47612612612612615,0.5077927927927928,-0.03166666666666667,-0.15004249067030723,0.0867091573369739,True,0.6558882183716466,0.7636219236620306
esm3_top4_bilstm_attn,train,-1,G,mean_distance_to_q3_boundary,geometry_boundaries,37,41,74,0.7662162162162162,1.344099099099099,-0.5778828828828829,-1.2696079280465666,0.1138421622808008,True,0.432472834360104,0.5589413811053179
esm3_top4_bilstm_attn,train,-1,G,structured_linker_fraction,geometry_boundaries,37,41,74,0.0,0.0,0.0,0.0,0.0,True,1.0,1.0
esm3_top4_bilstm_attn,train,-1,G,mean_disorder,disorder,37,41,74,0.012338710740437474,0.019337680430283274,-0.006998969689845797,-0.017583730872739026,0.0035857914930474315,True,0.035329034470446746,0.06817777713731761
esm3_top4_bilstm_attn,train,-1,G,max_disorder,disorder,37,41,74,0.01512661855825143,0.021574358993005596,-0.0064477404347541645,-0.018052062496684222,0.005156581627175892,True,0.06458841431818486,0.11640374670031078
esm3_top4_bilstm_attn,train,-1,G,fraction_glycine,sequence,37,41,74,0.013513513513513514,0.0633933933933934,-0.04987987987987988,-0.09804185892583925,-0.0017179008339205104,True,0.05186578384378246,0.0957718269665912
esm3_top4_bilstm_attn,train,-1,G,fraction_proline,sequence,37,41,74,0.07702702702702702,0.03806306306306306,0.038963963963963955,-0.01907870580679165,0.09700663373471956,True,0.4402237535537613,0.5670573318695781
esm3_top4_bilstm_attn,train,-1,G,fraction_hydrophobic,sequence,37,41,74,0.4427927927927927,0.4377927927927927,0.005000000000000009,-0.12197594121737329,0.1319759412173733,True,0.8858342813472053,0.9433088835385516
esm3_top4_bilstm_attn,train,-1,G,fraction_charged,sequence,37,41,74,0.31351351351351353,0.2528378378378378,0.06067567567567565,-0.062164641908052154,0.18351599325940346,True,0.5959756703169232,0.7112579390545419
esm3_top4_bilstm_attn,train,-1,G,fraction_aromatic,sequence,37,41,74,0.11396396396396397,0.13228228228228225,-0.018318318318318316,-0.12073199390069728,0.08409535726406064,True,0.69128312432926,0.7920122817205111
esm3_top4_bilstm_attn,train,-1,G,sequence_entropy,sequence,37,41,74,1.4038576291389355,1.0932493350013723,0.31060829413756325,-0.0051025471788140875,0.6263191354539406,True,0.11096470642039812,0.18338378884149362
esm3_top4_bilstm_attn,train,-1,C,mean_neq,neq,58,66,509,1.1401627990185101,1.385483903536979,-0.24532110451846872,-0.34481167831994863,-0.14583053071698884,True,2.975453549843124e-06,1.1227688004486164e-05
esm3_top4_bilstm_attn,train,-1,C,max_neq,neq,58,66,509,1.3882313218390807,1.7313957211945141,-0.3431643993554339,-0.5387581181595986,-0.14757068055126926,True,0.001013951411816003,0.0027316093413146665
esm3_top4_bilstm_attn,train,-1,C,neq_peak_fraction,neq,58,66,509,0.03138985296312882,0.09816095145590818,-0.06677109849277936,-0.10164612850862784,-0.031896068476930876,True,1.0319205030153487e-05,3.668688980751728e-05
esm3_top4_bilstm_attn,train,-1,C,neq_peak_excess,neq,58,66,509,0.2480685228205702,0.3459118176575354,-0.09784329483696515,-0.21686832767107866,0.021181737997148384,True,0.11782830250895926,0.1920817216889061
esm3_top4_bilstm_attn,train,-1,C,mean_rsa,exposure_length_position,58,66,509,0.27709510603990867,0.3414312098401049,-0.06433610380019612,-0.10270646927352883,-0.025965738326863406,True,0.0018313892359407326,0.004744771652655646
esm3_top4_bilstm_attn,train,-1,C,max_rsa,exposure_length_position,58,66,509,0.4080231479320932,0.4422094883993823,-0.03418634046728912,-0.09194272565240594,0.023570044717827705,True,0.3197889319443936,0.44138888660281356
esm3_top4_bilstm_attn,train,-1,C,log_segment_length,exposure_length_position,58,66,509,1.4416007909863875,1.2108391765347766,0.23076161445161086,0.05836942595218064,0.4031538029510411,True,0.01917716702359951,0.03960782022406227
esm3_top4_bilstm_attn,train,-1,C,normalized_midpoint,exposure_length_position,58,66,509,0.5007280229268322,0.5015213370322484,-0.0007933141054162322,-0.09598331907467456,0.09439669086384209,True,0.6066465624143718,0.7217002208033043
esm3_top4_bilstm_attn,train,-1,C,mean_torsion_change,geometry_boundaries,58,66,509,64.54478020454405,80.96268600451239,-16.41790579996834,-31.369646664168677,-1.4661649357680044,True,0.007135232107466571,0.0162452658285148
esm3_top4_bilstm_attn,train,-1,C,max_torsion_change,geometry_boundaries,58,66,509,106.60348107580612,111.32404165700562,-4.720560581199502,-25.540057065364074,16.098935902965074,True,0.5798677669581713,0.6972023186648567
esm3_top4_bilstm_attn,train,-1,C,q3_boundary_fraction,geometry_boundaries,58,66,509,0.478396775638155,0.5417093023649426,-0.06331252672678764,-0.17513344163384753,0.048508388180272255,True,0.2518446496748571,0.3640388031426643
esm3_top4_bilstm_attn,train,-1,C,mean_distance_to_q3_boundary,geometry_boundaries,58,66,509,2.5204780564263327,1.5415053274813129,0.9789727289450195,0.014582699170102797,1.9433627587199362,True,0.34093858584589,0.46275124799074835
esm3_top4_bilstm_attn,train,-1,C,structured_linker_fraction,geometry_boundaries,58,66,509,0.6853448275862069,0.5909269848925023,0.09441784269370475,-0.03949221645962127,0.22832790184703078,True,0.19041751313583666,0.28741143388940343
esm3_top4_bilstm_attn,train,-1,C,mean_disorder,disorder,58,66,509,0.0402669379696227,0.10320890226417148,-0.06294196429454879,-0.09030868655079466,-0.035575242038302916,True,1.2628801774411371e-07,5.523671254758712e-07
esm3_top4_bilstm_attn,train,-1,C,max_disorder,disorder,58,66,509,0.05510173336639625,0.17232875552567187,-0.1172270221592756,-0.16328222461689895,-0.07117181970165226,True,6.372172754284678e-08,2.8611309538162674e-07
esm3_top4_bilstm_attn,train,-1,C,fraction_glycine,sequence,58,66,509,0.05108635617256306,0.0730448873759332,-0.02195853120337013,-0.07076738583642825,0.02685032342968799,True,0.0001583143728434671,0.000483087449985345
esm3_top4_bilstm_attn,train,-1,C,fraction_proline,sequence,58,66,509,0.07392754515599342,0.058003738049069595,0.015923807106923843,-0.023906363755382097,0.05575397796922978,True,0.26806337147391857,0.3830609716624339
esm3_top4_bilstm_attn,train,-1,C,fraction_hydrophobic,sequence,58,66,509,0.3408858598298253,0.3200434048247858,0.020842455005039492,-0.06298452981975311,0.1046694398298321,True,0.8374345688060182,0.9057473695243594
esm3_top4_bilstm_attn,train,-1,C,fraction_charged,sequence,58,66,509,0.27584704806687566,0.2227886756258361,0.05305837244103954,-0.03012296319260562,0.1362397080746847,True,0.5562484999120987,0.6761181467026959
esm3_top4_bilstm_attn,train,-1,C,fraction_aromatic,sequence,58,66,509,0.07546947305567996,0.07706787451839855,-0.0015984014627186019,-0.05189794226282289,0.04870113933738569,True,0.008600924533696139,0.019194538513812965
esm3_top4_bilstm_attn,train,-1,C,sequence_entropy,sequence,58,66,509,1.3927785845196061,0.9823045495636303,0.41047403495597606,0.13804759396891436,0.6829004759430377,True,0.004887697086017624,0.011645739145754466
esm3_top4_bilstm_attn,train,-1,S,mean_neq,neq,3,3,14,1.0,1.2627428571428572,-0.262742857142857,,,False,,
esm3_top4_bilstm_attn,train,-1,S,max_neq,neq,3,3,14,1.0,1.3287206349206349,-0.32872063492063486,,,False,,
esm3_top4_bilstm_attn,train,-1,S,neq_peak_fraction,neq,3,3,14,0.0,0.13809523809523808,-0.13809523809523808,,,False,,
esm3_top4_bilstm_attn,train,-1,S,neq_peak_excess,neq,3,3,14,0.0,0.06597777777777776,-0.06597777777777776,,,False,,
esm3_top4_bilstm_attn,train,-1,S,mean_rsa,exposure_length_position,3,3,14,0.27753222982088716,0.4928470439144543,-0.2153148140935671,,,False,,
esm3_top4_bilstm_attn,train,-1,S,max_rsa,exposure_length_position,3,3,14,0.27753222982088716,0.5300270049344925,-0.25249477511360535,,,False,,
esm3_top4_bilstm_attn,train,-1,S,log_segment_length,exposure_length_position,3,3,14,0.6931471805599453,0.8514716513450381,-0.1583244707850928,,,False,,
esm3_top4_bilstm_attn,train,-1,S,normalized_midpoint,exposure_length_position,3,3,14,0.5235303343095364,0.6465971436344474,-0.1230668093249111,,,False,,
esm3_top4_bilstm_attn,train,-1,S,mean_torsion_change,geometry_boundaries,3,3,14,156.73925437341893,145.77027388477677,10.96898048864216,,,False,,
esm3_top4_bilstm_attn,train,-1,S,max_torsion_change,geometry_boundaries,3,3,14,156.73925437341893,156.9142907429086,-0.17503636948967008,,,False,,
esm3_top4_bilstm_attn,train,-1,S,q3_boundary_fraction,geometry_boundaries,3,3,14,1.0,0.5238095238095238,0.4761904761904762,,,False,,
esm3_top4_bilstm_attn,train,-1,S,mean_distance_to_q3_boundary,geometry_boundaries,3,3,14,0.0,0.9761904761904762,-0.9761904761904762,,,False,,
esm3_top4_bilstm_attn,train,-1,S,structured_linker_fraction,geometry_boundaries,3,3,14,1.0,0.7000000000000001,0.3,,,False,,
esm3_top4_bilstm_attn,train,-1,S,mean_disorder,disorder,3,3,14,0.0020034683790677997,0.0037148142979102888,-0.0017113459188424884,,,False,,
esm3_top4_bilstm_attn,train,-1,S,max_disorder,disorder,3,3,14,0.0020034683790677997,0.0039052080534885906,-0.0019017396744207906,,,False,,
esm3_top4_bilstm_attn,train,-1,S,fraction_glycine,sequence,3,3,14,0.0,0.1619047619047619,-0.1619047619047619,,,False,,
esm3_top4_bilstm_attn,train,-1,S,fraction_proline,sequence,3,3,14,0.0,0.07142857142857142,-0.07142857142857142,,,False,,
esm3_top4_bilstm_attn,train,-1,S,fraction_hydrophobic,sequence,3,3,14,0.3333333333333333,0.023809523809523808,0.30952380952380953,,,False,,
esm3_top4_bilstm_attn,train,-1,S,fraction_charged,sequence,3,3,14,0.3333333333333333,0.36190476190476195,-0.02857142857142858,,,False,,
esm3_top4_bilstm_attn,train,-1,S,fraction_aromatic,sequence,3,3,14,0.0,0.0,0.0,,,False,,
esm3_top4_bilstm_attn,train,-1,S,sequence_entropy,sequence,3,3,14,0.0,0.3904761904761904,-0.3904761904761904,,,False,,
esm3_top4_bilstm_attn,train,-1,T,mean_neq,neq,20,21,99,1.0955027777777775,1.64154991171637,-0.5460471339385923,-0.9366998228788908,-0.1553944449982938,True,0.00036348186820175303,0.0010548774217941004
esm3_top4_bilstm_attn,train,-1,T,max_neq,neq,20,21,99,1.2352666666666665,1.8064883134920635,-0.5712216468253968,-1.0861204340674255,-0.05632285958336802,True,0.003382922253745841,0.00830018878077989
esm3_top4_bilstm_attn,train,-1,T,neq_peak_fraction,neq,20,21,99,0.05,0.1345580808080808,-0.08455808080808079,-0.20309766950495572,0.03398150788879416,True,0.00772453140314269,0.01745764750937529
esm3_top4_bilstm_attn,train,-1,T,neq_peak_excess,neq,20,21,99,0.13976388888888888,0.16493840177569347,-0.025174512886804536,-0.23028045381712817,0.1799314280435191,True,0.10438197028778454,0.17410727259151432
esm3_top4_bilstm_attn,train,-1,T,mean_rsa,exposure_length_position,20,21,99,0.37420309123893575,0.47493756685589855,-0.10073447561696285,-0.2109854396333336,0.009516488399407913,True,0.04380372353657391,0.08255317128046623
esm3_top4_bilstm_attn,train,-1,T,max_rsa,exposure_length_position,20,21,99,0.4391527999192476,0.5478570199506774,-0.1087042200314298,-0.22884084484812062,0.01143240478526103,True,0.04785751139622271,0.0891494468488314
esm3_top4_bilstm_attn,train,-1,T,log_segment_length,exposure_length_position,20,21,99,1.0750556815368326,1.0229946039747837,0.05206107756204944,-0.08070596816827372,0.1848281232923726,True,0.32229783806668066,0.44404604339993775
esm3_top4_bilstm_attn,train,-1,T,normalized_midpoint,exposure_length_position,20,21,99,0.521597405921469,0.4229733258713978,0.09862408005007126,-0.08899544000954873,0.28624360010969124,True,0.2471446025403431,0.358317281813422
esm3_top4_bilstm_attn,train,-1,T,mean_torsion_change,geometry_boundaries,20,21,99,93.73278501821962,85.60708381366685,8.12570120455276,-12.54349884649409,28.794901255599612,True,0.41146474044009396,0.5381672291790939
esm3_top4_bilstm_attn,train,-1,T,max_torsion_change,geometry_boundaries,20,21,99,147.00315368958493,127.03960940093327,19.963544288651633,-7.5457242564699705,47.47281283377323,True,0.12585852473931722,0.20364796862916354
esm3_top4_bilstm_attn,train,-1,T,q3_boundary_fraction,geometry_boundaries,20,21,99,0.31666666666666665,0.31290043290043285,0.003766233766233776,-0.1896001919414779,0.19713265947394545,True,0.8810042766032364,0.9396564641939571
esm3_top4_bilstm_attn,train,-1,T,mean_distance_to_q3_boundary,geometry_boundaries,20,21,99,1.8333333333333335,1.205864898989899,0.6274684343434345,-0.6407376465015502,1.8956745151884191,True,0.8518990893461073,0.9173111640344923
esm3_top4_bilstm_attn,train,-1,T,structured_linker_fraction,geometry_boundaries,20,21,99,0.65,0.7852182539682538,-0.13521825396825396,-0.36267832852439763,0.09224182058788974,True,0.4212031270382153,0.5481477184434973
esm3_top4_bilstm_attn,train,-1,T,mean_disorder,disorder,20,21,99,0.013093720553782323,0.015886031665353927,-0.0027923111115716044,-0.01280217137287196,0.00721754914972875,True,0.02276874371892181,0.046262693818314084
esm3_top4_bilstm_attn,train,-1,T,max_disorder,disorder,20,21,99,0.015957759893353733,0.017989171648369096,-0.0020314117550153605,-0.015208484063517227,0.011145660553486508,True,0.015240061183200121,0.03220415428774975
esm3_top4_bilstm_attn,train,-1,T,fraction_glycine,sequence,20,21,99,0.275,0.1882936507936508,0.0867063492063492,-0.12140019877479741,0.2948128971874958,True,0.6007683325463298,0.7160891399831281
esm3_top4_bilstm_attn,train,-1,T,fraction_proline,sequence,20,21,99,0.041666666666666664,0.032546296296296295,0.009120370370370372,-0.054600210207721406,0.07284095094846216,True,0.3011020462122582,0.42067190836514257
esm3_top4_bilstm_attn,train,-1,T,fraction_hydrophobic,sequence,20,21,99,0.15,0.25482263107263103,-0.10482263107263105,-0.2997176547658726,0.0900723926206105,True,0.16144772584764433,0.2502365904288895
esm3_top4_bilstm_attn,train,-1,T,fraction_charged,sequence,20,21,99,0.21666666666666665,0.2817300986050986,-0.06506343193843196,-0.27374592183556784,0.1436190579587039,True,0.4326471522081501,0.5589530078776291
esm3_top4_bilstm_attn,train,-1,T,fraction_aromatic,sequence,20,21,99,0.05,0.09951148388648387,-0.04951148388648387,-0.18777609246792498,0.08875312469495726,True,0.01837018558091769,0.03815890234424708
esm3_top4_bilstm_attn,train,-1,T,sequence_entropy,sequence,20,21,99,0.9169925001442312,0.6973052726685427,0.21968722747568856,-0.054794080304717024,0.49416853525609417,True,0.0790600851333323,0.13878616190851326
esm3_top4_bilstm_attn,validation,-1,H,mean_neq,neq,131,635,290,1.0886251721833604,1.171875505903587,-0.08325033372022672,-0.14474184731063366,-0.021758820129819792,True,2.544353657654386e-05,8.663101426515086e-05
esm3_top4_bilstm_attn,validation,-1,H,max_neq,neq,131,635,290,1.6518877469077515,1.6694627832303404,-0.017575036322589086,-0.1467653252192245,0.11161525257404634,True,0.9798399473525727,1.0
esm3_top4_bilstm_attn,validation,-1,H,neq_peak_fraction,neq,131,635,290,0.012114333454741324,0.04150843848273755,-0.02939410502799623,-0.04764187622771552,-0.011146333828276941,True,0.005633218282941576,0.013189689068300186
esm3_top4_bilstm_attn,validation,-1,H,neq_peak_excess,neq,131,635,290,0.5632625747243912,0.49758727732675356,0.06567529739763761,-0.036790804983281786,0.16814139977855702,True,0.08243863749669207,0.14404394489732086
esm3_top4_bilstm_attn,validation,-1,H,mean_rsa,exposure_length_position,131,635,290,0.27742873458554357,0.30985929179981636,-0.03243055721427286,-0.049594128466647014,-0.01526698596189871,True,0.0006572967058525609,0.0018381473635132408
esm3_top4_bilstm_attn,validation,-1,H,max_rsa,exposure_length_position,131,635,290,0.6347883718950286,0.5514698849995703,0.08331848689545815,0.05230815299357656,0.11432882079733975,True,5.908407101951598e-07,2.4125995666302356e-06
esm3_top4_bilstm_attn,validation,-1,H,log_segment_length,exposure_length_position,131,635,290,2.7239871365619464,2.0614614432336493,0.6625256933282969,0.5523125336396446,0.7727388530169492,True,3.5538442779714692e-19,3.599088000790673e-18
esm3_top4_bilstm_attn,validation,-1,H,normalized_midpoint,exposure_length_position,131,635,290,0.49543977681545665,0.49967758064576584,-0.004237803830309206,-0.06090732468183108,0.052431717021212666,True,0.9359165838264859,0.9821024115199717
esm3_top4_bilstm_attn,validation,-1,H,mean_torsion_change,geometry_boundaries,131,635,290,15.84386339470021,23.19302061697223,-7.349157222272022,-10.285921620521844,-4.412392824022201,True,4.822583157163222e-07,1.9932950677712536e-06
esm3_top4_bilstm_attn,validation,-1,H,max_torsion_change,geometry_boundaries,131,635,290,138.08621058308557,106.49038379066775,31.595826792417842,21.005825782007076,42.18582780282861,True,6.812976934939077e-07,2.7586437146142536e-06
esm3_top4_bilstm_attn,validation,-1,H,q3_boundary_fraction,geometry_boundaries,131,635,290,0.17185130722649897,0.34580603379067354,-0.17395472656417457,-0.21039361957078215,-0.137515833557567,True,1.9568531058631724e-17,1.7051856574544809e-16
esm3_top4_bilstm_attn,validation,-1,H,mean_distance_to_q3_boundary,geometry_boundaries,131,635,290,3.346136657445373,1.8833336894261359,1.4628029680192365,1.1097625188335498,1.8158434172049231,True,3.364841343484361e-17,2.858424266914729e-16
esm3_top4_bilstm_attn,validation,-1,H,structured_linker_fraction,geometry_boundaries,131,635,290,0.0,0.0,0.0,0.0,0.0,True,1.0,1.0
esm3_top4_bilstm_attn,validation,-1,H,mean_disorder,disorder,131,635,290,0.012894776413229572,0.049951483859762134,-0.037056707446532555,-0.04835842847515116,-0.02575498641791395,True,2.964139503310878e-13,2.0043511321388157e-12
esm3_top4_bilstm_attn,validation,-1,H,max_disorder,disorder,131,635,290,0.0349440754980363,0.07919870472693682,-0.04425462922890053,-0.05925091569414473,-0.02925834276365633,True,1.0354250981562131e-07,4.5464574764495533e-07
esm3_top4_bilstm_attn,validation,-1,H,fraction_glycine,sequence,131,635,290,0.028198097273297144,0.0195753387689848,0.008622758504312341,-0.00045409654377814683,0.017699613552402828,True,8.329128252686217e-05,0.00026392486056543674
esm3_top4_bilstm_attn,validation,-1,H,fraction_proline,sequence,131,635,290,0.013170735816338352,0.026505938089987743,-0.013335202273649387,-0.0233040230795927,-0.0033663814677060717,True,0.8736444638168164,0.9344205776875298
esm3_top4_bilstm_attn,validation,-1,H,fraction_hydrophobic,sequence,131,635,290,0.4728203309705494,0.5057802000693172,-0.03295986909876781,-0.06654178906074917,0.0006220508632135552,True,0.14814651496859568,0.23318592509721697
esm3_top4_bilstm_attn,validation,-1,H,fraction_charged,sequence,131,635,290,0.28384170724098706,0.26809226057973734,0.01574944666124979,-0.01863586585613706,0.05013475917863664,True,0.07787883213334702,0.13699705069867132
esm3_top4_bilstm_attn,validation,-1,H,fraction_aromatic,sequence,131,635,290,0.0916686258303331,0.09950788982874817,-0.007839263998415063,-0.03274908460842023,0.0170705566115901,True,0.10048143782827401,0.16875650907009646
esm3_top4_bilstm_attn,validation,-1,H,sequence_entropy,sequence,131,635,290,3.0093574886058203,2.187798588947813,0.8215588996580078,0.6685788056728263,0.9745389936431892,True,9.018651433788539e-19,8.712017285039729e-18
esm3_top4_bilstm_attn,validation,-1,E,mean_neq,neq,105,252,332,1.1295261706845445,1.171346213735755,-0.04182004305121065,-0.078907870532658,-0.00473221556976329,True,0.09390904463635263,0.16019499491196176
esm3_top4_bilstm_attn,validation,-1,E,max_neq,neq,105,252,332,1.5437434815977673,1.441021557067271,0.10272192453049596,-0.010120376149059626,0.21556422521005153,True,0.11174153030603196,0.18438170520482872
esm3_top4_bilstm_attn,validation,-1,E,neq_peak_fraction,neq,105,252,332,0.01751188316082168,0.03922104431884396,-0.02170916115802228,-0.043962321569850644,0.0005439992538060837,True,0.18942872389794296,0.2863278246200914
esm3_top4_bilstm_attn,validation,-1,E,neq_peak_excess,neq,105,252,332,0.41421731091322267,0.2696753433315161,0.14454196758170662,0.05715422046702677,0.23192971469638646,True,0.0008601556737271059,0.0023415348895904553
esm3_top4_bilstm_attn,validation,-1,E,mean_rsa,exposure_length_position,105,252,332,0.14161324958387508,0.20426002838949842,-0.06264677880562335,-0.08262106479401574,-0.042672492817230956,True,1.4053212374938072e-08,6.663942642309344e-08
esm3_top4_bilstm_attn,validation,-1,E,max_rsa,exposure_length_position,105,252,332,0.3173983667208833,0.3531421367002148,-0.035743769979331506,-0.0705450341434235,-0.000942505815239511,True,0.027286319478203775,0.054492053252100985
esm3_top4_bilstm_attn,validation,-1,E,log_segment_length,exposure_length_position,105,252,332,2.07163196031378,1.7166745233091032,0.3549574370046772,0.27391834819025634,0.43599652581909804,True,2.540928042615819e-12,1.627060172743198e-11
esm3_top4_bilstm_attn,validation,-1,E,normalized_midpoint,exposure_length_position,105,252,332,0.49604338203791243,0.4783446605788704,0.017698721459042055,-0.046199458434536975,0.08159690135262108,True,0.5769513737394589,0.6941895354495056
esm3_top4_bilstm_attn,validation,-1,E,mean_torsion_change,geometry_boundaries,105,252,332,29.055145351412783,33.212454312142604,-4.1573089607298215,-7.951411268183201,-0.36320665327644175,True,0.12609755740767564,0.20379342332473774
esm3_top4_bilstm_attn,validation,-1,E,max_torsion_change,geometry_boundaries,105,252,332,95.23276549049321,82.80465514165833,12.428110348834885,0.018018087287568818,24.8382026103822,True,0.016719796340617588,0.035002867757045246
esm3_top4_bilstm_attn,validation,-1,E,q3_boundary_fraction,geometry_boundaries,105,252,332,0.3387948829230171,0.48674118795738497,-0.1479463050343678,-0.19239436720595138,-0.10349824286278418,True,2.25803567580466e-09,1.1310249807252675e-08
esm3_top4_bilstm_attn,validation,-1,E,mean_distance_to_q3_boundary,geometry_boundaries,105,252,332,1.2727003926699265,0.8026830742573303,0.4700173184125959,0.33821893642988476,0.6018157003953071,True,1.5050563612068223e-10,8.420433620360796e-10
esm3_top4_bilstm_attn,validation,-1,E,structured_linker_fraction,geometry_boundaries,105,252,332,0.0,0.0,0.0,0.0,0.0,True,1.0,1.0
esm3_top4_bilstm_attn,validation,-1,E,mean_disorder,disorder,105,252,332,0.005460223842103018,0.0145612930037867,-0.009101069161683682,-0.013145576536921633,-0.005056561786445731,True,4.7393795643678606e-07,1.9661156205064707e-06
esm3_top4_bilstm_attn,validation,-1,E,max_disorder,disorder,105,252,332,0.011952548810731246,0.021619631371202864,-0.009667082560471617,-0.0153179164665408,-0.004016248654402435,True,0.0002236228013418849,0.0006708684040256546
esm3_top4_bilstm_attn,validation,-1,E,fraction_glycine,sequence,105,252,332,0.04283102174606671,0.029342414571166597,0.013488607174900117,-9.908889892887816e-05,0.02707630324872911,True,0.06398884012510404,0.11560295906976159
esm3_top4_bilstm_attn,validation,-1,E,fraction_proline,sequence,105,252,332,0.01138111115583643,0.01588102109530681,-0.004499909939470377,-0.013906412873879899,0.004906592994939144,True,0.13339209926388604,0.21364220161591602
esm3_top4_bilstm_attn,validation,-1,E,fraction_hydrophobic,sequence,105,252,332,0.5953374749093485,0.586499897278356,0.008837577630992575,-0.033319211875302755,0.05099436713728791,True,0.6695422688325443,0.7755129876405729
esm3_top4_bilstm_attn,validation,-1,E,fraction_charged,sequence,105,252,332,0.1510028554697467,0.17397046415559872,-0.022967608685852053,-0.05418057717614668,0.008245359804442576,True,0.10100731589177642,0.1694806225951026
esm3_top4_bilstm_attn,validation,-1,E,fraction_aromatic,sequence,105,252,332,0.1441697254524118,0.13621025179949275,0.007959473652919049,-0.025774211519403824,0.04169315882524192,True,0.22199432118167461,0.3267578580388515
esm3_top4_bilstm_attn,validation,-1,E,sequence_entropy,sequence,105,252,332,2.3710215552569385,1.8239134710254903,0.5471080842314483,0.41580132751169063,0.678414840951206,True,4.849646787262537e-12,3.0477055367536496e-11
esm3_top4_bilstm_attn,validation,-1,S,mean_neq,neq,1,1,3,1.0,2.027777777777778,-1.0277777777777781,,,False,,
esm3_top4_bilstm_attn,validation,-1,S,max_neq,neq,1,1,3,1.0,2.199777777777778,-1.1997777777777778,,,False,,
esm3_top4_bilstm_attn,validation,-1,S,neq_peak_fraction,neq,1,1,3,0.0,0.3333333333333333,-0.3333333333333333,,,False,,
esm3_top4_bilstm_attn,validation,-1,S,neq_peak_excess,neq,1,1,3,0.0,0.17200000000000001,-0.17200000000000001,,,False,,
esm3_top4_bilstm_attn,validation,-1,S,mean_rsa,exposure_length_position,1,1,3,0.4024812877178192,0.3717841969596016,0.030697090758217638,,,False,,
esm3_top4_bilstm_attn,validation,-1,S,max_rsa,exposure_length_position,1,1,3,0.4991795718669891,0.40081379810969037,0.09836577375729871,,,False,,
esm3_top4_bilstm_attn,validation,-1,S,log_segment_length,exposure_length_position,1,1,3,1.0986122886681096,0.9241962407465937,0.17441604792151588,,,False,,
esm3_top4_bilstm_attn,validation,-1,S,normalized_midpoint,exposure_length_position,1,1,3,0.5760233918128655,0.4756335282651072,0.10038986354775836,,,False,,
esm3_top4_bilstm_attn,validation,-1,S,mean_torsion_change,geometry_boundaries,1,1,3,209.43494780652418,102.12609425314862,107.30885355337556,,,False,,
esm3_top4_bilstm_attn,validation,-1,S,max_torsion_change,geometry_boundaries,1,1,3,237.4100307900933,113.7497362350443,123.66029455504899,,,False,,
esm3_top4_bilstm_attn,validation,-1,S,q3_boundary_fraction,geometry_boundaries,1,1,3,0.5,0.3333333333333333,0.16666666666666669,,,False,,
esm3_top4_bilstm_attn,validation,-1,S,mean_distance_to_q3_boundary,geometry_boundaries,1,1,3,0.5,0.888888888888889,-0.38888888888888895,,,False,,
esm3_top4_bilstm_attn,validation,-1,S,structured_linker_fraction,geometry_boundaries,1,1,3,1.0,0.6666666666666666,0.33333333333333337,,,False,,
esm3_top4_bilstm_attn,validation,-1,S,mean_disorder,disorder,1,1,3,0.0022706931922584,0.006780631322827555,-0.004509938130569155,,,False,,
esm3_top4_bilstm_attn,validation,-1,S,max_disorder,disorder,1,1,3,0.0024427480529993,0.007108444968859299,-0.004665696915859999,,,False,,
esm3_top4_bilstm_attn,validation,-1,S,fraction_glycine,sequence,1,1,3,0.5,0.3333333333333333,0.16666666666666669,,,False,,
esm3_top4_bilstm_attn,validation,-1,S,fraction_proline,sequence,1,1,3,0.0,0.0,0.0,,,False,,
esm3_top4_bilstm_attn,validation,-1,S,fraction_hydrophobic,sequence,1,1,3,0.0,0.1111111111111111,-0.1111111111111111,,,False,,
esm3_top4_bilstm_attn,validation,-1,S,fraction_charged,sequence,1,1,3,0.5,0.1111111111111111,0.3888888888888889,,,False,,
esm3_top4_bilstm_attn,validation,-1,S,fraction_aromatic,sequence,1,1,3,0.0,0.0,0.0,,,False,,
esm3_top4_bilstm_attn,validation,-1,S,sequence_entropy,sequence,1,1,3,1.0,0.5283208335737187,0.47167916642628127,,,False,,
esm3_top4_bilstm_attn,validation,-1,C,mean_neq,neq,15,16,103,1.1123678062678062,1.5236869793871908,-0.4113191731193845,-0.6915004977552135,-0.13113784848355547,True,0.004514052854917141,0.010816451242009108
esm3_top4_bilstm_attn,validation,-1,C,max_neq,neq,15,16,103,1.3650777777777776,1.8087488263588263,-0.4436710485810486,-0.9166994065220699,0.029357309359972772,True,0.15563546075803855,0.2428257927193947
esm3_top4_bilstm_attn,validation,-1,C,neq_peak_fraction,neq,15,16,103,0.03846153846153846,0.16060867467076614,-0.12214713620922772,-0.25001402291777,0.005719750499314544,True,0.0183740588631867,0.03815890234424708
esm3_top4_bilstm_attn,validation,-1,C,neq_peak_excess,neq,15,16,103,0.25270997150997154,0.28506184697163567,-0.03235187546166409,-0.27695466073752567,0.21225090981419747,True,0.7119971455885382,0.8099806020305678
esm3_top4_bilstm_attn,validation,-1,C,mean_rsa,exposure_length_position,15,16,103,0.2849468612320203,0.36024503124019586,-0.07529817000817561,-0.1513603175896347,0.0007639775732834753,True,0.12515345696288432,0.2030440681341228
esm3_top4_bilstm_attn,validation,-1,C,max_rsa,exposure_length_position,15,16,103,0.41658353321254254,0.48687532030235026,-0.07029178708980774,-0.20728243777930644,0.06669886359969096,True,0.3634879469815159,0.48709978150792915
esm3_top4_bilstm_attn,validation,-1,C,log_segment_length,exposure_length_position,15,16,103,1.2874723880403076,1.1733134300758472,0.11415895796446067,-0.2588999418574,0.4872178577863214,True,0.6495629244115453,0.7573554643145063
esm3_top4_bilstm_attn,validation,-1,C,normalized_midpoint,exposure_length_position,15,16,103,0.4757803491237107,0.5308542079061728,-0.05507385878246212,-0.32549673150349795,0.2153490139385737,True,0.5321298884166212,0.6562257287874778
esm3_top4_bilstm_attn,validation,-1,C,mean_torsion_change,geometry_boundaries,15,16,103,84.9452842075172,81.17216473470063,3.7731194728165707,-32.818464917481705,40.36470386311484,True,0.9095609385561121,0.9628132539944317
esm3_top4_bilstm_attn,validation,-1,C,max_torsion_change,geometry_boundaries,15,16,103,133.07223127062554,111.70090102083961,21.37133024978592,-25.521462264989715,68.26412276456156,True,0.42652824883677154,0.5520045598924619
esm3_top4_bilstm_attn,validation,-1,C,q3_boundary_fraction,geometry_boundaries,15,16,103,0.6158730158730159,0.4587766287210731,0.15709638715194274,-0.10218594810065401,0.4163787224045395,True,0.19144640357050802,0.2887066416020908
esm3_top4_bilstm_attn,validation,-1,C,mean_distance_to_q3_boundary,geometry_boundaries,15,16,103,1.6714285714285713,2.2750362165068045,-0.6036076450782333,-2.6924479163229593,1.4852326261664928,True,0.39424586721077726,0.5178497579796573
esm3_top4_bilstm_attn,validation,-1,C,structured_linker_fraction,geometry_boundaries,15,16,103,0.5333333333333333,0.4909475709475709,0.042385762385762374,-0.3081319652832264,0.3929034900547511,True,0.7979138890322223,0.8763606302195469
esm3_top4_bilstm_attn,validation,-1,C,mean_disorder,disorder,15,16,103,0.02866891247111024,0.07688038410998217,-0.04821147163887194,-0.09025852886669616,-0.006164414411047717,True,0.010593539088689496,0.02312250203928934
esm3_top4_bilstm_attn,validation,-1,C,max_disorder,disorder,15,16,103,0.04588834686825668,0.12170018087430025,-0.07581183400604358,-0.14765605010892327,-0.003967617903163884,True,0.010593539088689496,0.02312250203928934
esm3_top4_bilstm_attn,validation,-1,C,fraction_glycine,sequence,15,16,103,0.04798534798534799,0.07050742406951557,-0.022522076084167595,-0.1302270485223141,0.08518289635397891,True,0.22017166084620365,0.32492378233130276
esm3_top4_bilstm_attn,validation,-1,C,fraction_proline,sequence,15,16,103,0.025763125763125762,0.07668523862968307,-0.05092211286655732,-0.10405166703085289,0.002207441297738255,True,0.0168362816713468,0.03520313440372513
esm3_top4_bilstm_attn,validation,-1,C,fraction_hydrophobic,sequence,15,16,103,0.3459096459096459,0.3132450728888638,0.03266457302078217,-0.11952205584806978,0.1848512018896341,True,0.8202088262254849,0.894634519894975
esm3_top4_bilstm_attn,validation,-1,C,fraction_charged,sequence,15,16,103,0.3601953601953602,0.2433691977352108,0.11682616246014939,-0.12687397594124128,0.3605263008615401,True,0.25598851167013814,0.36939699443309304
esm3_top4_bilstm_attn,validation,-1,C,fraction_aromatic,sequence,15,16,103,0.043223443223443216,0.09250792236086354,-0.04928447913742032,-0.15425942769852763,0.05569046942368701,True,0.07805184404599262,0.1372299972540307
esm3_top4_bilstm_attn,validation,-1,C,sequence_entropy,sequence,15,16,103,1.1045740154317083,0.9680674643178596,0.13650655111384877,-0.49230980437714267,0.7653229066048403,True,0.7332713908212207,0.8250218210870374
esm3_top4_bilstm_attn,validation,-1,G,mean_neq,neq,3,3,8,1.2682037037037037,1.5855524691358023,-0.3173487654320988,,,False,,
esm3_top4_bilstm_attn,validation,-1,G,max_neq,neq,3,3,8,1.8017777777777777,2.0281666666666665,-0.22638888888888883,,,False,,
esm3_top4_bilstm_attn,validation,-1,G,neq_peak_fraction,neq,3,3,8,0.0,0.027777777777777776,-0.027777777777777776,,,False,,
esm3_top4_bilstm_attn,validation,-1,G,neq_peak_excess,neq,3,3,8,0.5335740740740741,0.44261419753086423,0.09095987654320996,,,False,,
esm3_top4_bilstm_attn,validation,-1,G,mean_rsa,exposure_length_position,3,3,8,0.42852313682023024,0.3512848992055903,0.07723823761463998,,,False,,
esm3_top4_bilstm_attn,validation,-1,G,max_rsa,exposure_length_position,3,3,8,0.7235477765401205,0.5285500888195304,0.19499768772059015,,,False,,
esm3_top4_bilstm_attn,validation,-1,G,log_segment_length,exposure_length_position,3,3,8,1.3647815207407001,1.2339020981010966,0.13087942263960337,,,False,,
esm3_top4_bilstm_attn,validation,-1,G,normalized_midpoint,exposure_length_position,3,3,8,0.538235596707819,0.7065895061728394,-0.1683539094650206,,,False,,
esm3_top4_bilstm_attn,validation,-1,G,mean_torsion_change,geometry_boundaries,3,3,8,64.37268489392898,32.49479382407056,31.877891069858407,,,False,,
esm3_top4_bilstm_attn,validation,-1,G,max_torsion_change,geometry_boundaries,3,3,8,157.66417828277068,67.79293578221548,89.87124250055523,,,False,,
esm3_top4_bilstm_attn,validation,-1,G,q3_boundary_fraction,geometry_boundaries,3,3,8,0.611111111111111,0.24999999999999997,0.36111111111111116,,,False,,
esm3_top4_bilstm_attn,validation,-1,G,mean_distance_to_q3_boundary,geometry_boundaries,3,3,8,0.38888888888888884,2.305555555555556,-1.9166666666666667,,,False,,
esm3_top4_bilstm_attn,validation,-1,G,structured_linker_fraction,geometry_boundaries,3,3,8,0.0,0.0,0.0,,,False,,
esm3_top4_bilstm_attn,validation,-1,G,mean_disorder,disorder,3,3,8,0.06362820265995747,0.018082517075796424,0.04554568558416105,,,False,,
esm3_top4_bilstm_attn,validation,-1,G,max_disorder,disorder,3,3,8,0.06766095633308088,0.01993770847911942,0.04772324785396145,,,False,,
esm3_top4_bilstm_attn,validation,-1,G,fraction_glycine,sequence,3,3,8,0.0,0.1111111111111111,-0.1111111111111111,,,False,,
esm3_top4_bilstm_attn,validation,-1,G,fraction_proline,sequence,3,3,8,0.0,0.1574074074074074,-0.1574074074074074,,,False,,
esm3_top4_bilstm_attn,validation,-1,G,fraction_hydrophobic,sequence,3,3,8,0.4444444444444444,0.4259259259259259,0.018518518518518545,,,False,,
esm3_top4_bilstm_attn,validation,-1,G,fraction_charged,sequence,3,3,8,0.3333333333333333,0.19444444444444442,0.1388888888888889,,,False,,
esm3_top4_bilstm_attn,validation,-1,G,fraction_aromatic,sequence,3,3,8,0.08333333333333333,0.16666666666666666,-0.08333333333333333,,,False,,
esm3_top4_bilstm_attn,validation,-1,G,sequence_entropy,sequence,3,3,8,1.5283208335737186,1.1719298613915605,0.35639097218215804,,,False,,
esm3_top4_bilstm_attn,validation,-1,T,mean_neq,neq,1,1,2,1.74,2.4526388888888886,-0.7126388888888886,,,False,,
esm3_top4_bilstm_attn,validation,-1,T,max_neq,neq,1,1,2,2.48,2.869333333333333,-0.3893333333333331,,,False,,
esm3_top4_bilstm_attn,validation,-1,T,neq_peak_fraction,neq,1,1,2,0.0,0.0,0.0,,,False,,
esm3_top4_bilstm_attn,validation,-1,T,neq_peak_excess,neq,1,1,2,0.74,0.41669444444444437,0.3233055555555556,,,False,,
esm3_top4_bilstm_attn,validation,-1,T,mean_rsa,exposure_length_position,1,1,2,0.509517639875412,0.6665628502766292,-0.15704521040121722,,,False,,
esm3_top4_bilstm_attn,validation,-1,T,max_rsa,exposure_length_position,1,1,2,0.7195256352424622,0.7910830974578857,-0.07155746221542358,,,False,,
esm3_top4_bilstm_attn,validation,-1,T,log_segment_length,exposure_length_position,1,1,2,1.0986122886681096,1.242453324894,-0.1438410362258904,,,False,,
esm3_top4_bilstm_attn,validation,-1,T,normalized_midpoint,exposure_length_position,1,1,2,0.8506944444444444,0.15104166666666666,0.6996527777777778,,,False,,
esm3_top4_bilstm_attn,validation,-1,T,mean_torsion_change,geometry_boundaries,1,1,2,32.27132108318527,40.30956610257719,-8.038245019391923,,,False,,
esm3_top4_bilstm_attn,validation,-1,T,max_torsion_change,geometry_boundaries,1,1,2,52.53874208488518,89.72598523154407,-37.18724314665889,,,False,,
esm3_top4_bilstm_attn,validation,-1,T,q3_boundary_fraction,geometry_boundaries,1,1,2,0.0,0.0,0.0,,,False,,
esm3_top4_bilstm_attn,validation,-1,T,mean_distance_to_q3_boundary,geometry_boundaries,1,1,2,1.0,1.75,-0.75,,,False,,
esm3_top4_bilstm_attn,validation,-1,T,structured_linker_fraction,geometry_boundaries,1,1,2,1.0,0.0,1.0,,,False,,
esm3_top4_bilstm_attn,validation,-1,T,mean_disorder,disorder,1,1,2,0.01269470294937485,0.21383899450302118,-0.20114429155364633,,,False,,
esm3_top4_bilstm_attn,validation,-1,T,max_disorder,disorder,1,1,2,0.0158059895038604,0.27610027790069575,-0.2602942883968353,,,False,,
esm3_top4_bilstm_attn,validation,-1,T,fraction_glycine,sequence,1,1,2,0.0,0.0,0.0,,,False,,
esm3_top4_bilstm_attn,validation,-1,T,fraction_proline,sequence,1,1,2,0.0,0.0,0.0,,,False,,
esm3_top4_bilstm_attn,validation,-1,T,fraction_hydrophobic,sequence,1,1,2,0.5,0.25,0.25,,,False,,
esm3_top4_bilstm_attn,validation,-1,T,fraction_charged,sequence,1,1,2,0.5,0.75,-0.25,,,False,,
esm3_top4_bilstm_attn,validation,-1,T,fraction_aromatic,sequence,1,1,2,0.5,0.0,0.5,,,False,,
esm3_top4_bilstm_attn,validation,-1,T,sequence_entropy,sequence,1,1,2,1.0,0.9591479170272448,0.04085208297275522,,,False,,
esm3_top4_bilstm_attn,test,-1,E,mean_neq,neq,114,255,369,1.1224365605549769,1.2135289967409377,-0.09109243618596097,-0.14205843678920826,-0.04012643558271368,True,3.175346474006386e-05,0.00010661217903292544
esm3_top4_bilstm_attn,test,-1,E,max_neq,neq,114,255,369,1.5091613558468824,1.6156156795121706,-0.10645432366528859,-0.23633573777028313,0.02342709043970595,True,0.09783528665157824,0.1656390106003936
esm3_top4_bilstm_attn,test,-1,E,neq_peak_fraction,neq,114,255,369,0.02173854294781613,0.041371876908635474,-0.01963333396081934,-0.033677982883019826,-0.005588685038618852,True,0.0030868652525479325,0.007629160393906842
esm3_top4_bilstm_attn,test,-1,E,neq_peak_excess,neq,114,255,369,0.38672479529190523,0.4020866827712329,-0.015361887479327634,-0.10697876417714997,0.07625498921849469,True,0.5145852894936634,0.638932377443289
esm3_top4_bilstm_attn,test,-1,E,mean_rsa,exposure_length_position,114,255,369,0.15057888040372472,0.20421247850013935,-0.053633598096414596,-0.07084916246873421,-0.036418033724094974,True,8.950028099437914e-09,4.274017655960394e-08
esm3_top4_bilstm_attn,test,-1,E,max_rsa,exposure_length_position,114,255,369,0.3293518597937707,0.3534152170448818,-0.02406335725111114,-0.05101439448346211,0.0028876799812398296,True,0.04079352073153879,0.07761558446445281
esm3_top4_bilstm_attn,test,-1,E,log_segment_length,exposure_length_position,114,255,369,2.0602198498018263,1.7217614889231987,0.3384583608786278,0.2698018550585144,0.4071148666987412,True,5.879574658590467e-15,4.368976246306454e-14
esm3_top4_bilstm_attn,test,-1,E,normalized_midpoint,exposure_length_position,114,255,369,0.4936488282228114,0.47011682494958934,0.023532003273222,-0.035843723058151464,0.08290772960459546,True,0.5404506275860106,0.6625984959335959
esm3_top4_bilstm_attn,test,-1,E,mean_torsion_change,geometry_boundaries,114,255,369,28.12386257868741,33.66548441437103,-5.541621835683622,-9.281003283629632,-1.8022403877376125,True,0.0060176647334537325,0.013983315782685272
esm3_top4_bilstm_attn,test,-1,E,max_torsion_change,geometry_boundaries,114,255,369,85.87048218081878,79.39930495940887,6.471177221409937,-3.6627828684059107,16.605137311225782,True,0.18435543060960125,0.28001155026552643
esm3_top4_bilstm_attn,test,-1,E,q3_boundary_fraction,geometry_boundaries,114,255,369,0.35193628971511187,0.5272486027153946,-0.17531231300028294,-0.21241712732292756,-0.13820749867763832,True,2.6220514635902634e-14,1.8624277307560256e-13
esm3_top4_bilstm_attn,test,-1,E,mean_distance_to_q3_boundary,geometry_boundaries,114,255,369,1.1412109070035135,0.7649434371207553,0.3762674698827581,0.2605409848454579,0.4919939549200583,True,5.671801602181081e-12,3.557766459549951e-11
esm3_top4_bilstm_attn,test,-1,E,structured_linker_fraction,geometry_boundaries,114,255,369,0.0,0.0,0.0,0.0,0.0,True,1.0,1.0
esm3_top4_bilstm_attn,test,-1,E,mean_disorder,disorder,114,255,369,0.006245128106637922,0.01386398016346089,-0.007618852056822964,-0.011986657229448267,-0.00325104688419766,True,9.893201639165838e-09,4.717759484064838e-08
esm3_top4_bilstm_attn,test,-1,E,max_disorder,disorder,114,255,369,0.01357548722314711,0.021232248913523762,-0.007656761690376658,-0.013444381639163155,-0.001869141741590163,True,0.00023859216673661348,0.0007141720581336423
esm3_top4_bilstm_attn,test,-1,E,fraction_glycine,sequence,114,255,369,0.03611293561168248,0.028468773541350814,0.007644162070331661,-0.00625804424184991,0.021546368382513233,True,0.1417141425317072,0.22494625159610424
esm3_top4_bilstm_attn,test,-1,E,fraction_proline,sequence,114,255,369,0.01437236415306591,0.014803360277984338,-0.00043099612491843015,-0.009268341512540154,0.008406349262703292,True,0.6749843263849735,0.7794132539301897
esm3_top4_bilstm_attn,test,-1,E,fraction_hydrophobic,sequence,114,255,369,0.5968673565133467,0.5830885835172596,0.013778772996087126,-0.02375858751891622,0.05131613351109047,True,0.3279299373599939,0.45052056814877667
esm3_top4_bilstm_attn,test,-1,E,fraction_charged,sequence,114,255,369,0.1420695420100182,0.1572807986495852,-0.015211256639567,-0.044947964651809696,0.014525451372675694,True,0.5366766046916303,0.659819491077237
esm3_top4_bilstm_attn,test,-1,E,fraction_aromatic,sequence,114,255,369,0.12749862803120948,0.14920248697008304,-0.021703858938873555,-0.04800381600688455,0.00459609812913744,True,0.09665542074986351,0.1639698833694373
esm3_top4_bilstm_attn,test,-1,E,sequence_entropy,sequence,114,255,369,2.356902243101965,1.8733154587943877,0.48358678430757746,0.3660435667653533,0.6011300018498016,True,2.279910005750765e-12,1.4682620437034926e-11
esm3_top4_bilstm_attn,test,-1,G,mean_neq,neq,6,8,7,1.406787037037037,1.66875,-0.26196296296296284,,,False,,
esm3_top4_bilstm_attn,test,-1,G,max_neq,neq,6,8,7,2.1176944444444445,1.6913333333333334,0.42636111111111114,,,False,,
esm3_top4_bilstm_attn,test,-1,G,neq_peak_fraction,neq,6,8,7,0.07638888888888888,0.0,0.07638888888888888,,,False,,
esm3_top4_bilstm_attn,test,-1,G,neq_peak_excess,neq,6,8,7,0.7109074074074074,0.022583333333333344,0.688324074074074,,,False,,
esm3_top4_bilstm_attn,test,-1,G,mean_rsa,exposure_length_position,6,8,7,0.3197083497264733,0.12459317129105325,0.19511517843542,,,False,,
esm3_top4_bilstm_attn,test,-1,G,max_rsa,exposure_length_position,6,8,7,0.5501807499676943,0.16342169418931005,0.3867590557783842,,,False,,
esm3_top4_bilstm_attn,test,-1,G,log_segment_length,exposure_length_position,6,8,7,1.4981589550519787,0.876249228671297,0.6219097263806815,,,False,,
esm3_top4_bilstm_attn,test,-1,G,normalized_midpoint,exposure_length_position,6,8,7,0.5011977537967383,0.6789110650200388,-0.17771331122330045,,,False,,
esm3_top4_bilstm_attn,test,-1,G,mean_torsion_change,geometry_boundaries,6,8,7,57.041719458428815,47.02757086667364,10.014148591755172,,,False,,
esm3_top4_bilstm_attn,test,-1,G,max_torsion_change,geometry_boundaries,6,8,7,146.9622436309314,56.343479970106934,90.61876366082447,,,False,,
esm3_top4_bilstm_attn,test,-1,G,q3_boundary_fraction,geometry_boundaries,6,8,7,0.5833333333333334,0.4166666666666667,0.16666666666666663,,,False,,
esm3_top4_bilstm_attn,test,-1,G,mean_distance_to_q3_boundary,geometry_boundaries,6,8,7,0.6944444444444445,1.4166666666666667,-0.7222222222222222,,,False,,
esm3_top4_bilstm_attn,test,-1,G,structured_linker_fraction,geometry_boundaries,6,8,7,0.0,0.0,0.0,,,False,,
esm3_top4_bilstm_attn,test,-1,G,mean_disorder,disorder,6,8,7,0.004613637403660147,0.006057485967176,-0.0014438485635158524,,,False,,
esm3_top4_bilstm_attn,test,-1,G,max_disorder,disorder,6,8,7,0.006041807180736166,0.007098849659087099,-0.0010570424783509335,,,False,,
esm3_top4_bilstm_attn,test,-1,G,fraction_glycine,sequence,6,8,7,0.0,0.0,0.0,,,False,,
esm3_top4_bilstm_attn,test,-1,G,fraction_proline,sequence,6,8,7,0.08333333333333333,0.027777777777777776,0.05555555555555555,,,False,,
esm3_top4_bilstm_attn,test,-1,G,fraction_hydrophobic,sequence,6,8,7,0.375,0.7777777777777777,-0.4027777777777779,,,False,,
esm3_top4_bilstm_attn,test,-1,G,fraction_charged,sequence,6,8,7,0.38888888888888884,0.027777777777777776,0.3611111111111111,,,False,,
esm3_top4_bilstm_attn,test,-1,G,fraction_aromatic,sequence,6,8,7,0.027777777777777776,0.19444444444444445,-0.16666666666666666,,,False,,
esm3_top4_bilstm_attn,test,-1,G,sequence_entropy,sequence,6,8,7,1.6195489589943932,0.2086048612313038,1.4109440977630892,,,False,,
esm3_top4_bilstm_attn,test,-1,H,mean_neq,neq,132,633,312,1.0867426367549569,1.2685037051280046,-0.18176106837304787,-0.2592851116600759,-0.10423702508601983,True,8.470391045878538e-09,4.050691955603301e-08
esm3_top4_bilstm_attn,test,-1,H,max_neq,neq,132,633,312,1.6450352308255718,1.7732536206218026,-0.12821838979623074,-0.2676189716194774,0.011182192027015925,True,0.21200684366977984,0.31521334144570173
esm3_top4_bilstm_attn,test,-1,H,neq_peak_fraction,neq,132,633,312,0.011776643562240759,0.04451538189681506,-0.032738738334574295,-0.045611610933268654,-0.019865865735879937,True,8.648706816032049e-05,0.0002735386131431652
esm3_top4_bilstm_attn,test,-1,H,neq_peak_excess,neq,132,633,312,0.5582925940706147,0.5047499154937978,0.05354267857681713,-0.04687196209328734,0.1539573192469216,True,0.097082024592513,0.16452848378310098
esm3_top4_bilstm_attn,test,-1,H,mean_rsa,exposure_length_position,132,633,312,0.2814883070201806,0.3039535748695153,-0.02246526784933461,-0.03938631384121002,-0.005544221857459203,True,0.005397280826497478,0.012698821485308263
esm3_top4_bilstm_attn,test,-1,H,max_rsa,exposure_length_position,132,633,312,0.6512301291834984,0.5453761018473811,0.10585402733611743,0.07885674770457314,0.13285130696766173,True,4.930452812739211e-13,3.2944389248757456e-12
esm3_top4_bilstm_attn,test,-1,H,log_segment_length,exposure_length_position,132,633,312,2.6478020103725273,1.9893346741120495,0.6584673362604778,0.570921078255606,0.7460135942653496,True,1.192821743607848e-21,1.47187237778764e-20
esm3_top4_bilstm_attn,test,-1,H,normalized_midpoint,exposure_length_position,132,633,312,0.49757152939274235,0.5720475476692359,-0.07447601827649376,-0.13278897392346586,-0.016163062629521656,True,0.012880803970569827,0.027580746183975036
esm3_top4_bilstm_attn,test,-1,H,mean_torsion_change,geometry_boundaries,132,633,312,16.39927311828504,30.05636666667425,-13.657093548389211,-17.762097408104413,-9.552089688674009,True,1.0757343854020454e-12,7.062248460280224e-12
esm3_top4_bilstm_attn,test,-1,H,max_torsion_change,geometry_boundaries,132,633,312,136.57652198846125,113.82910550306862,22.747416485392627,14.587141591515035,30.90769137927022,True,1.2977997556695092e-06,5.1081035784849945e-06
esm3_top4_bilstm_attn,test,-1,H,q3_boundary_fraction,geometry_boundaries,132,633,312,0.17722621170831632,0.36836967766510476,-0.19114346595678838,-0.2273025370717437,-0.15498439484183307,True,2.740430956349739e-18,2.5454387536863924e-17
esm3_top4_bilstm_attn,test,-1,H,mean_distance_to_q3_boundary,geometry_boundaries,132,633,312,2.9671993691767873,1.597245419955346,1.3699539492214416,1.1817203221236996,1.5581875763191837,True,4.4757802432565205e-20,4.794349457938622e-19
esm3_top4_bilstm_attn,test,-1,H,structured_linker_fraction,geometry_boundaries,132,633,312,0.0,0.0,0.0,0.0,0.0,True,1.0,1.0
esm3_top4_bilstm_attn,test,-1,H,mean_disorder,disorder,132,633,312,0.011743157045766308,0.035022467656414674,-0.02327931061064837,-0.03198706837115385,-0.014571552850142892,True,3.157086322282117e-12,2.0064114390292926e-11
esm3_top4_bilstm_attn,test,-1,H,max_disorder,disorder,132,633,312,0.027538486657786406,0.06066137769841546,-0.03312289104062905,-0.045347888828952444,-0.020897893252305656,True,3.215242677626477e-07,1.3520815289869552e-06
esm3_top4_bilstm_attn,test,-1,H,fraction_glycine,sequence,132,633,312,0.02451948605219591,0.021167462216033325,0.003352023836162581,-0.00461237682961326,0.011316424501938422,True,0.05149486972535217,0.0951388822630687
esm3_top4_bilstm_attn,test,-1,H,fraction_proline,sequence,132,633,312,0.014200834827404344,0.03137911261279723,-0.01717827778539289,-0.029502598023582696,-0.004853957547203082,True,0.4510503126890324,0.5780898814259358
esm3_top4_bilstm_attn,test,-1,H,fraction_hydrophobic,sequence,132,633,312,0.4915431307033059,0.5334339182603661,-0.041890787557060355,-0.0753989363700152,-0.008382638744105511,True,0.026951228239098488,0.053854670612524816
esm3_top4_bilstm_attn,test,-1,H,fraction_charged,sequence,132,633,312,0.2684353717942827,0.23581201541985486,0.03262335637442777,0.0030560836754583882,0.06219062907339716,True,0.010509640828677853,0.022969034028286893
esm3_top4_bilstm_attn,test,-1,H,fraction_aromatic,sequence,132,633,312,0.08600002624426346,0.08920471561505007,-0.0032046893707866142,-0.020619888219583753,0.014210509478010527,True,0.9990938901521838,1.0
esm3_top4_bilstm_attn,test,-1,H,sequence_entropy,sequence,132,633,312,2.924490896863851,2.143175118242307,0.7813157786215444,0.6470263740364047,0.9156051832066842,True,2.333734858471638e-18,2.1917659879146133e-17
esm3_top4_bilstm_attn,test,-1,C,mean_neq,neq,18,20,152,1.1208727807172252,1.4131665581825015,-0.2922937774652763,-0.45723371230345655,-0.12735384262709604,True,0.006490832494560188,0.014959444215479206
esm3_top4_bilstm_attn,test,-1,C,max_neq,neq,18,20,152,1.4038148148148148,1.764122270204378,-0.3603074553895632,-0.727076213475673,0.0064613026965466,True,0.04285796577660062,0.08095127502273
esm3_top4_bilstm_attn,test,-1,C,neq_peak_fraction,neq,18,20,152,0.03333333333333334,0.10211027168572688,-0.06877693835239354,-0.1155337232376322,-0.022020153467154892,True,0.008966437979975584,0.019970702773581983
esm3_top4_bilstm_attn,test,-1,C,neq_peak_excess,neq,18,20,152,0.28294203409758967,0.3509557120218767,-0.06801367792428706,-0.30249163021157766,0.1664642743630035,True,0.34910194464272437,0.47137127589339106
esm3_top4_bilstm_attn,test,-1,C,mean_rsa,exposure_length_position,18,20,152,0.2373710271312709,0.39548879846529084,-0.15811777133401997,-0.24208658180739379,-0.07414896086064614,True,0.0021384380262505845,0.005481470027864463
esm3_top4_bilstm_attn,test,-1,C,max_rsa,exposure_length_position,18,20,152,0.32349930869208443,0.5059945470321439,-0.18249523834005948,-0.30127301991841754,-0.06371745676170143,True,0.005684474003904788,0.013282105464548784
esm3_top4_bilstm_attn,test,-1,C,log_segment_length,exposure_length_position,18,20,152,1.368464600228893,1.2223058048265674,0.14615879540232576,-0.16752086688868986,0.4598384576933414,True,0.44598168917699166,0.5722444368529065
esm3_top4_bilstm_attn,test,-1,C,normalized_midpoint,exposure_length_position,18,20,152,0.49677905800177335,0.46972532557433916,0.027053732427434224,-0.14866823711942392,0.20277570197429237,True,0.8446284810712963,0.9109055484855033
esm3_top4_bilstm_attn,test,-1,C,mean_torsion_change,geometry_boundaries,18,20,152,85.52636384521684,67.67003197671465,17.85633186850217,-16.71808020669302,52.430743943697365,True,0.6164914109936318,0.7303284725190851
esm3_top4_bilstm_attn,test,-1,C,max_torsion_change,geometry_boundaries,18,20,152,123.38564724845362,96.57896389678409,26.806683351669555,-10.569396168498535,64.18276287183764,True,0.13297131332886625,0.2132713521655108
esm3_top4_bilstm_attn,test,-1,C,q3_boundary_fraction,geometry_boundaries,18,20,152,0.6178571428571429,0.4348566176988797,0.18300052515826326,-0.032285039252454545,0.39828608956898104,True,0.11192770811902444,0.1845988200733764
esm3_top4_bilstm_attn,test,-1,C,mean_distance_to_q3_boundary,geometry_boundaries,18,20,152,1.4961199294532626,1.2808774861062442,0.21524244334701853,-1.1267930608947094,1.5572779475887466,True,0.37191707936934015,0.49611176450198985
esm3_top4_bilstm_attn,test,-1,C,structured_linker_fraction,geometry_boundaries,18,20,152,0.6111111111111112,0.6382573399730262,-0.02714622886191513,-0.3405536668321997,0.2862612091083694,True,0.7938117351773128,0.8739425192557781
esm3_top4_bilstm_attn,test,-1,C,mean_disorder,disorder,18,20,152,0.028402083545540895,0.11828986891524369,-0.0898877853697028,-0.13179048673774812,-0.04798508400165748,True,0.0003270126629328652,0.0009556005301434894
esm3_top4_bilstm_attn,test,-1,C,max_disorder,disorder,18,20,152,0.03797427925100132,0.17467713310003868,-0.13670285384903738,-0.19587280418357617,-0.07753290351449861,True,0.0003861775700434037,0.0011178650379424211
esm3_top4_bilstm_attn,test,-1,C,fraction_glycine,sequence,18,20,152,0.027777777777777776,0.053264306499600615,-0.02548652872182284,-0.09602659533532501,0.04505353789167934,True,0.004943933845345059,0.011763152942372726
esm3_top4_bilstm_attn,test,-1,C,fraction_proline,sequence,18,20,152,0.06587301587301587,0.05356472218517036,0.012308293687845508,-0.06700144210218284,0.09161802947787384,True,0.5118353193491625,0.6362188289409993
esm3_top4_bilstm_attn,test,-1,C,fraction_hydrophobic,sequence,18,20,152,0.30965608465608463,0.3113914624815652,-0.0017353778254805181,-0.1608967387904191,0.15742598313945805,True,0.930591460030879,0.9774245810389567
esm3_top4_bilstm_attn,test,-1,C,fraction_charged,sequence,18,20,152,0.17010582010582012,0.21987558480614033,-0.04976976470032025,-0.20419251437263006,0.10465298497198958,True,0.12209548134133213,0.19855931814095426
esm3_top4_bilstm_attn,test,-1,C,fraction_aromatic,sequence,18,20,152,0.0472663139329806,0.06748095439505336,-0.020214640462072768,-0.09099086220274016,0.050561581278594635,True,0.5548856982334172,0.6753306500097852
esm3_top4_bilstm_attn,test,-1,C,sequence_entropy,sequence,18,20,152,1.2161333490501112,1.0415523361441938,0.1745810129059174,-0.37628125172657834,0.7254432775384132,True,0.3719737719646685,0.49611176450198985
esm3_top4_bilstm_attn,test,-1,T,mean_neq,neq,4,5,7,1.4133125,1.6421365740740739,-0.228824074074074,,,False,,
esm3_top4_bilstm_attn,test,-1,T,max_neq,neq,4,5,7,1.82625,1.7234305555555554,0.10281944444444452,,,False,,
esm3_top4_bilstm_attn,test,-1,T,neq_peak_fraction,neq,4,5,7,0.125,0.3402777777777778,-0.2152777777777778,,,False,,
esm3_top4_bilstm_attn,test,-1,T,neq_peak_excess,neq,4,5,7,0.4129375,0.08129398148148148,0.3316435185185185,,,False,,
esm3_top4_bilstm_attn,test,-1,T,mean_rsa,exposure_length_position,4,5,7,0.5484385080635548,0.6215972337457869,-0.07315872568223211,,,False,,
esm3_top4_bilstm_attn,test,-1,T,max_rsa,exposure_length_position,4,5,7,0.6090666353702545,0.71189513305823,-0.10282849768797556,,,False,,
esm3_top4_bilstm_attn,test,-1,T,log_segment_length,exposure_length_position,4,5,7,1.0986122886681096,1.0212195176787169,0.07739277098939265,,,False,,
esm3_top4_bilstm_attn,test,-1,T,normalized_midpoint,exposure_length_position,4,5,7,0.5345987044356609,0.6898280574624969,-0.15522935302683588,,,False,,
esm3_top4_bilstm_attn,test,-1,T,mean_torsion_change,geometry_boundaries,4,5,7,92.5778842446311,133.4806673378324,-40.90278309320129,,,False,,
esm3_top4_bilstm_attn,test,-1,T,max_torsion_change,geometry_boundaries,4,5,7,134.95748093902517,185.93897458576882,-50.98149364674363,,,False,,
esm3_top4_bilstm_attn,test,-1,T,q3_boundary_fraction,geometry_boundaries,4,5,7,0.0,0.3333333333333333,-0.3333333333333333,,,False,,
esm3_top4_bilstm_attn,test,-1,T,mean_distance_to_q3_boundary,geometry_boundaries,4,5,7,2.375,1.0763888888888888,1.2986111111111112,,,False,,
esm3_top4_bilstm_attn,test,-1,T,structured_linker_fraction,geometry_boundaries,4,5,7,0.5,0.9166666666666666,-0.41666666666666663,,,False,,
esm3_top4_bilstm_attn,test,-1,T,mean_disorder,disorder,4,5,7,0.0068645163264590865,0.0511629398226634,-0.04429842349620431,,,False,,
esm3_top4_bilstm_attn,test,-1,T,max_disorder,disorder,4,5,7,0.008039905922487324,0.059482230164576266,-0.05144232424208894,,,False,,
esm3_top4_bilstm_attn,test,-1,T,fraction_glycine,sequence,4,5,7,0.125,0.5833333333333333,-0.4583333333333333,,,False,,
esm3_top4_bilstm_attn,test,-1,T,fraction_proline,sequence,4,5,7,0.125,0.027777777777777776,0.09722222222222222,,,False,,
esm3_top4_bilstm_attn,test,-1,T,fraction_hydrophobic,sequence,4,5,7,0.0,0.09027777777777778,-0.09027777777777778,,,False,,
esm3_top4_bilstm_attn,test,-1,T,fraction_charged,sequence,4,5,7,0.625,0.08333333333333333,0.5416666666666667,,,False,,
esm3_top4_bilstm_attn,test,-1,T,fraction_aromatic,sequence,4,5,7,0.0,0.0,0.0,,,False,,
esm3_top4_bilstm_attn,test,-1,T,sequence_entropy,sequence,4,5,7,0.625,0.7987468750600963,-0.17374687506009634,,,False,,
esm3_top28_bilstm_attn,train,-1,H,mean_neq,neq,591,2917,1333,1.0784566128440516,1.2248494099555483,-0.14639279711149666,-0.17363030346151573,-0.1191552907614776,True,7.358840116539065e-31,1.5647948700640615e-29
esm3_top28_bilstm_attn,train,-1,H,max_neq,neq,591,2917,1333,1.6416529946159928,1.7594124307290129,-0.11775943611302002,-0.18827616142229975,-0.047242710803740304,True,0.015497742078670315,0.03270778150311132
esm3_top28_bilstm_attn,train,-1,H,neq_peak_fraction,neq,591,2917,1333,0.012454573855085197,0.044721404074680754,-0.03226683021959555,-0.039279295948917284,-0.025254364490273826,True,7.517702732606483e-12,4.6466824385635315e-11
esm3_top28_bilstm_attn,train,-1,H,neq_peak_excess,neq,591,2917,1333,0.5631963817719412,0.5345630207734646,0.02863336099847666,-0.02969584263386968,0.086962564630823,True,0.04353753956419052,0.08218895659772649
esm3_top28_bilstm_attn,train,-1,H,mean_rsa,exposure_length_position,591,2917,1333,0.28495297863608293,0.32129737698853833,-0.0363443983524554,-0.04401624750024635,-0.028672549204664447,True,2.2782018272700963e-19,2.334121326666726e-18
esm3_top28_bilstm_attn,train,-1,H,max_rsa,exposure_length_position,591,2917,1333,0.6267671058262454,0.5588450369698214,0.06792206885642399,0.055228885370745114,0.08061525234210286,True,4.525050349512692e-18,4.101660920027456e-17
esm3_top28_bilstm_attn,train,-1,H,log_segment_length,exposure_length_position,591,2917,1333,2.6637397751403435,2.0299018475375608,0.6338379276027827,0.5875214139095775,0.6801544412959879,True,2.5036941482673023e-79,2.4897029162622792e-77
esm3_top28_bilstm_attn,train,-1,H,normalized_midpoint,exposure_length_position,591,2917,1333,0.48836268741139205,0.5550100374860414,-0.0666473500746494,-0.09353341449890387,-0.03976128565039494,True,1.6616725026941019e-06,6.428048892000867e-06
esm3_top28_bilstm_attn,train,-1,H,mean_torsion_change,geometry_boundaries,591,2917,1333,16.35645316994203,26.203463591689914,-9.847010421747884,-11.482134133494482,-8.211886710001286,True,1.1784251616767612e-36,3.1126995872102576e-35
esm3_top28_bilstm_attn,train,-1,H,max_torsion_change,geometry_boundaries,591,2917,1333,137.50222136673884,108.80223728801232,28.699984078726533,23.777184635471098,33.622783521981965,True,1.2856402457063829e-26,2.19532811653196e-25
esm3_top28_bilstm_attn,train,-1,H,q3_boundary_fraction,geometry_boundaries,591,2917,1333,0.18398242887879596,0.36377202817798016,-0.1797895992991842,-0.19714047883522345,-0.16243871976314495,True,1.8649435805848102e-67,1.068707499314787e-65
esm3_top28_bilstm_attn,train,-1,H,mean_distance_to_q3_boundary,geometry_boundaries,591,2917,1333,3.0069156801756804,1.7348044984557816,1.272111181719899,1.1470607848715937,1.397161578568204,True,6.158164433284066e-66,3.1546596892323375e-64
esm3_top28_bilstm_attn,train,-1,H,structured_linker_fraction,geometry_boundaries,591,2917,1333,0.0,0.0,0.0,0.0,0.0,True,1.0,1.0
esm3_top28_bilstm_attn,train,-1,H,mean_disorder,disorder,591,2917,1333,0.017881542535728198,0.04359977992761086,-0.025718237391882667,-0.029375367424104553,-0.02206110735966078,True,1.0623294763933767e-56,4.7259683680079034e-55
esm3_top28_bilstm_attn,train,-1,H,max_disorder,disorder,591,2917,1333,0.040330298663900165,0.0742777735012629,-0.03394747483736274,-0.03956810057996185,-0.028326849094763632,True,4.990310864763565e-29,9.809442461491635e-28
esm3_top28_bilstm_attn,train,-1,H,fraction_glycine,sequence,591,2917,1333,0.025125036497186982,0.024290575812907448,0.0008344606842795405,-0.0039371031966560005,0.005606024565215082,True,1.6989977487624694e-07,7.355072200468513e-07
esm3_top28_bilstm_attn,train,-1,H,fraction_proline,sequence,591,2917,1333,0.017072934376135423,0.025284621923177434,-0.008211687547042015,-0.014227945851195679,-0.0021954292428883505,True,0.005561990171375351,0.013040976955215021
esm3_top28_bilstm_attn,train,-1,H,fraction_hydrophobic,sequence,591,2917,1333,0.48723764814201276,0.4957353991093268,-0.008497750967314213,-0.02436437661019758,0.007368874675569154,True,0.6637318395553695,0.7708956886075934
esm3_top28_bilstm_attn,train,-1,H,fraction_charged,sequence,591,2917,1333,0.2763705389800718,0.2799933634203015,-0.003622824440229744,-0.01865008956163406,0.011404440681174572,True,0.6662684344594151,0.7727799577726526
esm3_top28_bilstm_attn,train,-1,H,fraction_aromatic,sequence,591,2917,1333,0.08986017157895178,0.09691632958655516,-0.00705615800760338,-0.01762795435610088,0.00351563834089412,True,0.08527067934927249,0.14837888156453438
esm3_top28_bilstm_attn,train,-1,H,sequence_entropy,sequence,591,2917,1333,2.9580950914132287,2.182397874292436,0.7756972171207928,0.7094092529706936,0.841985181270892,True,1.1079941152230848e-73,8.919352627545832e-72
esm3_top28_bilstm_attn,train,-1,E,mean_neq,neq,450,1250,1646,1.1233727373099984,1.195668867355332,-0.07229613004533335,-0.10031497715881325,-0.04427728293185344,True,1.1509752012249872e-07,5.047272575021637e-07
esm3_top28_bilstm_attn,train,-1,E,max_neq,neq,450,1250,1646,1.5485157676555468,1.536347004976263,0.012168762679283903,-0.0449612954655772,0.06929882082414501,True,0.5117625898639317,0.6362188289409993
esm3_top28_bilstm_attn,train,-1,E,neq_peak_fraction,neq,450,1250,1646,0.02083088426975215,0.047945419725448454,-0.027114535455696306,-0.03470736358358437,-0.019521707327808238,True,3.643266363823722e-12,2.3024081450631782e-11
esm3_top28_bilstm_attn,train,-1,E,neq_peak_excess,neq,450,1250,1646,0.4251430303455485,0.34067813762093124,0.08446489272461727,0.0453599108110025,0.12356987463823205,True,8.123061075167808e-05,0.00025787858680884843
esm3_top28_bilstm_attn,train,-1,E,mean_rsa,exposure_length_position,450,1250,1646,0.147320709774119,0.2233897627801391,-0.0760690530060201,-0.0853132400456012,-0.066824865966439,True,8.453550950325825e-42,2.6464310891714454e-40
esm3_top28_bilstm_attn,train,-1,E,max_rsa,exposure_length_position,450,1250,1646,0.32574273946488513,0.37064238056802246,-0.04489964110313737,-0.05893905690867219,-0.030860225297602552,True,1.7793262502696576e-10,9.91087652744928e-10
esm3_top28_bilstm_attn,train,-1,E,log_segment_length,exposure_length_position,450,1250,1646,2.042403907117467,1.7334274228950541,0.3089764842224131,0.2735509529972805,0.3444020154475457,True,7.325262604833663e-46,2.692034007276371e-44
esm3_top28_bilstm_attn,train,-1,E,normalized_midpoint,exposure_length_position,450,1250,1646,0.4876461872112279,0.5072445658544756,-0.019598378643247646,-0.05000106791826049,0.0108043106317652,True,0.17758167845989592,0.2713075711129273
esm3_top28_bilstm_attn,train,-1,E,mean_torsion_change,geometry_boundaries,450,1250,1646,28.541635340945888,32.66025006202933,-4.11861472108344,-6.045893695023985,-2.1913357471428947,True,3.0451183888296816e-05,0.0001026483004380154
esm3_top28_bilstm_attn,train,-1,E,max_torsion_change,geometry_boundaries,450,1250,1646,91.04191047417446,81.52608116833632,9.515829305838139,3.361301159884821,15.670357451791457,True,0.004870333476446258,0.011612551116970942
esm3_top28_bilstm_attn,train,-1,E,q3_boundary_fraction,geometry_boundaries,450,1250,1646,0.36458134615271015,0.5053939611966881,-0.14081261504397785,-0.15932322340900668,-0.12230200667894903,True,1.0455506448534572e-39,2.9957684154657107e-38
esm3_top28_bilstm_attn,train,-1,E,mean_distance_to_q3_boundary,geometry_boundaries,450,1250,1646,1.1640265201381934,0.837845740180447,0.32618077995774614,0.2617432807952056,0.3906182791202867,True,5.98598398750292e-28,1.1120116407553502e-26
esm3_top28_bilstm_attn,train,-1,E,structured_linker_fraction,geometry_boundaries,450,1250,1646,0.0,0.0,0.0,0.0,0.0,True,1.0,1.0
esm3_top28_bilstm_attn,train,-1,E,mean_disorder,disorder,450,1250,1646,0.007265868923014365,0.01824660226765898,-0.010980733344644614,-0.013321379450798053,-0.008640087238491176,True,6.549659378211443e-35,1.5931221840095604e-33
esm3_top28_bilstm_attn,train,-1,E,max_disorder,disorder,450,1250,1646,0.01430895910674393,0.026079249246181494,-0.011770290139437563,-0.014946544557387215,-0.008594035721487911,True,5.865024892916091e-24,8.474209043995429e-23
esm3_top28_bilstm_attn,train,-1,E,fraction_glycine,sequence,450,1250,1646,0.034990130377485086,0.03212022166373241,0.002869908713752688,-0.004432575654686282,0.010172393082191658,True,0.25633355757612153,0.3697370981932026
esm3_top28_bilstm_attn,train,-1,E,fraction_proline,sequence,450,1250,1646,0.01311694639912427,0.016407069468644977,-0.003290123069520705,-0.009269067925291728,0.0026888217862503184,True,0.8944309407639528,0.9497710460813205
esm3_top28_bilstm_attn,train,-1,E,fraction_hydrophobic,sequence,450,1250,1646,0.5975101850385043,0.572610273518325,0.02489991152017936,0.00713432356413032,0.0426654994762284,True,0.0058856903157614065,0.013714348006608763
esm3_top28_bilstm_attn,train,-1,E,fraction_charged,sequence,450,1250,1646,0.15210477214833518,0.1851285785657827,-0.0330238064174475,-0.04953410743683262,-0.016513505398062383,True,0.0011261716363566417,0.003019497464331329
esm3_top28_bilstm_attn,train,-1,E,fraction_aromatic,sequence,450,1250,1646,0.13831493511849144,0.1494095337172225,-0.011094598598731057,-0.027304990924048006,0.005115793726585891,True,0.5013098638296523,0.6293830856324004
esm3_top28_bilstm_attn,train,-1,E,sequence_entropy,sequence,450,1250,1646,2.3040124319671205,1.8816343313540929,0.4223781006130274,0.36393093107733165,0.4808252701487231,True,7.246369624438086e-35,1.7499982643017977e-33
esm3_top28_bilstm_attn,train,-1,C,mean_neq,neq,55,66,375,1.1599272294110679,1.3853209052589401,-0.22539367584787295,-0.32562854965364313,-0.12515880204210278,True,2.3920350561449665e-06,9.117779622126416e-06
esm3_top28_bilstm_attn,train,-1,C,max_neq,neq,55,66,375,1.4443181818181818,1.7690103809373174,-0.3246921991191359,-0.5544164788009518,-0.09496791943732,True,0.002354706010281254,0.005981413238738482
esm3_top28_bilstm_attn,train,-1,C,neq_peak_fraction,neq,55,66,375,0.030869165626741378,0.09899448696369852,-0.06812532133695715,-0.10108018811303582,-0.03517045456087848,True,6.575869242374039e-05,0.00021134043639226832
esm3_top28_bilstm_attn,train,-1,C,neq_peak_excess,neq,55,66,375,0.284390952407114,0.383689475678377,-0.09929852327126297,-0.26112511037961117,0.06252806383708524,True,0.020069440230292914,0.04122404460426509
esm3_top28_bilstm_attn,train,-1,C,mean_rsa,exposure_length_position,55,66,375,0.29359947791084723,0.3690087279174116,-0.07540925000656436,-0.10823736392975934,-0.04258113608336937,True,5.191396823869367e-05,0.00016960980495248852
esm3_top28_bilstm_attn,train,-1,C,max_rsa,exposure_length_position,55,66,375,0.4216831456305402,0.48814793202823326,-0.06646478639769299,-0.12032562913258482,-0.01260394366280116,True,0.030643973386070663,0.060166825794602155
esm3_top28_bilstm_attn,train,-1,C,log_segment_length,exposure_length_position,55,66,375,1.4923365162919624,1.2677987521366874,0.22453776415527527,0.03408225441352622,0.41499327389702434,True,0.031959423463330645,0.062315346441476877
esm3_top28_bilstm_attn,train,-1,C,normalized_midpoint,exposure_length_position,55,66,375,0.5329685181711203,0.5306533808113155,0.002315137359804838,-0.09265775281194145,0.09728802753155112,True,0.9199135812486252,0.969220261203366
esm3_top28_bilstm_attn,train,-1,C,mean_torsion_change,geometry_boundaries,55,66,375,64.01551307869896,74.0875843614251,-10.072071282726139,-26.156098979999037,6.011956414546759,True,0.03849905922255758,0.07358129973514256
esm3_top28_bilstm_attn,train,-1,C,max_torsion_change,geometry_boundaries,55,66,375,105.44539714197337,107.02600504180481,-1.5806078998314816,-23.000328758689538,19.839112959026576,True,0.6937347839426313,0.7940139825694098
esm3_top28_bilstm_attn,train,-1,C,q3_boundary_fraction,geometry_boundaries,55,66,375,0.4690808932930145,0.4622932017900814,0.006787691502933179,-0.10695449576514558,0.12052987877101194,True,0.9099426357346022,0.9628476822271296
esm3_top28_bilstm_attn,train,-1,C,mean_distance_to_q3_boundary,geometry_boundaries,55,66,375,2.7975827909464273,1.6590058541224548,1.1385769368239724,0.17613385262928405,2.1010200210186607,True,0.24416322608856322,0.3542986555388121
esm3_top28_bilstm_attn,train,-1,C,structured_linker_fraction,geometry_boundaries,55,66,375,0.5848484848484848,0.5466574312819372,0.03819105356654765,-0.10804065429644494,0.18442276142954023,True,0.7532562238000908,0.8424620699145545
esm3_top28_bilstm_attn,train,-1,C,mean_disorder,disorder,55,66,375,0.03410149743241721,0.11874940417436204,-0.08464790674194486,-0.115891014171914,-0.05340479931197573,True,3.5259838361265184e-08,1.6197488247206193e-07
esm3_top28_bilstm_attn,train,-1,C,max_disorder,disorder,55,66,375,0.04596411981884472,0.1823938543847895,-0.13642973456594482,-0.1814065443112836,-0.09145292482060602,True,4.686470542655129e-08,2.1325648593158804e-07
esm3_top28_bilstm_attn,train,-1,C,fraction_glycine,sequence,55,66,375,0.06910068719159627,0.08457031758893625,-0.015469630397339978,-0.057217655229928915,0.02627839443524896,True,0.08873515282675898,0.15338116140453584
esm3_top28_bilstm_attn,train,-1,C,fraction_proline,sequence,55,66,375,0.08553667993061934,0.05896697626622735,0.026569703664391965,-0.023241203934623353,0.07638061126340728,True,0.7657473031331635,0.8524832505410688
esm3_top28_bilstm_attn,train,-1,C,fraction_hydrophobic,sequence,55,66,375,0.3692182217333732,0.3110013552940298,0.05821686643934345,-0.03184700092337562,0.14828073380206253,True,0.36774477001340056,0.49165838913274623
esm3_top28_bilstm_attn,train,-1,C,fraction_charged,sequence,55,66,375,0.23613696740969464,0.2126552817223241,0.023481685687370583,-0.05553889562833399,0.10250226700307515,True,0.8340826788862261,0.903270642158415
esm3_top28_bilstm_attn,train,-1,C,fraction_aromatic,sequence,55,66,375,0.04187329281268675,0.06855992027607759,-0.026686627463390837,-0.063692759815625,0.010319504888843332,True,0.0008201303985714491,0.00225069876426142
esm3_top28_bilstm_attn,train,-1,C,sequence_entropy,sequence,55,66,375,1.4463415626610676,1.1033559800030586,0.3429855826580091,0.036347273738435826,0.6496238915775824,True,0.03096858228013608,0.060698421269066716
esm3_top28_bilstm_attn,train,-1,S,mean_neq,neq,4,4,14,1.0,1.3009756944444444,-0.3009756944444443,,,False,,
esm3_top28_bilstm_attn,train,-1,S,max_neq,neq,4,4,14,1.0,1.3824444444444444,-0.3824444444444444,,,False,,
esm3_top28_bilstm_attn,train,-1,S,neq_peak_fraction,neq,4,4,14,0.0,0.16666666666666666,-0.16666666666666666,,,False,,
esm3_top28_bilstm_attn,train,-1,S,neq_peak_excess,neq,4,4,14,0.0,0.08146875000000003,-0.08146875000000003,,,False,,
esm3_top28_bilstm_attn,train,-1,S,mean_rsa,exposure_length_position,4,4,14,0.24712896719574923,0.463318918676426,-0.21618995148067677,,,False,,
esm3_top28_bilstm_attn,train,-1,S,max_rsa,exposure_length_position,4,4,14,0.24712896719574923,0.5008222063382466,-0.2536932391424974,,,False,,
esm3_top28_bilstm_attn,train,-1,S,log_segment_length,exposure_length_position,4,4,14,0.6931471805599453,0.845196596100507,-0.15204941554056167,,,False,,
esm3_top28_bilstm_attn,train,-1,S,normalized_midpoint,exposure_length_position,4,4,14,0.5173344675241323,0.6964779762912491,-0.17914350876711682,,,False,,
esm3_top28_bilstm_attn,train,-1,S,mean_torsion_change,geometry_boundaries,4,4,14,169.0354383290068,135.51506265727966,33.52037567172711,,,False,,
esm3_top28_bilstm_attn,train,-1,S,max_torsion_change,geometry_boundaries,4,4,14,169.0354383290068,142.49764796990135,26.537790359105447,,,False,,
esm3_top28_bilstm_attn,train,-1,S,q3_boundary_fraction,geometry_boundaries,4,4,14,1.0,0.4166666666666667,0.5833333333333333,,,False,,
esm3_top28_bilstm_attn,train,-1,S,mean_distance_to_q3_boundary,geometry_boundaries,4,4,14,0.0,4.333333333333334,-4.333333333333334,,,False,,
esm3_top28_bilstm_attn,train,-1,S,structured_linker_fraction,geometry_boundaries,4,4,14,1.0,0.625,0.375,,,False,,
esm3_top28_bilstm_attn,train,-1,S,mean_disorder,disorder,4,4,14,0.0015238249616231184,0.003300396871660829,-0.0017765719100377108,,,False,,
esm3_top28_bilstm_attn,train,-1,S,max_disorder,disorder,4,4,14,0.0015238249616231184,0.0034469731641971666,-0.0019231482025740482,,,False,,
esm3_top28_bilstm_attn,train,-1,S,fraction_glycine,sequence,4,4,14,0.25,0.13541666666666666,0.11458333333333334,,,False,,
esm3_top28_bilstm_attn,train,-1,S,fraction_proline,sequence,4,4,14,0.0,0.125,-0.125,,,False,,
esm3_top28_bilstm_attn,train,-1,S,fraction_hydrophobic,sequence,4,4,14,0.25,0.0,0.25,,,False,,
esm3_top28_bilstm_attn,train,-1,S,fraction_charged,sequence,4,4,14,0.25,0.3229166666666667,-0.07291666666666669,,,False,,
esm3_top28_bilstm_attn,train,-1,S,fraction_aromatic,sequence,4,4,14,0.0,0.0,0.0,,,False,,
esm3_top28_bilstm_attn,train,-1,S,sequence_entropy,sequence,4,4,14,0.0,0.375,-0.375,,,False,,
esm3_top28_bilstm_attn,train,-1,G,mean_neq,neq,40,45,73,1.1383225396825396,1.3623577546296297,-0.22403521494708994,-0.36883294229473923,-0.07923748759944066,True,0.003105620817204982,0.007658719170656488
esm3_top28_bilstm_attn,train,-1,G,max_neq,neq,40,45,73,1.4252958333333332,1.7554329166666665,-0.33013708333333336,-0.6675160108414321,0.007241844174765366,True,0.03425745187471262,0.06626112402082573
esm3_top28_bilstm_attn,train,-1,G,neq_peak_fraction,neq,40,45,73,0.02291666666666666,0.09208333333333332,-0.06916666666666667,-0.12809757086541623,-0.01023576246791709,True,0.028086051647375303,0.05569439332538176
esm3_top28_bilstm_attn,train,-1,G,neq_peak_excess,neq,40,45,73,0.28697329365079366,0.393075162037037,-0.10610186838624336,-0.3236586462638174,0.11145490949133069,True,0.1601309055886836,0.24880633814124048
esm3_top28_bilstm_attn,train,-1,G,mean_rsa,exposure_length_position,40,45,73,0.3357844398254418,0.3525412607873376,-0.01675682096189583,-0.08944694005912021,0.055933298135328546,True,0.6769088846820761,0.7813687057391941
esm3_top28_bilstm_attn,train,-1,G,max_rsa,exposure_length_position,40,45,73,0.5161581658758223,0.48722409118587773,0.028934074689944595,-0.07440534350671744,0.13227349288660664,True,0.4597371734994813,0.5881087338636951
esm3_top28_bilstm_attn,train,-1,G,log_segment_length,exposure_length_position,40,45,73,1.377692161970756,1.241707388434532,0.13598477353622418,0.019726599031027844,0.2522429480414205,True,0.02062066529554934,0.042330582491956474
esm3_top28_bilstm_attn,train,-1,G,normalized_midpoint,exposure_length_position,40,45,73,0.4853112098225541,0.5903971866180838,-0.10508597679552978,-0.2208256889047983,0.01065373531373874,True,0.07601828880837613,0.13428309010507822
esm3_top28_bilstm_attn,train,-1,G,mean_torsion_change,geometry_boundaries,40,45,73,49.73170639318327,54.066757514287836,-4.335051121104575,-14.41369856287465,5.7435963206655,True,0.510132747767081,0.6352702836834256
esm3_top28_bilstm_attn,train,-1,G,max_torsion_change,geometry_boundaries,40,45,73,119.15387471479781,106.1185376270864,13.03533708771143,-10.882429141036415,36.95310331645928,True,0.26457614547624564,0.379521403417559
esm3_top28_bilstm_attn,train,-1,G,q3_boundary_fraction,geometry_boundaries,40,45,73,0.4413095238095238,0.4502083333333333,-0.008898809523809536,-0.14294423901988884,0.12514661997226978,True,1.0,1.0
esm3_top28_bilstm_attn,train,-1,G,mean_distance_to_q3_boundary,geometry_boundaries,40,45,73,0.9346428571428571,1.5263194444444443,-0.5916765873015872,-1.385925375036192,0.2025722004330175,True,0.10523106781129968,0.17543700210552476
esm3_top28_bilstm_attn,train,-1,G,structured_linker_fraction,geometry_boundaries,40,45,73,0.0,0.0,0.0,0.0,0.0,True,1.0,1.0
esm3_top28_bilstm_attn,train,-1,G,mean_disorder,disorder,40,45,73,0.012334888251906264,0.017538525692519475,-0.005203637440613211,-0.014649522543949255,0.0042422476627228325,True,0.1356989228350825,0.21692579579452195
esm3_top28_bilstm_attn,train,-1,G,max_disorder,disorder,40,45,73,0.015252314040117159,0.02023942639116281,-0.004987112351045648,-0.015789183916332945,0.005814959214241648,True,0.12544220650874818,0.20315039905103108
esm3_top28_bilstm_attn,train,-1,G,fraction_glycine,sequence,40,45,73,0.0125,0.03,-0.017499999999999998,-0.0512967666865741,0.016296766686574097,True,0.4266157690029586,0.5520045598924619
esm3_top28_bilstm_attn,train,-1,G,fraction_proline,sequence,40,45,73,0.060238095238095236,0.07506944444444444,-0.01483134920634921,-0.0773865310539492,0.04772383264125078,True,0.2340269530136173,0.34208609085129277
esm3_top28_bilstm_attn,train,-1,G,fraction_hydrophobic,sequence,40,45,73,0.4072023809523809,0.39402777777777775,0.013174603174603172,-0.09266587272479991,0.11901507907400626,True,0.7930826446952978,0.8734242416009127
esm3_top28_bilstm_attn,train,-1,G,fraction_charged,sequence,40,45,73,0.3414880952380952,0.2973611111111111,0.044126984126984126,-0.07925718909605019,0.16751115735001842,True,0.581086951362848,0.6979236172496587
esm3_top28_bilstm_attn,train,-1,G,fraction_aromatic,sequence,40,45,73,0.07357142857142857,0.1534722222222222,-0.07990079365079365,-0.17238743161948333,0.012585844317896028,True,0.09116488003621108,0.15630246420001506
esm3_top28_bilstm_attn,train,-1,G,sequence_entropy,sequence,40,45,73,1.4197734820792745,1.15620363500009,0.2635698470791847,0.010804381705747212,0.5163353124526222,True,0.03591111957477812,0.06906455931872857
esm3_top28_bilstm_attn,train,-1,T,mean_neq,neq,29,33,104,1.0800464559386975,1.4690789431673053,-0.38903248722860795,-0.538161317463641,-0.23990365699357488,True,7.60535437700288e-06,2.759664188556071e-05
esm3_top28_bilstm_attn,train,-1,T,max_neq,neq,29,33,104,1.2342126436781609,1.630162059843094,-0.3959494161649334,-0.6300290032300123,-0.1618698290998545,True,0.0008034712370225736,0.0022085660588400985
esm3_top28_bilstm_attn,train,-1,T,neq_peak_fraction,neq,29,33,104,0.02011494252873563,0.12411056376573616,-0.10399562123700054,-0.1751720527526089,-0.03281918972139221,True,0.004958643851063886,0.01178157052736964
esm3_top28_bilstm_attn,train,-1,T,neq_peak_excess,neq,29,33,104,0.1541661877394636,0.1610831166757891,-0.006916928936325483,-0.14297053716161381,0.12913667928896286,True,0.1765007264952535,0.2699000254547499
esm3_top28_bilstm_attn,train,-1,T,mean_rsa,exposure_length_position,29,33,104,0.4239467446017882,0.49883765369408,-0.07489090909229183,-0.15041198843278117,0.0006301702481975036,True,0.036920787021227815,0.07076989164793587
esm3_top28_bilstm_attn,train,-1,T,max_rsa,exposure_length_position,29,33,104,0.536055260348594,0.5631008969602539,-0.027045636611659804,-0.11956750421961622,0.06547623099629661,True,0.4174403049093858,0.5447185144340537
esm3_top28_bilstm_attn,train,-1,T,log_segment_length,exposure_length_position,29,33,104,1.2072101853682389,1.0070824623411787,0.20012772302705994,0.0944904047608475,0.3057650412932724,True,0.0008251821215204382,0.0022585438934963897
esm3_top28_bilstm_attn,train,-1,T,normalized_midpoint,exposure_length_position,29,33,104,0.547259960266804,0.44851493442582635,0.09874502584097762,-0.06315904128659615,0.2606490929685514,True,0.26545303243391527,0.3801341392033323
esm3_top28_bilstm_attn,train,-1,T,mean_torsion_change,geometry_boundaries,29,33,104,100.45846802033584,90.9865302514901,9.471937768845743,-13.476372038576864,32.42024757626835,True,0.5235489109355372,0.6479205226475298
esm3_top28_bilstm_attn,train,-1,T,max_torsion_change,geometry_boundaries,29,33,104,163.6534185430515,131.14364254310487,32.50977599994657,6.132380172148171,58.887171827744965,True,0.0529563739506483,0.09736025031383463
esm3_top28_bilstm_attn,train,-1,T,q3_boundary_fraction,geometry_boundaries,29,33,104,0.22988505747126434,0.30168992884510126,-0.07180487137383688,-0.24279012623422114,0.09918038348654735,True,0.26480978779925113,0.37969545909638175
esm3_top28_bilstm_attn,train,-1,T,mean_distance_to_q3_boundary,geometry_boundaries,29,33,104,1.3160919540229885,1.6642378215654077,-0.34814586754241944,-1.1643597429680939,0.4680680078832549,True,0.3868561865983291,0.5111218315314383
esm3_top28_bilstm_attn,train,-1,T,structured_linker_fraction,geometry_boundaries,29,33,104,0.8620689655172413,0.7547892720306514,0.10727969348659004,-0.06187825053448397,0.27643763750766404,True,0.07067593712546882,0.12636453909106826
esm3_top28_bilstm_attn,train,-1,T,mean_disorder,disorder,29,33,104,0.011414773792333464,0.02146996091435873,-0.010055187122025263,-0.019199653796257876,-0.0009107204477926522,True,0.0029472179607470846,0.007326870533298451
esm3_top28_bilstm_attn,train,-1,T,max_disorder,disorder,29,33,104,0.014314771226765107,0.023950200365798282,-0.00963542913903317,-0.02082031902804734,0.001549460749981,True,0.005459684044325266,0.01282779135084345
esm3_top28_bilstm_attn,train,-1,T,fraction_glycine,sequence,29,33,104,0.2629310344827586,0.27028598795840175,-0.007354953475643117,-0.17501351248590502,0.1603036055346188,True,0.9395810242037113,0.9847251837671258
esm3_top28_bilstm_attn,train,-1,T,fraction_proline,sequence,29,33,104,0.0603448275862069,0.035098522167487683,0.025246305418719216,-0.026553305159501647,0.07704591599694008,True,0.6899265619331046,0.7916692238541212
esm3_top28_bilstm_attn,train,-1,T,fraction_hydrophobic,sequence,29,33,104,0.1896551724137931,0.18318965517241378,0.0064655172413793215,-0.11312632339049523,0.12605735787325387,True,0.8879806456096561,0.9449722947400313
esm3_top28_bilstm_attn,train,-1,T,fraction_charged,sequence,29,33,104,0.278735632183908,0.27377531472359057,0.004960317460317469,-0.16054779847823208,0.17046843339886703,True,0.8880687298009374,0.9449722947400313
esm3_top28_bilstm_attn,train,-1,T,fraction_aromatic,sequence,29,33,104,0.04310344827586207,0.07857827038861522,-0.03547482211275314,-0.12321805006676563,0.052268405841259344,True,0.034129183723452784,0.066088642708473
esm3_top28_bilstm_attn,train,-1,T,sequence_entropy,sequence,29,33,104,1.1668913794098146,0.7028233614291899,0.4640680179806247,0.23160708290490573,0.6965289530563437,True,0.0004828079858995709,0.0013765498043544376
esm3_top28_bilstm_attn,validation,-1,H,mean_neq,neq,119,581,285,1.0938553921705114,1.1835302979756595,-0.08967490580514792,-0.15246387961010527,-0.02688593200019057,True,1.0466240375564721e-05,3.7170544863218825e-05
esm3_top28_bilstm_attn,validation,-1,H,max_neq,neq,119,581,285,1.683641268379924,1.6717270908363342,0.01191417754358931,-0.13148811196470703,0.15531646705188565,True,0.5560611688633014,0.6761181467026959
esm3_top28_bilstm_attn,validation,-1,H,neq_peak_fraction,neq,119,581,285,0.014102618804047444,0.049289246036290105,-0.035186627232242654,-0.05671948003683519,-0.013653774427650114,True,0.012389975478013467,0.02668185165042263
esm3_top28_bilstm_attn,validation,-1,H,neq_peak_excess,neq,119,581,285,0.5897858762094125,0.4881967928606754,0.10158908334873723,-0.013414491098560702,0.21659265779603515,True,0.011240518291282694,0.024408601376253558
esm3_top28_bilstm_attn,validation,-1,H,mean_rsa,exposure_length_position,119,581,285,0.278220064532674,0.32198970899037677,-0.04376964445770271,-0.06251332327762654,-0.025025965637778882,True,7.884239548566809e-06,2.850974750128811e-05
esm3_top28_bilstm_attn,validation,-1,H,max_rsa,exposure_length_position,119,581,285,0.6323190139570918,0.5493201439158202,0.08299887004127172,0.05313731789225987,0.11286042219028358,True,2.6073766149541187e-07,1.106090380823071e-06
esm3_top28_bilstm_attn,validation,-1,H,log_segment_length,exposure_length_position,119,581,285,2.7224225528699892,2.0010623184788905,0.721360234391099,0.618928613116235,0.8237918556659629,True,5.478336276002164e-19,5.415864020223193e-18
esm3_top28_bilstm_attn,validation,-1,H,normalized_midpoint,exposure_length_position,119,581,285,0.49073389721853433,0.5231577095396235,-0.03242381232108916,-0.09397172900854647,0.029124104366368156,True,0.3616511373552169,0.48553587823290684
esm3_top28_bilstm_attn,validation,-1,H,mean_torsion_change,geometry_boundaries,119,581,285,15.975010905304979,26.27306274303439,-10.298051837729416,-14.003667654973485,-6.592436020485346,True,3.995702077088873e-09,1.966443773309677e-08
esm3_top28_bilstm_attn,validation,-1,H,max_torsion_change,geometry_boundaries,119,581,285,137.48149223146123,105.77944358286274,31.70204864859854,20.44430469492933,42.959792602267754,True,1.5468683227113787e-06,6.018368008155548e-06
esm3_top28_bilstm_attn,validation,-1,H,q3_boundary_fraction,geometry_boundaries,119,581,285,0.17499464159711284,0.3646798957643079,-0.1896852541671951,-0.22675821571897772,-0.15261229261541245,True,1.5556947027754466e-17,1.369740570334319e-16
esm3_top28_bilstm_attn,validation,-1,H,mean_distance_to_q3_boundary,geometry_boundaries,119,581,285,3.3217909064114206,1.7316010384630824,1.5901898679483382,1.3100698058880613,1.870309930008615,True,6.334377619488248e-18,5.675352460567501e-17
esm3_top28_bilstm_attn,validation,-1,H,structured_linker_fraction,geometry_boundaries,119,581,285,0.0,0.0,0.0,0.0,0.0,True,1.0,1.0
esm3_top28_bilstm_attn,validation,-1,H,mean_disorder,disorder,119,581,285,0.013624512046894683,0.05060120518582011,-0.03697669313892543,-0.048322296405893986,-0.025631089871956877,True,2.0023347386297142e-14,1.4252407897488556e-13
esm3_top28_bilstm_attn,validation,-1,H,max_disorder,disorder,119,581,285,0.034114168890389804,0.08528733995543737,-0.051173171065047575,-0.06712256887690737,-0.03522377325318777,True,2.0588388904499264e-09,1.03739706238617e-08
esm3_top28_bilstm_attn,validation,-1,H,fraction_glycine,sequence,119,581,285,0.02608259464148395,0.017143284834899276,0.008939309806584674,0.0013766513310911532,0.016501968282078193,True,5.192136886300669e-05,0.00016960980495248852
esm3_top28_bilstm_attn,validation,-1,H,fraction_proline,sequence,119,581,285,0.015449535653320676,0.041958712335889575,-0.0265091766825689,-0.047565624392688785,-0.005452728972449011,True,0.6311109264331842,0.7439979226884923
esm3_top28_bilstm_attn,validation,-1,H,fraction_hydrophobic,sequence,119,581,285,0.47322823587124985,0.4900202249684035,-0.016791989097153615,-0.050609111524852035,0.0170251333305448,True,0.42245278940744313,0.5495624782557004
esm3_top28_bilstm_attn,validation,-1,H,fraction_charged,sequence,119,581,285,0.2822364242773091,0.2755429780526582,0.0066934462246508435,-0.028122767713892445,0.041509660163194136,True,0.29795133017761755,0.41713186224866455
esm3_top28_bilstm_attn,validation,-1,H,fraction_aromatic,sequence,119,581,285,0.0928790366612936,0.09771622898124863,-0.004837192319955025,-0.02703509754344272,0.01736071290353267,True,0.16466458472080125,0.25479677846271354
esm3_top28_bilstm_attn,validation,-1,H,sequence_entropy,sequence,119,581,285,3.012659165758575,2.1182177831887503,0.8944413825698244,0.745756749670117,1.0431260154695319,True,3.887565603257659e-18,3.5620214917653514e-17
esm3_top28_bilstm_attn,validation,-1,E,mean_neq,neq,113,279,349,1.127935851599783,1.1630756910588553,-0.03513983945907211,-0.06845071781232023,-0.0018289611058239924,True,0.04663121687013323,0.08733161705360065
esm3_top28_bilstm_attn,validation,-1,E,max_neq,neq,113,279,349,1.5520736509557307,1.4694223182094863,0.08265133274624424,-0.01773327168195625,0.18303593717444472,True,0.2327880362363245,0.3404222969355593
esm3_top28_bilstm_attn,validation,-1,E,neq_peak_fraction,neq,113,279,349,0.01803332615464608,0.03675220093538306,-0.01871887478073698,-0.03365645064970317,-0.003781298911770783,True,0.012149552676780022,0.026230930779178326
esm3_top28_bilstm_attn,validation,-1,E,neq_peak_excess,neq,113,279,349,0.42413779935594736,0.30634662715063105,0.11779117220531637,0.041685884059237496,0.19389646035139524,True,0.005981054247971549,0.013917373993387341
esm3_top28_bilstm_attn,validation,-1,E,mean_rsa,exposure_length_position,113,279,349,0.1458835764357502,0.2059710825972655,-0.06008750616151526,-0.08062363601189869,-0.03955137631113183,True,6.602546581409633e-08,2.9567165551981414e-07
esm3_top28_bilstm_attn,validation,-1,E,max_rsa,exposure_length_position,113,279,349,0.3232642786417187,0.35210150406355895,-0.02883722542184021,-0.06286420679245752,0.005189755948777103,True,0.08961722159161666,0.15466861980666458
esm3_top28_bilstm_attn,validation,-1,E,log_segment_length,exposure_length_position,113,279,349,2.087461639883185,1.7063794402696286,0.3810821996135563,0.3111574846531503,0.45100691457396236,True,1.1730338268657562e-15,9.117304295708326e-15
esm3_top28_bilstm_attn,validation,-1,E,normalized_midpoint,exposure_length_position,113,279,349,0.49640389294042286,0.50073683494062,-0.0043329420001971585,-0.07062881733326927,0.061962933332874955,True,0.6809954139858487,0.7847217029541125
esm3_top28_bilstm_attn,validation,-1,E,mean_torsion_change,geometry_boundaries,113,279,349,29.19738336343389,35.428309115353706,-6.230925751919821,-10.268716398176268,-2.193135105663373,True,0.005928986752281559,0.013805719152523384
esm3_top28_bilstm_attn,validation,-1,E,max_torsion_change,geometry_boundaries,113,279,349,99.56733210891672,83.51200810865714,16.055324000259564,3.813315854100722,28.297332146418405,True,0.009404699349426488,0.020837017365931163
esm3_top28_bilstm_attn,validation,-1,E,q3_boundary_fraction,geometry_boundaries,113,279,349,0.3300977366630263,0.4828527105811073,-0.15275497391808104,-0.1946427766204274,-0.11086717121573468,True,2.691748855827553e-10,1.472621825494006e-09
esm3_top28_bilstm_attn,validation,-1,E,mean_distance_to_q3_boundary,geometry_boundaries,113,279,349,1.2867803977648344,0.846358963158807,0.44042143460602756,0.3070568641319481,0.573786005080107,True,4.756894326355681e-10,2.5208557550797114e-09
esm3_top28_bilstm_attn,validation,-1,E,structured_linker_fraction,geometry_boundaries,113,279,349,0.0,0.0,0.0,0.0,0.0,True,1.0,1.0
esm3_top28_bilstm_attn,validation,-1,E,mean_disorder,disorder,113,279,349,0.0066011672923796064,0.012858809326098569,-0.006257642033718961,-0.009829178403730522,-0.0026861056637073988,True,1.5195952876616693e-06,5.925895810362288e-06
esm3_top28_bilstm_attn,validation,-1,E,max_disorder,disorder,113,279,349,0.01330655701630229,0.020259621153763223,-0.006953064137460937,-0.012290205733286184,-0.0016159225416356908,True,0.0006759861720390322,0.0018857337026930428
esm3_top28_bilstm_attn,validation,-1,E,fraction_glycine,sequence,113,279,349,0.04276794788070935,0.03983909607189893,0.0029288518088104254,-0.01912541790362042,0.02498312152124127,True,0.2423630521827178,0.35260686464423946
esm3_top28_bilstm_attn,validation,-1,E,fraction_proline,sequence,113,279,349,0.008689101975351124,0.018999896016330908,-0.010310794040979785,-0.020514111210165324,-0.00010747687179424661,True,0.07462841637431966,0.132362870493551
esm3_top28_bilstm_attn,validation,-1,E,fraction_hydrophobic,sequence,113,279,349,0.5997410380341921,0.5936750346011705,0.006066003433021579,-0.03195806283039949,0.04409006969644264,True,0.8343431574861669,0.903270642158415
esm3_top28_bilstm_attn,validation,-1,E,fraction_charged,sequence,113,279,349,0.16472566199970756,0.1602054389151883,0.004520223084519273,-0.026667767093855703,0.03570821326289425,True,0.7734083409848034,0.8592060900854209
esm3_top28_bilstm_attn,validation,-1,E,fraction_aromatic,sequence,113,279,349,0.16409560570436232,0.12258709623530774,0.04150850946905457,0.010396424227911705,0.07262059471019744,True,0.0013000172609606143,0.00346637094582637
esm3_top28_bilstm_attn,validation,-1,E,sequence_entropy,sequence,113,279,349,2.4018045344385497,1.8014287966933031,0.6003757377452464,0.48250848988815365,0.7182429856023392,True,1.7898272359115655e-14,1.276667908147047e-13
esm3_top28_bilstm_attn,validation,-1,T,mean_neq,neq,2,2,25,1.0012222222222222,1.596711612654321,-0.5954893904320987,,,False,,
esm3_top28_bilstm_attn,validation,-1,T,max_neq,neq,2,2,25,1.0021666666666667,1.7670138888888889,-0.7648472222222222,,,False,,
esm3_top28_bilstm_attn,validation,-1,T,neq_peak_fraction,neq,2,2,25,0.0,0.19907407407407404,-0.19907407407407404,,,False,,
esm3_top28_bilstm_attn,validation,-1,T,neq_peak_excess,neq,2,2,25,0.0009444444444444144,0.17030227623456792,-0.1693578317901235,,,False,,
esm3_top28_bilstm_attn,validation,-1,T,mean_rsa,exposure_length_position,2,2,25,0.22267138709624607,0.3359790265051372,-0.11330763940889112,,,False,,
esm3_top28_bilstm_attn,validation,-1,T,max_rsa,exposure_length_position,2,2,25,0.32745200395584106,0.37768377657307106,-0.05023177261723,,,False,,
esm3_top28_bilstm_attn,validation,-1,T,log_segment_length,exposure_length_position,2,2,25,1.242453324894,0.9706232331040238,0.2718300917899763,,,False,,
esm3_top28_bilstm_attn,validation,-1,T,normalized_midpoint,exposure_length_position,2,2,25,0.524182422074604,0.6140406766308977,-0.08985825455629365,,,False,,
esm3_top28_bilstm_attn,validation,-1,T,mean_torsion_change,geometry_boundaries,2,2,25,114.59274757297823,92.12943864046584,22.463308932512394,,,False,,
esm3_top28_bilstm_attn,validation,-1,T,max_torsion_change,geometry_boundaries,2,2,25,167.1906521936079,125.65051271059181,41.540139483016084,,,False,,
esm3_top28_bilstm_attn,validation,-1,T,q3_boundary_fraction,geometry_boundaries,2,2,25,0.25,0.19791666666666666,0.05208333333333334,,,False,,
esm3_top28_bilstm_attn,validation,-1,T,mean_distance_to_q3_boundary,geometry_boundaries,2,2,25,3.25,3.1510416666666665,0.09895833333333348,,,False,,
esm3_top28_bilstm_attn,validation,-1,T,structured_linker_fraction,geometry_boundaries,2,2,25,0.5,0.3298611111111111,0.1701388888888889,,,False,,
esm3_top28_bilstm_attn,validation,-1,T,mean_disorder,disorder,2,2,25,0.0016182615994087084,0.006920769250899384,-0.005302507651490675,,,False,,
esm3_top28_bilstm_attn,validation,-1,T,max_disorder,disorder,2,2,25,0.0022530054557136497,0.007261037421610784,-0.0050080319658971344,,,False,,
esm3_top28_bilstm_attn,validation,-1,T,fraction_glycine,sequence,2,2,25,0.16666666666666666,0.2505787037037037,-0.08391203703703706,,,False,,
esm3_top28_bilstm_attn,validation,-1,T,fraction_proline,sequence,2,2,25,0.0,0.046296296296296294,-0.046296296296296294,,,False,,
esm3_top28_bilstm_attn,validation,-1,T,fraction_hydrophobic,sequence,2,2,25,0.41666666666666663,0.3246527777777778,0.0920138888888889,,,False,,
esm3_top28_bilstm_attn,validation,-1,T,fraction_charged,sequence,2,2,25,0.16666666666666666,0.21817129629629628,-0.051504629629629636,,,False,,
esm3_top28_bilstm_attn,validation,-1,T,fraction_aromatic,sequence,2,2,25,0.16666666666666666,0.0625,0.10416666666666666,,,False,,
esm3_top28_bilstm_attn,validation,-1,T,sequence_entropy,sequence,2,2,25,1.292481250360578,0.5531833189684054,0.7392979313921726,,,False,,
esm3_top28_bilstm_attn,validation,-1,S,mean_neq,neq,1,2,3,1.0,2.027777777777778,-1.0277777777777781,,,False,,
esm3_top28_bilstm_attn,validation,-1,S,max_neq,neq,1,2,3,1.0,2.199777777777778,-1.1997777777777778,,,False,,
esm3_top28_bilstm_attn,validation,-1,S,neq_peak_fraction,neq,1,2,3,0.0,0.3333333333333333,-0.3333333333333333,,,False,,
esm3_top28_bilstm_attn,validation,-1,S,neq_peak_excess,neq,1,2,3,0.0,0.17200000000000001,-0.17200000000000001,,,False,,
esm3_top28_bilstm_attn,validation,-1,S,mean_rsa,exposure_length_position,1,2,3,0.37122246623039246,0.3717841969596016,-0.00056173072920912,,,False,,
esm3_top28_bilstm_attn,validation,-1,S,max_rsa,exposure_length_position,1,2,3,0.4195716083049774,0.40081379810969037,0.01875781019528705,,,False,,
esm3_top28_bilstm_attn,validation,-1,S,log_segment_length,exposure_length_position,1,2,3,0.8958797346140275,0.9241962407465937,-0.0283165061325662,,,False,,
esm3_top28_bilstm_attn,validation,-1,S,normalized_midpoint,exposure_length_position,1,2,3,0.6388888888888888,0.4756335282651072,0.16325536062378165,,,False,,
esm3_top28_bilstm_attn,validation,-1,S,mean_torsion_change,geometry_boundaries,1,2,3,194.28960663658538,102.12609425314862,92.16351238343675,,,False,,
esm3_top28_bilstm_attn,validation,-1,S,max_torsion_change,geometry_boundaries,1,2,3,208.27714812836993,113.7497362350443,94.52741189332563,,,False,,
esm3_top28_bilstm_attn,validation,-1,S,q3_boundary_fraction,geometry_boundaries,1,2,3,0.25,0.3333333333333333,-0.08333333333333331,,,False,,
esm3_top28_bilstm_attn,validation,-1,S,mean_distance_to_q3_boundary,geometry_boundaries,1,2,3,2.75,0.888888888888889,1.8611111111111112,,,False,,
esm3_top28_bilstm_attn,validation,-1,S,structured_linker_fraction,geometry_boundaries,1,2,3,0.5,0.6666666666666666,-0.16666666666666663,,,False,,
esm3_top28_bilstm_attn,validation,-1,S,mean_disorder,disorder,1,2,3,0.01042197376955295,0.006780631322827555,0.003641342446725395,,,False,,
esm3_top28_bilstm_attn,validation,-1,S,max_disorder,disorder,1,2,3,0.0105080011999234,0.007108444968859299,0.0033995562310641008,,,False,,
esm3_top28_bilstm_attn,validation,-1,S,fraction_glycine,sequence,1,2,3,0.75,0.3333333333333333,0.4166666666666667,,,False,,
esm3_top28_bilstm_attn,validation,-1,S,fraction_proline,sequence,1,2,3,0.0,0.0,0.0,,,False,,
esm3_top28_bilstm_attn,validation,-1,S,fraction_hydrophobic,sequence,1,2,3,0.0,0.1111111111111111,-0.1111111111111111,,,False,,
esm3_top28_bilstm_attn,validation,-1,S,fraction_charged,sequence,1,2,3,0.25,0.1111111111111111,0.1388888888888889,,,False,,
esm3_top28_bilstm_attn,validation,-1,S,fraction_aromatic,sequence,1,2,3,0.0,0.0,0.0,,,False,,
esm3_top28_bilstm_attn,validation,-1,S,sequence_entropy,sequence,1,2,3,0.5,0.5283208335737187,-0.02832083357371873,,,False,,
esm3_top28_bilstm_attn,validation,-1,C,mean_neq,neq,14,18,100,1.1330212797619046,1.4281053875948526,-0.29508410783294803,-0.5081382536942901,-0.08202996197160592,True,0.015653550837455003,0.03299542106074524
esm3_top28_bilstm_attn,validation,-1,C,max_neq,neq,14,18,100,1.4477976190476187,1.6852775613275615,-0.23747994227994232,-0.7032509790044233,0.22829109444453874,True,0.3626859408352129,0.4862177501839233
esm3_top28_bilstm_attn,validation,-1,C,neq_peak_fraction,neq,14,18,100,0.06175595238095238,0.11938580356384978,-0.057629851182897394,-0.1429906940828869,0.027730991717092097,True,0.16714896906439225,0.25816841681439484
esm3_top28_bilstm_attn,validation,-1,C,neq_peak_excess,neq,14,18,100,0.3147763392857143,0.25717217373270856,0.05760416555300572,-0.25471497869327436,0.36992330979928584,True,0.8017322126569817,0.8786569241469222
esm3_top28_bilstm_attn,validation,-1,C,mean_rsa,exposure_length_position,14,18,100,0.31381978018804885,0.35226814806362017,-0.03844836787557136,-0.11783513872879436,0.04093840297765164,True,0.9249783071207602,0.9728338023805062
esm3_top28_bilstm_attn,validation,-1,C,max_rsa,exposure_length_position,14,18,100,0.4877997252291867,0.46907713659021005,0.018722588638976627,-0.14023370193609885,0.17767887921405212,True,0.6377666989276032,0.7493533975799006
esm3_top28_bilstm_attn,validation,-1,C,log_segment_length,exposure_length_position,14,18,100,1.5068869480541456,1.1832000904346727,0.32368685761947313,-0.15164439408547192,0.7990181093244182,True,0.1771140408635976,0.2707154485351824
esm3_top28_bilstm_attn,validation,-1,C,normalized_midpoint,exposure_length_position,14,18,100,0.46850677051047945,0.5297178194040562,-0.06121104889357667,-0.3202541287151144,0.19783203092796106,True,0.3626859408352129,0.4862177501839233
esm3_top28_bilstm_attn,validation,-1,C,mean_torsion_change,geometry_boundaries,14,18,100,70.54918179815182,76.95268036776807,-6.403498569616267,-38.25303422726526,25.44603708803273,True,0.30028987962532416,0.4198842361510426
esm3_top28_bilstm_attn,validation,-1,C,max_torsion_change,geometry_boundaries,14,18,100,119.44413531600557,106.304863803783,13.139271512222548,-18.95062901496687,45.22917203941197,True,0.33053567270784123,0.4528023476331187
esm3_top28_bilstm_attn,validation,-1,C,q3_boundary_fraction,geometry_boundaries,14,18,100,0.5170068027210885,0.44823124957053523,0.06877555315055314,-0.21484399643794863,0.35239510273905494,True,0.683239071626591,0.7857792791057416
esm3_top28_bilstm_attn,validation,-1,C,mean_distance_to_q3_boundary,geometry_boundaries,14,18,100,1.8693877551020406,1.90010406940554,-0.03071631430349924,-2.1132407704572875,2.051808141850289,True,0.7775646168566407,0.8614987046387338
esm3_top28_bilstm_attn,validation,-1,C,structured_linker_fraction,geometry_boundaries,14,18,100,0.5357142857142857,0.5416396103896105,-0.005925324675324655,-0.3851080068870976,0.37325735753644834,True,0.9749475787506916,1.0
esm3_top28_bilstm_attn,validation,-1,C,mean_disorder,disorder,14,18,100,0.021469804617816994,0.07888611127617905,-0.05741630665836205,-0.09422091535011312,-0.02061169796661099,True,0.006318521553682498,0.014612121322161782
esm3_top28_bilstm_attn,validation,-1,C,max_disorder,disorder,14,18,100,0.03552868656281909,0.1264706140160556,-0.0909419274532365,-0.15212404996857407,-0.029759804937898926,True,0.006318521553682498,0.014612121322161782
esm3_top28_bilstm_attn,validation,-1,C,fraction_glycine,sequence,14,18,100,0.05306122448979592,0.08684193374319424,-0.03378070925339833,-0.14495367575583723,0.07739225724904059,True,0.24432837071389202,0.3543861953597893
esm3_top28_bilstm_attn,validation,-1,C,fraction_proline,sequence,14,18,100,0.06451955782312925,0.11289457070707072,-0.048375012883941464,-0.09893487329413025,0.00218484752624732,True,0.06861194191702381,0.12286916081644995
esm3_top28_bilstm_attn,validation,-1,C,fraction_hydrophobic,sequence,14,18,100,0.28703231292517006,0.33604283885271274,-0.049010525927542715,-0.1835779529073321,0.08555690105224667,True,0.3463732800061784,0.46881027209803405
esm3_top28_bilstm_attn,validation,-1,C,fraction_charged,sequence,14,18,100,0.25724914965986395,0.23374649102065065,0.023502658639213254,-0.15179087531764196,0.19879619259606846,True,0.8260910288588201,0.8980751667433026
esm3_top28_bilstm_attn,validation,-1,C,fraction_aromatic,sequence,14,18,100,0.05019132653061225,0.07793436819172114,-0.027743041661108886,-0.11769354539476325,0.062207462072545475,True,0.2707642154657086,0.38626743143019443
esm3_top28_bilstm_attn,validation,-1,C,sequence_entropy,sequence,14,18,100,1.457050040601103,0.9658185616392737,0.491231478961829,-0.28673430054746657,1.2691972584711246,True,0.1401460614684125,0.22256168803414872
esm3_top28_bilstm_attn,validation,-1,G,mean_neq,neq,5,5,10,1.2942666666666667,1.3600722222222221,-0.06580555555555553,,,False,,
esm3_top28_bilstm_attn,validation,-1,G,max_neq,neq,5,5,10,2.0089333333333332,1.7126833333333331,0.29625000000000007,,,False,,
esm3_top28_bilstm_attn,validation,-1,G,neq_peak_fraction,neq,5,5,10,0.0,0.0,0.0,,,False,,
esm3_top28_bilstm_attn,validation,-1,G,neq_peak_excess,neq,5,5,10,0.7146666666666667,0.3526111111111111,0.3620555555555556,,,False,,
esm3_top28_bilstm_attn,validation,-1,G,mean_rsa,exposure_length_position,5,5,10,0.388863099552691,0.47129460827757913,-0.08243150872488816,,,False,,
esm3_top28_bilstm_attn,validation,-1,G,max_rsa,exposure_length_position,5,5,10,0.7011601090431213,0.6327917607501149,0.06836834829300642,,,False,,
esm3_top28_bilstm_attn,validation,-1,G,log_segment_length,exposure_length_position,5,5,10,1.587474939232659,1.1672494550551862,0.42022548417747263,,,False,,
esm3_top28_bilstm_attn,validation,-1,G,normalized_midpoint,exposure_length_position,5,5,10,0.6972602533035575,0.48173064724641784,0.2155296060571396,,,False,,
esm3_top28_bilstm_attn,validation,-1,G,mean_torsion_change,geometry_boundaries,5,5,10,57.75886420625309,54.65820903612073,3.1006551701323573,,,False,,
esm3_top28_bilstm_attn,validation,-1,G,max_torsion_change,geometry_boundaries,5,5,10,165.15528107320176,106.43419669889707,58.72108437430472,,,False,,
esm3_top28_bilstm_attn,validation,-1,G,q3_boundary_fraction,geometry_boundaries,5,5,10,0.4666666666666666,0.4333333333333333,0.03333333333333335,,,False,,
esm3_top28_bilstm_attn,validation,-1,G,mean_distance_to_q3_boundary,geometry_boundaries,5,5,10,0.6,1.2666666666666666,-0.6666666666666666,,,False,,
esm3_top28_bilstm_attn,validation,-1,G,structured_linker_fraction,geometry_boundaries,5,5,10,0.0,0.0,0.0,,,False,,
esm3_top28_bilstm_attn,validation,-1,G,mean_disorder,disorder,5,5,10,0.009731010894756708,0.022388574946671666,-0.012657564051914955,,,False,,
esm3_top28_bilstm_attn,validation,-1,G,max_disorder,disorder,5,5,10,0.013533526379615019,0.023934938921593058,-0.010401412541978041,,,False,,
esm3_top28_bilstm_attn,validation,-1,G,fraction_glycine,sequence,5,5,10,0.0,0.0,0.0,,,False,,
esm3_top28_bilstm_attn,validation,-1,G,fraction_proline,sequence,5,5,10,0.03333333333333333,0.05,-0.016666666666666666,,,False,,
esm3_top28_bilstm_attn,validation,-1,G,fraction_hydrophobic,sequence,5,5,10,0.3833333333333333,0.2833333333333333,0.1,,,False,,
esm3_top28_bilstm_attn,validation,-1,G,fraction_charged,sequence,5,5,10,0.26666666666666666,0.5666666666666667,-0.3,,,False,,
esm3_top28_bilstm_attn,validation,-1,G,fraction_aromatic,sequence,5,5,10,0.05,0.11666666666666665,-0.06666666666666667,,,False,,
esm3_top28_bilstm_attn,validation,-1,G,sequence_entropy,sequence,5,5,10,1.8843108337660268,1.1132331253245202,0.7710777084415067,,,False,,
esm3_top28_bilstm_attn,test,-1,G,mean_neq,neq,7,8,7,1.4812460317460319,1.1435,0.33774603174603174,,,False,,
esm3_top28_bilstm_attn,test,-1,G,max_neq,neq,7,8,7,2.321238095238095,1.2887619047619048,1.0324761904761905,,,False,,
esm3_top28_bilstm_attn,test,-1,G,neq_peak_fraction,neq,7,8,7,0.047619047619047616,0.047619047619047616,0.0,,,False,,
esm3_top28_bilstm_attn,test,-1,G,neq_peak_excess,neq,7,8,7,0.8399920634920635,0.14526190476190481,0.6947301587301586,,,False,,
esm3_top28_bilstm_attn,test,-1,G,mean_rsa,exposure_length_position,7,8,7,0.4117787885701372,0.2551512365185079,0.15662755205162934,,,False,,
esm3_top28_bilstm_attn,test,-1,G,max_rsa,exposure_length_position,7,8,7,0.6872359131063733,0.3075644171663693,0.3796714959400041,,,False,,
esm3_top28_bilstm_attn,test,-1,G,log_segment_length,exposure_length_position,7,8,7,1.3862943611198906,1.007036405893691,0.3792579552261997,,,False,,
esm3_top28_bilstm_attn,test,-1,G,normalized_midpoint,exposure_length_position,7,8,7,0.4398782445290834,0.5372105852211947,-0.09733234069211123,,,False,,
esm3_top28_bilstm_attn,test,-1,G,mean_torsion_change,geometry_boundaries,7,8,7,75.53321348767584,55.66702228684254,19.866191200833292,,,False,,
esm3_top28_bilstm_attn,test,-1,G,max_torsion_change,geometry_boundaries,7,8,7,167.72951500443392,83.62595809607231,84.10355690836161,,,False,,
esm3_top28_bilstm_attn,test,-1,G,q3_boundary_fraction,geometry_boundaries,7,8,7,0.6666666666666666,0.42857142857142855,0.23809523809523808,,,False,,
esm3_top28_bilstm_attn,test,-1,G,mean_distance_to_q3_boundary,geometry_boundaries,7,8,7,0.33333333333333337,1.1904761904761902,-0.8571428571428571,,,False,,
esm3_top28_bilstm_attn,test,-1,G,structured_linker_fraction,geometry_boundaries,7,8,7,0.0,0.0,0.0,,,False,,
esm3_top28_bilstm_attn,test,-1,G,mean_disorder,disorder,7,8,7,0.012394808400477719,0.034365068006861385,-0.021970259606383664,,,False,,
esm3_top28_bilstm_attn,test,-1,G,max_disorder,disorder,7,8,7,0.014635438527745558,0.03969058945741767,-0.02505515092967212,,,False,,
esm3_top28_bilstm_attn,test,-1,G,fraction_glycine,sequence,7,8,7,0.047619047619047616,0.0,0.047619047619047616,,,False,,
esm3_top28_bilstm_attn,test,-1,G,fraction_proline,sequence,7,8,7,0.023809523809523808,0.047619047619047616,-0.023809523809523808,,,False,,
esm3_top28_bilstm_attn,test,-1,G,fraction_hydrophobic,sequence,7,8,7,0.35714285714285715,0.619047619047619,-0.2619047619047619,,,False,,
esm3_top28_bilstm_attn,test,-1,G,fraction_charged,sequence,7,8,7,0.47619047619047616,0.23809523809523808,0.23809523809523808,,,False,,
esm3_top28_bilstm_attn,test,-1,G,fraction_aromatic,sequence,7,8,7,0.047619047619047616,0.14285714285714285,-0.09523809523809525,,,False,,
esm3_top28_bilstm_attn,test,-1,G,sequence_entropy,sequence,7,8,7,1.3944863102449658,0.5004654763965208,0.8940208338484449,,,False,,
esm3_top28_bilstm_attn,test,-1,E,mean_neq,neq,112,273,363,1.126130024804183,1.2100051110086452,-0.08387508620446225,-0.1356955248514365,-0.03205464755748803,True,0.0003255498072639069,0.0009529730721725275
esm3_top28_bilstm_attn,test,-1,E,max_neq,neq,112,273,363,1.5177239654195012,1.5784473214285715,-0.060723356009070306,-0.18243852134254424,0.06099180932440361,True,0.12388789820825392,0.20118394997219335
esm3_top28_bilstm_attn,test,-1,E,neq_peak_fraction,neq,112,273,363,0.020607006313320086,0.051200110790884594,-0.030593104477564515,-0.048567471984969766,-0.012618736970159264,True,0.0006323435946778648,0.001772764256721278
esm3_top28_bilstm_attn,test,-1,E,neq_peak_excess,neq,112,273,363,0.3915939406153182,0.3684422104199262,0.02315173019539197,-0.06503525052525927,0.1113387109160432,True,0.9052529883000544,0.9594546562515623
esm3_top28_bilstm_attn,test,-1,E,mean_rsa,exposure_length_position,112,273,363,0.14636443571973337,0.2087748105842573,-0.06241037486452393,-0.07939856088930904,-0.04542218883973882,True,4.660826350780178e-10,2.4738232169525557e-09
esm3_top28_bilstm_attn,test,-1,E,max_rsa,exposure_length_position,112,273,363,0.31792168847329166,0.3492271571352356,-0.03130546866194397,-0.05460031327870421,-0.008010624045183722,True,0.007763846270314745,0.01753477905139222
esm3_top28_bilstm_attn,test,-1,E,log_segment_length,exposure_length_position,112,273,363,2.029413330364144,1.679576589051138,0.34983674131300624,0.2786185639516254,0.4210549186743871,True,1.2089292737359234e-14,8.752440844756225e-14
esm3_top28_bilstm_attn,test,-1,E,normalized_midpoint,exposure_length_position,112,273,363,0.4680255798254301,0.4699262987675657,-0.0019007189421356191,-0.059942902266594114,0.05614146438232287,True,0.8435044459698113,0.9100734510751521
esm3_top28_bilstm_attn,test,-1,E,mean_torsion_change,geometry_boundaries,112,273,363,28.399896132769918,36.94430292838948,-8.544406795619564,-12.680787905022143,-4.408025686216984,True,8.990966083474436e-05,0.00028409772269371095
esm3_top28_bilstm_attn,test,-1,E,max_torsion_change,geometry_boundaries,112,273,363,85.97901105348407,86.74141217182445,-0.762401118340379,-11.894206378058563,10.369404141377803,True,0.907553295464285,0.9612900037483545
esm3_top28_bilstm_attn,test,-1,E,q3_boundary_fraction,geometry_boundaries,112,273,363,0.3437911136954504,0.5550138772162582,-0.2112227635208077,-0.24891148455469023,-0.1735340424869252,True,8.448811705880872e-16,6.643123808740285e-15
esm3_top28_bilstm_attn,test,-1,E,mean_distance_to_q3_boundary,geometry_boundaries,112,273,363,1.1633928138424312,0.692782308492874,0.47061050534955723,0.37370922969395354,0.5675117810051609,True,2.5563096199326124e-13,1.7390106287710587e-12
esm3_top28_bilstm_attn,test,-1,E,structured_linker_fraction,geometry_boundaries,112,273,363,0.0,0.0,0.0,0.0,0.0,True,1.0,1.0
esm3_top28_bilstm_attn,test,-1,E,mean_disorder,disorder,112,273,363,0.0066819177581786985,0.013550450977775347,-0.006868533219596645,-0.010921072003770467,-0.002815994435422824,True,1.020617547827918e-05,3.636151664073963e-05
esm3_top28_bilstm_attn,test,-1,E,max_disorder,disorder,112,273,363,0.013524106875086985,0.01989551646082829,-0.006371409585741305,-0.011359299704793019,-0.0013835194666895903,True,0.0019506794316484788,0.0050306995868829195
esm3_top28_bilstm_attn,test,-1,E,fraction_glycine,sequence,112,273,363,0.0316704385821095,0.029737301802033943,0.0019331367800755554,-0.011018503620431778,0.014884777180582887,True,0.48274687893853674,0.6108410170999973
esm3_top28_bilstm_attn,test,-1,E,fraction_proline,sequence,112,273,363,0.012108118815708101,0.01194523482469911,0.0001628839910089912,-0.00883970473988609,0.009165472721904072,True,0.41368250289753317,0.5406318597281707
esm3_top28_bilstm_attn,test,-1,E,fraction_hydrophobic,sequence,112,273,363,0.6034797890011537,0.5748791680376503,0.028600620963503624,-0.008791196043284301,0.06599243797029156,True,0.18363547499537736,0.27916885834504085
esm3_top28_bilstm_attn,test,-1,E,fraction_charged,sequence,112,273,363,0.14305637702480814,0.16565107635420137,-0.022594699329393206,-0.05614929974682725,0.010959901088040836,True,0.41960955416090484,0.547117720358718
esm3_top28_bilstm_attn,test,-1,E,fraction_aromatic,sequence,112,273,363,0.13302514626813097,0.134936768891382,-0.001911622623251027,-0.030897748084625556,0.027074502838123505,True,0.7837920851960706,0.8648828459686405
esm3_top28_bilstm_attn,test,-1,E,sequence_entropy,sequence,112,273,363,2.291424539600635,1.7974936577500285,0.4939308818506065,0.36589568824098084,0.6219660754602322,True,5.500390929831014e-11,3.173519067194311e-10
esm3_top28_bilstm_attn,test,-1,H,mean_neq,neq,135,649,290,1.087091386649989,1.2397908048085948,-0.15269941815860585,-0.20333285292316006,-0.10206598339405165,True,4.705090287902652e-08,2.1381599816396322e-07
esm3_top28_bilstm_attn,test,-1,H,max_neq,neq,135,649,290,1.6427101916263354,1.75237693438249,-0.10966674275615457,-0.2276322364201,0.00829875090779085,True,0.19203552788097356,0.2894659472873703
esm3_top28_bilstm_attn,test,-1,H,neq_peak_fraction,neq,135,649,290,0.012619141891000711,0.05300856338126569,-0.040389421490264976,-0.05914686608176427,-0.021631976898765688,True,6.080940534714222e-06,2.2202656531175794e-05
esm3_top28_bilstm_attn,test,-1,H,neq_peak_excess,neq,135,649,290,0.5556188049763465,0.5125861295738952,0.043032675402451294,-0.050710268765887585,0.13677561957079018,True,0.13331760436851436,0.21362408548338724
esm3_top28_bilstm_attn,test,-1,H,mean_rsa,exposure_length_position,135,649,290,0.2851351512556712,0.29935761226668217,-0.014222461011011003,-0.031910836568872,0.00346591454685,True,0.13821289573898998,0.2204234907988326
esm3_top28_bilstm_attn,test,-1,H,max_rsa,exposure_length_position,135,649,290,0.6481686296876626,0.535110833536171,0.11305779615149163,0.08318721944328414,0.14292837285969912,True,4.5671713916722826e-11,2.662345944007584e-10
esm3_top28_bilstm_attn,test,-1,H,log_segment_length,exposure_length_position,135,649,290,2.6424659475203294,1.956184511037455,0.6862814364828742,0.5851792719142667,0.7873836010514818,True,6.581748155940469e-21,7.467412924575412e-20
esm3_top28_bilstm_attn,test,-1,H,normalized_midpoint,exposure_length_position,135,649,290,0.5048908432384643,0.5903993364460953,-0.08550849320763107,-0.14201346688945468,-0.029003519525807465,True,0.003944104368106255,0.009552304347111209
esm3_top28_bilstm_attn,test,-1,H,mean_torsion_change,geometry_boundaries,135,649,290,16.634279196141783,29.6983157531596,-13.06403655701782,-17.02888920252148,-9.099183911514158,True,3.976852979406578e-12,2.5085335677935897e-11
esm3_top28_bilstm_attn,test,-1,H,max_torsion_change,geometry_boundaries,135,649,290,136.41266102609524,110.61863970683585,25.794021319259365,16.578984833776182,35.00905780474255,True,3.363127328779399e-06,1.2578245020578705e-05
esm3_top28_bilstm_attn,test,-1,H,q3_boundary_fraction,geometry_boundaries,135,649,290,0.18206056881493674,0.38401154009948796,-0.20195097128455125,-0.24235655875703943,-0.16154538381206307,True,1.3920146727257906e-17,1.2288254852443597e-16
esm3_top28_bilstm_attn,test,-1,H,mean_distance_to_q3_boundary,geometry_boundaries,135,649,290,2.991524564558883,1.5529207388246564,1.438603825734226,1.1795431220459256,1.6976645294225263,True,3.148007050235494e-18,2.9160032429715626e-17
esm3_top28_bilstm_attn,test,-1,H,structured_linker_fraction,geometry_boundaries,135,649,290,0.0,0.0,0.0,0.0,0.0,True,1.0,1.0
esm3_top28_bilstm_attn,test,-1,H,mean_disorder,disorder,135,649,290,0.0136171578510039,0.032745895322026715,-0.01912873747102281,-0.02683614544436641,-0.011421329497679211,True,5.506847189085455e-09,2.6598071923282748e-08
esm3_top28_bilstm_attn,test,-1,H,max_disorder,disorder,135,649,290,0.03239641063839262,0.05894461841669496,-0.026548207778302333,-0.038515977044742244,-0.014580438511862425,True,5.950311776843778e-05,0.00019270118886502695
esm3_top28_bilstm_attn,test,-1,H,fraction_glycine,sequence,135,649,290,0.024189131532764307,0.023830610879747752,0.0003585206530165565,-0.008207079044951831,0.008924120350984945,True,0.08457880068423071,0.1473666072695415
esm3_top28_bilstm_attn,test,-1,H,fraction_proline,sequence,135,649,290,0.014169468524286015,0.03190730882663706,-0.017737840302351048,-0.035409047733164556,-6.663287153753708e-05,True,0.5228526331507272,0.6472957717622148
esm3_top28_bilstm_attn,test,-1,H,fraction_hydrophobic,sequence,135,649,290,0.4810362346511633,0.5326244138195669,-0.051588179168403685,-0.08530445071549017,-0.0178719076213172,True,0.003296944067346003,0.008100994107337816
esm3_top28_bilstm_attn,test,-1,H,fraction_charged,sequence,135,649,290,0.2778111782354369,0.23197270581337448,0.04583847242206249,0.016490824397034493,0.07518612044709048,True,0.0044990795796755354,0.010795875130506023
esm3_top28_bilstm_attn,test,-1,H,fraction_aromatic,sequence,135,649,290,0.08675713238442422,0.09488423760558967,-0.008127105221165458,-0.02978854104801181,0.013534330605680893,True,0.8596644973895197,0.9235861664041837
esm3_top28_bilstm_attn,test,-1,H,sequence_entropy,sequence,135,649,290,2.923893463290993,2.107554255420268,0.8163392078707251,0.6694483085817483,0.9632301071597019,True,1.5325616070024835e-18,1.4555030318189318e-17
esm3_top28_bilstm_attn,test,-1,T,mean_neq,neq,7,7,23,1.1581428571428571,1.9032167107583773,-0.7450738536155203,,,False,,
esm3_top28_bilstm_attn,test,-1,T,max_neq,neq,7,7,23,1.302,2.0807261904761902,-0.7787261904761903,,,False,,
esm3_top28_bilstm_attn,test,-1,T,neq_peak_fraction,neq,7,7,23,0.14285714285714285,0.2936507936507936,-0.15079365079365079,,,False,,
esm3_top28_bilstm_attn,test,-1,T,neq_peak_excess,neq,7,7,23,0.14385714285714288,0.177509479717813,-0.033652336860670144,,,False,,
esm3_top28_bilstm_attn,test,-1,T,mean_rsa,exposure_length_position,7,7,23,0.46983577417475836,0.5028706424273354,-0.03303486825257696,,,False,,
esm3_top28_bilstm_attn,test,-1,T,max_rsa,exposure_length_position,7,7,23,0.5318999418190548,0.5596020091620703,-0.027702067343015523,,,False,,
esm3_top28_bilstm_attn,test,-1,T,log_segment_length,exposure_length_position,7,7,23,1.0406887017955146,0.9793775298089286,0.06131117198658614,,,False,,
esm3_top28_bilstm_attn,test,-1,T,normalized_midpoint,exposure_length_position,7,7,23,0.5789277813887256,0.5667622897138428,0.012165491674882773,,,False,,
esm3_top28_bilstm_attn,test,-1,T,mean_torsion_change,geometry_boundaries,7,7,23,116.56973772715915,108.90888224447781,7.660855482681354,,,False,,
esm3_top28_bilstm_attn,test,-1,T,max_torsion_change,geometry_boundaries,7,7,23,175.0951754104603,143.6084072906311,31.4867681198292,,,False,,
esm3_top28_bilstm_attn,test,-1,T,q3_boundary_fraction,geometry_boundaries,7,7,23,0.21428571428571427,0.23809523809523808,-0.023809523809523787,,,False,,
esm3_top28_bilstm_attn,test,-1,T,mean_distance_to_q3_boundary,geometry_boundaries,7,7,23,1.5714285714285714,1.8313492063492063,-0.25992063492063494,,,False,,
esm3_top28_bilstm_attn,test,-1,T,structured_linker_fraction,geometry_boundaries,7,7,23,0.8571428571428571,0.8492063492063492,0.00793650793650794,,,False,,
esm3_top28_bilstm_attn,test,-1,T,mean_disorder,disorder,7,7,23,0.0027475154659311286,0.035751482596477355,-0.03300396713054623,,,False,,
esm3_top28_bilstm_attn,test,-1,T,max_disorder,disorder,7,7,23,0.0029253673856146144,0.042254453043579006,-0.039329085657964384,,,False,,
esm3_top28_bilstm_attn,test,-1,T,fraction_glycine,sequence,7,7,23,0.35714285714285715,0.3187830687830688,0.03835978835978837,,,False,,
esm3_top28_bilstm_attn,test,-1,T,fraction_proline,sequence,7,7,23,0.21428571428571427,0.06349206349206349,0.15079365079365079,,,False,,
esm3_top28_bilstm_attn,test,-1,T,fraction_hydrophobic,sequence,7,7,23,0.07142857142857142,0.2261904761904762,-0.15476190476190474,,,False,,
esm3_top28_bilstm_attn,test,-1,T,fraction_charged,sequence,7,7,23,0.35714285714285715,0.1541005291005291,0.20304232804232808,,,False,,
esm3_top28_bilstm_attn,test,-1,T,fraction_aromatic,sequence,7,7,23,0.0,0.0,0.0,,,False,,
esm3_top28_bilstm_attn,test,-1,T,sequence_entropy,sequence,7,7,23,0.5714285714285714,0.6127700398313497,-0.04134146840277823,,,False,,
esm3_top28_bilstm_attn,test,-1,C,mean_neq,neq,13,16,87,1.0755591168091168,1.3887629487950321,-0.31320383198591534,-0.49693485546249483,-0.12947280850933587,True,0.002976637011170516,0.007394569974112796
esm3_top28_bilstm_attn,test,-1,C,max_neq,neq,13,16,87,1.2623846153846154,1.7396313288563288,-0.47724671347171327,-0.8296505962511763,-0.12484283069225022,True,0.01922343909754908,0.03967914993212053
esm3_top28_bilstm_attn,test,-1,C,neq_peak_fraction,neq,13,16,87,0.018233618233618236,0.0810593573093573,-0.06282573907573906,-0.12522367929209283,-0.0004277988593852991,True,0.030225938304358376,0.05951886861213492
esm3_top28_bilstm_attn,test,-1,C,neq_peak_excess,neq,13,16,87,0.18682549857549863,0.3508683800612967,-0.1640428814857981,-0.4001940387367927,0.07210827576519649,True,0.17295491798842066,0.2653178664786072
esm3_top28_bilstm_attn,test,-1,C,mean_rsa,exposure_length_position,13,16,87,0.29129605022544103,0.38511829571668343,-0.09382224549124245,-0.19160813689618972,0.003963645913704808,True,0.05462393825457164,0.10015376097543748
esm3_top28_bilstm_attn,test,-1,C,max_rsa,exposure_length_position,13,16,87,0.43220875784754753,0.47900344081000124,-0.04679468296245379,-0.18737705138568317,0.0937876854607756,True,0.8613042569883052,0.9241731808560646
esm3_top28_bilstm_attn,test,-1,C,log_segment_length,exposure_length_position,13,16,87,1.536468932927553,1.1769687712240466,0.3595001617035063,-0.023055341003227703,0.7420556644102403,True,0.07473549830588254,0.132362870493551
esm3_top28_bilstm_attn,test,-1,C,normalized_midpoint,exposure_length_position,13,16,87,0.4993987728419352,0.43078516692744956,0.0686136059144856,-0.12411148884888988,0.2613387006778611,True,0.6496440323317323,0.7573554643145063
esm3_top28_bilstm_attn,test,-1,C,mean_torsion_change,geometry_boundaries,13,16,87,68.46520802551365,69.96503374632704,-1.4998257208133918,-23.63002884923034,20.630377407603557,True,0.916511907863894,0.9665398504328838
esm3_top28_bilstm_attn,test,-1,C,max_torsion_change,geometry_boundaries,13,16,87,123.98975422293742,95.86445149842855,28.12530272450885,-3.7417288230386028,59.9923342720563,True,0.1005251728089838,0.16875650907009646
esm3_top28_bilstm_attn,test,-1,C,q3_boundary_fraction,geometry_boundaries,13,16,87,0.5049450549450549,0.500589133089133,0.004355921855921844,-0.2707925475035137,0.27950439121535736,True,0.916511907863894,0.9665398504328838
esm3_top28_bilstm_attn,test,-1,C,mean_distance_to_q3_boundary,geometry_boundaries,13,16,87,2.187871387871388,1.138577626077626,1.0492937617937617,-0.2633291347268574,2.3619166583143807,True,0.31089682851661204,0.4318579199731575
esm3_top28_bilstm_attn,test,-1,C,structured_linker_fraction,geometry_boundaries,13,16,87,0.41025641025641024,0.5925518925518924,-0.1822954822954823,-0.5733334387223549,0.20874247413139033,True,0.29406485465346055,0.4127161783243462
esm3_top28_bilstm_attn,test,-1,C,mean_disorder,disorder,13,16,87,0.037062832948545496,0.14473388883802335,-0.10767105588947781,-0.18157848539010843,-0.033763626388847195,True,0.007132413699395206,0.0162452658285148
esm3_top28_bilstm_attn,test,-1,C,max_disorder,disorder,13,16,87,0.05245010893887429,0.20075690025713186,-0.14830679131825758,-0.23155871528970853,-0.06505486734680663,True,0.0037285953227358883,0.00906933869508636
esm3_top28_bilstm_attn,test,-1,C,fraction_glycine,sequence,13,16,87,0.013553113553113552,0.060186341436341446,-0.046633227883227886,-0.07976763035816027,-0.0134988254082955,True,0.007539667027118817,0.017074088559068133
esm3_top28_bilstm_attn,test,-1,C,fraction_proline,sequence,13,16,87,0.1261090761090761,0.03443084693084693,0.09167822917822918,-0.05643383616415165,0.23979029452061001,True,0.32490532515606096,0.44691005059098543
esm3_top28_bilstm_attn,test,-1,C,fraction_hydrophobic,sequence,13,16,87,0.3212047212047212,0.32169557294557294,-0.0004908517408517448,-0.17860846513734077,0.17762676165563726,True,0.833935414088552,0.903270642158415
esm3_top28_bilstm_attn,test,-1,C,fraction_charged,sequence,13,16,87,0.1087098087098087,0.226457708957709,-0.11774790024790026,-0.24863894417235927,0.013143143676558763,True,0.027707849358079864,0.05507362650186245
esm3_top28_bilstm_attn,test,-1,C,fraction_aromatic,sequence,13,16,87,0.08011803011803012,0.05307539682539682,0.027042633292633293,-0.06414017492409001,0.11822544150935659,True,0.48397374602611765,0.611820529861977
esm3_top28_bilstm_attn,test,-1,C,sequence_entropy,sequence,13,16,87,1.4734975900162084,0.9133327704314647,0.5601648195847442,-0.1328901020172245,1.253219741186713,True,0.08686008151624075,0.15075664045503592
esm2_frozen_bilstm_attn,train,1,G,mean_neq,neq,86,103,239,1.6410450258397933,1.4079912717522214,0.23305375408757195,0.10026143652455205,0.36584607165059185,True,0.0020338330350503342,0.005237158790179117
esm2_frozen_bilstm_attn,train,1,G,max_neq,neq,86,103,239,2.167406330749354,1.7482523166325492,0.4191540141168048,0.20502987300300687,0.6332781552306027,True,0.00046017294288269473,0.001315168824925098
esm2_frozen_bilstm_attn,train,1,G,neq_peak_fraction,neq,86,103,239,0.11921834625322995,0.07189719733324383,0.04732114891998614,-0.0008418114221737452,0.09548410926214604,True,0.11645281827974288,0.190482331206488
esm2_frozen_bilstm_attn,train,1,G,neq_peak_excess,neq,86,103,239,0.5263613049095608,0.3402610448803278,0.18610026002923283,0.05107563079811306,0.3211248892603526,True,0.023252335945160768,0.047103743457512615
esm2_frozen_bilstm_attn,train,1,G,mean_rsa,exposure_length_position,86,103,239,0.3786513157913856,0.3472420095724962,0.031409306218889405,-0.00779472992765378,0.0706133423654326,True,0.11956080388086833,0.19462449586962724
esm2_frozen_bilstm_attn,train,1,G,max_rsa,exposure_length_position,86,103,239,0.5234653900788967,0.4661921718630835,0.057273218215813326,0.002653962273532977,0.11189247415809367,True,0.04737704875652537,0.08840055289503988
esm2_frozen_bilstm_attn,train,1,G,log_segment_length,exposure_length_position,86,103,239,1.278013872735543,1.1487469431964135,0.12926692953912966,0.04388714475607655,0.21464671432218277,True,0.003035666986750571,0.007524626159973372
esm2_frozen_bilstm_attn,train,1,G,normalized_midpoint,exposure_length_position,86,103,239,0.4998973766240868,0.5105221590739066,-0.010624782449819731,-0.0845795558627785,0.06332999096313903,True,0.6919924291334499,0.7922879793092429
esm2_frozen_bilstm_attn,train,1,G,mean_torsion_change,geometry_boundaries,86,103,239,61.72565067663708,55.95019706105529,5.775453615581788,-3.929388315235669,15.480295546399244,True,0.24237159226063665,0.35260686464423946
esm2_frozen_bilstm_attn,train,1,G,max_torsion_change,geometry_boundaries,86,103,239,112.69118744814143,101.09843484309134,11.592752605050118,-4.89652996754249,28.082035177642723,True,0.2254589685513667,0.3314246837705091
esm2_frozen_bilstm_attn,train,1,G,q3_boundary_fraction,geometry_boundaries,86,103,239,0.5431524547803618,0.48665768985536423,0.05649476492499748,-0.040931023779210436,0.1539205536292054,True,0.2608789500374097,0.37549243511131636
esm2_frozen_bilstm_attn,train,1,G,mean_distance_to_q3_boundary,geometry_boundaries,86,103,239,0.9506459948320413,1.0957918050941304,-0.14514581026208945,-0.5502606462459667,0.25996902572178787,True,0.10914867059817232,0.18080923826184253
esm2_frozen_bilstm_attn,train,1,G,structured_linker_fraction,geometry_boundaries,86,103,239,0.0,0.0,0.0,0.0,0.0,True,1.0,1.0
esm2_frozen_bilstm_attn,train,1,G,mean_disorder,disorder,86,103,239,0.01768130977793996,0.016556981671286424,0.0011243281066535384,-0.005662105121492349,0.007910761334799427,True,0.8278552550170264,0.8988016002898337
esm2_frozen_bilstm_attn,train,1,G,max_disorder,disorder,86,103,239,0.02064103231600178,0.020305406068952803,0.0003356262470489767,-0.007835331761560208,0.008506584255658162,True,0.7812141598516169,0.8639367722438898
esm2_frozen_bilstm_attn,train,1,G,fraction_glycine,sequence,86,103,239,0.09515503875968992,0.0545139937581798,0.04064104500151012,-0.01599468022600581,0.09727677022902605,True,0.2710518037343902,0.38651461342301696
esm2_frozen_bilstm_attn,train,1,G,fraction_proline,sequence,86,103,239,0.08501291989664082,0.06218315491571306,0.02282976498092777,-0.020646514881422152,0.06630604484327769,True,0.8313774871072022,0.9012142622345145
esm2_frozen_bilstm_attn,train,1,G,fraction_hydrophobic,sequence,86,103,239,0.3197028423772609,0.35672219146056355,-0.037019349083302545,-0.11611249136588833,0.04207379319928325,True,0.26888707803754186,0.3839135180932977
esm2_frozen_bilstm_attn,train,1,G,fraction_charged,sequence,86,103,239,0.2632751937984496,0.2847782923364319,-0.021503098537982254,-0.10473260848827558,0.06172641141231107,True,0.49996060714787127,0.6280158354383337
esm2_frozen_bilstm_attn,train,1,G,fraction_aromatic,sequence,86,103,239,0.09253875968992248,0.13465202971016926,-0.04211327002024677,-0.09352068639003064,0.00929414634953709,True,0.07302385321705271,0.13021816863230762
esm2_frozen_bilstm_attn,train,1,G,sequence_entropy,sequence,86,103,239,1.233763235262288,0.9589111898440678,0.2748520454182198,0.09075605830230929,0.4589480325341303,True,0.005684038885451732,0.013282105464548784
esm2_frozen_bilstm_attn,train,1,C,mean_neq,neq,882,3307,6670,1.8214305904395187,1.39226183293979,0.4291687574997286,0.39140834837702065,0.46692916662243655,True,8.161239971428263e-87,1.1997022757999546e-84
esm2_frozen_bilstm_attn,train,1,C,max_neq,neq,882,3307,6670,2.821507442891471,1.7175168829533916,1.103990559938079,1.028193575623459,1.179787544252699,True,7.5418930046696575e-112,3.6427343212554445e-109
esm2_frozen_bilstm_attn,train,1,C,neq_peak_fraction,neq,882,3307,6670,0.16261331340876434,0.11793256835383613,0.04468074505492821,0.03386269551846319,0.05549879459139323,True,1.3882901548900653e-16,1.1202408147215539e-15
esm2_frozen_bilstm_attn,train,1,C,neq_peak_excess,neq,882,3307,6670,1.0000768524519523,0.3252550500136019,0.6748218024383504,0.6264133922431865,0.7232302126335144,True,8.437510189920159e-108,2.593383813829096e-105
esm2_frozen_bilstm_attn,train,1,C,mean_rsa,exposure_length_position,882,3307,6670,0.4583565575270124,0.3693458839011799,0.08901067362583245,0.08085087939168,0.09717046785998491,True,1.352434425921545e-71,9.331797538858661e-70
esm2_frozen_bilstm_attn,train,1,C,max_rsa,exposure_length_position,882,3307,6670,0.637986871409561,0.46630154760050113,0.1716853238090599,0.16071499057912622,0.18265565703899359,True,7.631624859717023e-105,1.984809511592558e-102
esm2_frozen_bilstm_attn,train,1,C,log_segment_length,exposure_length_position,882,3307,6670,1.8544997090480055,1.178086857582569,0.6764128514654366,0.6442997101197988,0.7085259928110744,True,3.515978389402518e-131,1.1887522934569913e-127
esm2_frozen_bilstm_attn,train,1,C,normalized_midpoint,exposure_length_position,882,3307,6670,0.47849205023140695,0.5360327170553301,-0.057540666823923135,-0.0797213985930263,-0.035359935054819984,True,1.8942015908003586e-07,8.137605563527334e-07
esm2_frozen_bilstm_attn,train,1,C,mean_torsion_change,geometry_boundaries,882,3307,6670,74.17017887566524,79.01275474401156,-4.842575868346319,-7.348326372724127,-2.336825363968511,True,5.719381911967195e-07,2.346751243247705e-06
esm2_frozen_bilstm_attn,train,1,C,max_torsion_change,geometry_boundaries,882,3307,6670,143.49003644086372,109.2092970068373,34.280739434026394,30.949977606518797,37.611501261533995,True,5.269339741163215e-68,3.071661666357385e-66
esm2_frozen_bilstm_attn,train,1,C,q3_boundary_fraction,geometry_boundaries,882,3307,6670,0.19623902708305713,0.5023478803967663,-0.3061088533137092,-0.32307516274128917,-0.2891425438861292,True,6.416641770597693e-118,7.231555275463601e-115
esm2_frozen_bilstm_attn,train,1,C,mean_distance_to_q3_boundary,geometry_boundaries,882,3307,6670,3.143507579615545,1.1890957113089702,1.9544118683065745,1.8047647977520662,2.104058938861083,True,5.7505190308567585e-117,4.860626210831675e-114
esm2_frozen_bilstm_attn,train,1,C,structured_linker_fraction,geometry_boundaries,882,3307,6670,0.6260656624177031,0.6471210114169996,-0.021055348999296383,-0.04960148217062772,0.0074907841720349595,True,0.18498704675352096,0.28048750328545274
esm2_frozen_bilstm_attn,train,1,C,mean_disorder,disorder,882,3307,6670,0.18494438908255725,0.09799528461489171,0.08694910446766554,0.07515984512655371,0.09873836380877737,True,1.5603351308899715e-44,5.553150607935782e-43
esm2_frozen_bilstm_attn,train,1,C,max_disorder,disorder,882,3307,6670,0.3014243982357522,0.1416009696143202,0.15982342862143195,0.14162622501424535,0.17802063222861855,True,1.8118548387472648e-53,7.657351512255628e-52
esm2_frozen_bilstm_attn,train,1,C,fraction_glycine,sequence,882,3307,6670,0.10724202730769443,0.06959076130948744,0.037651265998206986,0.027526751887965786,0.047775780108448185,True,4.388810997371691e-14,3.0785414900650804e-13
esm2_frozen_bilstm_attn,train,1,C,fraction_proline,sequence,882,3307,6670,0.07797678123995017,0.07493929623989652,0.0030374850000536493,-0.004829482109759559,0.010904452109866857,True,0.10105676875235932,0.1694806225951026
esm2_frozen_bilstm_attn,train,1,C,fraction_hydrophobic,sequence,882,3307,6670,0.27483173128053373,0.3119624766824917,-0.037130745401957946,-0.051002261671845225,-0.023259229132070666,True,2.0374086575844356e-07,8.730644703793379e-07
esm2_frozen_bilstm_attn,train,1,C,fraction_charged,sequence,882,3307,6670,0.22747425292710535,0.24655348666765248,-0.019079233740547125,-0.03342031234552209,-0.00473815513557216,True,0.009486170585571826,0.02099001488862457
esm2_frozen_bilstm_attn,train,1,C,fraction_aromatic,sequence,882,3307,6670,0.05492497433943437,0.06790500960531196,-0.012980035265877576,-0.02064603051975305,-0.005314040012002104,True,0.053215749417114946,0.09773082497515787
esm2_frozen_bilstm_attn,train,1,C,sequence_entropy,sequence,882,3307,6670,1.959372439621356,0.966424769166681,0.9929476704546751,0.9425766634623212,1.043318677447029,True,1.3825354814477407e-124,2.3371762313874055e-121
esm2_frozen_bilstm_attn,train,1,S,mean_neq,neq,339,689,1144,1.7893380602833835,1.4445119767523529,0.3448260835310307,0.26485093576593133,0.4248012312961301,True,2.416721650641439e-15,1.8361653709704954e-14
esm2_frozen_bilstm_attn,train,1,S,max_neq,neq,339,689,1144,1.9693523313979804,1.491537045621264,0.47781528577671645,0.3881572786330046,0.5674732929204283,True,1.403714135853136e-20,1.5611702280656096e-19
esm2_frozen_bilstm_attn,train,1,S,neq_peak_fraction,neq,339,689,1144,0.23245988824897382,0.2550879102870253,-0.022628022038051542,-0.06826636040669698,0.0230103163305939,True,0.5973382490344439,0.712632540573555
esm2_frozen_bilstm_attn,train,1,S,neq_peak_excess,neq,339,689,1144,0.1800142711145968,0.04702506886891105,0.13298920224568575,0.10633110584219575,0.15964729864917576,True,4.237807501532112e-18,3.862001930641529e-17
esm2_frozen_bilstm_attn,train,1,S,mean_rsa,exposure_length_position,339,689,1144,0.5059254069808875,0.3899247958880228,0.1160006110928647,0.09543732169402885,0.13656390049170056,True,2.051655013785524e-22,2.6782415450227244e-21
esm2_frozen_bilstm_attn,train,1,S,max_rsa,exposure_length_position,339,689,1144,0.5610299771738927,0.40988964131781747,0.15114033585607525,0.12802961496181683,0.17425105675033367,True,1.1678906129729822e-27,2.1229237432589534e-26
esm2_frozen_bilstm_attn,train,1,S,log_segment_length,exposure_length_position,339,689,1144,0.9337748614998864,0.7717184322327625,0.16205642926712407,0.1363775190026733,0.18773533953157484,True,4.205887054803869e-25,6.4636836964963094e-24
esm2_frozen_bilstm_attn,train,1,S,normalized_midpoint,exposure_length_position,339,689,1144,0.48830594853880804,0.5176904954208175,-0.02938454688200943,-0.06160051343811992,0.0028314196741010614,True,0.04523723890677842,0.08497061374656548
esm2_frozen_bilstm_attn,train,1,S,mean_torsion_change,geometry_boundaries,339,689,1144,140.9310450470492,141.65899223211616,-0.7279471850669555,-6.392124635721193,4.936230265587281,True,0.7309269159005998,0.824813263733233
esm2_frozen_bilstm_attn,train,1,S,max_torsion_change,geometry_boundaries,339,689,1144,157.8565290352444,145.95882980347434,11.897699231770053,6.29703876443686,17.498359699103247,True,1.9055623416924576e-05,6.558091558866557e-05
esm2_frozen_bilstm_attn,train,1,S,q3_boundary_fraction,geometry_boundaries,339,689,1144,0.1257137589549094,0.3349680432645034,-0.20925428430959406,-0.25089667660411064,-0.16761189201507748,True,2.209665030877494e-19,2.2707834253485736e-18
esm2_frozen_bilstm_attn,train,1,S,mean_distance_to_q3_boundary,geometry_boundaries,339,689,1144,1.8957927533517502,1.2981592686238703,0.59763348472788,0.29623214071200327,0.8990348287437568,True,7.041692930422697e-15,5.198245370689768e-14
esm2_frozen_bilstm_attn,train,1,S,structured_linker_fraction,geometry_boundaries,339,689,1144,0.9521761015123847,0.898370557662593,0.053805543849791644,0.02228484704367182,0.08532624065591146,True,0.0002775359317404223,0.000823113144924884
esm2_frozen_bilstm_attn,train,1,S,mean_disorder,disorder,339,689,1144,0.021609549957952966,0.011187137631397094,0.010422412326555872,0.007924400893086991,0.012920423760024752,True,1.0407954272930566e-15,8.126857597408371e-15
esm2_frozen_bilstm_attn,train,1,S,max_disorder,disorder,339,689,1144,0.02317629086291922,0.011451841086451963,0.011724449776467262,0.009130143832997291,0.014318755719937232,True,1.0792365843196266e-18,1.036619003291096e-17
esm2_frozen_bilstm_attn,train,1,S,fraction_glycine,sequence,339,689,1144,0.29417930889169824,0.20182434330664417,0.09235496558505409,0.04792633724884791,0.13678359392126027,True,0.0005001391393283676,0.0014197904534586153
esm2_frozen_bilstm_attn,train,1,S,fraction_proline,sequence,339,689,1144,0.033467169234130886,0.015257877979116917,0.01820929125501397,0.0041785004861379805,0.03224008202388996,True,0.6159887999561919,0.7302447870448404
esm2_frozen_bilstm_attn,train,1,S,fraction_hydrophobic,sequence,339,689,1144,0.13496804326450343,0.24292562157606404,-0.10795757831156061,-0.1478613304850441,-0.06805382613807712,True,2.0569472639754493e-09,1.03739706238617e-08
esm2_frozen_bilstm_attn,train,1,S,fraction_charged,sequence,339,689,1144,0.2774869870924443,0.2979936320644285,-0.020506644971984206,-0.06605463456007542,0.025041344616107006,True,0.28062569107068813,0.3976510735582551
esm2_frozen_bilstm_attn,train,1,S,fraction_aromatic,sequence,339,689,1144,0.017420517862995737,0.06286112281687503,-0.04544060495387929,-0.06663886605342832,-0.02424234385433026,True,3.9122851759856e-06,1.4535644153854191e-05
esm2_frozen_bilstm_attn,train,1,S,sequence_entropy,sequence,339,689,1144,0.49805272617065216,0.1834719996036966,0.31458072656695557,0.2571555352947595,0.37200591783915166,True,6.383684684196716e-20,6.808592402924005e-19
esm2_frozen_bilstm_attn,train,1,T,mean_neq,neq,588,1428,2819,1.8854837564089089,1.52570577233844,0.35977798407046857,0.30037982235212196,0.4191761457888152,True,9.726216378251287e-29,1.8684282712992957e-27
esm2_frozen_bilstm_attn,train,1,T,max_neq,neq,588,1428,2819,2.1703095678398827,1.7075171754965028,0.4627923923433796,0.39151063672070635,0.5340741479660528,True,1.7533308962423147e-32,3.90000773697057e-31
esm2_frozen_bilstm_attn,train,1,T,neq_peak_fraction,neq,588,1428,2819,0.23592887491697015,0.15469174847733966,0.0812371264396305,0.05910678818595978,0.10336746469330123,True,1.360386684906332e-12,8.879280659591328e-12
esm2_frozen_bilstm_attn,train,1,T,neq_peak_excess,neq,588,1428,2819,0.2848258114309737,0.18181140315806274,0.10301440827291096,0.07849015046793925,0.12753866607788267,True,8.201083791582369e-17,6.746439002272505e-16
esm2_frozen_bilstm_attn,train,1,T,mean_rsa,exposure_length_position,588,1428,2819,0.6142363580869455,0.5316338590128755,0.08260249907406987,0.0711687937708854,0.09403620437725434,True,2.2994427020816344e-38,6.320663232307321e-37
esm2_frozen_bilstm_attn,train,1,T,max_rsa,exposure_length_position,588,1428,2819,0.6858564028887922,0.5998708431483682,0.08598555974042392,0.0740410288401906,0.09793009064065723,True,2.7262046807275606e-37,7.373838420431906e-36
esm2_frozen_bilstm_attn,train,1,T,log_segment_length,exposure_length_position,588,1428,2819,1.0703229540523447,0.9952535650051271,0.07506938904721731,0.05822694898480307,0.09191182910963155,True,7.174305169599538e-19,7.030819066207547e-18
esm2_frozen_bilstm_attn,train,1,T,normalized_midpoint,exposure_length_position,588,1428,2819,0.49776147761051204,0.5114471496174587,-0.013685672006946585,-0.037186155967797285,0.009814811953904119,True,0.3404733874461071,0.4625051140156743
esm2_frozen_bilstm_attn,train,1,T,mean_torsion_change,geometry_boundaries,588,1428,2819,99.55920352201169,91.53748137360876,8.021722148402919,3.9629382327269758,12.080506064078861,True,0.0011134298725665212,0.002987703491386832
esm2_frozen_bilstm_attn,train,1,T,max_torsion_change,geometry_boundaries,588,1428,2819,142.7856148163714,129.57913626992573,13.206478546445714,8.327745218764518,18.085211874126912,True,6.2511012598604e-08,2.810501776540959e-07
esm2_frozen_bilstm_attn,train,1,T,q3_boundary_fraction,geometry_boundaries,588,1428,2819,0.1795887231155088,0.376588144968248,-0.1969994218527392,-0.2272551738243432,-0.16674366988113518,True,3.826376774836621e-33,8.741202618731496e-32
esm2_frozen_bilstm_attn,train,1,T,mean_distance_to_q3_boundary,geometry_boundaries,588,1428,2819,1.8591868944547514,1.4042772587600618,0.45490963569468956,0.28807327770496716,0.621745993684412,True,7.554800015679957e-22,9.460288464079235e-21
esm2_frozen_bilstm_attn,train,1,T,structured_linker_fraction,geometry_boundaries,588,1428,2819,0.904144211797273,0.8507270520353813,0.0534171597618916,0.02987177995674673,0.07696253956703647,True,4.65708704647041e-09,2.272093983277988e-08
esm2_frozen_bilstm_attn,train,1,T,mean_disorder,disorder,588,1428,2819,0.032990204723639276,0.02372076589334991,0.00926943883028937,0.006373887164858102,0.012164990495720639,True,5.017851176357792e-14,3.5124958234504547e-13
esm2_frozen_bilstm_attn,train,1,T,max_disorder,disorder,588,1428,2819,0.03695046303292671,0.02599435176985106,0.010956111263075658,0.007786317483421748,0.014125905042729568,True,2.7452426685419463e-15,2.0764352264743446e-14
esm2_frozen_bilstm_attn,train,1,T,fraction_glycine,sequence,588,1428,2819,0.23174306128175173,0.229043184068251,0.0026998772135007386,-0.023392131691713707,0.028791886118715183,True,0.6953730908059135,0.7956197698865629
esm2_frozen_bilstm_attn,train,1,T,fraction_proline,sequence,588,1428,2819,0.09815346533033607,0.06188306081072255,0.036270404519613525,0.02026221916862725,0.0522785898705998,True,0.01180746288314733,0.025541287273142116
esm2_frozen_bilstm_attn,train,1,T,fraction_hydrophobic,sequence,588,1428,2819,0.1135160112626099,0.1569800755623022,-0.043464064299692316,-0.06212850288438554,-0.02479962571499909,True,1.6091906999716277e-08,7.577540050980603e-08
esm2_frozen_bilstm_attn,train,1,T,fraction_charged,sequence,588,1428,2819,0.3054358627169001,0.2907422105970092,0.014693652119890923,-0.013677805635894031,0.043065109875675876,True,0.34789809306488007,0.47049738106094385
esm2_frozen_bilstm_attn,train,1,T,fraction_aromatic,sequence,588,1428,2819,0.028754748652707832,0.04130854572392487,-0.012553797071217026,-0.023460743363320262,-0.0016468507791137874,True,3.700951361180366e-05,0.00012303752755310536
esm2_frozen_bilstm_attn,train,1,T,sequence_entropy,sequence,588,1428,2819,0.8461663239241167,0.6917358021605962,0.15443052176352054,0.11366686972937484,0.19519417379766624,True,1.42629388112463e-14,1.0195136600596985e-13
esm2_frozen_bilstm_attn,train,1,E,mean_neq,neq,106,117,473,1.3399153480222745,1.16846493806773,0.1714504099545444,0.1030990591531238,0.23980176075596504,True,9.353920968084918e-05,0.0002944656125986509
esm2_frozen_bilstm_attn,train,1,E,max_neq,neq,106,117,473,1.8269842767295592,1.473851438044834,0.35313283868472545,0.2132433459316363,0.4930223314378146,True,2.1047842827264235e-05,7.202708157791536e-05
esm2_frozen_bilstm_attn,train,1,E,neq_peak_fraction,neq,106,117,473,0.08266738778158839,0.0503576254498738,0.03230976233171458,0.007858107806526914,0.05676141685690224,True,0.2027007233846706,0.3024409292866599
esm2_frozen_bilstm_attn,train,1,E,neq_peak_excess,neq,106,117,473,0.4870689287072852,0.3053864999771041,0.18168242873018106,0.08821619009728184,0.2751486673630803,True,0.000908712062346013,0.002465774865804069
esm2_frozen_bilstm_attn,train,1,E,mean_rsa,exposure_length_position,106,117,473,0.3064621608486942,0.20925998480288469,0.0972021760458095,0.06958206602457616,0.12482228606704283,True,5.885770496132312e-09,2.8306955970730223e-08
esm2_frozen_bilstm_attn,train,1,E,max_rsa,exposure_length_position,106,117,473,0.4664158378171283,0.34551607326025957,0.12089976455686878,0.09279841435760049,0.1490011147561371,True,1.091371505790272e-11,6.6725624974266e-11
esm2_frozen_bilstm_attn,train,1,E,log_segment_length,exposure_length_position,106,117,473,1.782401246866473,1.690766540940013,0.09163470592646007,-0.019008483545533264,0.20227789539845342,True,0.06227261924907899,0.11289207811320968
esm2_frozen_bilstm_attn,train,1,E,normalized_midpoint,exposure_length_position,106,117,473,0.4750120139778482,0.5532490377767383,-0.07823702379889004,-0.15082831310159217,-0.005645734496187896,True,0.09144214298653457,0.15669837072350398
esm2_frozen_bilstm_attn,train,1,E,mean_torsion_change,geometry_boundaries,106,117,473,46.505165925698776,32.89345541132104,13.61171051437772,6.928171916532648,20.29524911222279,True,0.0009086986625320052,0.002465774865804069
esm2_frozen_bilstm_attn,train,1,E,max_torsion_change,geometry_boundaries,106,117,473,104.83791016610698,83.81886789139692,21.019042274710053,5.848965477576423,36.189119071843685,True,0.010345405613813573,0.022639363352947375
esm2_frozen_bilstm_attn,train,1,E,q3_boundary_fraction,geometry_boundaries,106,117,473,0.5344980449871214,0.5042622659360813,0.030235779051040152,-0.025848048957293143,0.08631960705937344,True,0.5471616472822949,0.6695452513432643
esm2_frozen_bilstm_attn,train,1,E,mean_distance_to_q3_boundary,geometry_boundaries,106,117,473,0.8229364134155596,0.8716377446786343,-0.04870133126307496,-0.22219943426332917,0.12479677173717924,True,0.3640083191127996,0.4876038537719396
esm2_frozen_bilstm_attn,train,1,E,structured_linker_fraction,geometry_boundaries,106,117,473,0.0,0.0,0.0,0.0,0.0,True,1.0,1.0
esm2_frozen_bilstm_attn,train,1,E,mean_disorder,disorder,106,117,473,0.021953148472181914,0.013290388285571306,0.00866276018661061,0.003813392363309331,0.013512128009911887,True,0.0006755433074174028,0.0018857337026930428
esm2_frozen_bilstm_attn,train,1,E,max_disorder,disorder,106,117,473,0.034685898041862354,0.018391633535861325,0.01629426450600103,0.009165597211034705,0.023422931800967352,True,1.9067151737254735e-05,6.558091558866557e-05
esm2_frozen_bilstm_attn,train,1,E,fraction_glycine,sequence,106,117,473,0.09202632300944119,0.03544423687850121,0.05658208613093997,0.0309736287748332,0.08219054348704674,True,0.004379736142557802,0.010539421991450483
esm2_frozen_bilstm_attn,train,1,E,fraction_proline,sequence,106,117,473,0.023929320155735248,0.018922569456599106,0.005006750699136143,-0.011067058227670217,0.0210805596259425,True,0.16996300521226404,0.26167801485549397
esm2_frozen_bilstm_attn,train,1,E,fraction_hydrophobic,sequence,106,117,473,0.42864972939451595,0.5727426932738501,-0.14409296387933418,-0.1989465021921678,-0.08923942556650055,True,1.6341282532803673e-06,6.328737255831526e-06
esm2_frozen_bilstm_attn,train,1,E,fraction_charged,sequence,106,117,473,0.1951086235842939,0.17347961012068336,0.021629013463610555,-0.02629026384466164,0.06954829077188275,True,0.9472250446785901,0.9893629521341716
esm2_frozen_bilstm_attn,train,1,E,fraction_aromatic,sequence,106,117,473,0.08744787982623137,0.14136797659150244,-0.0539200967652711,-0.08353735597509292,-0.024302837555449278,True,6.85318637061951e-05,0.0002198351339569693
esm2_frozen_bilstm_attn,train,1,E,sequence_entropy,sequence,106,117,473,1.880765887943309,1.7915958144194366,0.08917007352387225,-0.09444706690992437,0.27278721395766886,True,0.11834263250959358,0.19282720024816188
esm2_frozen_bilstm_attn,train,1,H,mean_neq,neq,44,49,147,1.3988512707053962,1.2632767172801567,0.13557455342523939,-0.06337538753634345,0.3345244943868222,True,0.052714550695046006,0.09705032446208883
esm2_frozen_bilstm_attn,train,1,H,max_neq,neq,44,49,147,2.3119431818181817,1.7048969306156805,0.6070462512025011,0.22691984860882541,0.9871726537961768,True,0.006544895661700574,0.015073768550551528
esm2_frozen_bilstm_attn,train,1,H,neq_peak_fraction,neq,44,49,147,0.12393741524176306,0.07209098588019755,0.05184642936156551,-0.030865310719913275,0.1345581694430443,True,0.2700302838442573,0.38538302645733813
esm2_frozen_bilstm_attn,train,1,H,neq_peak_excess,neq,44,49,147,0.9130919111127855,0.4416202133355238,0.4714716977772617,0.16811968805693023,0.7748237074975932,True,0.00925595165368483,0.02054784802436534
esm2_frozen_bilstm_attn,train,1,H,mean_rsa,exposure_length_position,44,49,147,0.32488949740362016,0.2951001686815578,0.02978932872206237,-0.014303348694245318,0.07388200613837005,True,0.16490789724395738,0.2550565418947026
esm2_frozen_bilstm_attn,train,1,H,max_rsa,exposure_length_position,44,49,147,0.5214026938615874,0.5225054285652306,-0.0011027347036431884,-0.07321792903616567,0.07101245962887928,True,0.6658888691995135,0.7727670603489002
esm2_frozen_bilstm_attn,train,1,H,log_segment_length,exposure_length_position,44,49,147,2.014652477530919,1.9522093460777137,0.062443131453206166,-0.19748191999431874,0.3223681829007311,True,0.4765342534636354,0.6045823255888269
esm2_frozen_bilstm_attn,train,1,H,normalized_midpoint,exposure_length_position,44,49,147,0.4889198451140127,0.5045861050247934,-0.015666259910780675,-0.15450423850043826,0.12317171867887693,True,0.7262593154474664,0.8209571198689013
esm2_frozen_bilstm_attn,train,1,H,mean_torsion_change,geometry_boundaries,44,49,147,32.40442566138296,28.758894774178472,3.6455308872044854,-8.035513081096505,15.326574855505475,True,0.7526893733436586,0.8423842341194671
esm2_frozen_bilstm_attn,train,1,H,max_torsion_change,geometry_boundaries,44,49,147,109.24679774995644,107.78832219407946,1.4584755558769797,-15.635905744120826,18.552856855874786,True,0.6915248717928648,0.7920208643399986
esm2_frozen_bilstm_attn,train,1,H,q3_boundary_fraction,geometry_boundaries,44,49,147,0.379696859464646,0.3770868851491754,0.0026099743154706268,-0.08055823019327459,0.08577817882421583,True,0.4274440007718119,0.5528646391008019
esm2_frozen_bilstm_attn,train,1,H,mean_distance_to_q3_boundary,geometry_boundaries,44,49,147,1.630463788517148,1.5344025900090947,0.09606119850805338,-0.37328085633896796,0.5654032533550747,True,0.7088164079067187,0.807448879761663
esm2_frozen_bilstm_attn,train,1,H,structured_linker_fraction,geometry_boundaries,44,49,147,0.0,0.0,0.0,0.0,0.0,True,1.0,1.0
esm2_frozen_bilstm_attn,train,1,H,mean_disorder,disorder,44,49,147,0.04019623704101704,0.03256386563801886,0.007632371402998178,-0.00803910372508742,0.023303846531083777,True,0.31555382520750797,0.43739207796275015
esm2_frozen_bilstm_attn,train,1,H,max_disorder,disorder,44,49,147,0.07005644174767602,0.04903558708777669,0.02102085465989933,-0.0031716701267749565,0.04521337944657362,True,0.17212342767529942,0.26416219199736146
esm2_frozen_bilstm_attn,train,1,H,fraction_glycine,sequence,44,49,147,0.0541922298715777,0.01817097086694431,0.036021259004633384,-0.013638125471505204,0.08568064348077198,True,0.7548021838108245,0.8433530018058154
esm2_frozen_bilstm_attn,train,1,H,fraction_proline,sequence,44,49,147,0.014565295815295814,0.019919505999051453,-0.005354210183755638,-0.019510271976116197,0.00880185160860492,True,0.11150189090135032,0.18416604452245502
esm2_frozen_bilstm_attn,train,1,H,fraction_hydrophobic,sequence,44,49,147,0.4825577570760377,0.5053832997965364,-0.02282554272049867,-0.11079369174956624,0.06514260630856891,True,0.4411618641487519,0.5677838837788086
esm2_frozen_bilstm_attn,train,1,H,fraction_charged,sequence,44,49,147,0.2788035800387579,0.28933728686096266,-0.010533706822204688,-0.08538976612124795,0.06432235247683858,True,0.6116903884487239,0.7256579660860125
esm2_frozen_bilstm_attn,train,1,H,fraction_aromatic,sequence,44,49,147,0.09398693642764787,0.1121999931082021,-0.018213056680554215,-0.07648101810415225,0.04005490474304383,True,0.42390776701450794,0.550819431312856
esm2_frozen_bilstm_attn,train,1,H,sequence_entropy,sequence,44,49,147,2.1947911005061984,2.092210921414769,0.10258017909142915,-0.30461176566456305,0.5097721238474213,True,0.5362324824045328,0.659819491077237
esm2_frozen_bilstm_attn,train,1,B,mean_neq,neq,1,1,1,1.6303333333333334,1.0836666666666668,0.5466666666666666,,,False,,
esm2_frozen_bilstm_attn,train,1,B,max_neq,neq,1,1,1,1.6303333333333334,1.0836666666666668,0.5466666666666666,,,False,,
esm2_frozen_bilstm_attn,train,1,B,neq_peak_fraction,neq,1,1,1,0.0,0.0,0.0,,,False,,
esm2_frozen_bilstm_attn,train,1,B,neq_peak_excess,neq,1,1,1,0.0,0.0,0.0,,,False,,
esm2_frozen_bilstm_attn,train,1,B,mean_rsa,exposure_length_position,1,1,1,0.4472559690475464,0.0846397429704666,0.3626162260770798,,,False,,
esm2_frozen_bilstm_attn,train,1,B,max_rsa,exposure_length_position,1,1,1,0.4472559690475464,0.0846397429704666,0.3626162260770798,,,False,,
esm2_frozen_bilstm_attn,train,1,B,log_segment_length,exposure_length_position,1,1,1,0.6931471805599453,0.6931471805599453,0.0,,,False,,
esm2_frozen_bilstm_attn,train,1,B,normalized_midpoint,exposure_length_position,1,1,1,0.9603174603174603,0.626984126984127,0.33333333333333337,,,False,,
esm2_frozen_bilstm_attn,train,1,B,mean_torsion_change,geometry_boundaries,1,1,1,6.059719866080741,12.128568483723576,-6.068848617642836,,,False,,
esm2_frozen_bilstm_attn,train,1,B,max_torsion_change,geometry_boundaries,1,1,1,6.059719866080741,12.128568483723576,-6.068848617642836,,,False,,
esm2_frozen_bilstm_attn,train,1,B,q3_boundary_fraction,geometry_boundaries,1,1,1,1.0,1.0,0.0,,,False,,
esm2_frozen_bilstm_attn,train,1,B,mean_distance_to_q3_boundary,geometry_boundaries,1,1,1,0.0,0.0,0.0,,,False,,
esm2_frozen_bilstm_attn,train,1,B,structured_linker_fraction,geometry_boundaries,1,1,1,0.0,0.0,0.0,,,False,,
esm2_frozen_bilstm_attn,train,1,B,mean_disorder,disorder,1,1,1,0.109695203602314,0.0066774524748325,0.10301775112748149,,,False,,
esm2_frozen_bilstm_attn,train,1,B,max_disorder,disorder,1,1,1,0.109695203602314,0.0066774524748325,0.10301775112748149,,,False,,
esm2_frozen_bilstm_attn,train,1,B,fraction_glycine,sequence,1,1,1,0.0,0.0,0.0,,,False,,
esm2_frozen_bilstm_attn,train,1,B,fraction_proline,sequence,1,1,1,0.0,0.0,0.0,,,False,,
esm2_frozen_bilstm_attn,train,1,B,fraction_hydrophobic,sequence,1,1,1,0.0,1.0,-1.0,,,False,,
esm2_frozen_bilstm_attn,train,1,B,fraction_charged,sequence,1,1,1,1.0,0.0,1.0,,,False,,
esm2_frozen_bilstm_attn,train,1,B,fraction_aromatic,sequence,1,1,1,0.0,0.0,0.0,,,False,,
esm2_frozen_bilstm_attn,train,1,B,sequence_entropy,sequence,1,1,1,0.0,0.0,0.0,,,False,,
esm2_frozen_bilstm_attn,validation,1,C,mean_neq,neq,193,636,1444,1.8331268836496526,1.367987632276355,0.4651392513732977,0.3883727764980575,0.5419057262485379,True,4.1590140629575403e-22,5.326373691992214e-21
esm2_frozen_bilstm_attn,validation,1,C,max_neq,neq,193,636,1444,2.811256155248513,1.601955645782909,1.2093005094656035,1.0622197725268856,1.3563812464043215,True,2.2726260727196428e-28,4.341100989754301e-27
esm2_frozen_bilstm_attn,validation,1,C,neq_peak_fraction,neq,193,636,1444,0.16994081878128134,0.11475545543356687,0.055185363347714456,0.02633055116502333,0.08404017553040558,True,7.413429135218553e-05,0.00023713154121261993
esm2_frozen_bilstm_attn,validation,1,C,neq_peak_excess,neq,193,636,1444,0.9781292715988602,0.2339680135065542,0.7441612580923059,0.6474102233639238,0.840912292820688,True,4.413906083885487e-27,7.81330705215541e-26
esm2_frozen_bilstm_attn,validation,1,C,mean_rsa,exposure_length_position,193,636,1444,0.4580990050605413,0.3503320012947014,0.10776700376583985,0.08941850851786103,0.12611549901381866,True,9.737028254867625e-20,1.0223879667611005e-18
esm2_frozen_bilstm_attn,validation,1,C,max_rsa,exposure_length_position,193,636,1444,0.6344496596772788,0.4399891880667283,0.19446047161055052,0.16907686744421785,0.2198440757768832,True,6.225721837839996e-25,9.524509291283722e-24
esm2_frozen_bilstm_attn,validation,1,C,log_segment_length,exposure_length_position,193,636,1444,1.831078616973078,1.1140806728400978,0.7169979441329799,0.6433695255606647,0.7906263627052951,True,2.676152454525751e-29,5.322394969853861e-28
esm2_frozen_bilstm_attn,validation,1,C,normalized_midpoint,exposure_length_position,193,636,1444,0.47299017640021845,0.5269016930177843,-0.053911516617565845,-0.09660213152380936,-0.011220901711322333,True,0.025092021828284367,0.05043764910905437
esm2_frozen_bilstm_attn,validation,1,C,mean_torsion_change,geometry_boundaries,193,636,1444,74.36210181647195,81.0468126499484,-6.684710833476438,-12.406822537826873,-0.9625991291260041,True,0.017179776281322705,0.035879365305051404
esm2_frozen_bilstm_attn,validation,1,C,max_torsion_change,geometry_boundaries,193,636,1444,140.7034166679786,106.26909627862922,34.43432038934936,27.07281805675979,41.795822721938926,True,2.9953911809162447e-15,2.255549572979471e-14
esm2_frozen_bilstm_attn,validation,1,C,q3_boundary_fraction,geometry_boundaries,193,636,1444,0.20397668217836282,0.5451999954972017,-0.3412233133188388,-0.376514223731754,-0.3059324029059236,True,5.992716823175909e-29,1.1644468723653878e-27
esm2_frozen_bilstm_attn,validation,1,C,mean_distance_to_q3_boundary,geometry_boundaries,193,636,1444,3.2115588268225927,1.0826675046428216,2.128891322179771,1.801710987289891,2.4560716570696512,True,6.578481116033624e-28,1.2154013471753926e-26
esm2_frozen_bilstm_attn,validation,1,C,structured_linker_fraction,geometry_boundaries,193,636,1444,0.6183711653918907,0.6686347230193985,-0.050263557627507845,-0.11120910498203856,0.010681989727022868,True,0.1935361094841942,0.2912085385696754
esm2_frozen_bilstm_attn,validation,1,C,mean_disorder,disorder,193,636,1444,0.18211934359137857,0.0718095356176858,0.11030980797369276,0.08571896683039053,0.134900649116995,True,1.287488730853261e-14,9.261700848967821e-14
esm2_frozen_bilstm_attn,validation,1,C,max_disorder,disorder,193,636,1444,0.29847052002339597,0.10306745414851831,0.19540306587487766,0.15642340880447395,0.23438272294528137,True,1.3026829391296334e-16,1.053677276841457e-15
esm2_frozen_bilstm_attn,validation,1,C,fraction_glycine,sequence,193,636,1444,0.12823694035699543,0.061918227234716426,0.066318713122279,0.042109516276959996,0.09052790996759799,True,2.7667223391283126e-07,1.1722165699991008e-06
esm2_frozen_bilstm_attn,validation,1,C,fraction_proline,sequence,193,636,1444,0.06502195104495684,0.07831831684989994,-0.013296365804943103,-0.030698254014993476,0.004105522405107271,True,0.13651135435952613,0.21809532775527699
esm2_frozen_bilstm_attn,validation,1,C,fraction_hydrophobic,sequence,193,636,1444,0.28882647017774826,0.3290204059669676,-0.04019393578921927,-0.07237891346111693,-0.008008958117321621,True,0.009542671237684036,0.021073658690143517
esm2_frozen_bilstm_attn,validation,1,C,fraction_charged,sequence,193,636,1444,0.21948373245067815,0.24542559102513442,-0.025941858574456227,-0.05738713845215533,0.005503421303242873,True,0.1116749200056842,0.18436176979454016
esm2_frozen_bilstm_attn,validation,1,C,fraction_aromatic,sequence,193,636,1444,0.04902815128899504,0.07486653182631602,-0.025838380537320977,-0.04160830770699196,-0.010068453367649995,True,0.011537274593663788,0.025004823975113635
esm2_frozen_bilstm_attn,validation,1,C,sequence_entropy,sequence,193,636,1444,1.902716884331213,0.8319477775648965,1.0707691067663165,0.9552708850857253,1.1862673284469079,True,8.420677815041214e-29,1.6268749538659627e-27
esm2_frozen_bilstm_attn,validation,1,S,mean_neq,neq,84,160,251,1.8896452711640213,1.485326275510204,0.40431899565381696,0.20081357285603754,0.6078244184515964,True,0.0005946817937235354,0.0016727280736932389
esm2_frozen_bilstm_attn,validation,1,S,max_neq,neq,84,160,251,2.05619914021164,1.554925269274376,0.5012738709372638,0.28137949253463646,0.7211682493398912,True,5.1332069794684445e-05,0.00016817221703084118
esm2_frozen_bilstm_attn,validation,1,S,neq_peak_fraction,neq,84,160,251,0.26481481481481484,0.2261432350718065,0.03867157974300831,-0.05564908390943608,0.1329922433954527,True,0.5204014789129141,0.6449697214826109
esm2_frozen_bilstm_attn,validation,1,S,neq_peak_excess,neq,84,160,251,0.16655386904761904,0.06959899376417233,0.09695487528344673,0.040128905460027814,0.15378084510686565,True,0.0014851270329269545,0.003932039544499635
esm2_frozen_bilstm_attn,validation,1,S,mean_rsa,exposure_length_position,84,160,251,0.5444057101144816,0.37528219479806235,0.16912351531641912,0.1319274271540754,0.20631960347876283,True,6.04983171360678e-11,3.4668611904583936e-10
esm2_frozen_bilstm_attn,validation,1,S,max_rsa,exposure_length_position,84,160,251,0.5952539072505065,0.40428219657063175,0.19097171067987476,0.14864059748912084,0.23330282387062867,True,8.641720625275408e-11,4.894079972203711e-10
esm2_frozen_bilstm_attn,validation,1,S,log_segment_length,exposure_length_position,84,160,251,0.9394409044839956,0.7954499103702459,0.1439909941137499,0.08786235281397106,0.20011963541352876,True,1.868628726162004e-05,6.440197475182198e-05
esm2_frozen_bilstm_attn,validation,1,S,normalized_midpoint,exposure_length_position,84,160,251,0.5422421621029839,0.5146196643669414,0.027622497736042535,-0.04228765187406374,0.0975326473461488,True,0.5106551159612582,0.6354526857066669
esm2_frozen_bilstm_attn,validation,1,S,mean_torsion_change,geometry_boundaries,84,160,251,145.98344612056923,140.93782458943193,5.045621531137321,-6.752483583222068,16.84372664549671,True,0.3992849674878991,0.5230462902272711
esm2_frozen_bilstm_attn,validation,1,S,max_torsion_change,geometry_boundaries,84,160,251,160.3326090027553,145.7260911268328,14.606517875922474,2.9098525265515853,26.303183225293363,True,0.003640062398913717,0.008879546154925885
esm2_frozen_bilstm_attn,validation,1,S,q3_boundary_fraction,geometry_boundaries,84,160,251,0.1363425925925926,0.2360544217687075,-0.09971182917611487,-0.17912271449196673,-0.020300943860263015,True,0.011182208914767173,0.024297588907987024
esm2_frozen_bilstm_attn,validation,1,S,mean_distance_to_q3_boundary,geometry_boundaries,84,160,251,1.829695767195767,1.3145833333333334,0.5151124338624339,0.2316839658584568,0.7985409018664109,True,0.002208054121556064,0.005634287535834756
esm2_frozen_bilstm_attn,validation,1,S,structured_linker_fraction,geometry_boundaries,84,160,251,0.9440476190476191,0.9255668934240363,0.018480725623582765,-0.03283684038898774,0.06979829163615327,True,0.2430607431476305,0.3533054052373769
esm2_frozen_bilstm_attn,validation,1,S,mean_disorder,disorder,84,160,251,0.021414263604150885,0.014164492243921351,0.007249771360229533,0.0012479320099814195,0.013251610710477646,True,0.00228467227019874,0.005816624205980375
esm2_frozen_bilstm_attn,validation,1,S,max_disorder,disorder,84,160,251,0.022842239531723457,0.014701912251860025,0.008140327279863432,0.0018660952762307014,0.014414559283496163,True,0.0007595322970957867,0.0020997372824863897
esm2_frozen_bilstm_attn,validation,1,S,fraction_glycine,sequence,84,160,251,0.24778439153439155,0.16601473922902493,0.08176965230536658,-0.0028310444092187748,0.16637034901995193,True,0.11955464429693227,0.19462449586962724
esm2_frozen_bilstm_attn,validation,1,S,fraction_proline,sequence,84,160,251,0.050595238095238096,0.035572562358276646,0.015022675736961453,-0.02773630360821092,0.05778165508213383,True,0.5198040293822355,0.6449385039784727
esm2_frozen_bilstm_attn,validation,1,S,fraction_hydrophobic,sequence,84,160,251,0.12053571428571429,0.27285052910052904,-0.15231481481481482,-0.23157273326347363,-0.073056896366156,True,0.00034742464839702665,0.001010880151661228
esm2_frozen_bilstm_attn,validation,1,S,fraction_charged,sequence,84,160,251,0.2830687830687831,0.2766865079365079,0.006382275132275133,-0.07810508978484158,0.09086964004939184,True,0.8738946662667759,0.9344205776875298
esm2_frozen_bilstm_attn,validation,1,S,fraction_aromatic,sequence,84,160,251,0.040674603174603176,0.0778061224489796,-0.03713151927437641,-0.08541295986372793,0.011149921314975109,True,0.0461984435137437,0.0866797655493715
esm2_frozen_bilstm_attn,validation,1,S,sequence_entropy,sequence,84,160,251,0.533433991475949,0.22759407154503328,0.30583991993091575,0.1789094422025735,0.432770397659258,True,3.4594812101671054e-05,0.00011535015751060142
esm2_frozen_bilstm_attn,validation,1,T,mean_neq,neq,141,331,652,1.9430805691583175,1.5744649468641316,0.36861562229418576,0.23876255027691437,0.49846869431145713,True,2.4081299509864975e-07,1.0254266201870714e-06
esm2_frozen_bilstm_attn,validation,1,T,max_neq,neq,141,331,652,2.233581712259372,1.7512416579557588,0.482340054303613,0.332175701402167,0.632504407205059,True,1.6006225449233615e-08,7.547705473341541e-08
esm2_frozen_bilstm_attn,validation,1,T,neq_peak_fraction,neq,141,331,652,0.22822104018912526,0.1763488054189973,0.05187223477012797,0.0023055422833326567,0.10143892725692329,True,0.056071441228737876,0.10252976895314372
esm2_frozen_bilstm_attn,validation,1,T,neq_peak_excess,neq,141,331,652,0.2905011431010544,0.1767767110916273,0.11372443200942717,0.059800574726589395,0.16764828929226494,True,1.408473854758538e-05,4.909330003029502e-05
esm2_frozen_bilstm_attn,validation,1,T,mean_rsa,exposure_length_position,141,331,652,0.612564703817481,0.5228834916694122,0.08968121214806878,0.06243909907626803,0.11692332521986952,True,6.289046117154144e-09,3.016065946396902e-08
esm2_frozen_bilstm_attn,validation,1,T,max_rsa,exposure_length_position,141,331,652,0.6903314407492149,0.5864722315981478,0.10385920915106711,0.07539411970689525,0.13232429859523898,True,2.5930088631457067e-10,1.4232082737492913e-09
esm2_frozen_bilstm_attn,validation,1,T,log_segment_length,exposure_length_position,141,331,652,1.0655409482205078,0.976391214951041,0.08914973326946724,0.05546845254267365,0.12283101399626081,True,2.1907660746923e-07,9.364070921029919e-07
esm2_frozen_bilstm_attn,validation,1,T,normalized_midpoint,exposure_length_position,141,331,652,0.5108824811348199,0.5006737905810886,0.010208690553731354,-0.038056591032970134,0.05847397214043284,True,0.8570892832917332,0.9219913671044702
esm2_frozen_bilstm_attn,validation,1,T,mean_torsion_change,geometry_boundaries,141,331,652,99.25303466679958,88.74645810853133,10.506576558268275,3.1620763220353174,17.851076794501232,True,0.031910392187388,0.0622556468468314
esm2_frozen_bilstm_attn,validation,1,T,max_torsion_change,geometry_boundaries,141,331,652,140.6112633515119,124.68458498436212,15.926678367149766,6.337790178674528,25.515566555625004,True,0.0030303672877517716,0.007517000586858944
esm2_frozen_bilstm_attn,validation,1,T,q3_boundary_fraction,geometry_boundaries,141,331,652,0.2033195429472025,0.3667862428135686,-0.1634666998663661,-0.2269714163064595,-0.0999619834262727,True,1.3751038242473138e-06,5.393533677239174e-06
esm2_frozen_bilstm_attn,validation,1,T,mean_distance_to_q3_boundary,geometry_boundaries,141,331,652,1.69548294495103,1.4612143860944444,0.2342685588565855,-0.0364941787185383,0.5050312964317093,True,0.02608728922931779,0.052223839510452
esm2_frozen_bilstm_attn,validation,1,T,structured_linker_fraction,geometry_boundaries,141,331,652,0.911465721040189,0.8171389693604962,0.09432675167969287,0.039055491246892234,0.14959801211249352,True,0.00043889493815177664,0.0012596806331843437
esm2_frozen_bilstm_attn,validation,1,T,mean_disorder,disorder,141,331,652,0.030156869580688712,0.024572256584203544,0.005584612996485172,-0.000531277077646641,0.011700503070616985,True,0.022044761924541315,0.04490623487165219
esm2_frozen_bilstm_attn,validation,1,T,max_disorder,disorder,141,331,652,0.033629873086771164,0.027285849503069205,0.0063440235837019555,-0.00046938523652866916,0.01315743240393258,True,0.016088338059054918,0.03378550992401533
esm2_frozen_bilstm_attn,validation,1,T,fraction_glycine,sequence,141,331,652,0.2289893617021276,0.20271283071137056,0.026276530990757104,-0.01812602426862062,0.07067908625013483,True,0.5023650170290884,0.630473690636729
esm2_frozen_bilstm_attn,validation,1,T,fraction_proline,sequence,141,331,652,0.14054654958910276,0.06213428629730256,0.0784122632918002,0.03703838128153141,0.11978614530206899,True,0.0018929351469449684,0.00489672052931977
esm2_frozen_bilstm_attn,validation,1,T,fraction_hydrophobic,sequence,141,331,652,0.0952704604300349,0.17243242144681445,-0.07716196101677952,-0.11533183368010363,-0.038992088353455405,True,9.16069861393831e-05,0.0002889209143071402
esm2_frozen_bilstm_attn,validation,1,T,fraction_charged,sequence,141,331,652,0.2975416525948441,0.3371397515979285,-0.039598099003084405,-0.10216376725609418,0.022967569249925365,True,0.13280102701800628,0.2132713521655108
esm2_frozen_bilstm_attn,validation,1,T,fraction_aromatic,sequence,141,331,652,0.01731537768771811,0.05151533298435676,-0.03419995529663865,-0.05623473257319095,-0.012165178020086348,True,0.0005587357124079315,0.0015729270971284067
esm2_frozen_bilstm_attn,validation,1,T,sequence_entropy,sequence,141,331,652,0.8480517298308106,0.6410782980208237,0.2069734318099869,0.12542851984349623,0.28851834377647756,True,2.7957015967542143e-07,1.1830121525188985e-06
esm2_frozen_bilstm_attn,validation,1,E,mean_neq,neq,27,30,112,1.420864158560918,1.1600264286971682,0.26083772986374953,0.06666814098112797,0.4550073187463711,True,0.0033781853608991154,0.008294585842556216
esm2_frozen_bilstm_attn,validation,1,E,max_neq,neq,27,30,112,2.1828209876543214,1.4301714281260576,0.7526495595282631,0.3927467770376222,1.1125523420189039,True,0.0005409786482367017,0.0015267519279534964
esm2_frozen_bilstm_attn,validation,1,E,neq_peak_fraction,neq,27,30,112,0.10042020736465179,0.03009407369526417,0.07032613366938764,-0.01404297142854638,0.15469523876732166,True,0.17410552425938874,0.266599084022189
esm2_frozen_bilstm_attn,validation,1,E,neq_peak_excess,neq,27,30,112,0.7619568290934031,0.27014499942888937,0.49181182966451364,0.24627584796962945,0.7373478113593979,True,0.0009149575215593386,0.0024787083457470218
esm2_frozen_bilstm_attn,validation,1,E,mean_rsa,exposure_length_position,27,30,112,0.30982943265597807,0.2010575466950358,0.10877188596094223,0.04300441810795365,0.17453935381393082,True,0.0015175839700344678,0.004011689916095806
esm2_frozen_bilstm_attn,validation,1,E,max_rsa,exposure_length_position,27,30,112,0.4621953304719042,0.3457184495483404,0.1164768809235638,0.039153079235039356,0.19380068261208824,True,0.00822357568152612,0.018449840331280564
esm2_frozen_bilstm_attn,validation,1,E,log_segment_length,exposure_length_position,27,30,112,1.779587706189244,1.733079487786394,0.04650821840284968,-0.1725293380288998,0.2655457748345992,True,0.532200812876446,0.6562257287874778
esm2_frozen_bilstm_attn,validation,1,E,normalized_midpoint,exposure_length_position,27,30,112,0.5057906762313656,0.5222742620845772,-0.01648358585321161,-0.1700506773673141,0.1370835056608909,True,0.8101364618244391,0.8854046254831273
esm2_frozen_bilstm_attn,validation,1,E,mean_torsion_change,geometry_boundaries,27,30,112,48.1520142745035,34.00672065597188,14.145293618531612,1.9289349209698816,26.36165231609334,True,0.03249849345412466,0.06322060205316195
esm2_frozen_bilstm_attn,validation,1,E,max_torsion_change,geometry_boundaries,27,30,112,113.37770929743435,90.72038907496963,22.65732022246475,-10.741570180297341,56.05621062522684,True,0.17086648171401575,0.26282965180850193
esm2_frozen_bilstm_attn,validation,1,E,q3_boundary_fraction,geometry_boundaries,27,30,112,0.5098832237721127,0.5032123459041449,0.006670877867967806,-0.1328168047076451,0.1461585604435807,True,0.8288123742464508,0.8990036867519109
esm2_frozen_bilstm_attn,validation,1,E,mean_distance_to_q3_boundary,geometry_boundaries,27,30,112,0.8423293784404895,0.8130159767725904,0.029313401667899006,-0.2728585315732595,0.33148533490905757,True,0.9904152968566804,1.0
esm2_frozen_bilstm_attn,validation,1,E,structured_linker_fraction,geometry_boundaries,27,30,112,0.0,0.0,0.0,0.0,0.0,True,1.0,1.0
esm2_frozen_bilstm_attn,validation,1,E,mean_disorder,disorder,27,30,112,0.015956607523316527,0.008032184805643649,0.007924422717672876,0.0005521704747683907,0.015296674960577362,True,0.11281874216705877,0.18543518097560802
esm2_frozen_bilstm_attn,validation,1,E,max_disorder,disorder,27,30,112,0.025471263797953666,0.011965583140538642,0.01350568065741503,0.002939150432497239,0.02407221088233282,True,0.028795498649410566,0.05699097984829311
esm2_frozen_bilstm_attn,validation,1,E,fraction_glycine,sequence,27,30,112,0.07834495751162418,0.03195939862606529,0.04638555888555889,-0.014172575746979332,0.10694369351809711,True,0.6728059128679522,0.7776946295406997
esm2_frozen_bilstm_attn,validation,1,E,fraction_proline,sequence,27,30,112,0.021885521885521887,0.021372146372146374,0.0005133755133755129,-0.04263992614031993,0.043666677167070955,True,0.08460177010061523,0.1473666072695415
esm2_frozen_bilstm_attn,validation,1,E,fraction_hydrophobic,sequence,27,30,112,0.45257068034845815,0.5927181143616329,-0.14014743401317475,-0.24061859427197402,-0.039676273754375505,True,0.009467354390313695,0.020962099013523645
esm2_frozen_bilstm_attn,validation,1,E,fraction_charged,sequence,27,30,112,0.19260528566084123,0.17502810791501264,0.01757717774582854,-0.10416777068687358,0.13932212617853065,True,0.2743161408629605,0.3908398113180234
esm2_frozen_bilstm_attn,validation,1,E,fraction_aromatic,sequence,27,30,112,0.1239738656405323,0.13014999281533673,-0.006176127174804423,-0.10589601424674953,0.09354375989714069,True,0.4418473261717386,0.5684496993099879
esm2_frozen_bilstm_attn,validation,1,E,sequence_entropy,sequence,27,30,112,1.9533654601611812,1.8615462956608728,0.09181916450030846,-0.26510462121548206,0.448742950216099,True,0.4859749282803689,0.6135478836877996
esm2_frozen_bilstm_attn,validation,1,G,mean_neq,neq,20,25,39,1.7351541666666666,1.6038658796296297,0.13128828703703713,-0.3695424905374163,0.6321190646114905,True,0.654158944417145,0.7621334910662877
esm2_frozen_bilstm_attn,validation,1,G,max_neq,neq,20,25,39,2.153320833333333,1.9808038888888888,0.1725169444444445,-0.43268754147884975,0.7777214303677387,True,0.910824985273362,0.9629453643556087
esm2_frozen_bilstm_attn,validation,1,G,neq_peak_fraction,neq,20,25,39,0.17291666666666666,0.10611111111111111,0.06680555555555555,-0.057494412242722476,0.19110552335383357,True,0.31062240214711323,0.4316540656224373
esm2_frozen_bilstm_attn,validation,1,G,neq_peak_excess,neq,20,25,39,0.4181666666666667,0.37693800925925924,0.0412286574074074,-0.2567983397856211,0.3392556546004359,True,0.5502919421280152,0.6722024436870765
esm2_frozen_bilstm_attn,validation,1,G,mean_rsa,exposure_length_position,20,25,39,0.43516711023015275,0.32966961954797924,0.10549749068217355,0.034662286065874,0.17633269529847312,True,0.0064246026289671515,0.01482701808091327
esm2_frozen_bilstm_attn,validation,1,G,max_rsa,exposure_length_position,20,25,39,0.5591415939852595,0.4729937693321456,0.08614782465311388,-0.02967757135832462,0.20197322066455237,True,0.21795726558824124,0.3223593678713227
esm2_frozen_bilstm_attn,validation,1,G,log_segment_length,exposure_length_position,20,25,39,1.1916044022223102,1.1791660721062205,0.012438330116089729,-0.14222874870229257,0.167105408934472,True,0.7504690058638408,0.8404556836123371
esm2_frozen_bilstm_attn,validation,1,G,normalized_midpoint,exposure_length_position,20,25,39,0.606049630992536,0.36707815519986714,0.23897147579266892,0.09236891688585816,0.3855740346994797,True,0.0071891683913754955,0.01635705136691827
esm2_frozen_bilstm_attn,validation,1,G,mean_torsion_change,geometry_boundaries,20,25,39,71.77053712757098,61.794436914659286,9.976100212911701,-17.725930998246156,37.678131424069555,True,0.6012127057398096,0.7162438893961579
esm2_frozen_bilstm_attn,validation,1,G,max_torsion_change,geometry_boundaries,20,25,39,118.03813851594589,120.90274794870967,-2.864609432763784,-43.47369484643177,37.7444759809042,True,0.8812927086539598,0.9396564641939571
esm2_frozen_bilstm_attn,validation,1,G,q3_boundary_fraction,geometry_boundaries,20,25,39,0.3770833333333333,0.45138888888888884,-0.07430555555555553,-0.2565343128962737,0.10792320178516264,True,0.3894568904991138,0.5137455840936506
esm2_frozen_bilstm_attn,validation,1,G,mean_distance_to_q3_boundary,geometry_boundaries,20,25,39,1.6208333333333336,1.3769444444444443,0.243888888888889,-0.663584782013213,1.1513625597909911,True,0.5377954686242674,0.6607145637422412
esm2_frozen_bilstm_attn,validation,1,G,structured_linker_fraction,geometry_boundaries,20,25,39,0.0,0.0,0.0,0.0,0.0,True,1.0,1.0
esm2_frozen_bilstm_attn,validation,1,G,mean_disorder,disorder,20,25,39,0.021647034707772597,0.014737669526604958,0.006909365181167644,-0.01256157349141316,0.026380303853748448,True,0.970219757029658,1.0
esm2_frozen_bilstm_attn,validation,1,G,max_disorder,disorder,20,25,39,0.024781431801602555,0.016383531639100172,0.00839790016250239,-0.013201192019529847,0.029996992344534627,True,0.7368753708069717,0.8279746190423303
esm2_frozen_bilstm_attn,validation,1,G,fraction_glycine,sequence,20,25,39,0.07291666666666666,0.042222222222222223,0.03069444444444444,-0.09742068147992047,0.15880957036880936,True,0.5464746199562361,0.6689466654858922
esm2_frozen_bilstm_attn,validation,1,G,fraction_proline,sequence,20,25,39,0.03333333333333333,0.07555555555555554,-0.04222222222222222,-0.10753494268917346,0.02309049824472903,True,0.30647799004176757,0.42683952969843664
esm2_frozen_bilstm_attn,validation,1,G,fraction_hydrophobic,sequence,20,25,39,0.2125,0.3990277777777777,-0.18652777777777768,-0.35692637124840065,-0.01612918430715471,True,0.043565134137485785,0.0821951554234595
esm2_frozen_bilstm_attn,validation,1,G,fraction_charged,sequence,20,25,39,0.34791666666666665,0.2698611111111111,0.07805555555555557,-0.07286046895526646,0.2289715800663776,True,0.2859901950160125,0.4035612893777706
esm2_frozen_bilstm_attn,validation,1,G,fraction_aromatic,sequence,20,25,39,0.00625,0.08958333333333333,-0.08333333333333333,-0.15998406971467932,-0.006682596951987335,True,0.048522888900708196,0.09033914502934715
esm2_frozen_bilstm_attn,validation,1,G,sequence_entropy,sequence,20,25,39,1.0421554168830134,1.0180092434654124,0.02414617341760088,-0.31426310770572496,0.36255545454092675,True,0.9850864870209605,1.0
esm2_frozen_bilstm_attn,validation,1,H,mean_neq,neq,8,8,24,1.5178107617759746,1.2021122794825,0.3156984822934747,,,False,,
esm2_frozen_bilstm_attn,validation,1,H,max_neq,neq,8,8,24,2.6254999999999997,1.8174201388888889,0.8080798611111111,,,False,,
esm2_frozen_bilstm_attn,validation,1,H,neq_peak_fraction,neq,8,8,24,0.12653256704980842,0.05503697691197691,0.07149559013783152,,,False,,
esm2_frozen_bilstm_attn,validation,1,H,neq_peak_excess,neq,8,8,24,1.107689238224025,0.6153078594063888,0.49238137881763644,,,False,,
esm2_frozen_bilstm_attn,validation,1,H,mean_rsa,exposure_length_position,8,8,24,0.37059596232972924,0.3080778936982039,0.06251806863152536,,,False,,
esm2_frozen_bilstm_attn,validation,1,H,max_rsa,exposure_length_position,8,8,24,0.6069813743233681,0.5913825587679943,0.015598815555373825,,,False,,
esm2_frozen_bilstm_attn,validation,1,H,log_segment_length,exposure_length_position,8,8,24,2.2211835353256086,2.1079201740408635,0.11326336128474532,,,False,,
esm2_frozen_bilstm_attn,validation,1,H,normalized_midpoint,exposure_length_position,8,8,24,0.3478250494781908,0.3826683227075304,-0.03484327322933955,,,False,,
esm2_frozen_bilstm_attn,validation,1,H,mean_torsion_change,geometry_boundaries,8,8,24,33.05523544661685,19.057882910294772,13.997352536322076,,,False,,
esm2_frozen_bilstm_attn,validation,1,H,max_torsion_change,geometry_boundaries,8,8,24,78.95421031653748,81.33882886779747,-2.384618551259994,,,False,,
esm2_frozen_bilstm_attn,validation,1,H,q3_boundary_fraction,geometry_boundaries,8,8,24,0.39890128465179175,0.2527308271793566,0.14617045747243515,,,False,,
esm2_frozen_bilstm_attn,validation,1,H,mean_distance_to_q3_boundary,geometry_boundaries,8,8,24,2.015272143340095,1.907917674645616,0.10735446869447879,,,False,,
esm2_frozen_bilstm_attn,validation,1,H,structured_linker_fraction,geometry_boundaries,8,8,24,0.0,0.0,0.0,,,False,,
esm2_frozen_bilstm_attn,validation,1,H,mean_disorder,disorder,8,8,24,0.03150681736187083,0.02922994059781075,0.0022768767640600806,,,False,,
esm2_frozen_bilstm_attn,validation,1,H,max_disorder,disorder,8,8,24,0.07967115775682028,0.04309639853835543,0.03657475921846485,,,False,,
esm2_frozen_bilstm_attn,validation,1,H,fraction_glycine,sequence,8,8,24,0.029862519720531888,0.01624729437229437,0.013615225348237517,,,False,,
esm2_frozen_bilstm_attn,validation,1,H,fraction_proline,sequence,8,8,24,0.004310344827586207,0.04410305788982259,-0.03979271306223638,,,False,,
esm2_frozen_bilstm_attn,validation,1,H,fraction_hydrophobic,sequence,8,8,24,0.39402467883705206,0.49514273512435275,-0.1011180562873007,,,False,,
esm2_frozen_bilstm_attn,validation,1,H,fraction_charged,sequence,8,8,24,0.32335192697768766,0.2741223951701893,0.04922953180749833,,,False,,
esm2_frozen_bilstm_attn,validation,1,H,fraction_aromatic,sequence,8,8,24,0.10751915708812261,0.06708325375604787,0.040435903332074724,,,False,,
esm2_frozen_bilstm_attn,validation,1,H,sequence_entropy,sequence,8,8,24,2.368273182931306,2.3589692887103055,0.009303894221000558,,,False,,
esm2_frozen_bilstm_attn,test,1,C,mean_neq,neq,194,731,1559,1.810091928970007,1.4004028490470368,0.40968907992297016,0.3437252272753921,0.4756529325705482,True,8.033721120965609e-23,1.0821518370511842e-21
esm2_frozen_bilstm_attn,test,1,C,max_neq,neq,194,731,1559,2.743299418522486,1.6989604752229834,1.0443389432995018,0.9104183071244502,1.1782595794745534,True,5.071400511929513e-28,9.473152005985461e-27
esm2_frozen_bilstm_attn,test,1,C,neq_peak_fraction,neq,194,731,1559,0.17035899080553685,0.12318151112733683,0.047177479678200004,0.021372680192615328,0.07298227916378468,True,1.1814454872236432e-05,4.147941009660579e-05
esm2_frozen_bilstm_attn,test,1,C,neq_peak_excess,neq,194,731,1559,0.9332074895524786,0.2985576261759468,0.6346498633765318,0.5369413969284315,0.7323583298246322,True,3.7622634438525525e-27,6.694848791402885e-26
esm2_frozen_bilstm_attn,test,1,C,mean_rsa,exposure_length_position,194,731,1559,0.45201509674144025,0.3483551077889637,0.10365998895247652,0.08586062985507042,0.12145934804988262,True,2.0081066562942713e-20,2.211533747534505e-19
esm2_frozen_bilstm_attn,test,1,C,max_rsa,exposure_length_position,194,731,1559,0.6271079310529387,0.4414973019686393,0.1856106290842994,0.16293396005128447,0.20828729811731433,True,7.419184338778869e-27,1.2997027072233863e-25
esm2_frozen_bilstm_attn,test,1,C,log_segment_length,exposure_length_position,194,731,1559,1.77344930816254,1.1413357507788744,0.6321135573836658,0.5671035255874473,0.6971235891798844,True,2.055575491141159e-30,4.2900621824371963e-29
esm2_frozen_bilstm_attn,test,1,C,normalized_midpoint,exposure_length_position,194,731,1559,0.46142256442602575,0.5584063062355387,-0.09698374180951289,-0.13802292933402893,-0.05594455428499685,True,1.784341209793983e-05,6.174879867260447e-05
esm2_frozen_bilstm_attn,test,1,C,mean_torsion_change,geometry_boundaries,194,731,1559,76.16829254853918,80.03770839945948,-3.8694158509202974,-9.557233489539025,1.8184017876984302,True,0.06545099773651689,0.11776999645937393
esm2_frozen_bilstm_attn,test,1,C,max_torsion_change,geometry_boundaries,194,731,1559,141.94412358603492,107.96642002558592,33.977703560449015,26.399069428263783,41.55633769263425,True,8.402488725538014e-15,6.17582921327044e-14
esm2_frozen_bilstm_attn,test,1,C,q3_boundary_fraction,geometry_boundaries,194,731,1559,0.23031313164448267,0.5206051889138933,-0.2902920572694106,-0.32581778968422404,-0.25476632485459716,True,1.2441948151224667e-26,2.1353414568167817e-25
esm2_frozen_bilstm_attn,test,1,C,mean_distance_to_q3_boundary,geometry_boundaries,194,731,1559,3.0635086111809757,1.1222851103588758,1.9412235008221006,1.5576201367460074,2.324826864898194,True,2.427362412039831e-29,4.856161133199212e-28
esm2_frozen_bilstm_attn,test,1,C,structured_linker_fraction,geometry_boundaries,194,731,1559,0.6424936031894795,0.6750290026495304,-0.03253539946005077,-0.09134220450514757,0.02627140558504603,True,0.34196166946929063,0.46395361335299823
esm2_frozen_bilstm_attn,test,1,C,mean_disorder,disorder,194,731,1559,0.15940824535538348,0.08218740444474312,0.07722084091064037,0.053418377273835874,0.10102330454744486,True,3.676151928971821e-10,1.9697416278690536e-09
esm2_frozen_bilstm_attn,test,1,C,max_disorder,disorder,194,731,1559,0.2704468968197884,0.11667530830710196,0.15377158851268638,0.11546664492840311,0.19207653209696965,True,1.0188663870077233e-12,6.714984901507042e-12
esm2_frozen_bilstm_attn,test,1,C,fraction_glycine,sequence,194,731,1559,0.1011070451057144,0.06931652555713488,0.031790519548579504,0.011299074438308129,0.05228196465885088,True,0.0010601202850445137,0.0028514452535684178
esm2_frozen_bilstm_attn,test,1,C,fraction_proline,sequence,194,731,1559,0.07542036639626579,0.0675054231150927,0.007914943281173082,-0.011025019147244679,0.026854905709590843,True,0.29187146283592535,0.4104897736473642
esm2_frozen_bilstm_attn,test,1,C,fraction_hydrophobic,sequence,194,731,1559,0.2780460402625351,0.32382890380651097,-0.045782863543975906,-0.07415203775726474,-0.017413689330687068,True,0.0019430709224728462,0.005014902892275339
esm2_frozen_bilstm_attn,test,1,C,fraction_charged,sequence,194,731,1559,0.24914774837828252,0.26248133180958083,-0.013333583431298325,-0.04408851417707542,0.017421347314478773,True,0.6841950145807377,0.7865567304649692
esm2_frozen_bilstm_attn,test,1,C,fraction_aromatic,sequence,194,731,1559,0.054326486779991474,0.058962037938282086,-0.004635551158290605,-0.01915867560863597,0.009887573292054759,True,0.8790881321065199,0.9381934894735303
esm2_frozen_bilstm_attn,test,1,C,sequence_entropy,sequence,194,731,1559,1.8419709067594885,0.8968677487477434,0.945103158011745,0.8400559662409683,1.0501503497825218,True,2.550792676618295e-28,4.845073055981155e-27
esm2_frozen_bilstm_attn,test,1,T,mean_neq,neq,124,281,619,1.9595312540002559,1.5424460179704806,0.41708523602977576,0.2818523627318886,0.552318109327663,True,3.5259165878513864e-09,1.742854383556365e-08
esm2_frozen_bilstm_attn,test,1,T,max_neq,neq,124,281,619,2.2524348566308245,1.6996253829802217,0.5528094736506027,0.3948710886899162,0.7107478586112892,True,2.6330208875033065e-10,1.4428271670419253e-09
esm2_frozen_bilstm_attn,test,1,T,neq_peak_fraction,neq,124,281,619,0.24191868279569892,0.17739544281882993,0.064523239976869,0.011009892042698748,0.11803658791103924,True,0.006131513511903027,0.014218550880482943
esm2_frozen_bilstm_attn,test,1,T,neq_peak_excess,neq,124,281,619,0.29290360263056836,0.15717936500974133,0.135724237620827,0.08185488325755455,0.18959359198409945,True,3.9080136460232164e-07,1.6312338440993204e-06
esm2_frozen_bilstm_attn,test,1,T,mean_rsa,exposure_length_position,124,281,619,0.6172065687724881,0.5262542580675796,0.09095231070490853,0.06208947389733882,0.11981514751247824,True,4.051638550107624e-08,1.8486626097049766e-07
esm2_frozen_bilstm_attn,test,1,T,max_rsa,exposure_length_position,124,281,619,0.6904633289712343,0.5846823937245098,0.10578093524672466,0.07626131782826456,0.13530055266518476,True,3.043669891989017e-10,1.6491422924382801e-09
esm2_frozen_bilstm_attn,test,1,T,log_segment_length,exposure_length_position,124,281,619,1.0751909846044676,0.9512816409182567,0.123909343686211,0.08330156548656895,0.16451712188585305,True,1.7655436050831292e-08,8.267732588346343e-08
esm2_frozen_bilstm_attn,test,1,T,normalized_midpoint,exposure_length_position,124,281,619,0.5226194141709773,0.524712838439008,-0.0020934242680306654,-0.055208721495159256,0.05102187295909793,True,0.9980103346023315,1.0
esm2_frozen_bilstm_attn,test,1,T,mean_torsion_change,geometry_boundaries,124,281,619,99.71621234563482,93.78296838732305,5.933243958311762,-2.7043670692276462,14.57085498585117,True,0.1365595412179596,0.21809532775527699
esm2_frozen_bilstm_attn,test,1,T,max_torsion_change,geometry_boundaries,124,281,619,141.17438903584028,125.42056640936603,15.753822626474202,4.300234929823908,27.207410323124495,True,0.005304561111964313,0.012515506712876023
esm2_frozen_bilstm_attn,test,1,T,q3_boundary_fraction,geometry_boundaries,124,281,619,0.20443148361495136,0.3887434548724871,-0.18431197125753576,-0.25155460505361416,-0.11706933746145735,True,3.8005834770182775e-07,1.5903184078958905e-06
esm2_frozen_bilstm_attn,test,1,T,mean_distance_to_q3_boundary,geometry_boundaries,124,281,619,1.9288514464925754,1.3453810451794324,0.5834704013131432,0.2772553048707396,0.8896854977555468,True,1.4443892964982742e-07,6.285045317195194e-07
esm2_frozen_bilstm_attn,test,1,T,structured_linker_fraction,geometry_boundaries,124,281,619,0.9369431643625191,0.8415891008632943,0.09535406349922479,0.0409581674573616,0.149749959541088,True,0.0014571686493081275,0.0038640683947535523
esm2_frozen_bilstm_attn,test,1,T,mean_disorder,disorder,124,281,619,0.03818357019525812,0.02002729691500178,0.018156273280256336,0.008492987663692709,0.027819558896819963,True,1.1727959469695287e-06,4.637687832402312e-06
esm2_frozen_bilstm_attn,test,1,T,max_disorder,disorder,124,281,619,0.04205662920018459,0.021377572936412615,0.020679056263771978,0.010457961719362323,0.030900150808181634,True,1.2461199287702554e-07,5.457424195818955e-07
esm2_frozen_bilstm_attn,test,1,T,fraction_glycine,sequence,124,281,619,0.2517953149001536,0.2608216193901678,-0.009026304490014165,-0.07027725283185032,0.05222464385182199,True,0.5535555378453894,0.6746832276334757
esm2_frozen_bilstm_attn,test,1,T,fraction_proline,sequence,124,281,619,0.07940668202764976,0.07147431421624968,0.007932367811400068,-0.022800817796003358,0.0386655534188035,True,0.6247406186331439,0.7372593478529352
esm2_frozen_bilstm_attn,test,1,T,fraction_hydrophobic,sequence,124,281,619,0.14198428699436763,0.14422847164782646,-0.0022441846534588476,-0.05014424536242981,0.04565587605551212,True,0.4909912732869315,0.618956560396389
esm2_frozen_bilstm_attn,test,1,T,fraction_charged,sequence,124,281,619,0.3376728110599078,0.2776323027331091,0.06004050832679865,-0.002774215613107242,0.12285523226670454,True,0.15923841036542719,0.24753336342322269
esm2_frozen_bilstm_attn,test,1,T,fraction_aromatic,sequence,124,281,619,0.028612231182795694,0.039189797657539584,-0.010577566474743894,-0.030803824273299394,0.009648691323811607,True,0.06464343657951177,0.11644084127614773
esm2_frozen_bilstm_attn,test,1,T,sequence_entropy,sequence,124,281,619,0.8276306615516903,0.5879129325549773,0.23971772899671293,0.14668701276987614,0.33274844522354974,True,1.135102811669377e-06,4.493890639641878e-06
esm2_frozen_bilstm_attn,test,1,E,mean_neq,neq,30,34,109,1.3261651499118166,1.1717669104203412,0.15439823949147555,0.011681135274997478,0.2971153437079536,True,0.05983560139134924,0.10900009068111625
esm2_frozen_bilstm_attn,test,1,E,max_neq,neq,30,34,109,1.9010277777777778,1.490350291005291,0.4106774867724868,0.05064552224035379,0.7707094513046198,True,0.025637124030657623,0.051472159351338136
esm2_frozen_bilstm_attn,test,1,E,neq_peak_fraction,neq,30,34,109,0.10613756613756613,0.029603475228475225,0.07653409090909093,0.031972003609048665,0.12109617820913318,True,0.009731523604490259,0.021420756059102583
esm2_frozen_bilstm_attn,test,1,E,neq_peak_excess,neq,30,34,109,0.5748626278659612,0.31858338058494995,0.2562792472810112,0.005565962909195421,0.506992531652827,True,0.0427666880169531,0.08082402022656145
esm2_frozen_bilstm_attn,test,1,E,mean_rsa,exposure_length_position,30,34,109,0.30283740407102316,0.19368092166273207,0.10915648240829118,0.04802129427053785,0.1702916705460445,True,0.0027652741969916386,0.006915230813630718
esm2_frozen_bilstm_attn,test,1,E,max_rsa,exposure_length_position,30,34,109,0.4869346817334493,0.3245048188373801,0.16242986289606917,0.09770540841979944,0.2271543173723389,True,0.00013594767036744938,0.0004193787167083452
esm2_frozen_bilstm_attn,test,1,E,log_segment_length,exposure_length_position,30,34,109,1.9152213802730707,1.7560810992217621,0.15914028105130854,0.0076352855954638366,0.31064527650715323,True,0.0315898785753368,0.061701547927910876
esm2_frozen_bilstm_attn,test,1,E,normalized_midpoint,exposure_length_position,30,34,109,0.4033049956632261,0.5178353408448494,-0.11453034518162333,-0.24696529510802404,0.01790460474477737,True,0.10639417319061394,0.17711408151524652
esm2_frozen_bilstm_attn,test,1,E,mean_torsion_change,geometry_boundaries,30,34,109,46.22514154374098,35.03555038301553,11.189591160725456,-0.5699927153786621,22.949175036829573,True,0.12543823902980825,0.20315039905103108
esm2_frozen_bilstm_attn,test,1,E,max_torsion_change,geometry_boundaries,30,34,109,120.90912885110244,93.36116825364965,27.547960597452814,-0.7160927087955962,55.81201390370123,True,0.0858958258699641,0.14938980826458262
esm2_frozen_bilstm_attn,test,1,E,q3_boundary_fraction,geometry_boundaries,30,34,109,0.4377513227513227,0.527770001603335,-0.09001867885201219,-0.17947007366569576,-0.0005672840383286193,True,0.04171288577313593,0.0790091130526457
esm2_frozen_bilstm_attn,test,1,E,mean_distance_to_q3_boundary,geometry_boundaries,30,34,109,0.9457010582010581,0.724130972422639,0.2215700857784191,0.004044279115536176,0.43909589244130204,True,0.07352786564949348,0.13090980187516454
esm2_frozen_bilstm_attn,test,1,E,structured_linker_fraction,geometry_boundaries,30,34,109,0.0,0.0,0.0,0.0,0.0,True,1.0,1.0
esm2_frozen_bilstm_attn,test,1,E,mean_disorder,disorder,30,34,109,0.013111793504297626,0.010435532912574454,0.0026762605917231745,-0.003984086494550521,0.00933660767799687,True,0.198610209945546,0.29699297648203943
esm2_frozen_bilstm_attn,test,1,E,max_disorder,disorder,30,34,109,0.024915588391013394,0.01635415176567808,0.008561436625335319,-0.0028021914834808533,0.01992506473415149,True,0.1650265656246961,0.2551233737435288
esm2_frozen_bilstm_attn,test,1,E,fraction_glycine,sequence,30,34,109,0.069510582010582,0.06000030062530062,0.00951028138528139,-0.047695716634138886,0.06671627940470166,True,0.8851216928388626,0.9431380386602096
esm2_frozen_bilstm_attn,test,1,E,fraction_proline,sequence,30,34,109,0.015873015873015872,0.02025132275132275,-0.004378306878306878,-0.019634735846566678,0.010878122089952924,True,0.5743017686161436,0.6924801282778821
esm2_frozen_bilstm_attn,test,1,E,fraction_hydrophobic,sequence,30,34,109,0.45654761904761904,0.5732096961680295,-0.11666207712041045,-0.18881215263848977,-0.04451200160233111,True,0.004674183072573141,0.011184297925244014
esm2_frozen_bilstm_attn,test,1,E,fraction_charged,sequence,30,34,109,0.1455489417989418,0.13909768318101653,0.0064512586179252835,-0.05869495733831945,0.07159747457417001,True,0.8692287956731125,0.9306087897944247
esm2_frozen_bilstm_attn,test,1,E,fraction_aromatic,sequence,30,34,109,0.09577380952380951,0.15190351932018595,-0.05612970979637646,-0.10543536078502197,-0.0068240588077309455,True,0.03587834103075659,0.06904079170460332
esm2_frozen_bilstm_attn,test,1,E,sequence_entropy,sequence,30,34,109,2.2513809213117226,1.9277329482271068,0.32364797308461524,0.08074256861176138,0.5665533775574692,True,0.005665901408595979,0.013257032984403463
esm2_frozen_bilstm_attn,test,1,S,mean_neq,neq,82,158,296,1.8394276680862045,1.4435882767131243,0.3958393913730804,0.19062630048334525,0.6010524822628155,True,3.205841210085329e-05,0.00010742268712882555
esm2_frozen_bilstm_attn,test,1,S,max_neq,neq,82,158,296,2.0554561459543166,1.5227090979481221,0.5327470480061943,0.28625636409122823,0.7792377319211604,True,5.6057860750371e-07,2.3057375571411724e-06
esm2_frozen_bilstm_attn,test,1,S,neq_peak_fraction,neq,82,158,296,0.28934862562911345,0.2599762872628726,0.029372338366240813,-0.06735609977899648,0.1261007765114781,True,0.5928325397905491,0.7093071401276186
esm2_frozen_bilstm_attn,test,1,S,neq_peak_excess,neq,82,158,296,0.21602847786811197,0.07912082123499808,0.13690765663311394,0.06204509933336355,0.21177021393286433,True,6.0584714098377294e-05,0.000195828793849535
esm2_frozen_bilstm_attn,test,1,S,mean_rsa,exposure_length_position,82,158,296,0.5365836970544154,0.40561903203162697,0.13096466502278847,0.0938546951714832,0.16807463487409374,True,1.633394863220371e-08,7.680817847772008e-08
esm2_frozen_bilstm_attn,test,1,S,max_rsa,exposure_length_position,82,158,296,0.5927279786904462,0.43132162980787225,0.16140634888257402,0.11776954056478381,0.20504315720036423,True,5.185960225156092e-09,2.51199591995025e-08
esm2_frozen_bilstm_attn,test,1,S,log_segment_length,exposure_length_position,82,158,296,0.9583215447335929,0.7990165085273221,0.15930503620627084,0.10784781526120463,0.21076225715133706,True,4.780707027557076e-07,1.9784051970832893e-06
esm2_frozen_bilstm_attn,test,1,S,normalized_midpoint,exposure_length_position,82,158,296,0.5142476263838235,0.5440092672874457,-0.029761640903622148,-0.10197990906762117,0.04245662726037686,True,0.3911373956756897,0.5149671085589981
esm2_frozen_bilstm_attn,test,1,S,mean_torsion_change,geometry_boundaries,82,158,296,140.9910062227003,142.0152166739178,-1.0242104512174883,-12.058556135133916,10.01013523269894,True,0.9244972011838721,0.9728338023805062
esm2_frozen_bilstm_attn,test,1,S,max_torsion_change,geometry_boundaries,82,158,296,158.25858919225954,148.61890707586807,9.639682116391487,-2.4001890725250163,21.67955330530799,True,0.06409910048829448,0.11570691871378731
esm2_frozen_bilstm_attn,test,1,S,q3_boundary_fraction,geometry_boundaries,82,158,296,0.14704316686024002,0.3565016453735966,-0.20945847851335658,-0.2872631041474518,-0.13165385287926132,True,2.537426655970438e-06,9.617757313717546e-06
esm2_frozen_bilstm_attn,test,1,S,mean_distance_to_q3_boundary,geometry_boundaries,82,158,296,1.6499419279907084,1.2602763259775456,0.38966560201316297,0.08828977494168894,0.691041429084637,True,0.0024344030822097333,0.006169952639393635
esm2_frozen_bilstm_attn,test,1,S,structured_linker_fraction,geometry_boundaries,82,158,296,0.9664634146341463,0.8924070847851336,0.07405632984901278,0.014304001739238355,0.1338086579587872,True,0.009349602084246761,0.020728527637271017
esm2_frozen_bilstm_attn,test,1,S,mean_disorder,disorder,82,158,296,0.017885949544404287,0.009239405774757658,0.008646543769646632,0.004475174486975646,0.01281791305231762,True,4.50841614466915e-05,0.000148277772228856
esm2_frozen_bilstm_attn,test,1,S,max_disorder,disorder,82,158,296,0.01944901712850556,0.009483458106782649,0.009965559021722905,0.00560666637914924,0.014324451664296571,True,1.3178095140299345e-05,4.612333299104771e-05
esm2_frozen_bilstm_attn,test,1,S,fraction_glycine,sequence,82,158,296,0.35403116531165313,0.18353658536585366,0.17049457994579945,0.06935503375208146,0.27163412613951743,True,0.00030255120533650016,0.0008895005436893105
esm2_frozen_bilstm_attn,test,1,S,fraction_proline,sequence,82,158,296,0.02713414634146341,0.046958478513356564,-0.01982433217189315,-0.05542230344008783,0.01577363909630154,True,0.1377783973480932,0.21983424324393727
esm2_frozen_bilstm_attn,test,1,S,fraction_hydrophobic,sequence,82,158,296,0.11670054200542006,0.23043699186991867,-0.11373644986449863,-0.1896997372487812,-0.037773162480216046,True,0.000557017834997629,0.0015693977501058198
esm2_frozen_bilstm_attn,test,1,S,fraction_charged,sequence,82,158,296,0.28289295392953934,0.3271922183507549,-0.04429926442121564,-0.14232234385580128,0.05372381501337001,True,0.34745590097220125,0.4700873954329782
esm2_frozen_bilstm_attn,test,1,S,fraction_aromatic,sequence,82,158,296,0.037940379403794036,0.0609465737514518,-0.02300619434765776,-0.06221247317017066,0.016200084474855134,True,0.011710195468515202,0.025363338167232477
esm2_frozen_bilstm_attn,test,1,S,sequence_entropy,sequence,82,158,296,0.5449852219536162,0.2261433592457573,0.31884186270785886,0.19648244194665881,0.4412012834690589,True,1.138129769302706e-05,4.0167189457332455e-05
esm2_frozen_bilstm_attn,test,1,G,mean_neq,neq,18,21,42,1.817869598765432,1.528928883744856,0.2889407150205761,-0.09389341776766702,0.6717748478088192,True,0.15695518862262656,0.24477190624220496
esm2_frozen_bilstm_attn,test,1,G,max_neq,neq,18,21,42,2.3211666666666666,2.2497716049382714,0.07139506172839506,-0.5398547065892018,0.6826448300459919,True,0.44598168917699166,0.5722444368529065
esm2_frozen_bilstm_attn,test,1,G,neq_peak_fraction,neq,18,21,42,0.14814814814814814,0.10455246913580246,0.04359567901234568,-0.07332749371214461,0.16051885173683597,True,0.6448313508517638,0.7559552001490338
esm2_frozen_bilstm_attn,test,1,G,neq_peak_excess,neq,18,21,42,0.5032970679012345,0.7208427211934156,-0.21754565329218112,-0.6045124250551845,0.16942111847082225,True,0.360423995448255,0.48452946397637214
esm2_frozen_bilstm_attn,test,1,G,mean_rsa,exposure_length_position,18,21,42,0.420180505072629,0.3067224336655834,0.11345807140704564,0.009891258271527745,0.21702488454256352,True,0.10239919806352166,0.1715291373028858
esm2_frozen_bilstm_attn,test,1,G,max_rsa,exposure_length_position,18,21,42,0.535192519840267,0.4401761968188953,0.0950163230213716,-0.03935864547160613,0.22939129151434934,True,0.6474317501498674,0.7566424981875913
esm2_frozen_bilstm_attn,test,1,G,log_segment_length,exposure_length_position,18,21,42,1.2290212509322196,1.2875468200833766,-0.058525569151156684,-0.22353050110025363,0.10647936279794025,True,0.4197643793583302,0.547117720358718
esm2_frozen_bilstm_attn,test,1,G,normalized_midpoint,exposure_length_position,18,21,42,0.4853054319895837,0.4719980533532937,0.013307378636289927,-0.16781186231638398,0.19442661958896382,True,0.6164496186414878,0.7303284725190851
esm2_frozen_bilstm_attn,test,1,G,mean_torsion_change,geometry_boundaries,18,21,42,73.4642468200178,60.64338312785256,12.82086369216524,-5.875030763772902,31.51675814810338,True,0.3060456527573018,0.4265211673423072
esm2_frozen_bilstm_attn,test,1,G,max_torsion_change,geometry_boundaries,18,21,42,136.95127860954562,129.83188857972726,7.1193900298184,-21.226904668591626,35.465684728228425,True,0.6790371143852009,0.7832905096336964
esm2_frozen_bilstm_attn,test,1,G,q3_boundary_fraction,geometry_boundaries,18,21,42,0.4768518518518518,0.5257716049382715,-0.048919753086419736,-0.20924875391298098,0.11140924774014149,True,0.3368027181197617,0.45879532230576725
esm2_frozen_bilstm_attn,test,1,G,mean_distance_to_q3_boundary,geometry_boundaries,18,21,42,1.097222222222222,0.9703703703703703,0.12685185185185188,-0.6277813425017544,0.8814850462054582,True,0.965238107462468,1.0
esm2_frozen_bilstm_attn,test,1,G,structured_linker_fraction,geometry_boundaries,18,21,42,0.0,0.0,0.0,0.0,0.0,True,1.0,1.0
esm2_frozen_bilstm_attn,test,1,G,mean_disorder,disorder,18,21,42,0.01622115315748719,0.013319629023857275,0.0029015241336299096,-0.011348115264614074,0.017151163531873893,True,0.5565326241566408,0.6761181467026959
esm2_frozen_bilstm_attn,test,1,G,max_disorder,disorder,18,21,42,0.01840955004121897,0.015321598940115764,0.003087951101103206,-0.012553023832603287,0.018728926034809697,True,0.34904480845753494,0.47137127589339106
esm2_frozen_bilstm_attn,test,1,G,fraction_glycine,sequence,18,21,42,0.10879629629629628,0.07870370370370369,0.03009259259259259,-0.131630072764099,0.19181525794928417,True,0.5070752554818515,0.6330792726338988
esm2_frozen_bilstm_attn,test,1,G,fraction_proline,sequence,18,21,42,0.06481481481481481,0.04050925925925926,0.024305555555555556,-0.047493815267150005,0.09610492637826111,True,0.6816166430202568,0.784927067456229
esm2_frozen_bilstm_attn,test,1,G,fraction_hydrophobic,sequence,18,21,42,0.2199074074074074,0.31913580246913587,-0.09922839506172838,-0.2869374903149062,0.0884807001914494,True,0.10680928818470593,0.17771761976008404
esm2_frozen_bilstm_attn,test,1,G,fraction_charged,sequence,18,21,42,0.3055555555555555,0.39629629629629626,-0.09074074074074073,-0.27046264876296167,0.08898116728148017,True,0.16920192165920167,0.2606249189657225
esm2_frozen_bilstm_attn,test,1,G,fraction_aromatic,sequence,18,21,42,0.006944444444444444,0.04112654320987655,-0.0341820987654321,-0.08027930337516265,0.011915105844298453,True,0.10248117638326806,0.1715291373028858
esm2_frozen_bilstm_attn,test,1,G,sequence_entropy,sequence,18,21,42,1.1422445606459237,1.24423329463949,-0.10198873399356641,-0.500655770127859,0.29667830214072616,True,0.8275822790319564,0.8988016002898337
esm2_frozen_bilstm_attn,test,1,H,mean_neq,neq,7,8,33,1.249306461352657,1.2305922670617069,0.018714194290950243,,,False,,
esm2_frozen_bilstm_attn,test,1,H,max_neq,neq,7,8,33,2.2713571428571426,1.8041809523809522,0.46717619047619063,,,False,,
esm2_frozen_bilstm_attn,test,1,H,neq_peak_fraction,neq,7,8,33,0.03273809523809524,0.07332379921665635,-0.040585703978561115,,,False,,
esm2_frozen_bilstm_attn,test,1,H,neq_peak_excess,neq,7,8,33,1.0220506815044859,0.5735886853192456,0.44846199618524035,,,False,,
esm2_frozen_bilstm_attn,test,1,H,mean_rsa,exposure_length_position,7,8,33,0.2831227511124142,0.28367828887530355,-0.0005555377628894211,,,False,,
esm2_frozen_bilstm_attn,test,1,H,max_rsa,exposure_length_position,7,8,33,0.6203782090118953,0.5294999740663029,0.09087823494559244,,,False,,
esm2_frozen_bilstm_attn,test,1,H,log_segment_length,exposure_length_position,7,8,33,2.365874267417283,2.0627068200293452,0.3031674473879372,,,False,,
esm2_frozen_bilstm_attn,test,1,H,normalized_midpoint,exposure_length_position,7,8,33,0.5065895640994674,0.4793837787357414,0.027205785363726056,,,False,,
esm2_frozen_bilstm_attn,test,1,H,mean_torsion_change,geometry_boundaries,7,8,33,23.51684140555576,25.050348593828563,-1.5335071882728022,,,False,,
esm2_frozen_bilstm_attn,test,1,H,max_torsion_change,geometry_boundaries,7,8,33,140.9730693366275,96.3053935585409,44.66767577808658,,,False,,
esm2_frozen_bilstm_attn,test,1,H,q3_boundary_fraction,geometry_boundaries,7,8,33,0.2344461697722567,0.25384752385802806,-0.01940135408577132,,,False,,
esm2_frozen_bilstm_attn,test,1,H,mean_distance_to_q3_boundary,geometry_boundaries,7,8,33,2.0938146997929605,2.1820412154760898,-0.08822651568312878,,,False,,
esm2_frozen_bilstm_attn,test,1,H,structured_linker_fraction,geometry_boundaries,7,8,33,0.0,0.0,0.0,,,False,,
esm2_frozen_bilstm_attn,test,1,H,mean_disorder,disorder,7,8,33,0.013975950388649211,0.012276589060124571,0.001699361328524643,,,False,,
esm2_frozen_bilstm_attn,test,1,H,max_disorder,disorder,7,8,33,0.022247771034017157,0.021603479485409954,0.0006442915486072045,,,False,,
esm2_frozen_bilstm_attn,test,1,H,fraction_glycine,sequence,7,8,33,0.08273809523809525,0.06248110355253211,0.020256991685563115,,,False,,
esm2_frozen_bilstm_attn,test,1,H,fraction_proline,sequence,7,8,33,0.006211180124223602,0.051269841269841264,-0.045058661145617664,,,False,,
esm2_frozen_bilstm_attn,test,1,H,fraction_hydrophobic,sequence,7,8,33,0.3790372670807453,0.51873092671412,-0.13969365963337463,,,False,,
esm2_frozen_bilstm_attn,test,1,H,fraction_charged,sequence,7,8,33,0.39143374741200826,0.1773682755930655,0.21406547181894275,,,False,,
esm2_frozen_bilstm_attn,test,1,H,fraction_aromatic,sequence,7,8,33,0.006211180124223602,0.12212037340188599,-0.11590919327766239,,,False,,
esm2_frozen_bilstm_attn,test,1,H,sequence_entropy,sequence,7,8,33,2.7561617393854685,2.3084102427577045,0.44775149662776387,,,False,,
esm2_top4_bilstm_attn,train,1,C,mean_neq,neq,862,2749,6720,1.8179716580533738,1.4574153487938104,0.36055630925956333,0.32142432256532094,0.39968829595380573,True,1.6338684326500059e-62,7.780435451816436e-61
esm2_top4_bilstm_attn,train,1,C,max_neq,neq,862,2749,6720,2.721624754321042,1.9266035514793,0.795021202841742,0.7171561513378067,0.8728862543456773,True,1.1355393649252181e-72,8.531685761804805e-71
esm2_top4_bilstm_attn,train,1,C,neq_peak_fraction,neq,862,2749,6720,0.17284273377715573,0.12035245198131449,0.052490281795841254,0.040241459076473966,0.06473910451520853,True,7.29418191412008e-15,5.37290393281917e-14
esm2_top4_bilstm_attn,train,1,C,neq_peak_excess,neq,862,2749,6720,0.9036530962676682,0.46918820268548955,0.43446489358217866,0.38424120292175645,0.48468858424260086,True,3.3009510898001393e-59,1.508177788461388e-57
esm2_top4_bilstm_attn,train,1,C,mean_rsa,exposure_length_position,862,2749,6720,0.44320843211195693,0.39158343251763855,0.051624999594318405,0.043691669981876936,0.05955832920675987,True,6.001961333976553e-33,1.361921561756693e-31
esm2_top4_bilstm_attn,train,1,C,max_rsa,exposure_length_position,862,2749,6720,0.6145034414352486,0.5014300838233579,0.11307335761189065,0.10199829955613385,0.12414841566764745,True,5.23955700719792e-66,2.7253757294363336e-64
esm2_top4_bilstm_attn,train,1,C,log_segment_length,exposure_length_position,862,2749,6720,1.8215129458957662,1.2824715543594896,0.5390413915362768,0.5033608226922188,0.5747219603803349,True,3.320460532825855e-102,7.484318040989477e-100
esm2_top4_bilstm_attn,train,1,C,normalized_midpoint,exposure_length_position,862,2749,6720,0.490082824370942,0.5167278026298604,-0.026644978258918477,-0.046962059281048706,-0.006327897236788248,True,0.014309434390255803,0.030427797278902432
esm2_top4_bilstm_attn,train,1,C,mean_torsion_change,geometry_boundaries,862,2749,6720,78.1380629659909,74.8531187931848,3.284944172806108,0.7659509775944491,5.803937368017767,True,0.13304137523259468,0.2132825460698922
esm2_top4_bilstm_attn,train,1,C,max_torsion_change,geometry_boundaries,862,2749,6720,145.89481874777496,109.39684039751376,36.49797835026122,33.15007232401595,39.84588437650649,True,7.634251953886665e-71,4.963731895402079e-69
esm2_top4_bilstm_attn,train,1,C,q3_boundary_fraction,geometry_boundaries,862,2749,6720,0.18220978483570163,0.4721584560227551,-0.2899486711870534,-0.3073381251491618,-0.272559217224945,True,1.3913761458296581e-109,5.880303436312593e-107
esm2_top4_bilstm_attn,train,1,C,mean_distance_to_q3_boundary,geometry_boundaries,862,2749,6720,2.9661075471469185,1.5631327250484885,1.4029748220984297,1.2393517420929785,1.566597902103881,True,1.4500816825034697e-72,1.0431332273498364e-70
esm2_top4_bilstm_attn,train,1,C,structured_linker_fraction,geometry_boundaries,862,2749,6720,0.745616712496063,0.5572711412569284,0.18834557123913442,0.16145113275620201,0.21524000972206683,True,8.60989618707629e-39,2.4258382507087446e-37
esm2_top4_bilstm_attn,train,1,C,mean_disorder,disorder,862,2749,6720,0.13125186710025258,0.14442788241771615,-0.013176015317463569,-0.02440960724011651,-0.0019424233948106273,True,5.721079152924943e-05,0.00018545511616528508
esm2_top4_bilstm_attn,train,1,C,max_disorder,disorder,862,2749,6720,0.20535686087453356,0.21940760718348798,-0.014050746308954415,-0.0315497487413538,0.0034482561234449715,True,0.0008370589430261656,0.002286022848442218
esm2_top4_bilstm_attn,train,1,C,fraction_glycine,sequence,862,2749,6720,0.11074072022766915,0.07223485726156428,0.03850586296610486,0.028061514494176445,0.04895021143803327,True,1.101884697000838e-11,6.724678990180205e-11
esm2_top4_bilstm_attn,train,1,C,fraction_proline,sequence,862,2749,6720,0.08268029844466114,0.07177970532032207,0.010900593124339056,0.002149061050476738,0.019652125198201375,True,0.015704062707724616,0.033081268545057274
esm2_top4_bilstm_attn,train,1,C,fraction_hydrophobic,sequence,862,2749,6720,0.25204086035496176,0.31472265540824357,-0.0626817950532818,-0.07585708095059616,-0.049506509155967424,True,3.7336590076425747e-19,3.7682092850267294e-18
esm2_top4_bilstm_attn,train,1,C,fraction_charged,sequence,862,2749,6720,0.24697607854189246,0.23809711341212686,0.008878965129765602,-0.00563146463384831,0.023389394893379514,True,0.580791664464235,0.6978168505876257
esm2_top4_bilstm_attn,train,1,C,fraction_aromatic,sequence,862,2749,6720,0.05328889579930057,0.060491415992941215,-0.007202520193640638,-0.014035223267664026,-0.00036981711961724985,True,0.007951374300128525,0.017903087976228867
esm2_top4_bilstm_attn,train,1,C,sequence_entropy,sequence,862,2749,6720,1.9085531548969994,1.1190932895666428,0.7894598653303561,0.7354758821897244,0.8434438484709877,True,5.180098506827539e-97,1.0302301795049359e-94
esm2_top4_bilstm_attn,train,1,S,mean_neq,neq,328,657,993,1.8244374689812126,1.4572813219484333,0.3671561470327794,0.28427533540763983,0.45003695865791893,True,2.1525260105450493e-17,1.8613019032360134e-16
esm2_top4_bilstm_attn,train,1,S,max_neq,neq,328,657,993,2.002191323073945,1.5157094461602083,0.4864818769137367,0.3934373410475976,0.5795264127798758,True,1.509414548666909e-21,1.796432935278444e-20
esm2_top4_bilstm_attn,train,1,S,neq_peak_fraction,neq,328,657,993,0.2429683467221577,0.21759029207581038,0.02537805464634733,-0.020696103906938882,0.07145221319963355,True,0.15447794805256063,0.241520373170718
esm2_top4_bilstm_attn,train,1,S,neq_peak_excess,neq,328,657,993,0.1777538540927324,0.05842812421177512,0.11932572988095727,0.0907219809037237,0.14792947885819083,True,4.590150509872798e-16,3.64302790466665e-15
esm2_top4_bilstm_attn,train,1,S,mean_rsa,exposure_length_position,328,657,993,0.5243551624821935,0.3953180487985928,0.12903711368360066,0.10752937632280507,0.15054485104439624,True,1.2061193892429707e-24,1.8286500695203962e-23
esm2_top4_bilstm_attn,train,1,S,max_rsa,exposure_length_position,328,657,993,0.5762755588083548,0.41782873024248884,0.15844682856586598,0.1339400898883371,0.18295356724339484,True,2.7825751189382125e-27,4.9777177127672465e-26
esm2_top4_bilstm_attn,train,1,S,log_segment_length,exposure_length_position,328,657,993,0.9282560735587442,0.784494896462585,0.14376117709615926,0.1181379175010899,0.16938443669122863,True,4.480965479765172e-20,4.794349457938622e-19
esm2_top4_bilstm_attn,train,1,S,normalized_midpoint,exposure_length_position,328,657,993,0.4891403202111928,0.5195267693949537,-0.03038644918376076,-0.06507740555027722,0.004304507182755692,True,0.11306069646243584,0.18574257275971603
esm2_top4_bilstm_attn,train,1,S,mean_torsion_change,geometry_boundaries,328,657,993,137.93419983885067,145.0670129505811,-7.132813111730458,-12.89741422606416,-1.368211997396755,True,0.0493696366542233,0.09176401403404562
esm2_top4_bilstm_attn,train,1,S,max_torsion_change,geometry_boundaries,328,657,993,154.4599373127371,150.66294031819035,3.796996994546779,-2.068269469525797,9.662263458619355,True,0.04673893509072239,0.08745121169990724
esm2_top4_bilstm_attn,train,1,S,q3_boundary_fraction,geometry_boundaries,328,657,993,0.09186084494773519,0.31491427779537534,-0.22305343284764018,-0.26523708727663303,-0.18086977841864735,True,4.582086266721963e-22,5.846050440674323e-21
esm2_top4_bilstm_attn,train,1,S,mean_distance_to_q3_boundary,geometry_boundaries,328,657,993,2.0434626645373597,1.2695159895998311,0.7739466749375287,0.5325495379909203,1.015343811884137,True,1.5040014057279584e-21,1.796432935278444e-20
esm2_top4_bilstm_attn,train,1,S,structured_linker_fraction,geometry_boundaries,328,657,993,0.9527826171118855,0.894838850174216,0.057943766937669366,0.026437324553616803,0.08945020932172193,True,0.00036298002071102014,0.001054325987993092
esm2_top4_bilstm_attn,train,1,S,mean_disorder,disorder,328,657,993,0.02281666745154995,0.012133545053004725,0.010683122398545226,0.007998912258048729,0.013367332539041724,True,8.838453496609954e-17,7.253109532048121e-16
esm2_top4_bilstm_attn,train,1,S,max_disorder,disorder,328,657,993,0.0242164076873255,0.012461896136936122,0.011754511550389377,0.009003150946597696,0.014505872154181058,True,9.708471431537376e-19,9.351664361831303e-18
esm2_top4_bilstm_attn,train,1,S,fraction_glycine,sequence,328,657,993,0.2940165666537618,0.2296161198219125,0.06440044683184927,0.016118364743871426,0.11268252891982711,True,0.021848521536117393,0.044580477558004164
esm2_top4_bilstm_attn,train,1,S,fraction_proline,sequence,328,657,993,0.024938701767970056,0.018260017421602787,0.006678684346367273,-0.007274636167837574,0.02063200486057212,True,0.960675695149519,0.9975566723895958
esm2_top4_bilstm_attn,train,1,S,fraction_hydrophobic,sequence,328,657,993,0.10949749564459929,0.23013167388167388,-0.12063417823707456,-0.16133009797975667,-0.07993825849439246,True,1.5178017190963706e-09,7.705236655052295e-09
esm2_top4_bilstm_attn,train,1,S,fraction_charged,sequence,328,657,993,0.31331734336688605,0.2839478737725689,0.029369469594317157,-0.018282728405025376,0.07702166759365969,True,0.3383312989032119,0.46010673533531565
esm2_top4_bilstm_attn,train,1,S,fraction_aromatic,sequence,328,657,993,0.020663956639566397,0.05014100059831767,-0.02947704395875127,-0.04864467684411997,-0.010309411073382568,True,0.0015256105904491648,0.004024748778020169
esm2_top4_bilstm_attn,train,1,S,sequence_entropy,sequence,328,657,993,0.4863614895272293,0.20866107662141317,0.2777004129058162,0.2198635600009155,0.3355372658107169,True,1.4026101486998226e-15,1.0777783892622955e-14
esm2_top4_bilstm_attn,train,1,T,mean_neq,neq,626,1622,2768,1.8505043847688818,1.5279822400293164,0.32252214473956525,0.2655253659585857,0.3795189235205448,True,2.4059845441493806e-26,4.0025429290726085e-25
esm2_top4_bilstm_attn,train,1,T,max_neq,neq,626,1622,2768,2.1216361877369465,1.7015731729188637,0.4200630148180831,0.3530952918126621,0.48703073782350415,True,9.301210159951558e-31,1.9654619719247635e-29
esm2_top4_bilstm_attn,train,1,T,neq_peak_fraction,neq,626,1622,2768,0.2212416266729366,0.16152873225312067,0.05971289441981589,0.03836643529682726,0.08105935354280452,True,4.0807078116617836e-08,1.8594168613515484e-07
esm2_top4_bilstm_attn,train,1,T,neq_peak_excess,neq,626,1622,2768,0.27113180296806494,0.17359093288954702,0.09754087007851793,0.07456784972947024,0.12051389042756562,True,2.070168336284327e-17,1.7992902686316992e-16
esm2_top4_bilstm_attn,train,1,T,mean_rsa,exposure_length_position,626,1622,2768,0.619750600724689,0.5341550503231365,0.08559555040155269,0.07421045165828247,0.0969806491448229,True,9.813040736608839e-40,2.835717156450811e-38
esm2_top4_bilstm_attn,train,1,T,max_rsa,exposure_length_position,626,1622,2768,0.6904679808517333,0.6010087228363127,0.08945925801542068,0.07703532709942505,0.1018831889314163,True,1.329681304258561e-38,3.7154152807423096e-37
esm2_top4_bilstm_attn,train,1,T,log_segment_length,exposure_length_position,626,1622,2768,1.07346270016323,0.9892629169698086,0.08419978319342135,0.06745427383901115,0.10094529254783155,True,2.6277721081050324e-23,3.6561718096720633e-22
esm2_top4_bilstm_attn,train,1,T,normalized_midpoint,exposure_length_position,626,1622,2768,0.497096124728844,0.5115208977299165,-0.014424773001072567,-0.03746506034916036,0.008615514347015227,True,0.24345756762767734,0.3535781942221551
esm2_top4_bilstm_attn,train,1,T,mean_torsion_change,geometry_boundaries,626,1622,2768,98.2531357517519,90.34039505231164,7.912740699440257,4.482349474089688,11.343131924790827,True,3.0555646689241316e-05,0.00010279466811574615
esm2_top4_bilstm_attn,train,1,T,max_torsion_change,geometry_boundaries,626,1622,2768,143.1874202532019,128.24376944343646,14.943650809765439,10.527244772809652,19.360056846721225,True,7.53651240924943e-11,4.2825123454911467e-10
esm2_top4_bilstm_attn,train,1,T,q3_boundary_fraction,geometry_boundaries,626,1622,2768,0.15044905544106824,0.38694549524630195,-0.23649643980523377,-0.2638972509510321,-0.20909562865943543,True,2.6108673882679092e-49,1.0031071181515683e-47
esm2_top4_bilstm_attn,train,1,T,mean_distance_to_q3_boundary,geometry_boundaries,626,1622,2768,1.951518666814194,1.3488841133653182,0.6026345534488757,0.4568594104193454,0.748409696478406,True,4.081301909834309e-36,1.0453698300871062e-34
esm2_top4_bilstm_attn,train,1,T,structured_linker_fraction,geometry_boundaries,626,1622,2768,0.9174879788298318,0.8431951025371992,0.07429287629263268,0.050958983619231436,0.09762676896603392,True,2.136759052346159e-11,1.2831940241531728e-10
esm2_top4_bilstm_attn,train,1,T,mean_disorder,disorder,626,1622,2768,0.03434229413990858,0.026555492292277515,0.0077868018476310655,0.004802412437477352,0.010771191257784779,True,3.728352573465597e-13,2.5160798504764837e-12
esm2_top4_bilstm_attn,train,1,T,max_disorder,disorder,626,1622,2768,0.038343930645122,0.028773464451877038,0.00957046619324497,0.006346798506319159,0.012794133880170781,True,8.573648494907404e-15,6.287962160798684e-14
esm2_top4_bilstm_attn,train,1,T,fraction_glycine,sequence,626,1622,2768,0.23877818578297808,0.2397878411084479,-0.0010096553254697702,-0.025606588547504538,0.023587277896564996,True,0.4644852540622254,0.5927183063040186
esm2_top4_bilstm_attn,train,1,T,fraction_proline,sequence,626,1622,2768,0.11409725199661302,0.053893564195526336,0.06020368780108668,0.045113929383169035,0.07529344621900433,True,2.8024691017940516e-10,1.5282496827686595e-09
esm2_top4_bilstm_attn,train,1,T,fraction_hydrophobic,sequence,626,1622,2768,0.1016984657160376,0.1637170730984218,-0.0620186073823842,-0.07956479021065826,-0.044472424554110136,True,4.660571939755401e-13,3.126467009585915e-12
esm2_top4_bilstm_attn,train,1,T,fraction_charged,sequence,626,1622,2768,0.3107868007628391,0.28512383204417946,0.025662968718659637,-0.0010684792705804615,0.05239441670789974,True,0.10851715432183157,0.18002772265069308
esm2_top4_bilstm_attn,train,1,T,fraction_aromatic,sequence,626,1622,2768,0.024529439765062763,0.04322975591989859,-0.01870031615483582,-0.029412492788686476,-0.007988139520985165,True,2.407607553011464e-05,8.20576727493121e-05
esm2_top4_bilstm_attn,train,1,T,sequence_entropy,sequence,626,1622,2768,0.8550204102347341,0.673465345229226,0.1815550650055082,0.14133431143158165,0.22177581857943474,True,1.8941834905668344e-19,1.964489074112413e-18
esm2_top4_bilstm_attn,train,1,H,mean_neq,neq,45,46,131,1.493726177115066,1.2021287217627117,0.29159745535235415,0.08976078471080792,0.49343412599390035,True,0.00023869104575303634,0.0007141720581336423
esm2_top4_bilstm_attn,train,1,H,max_neq,neq,45,46,131,2.543951851851852,1.5950054144620813,0.9489464373897707,0.5959205090189998,1.3019723657605415,True,1.3530114522599673e-05,4.7208789681021155e-05
esm2_top4_bilstm_attn,train,1,H,neq_peak_fraction,neq,45,46,131,0.09127890627890627,0.07162833273505788,0.01965057354384839,-0.051490796986957896,0.09079194407465467,True,0.1258870909301839,0.20364796862916354
esm2_top4_bilstm_attn,train,1,H,neq_peak_excess,neq,45,46,131,1.0502256747367857,0.3928766926993693,0.6573489820374164,0.3802745670396475,0.9344233970351854,True,0.00010563337156682822,0.00033069113821059833
esm2_top4_bilstm_attn,train,1,H,mean_rsa,exposure_length_position,45,46,131,0.3395775164181311,0.32080197076900546,0.018775545649125678,-0.022663038907947932,0.060214130206199284,True,0.4394019861443792,0.5665972979230153
esm2_top4_bilstm_attn,train,1,H,max_rsa,exposure_length_position,45,46,131,0.5668261865774791,0.5463864502095908,0.020439736367888234,-0.03195658630898435,0.07283605904476081,True,0.45287646624070355,0.579990656196901
esm2_top4_bilstm_attn,train,1,H,log_segment_length,exposure_length_position,45,46,131,2.07057425521607,1.9290616658924358,0.14151258932363425,-0.09880591671890046,0.381831095366169,True,0.20212390140669023,0.3021135767710078
esm2_top4_bilstm_attn,train,1,H,normalized_midpoint,exposure_length_position,45,46,131,0.5566688209389973,0.531816775544781,0.02485204539421629,-0.08708059761115519,0.13678468839958777,True,0.6720861997441971,0.7771283999094154
esm2_top4_bilstm_attn,train,1,H,mean_torsion_change,geometry_boundaries,45,46,131,32.04569526013507,30.748226144860766,1.2974691152743207,-7.878261578066491,10.473199808615133,True,0.5840691892016066,0.7005100846720936
esm2_top4_bilstm_attn,train,1,H,max_torsion_change,geometry_boundaries,45,46,131,117.64471084954629,109.23487171759747,8.409839131948832,-11.164532123915748,27.984210387813413,True,0.45287646624070355,0.579990656196901
esm2_top4_bilstm_attn,train,1,H,q3_boundary_fraction,geometry_boundaries,45,46,131,0.4283319149985816,0.4016121181015029,0.02671979689707887,-0.07713741715363479,0.13057701094779253,True,0.972985812898387,1.0
esm2_top4_bilstm_attn,train,1,H,mean_distance_to_q3_boundary,geometry_boundaries,45,46,131,1.7298963382296715,1.3714066792037807,0.358489659025891,-0.14227137407892632,0.8592506921307084,True,0.35465702334502325,0.4775536541460954
esm2_top4_bilstm_attn,train,1,H,structured_linker_fraction,geometry_boundaries,45,46,131,0.0,0.0,0.0,0.0,0.0,True,1.0,1.0
esm2_top4_bilstm_attn,train,1,H,mean_disorder,disorder,45,46,131,0.028671983769283853,0.041733992636694014,-0.013062008867410164,-0.02961832097940259,0.0034943032445822614,True,0.02733265351986078,0.05450669353161604
esm2_top4_bilstm_attn,train,1,H,max_disorder,disorder,45,46,131,0.043500383824316945,0.061792031935263364,-0.018291648110946426,-0.03858843060751237,0.0020051343856195107,True,0.03833242909686891,0.0733042662763087
esm2_top4_bilstm_attn,train,1,H,fraction_glycine,sequence,45,46,131,0.0687736954403621,0.023752736182370046,0.045020959257992064,-0.0019618822124700397,0.09200380072845417,True,0.11776047226059998,0.19206375142937215
esm2_top4_bilstm_attn,train,1,H,fraction_proline,sequence,45,46,131,0.059698819698819704,0.02016619507847578,0.03953262462034392,-0.012643701269190642,0.09170895050987848,True,0.9494393504068777,0.9907575443597696
esm2_top4_bilstm_attn,train,1,H,fraction_hydrophobic,sequence,45,46,131,0.3779973113306445,0.49188101421701724,-0.1138837028863726,-0.1892951704146722,-0.03847223535807301,True,0.008397276022359155,0.01880211273615649
esm2_top4_bilstm_attn,train,1,H,fraction_charged,sequence,45,46,131,0.3123915590582258,0.27672590319202317,0.035665655866202524,-0.05863068252714685,0.1299619942595519,True,0.6720788225661296,0.7771283999094154
esm2_top4_bilstm_attn,train,1,H,fraction_aromatic,sequence,45,46,131,0.0739690556357223,0.11504954689254206,-0.04108049125681976,-0.09582590511933686,0.013664922605697342,True,0.13918149892879284,0.22160726083690638
esm2_top4_bilstm_attn,train,1,H,sequence_entropy,sequence,45,46,131,2.260300394502186,2.0202140772998085,0.24008631720237683,-0.10962935508648974,0.5898019894912434,True,0.08315736634490593,0.14507484809707272
esm2_top4_bilstm_attn,train,1,G,mean_neq,neq,84,103,201,1.5822123456790123,1.442487525026545,0.13972482065246733,-0.0003471353405251898,0.2797967766454599,True,0.06292414710217048,0.11395101304361992
esm2_top4_bilstm_attn,train,1,G,max_neq,neq,84,103,201,2.1052414021164023,1.8470168934240365,0.2582245086923659,0.014693948767055265,0.5017550686176766,True,0.06355806334525523,0.1149143380589882
esm2_top4_bilstm_attn,train,1,G,neq_peak_fraction,neq,84,103,201,0.12665343915343913,0.0896577380952381,0.03699570105820106,-0.009287137777867327,0.08327853989426945,True,0.11508745564322932,0.18861400268044515
esm2_top4_bilstm_attn,train,1,G,neq_peak_excess,neq,84,103,201,0.5230290564373898,0.4045293683974914,0.11849968803989847,-0.03200575758617949,0.26900513366597645,True,0.2293978382315942,0.3364833366859089
esm2_top4_bilstm_attn,train,1,G,mean_rsa,exposure_length_position,84,103,201,0.4355888558059522,0.3299308850411305,0.10565797076482167,0.06587650961791475,0.1454394319117286,True,9.292287456435307e-06,3.3210596078443734e-05
esm2_top4_bilstm_attn,train,1,G,max_rsa,exposure_length_position,84,103,201,0.5935618157040269,0.4464176984316439,0.14714411727238294,0.08950722250867979,0.2047810120360861,True,1.0735644969590208e-05,3.800755564626648e-05
esm2_top4_bilstm_attn,train,1,G,log_segment_length,exposure_length_position,84,103,201,1.2901462071645242,1.146288206755386,0.14385800040913793,0.06186517537311671,0.22585082544515916,True,0.0009138937349456404,0.002477846606135694
esm2_top4_bilstm_attn,train,1,G,normalized_midpoint,exposure_length_position,84,103,201,0.4866690461592793,0.5089617535716787,-0.022292707412399533,-0.10305634101207883,0.058470926187279774,True,0.5149636822924779,0.6391674779114787
esm2_top4_bilstm_attn,train,1,G,mean_torsion_change,geometry_boundaries,84,103,201,69.11962292544305,57.41944141634876,11.700181509094302,2.126567018532228,21.273795999656375,True,0.032298798971337986,0.062868301279271
esm2_top4_bilstm_attn,train,1,G,max_torsion_change,geometry_boundaries,84,103,201,127.70671839265508,101.50888445676381,26.197833935891286,10.520249623794466,41.87541824798811,True,0.0019381803337891318,0.005006102145562304
esm2_top4_bilstm_attn,train,1,G,q3_boundary_fraction,geometry_boundaries,84,103,201,0.5323743386243386,0.49470680137134226,0.037667537252996444,-0.054832235730680634,0.13016731023667352,True,0.3683346084146212,0.4922289766995392
esm2_top4_bilstm_attn,train,1,G,mean_distance_to_q3_boundary,geometry_boundaries,84,103,201,0.9018849206349205,1.274381478781989,-0.37249655814706834,-0.8608580298033179,0.11586491350918127,True,0.07327449338014369,0.1305962372790015
esm2_top4_bilstm_attn,train,1,G,structured_linker_fraction,geometry_boundaries,84,103,201,0.0,0.0,0.0,0.0,0.0,True,1.0,1.0
esm2_top4_bilstm_attn,train,1,G,mean_disorder,disorder,84,103,201,0.021158910639481308,0.017041806050563654,0.0041171045889176515,-0.0018679183744172946,0.010102127552252597,True,0.39184445745742613,0.5156972015039151
esm2_top4_bilstm_attn,train,1,G,max_disorder,disorder,84,103,201,0.025071657381929586,0.020404664914482448,0.004666992467447138,-0.0023618285790124515,0.011695813513906729,True,0.4403860604599851,0.5670573318695781
esm2_top4_bilstm_attn,train,1,G,fraction_glycine,sequence,84,103,201,0.11203703703703705,0.039905753968253965,0.07213128306878305,0.021832015629318524,0.12243055050824758,True,0.008529323219184893,0.019072514420677332
esm2_top4_bilstm_attn,train,1,G,fraction_proline,sequence,84,103,201,0.060251322751322736,0.08633550642479212,-0.02608418367346938,-0.0697190907404808,0.017550723393542043,True,0.1934575548472831,0.2912085385696754
esm2_top4_bilstm_attn,train,1,G,fraction_hydrophobic,sequence,84,103,201,0.28237433862433853,0.38989208778749596,-0.1075177491631573,-0.186875152784308,-0.02816034554200661,True,0.004021881107559299,0.009733700805052247
esm2_top4_bilstm_attn,train,1,G,fraction_charged,sequence,84,103,201,0.32080026455026445,0.2717310833063384,0.049069181243926153,-0.03404747949926389,0.1321858419871162,True,0.36851113040635064,0.49227030102879155
esm2_top4_bilstm_attn,train,1,G,fraction_aromatic,sequence,84,103,201,0.07526455026455026,0.12794632734046,-0.052681777075909736,-0.09754775083740327,-0.00781580331441619,True,0.01939548827296167,0.040009851037756804
esm2_top4_bilstm_attn,train,1,G,sequence_entropy,sequence,84,103,201,1.2414765586340746,0.9800227466638715,0.26145381197020284,0.08712827024580713,0.4357793536945985,True,0.0024479118136916615,0.006194902576415799
esm2_top4_bilstm_attn,train,1,E,mean_neq,neq,66,70,279,1.4832007644276983,1.1932161074383756,0.28998465698932274,0.1536894778380549,0.4262798361405906,True,6.449117122548174e-05,0.0002078595328058663
esm2_top4_bilstm_attn,train,1,E,max_neq,neq,66,70,279,2.1165984848484856,1.5592169623726442,0.5573815224758406,0.29711512583095334,0.8176479191207279,True,4.782412249870974e-05,0.00015698384288168702
esm2_top4_bilstm_attn,train,1,E,neq_peak_fraction,neq,66,70,279,0.09311632457565472,0.04995662166509293,0.04315970291056179,0.011152888902754107,0.07516651691836947,True,0.037392220536954304,0.07158725800421432
esm2_top4_bilstm_attn,train,1,E,neq_peak_excess,neq,66,70,279,0.6333977204207866,0.3660008549342687,0.2673968654865179,0.10304009745095966,0.4317536335220762,True,0.002488333977014239,0.006273718997975498
esm2_top4_bilstm_attn,train,1,E,mean_rsa,exposure_length_position,66,70,279,0.3355234013101226,0.20330960038666385,0.13221380092345872,0.10295821652549494,0.1614693853214225,True,1.864438056795734e-10,1.0350845763590111e-09
esm2_top4_bilstm_attn,train,1,E,max_rsa,exposure_length_position,66,70,279,0.4961991806260564,0.367205967573732,0.12899321305232447,0.09498821066993066,0.1629982154347183,True,1.1026105632343779e-08,5.2432156319204385e-08
esm2_top4_bilstm_attn,train,1,E,log_segment_length,exposure_length_position,66,70,279,1.8485635542725742,1.8193050088650218,0.029258545407552395,-0.1157236723732795,0.1742407631883843,True,0.42457213905699664,0.5512589870014231
esm2_top4_bilstm_attn,train,1,E,normalized_midpoint,exposure_length_position,66,70,279,0.47114025014702543,0.5483444616716904,-0.07720421152466508,-0.16779167677704124,0.01338325372771107,True,0.14437898542484306,0.22789232013136992
esm2_top4_bilstm_attn,train,1,E,mean_torsion_change,geometry_boundaries,66,70,279,48.38317141185496,30.56807543616705,17.815095975687907,10.441505554106563,25.18868639726925,True,2.8218411314416913e-05,9.559764394192745e-05
esm2_top4_bilstm_attn,train,1,E,max_torsion_change,geometry_boundaries,66,70,279,117.62401074080637,83.21730962061689,34.40670112018947,17.373774683970318,51.43962755640862,True,0.0003968179539421664,0.0011447453091113179
esm2_top4_bilstm_attn,train,1,E,q3_boundary_fraction,geometry_boundaries,66,70,279,0.5003938622957761,0.455148294472365,0.045245567823411166,-0.030274643113920342,0.12076577876074268,True,0.11097404080736348,0.18338378884149362
esm2_top4_bilstm_attn,train,1,E,mean_distance_to_q3_boundary,geometry_boundaries,66,70,279,0.8779030047570717,1.004760092206457,-0.12685708744938534,-0.36229112064490093,0.10857694574613025,True,0.055715449724323976,0.10198913671788813
esm2_top4_bilstm_attn,train,1,E,structured_linker_fraction,geometry_boundaries,66,70,279,0.0,0.0,0.0,0.0,0.0,True,1.0,1.0
esm2_top4_bilstm_attn,train,1,E,mean_disorder,disorder,66,70,279,0.019408120316779305,0.017425315246908858,0.00198280506987045,-0.0026747691721083927,0.006640379311849293,True,0.3526477298848463,0.4755891403034165
esm2_top4_bilstm_attn,train,1,E,max_disorder,disorder,66,70,279,0.028883155147702864,0.02519690193636599,0.0036862532113368716,-0.0032231815675659464,0.01059568799023969,True,0.4264296414740121,0.5520045598924619
esm2_top4_bilstm_attn,train,1,E,fraction_glycine,sequence,66,70,279,0.11265113806979836,0.032853736306276415,0.07979740176352193,0.03965799426165666,0.1199368092653872,True,0.0035684280210709005,0.008717380880954273
esm2_top4_bilstm_attn,train,1,E,fraction_proline,sequence,66,70,279,0.015223665223665223,0.020909765038552915,-0.005686099814887693,-0.02356199589126511,0.012189796261489725,True,0.0194361636562379,0.040059027574623304
esm2_top4_bilstm_attn,train,1,E,fraction_hydrophobic,sequence,66,70,279,0.3733679974110596,0.5723075754125749,-0.19893957800151538,-0.25821031756206875,-0.139668838440962,True,7.366853425574184e-08,3.294620559770677e-07
esm2_top4_bilstm_attn,train,1,E,fraction_charged,sequence,66,70,279,0.21524675926589804,0.15349377938605294,0.06175297987984506,0.0056724287122264655,0.11783353104746365,True,0.07470000602029449,0.132362870493551
esm2_top4_bilstm_attn,train,1,E,fraction_aromatic,sequence,66,70,279,0.10004983719098552,0.14556531782695736,-0.045515480635971814,-0.08145574416663948,-0.009575217105304144,True,0.006821070157793217,0.015645887519334375
esm2_top4_bilstm_attn,train,1,E,sequence_entropy,sequence,66,70,279,2.0001479585763233,2.0408678841348955,-0.04071992555857217,-0.29006346564786945,0.2086236145307251,True,0.5893389382274822,0.7055789483523787
esm2_top4_bilstm_attn,validation,1,C,mean_neq,neq,185,521,1395,1.850432431255868,1.4033039264834961,0.4471285047723721,0.36458475111020944,0.5296722584345348,True,9.792555602297292e-20,1.0250349997327289e-18
esm2_top4_bilstm_attn,validation,1,C,max_neq,neq,185,521,1395,2.7098921071071067,1.8084901404337475,0.9014019666733598,0.7415191822733416,1.061284751073378,True,2.2972455010782432e-20,2.497423485255801e-19
esm2_top4_bilstm_attn,validation,1,C,neq_peak_fraction,neq,185,521,1395,0.18089561797628603,0.10760318583307363,0.0732924321432124,0.04136655894284249,0.10521830534358231,True,3.05149283430672e-05,0.0001027599329959265
esm2_top4_bilstm_attn,validation,1,C,neq_peak_excess,neq,185,521,1395,0.859459675851239,0.40518621395025134,0.45427346190098766,0.3506999126069481,0.5578470111950272,True,1.8789560058360908e-15,1.4340294030997345e-14
esm2_top4_bilstm_attn,validation,1,C,mean_rsa,exposure_length_position,185,521,1395,0.4466007322482244,0.3748016116817322,0.07179912056649215,0.053360101243941346,0.09023813988904296,True,6.97696467314029e-13,4.616265667296932e-12
esm2_top4_bilstm_attn,validation,1,C,max_rsa,exposure_length_position,185,521,1395,0.6107758097136126,0.4801971483228115,0.1305786613908011,0.10467069216480097,0.1564866306168012,True,2.725330614779598e-17,2.3268542445883385e-16
esm2_top4_bilstm_attn,validation,1,C,log_segment_length,exposure_length_position,185,521,1395,1.7824497374671189,1.2469113958901632,0.5355383415769561,0.44860219217054415,0.622474490983368,True,8.18550389408941e-21,9.225062888638765e-20
esm2_top4_bilstm_attn,validation,1,C,normalized_midpoint,exposure_length_position,185,521,1395,0.4812051034319134,0.50925143705083,-0.028046333618916553,-0.07398223228577847,0.017889565047945356,True,0.38581308263674463,0.5105478129628921
esm2_top4_bilstm_attn,validation,1,C,mean_torsion_change,geometry_boundaries,185,521,1395,80.93237996939422,75.52018437824506,5.412195591149174,-0.44199770252749815,11.266388884825846,True,0.11405664994558327,0.18713282064215753
esm2_top4_bilstm_attn,validation,1,C,max_torsion_change,geometry_boundaries,185,521,1395,146.5771731783143,105.81846788533691,40.75870529297737,33.81108545802607,47.706325127928665,True,6.451908202860397e-20,6.838213678329468e-19
esm2_top4_bilstm_attn,validation,1,C,q3_boundary_fraction,geometry_boundaries,185,521,1395,0.19816591664915753,0.4964382538291539,-0.29827233717999635,-0.3381038667723731,-0.2584408075876196,True,3.381013605161793e-23,4.628019027956284e-22
esm2_top4_bilstm_attn,validation,1,C,mean_distance_to_q3_boundary,geometry_boundaries,185,521,1395,2.9128369241716587,1.4625481918613208,1.4502887323103384,1.0961073552052705,1.8044701094154063,True,7.30893623806905e-17,6.027198395344258e-16
esm2_top4_bilstm_attn,validation,1,C,structured_linker_fraction,geometry_boundaries,185,521,1395,0.7691119691119691,0.5669097269793864,0.20220224213258267,0.1471734254669598,0.25723105879820557,True,2.3154141719859952e-11,1.378242133007861e-10
esm2_top4_bilstm_attn,validation,1,C,mean_disorder,disorder,185,521,1395,0.12369419387314472,0.12619859915516635,-0.0025044052820216403,-0.025430499372605747,0.020421688808562467,True,0.09104533510514294,0.15630246420001506
esm2_top4_bilstm_attn,validation,1,C,max_disorder,disorder,185,521,1395,0.19142716565746773,0.1945904810091826,-0.0031633153517148954,-0.03920373967926529,0.032877108975835505,True,0.09078328415110946,0.15630246420001506
esm2_top4_bilstm_attn,validation,1,C,fraction_glycine,sequence,185,521,1395,0.10790213596858338,0.06402665253973913,0.04387548342884423,0.02291691895941739,0.06483404789827107,True,0.0007750324883906314,0.0021373448966139678
esm2_top4_bilstm_attn,validation,1,C,fraction_proline,sequence,185,521,1395,0.08017314796950148,0.07381895701819095,0.006354190951310513,-0.013240539487243633,0.025948921389864658,True,0.570630257517367,0.689282208169424
esm2_top4_bilstm_attn,validation,1,C,fraction_hydrophobic,sequence,185,521,1395,0.25621588416482505,0.3321767574037754,-0.0759608732389503,-0.10510919484671874,-0.04681255163118186,True,9.882345977682218e-08,4.361907539235454e-07
esm2_top4_bilstm_attn,validation,1,C,fraction_charged,sequence,185,521,1395,0.2447970204576015,0.22762900588989857,0.01716801456770294,-0.015455587994607934,0.049791617130013816,True,0.28485485099262053,0.40246312210867113
esm2_top4_bilstm_attn,validation,1,C,fraction_aromatic,sequence,185,521,1395,0.04908439832198757,0.07513559395179255,-0.026051195629804978,-0.04198736351358396,-0.010115027746025997,True,0.00027494542124728897,0.0008167593519681891
esm2_top4_bilstm_attn,validation,1,C,sequence_entropy,sequence,185,521,1395,1.8296098026316963,1.0386616284172245,0.7909481742144715,0.6630523790546907,0.9188439693742523,True,1.7882521657968936e-20,1.9758433243657834e-19
esm2_top4_bilstm_attn,validation,1,T,mean_neq,neq,149,398,636,1.9091818429743264,1.5115638014514692,0.39761804152285696,0.29123027409518126,0.5040058089505326,True,1.4091169231457363e-11,8.538036410673359e-11
esm2_top4_bilstm_attn,validation,1,T,max_neq,neq,149,398,636,2.2152597635027167,1.6893986928246993,0.525861070678017,0.39303810824696095,0.6586840331090731,True,7.012231412655307e-12,4.366179448653332e-11
esm2_top4_bilstm_attn,validation,1,T,neq_peak_fraction,neq,149,398,636,0.22442207307979117,0.16614605100343358,0.058276022076357646,0.015449005328559598,0.1011030388241557,True,0.005017550781637671,0.011913159545447308
esm2_top4_bilstm_attn,validation,1,T,neq_peak_excess,neq,149,398,636,0.30607792052839033,0.1778348913732303,0.12824302915516,0.08228669832617508,0.17419935998414493,True,1.3003097652091235e-07,5.665396025994905e-07
esm2_top4_bilstm_attn,validation,1,T,mean_rsa,exposure_length_position,149,398,636,0.622760789322378,0.5221801224949472,0.10058066682743079,0.07785655951157003,0.12330477414329155,True,1.980107688832099e-13,1.3524735547356215e-12
esm2_top4_bilstm_attn,validation,1,T,max_rsa,exposure_length_position,149,398,636,0.69566080695064,0.5872422537497503,0.10841855320088985,0.08445530230879131,0.1323818040929884,True,5.773870331812731e-14,4.008512441860132e-13
esm2_top4_bilstm_attn,validation,1,T,log_segment_length,exposure_length_position,149,398,636,1.0763971541846968,0.9798030957562177,0.09659405842847908,0.06362827763948056,0.1295598392174776,True,2.4449602809029205e-08,1.1386240647014841e-07
esm2_top4_bilstm_attn,validation,1,T,normalized_midpoint,exposure_length_position,149,398,636,0.5217246674083152,0.4892136333600432,0.03251103404827204,-0.014523877620544988,0.07954594571708906,True,0.1437228359345823,0.22706864873589847
esm2_top4_bilstm_attn,validation,1,T,mean_torsion_change,geometry_boundaries,149,398,636,99.27331334712004,85.85136554199701,13.421947805123024,5.731343145386304,21.112552464859743,True,0.002160641813345749,0.00552999997798787
esm2_top4_bilstm_attn,validation,1,T,max_torsion_change,geometry_boundaries,149,398,636,143.08657420080644,122.45973045564902,20.62684374515743,10.846658914206582,30.407028576108278,True,5.022891836737984e-05,0.00016471772356945803
esm2_top4_bilstm_attn,validation,1,T,q3_boundary_fraction,geometry_boundaries,149,398,636,0.17044556301267708,0.3380278465010009,-0.16758228348832374,-0.22086204514878546,-0.11430252182786202,True,3.4270218698770015e-10,1.8486124610671727e-09
esm2_top4_bilstm_attn,validation,1,T,mean_distance_to_q3_boundary,geometry_boundaries,149,398,636,1.8324014594652178,1.5671565850257125,0.2652448744395053,-0.06365901953506115,0.5941487684140717,True,0.00025728245924248004,0.000766407043787511
esm2_top4_bilstm_attn,validation,1,T,structured_linker_fraction,geometry_boundaries,149,398,636,0.903635346756152,0.8095322090288533,0.0941031377272988,0.03902142359482046,0.14918485185977712,True,9.370674372034133e-05,0.00029471860513346425
esm2_top4_bilstm_attn,validation,1,T,mean_disorder,disorder,149,398,636,0.03283474236851959,0.02713993178602615,0.005694810582493442,-0.0016551401878546505,0.013044761352841536,True,0.0030655384552467145,0.00758754430248107
esm2_top4_bilstm_attn,validation,1,T,max_disorder,disorder,149,398,636,0.03618143667668466,0.02979789130967565,0.00638354536700901,-0.0018424785658277343,0.014609569299845755,True,0.0016613630434849814,0.004341260145772694
esm2_top4_bilstm_attn,validation,1,T,fraction_glycine,sequence,149,398,636,0.24788777032065623,0.20278260609636448,0.04510516422429174,-0.0054202485619606125,0.09563057701054409,True,0.11212522180387963,0.1847443347558075
esm2_top4_bilstm_attn,validation,1,T,fraction_proline,sequence,149,398,636,0.1203046766805156,0.06245230347579341,0.05785237320472221,0.023604031136798494,0.09210071527264593,True,0.006125827845852157,0.014215115955268457
esm2_top4_bilstm_attn,validation,1,T,fraction_hydrophobic,sequence,149,398,636,0.1036228294449771,0.18886232149654966,-0.0852394920515726,-0.12615953516257955,-0.04431944894056562,True,1.911348937627135e-05,6.567348331420064e-05
esm2_top4_bilstm_attn,validation,1,T,fraction_charged,sequence,149,398,636,0.29486603813785023,0.3291727148690236,-0.03430667673117337,-0.09806323971995501,0.02944988625760827,True,0.4700682426816545,0.5983812983835368
esm2_top4_bilstm_attn,validation,1,T,fraction_aromatic,sequence,149,398,636,0.02888569297965271,0.04996570357308613,-0.021080010593433413,-0.04490073160103841,0.0027407104141715863,True,0.031246235535723515,0.06110093831479537
esm2_top4_bilstm_attn,validation,1,T,sequence_entropy,sequence,149,398,636,0.8640818446120861,0.6476916477147943,0.2163901968972919,0.1408430960635988,0.291937297730985,True,3.0742955435445095e-08,1.425815258261178e-07
esm2_top4_bilstm_attn,validation,1,S,mean_neq,neq,84,157,239,1.9503918044532622,1.3816731308264045,0.5687186736268581,0.35369461142042,0.7837427358332962,True,1.6327600623488861e-06,6.328737255831526e-06
esm2_top4_bilstm_attn,validation,1,S,max_neq,neq,84,157,239,2.163494642857143,1.4390637140967497,0.7244309287603931,0.4901499289681762,0.9587119285526099,True,1.6845937468421942e-08,7.91057146954647e-08
esm2_top4_bilstm_attn,validation,1,S,neq_peak_fraction,neq,84,157,239,0.28506944444444443,0.21494945200302343,0.07011999244142102,-0.018670204348332026,0.15891018923117406,True,0.031079408604461598,0.060853705694469844
esm2_top4_bilstm_attn,validation,1,S,neq_peak_excess,neq,84,157,239,0.21310283840388008,0.057390583270345186,0.1557122551335349,0.0996734545502502,0.2117510557168196,True,8.775969615777285e-08,3.8888012150646137e-07
esm2_top4_bilstm_attn,validation,1,S,mean_rsa,exposure_length_position,84,157,239,0.5530650010973057,0.40835477710786977,0.1447102239894361,0.10722779327392772,0.18219265470494445,True,2.619709861098873e-09,1.308307096067251e-08
esm2_top4_bilstm_attn,validation,1,S,max_rsa,exposure_length_position,84,157,239,0.6104425695843048,0.42625864700066046,0.18418392258364435,0.14217198690746463,0.22619585825982408,True,2.0816860626734165e-10,1.1519117148770575e-09
esm2_top4_bilstm_attn,validation,1,S,log_segment_length,exposure_length_position,84,157,239,0.9886930977330655,0.771447146771182,0.21724595096188368,0.15988123373831942,0.27461066818544794,True,4.852848271296628e-09,2.3607884899645897e-08
esm2_top4_bilstm_attn,validation,1,S,normalized_midpoint,exposure_length_position,84,157,239,0.4940437097626608,0.4717091006086819,0.02233460915397901,-0.04574449409043712,0.09041371239839513,True,0.17446246418759304,0.26690388751957106
esm2_top4_bilstm_attn,validation,1,S,mean_torsion_change,geometry_boundaries,84,157,239,146.5895353885852,148.18773122406213,-1.5981958354769419,-11.783230771921566,8.586839100967683,True,0.5382575677755981,0.6610420765162721
esm2_top4_bilstm_attn,validation,1,S,max_torsion_change,geometry_boundaries,84,157,239,164.06867429442732,151.52793482459546,12.540739469831836,2.2994547186538696,22.782024221009802,True,0.019443024031338907,0.040059027574623304
esm2_top4_bilstm_attn,validation,1,S,q3_boundary_fraction,geometry_boundaries,84,157,239,0.15186838624338622,0.27376464474678763,-0.12189625850340136,-0.21226401369205083,-0.03152850331475188,True,0.004454785303261583,0.010697179765857536
esm2_top4_bilstm_attn,validation,1,S,mean_distance_to_q3_boundary,geometry_boundaries,84,157,239,1.90448082010582,1.1690192743764172,0.7354615457294029,0.3647657456766692,1.1061573457821368,True,2.323448963075022e-05,7.926923253437587e-05
esm2_top4_bilstm_attn,validation,1,S,structured_linker_fraction,geometry_boundaries,84,157,239,0.9132936507936508,0.8629109977324261,0.0503826530612245,-0.02130276709217918,0.12206807321462818,True,0.31467083418923314,0.4363831379794082
esm2_top4_bilstm_attn,validation,1,S,mean_disorder,disorder,84,157,239,0.0241586568825147,0.011631810251601885,0.012526846630912813,0.006393428497221504,0.018660264764604122,True,1.549513466020864e-05,5.384280604950196e-05
esm2_top4_bilstm_attn,validation,1,S,max_disorder,disorder,84,157,239,0.02614992119290234,0.011876732884571662,0.014273188308330671,0.007862311509479471,0.02068406510718187,True,1.7843700751281307e-06,6.886935187223984e-06
esm2_top4_bilstm_attn,validation,1,S,fraction_glycine,sequence,84,157,239,0.19990079365079363,0.24138321995464856,-0.041482426303854875,-0.1265569399849454,0.04359208737723566,True,0.6210456623672476,0.7344370005119497
esm2_top4_bilstm_attn,validation,1,S,fraction_proline,sequence,84,157,239,0.061342592592592594,0.031226379440665156,0.030116213151927442,-0.008596090176600974,0.06882851648045586,True,0.4120396618707848,0.538710787619924
esm2_top4_bilstm_attn,validation,1,S,fraction_hydrophobic,sequence,84,157,239,0.09833002645502645,0.20398242630385488,-0.10565239984882842,-0.17667255090739076,-0.03463224879026609,True,0.03577503633535847,0.06892045461529744
esm2_top4_bilstm_attn,validation,1,S,fraction_charged,sequence,84,157,239,0.3437003968253968,0.3165603741496599,0.02714002267573696,-0.06641071887867545,0.12069076423014935,True,0.47128078050597355,0.5996990285625504
esm2_top4_bilstm_attn,validation,1,S,fraction_aromatic,sequence,84,157,239,0.027777777777777773,0.05049603174603174,-0.022718253968253967,-0.054601327976231684,0.009164820039723746,True,0.12538267338328551,0.20315039905103108
esm2_top4_bilstm_attn,validation,1,S,sequence_entropy,sequence,84,157,239,0.6609231523668825,0.17792678335754442,0.4829963690093381,0.35485535989018857,0.6111373781284877,True,4.087801638215654e-09,2.0088455434312683e-08
esm2_top4_bilstm_attn,validation,1,E,mean_neq,neq,21,22,89,1.4652974300831443,1.114250954123859,0.3510464759592854,0.13601811746077314,0.5660748344577977,True,0.0018657515196867558,0.0048300963920834
esm2_top4_bilstm_attn,validation,1,E,max_neq,neq,21,22,89,2.1917222222222223,1.366481361803981,0.8252408604182413,0.32923189622629306,1.3212498246101896,True,0.005142157370610374,0.012166293960835321
esm2_top4_bilstm_attn,validation,1,E,neq_peak_fraction,neq,21,22,89,0.09777365491651205,0.038118676957962665,0.059654977958549384,-0.047318937963477255,0.16662889388057603,True,0.48504121077225004,0.6127241638333581
esm2_top4_bilstm_attn,validation,1,E,neq_peak_excess,neq,21,22,89,0.7264247921390778,0.2522304076801219,0.4741943844589559,0.11835403054206944,0.8300347383758424,True,0.024969877410094453,0.05028180793539568
esm2_top4_bilstm_attn,validation,1,E,mean_rsa,exposure_length_position,21,22,89,0.3164155994307432,0.1630151021225073,0.15340049730823596,0.08099597344352297,0.22580502117294896,True,0.0004188680369191762,0.0012052704960201998
esm2_top4_bilstm_attn,validation,1,E,max_rsa,exposure_length_position,21,22,89,0.4502113319578625,0.30666358808931227,0.14354774386855015,0.04810983299828725,0.23898565473881306,True,0.00961307994613869,0.021193427411198257
esm2_top4_bilstm_attn,validation,1,E,log_segment_length,exposure_length_position,21,22,89,1.6514306996092887,1.7132078675013698,-0.0617771678920808,-0.3594125500357608,0.23585821425159917,True,0.754382393976199,0.8431626029862904
esm2_top4_bilstm_attn,validation,1,E,normalized_midpoint,exposure_length_position,21,22,89,0.42499586975979153,0.45646683061997284,-0.03147096086018135,-0.1856189976305912,0.12267707591022849,True,0.7412506037181041,0.8317850285997046
esm2_top4_bilstm_attn,validation,1,E,mean_torsion_change,geometry_boundaries,21,22,89,64.25607447771097,31.38070837807063,32.875366099640345,9.945455029928446,55.805277169352244,True,0.0026424213516743258,0.006652290833961947
esm2_top4_bilstm_attn,validation,1,E,max_torsion_change,geometry_boundaries,21,22,89,138.34828843788256,77.14549677226447,61.2027916656181,25.662011145194384,96.74357218604182,True,0.004137207994643546,0.009991357307064163
esm2_top4_bilstm_attn,validation,1,E,q3_boundary_fraction,geometry_boundaries,21,22,89,0.489414553700268,0.4851718327653702,0.004242720934897824,-0.1783322320043241,0.18681767387411977,True,0.7412506037181041,0.8317850285997046
esm2_top4_bilstm_attn,validation,1,E,mean_distance_to_q3_boundary,geometry_boundaries,21,22,89,1.154112554112554,0.746322615404248,0.40778993870830615,-0.3144613685487323,1.1300412459653446,True,0.5202133776633694,0.6449697214826109
esm2_top4_bilstm_attn,validation,1,E,structured_linker_fraction,geometry_boundaries,21,22,89,0.0,0.0,0.0,0.0,0.0,True,1.0,1.0
esm2_top4_bilstm_attn,validation,1,E,mean_disorder,disorder,21,22,89,0.015915035125758696,0.0066508424944402966,0.0092641926313184,0.000141779228909341,0.018386606033727458,True,0.0792146188362769,0.13895678707500078
esm2_top4_bilstm_attn,validation,1,E,max_disorder,disorder,21,22,89,0.024472980815473715,0.010957694396725282,0.01351528641874843,0.00023544618460749622,0.026795126652889363,True,0.05818627247985126,0.10616718146485543
esm2_top4_bilstm_attn,validation,1,E,fraction_glycine,sequence,21,22,89,0.09698000412286126,0.03190507684555303,0.06507492727730822,-0.007894052185256725,0.13804390673987316,True,0.2565777673061318,0.3699315271906318
esm2_top4_bilstm_attn,validation,1,E,fraction_proline,sequence,21,22,89,0.015873015873015872,0.019001208542024868,-0.0031281926690089968,-0.040665732848418644,0.03440934751040065,True,0.029653116724783157,0.058527254901629806
esm2_top4_bilstm_attn,validation,1,E,fraction_hydrophobic,sequence,21,22,89,0.3566532673675531,0.6474047643903086,-0.2907514970227555,-0.44766261072258107,-0.13384038332292994,True,0.0016563047696487778,0.0043376966895294486
esm2_top4_bilstm_attn,validation,1,E,fraction_charged,sequence,21,22,89,0.19441352298495154,0.11618529319634761,0.07822822978860396,-0.06179817944149961,0.2182546390187075,True,0.6893457004266803,0.7914016343438391
esm2_top4_bilstm_attn,validation,1,E,fraction_aromatic,sequence,21,22,89,0.18768295196866627,0.1557257997734188,0.03195715219524743,-0.10825889937797671,0.17217320376847156,True,0.9584168126150571,0.996796139117945
esm2_top4_bilstm_attn,validation,1,E,sequence_entropy,sequence,21,22,89,1.6701586076999306,1.7684140986814147,-0.09825549098148423,-0.5723875719107716,0.3758765899478032,True,0.8212599673323558,0.8954143661885505
esm2_top4_bilstm_attn,validation,1,G,mean_neq,neq,20,26,48,1.7612423611111112,1.5618018518518517,0.19944050925925932,-0.2860186307876109,0.6848996493061296,True,0.5502919421280152,0.6722024436870765
esm2_top4_bilstm_attn,validation,1,G,max_neq,neq,20,26,48,2.2525541666666666,1.9066416666666666,0.34591249999999996,-0.28944025822856423,0.9812652582285641,True,0.21795726558824124,0.3223593678713227
esm2_top4_bilstm_attn,validation,1,G,neq_peak_fraction,neq,20,26,48,0.12083333333333335,0.121875,-0.001041666666666663,-0.11608194324496603,0.1139986099116327,True,0.5365144190213684,0.659819491077237
esm2_top4_bilstm_attn,validation,1,G,neq_peak_excess,neq,20,26,48,0.49131180555555554,0.34483981481481485,0.14647199074074074,-0.18106583327671888,0.47400981475820037,True,0.38031408102495123,0.5056397593178766
esm2_top4_bilstm_attn,validation,1,G,mean_rsa,exposure_length_position,20,26,48,0.4360953898479541,0.31761277764599066,0.1184826122019634,0.03603996994304366,0.20092525446088316,True,0.011129014082381268,0.02419755409165985
esm2_top4_bilstm_attn,validation,1,G,max_rsa,exposure_length_position,20,26,48,0.5741158962249756,0.46068273627897727,0.11343315994599834,-0.008840892993372096,0.23570721288536878,True,0.07932167969676177,0.13895678707500078
esm2_top4_bilstm_attn,validation,1,G,log_segment_length,exposure_length_position,20,26,48,1.20151361284929,1.1971978381191044,0.004315774730185473,-0.17140097821751968,0.1800325276778906,True,0.680769987160708,0.7847217029541125
esm2_top4_bilstm_attn,validation,1,G,normalized_midpoint,exposure_length_position,20,26,48,0.5068274831293438,0.42025679128200694,0.08657069184733683,-0.06893502919208318,0.24207641288675685,True,0.43304828842793475,0.5590440103760395
esm2_top4_bilstm_attn,validation,1,G,mean_torsion_change,geometry_boundaries,20,26,48,65.00366764779986,59.088948033858536,5.914719613941327,-19.232789383047823,31.062228610930475,True,0.8227604017844778,0.8956062197145267
esm2_top4_bilstm_attn,validation,1,G,max_torsion_change,geometry_boundaries,20,26,48,108.84223498417786,110.2075730163829,-1.365338032205015,-30.163583104294325,27.43290703988429,True,0.8227604017844778,0.8956062197145267
esm2_top4_bilstm_attn,validation,1,G,q3_boundary_fraction,geometry_boundaries,20,26,48,0.4625,0.47395833333333337,-0.011458333333333307,-0.18238450360437392,0.15946783693770733,True,0.9850903931839051,1.0
esm2_top4_bilstm_attn,validation,1,G,mean_distance_to_q3_boundary,geometry_boundaries,20,26,48,1.2145833333333331,1.3322916666666667,-0.11770833333333337,-1.0796740721996203,0.8442574055329535,True,0.8665625975949987,0.9286364952357181
esm2_top4_bilstm_attn,validation,1,G,structured_linker_fraction,geometry_boundaries,20,26,48,0.0,0.0,0.0,0.0,0.0,True,1.0,1.0
esm2_top4_bilstm_attn,validation,1,G,mean_disorder,disorder,20,26,48,0.011953900860801947,0.014889775804287284,-0.002935874943485339,-0.013893617923237945,0.008021868036267265,True,0.910824985273362,0.9629453643556087
esm2_top4_bilstm_attn,validation,1,G,max_disorder,disorder,20,26,48,0.014083123319141983,0.016187537325883215,-0.0021044140067412306,-0.013542475587064735,0.009333647573582272,True,0.8812927086539598,0.9396564641939571
esm2_top4_bilstm_attn,validation,1,G,fraction_glycine,sequence,20,26,48,0.10208333333333335,0.05208333333333333,0.05,-0.09546206774312689,0.1954620677431269,True,0.8621740034205194,0.9248129142020228
esm2_top4_bilstm_attn,validation,1,G,fraction_proline,sequence,20,26,48,0.07499999999999998,0.049999999999999996,0.025,-0.05512874843265476,0.10512874843265477,True,0.7301840235136297,0.824813263733233
esm2_top4_bilstm_attn,validation,1,G,fraction_hydrophobic,sequence,20,26,48,0.20416666666666666,0.42743055555555554,-0.22326388888888887,-0.38220000759439077,-0.06432777018338695,True,0.006768303339654376,0.015545946733268645
esm2_top4_bilstm_attn,validation,1,G,fraction_charged,sequence,20,26,48,0.39999999999999997,0.28229166666666666,0.11770833333333335,-0.0409448968767485,0.2763615635434152,True,0.33003208910429005,0.4528023476331187
esm2_top4_bilstm_attn,validation,1,G,fraction_aromatic,sequence,20,26,48,0.022916666666666665,0.09409722222222221,-0.07118055555555555,-0.15125013334810922,0.008889022236998098,True,0.09330708187716204,0.15924848249706453
esm2_top4_bilstm_attn,validation,1,G,sequence_entropy,sequence,20,26,48,1.0453822398447525,1.0842293753966359,-0.03884713555188346,-0.43249937341869676,0.35480510231492984,True,0.9701651564843278,1.0
esm2_top4_bilstm_attn,validation,1,H,mean_neq,neq,9,10,18,1.6440867139959432,1.0851014951098281,0.5589852188861149,,,False,,
esm2_top4_bilstm_attn,validation,1,H,max_neq,neq,9,10,18,2.0757592592592595,1.687296296296296,0.38846296296296295,,,False,,
esm2_top4_bilstm_attn,validation,1,H,neq_peak_fraction,neq,9,10,18,0.016922094508301407,0.014896184062850728,0.0020259104454506734,,,False,,
esm2_top4_bilstm_attn,validation,1,H,neq_peak_excess,neq,9,10,18,0.43167254526331594,0.6021948011864678,-0.17052225592315187,,,False,,
esm2_top4_bilstm_attn,validation,1,H,mean_rsa,exposure_length_position,9,10,18,0.3292892217770024,0.27124790678507366,0.05804131499192876,,,False,,
esm2_top4_bilstm_attn,validation,1,H,max_rsa,exposure_length_position,9,10,18,0.5467473516861597,0.4789084153318846,0.06783893635427514,,,False,,
esm2_top4_bilstm_attn,validation,1,H,log_segment_length,exposure_length_position,9,10,18,1.9298225385248884,1.845309841648402,0.08451269687648656,,,False,,
esm2_top4_bilstm_attn,validation,1,H,normalized_midpoint,exposure_length_position,9,10,18,0.48095772886483523,0.45335814249243156,0.027599586372403718,,,False,,
esm2_top4_bilstm_attn,validation,1,H,mean_torsion_change,geometry_boundaries,9,10,18,18.583383838077346,28.429252871984303,-9.845869033906961,,,False,,
esm2_top4_bilstm_attn,validation,1,H,max_torsion_change,geometry_boundaries,9,10,18,85.2786303781308,97.74342716881556,-12.464796790684767,,,False,,
esm2_top4_bilstm_attn,validation,1,H,q3_boundary_fraction,geometry_boundaries,9,10,18,0.35100292990759524,0.39160507188284965,-0.04060214197525444,,,False,,
esm2_top4_bilstm_attn,validation,1,H,mean_distance_to_q3_boundary,geometry_boundaries,9,10,18,1.9885433100443244,1.6084307359307362,0.38011257411358834,,,False,,
esm2_top4_bilstm_attn,validation,1,H,structured_linker_fraction,geometry_boundaries,9,10,18,0.0,0.0,0.0,,,False,,
esm2_top4_bilstm_attn,validation,1,H,mean_disorder,disorder,9,10,18,0.02309316114124788,0.011649606456973742,0.011443554684274139,,,False,,
esm2_top4_bilstm_attn,validation,1,H,max_disorder,disorder,9,10,18,0.06126238337148805,0.01979678529918327,0.04146559807230478,,,False,,
esm2_top4_bilstm_attn,validation,1,H,fraction_glycine,sequence,9,10,18,0.014198782961460444,0.009588477366255144,0.004610305595205301,,,False,,
esm2_top4_bilstm_attn,validation,1,H,fraction_proline,sequence,9,10,18,0.019626624596198634,0.09714927048260383,-0.07752264588640517,,,False,,
esm2_top4_bilstm_attn,validation,1,H,fraction_hydrophobic,sequence,9,10,18,0.4029223950116445,0.566067821067821,-0.16314542605617655,,,False,,
esm2_top4_bilstm_attn,validation,1,H,fraction_charged,sequence,9,10,18,0.22844264142438586,0.19629977018865907,0.03214287123572676,,,False,,
esm2_top4_bilstm_attn,validation,1,H,fraction_aromatic,sequence,9,10,18,0.1801404853128991,0.09740660573993908,0.08273387957296004,,,False,,
esm2_top4_bilstm_attn,validation,1,H,sequence_entropy,sequence,9,10,18,1.8003682682689406,1.9804938635434577,-0.18012559527451721,,,False,,
esm2_top4_bilstm_attn,test,1,C,mean_neq,neq,188,577,1479,1.8504596076505977,1.481922853226174,0.36853675442442335,0.28723332609427626,0.44984018275457044,True,6.513348272660721e-16,5.1332472050969455e-15
esm2_top4_bilstm_attn,test,1,C,max_neq,neq,188,577,1479,2.7418329576156704,1.9439642710186118,0.7978686865970587,0.6454431293233529,0.9502942438707644,True,1.2648668574067017e-18,1.2114772931705548e-17
esm2_top4_bilstm_attn,test,1,C,neq_peak_fraction,neq,188,577,1479,0.16622301344956486,0.12663938137082995,0.03958363207873488,0.014248275907788752,0.06491898824968101,True,0.003772684110210248,0.009163394379756357
esm2_top4_bilstm_attn,test,1,C,neq_peak_excess,neq,188,577,1479,0.8913733499650729,0.46204141779243774,0.4293319321726351,0.3231591611884087,0.5355047031568615,True,2.958539682700674e-14,2.0926407253579454e-13
esm2_top4_bilstm_attn,test,1,C,mean_rsa,exposure_length_position,188,577,1479,0.4386877254449736,0.3685942181066222,0.07009350733835139,0.05239009914250593,0.08779691553419684,True,3.2685905896412005e-12,2.0733780081757785e-11
esm2_top4_bilstm_attn,test,1,C,max_rsa,exposure_length_position,188,577,1479,0.6084678846587858,0.4752897091800777,0.13317817547870817,0.10927561542128594,0.1570807355361304,True,1.459494748198622e-18,1.390014575678744e-17
esm2_top4_bilstm_attn,test,1,C,log_segment_length,exposure_length_position,188,577,1479,1.7601090012700342,1.263667920006762,0.49644108126327235,0.4222448736923578,0.5706372888341869,True,7.611103689139475e-23,1.0293256629192225e-21
esm2_top4_bilstm_attn,test,1,C,normalized_midpoint,exposure_length_position,188,577,1479,0.47387997592506625,0.5413596545609198,-0.06747967863585354,-0.11156361148344018,-0.0233957457882669,True,0.009784722679598668,0.021523843448095704
esm2_top4_bilstm_attn,test,1,C,mean_torsion_change,geometry_boundaries,188,577,1479,79.70200815387173,75.97784463525305,3.7241635186186843,-2.047097912600029,9.495424949837398,True,0.6242055712803474,0.7368851384423374
esm2_top4_bilstm_attn,test,1,C,max_torsion_change,geometry_boundaries,188,577,1479,145.26064182328966,109.07758000121774,36.18306182207194,29.05062171658213,43.315501927561755,True,2.5364650885767267e-17,2.1710856872095981e-16
esm2_top4_bilstm_attn,test,1,C,q3_boundary_fraction,geometry_boundaries,188,577,1479,0.19918879269789463,0.4809914146251545,-0.2818026219272598,-0.3159003491186745,-0.24770489473584512,True,2.0142630738207147e-26,3.3713977488058595e-25
esm2_top4_bilstm_attn,test,1,C,mean_distance_to_q3_boundary,geometry_boundaries,188,577,1479,2.872481936823578,1.5200444596178246,1.352437477205754,1.040389474429227,1.6644854799822808,True,5.386870231890163e-18,4.8438851739416604e-17
esm2_top4_bilstm_attn,test,1,C,structured_linker_fraction,geometry_boundaries,188,577,1479,0.7762812394461331,0.5712139459680025,0.20506729347813063,0.14742511387139662,0.26270947308486464,True,3.577649892512499e-11,2.1073230464433375e-10
esm2_top4_bilstm_attn,test,1,C,mean_disorder,disorder,188,577,1479,0.1152102453023408,0.13223497131619266,-0.017024726013851917,-0.03863321665112053,0.004583764623416701,True,0.013527502023580891,0.028819460832846245
esm2_top4_bilstm_attn,test,1,C,max_disorder,disorder,188,577,1479,0.1870104990261317,0.20355977609993087,-0.016549277073799232,-0.053943963056908434,0.02084540890930997,True,0.04135967597086243,0.0783840047407432
esm2_top4_bilstm_attn,test,1,C,fraction_glycine,sequence,188,577,1479,0.11689899857294667,0.06920911149031762,0.04768988708262902,0.024828113781318092,0.07055166038393995,True,0.00015875613433462082,0.00048399863858011985
esm2_top4_bilstm_attn,test,1,C,fraction_proline,sequence,188,577,1479,0.08480428509406601,0.0590993073874492,0.025704977706616804,0.007507519725335782,0.043902435687897826,True,0.00463896183195104,0.011107882403559819
esm2_top4_bilstm_attn,test,1,C,fraction_hydrophobic,sequence,188,577,1479,0.25628021496593023,0.3213083008057681,-0.06502808583983788,-0.09405546364029477,-0.036000708039381,True,1.9378678131433003e-06,7.445376222997157e-06
esm2_top4_bilstm_attn,test,1,C,fraction_charged,sequence,188,577,1479,0.24250192478010413,0.25620485475907606,-0.013702929978971906,-0.0434767122542128,0.016070852296268985,True,0.1373422881603936,0.21924186792742717
esm2_top4_bilstm_attn,test,1,C,fraction_aromatic,sequence,188,577,1479,0.05233112440679838,0.05979560431884482,-0.007464479912046432,-0.022217913511438373,0.00728895368734551,True,0.30364108251782174,0.4238689099887511
esm2_top4_bilstm_attn,test,1,C,sequence_entropy,sequence,188,577,1479,1.8247458393794016,1.0854620426248736,0.7392837967545279,0.6285420301537079,0.850025563355348,True,8.108813702155013e-22,1.0116567943537305e-20
esm2_top4_bilstm_attn,test,1,T,mean_neq,neq,148,350,661,1.8914707602691978,1.539173311744145,0.35229744852505274,0.2245590986110742,0.48003579843903127,True,6.78099992599485e-07,2.7489880994950344e-06
esm2_top4_bilstm_attn,test,1,T,max_neq,neq,148,350,661,2.184854665379665,1.6920778904591405,0.4927767749205251,0.3427466837982386,0.6428068660428116,True,2.2552234071048696e-09,1.1310249807252675e-08
esm2_top4_bilstm_attn,test,1,T,neq_peak_fraction,neq,148,350,661,0.20371956778206776,0.16037540725040725,0.04334416053166053,0.0003180030435157577,0.0863703180198053,True,0.025074201870108958,0.05043764910905437
esm2_top4_bilstm_attn,test,1,T,neq_peak_excess,neq,148,350,661,0.29338390511046764,0.15290457871499535,0.14047932639547223,0.09564480905035838,0.18531384374058607,True,3.746874401775014e-09,1.8466738123033996e-08
esm2_top4_bilstm_attn,test,1,T,mean_rsa,exposure_length_position,148,350,661,0.6359634735474928,0.524846079920148,0.11111739362734488,0.08389733036867375,0.138337456886016,True,6.758787045862448e-12,4.223929575242317e-11
esm2_top4_bilstm_attn,test,1,T,max_rsa,exposure_length_position,148,350,661,0.7030372710591374,0.588050816103459,0.11498645495567836,0.08705828758048746,0.14291462233086924,True,1.0559868550880597e-12,6.946092523448891e-12
esm2_top4_bilstm_attn,test,1,T,log_segment_length,exposure_length_position,148,350,661,1.0976304939635309,0.9561379459067314,0.1414925480567997,0.10907530070992882,0.17390979540367058,True,2.572243704632324e-13,1.7463365392292946e-12
esm2_top4_bilstm_attn,test,1,T,normalized_midpoint,exposure_length_position,148,350,661,0.5087602817084339,0.522451322480885,-0.013691040772451103,-0.06060571847415586,0.033223636929253654,True,0.6349727254452827,0.7472477496451448
esm2_top4_bilstm_attn,test,1,T,mean_torsion_change,geometry_boundaries,148,350,661,100.49561767623048,96.4913652501268,4.004252426103662,-2.6564174855730185,10.664922337780343,True,0.2677049150036305,0.38272776004293574
esm2_top4_bilstm_attn,test,1,T,max_torsion_change,geometry_boundaries,148,350,661,148.7503356578568,131.2372626374424,17.513073020414403,8.349391837404585,26.67675420342422,True,0.0004835313939410967,0.00137727012882464
esm2_top4_bilstm_attn,test,1,T,q3_boundary_fraction,geometry_boundaries,148,350,661,0.1983349420849421,0.4012338043588044,-0.20289886227386228,-0.26567415789096105,-0.1401235666567635,True,3.674345888249214e-10,1.9697416278690536e-09
esm2_top4_bilstm_attn,test,1,T,mean_distance_to_q3_boundary,geometry_boundaries,148,350,661,1.956300943800944,1.3579723610973609,0.5983285827035827,0.2840678209539842,0.9125893444531812,True,4.4970302543302105e-09,2.1971761979610464e-08
esm2_top4_bilstm_attn,test,1,T,structured_linker_fraction,geometry_boundaries,148,350,661,0.932818532818533,0.8331806894306895,0.0996378433878434,0.052623722019099456,0.14665196475658734,True,3.2433452570251226e-05,0.00010846439479724964
esm2_top4_bilstm_attn,test,1,T,mean_disorder,disorder,148,350,661,0.03581840669619021,0.02331930534376653,0.012499101352423676,0.004054282153828541,0.02094392055101881,True,2.784094145710142e-06,1.0529107725554799e-05
esm2_top4_bilstm_attn,test,1,T,max_disorder,disorder,148,350,661,0.03980951733166562,0.02532375571041452,0.014485761621251102,0.0056247747033432004,0.023346748539159003,True,1.003430794718399e-06,3.995994719602953e-06
esm2_top4_bilstm_attn,test,1,T,fraction_glycine,sequence,148,350,661,0.24770417739167738,0.26273251742001746,-0.015028340028340024,-0.06365439318527454,0.03359771312859449,True,0.29210705036471263,0.410650285772596
esm2_top4_bilstm_attn,test,1,T,fraction_proline,sequence,148,350,661,0.11618672243672243,0.07105738199488199,0.04512934044184044,0.015800872061782385,0.07445780882189851,True,0.009615710632587437,0.021193427411198257
esm2_top4_bilstm_attn,test,1,T,fraction_hydrophobic,sequence,148,350,661,0.10750817782067781,0.1385665541915542,-0.031058376370876363,-0.06711092021546722,0.004994167473714492,True,0.002144999870033743,0.005494124667109155
esm2_top4_bilstm_attn,test,1,T,fraction_charged,sequence,148,350,661,0.32918543543543544,0.2844201687951688,0.044765266640266636,-0.006705677472629103,0.09623621075316238,True,0.04474582944234383,0.0841878961294182
esm2_top4_bilstm_attn,test,1,T,fraction_aromatic,sequence,148,350,661,0.026596685971685973,0.04163687288687288,-0.015040186915186916,-0.037787705437006464,0.007707331606632627,True,0.004734331296334374,0.011304219006289916
esm2_top4_bilstm_attn,test,1,T,sequence_entropy,sequence,148,350,661,0.9004424270430189,0.6066949771398461,0.2937474499031727,0.2190877915139785,0.3684071082923669,True,1.3290847669586508e-11,8.067568396924951e-11
esm2_top4_bilstm_attn,test,1,E,mean_neq,neq,17,21,48,1.3827628115348702,1.189247379962086,0.1935154315727845,-0.03747898037928957,0.42450984352485854,True,0.009882125340139674,0.02170985430475129
esm2_top4_bilstm_attn,test,1,E,max_neq,neq,17,21,48,2.012852941176471,1.584293790849673,0.4285591503267974,-0.08696918615050048,0.9440874868040954,True,0.016822040672875557,0.035195123462247686
esm2_top4_bilstm_attn,test,1,E,neq_peak_fraction,neq,17,21,48,0.13471863104216042,0.04174836601307189,0.09297026502908856,0.02403610883209624,0.1619044212260809,True,0.005577994003398275,0.013069437093201365
esm2_top4_bilstm_attn,test,1,E,neq_peak_excess,neq,17,21,48,0.6300901296416003,0.3950464108875873,0.23504371875401298,-0.10555667614714581,0.5756441136551718,True,0.14879179284657834,0.23398374493687504
esm2_top4_bilstm_attn,test,1,E,mean_rsa,exposure_length_position,17,21,48,0.3075135249975561,0.1656579424712601,0.14185558252629601,0.07192770376383426,0.21178346128875777,True,0.0026473530335901696,0.0066547959900136525
esm2_top4_bilstm_attn,test,1,E,max_rsa,exposure_length_position,17,21,48,0.5005296959596521,0.32139736678378256,0.17913232917586963,0.09627722935298849,0.26198742899875077,True,0.0022633358728580753,0.005770994408848532
esm2_top4_bilstm_attn,test,1,E,log_segment_length,exposure_length_position,17,21,48,2.0045651959835116,1.9170678590610473,0.08749733692246445,-0.13234035088902465,0.3073350247339536,True,0.276252475989205,0.3929363152374851
esm2_top4_bilstm_attn,test,1,E,normalized_midpoint,exposure_length_position,17,21,48,0.5219723548705664,0.464153178342634,0.05781917652793231,-0.11099060005322436,0.22662895310908898,True,0.4924592974852695,0.6201135511350824
esm2_top4_bilstm_attn,test,1,E,mean_torsion_change,geometry_boundaries,17,21,48,45.493666225574465,30.03470758061263,15.458958644961827,-2.309393441873608,33.22731073179726,True,0.07586833499439012,0.13415022499748894
esm2_top4_bilstm_attn,test,1,E,max_torsion_change,geometry_boundaries,17,21,48,120.82173150626375,93.68349275018093,27.138238756082828,-14.227779660408501,68.50425717257416,True,0.19298546891685997,0.29063869505919976
esm2_top4_bilstm_attn,test,1,E,q3_boundary_fraction,geometry_boundaries,17,21,48,0.427394419306184,0.4487543502249385,-0.02135993091875445,-0.14573593151700606,0.10301606967949715,True,0.6874088693789095,0.7894461234273414
esm2_top4_bilstm_attn,test,1,E,mean_distance_to_q3_boundary,geometry_boundaries,17,21,48,0.9275398620986856,0.9084946099651982,0.019045252133487428,-0.3125405704772328,0.35063107474420774,True,0.7945864126678862,0.8745106319108474
esm2_top4_bilstm_attn,test,1,E,structured_linker_fraction,geometry_boundaries,17,21,48,0.0,0.0,0.0,0.0,0.0,True,1.0,1.0
esm2_top4_bilstm_attn,test,1,E,mean_disorder,disorder,17,21,48,0.01073380812951928,0.009311526228755557,0.0014222819007637239,-0.0023771052556214147,0.005221669057148863,True,0.4631068149666542,0.5917186604932757
esm2_top4_bilstm_attn,test,1,E,max_disorder,disorder,17,21,48,0.020153421408715875,0.019954786468474105,0.0001986349402417737,-0.009218433858718305,0.00961570373920185,True,0.9433920568226559,0.9874949052995045
esm2_top4_bilstm_attn,test,1,E,fraction_glycine,sequence,17,21,48,0.10433455433455432,0.047362278244631184,0.05697227608992314,-0.027509698628986917,0.1414542508088332,True,0.15347667161787057,0.2401224556871913
esm2_top4_bilstm_attn,test,1,E,fraction_proline,sequence,17,21,48,0.0,0.004131652661064426,-0.004131652661064426,-0.010245311174985408,0.0019820058528565573,True,0.39496948314223257,0.5181247471602962
esm2_top4_bilstm_attn,test,1,E,fraction_hydrophobic,sequence,17,21,48,0.4054594914889032,0.5724280621339445,-0.16696857064504123,-0.2686079456734958,-0.06532919561658666,True,0.0064899700076656245,0.014959444215479206
esm2_top4_bilstm_attn,test,1,E,fraction_charged,sequence,17,21,48,0.13792106586224234,0.15183452168746284,-0.013913455825220534,-0.06921842176359895,0.041391510113157885,True,0.6358467122075273,0.7477557335560522
esm2_top4_bilstm_attn,test,1,E,fraction_aromatic,sequence,17,21,48,0.09372531063707534,0.16264217808335454,-0.06891686744627921,-0.14380588069245204,0.005972145799893594,True,0.04678952115450226,0.08749743972531644
esm2_top4_bilstm_attn,test,1,E,sequence_entropy,sequence,17,21,48,2.2779504303955185,2.0499815097921226,0.22796892060339616,-0.15432513123917793,0.6102629724459703,True,0.19298546891685997,0.29063869505919976
esm2_top4_bilstm_attn,test,1,S,mean_neq,neq,90,163,261,1.7623425205761318,1.4453131069958844,0.31702941358024683,0.13679197581805452,0.49726685134243914,True,0.001959992464574989,0.0050508647276890535
esm2_top4_bilstm_attn,test,1,S,max_neq,neq,90,163,261,1.9495506790123456,1.5210145737801288,0.4285361052322162,0.20700147757464815,0.6500707328897842,True,0.0006990338315493512,0.0019436129806483194
esm2_top4_bilstm_attn,test,1,S,neq_peak_fraction,neq,90,163,261,0.2656172839506173,0.24671957671957673,0.018897707231040565,-0.07622698332810303,0.11402239779018415,True,0.6677440530688854,0.7739604536941727
esm2_top4_bilstm_attn,test,1,S,neq_peak_excess,neq,90,163,261,0.187208158436214,0.07570146678424457,0.11150669165196943,0.04890388535650424,0.17410949794743463,True,0.0006401264419578691,0.0017916121690890361
esm2_top4_bilstm_attn,test,1,S,mean_rsa,exposure_length_position,90,163,261,0.5543068219456867,0.39585627036412274,0.15845055158156407,0.1226414689393048,0.19425963422382334,True,1.9527284477093394e-11,1.1747642138265617e-10
esm2_top4_bilstm_attn,test,1,S,max_rsa,exposure_length_position,90,163,261,0.6009256008708919,0.4218293570548566,0.1790962438160353,0.13711252001090787,0.22107996762116275,True,8.234202108893398e-11,4.671113646001439e-10
esm2_top4_bilstm_attn,test,1,S,log_segment_length,exposure_length_position,90,163,261,0.9305078976956875,0.8012653726072737,0.12924252508841383,0.07641686558623109,0.18206818459059657,True,5.271976939286634e-05,0.00017205167984293542
esm2_top4_bilstm_attn,test,1,S,normalized_midpoint,exposure_length_position,90,163,261,0.5304333080687749,0.5434322357851412,-0.012998927716366444,-0.07812644674215322,0.052128591309420325,True,0.49268767918514034,0.6201701576042292
esm2_top4_bilstm_attn,test,1,S,mean_torsion_change,geometry_boundaries,90,163,261,141.32129843509634,139.9596615876968,1.36163684739954,-10.81061495845397,13.53388865325305,True,0.7674273303845183,0.8540723515569638
esm2_top4_bilstm_attn,test,1,S,max_torsion_change,geometry_boundaries,90,163,261,154.11717241704966,147.6588006036331,6.458371813416549,-6.064714959182511,18.98145858601561,True,0.23128713066676942,0.3385202548849989
esm2_top4_bilstm_attn,test,1,S,q3_boundary_fraction,geometry_boundaries,90,163,261,0.1437577160493827,0.34407407407407403,-0.20031635802469133,-0.2935092052198888,-0.10712351082949385,True,4.0381368188392106e-05,0.00013372125939760404
esm2_top4_bilstm_attn,test,1,S,mean_distance_to_q3_boundary,geometry_boundaries,90,163,261,1.8137500000000002,1.277742504409171,0.536007495590829,0.21833307519563688,0.8536819159860212,True,0.00038744048467455225,0.0011205614017832858
esm2_top4_bilstm_attn,test,1,S,structured_linker_fraction,geometry_boundaries,90,163,261,0.9074074074074073,0.8562698412698413,0.051137566137566134,-0.024975791251630575,0.12725092352676284,True,0.07925552036746979,0.13895678707500078
esm2_top4_bilstm_attn,test,1,S,mean_disorder,disorder,90,163,261,0.01895402672899141,0.01039157184650737,0.008562454882484038,0.004280679128456386,0.012844230636511689,True,1.1448115338686032e-05,4.0360873785294547e-05
esm2_top4_bilstm_attn,test,1,S,max_disorder,disorder,90,163,261,0.020393153061315204,0.010621301265987372,0.00977185179532783,0.005306429459234499,0.01423727413142116,True,3.5990501731066287e-06,1.3430892533414472e-05
esm2_top4_bilstm_attn,test,1,S,fraction_glycine,sequence,90,163,261,0.29540895061728395,0.2067857142857143,0.08862323633156965,-0.0034561175961960178,0.18070259025933533,True,0.2153533064571641,0.31920628195163164
esm2_top4_bilstm_attn,test,1,S,fraction_proline,sequence,90,163,261,0.030509259259259257,0.030582010582010582,-7.275132275132311e-05,-0.027746115679949765,0.027600613034447122,True,0.7710705669108613,0.8578445497616393
esm2_top4_bilstm_attn,test,1,S,fraction_hydrophobic,sequence,90,163,261,0.10046296296296298,0.22566137566137562,-0.12519841269841273,-0.19678829696705302,-0.05360852842977244,True,0.00014045970938297533,0.0004317220703853087
esm2_top4_bilstm_attn,test,1,S,fraction_charged,sequence,90,163,261,0.37860339506172835,0.34674603174603175,0.03185736331569664,-0.06494166537806628,0.12865639200945958,True,0.5739376674557517,0.6922879963139124
esm2_top4_bilstm_attn,test,1,S,fraction_aromatic,sequence,90,163,261,0.04259259259259259,0.07374779541446208,-0.031155202821869492,-0.08068033385743688,0.018369928213697897,True,0.07260978732995192,0.12961652109956043
esm2_top4_bilstm_attn,test,1,S,sequence_entropy,sequence,90,163,261,0.4915504336929905,0.21145085153785742,0.280099582155133,0.16326698161630718,0.3969321826939588,True,6.53448453803077e-05,0.0002104104021245908
esm2_top4_bilstm_attn,test,1,G,mean_neq,neq,18,20,32,1.9285169753086417,1.4460082304526747,0.4825087448559669,0.09836469472010462,0.8666527949918292,True,0.01980910968997144,0.040738807701820826
esm2_top4_bilstm_attn,test,1,G,max_neq,neq,18,20,32,2.6543518518518514,1.9726604938271608,0.6816913580246912,0.04105901633730569,1.3223236997120766,True,0.022231238286019243,0.045224919762353225
esm2_top4_bilstm_attn,test,1,G,neq_peak_fraction,neq,18,20,32,0.19444444444444445,0.15123456790123457,0.043209876543209874,-0.0754508482841908,0.16187060137061055,True,0.5111781388387069,0.6358694950013495
esm2_top4_bilstm_attn,test,1,G,neq_peak_excess,neq,18,20,32,0.7258348765432099,0.5266522633744857,0.1991826131687242,-0.22037410638563526,0.6187393327230837,True,0.10243990540645082,0.1715291373028858
esm2_top4_bilstm_attn,test,1,G,mean_rsa,exposure_length_position,18,20,32,0.4613358397036791,0.2629987082938537,0.19833713140982534,0.08695437498904711,0.30971988783060356,True,0.009554371794821926,0.02108572522081784
esm2_top4_bilstm_attn,test,1,G,max_rsa,exposure_length_position,18,20,32,0.5828771384225951,0.3893444611587458,0.19353267726384932,0.04202466070313249,0.34504069382456615,True,0.01760723870924757,0.03667903516695382
esm2_top4_bilstm_attn,test,1,G,log_segment_length,exposure_length_position,18,20,32,1.295119754658058,1.283788217801863,0.011331536856195071,-0.13622009882857938,0.1588831725409695,True,0.9131160800723744,0.9647642083514681
esm2_top4_bilstm_attn,test,1,G,normalized_midpoint,exposure_length_position,18,20,32,0.47896525451845473,0.4837218962549502,-0.0047566417364953185,-0.20221069309043155,0.19269740961744092,True,0.947908646535539,0.9897711963979794
esm2_top4_bilstm_attn,test,1,G,mean_torsion_change,geometry_boundaries,18,20,32,64.50589361809017,53.31989879496315,11.185994823127022,-12.400885323497782,34.772874969751825,True,0.5565326241566408,0.6761181467026959
esm2_top4_bilstm_attn,test,1,G,max_torsion_change,geometry_boundaries,18,20,32,127.52868650993153,112.58287493265571,14.945811577275784,-25.59942526616839,55.491048420719956,True,0.5276776826828944,0.6521358559089669
esm2_top4_bilstm_attn,test,1,G,q3_boundary_fraction,geometry_boundaries,18,20,32,0.5462962962962963,0.6439814814814815,-0.09768518518518518,-0.29609667107922577,0.10072630070885541,True,0.30581615353045954,0.4263770783861789
esm2_top4_bilstm_attn,test,1,G,mean_distance_to_q3_boundary,geometry_boundaries,18,20,32,1.1249999999999998,1.3467592592592592,-0.2217592592592592,-1.7685522149445967,1.3250336964260783,True,0.6473537858825567,0.7566424981875913
esm2_top4_bilstm_attn,test,1,G,structured_linker_fraction,geometry_boundaries,18,20,32,0.0,0.0,0.0,0.0,0.0,True,1.0,1.0
esm2_top4_bilstm_attn,test,1,G,mean_disorder,disorder,18,20,32,0.019561705228018835,0.00628645797310853,0.013275247254910309,0.0015914353456964458,0.02495905916412417,True,0.01760723870924757,0.03667903516695382
esm2_top4_bilstm_attn,test,1,G,max_disorder,disorder,18,20,32,0.02203148869254311,0.008143363552503731,0.013888125140039386,0.001187749473666743,0.02658850080641203,True,0.031083806487533103,0.060853705694469844
esm2_top4_bilstm_attn,test,1,G,fraction_glycine,sequence,18,20,32,0.05555555555555555,0.09722222222222221,-0.041666666666666664,-0.164968855253645,0.08163552192031168,True,0.27554990692865844,0.39226704645296595
esm2_top4_bilstm_attn,test,1,G,fraction_proline,sequence,18,20,32,0.05555555555555555,0.07175925925925924,-0.016203703703703706,-0.09506885717045149,0.06266144976304408,True,0.4076308410266709,0.5335655724007643
esm2_top4_bilstm_attn,test,1,G,fraction_hydrophobic,sequence,18,20,32,0.19907407407407407,0.39151234567901233,-0.19243827160493826,-0.40794226790568855,0.023065724695812057,True,0.06086929477327806,0.11076377052123418
esm2_top4_bilstm_attn,test,1,G,fraction_charged,sequence,18,20,32,0.46759259259259256,0.25493827160493826,0.21265432098765427,0.019035174440994923,0.4062734675343136,True,0.06705771327947888,0.12034083258912849
esm2_top4_bilstm_attn,test,1,G,fraction_aromatic,sequence,18,20,32,0.018518518518518517,0.07962962962962963,-0.061111111111111116,-0.14009821291828695,0.0178759906960647,True,0.11206056266943305,0.1847278217383487
esm2_top4_bilstm_attn,test,1,G,sequence_entropy,sequence,18,20,32,1.1354358801504647,1.2194827251517866,-0.08404684500132203,-0.4396624461635167,0.2715687561608726,True,0.5132919253032897,0.6375606169913381
esm2_top4_bilstm_attn,test,1,H,mean_neq,neq,9,11,19,1.3884080050813385,1.3845708577370344,0.0038371473443042556,,,False,,
esm2_top4_bilstm_attn,test,1,H,max_neq,neq,9,11,19,2.490456790123457,2.6352148148148147,-0.14475802469135793,,,False,,
esm2_top4_bilstm_attn,test,1,H,neq_peak_fraction,neq,9,11,19,0.06885484885484887,0.1138539927755614,-0.044999143920712546,,,False,,
esm2_top4_bilstm_attn,test,1,H,neq_peak_excess,neq,9,11,19,1.1020487850421186,1.2506439570777805,-0.1485951720356622,,,False,,
esm2_top4_bilstm_attn,test,1,H,mean_rsa,exposure_length_position,9,11,19,0.3135412624661338,0.314895196081605,-0.0013539336154712095,,,False,,
esm2_top4_bilstm_attn,test,1,H,max_rsa,exposure_length_position,9,11,19,0.5971457008962279,0.549773271712992,0.04737242918323588,,,False,,
esm2_top4_bilstm_attn,test,1,H,log_segment_length,exposure_length_position,9,11,19,2.4375692688301487,2.3058383789575014,0.13173088987264722,,,False,,
esm2_top4_bilstm_attn,test,1,H,normalized_midpoint,exposure_length_position,9,11,19,0.48337182088783176,0.5883974478526517,-0.10502562696481979,,,False,,
esm2_top4_bilstm_attn,test,1,H,mean_torsion_change,geometry_boundaries,9,11,19,20.02179628267082,19.047878180902632,0.9739181017681867,,,False,,
esm2_top4_bilstm_attn,test,1,H,max_torsion_change,geometry_boundaries,9,11,19,96.03078162761551,80.9470034706774,15.083778156938106,,,False,,
esm2_top4_bilstm_attn,test,1,H,q3_boundary_fraction,geometry_boundaries,9,11,19,0.28319754319754314,0.3239381442812815,-0.04074060108373834,,,False,,
esm2_top4_bilstm_attn,test,1,H,mean_distance_to_q3_boundary,geometry_boundaries,9,11,19,2.005866725866726,2.056999853813579,-0.05113312794685346,,,False,,
esm2_top4_bilstm_attn,test,1,H,structured_linker_fraction,geometry_boundaries,9,11,19,0.0,0.0,0.0,,,False,,
esm2_top4_bilstm_attn,test,1,H,mean_disorder,disorder,9,11,19,0.022918978551202545,0.03205018748315289,-0.009131208931950342,,,False,,
esm2_top4_bilstm_attn,test,1,H,max_disorder,disorder,9,11,19,0.03999746766769219,0.06572870478913598,-0.025731237121443786,,,False,,
esm2_top4_bilstm_attn,test,1,H,fraction_glycine,sequence,9,11,19,0.09002849002849003,0.048368606701940035,0.04165988332654999,,,False,,
esm2_top4_bilstm_attn,test,1,H,fraction_proline,sequence,9,11,19,0.005291005291005291,0.008318478906714201,-0.00302747361570891,,,False,,
esm2_top4_bilstm_attn,test,1,H,fraction_hydrophobic,sequence,9,11,19,0.4085507085507086,0.46375119071197507,-0.05520048216126647,,,False,,
esm2_top4_bilstm_attn,test,1,H,fraction_charged,sequence,9,11,19,0.27005735005735004,0.3358083637495402,-0.06575101369219018,,,False,,
esm2_top4_bilstm_attn,test,1,H,fraction_aromatic,sequence,9,11,19,0.06737817737817736,0.14467291967291965,-0.07729474229474229,,,False,,
esm2_top4_bilstm_attn,test,1,H,sequence_entropy,sequence,9,11,19,2.80424683679559,2.4416281345733086,0.3626187022222815,,,False,,
esm2_top28_bilstm_attn,train,1,C,mean_neq,neq,861,2710,7188,1.8678949244565894,1.4414573964382307,0.4264375280183585,0.3879147660817921,0.4649602899549249,True,6.582114382838968e-81,7.418042909459517e-79
esm2_top28_bilstm_attn,train,1,C,max_neq,neq,861,2710,7188,2.8306673447460615,1.8647517772855515,0.96591556746051,0.887376069164781,1.044455065756239,True,1.5159497430969974e-92,2.697592674426815e-90
esm2_top28_bilstm_attn,train,1,C,neq_peak_fraction,neq,861,2710,7188,0.16483730665314172,0.1254551754209422,0.0393821312321995,0.02777892174099906,0.05098534072339995,True,3.010019311229135e-10,1.633527334071542e-09
esm2_top28_bilstm_attn,train,1,C,neq_peak_excess,neq,861,2710,7188,0.962772420289472,0.42329438084732035,0.5394780394421517,0.48846523296642463,0.5904908459178787,True,6.692253374482097e-77,5.801668886954864e-75
esm2_top28_bilstm_attn,train,1,C,mean_rsa,exposure_length_position,861,2710,7188,0.4438848220321402,0.3815231849274195,0.06236163710472067,0.054148886958894325,0.070574387250547,True,2.3278829821384856e-44,8.198512877718978e-43
esm2_top28_bilstm_attn,train,1,C,max_rsa,exposure_length_position,861,2710,7188,0.6140588718214193,0.4884250708820835,0.12563380093933588,0.11437729824219567,0.13689030363647609,True,2.0800278122773547e-74,1.7152619593438382e-72
esm2_top28_bilstm_attn,train,1,C,log_segment_length,exposure_length_position,861,2710,7188,1.8453602969636165,1.2499113836007356,0.5954489133628807,0.5590883596478603,0.6318094670779012,True,3.7927801674281243e-109,1.4248210828971654e-106
esm2_top28_bilstm_attn,train,1,C,normalized_midpoint,exposure_length_position,861,2710,7188,0.49284595368379897,0.5183798787819278,-0.025533925098128796,-0.047240194322657816,-0.003827655873599775,True,0.009646080192980624,0.0212465127898811
esm2_top28_bilstm_attn,train,1,C,mean_torsion_change,geometry_boundaries,861,2710,7188,75.2848905499491,77.03581537512534,-1.7509248251762444,-4.225609148775084,0.7237594984225957,True,0.02880733054147676,0.05699097984829311
esm2_top28_bilstm_attn,train,1,C,max_torsion_change,geometry_boundaries,861,2710,7188,143.67964997454726,110.30166455232664,33.37798542222061,30.069143204924394,36.68682763951683,True,5.081139791670422e-65,2.5263725934761317e-63
esm2_top28_bilstm_attn,train,1,C,q3_boundary_fraction,geometry_boundaries,861,2710,7188,0.17234991939596903,0.47923830256206945,-0.30688838316610045,-0.3237261356230054,-0.2900506307091955,True,4.773934121073268e-116,3.228134252669744e-113
esm2_top28_bilstm_attn,train,1,C,mean_distance_to_q3_boundary,geometry_boundaries,861,2710,7188,3.1239668843490107,1.491053015669534,1.6329138686794764,1.4629146620169264,1.8029130753420264,True,2.9014860333413928e-86,4.087468449469687e-84
esm2_top28_bilstm_attn,train,1,C,structured_linker_fraction,geometry_boundaries,861,2710,7188,0.7290332812109817,0.5864453049867027,0.1425879762242789,0.11533667187891225,0.16983928056964556,True,4.999276355007427e-24,7.285583343224185e-23
esm2_top28_bilstm_attn,train,1,C,mean_disorder,disorder,861,2710,7188,0.1478151495965111,0.12964943783688956,0.018165711759621533,0.006202997399571185,0.030128426119671883,True,0.19576167106568843,0.29364250659853264
esm2_top28_bilstm_attn,train,1,C,max_disorder,disorder,861,2710,7188,0.23349178152627692,0.19601382308819126,0.03747795843808569,0.019123628084974652,0.05583228879119673,True,0.027694024072309854,0.05507362650186245
esm2_top28_bilstm_attn,train,1,C,fraction_glycine,sequence,861,2710,7188,0.09938985247097026,0.07496420285725033,0.024425649613719933,0.014685958374898538,0.03416534085254133,True,3.308972364036846e-06,1.2403143639477358e-05
esm2_top28_bilstm_attn,train,1,C,fraction_proline,sequence,861,2710,7188,0.07355276467760939,0.07274319516404998,0.0008095695135594118,-0.0076472789376548864,0.00926641796477371,True,0.8936695521170714,0.9495094198740042
esm2_top28_bilstm_attn,train,1,C,fraction_hydrophobic,sequence,861,2710,7188,0.2673494697355191,0.31358104868330144,-0.046231578947782265,-0.06011303581799562,-0.03235012207756891,True,2.8265415779105582e-11,1.6795319991064318e-10
esm2_top28_bilstm_attn,train,1,C,fraction_charged,sequence,861,2710,7188,0.23722580370352023,0.23689167233394443,0.00033413136957576457,-0.013648835960669283,0.014317098699820811,True,0.7569087164068887,0.8454272778895575
esm2_top28_bilstm_attn,train,1,C,fraction_aromatic,sequence,861,2710,7188,0.05579594499594948,0.06160955786400943,-0.005813612868059935,-0.013222445978928018,0.0015952202428081473,True,0.007953397852793776,0.017903087976228867
esm2_top28_bilstm_attn,train,1,C,sequence_entropy,sequence,861,2710,7188,1.933693536606964,1.06346847231257,0.8702250642943941,0.815634483978859,0.9248156446099292,True,2.2422374211713443e-104,5.415003372128796e-102
esm2_top28_bilstm_attn,train,1,S,mean_neq,neq,288,533,1044,1.8755156981417183,1.444247939554016,0.4312677585877022,0.3421017256375948,0.5204337915378097,True,1.3178953076675448e-17,1.1695023714498608e-16
esm2_top28_bilstm_attn,train,1,S,max_neq,neq,288,533,1044,2.0699715374228393,1.5002754670034184,0.569696070419421,0.4692071878222679,0.6701849530165742,True,2.3720098363129856e-22,3.084525098682386e-21
esm2_top28_bilstm_attn,train,1,S,neq_peak_fraction,neq,288,533,1044,0.27853973765432094,0.21532027000777,0.06321946764655098,0.013997726415370566,0.1124412088777314,True,0.012294129046157483,0.026509215755777076
esm2_top28_bilstm_attn,train,1,S,neq_peak_excess,neq,288,533,1044,0.1944558392811214,0.05602752744940245,0.13842831183171897,0.10644988124632893,0.17040674241710901,True,2.688277033311684e-15,2.037906872113633e-14
esm2_top28_bilstm_attn,train,1,S,mean_rsa,exposure_length_position,288,533,1044,0.5199125480548878,0.39187464475031164,0.12803790330457615,0.10634326260037663,0.14973254400877567,True,3.1216123953072604e-23,4.30782510552402e-22
esm2_top28_bilstm_attn,train,1,S,max_rsa,exposure_length_position,288,533,1044,0.5728382088632012,0.4158722465277472,0.15696596233545404,0.1324891107323029,0.18144281393860517,True,9.108696769335106e-26,1.4526652725057546e-24
esm2_top28_bilstm_attn,train,1,S,log_segment_length,exposure_length_position,288,533,1044,0.9403759163995331,0.7861430652318657,0.15423285116766733,0.1252163371860189,0.18324936514931575,True,3.3397606510529464e-18,3.076955929905852e-17
esm2_top28_bilstm_attn,train,1,S,normalized_midpoint,exposure_length_position,288,533,1044,0.498863224597978,0.5270467593643376,-0.02818353476635958,-0.06275919924985605,0.006392129717136898,True,0.050375101789653536,0.09322288951878413
esm2_top28_bilstm_attn,train,1,S,mean_torsion_change,geometry_boundaries,288,533,1044,135.83673793041166,146.31590633420953,-10.479168403797868,-16.7638023723103,-4.194534435285436,True,0.0031850907108200376,0.00784897353737795
esm2_top28_bilstm_attn,train,1,S,max_torsion_change,geometry_boundaries,288,533,1044,152.75711467057948,151.76669636226063,0.9904183083188545,-5.439706527421622,7.42054314405933,True,0.3175088570843905,0.4390582600418504
esm2_top28_bilstm_attn,train,1,S,q3_boundary_fraction,geometry_boundaries,288,533,1044,0.08746383101851851,0.33363086566211564,-0.24616703464359713,-0.2895152967186364,-0.20281877256855785,True,1.4300701822946102e-23,2.0315408766126375e-22
esm2_top28_bilstm_attn,train,1,S,mean_distance_to_q3_boundary,geometry_boundaries,288,533,1044,2.1691020447530867,1.277927560479644,0.8911744842734426,0.6530166884218971,1.129332280124988,True,1.0401646699242617e-21,1.2929399812551209e-20
esm2_top28_bilstm_attn,train,1,S,structured_linker_fraction,geometry_boundaries,288,533,1044,0.9388020833333334,0.8980591746216745,0.040742908711658705,0.006543217897796126,0.07494259952552129,True,0.0003279727136796694,0.0009572634518997421
esm2_top28_bilstm_attn,train,1,S,mean_disorder,disorder,288,533,1044,0.02312868343122841,0.010828910452598003,0.012299772978630408,0.009089013159246513,0.015510532798014303,True,4.9002592789915155e-17,4.080733158194659e-16
esm2_top28_bilstm_attn,train,1,S,max_disorder,disorder,288,533,1044,0.025026746658952263,0.011175809534803967,0.013850937124148295,0.010496440016489085,0.017205434231807502,True,4.104959010331887e-19,4.118357986330003e-18
esm2_top28_bilstm_attn,train,1,S,fraction_glycine,sequence,288,533,1044,0.2680748456790123,0.22494279447404444,0.04313205120496787,-0.004585021909924623,0.09084912431986036,True,0.1943153081690484,0.2921209679500012
esm2_top28_bilstm_attn,train,1,S,fraction_proline,sequence,288,533,1044,0.020360725308641976,0.013430122154080489,0.0069306031545614865,-0.0033717856699858927,0.017232991979108866,True,0.838140269973951,0.905931027104197
esm2_top28_bilstm_attn,train,1,S,fraction_hydrophobic,sequence,288,533,1044,0.10730613425925924,0.20163968940010607,-0.09433355514084679,-0.1326753073638617,-0.055991802917831866,True,4.6781646759429813e-07,1.94310500852128e-06
esm2_top28_bilstm_attn,train,1,S,fraction_charged,sequence,288,533,1044,0.3403669945987654,0.29500630542297207,0.045360689175793334,-0.009270620758295649,0.09999199910988232,True,0.2880911581491368,0.4060175930396963
esm2_top28_bilstm_attn,train,1,S,fraction_aromatic,sequence,288,533,1044,0.02199074074074074,0.035178421115921114,-0.013187680375180377,-0.03214930349130995,0.005773942740949195,True,0.055977931587762764,0.10241417029124777
esm2_top28_bilstm_attn,train,1,S,sequence_entropy,sequence,288,533,1044,0.507075281038484,0.21690844909857032,0.2901668319399137,0.22494987598324634,0.3553837878965811,True,2.028408846930036e-13,1.382671433764204e-12
esm2_top28_bilstm_attn,train,1,T,mean_neq,neq,607,1432,2957,1.9333562647294844,1.51184718082794,0.42150908390154435,0.3596765696923631,0.4833415981107256,True,4.913413361678312e-36,1.2490413966792762e-34
esm2_top28_bilstm_attn,train,1,T,max_neq,neq,607,1432,2957,2.223009254445292,1.6819941364287896,0.541015118016503,0.4687492857875236,0.6132809502454825,True,3.998134880943401e-40,1.17545165499736e-38
esm2_top28_bilstm_attn,train,1,T,neq_peak_fraction,neq,607,1432,2957,0.23824721483288205,0.1571645948892858,0.08108261994359625,0.05821611138705393,0.10394912850013857,True,6.226053301975119e-11,3.5618081580334816e-10
esm2_top28_bilstm_attn,train,1,T,neq_peak_excess,neq,607,1432,2957,0.2896529897158082,0.1701469556008495,0.11950603411495869,0.09641513143162225,0.14259693679829513,True,2.915107974446413e-21,3.386934729073307e-20
esm2_top28_bilstm_attn,train,1,T,mean_rsa,exposure_length_position,607,1432,2957,0.6126663131233828,0.533422808997934,0.07924350412544874,0.06753358888468493,0.09095341936621255,True,1.8754258227015659e-35,4.662363754819113e-34
esm2_top28_bilstm_attn,train,1,T,max_rsa,exposure_length_position,607,1432,2957,0.6825442575220402,0.6021196488076842,0.08042460871435601,0.06766763239542205,0.09318158503328998,True,4.931756261899893e-34,1.1579352723252459e-32
esm2_top28_bilstm_attn,train,1,T,log_segment_length,exposure_length_position,607,1432,2957,1.0751984959251835,0.9897293494049616,0.08546914652022213,0.06887574879696656,0.10206254424347769,True,9.963413986835546e-25,1.5174010220491433e-23
esm2_top28_bilstm_attn,train,1,T,normalized_midpoint,exposure_length_position,607,1432,2957,0.4821232531225047,0.49906424438219554,-0.016940991259690858,-0.040325414064581205,0.006443431545199493,True,0.17328250828634728,0.26559980452217513
esm2_top28_bilstm_attn,train,1,T,mean_torsion_change,geometry_boundaries,607,1432,2957,95.73690702441469,90.97504703656048,4.761859987854196,1.1475131377809187,8.376206837927473,True,0.0188872031693379,0.03905665682907122
esm2_top28_bilstm_attn,train,1,T,max_torsion_change,geometry_boundaries,607,1432,2957,140.41815447668301,128.53358594120246,11.884568535480554,7.245254567744797,16.52388250321631,True,1.2058793322294165e-06,4.762941614798665e-06
esm2_top28_bilstm_attn,train,1,T,q3_boundary_fraction,geometry_boundaries,607,1432,2957,0.14579699085465148,0.38349438257186996,-0.2376973917172184,-0.26344984869053234,-0.2119449347439045,True,5.919945919835424e-54,2.533586981640958e-52
esm2_top28_bilstm_attn,train,1,T,mean_distance_to_q3_boundary,geometry_boundaries,607,1432,2957,2.0710391670688213,1.2916792842983225,0.7793598827704986,0.6560487981560009,0.9026709673849963,True,1.6056990945278389e-40,4.762165472454933e-39
esm2_top28_bilstm_attn,train,1,T,structured_linker_fraction,geometry_boundaries,607,1432,2957,0.9061372135095365,0.8608501178546981,0.04528709565483834,0.02177472756427991,0.06879946374539678,True,1.708431556870265e-08,8.011382931731436e-08
esm2_top28_bilstm_attn,train,1,T,mean_disorder,disorder,607,1432,2957,0.037030941854982846,0.02458608833120512,0.012444853523777725,0.009573115847179427,0.015316591200376022,True,3.97253644013747e-20,4.277434937612989e-19
esm2_top28_bilstm_attn,train,1,T,max_disorder,disorder,607,1432,2957,0.04131284593344426,0.026615597482456788,0.014697248450987476,0.011587648973393098,0.017806847928581854,True,1.6005701794849025e-22,2.0974913863714943e-21
esm2_top28_bilstm_attn,train,1,T,fraction_glycine,sequence,607,1432,2957,0.21964542062976988,0.2353048495197176,-0.015659428889947716,-0.03967814238763524,0.008359284607739815,True,0.03994936312332086,0.07613799138666733
esm2_top28_bilstm_attn,train,1,T,fraction_proline,sequence,607,1432,2957,0.11965591032312611,0.061168493062807854,0.05848741726031829,0.041856017096352775,0.0751188174242838,True,1.6338281305533445e-07,7.082016550513921e-07
esm2_top28_bilstm_attn,train,1,T,fraction_hydrophobic,sequence,607,1432,2957,0.11463553713965574,0.16225410182208064,-0.0476185646824249,-0.06666205396654018,-0.028575075398309623,True,4.7976606358624026e-09,2.3373041224568853e-08
esm2_top28_bilstm_attn,train,1,T,fraction_charged,sequence,607,1432,2957,0.3064340629167647,0.29333419553255474,0.013099867384210012,-0.014677681372949312,0.04087741614136933,True,0.5614437527896697,0.680129461906798
esm2_top28_bilstm_attn,train,1,T,fraction_aromatic,sequence,607,1432,2957,0.02486165094896561,0.04671622209045192,-0.021854571141486312,-0.031923895068581745,-0.011785247214390882,True,8.340385478949316e-08,3.715262622441059e-07
esm2_top28_bilstm_attn,train,1,T,sequence_entropy,sequence,607,1432,2957,0.859480830211447,0.6742237870201211,0.18525704319132577,0.1462712310730053,0.22424285530964624,True,1.5142957307138613e-21,1.796432935278444e-20
esm2_top28_bilstm_attn,train,1,H,mean_neq,neq,73,78,201,1.4260333915974581,1.1561872151619477,0.26984617643551045,0.1461206482402701,0.3935717046307508,True,1.6136721399559694e-06,6.26386395544332e-06
esm2_top28_bilstm_attn,train,1,H,max_neq,neq,73,78,201,2.5667214611872144,1.5802185257664711,0.9865029354207435,0.6877711918080569,1.2852346790334301,True,8.444285791411168e-08,3.751659692609876e-07
esm2_top28_bilstm_attn,train,1,H,neq_peak_fraction,neq,73,78,201,0.10501632855093034,0.030903947427566605,0.07411238112336374,0.032406404851392186,0.1158183573953353,True,1.4595141064948281e-05,5.0819950505242164e-05
esm2_top28_bilstm_attn,train,1,H,neq_peak_excess,neq,73,78,201,1.1406880695897565,0.42403131060452326,0.7166567589852333,0.4898035040680475,0.9435100139024191,True,1.843814365821226e-07,7.953202095717964e-07
esm2_top28_bilstm_attn,train,1,H,mean_rsa,exposure_length_position,73,78,201,0.33907259098398146,0.31555147427464053,0.023521116709340935,-0.007531127385137077,0.05457336080381894,True,0.22125094644863275,0.32592204294528715
esm2_top28_bilstm_attn,train,1,H,max_rsa,exposure_length_position,73,78,201,0.5966614182000834,0.5703446311394621,0.02631678706062154,-0.02028014526796747,0.07291371938921055,True,0.1271158225158549,0.20524288248620126
esm2_top28_bilstm_attn,train,1,H,log_segment_length,exposure_length_position,73,78,201,2.2405771592413757,2.0585597510916265,0.18201740814974945,0.01665901036830897,0.34737580593118994,True,0.02578995903497971,0.051686930348112864
esm2_top28_bilstm_attn,train,1,H,normalized_midpoint,exposure_length_position,73,78,201,0.5376590061854623,0.5257972597270063,0.011861746458455903,-0.07134549819239797,0.09506899110930978,True,0.8928566819549912,0.9495094198740042
esm2_top28_bilstm_attn,train,1,H,mean_torsion_change,geometry_boundaries,73,78,201,24.370307085918192,28.29242834784049,-3.9221212619223005,-8.672283451136128,0.8280409272915268,True,0.037449571320410775,0.07165648026842605
esm2_top28_bilstm_attn,train,1,H,max_torsion_change,geometry_boundaries,73,78,201,118.33565833411369,119.69713627111084,-1.3614779369971524,-18.8606071321371,16.1376512581428,True,0.828088430908853,0.8988016002898337
esm2_top28_bilstm_attn,train,1,H,q3_boundary_fraction,geometry_boundaries,73,78,201,0.30357830478644043,0.3426325358037679,-0.03905423101732744,-0.09925318556790441,0.02114472353324954,True,0.03476531152199983,0.06716658186050367
esm2_top28_bilstm_attn,train,1,H,mean_distance_to_q3_boundary,geometry_boundaries,73,78,201,2.217435691656784,1.783979200818285,0.4334564908384991,0.04445913040309202,0.8224538512739061,True,0.04111608292326294,0.07805355728388685
esm2_top28_bilstm_attn,train,1,H,structured_linker_fraction,geometry_boundaries,73,78,201,0.0,0.0,0.0,0.0,0.0,True,1.0,1.0
esm2_top28_bilstm_attn,train,1,H,mean_disorder,disorder,73,78,201,0.0323775648103137,0.036709281096800585,-0.004331716286486882,-0.018127299076710665,0.009463866503736899,True,0.38355528550864326,0.5083498315581038
esm2_top28_bilstm_attn,train,1,H,max_disorder,disorder,73,78,201,0.05173823920867431,0.05749388547952836,-0.005755646270854049,-0.025367836190279824,0.013856543648571728,True,0.4731073239795133,0.6015704634730104
esm2_top28_bilstm_attn,train,1,H,fraction_glycine,sequence,73,78,201,0.04193360524393813,0.020622076533502263,0.021311528710435873,0.003709678151530355,0.038913379269341394,True,0.1815329485467807,0.2768438877026006
esm2_top28_bilstm_attn,train,1,H,fraction_proline,sequence,73,78,201,0.041106175705987416,0.022795085821586302,0.018311089884401114,-0.00337341365671958,0.03999559342552181,True,0.7052686270184856,0.8042203129677907
esm2_top28_bilstm_attn,train,1,H,fraction_hydrophobic,sequence,73,78,201,0.39572155007632326,0.469589628157499,-0.07386807808117558,-0.11837139706816237,-0.0293647590941888,True,0.0008057158313967756,0.002212936820432574
esm2_top28_bilstm_attn,train,1,H,fraction_charged,sequence,73,78,201,0.30173267068688814,0.30181570274824604,-8.303206135782484e-05,-0.057251951005052745,0.057085886882337095,True,0.7332147483387479,0.8250218210870374
esm2_top28_bilstm_attn,train,1,H,fraction_aromatic,sequence,73,78,201,0.08477961545865226,0.10881109946816946,-0.0240314840095172,-0.055404407124123804,0.007341439105089408,True,0.058167405962550614,0.10616718146485543
esm2_top28_bilstm_attn,train,1,H,sequence_entropy,sequence,73,78,201,2.502560527140577,2.241346298842401,0.26121422829817587,0.0313838203143674,0.49104463628198436,True,0.004923370488789736,0.011722475790562039
esm2_top28_bilstm_attn,train,1,G,mean_neq,neq,86,106,220,1.6873229328165376,1.3450261362238105,0.3422967965927268,0.20913519704761677,0.4754583961378369,True,3.5025011184083164e-05,0.00011666952001318737
esm2_top28_bilstm_attn,train,1,G,max_neq,neq,86,106,220,2.1451770025839796,1.6444078903654484,0.5007691122185308,0.3026074124399669,0.6989308119970947,True,1.5679819842749502e-05,5.442861487508836e-05
esm2_top28_bilstm_attn,train,1,G,neq_peak_fraction,neq,86,106,220,0.13129844961240308,0.08079724431468617,0.05050120529771693,-0.005772354954444989,0.10677476554987884,True,0.10860602299625118,0.18008678948029683
esm2_top28_bilstm_attn,train,1,G,neq_peak_excess,neq,86,106,220,0.457854069767442,0.2993817541416378,0.158472315625804,0.04320083037173286,0.27374380087987515,True,0.0209953626083439,0.043047496045367326
esm2_top28_bilstm_attn,train,1,G,mean_rsa,exposure_length_position,86,106,220,0.4260720599400907,0.3533384076038139,0.07273365233627672,0.023055643317830478,0.12241166135472298,True,0.006892105038934931,0.015787403209105013
esm2_top28_bilstm_attn,train,1,G,max_rsa,exposure_length_position,86,106,220,0.5655468679069316,0.46297304575596565,0.10257382215096607,0.039571944350276625,0.1655756999516555,True,0.0042186106944059895,0.010173411382158808
esm2_top28_bilstm_attn,train,1,G,log_segment_length,exposure_length_position,86,106,220,1.2278997577817488,1.103688292358711,0.12421146542303751,0.03692106686949197,0.21150186397658305,True,0.006681917812612494,0.015357963374876165
esm2_top28_bilstm_attn,train,1,G,normalized_midpoint,exposure_length_position,86,106,220,0.5123279661823936,0.49539219448610367,0.01693577169628999,-0.06761158938700604,0.10148313277958601,True,0.6434398670387769,0.7551094031440836
esm2_top28_bilstm_attn,train,1,G,mean_torsion_change,geometry_boundaries,86,106,220,58.3189728758878,55.638578451654496,2.680394424233302,-6.8336286944587545,12.19441754292536,True,0.8683293915756266,0.9302350040929004
esm2_top28_bilstm_attn,train,1,G,max_torsion_change,geometry_boundaries,86,106,220,109.45438169217562,95.0169673846774,14.437414307498239,-2.8513512769226477,31.726179891919124,True,0.11354599357659584,0.18644924928726106
esm2_top28_bilstm_attn,train,1,G,q3_boundary_fraction,geometry_boundaries,86,106,220,0.5145994832041343,0.5080748654876562,0.006524617716478191,-0.0898904940992722,0.10293972953222859,True,0.6339600930151594,0.7463158337340717
esm2_top28_bilstm_attn,train,1,G,mean_distance_to_q3_boundary,geometry_boundaries,86,106,220,0.9925710594315246,1.2137899621911252,-0.22121890275960043,-0.6359867220806665,0.19354891656146572,True,0.18612298096742774,0.2818100307437856
esm2_top28_bilstm_attn,train,1,G,structured_linker_fraction,geometry_boundaries,86,106,220,0.0,0.0,0.0,0.0,0.0,True,1.0,1.0
esm2_top28_bilstm_attn,train,1,G,mean_disorder,disorder,86,106,220,0.0167742610154488,0.0180969537307575,-0.0013226927153086997,-0.009514417449602028,0.006869032018984629,True,0.67146320546196,0.7769394584760051
esm2_top28_bilstm_attn,train,1,G,max_disorder,disorder,86,106,220,0.019821610893510862,0.020369604846224,-0.0005479939527131353,-0.009481021669332117,0.008385033763905845,True,0.7911490441561437,0.8715786635033959
esm2_top28_bilstm_attn,train,1,G,fraction_glycine,sequence,86,106,220,0.055232558139534885,0.04739756367663344,0.007834994462901439,-0.03388553307476573,0.049555522000568605,True,0.8102460547899426,0.8854046254831273
esm2_top28_bilstm_attn,train,1,G,fraction_proline,sequence,86,106,220,0.08129844961240308,0.0880900645435529,-0.006791614931149814,-0.06449352410572197,0.05091029424342234,True,0.2645025920534634,0.379521403417559
esm2_top28_bilstm_attn,train,1,G,fraction_hydrophobic,sequence,86,106,220,0.3098837209302325,0.3740677819166191,-0.06418406098638657,-0.15131989826768094,0.0229517762949078,True,0.1240009766480177,0.20127090832786743
esm2_top28_bilstm_attn,train,1,G,fraction_charged,sequence,86,106,220,0.3412144702842377,0.27154553564437284,0.06966893463986486,-0.019880903215517567,0.1592187724952473,True,0.08914451576061165,0.15401001930844557
esm2_top28_bilstm_attn,train,1,G,fraction_aromatic,sequence,86,106,220,0.05901162790697675,0.11588266384778009,-0.05687103594080338,-0.10664353484943664,-0.007098537032170109,True,0.0034444433143941302,0.008445005689605914
esm2_top28_bilstm_attn,train,1,G,sequence_entropy,sequence,86,106,220,1.1030921785319647,0.8786091532105545,0.2244830253214104,0.03935143212623565,0.40961461851658515,True,0.02608875034994186,0.052223839510452
esm2_top28_bilstm_attn,train,1,E,mean_neq,neq,59,62,261,1.4979199475587188,1.1600276522891957,0.33789229526952286,0.19971197718219177,0.4760726133568539,True,2.13582286082557e-06,8.168797615895082e-06
esm2_top28_bilstm_attn,train,1,E,max_neq,neq,59,62,261,2.02419209039548,1.431326981681219,0.5928651087142613,0.34996691585488016,0.8357633015736425,True,7.6072375738960605e-06,2.759664188556071e-05
esm2_top28_bilstm_attn,train,1,E,neq_peak_fraction,neq,59,62,261,0.08975438403404505,0.04493108115989471,0.04482330287415034,0.005742030342301176,0.08390457540599949,True,0.14778860949317096,0.23273092160987938
esm2_top28_bilstm_attn,train,1,E,neq_peak_excess,neq,59,62,261,0.5262721428367614,0.27129932939202306,0.2549728134447384,0.11217881881037425,0.3977668080791025,True,0.0002997910512944519,0.0008821527801797579
esm2_top28_bilstm_attn,train,1,E,mean_rsa,exposure_length_position,59,62,261,0.3422324323828614,0.21871545342177365,0.12351697896108771,0.08514244090585688,0.16189151701631854,True,6.062047311627061e-07,2.469371320555553e-06
esm2_top28_bilstm_attn,train,1,E,max_rsa,exposure_length_position,59,62,261,0.49454982951283455,0.36422870456118,0.13032112495165452,0.08702122412555782,0.1736210257777512,True,1.7061841061604668e-06,6.592695386204044e-06
esm2_top28_bilstm_attn,train,1,E,log_segment_length,exposure_length_position,59,62,261,1.6571615344573478,1.738225823479473,-0.08106428902212474,-0.22678687609871756,0.06465829805446809,True,0.26880877407668313,0.3839135180932977
esm2_top28_bilstm_attn,train,1,E,normalized_midpoint,exposure_length_position,59,62,261,0.45447450475750545,0.5082237675020941,-0.053749262744588674,-0.14308302163257094,0.035584496143393596,True,0.3264742202661942,0.4487029832195133
esm2_top28_bilstm_attn,train,1,E,mean_torsion_change,geometry_boundaries,59,62,261,54.565448917211874,34.08528244499579,20.480166472216084,8.74758820715999,32.212744737272175,True,0.007711547398850018,0.017439961040476192
esm2_top28_bilstm_attn,train,1,E,max_torsion_change,geometry_boundaries,59,62,261,107.87555513121502,85.56675222413217,22.308802907082853,-1.3868293640559948,46.0044351782217,True,0.14310856880205589,0.2264155690780304
esm2_top28_bilstm_attn,train,1,E,q3_boundary_fraction,geometry_boundaries,59,62,261,0.5580181353486438,0.49061526145363926,0.06740287389500464,-0.019928216058824638,0.15473396384883392,True,0.1504552604456374,0.23626996542810033
esm2_top28_bilstm_attn,train,1,E,mean_distance_to_q3_boundary,geometry_boundaries,59,62,261,0.731832550688483,0.8768696016789237,-0.14503705099044084,-0.3854364641335357,0.09536236215265406,True,0.08663510608760747,0.15059809443814953
esm2_top28_bilstm_attn,train,1,E,structured_linker_fraction,geometry_boundaries,59,62,261,0.0,0.0,0.0,0.0,0.0,True,1.0,1.0
esm2_top28_bilstm_attn,train,1,E,mean_disorder,disorder,59,62,261,0.016344624369830425,0.01475190123974221,0.001592723130088212,-0.003873936154033318,0.0070593824142097415,True,0.33020930795289394,0.4528023476331187
esm2_top28_bilstm_attn,train,1,E,max_disorder,disorder,59,62,261,0.022897403962368498,0.02161156440507407,0.001285839557294427,-0.00594147803916184,0.008513157153750693,True,0.9518497833843963,0.9920481250378064
esm2_top28_bilstm_attn,train,1,E,fraction_glycine,sequence,59,62,261,0.11032663193680142,0.024929164526622156,0.08539746741017927,0.03473685646847111,0.13605807835188743,True,0.07876363167198203,0.13833757853660844
esm2_top28_bilstm_attn,train,1,E,fraction_proline,sequence,59,62,261,0.01440677966101695,0.022845760642370812,-0.008438980981353863,-0.02879285611855887,0.011914894155851142,True,0.011349253144938285,0.024628899154708825
esm2_top28_bilstm_attn,train,1,E,fraction_hydrophobic,sequence,59,62,261,0.3986646122239343,0.5915702689159105,-0.1929056566919763,-0.2689267502769944,-0.11688456310695816,True,1.1779404604836184e-05,4.139934196356667e-05
esm2_top28_bilstm_attn,train,1,E,fraction_charged,sequence,59,62,261,0.22921405336659573,0.1763749853186899,0.05283906804790583,-0.016238693743187434,0.1219168298389991,True,0.28717451712092856,0.4048945130883484
esm2_top28_bilstm_attn,train,1,E,fraction_aromatic,sequence,59,62,261,0.0716496074546922,0.12289376819037837,-0.051244160735686155,-0.08442730523710643,-0.01806101623426589,True,0.0024632746249702462,0.006224463009734233
esm2_top28_bilstm_attn,train,1,E,sequence_entropy,sequence,59,62,261,1.701580985061116,1.8812843824608605,-0.17970339739974467,-0.4227063453012586,0.0632995505017693,True,0.228624079569121,0.3354939292635409
esm2_top28_bilstm_attn,validation,1,C,mean_neq,neq,189,574,1476,1.9180331316868022,1.399700032222235,0.5183330994645672,0.4296104826506888,0.6070557162784456,True,8.925123815302704e-23,1.1974541118864462e-21
esm2_top28_bilstm_attn,validation,1,C,max_neq,neq,189,574,1476,2.9132947030776393,1.7293250221619212,1.1839696809157185,1.0255139853678743,1.3424253764635627,True,1.318726663885594e-26,2.240509975174469e-25
esm2_top28_bilstm_attn,validation,1,C,neq_peak_fraction,neq,189,574,1476,0.1812230544966973,0.11251341496599591,0.06870963953070137,0.038770495766068544,0.0986487832953342,True,8.563216445295537e-06,3.0865921963266755e-05
esm2_top28_bilstm_attn,validation,1,C,neq_peak_excess,neq,189,574,1476,0.9952615713908374,0.32962498993968614,0.6656365814511513,0.5695725636988113,0.7617005992034914,True,3.7409945704232936e-24,5.547501159035595e-23
esm2_top28_bilstm_attn,validation,1,C,mean_rsa,exposure_length_position,189,574,1476,0.45892914084471376,0.36587915305708163,0.09304998778763209,0.07502168284532842,0.11107829272993575,True,6.199231477278305e-17,5.124596974248887e-16
esm2_top28_bilstm_attn,validation,1,C,max_rsa,exposure_length_position,189,574,1476,0.629406863417007,0.46202914219902014,0.1673777212179868,0.14240525607297055,0.19235018636300305,True,3.056374443774815e-22,3.944122898626966e-21
esm2_top28_bilstm_attn,validation,1,C,log_segment_length,exposure_length_position,189,574,1476,1.8574285786586457,1.1713659755315349,0.6860626031271108,0.6021539177454464,0.7699712885087752,True,9.974621149447586e-27,1.738360520942386e-25
esm2_top28_bilstm_attn,validation,1,C,normalized_midpoint,exposure_length_position,189,574,1476,0.49103843078296433,0.5056130901195217,-0.014574659336557397,-0.06003779887371733,0.030888480200602537,True,0.5225607682717781,0.6472957717622148
esm2_top28_bilstm_attn,validation,1,C,mean_torsion_change,geometry_boundaries,189,574,1476,77.37470627921195,81.39374899874441,-4.01904271953245,-9.66890348208836,1.6308180430234591,True,0.06424379273803693,0.1158444070652282
esm2_top28_bilstm_attn,validation,1,C,max_torsion_change,geometry_boundaries,189,574,1476,145.93280524836914,109.4106762433432,36.52212900502592,29.586765525029673,43.457492485022165,True,4.1759023702185e-17,3.5034059339227666e-16
esm2_top28_bilstm_attn,validation,1,C,q3_boundary_fraction,geometry_boundaries,189,574,1476,0.19480744644305073,0.5254608647787566,-0.33065341833570583,-0.3697048937577111,-0.29160194291370056,True,1.081291037539404e-25,1.716359153953392e-24
esm2_top28_bilstm_attn,validation,1,C,mean_distance_to_q3_boundary,geometry_boundaries,189,574,1476,3.1729840664297626,1.239639714835741,1.933344351594022,1.5832466998905157,2.2834420032975284,True,1.3149674866525234e-21,1.5992464289108564e-20
esm2_top28_bilstm_attn,validation,1,C,structured_linker_fraction,geometry_boundaries,189,574,1476,0.7251756033502065,0.5992388675501589,0.12593673580004766,0.0711885053806737,0.18068496621942162,True,4.441021774359384e-06,1.6392024693350522e-05
esm2_top28_bilstm_attn,validation,1,C,mean_disorder,disorder,189,574,1476,0.14943881221675245,0.10829999250421976,0.04113881971253267,0.01637470927727536,0.06590293014778999,True,0.006418539616790786,0.01482314374615413
esm2_top28_bilstm_attn,validation,1,C,max_disorder,disorder,189,574,1476,0.23451296041189962,0.16560091574789734,0.06891204466400228,0.031022229309455245,0.1068018600185493,True,0.0018249169526806583,0.004731629000777075
esm2_top28_bilstm_attn,validation,1,C,fraction_glycine,sequence,189,574,1476,0.114422585903208,0.07741688642940622,0.03700569947380177,0.013687951429625117,0.060323447517978426,True,0.004063503098415798,0.00982037453591409
esm2_top28_bilstm_attn,validation,1,C,fraction_proline,sequence,189,574,1476,0.06942162242687579,0.07084822632085526,-0.001426603893979469,-0.018347602968957846,0.015494395180998908,True,0.276016324489488,0.392765653661178
esm2_top28_bilstm_attn,validation,1,C,fraction_hydrophobic,sequence,189,574,1476,0.2608590786661952,0.3168617722671073,-0.056002693600912055,-0.08514895778987414,-0.026856429411949972,True,0.0005245102600233606,0.001482750158142962
esm2_top28_bilstm_attn,validation,1,C,fraction_charged,sequence,189,574,1476,0.25347213352470077,0.23002948254930577,0.023442650975395007,-0.00843641874316382,0.05532172069395383,True,0.3605659533784743,0.48452946397637214
esm2_top28_bilstm_attn,validation,1,C,fraction_aromatic,sequence,189,574,1476,0.050482891671451084,0.07103493874059032,-0.020552047069139222,-0.037231635669982756,-0.003872458468295689,True,0.003821259285251044,0.009274714747619369
esm2_top28_bilstm_attn,validation,1,C,sequence_entropy,sequence,189,574,1476,1.9124048635425215,0.9304839526588922,0.981920910883629,0.8586198664483393,1.1052219553189186,True,2.2861085960852673e-25,3.5783949830390224e-24
esm2_top28_bilstm_attn,validation,1,T,mean_neq,neq,148,352,663,1.9450180215930215,1.5304856208759121,0.41453240071710956,0.301539359707093,0.5275254417271261,True,3.7943932556999845e-11,2.2272297912363975e-10
esm2_top28_bilstm_attn,validation,1,T,max_neq,neq,148,352,663,2.243306788931789,1.7257721046252867,0.5175346843065022,0.38004082317514065,0.6550285454378637,True,6.429025662912511e-11,3.671712122687027e-10
esm2_top28_bilstm_attn,validation,1,T,neq_peak_fraction,neq,148,352,663,0.21070758258258254,0.18543371338756734,0.025273869195015234,-0.018473105495828746,0.06902084388585922,True,0.3044380375615511,0.42463077763845053
esm2_top28_bilstm_attn,validation,1,T,neq_peak_excess,neq,148,352,663,0.29828876733876736,0.19528648374937463,0.10300228358939269,0.05691092358814932,0.14909364359063604,True,0.00013609984828146134,0.00041946543941624503
esm2_top28_bilstm_attn,validation,1,T,mean_rsa,exposure_length_position,148,352,663,0.6271203066743317,0.525861226299666,0.10125908037466573,0.07834013837489669,0.12417802237443477,True,1.7820973095098123e-13,1.2221645037429362e-12
esm2_top28_bilstm_attn,validation,1,T,max_rsa,exposure_length_position,148,352,663,0.6958278684205635,0.5950807700119124,0.10074709840865118,0.07569561544461613,0.1257985813726862,True,1.2640778870130164e-11,7.68677578415649e-11
esm2_top28_bilstm_attn,validation,1,T,log_segment_length,exposure_length_position,148,352,663,1.0657603469117938,1.0072820561498668,0.058478290761926975,0.029584938063110622,0.08737164346074333,True,6.912452019677794e-06,2.5130107826377013e-05
esm2_top28_bilstm_attn,validation,1,T,normalized_midpoint,exposure_length_position,148,352,663,0.5229011506254243,0.4871187745472043,0.03578237607822003,-0.011394970308228322,0.08295972246466839,True,0.20404222570827524,0.3041740586947436
esm2_top28_bilstm_attn,validation,1,T,mean_torsion_change,geometry_boundaries,148,352,663,100.16651666490863,91.37254284257556,8.793973822333067,1.442601395891466,16.14534624877467,True,0.03157683546058881,0.061701547927910876
esm2_top28_bilstm_attn,validation,1,T,max_torsion_change,geometry_boundaries,148,352,663,142.19413763269384,132.00076901250995,10.193368620183879,1.2557877489758127,19.130949491391945,True,0.014893716657453272,0.03155116291907865
esm2_top28_bilstm_attn,validation,1,T,q3_boundary_fraction,geometry_boundaries,148,352,663,0.14454767267267266,0.3580172519732611,-0.21346957930058844,-0.26149832767109,-0.16544083093008688,True,1.2658772853875571e-14,9.145151927126775e-14
esm2_top28_bilstm_attn,validation,1,T,mean_distance_to_q3_boundary,geometry_boundaries,148,352,663,1.861818961818962,1.4043158821809938,0.45750307963796816,0.20125055915014423,0.7137556001257921,True,5.4001452961674925e-06,1.9738260806856532e-05
esm2_top28_bilstm_attn,validation,1,T,structured_linker_fraction,geometry_boundaries,148,352,663,0.8851351351351351,0.8456761148444719,0.039459020290663296,-0.01565991584728077,0.09457795642860736,True,0.025709039324694597,0.05158591214052964
esm2_top28_bilstm_attn,validation,1,T,mean_disorder,disorder,148,352,663,0.03327744297817455,0.020687234702200467,0.012590208275974082,0.006028361655293048,0.019152054896655116,True,2.9231904776016125e-07,1.2354133755963813e-06
esm2_top28_bilstm_attn,validation,1,T,max_disorder,disorder,148,352,663,0.036676971030756386,0.02288424095675231,0.013792730074004084,0.00645447189791968,0.021130988250088488,True,3.106848320535592e-07,1.3081262978494193e-06
esm2_top28_bilstm_attn,validation,1,T,fraction_glycine,sequence,148,352,663,0.24047484984984985,0.23297866530942088,0.0074961845404289615,-0.04311306867977481,0.05810543776063273,True,0.9213565727674844,0.9704381845878083
esm2_top28_bilstm_attn,validation,1,T,fraction_proline,sequence,148,352,663,0.11696964821964823,0.05901095676387257,0.05795869145577563,0.02409840211102182,0.09181898080052944,True,0.00165964128919888,0.004341260145772694
esm2_top28_bilstm_attn,validation,1,T,fraction_hydrophobic,sequence,148,352,663,0.09106472543972544,0.16498891644365785,-0.07392419100393238,-0.10625295781755857,-0.04159542419030619,True,4.9517314644877675e-06,1.8177854594389946e-05
esm2_top28_bilstm_attn,validation,1,T,fraction_charged,sequence,148,352,663,0.3282134813384813,0.309690203741294,0.01852327759718734,-0.035146001639796164,0.07219255683417083,True,0.48685977277066494,0.6144355698908616
esm2_top28_bilstm_attn,validation,1,T,fraction_aromatic,sequence,148,352,663,0.017603764478764477,0.03990560202844685,-0.022301837549682377,-0.03843299332757394,-0.0061706817717908195,True,0.0004918704219442097,0.001398603548887071
esm2_top28_bilstm_attn,validation,1,T,sequence_entropy,sequence,148,352,663,0.8327105909324634,0.708494440784972,0.12421615014749139,0.053838565961106144,0.19459373433387664,True,2.2540074166895188e-05,7.697776844269963e-05
esm2_top28_bilstm_attn,validation,1,S,mean_neq,neq,80,137,227,1.8464845949074076,1.3998136276455027,0.4466709672619048,0.2365581456572931,0.6567837888665164,True,0.00012212237882070048,0.00037984890781305277
esm2_top28_bilstm_attn,validation,1,S,max_neq,neq,80,137,227,2.0358779166666663,1.4585536507936507,0.577324265873016,0.3495326663572493,0.8051158653887827,True,2.536697471735228e-06,9.617757313717546e-06
esm2_top28_bilstm_attn,validation,1,S,neq_peak_fraction,neq,80,137,227,0.2577256944444445,0.2255952380952381,0.032130456349206346,-0.06296379897540623,0.12722471167381894,True,0.3071389769734657,0.4275162129054292
esm2_top28_bilstm_attn,validation,1,S,neq_peak_excess,neq,80,137,227,0.18939332175925924,0.058740023148148156,0.13065329861111108,0.07619489223241431,0.18511170498980783,True,5.104831509822744e-06,1.867904257003322e-05
esm2_top28_bilstm_attn,validation,1,S,mean_rsa,exposure_length_position,80,137,227,0.5681764659466635,0.41129415034043,0.1568823156062336,0.1176541934363152,0.19611043777615203,True,8.04421199372173e-10,4.197142091168699e-09
esm2_top28_bilstm_attn,validation,1,S,max_rsa,exposure_length_position,80,137,227,0.6316726684725532,0.43287827478252383,0.19879439369002946,0.15451977607429274,0.2430690113057662,True,1.0764028073128472e-10,6.065529819207894e-10
esm2_top28_bilstm_attn,validation,1,S,log_segment_length,exposure_length_position,80,137,227,1.0073115435742306,0.7762313241810942,0.2310802193931365,0.166900715458895,0.295259723327378,True,1.845495763170057e-08,8.618261291820392e-08
esm2_top28_bilstm_attn,validation,1,S,normalized_midpoint,exposure_length_position,80,137,227,0.4700789149199636,0.4709238585106791,-0.0008449435907154683,-0.06639416394511088,0.06470427676367996,True,0.9751292503540194,1.0
esm2_top28_bilstm_attn,validation,1,S,mean_torsion_change,geometry_boundaries,80,137,227,148.62662486332493,143.24019655137027,5.38642831195469,-6.511174825323238,17.284031449232618,True,0.36976854747220333,0.49375492061750376
esm2_top28_bilstm_attn,validation,1,S,max_torsion_change,geometry_boundaries,80,137,227,167.0550915697698,147.11819610398896,19.936895465780783,7.459931501197305,32.41385943036426,True,0.00019033031392519552,0.0005761027675748308
esm2_top28_bilstm_attn,validation,1,S,q3_boundary_fraction,geometry_boundaries,80,137,227,0.1231076388888889,0.2817509920634921,-0.15864335317460318,-0.25324215155351276,-0.0640445547956936,True,0.00033587555468337965,0.0009789614227452643
esm2_top28_bilstm_attn,validation,1,S,mean_distance_to_q3_boundary,geometry_boundaries,80,137,227,1.9678819444444446,1.2077529761904764,0.7601289682539683,0.36062409725726624,1.1596338392506702,True,5.7022041271850775e-05,0.0001850206540692202
esm2_top28_bilstm_attn,validation,1,S,structured_linker_fraction,geometry_boundaries,80,137,227,0.8985416666666666,0.8949702380952381,0.00357142857142857,-0.06322696670822768,0.07036982385108483,True,0.8134677727985362,0.8886379773285464
esm2_top28_bilstm_attn,validation,1,S,mean_disorder,disorder,80,137,227,0.02309912618429326,0.01249800947420828,0.01060111671008498,0.004427884984709717,0.016774348435460242,True,4.4717820822181884e-05,0.00014721611703972438
esm2_top28_bilstm_attn,validation,1,S,max_disorder,disorder,80,137,227,0.025237147892906507,0.01288195280131553,0.012355195091590975,0.0058284398040628505,0.0188819503791191,True,7.816618726064767e-06,2.829549027069055e-05
esm2_top28_bilstm_attn,validation,1,S,fraction_glycine,sequence,80,137,227,0.20779513888888887,0.21701884920634917,-0.009223710317460313,-0.09428735394537358,0.07583993331045294,True,0.9557913628163628,0.9949293712075501
esm2_top28_bilstm_attn,validation,1,S,fraction_proline,sequence,80,137,227,0.07170138888888888,0.03368055555555556,0.03802083333333332,-0.008611235499880826,0.08465290216654747,True,0.3234589064543061,0.4452828024112414
esm2_top28_bilstm_attn,validation,1,S,fraction_hydrophobic,sequence,80,137,227,0.09444444444444444,0.22663690476190473,-0.13219246031746032,-0.21439898564348364,-0.04998593499143701,True,0.006968174644120952,0.01591851248092766
esm2_top28_bilstm_attn,validation,1,S,fraction_charged,sequence,80,137,227,0.3202604166666666,0.30153273809523806,0.018727678571428576,-0.07356273219073106,0.1110180893335882,True,0.5475020270408825,0.6697193753347408
esm2_top28_bilstm_attn,validation,1,S,fraction_aromatic,sequence,80,137,227,0.029166666666666664,0.09171626984126985,-0.06254960317460317,-0.10829251336238985,-0.01680669298681651,True,0.008677868614297134,0.019353478749959505
esm2_top28_bilstm_attn,validation,1,S,sequence_entropy,sequence,80,137,227,0.6968809688756014,0.1954826511740237,0.5013983177015776,0.35592490511963426,0.646871730283521,True,5.1372007037591174e-08,2.3189419999211718e-07
esm2_top28_bilstm_attn,validation,1,G,mean_neq,neq,22,27,55,1.6675374579124578,1.3597196127946127,0.3078178451178451,-0.1597541899778097,0.7753898802135,True,0.7331868995612068,0.8250218210870374
esm2_top28_bilstm_attn,validation,1,G,max_neq,neq,22,27,55,2.0598863636363633,1.7174638888888887,0.34242247474747484,-0.23713316231596043,0.92197811181091,True,0.35482494312859736,0.47757290315198553
esm2_top28_bilstm_attn,validation,1,G,neq_peak_fraction,neq,22,27,55,0.09848484848484848,0.06773989898989899,0.030744949494949495,-0.052876445802063854,0.11436634479196284,True,0.6709789453768953,0.7767651474313987
esm2_top28_bilstm_attn,validation,1,G,neq_peak_excess,neq,22,27,55,0.39234890572390585,0.3577442760942761,0.034604629629629687,-0.22563749999786514,0.2948467592571245,True,0.795075751282456,0.8747644370601965
esm2_top28_bilstm_attn,validation,1,G,mean_rsa,exposure_length_position,22,27,55,0.4588636791032522,0.3284834331089649,0.13038024599428732,0.05202489933767021,0.20873559265090444,True,0.0036646104700631243,0.008929978168871635
esm2_top28_bilstm_attn,validation,1,G,max_rsa,exposure_length_position,22,27,55,0.6103122119199146,0.466266573333379,0.1440456385865356,0.052862239984620835,0.23522903718845037,True,0.010817068032832248,0.023595165818713442
esm2_top28_bilstm_attn,validation,1,G,log_segment_length,exposure_length_position,22,27,55,1.2469280959633706,1.2092063662593064,0.037721729704064205,-0.1238649834466331,0.19930844285476151,True,0.35466639718895665,0.4775536541460954
esm2_top28_bilstm_attn,validation,1,G,normalized_midpoint,exposure_length_position,22,27,55,0.5653676177347448,0.3600899248621699,0.20527769287257486,0.04113080367389979,0.36942458207124995,True,0.01858462375906245,0.038525207191532886
esm2_top28_bilstm_attn,validation,1,G,mean_torsion_change,geometry_boundaries,22,27,55,65.86874576672855,55.592942101893506,10.27580366483505,-10.493388740404987,31.044996070075086,True,0.32207523283525596,0.4439202455018346
esm2_top28_bilstm_attn,validation,1,G,max_torsion_change,geometry_boundaries,22,27,55,123.77629278213072,104.89005430239571,18.88623847973503,-16.89551672584661,54.667993685316674,True,0.29136421198398177,0.409946900007425
esm2_top28_bilstm_attn,validation,1,G,q3_boundary_fraction,geometry_boundaries,22,27,55,0.4343434343434343,0.48472222222222217,-0.05037878787878785,-0.2501466329816418,0.14938905722406612,True,0.6031361832544166,0.7177766404727852
esm2_top28_bilstm_attn,validation,1,G,mean_distance_to_q3_boundary,geometry_boundaries,22,27,55,1.3484848484848484,0.8861111111111111,0.4623737373737373,-0.3131798735310446,1.2379273482785194,True,0.48514125601357583,0.6127241638333581
esm2_top28_bilstm_attn,validation,1,G,structured_linker_fraction,geometry_boundaries,22,27,55,0.0,0.0,0.0,0.0,0.0,True,1.0,1.0
esm2_top28_bilstm_attn,validation,1,G,mean_disorder,disorder,22,27,55,0.01909217967006791,0.014649037635491786,0.0044431420345761264,-0.009734438982397509,0.01862072305154976,True,0.3896017975794499,0.5137455840936506
esm2_top28_bilstm_attn,validation,1,G,max_disorder,disorder,22,27,55,0.022580935642701725,0.016125023901346975,0.00645591174135475,-0.009089378937768431,0.02200120242047793,True,0.24910310970315597,0.36053836211745305
esm2_top28_bilstm_attn,validation,1,G,fraction_glycine,sequence,22,27,55,0.0101010101010101,0.05378787878787879,-0.04368686868686869,-0.08805236685699447,0.0006786294832570941,True,0.08846238471660786,0.15306618358590132
esm2_top28_bilstm_attn,validation,1,G,fraction_proline,sequence,22,27,55,0.10227272727272728,0.04595959595959596,0.05631313131313131,-0.017010835364745756,0.12963709799100837,True,0.32844811054686507,0.4508660421270608
esm2_top28_bilstm_attn,validation,1,G,fraction_hydrophobic,sequence,22,27,55,0.1938131313131313,0.365340909090909,-0.17152777777777778,-0.29991833643935006,-0.04313721911620552,True,0.010248665211403721,0.022442187227821233
esm2_top28_bilstm_attn,validation,1,G,fraction_charged,sequence,22,27,55,0.4305555555555556,0.32651515151515154,0.10404040404040406,-0.0633791218106348,0.2714599298914429,True,0.21704390775694227,0.32143033382664116
esm2_top28_bilstm_attn,validation,1,G,fraction_aromatic,sequence,22,27,55,0.045454545454545456,0.059848484848484845,-0.014393939393939393,-0.0729824397688757,0.0441945609809969,True,0.2059974117010025,0.30681817134849754
esm2_top28_bilstm_attn,validation,1,G,sequence_entropy,sequence,22,27,55,1.1889952655339464,1.1054241051985334,0.08357116033541302,-0.2774955829651225,0.4446379036359485,True,0.42622354704125065,0.5520045598924619
esm2_top28_bilstm_attn,validation,1,E,mean_neq,neq,18,19,72,1.4512170996033742,1.0729740674123545,0.3782430321910197,0.13907053667475483,0.6174155277072846,True,0.0024719854430073768,0.006237151330453688
esm2_top28_bilstm_attn,validation,1,E,max_neq,neq,18,19,72,2.1390462962962964,1.2565593033509699,0.8824869929453265,0.36666762092846195,1.398306364962191,True,0.004337022178897667,0.010444068366704425
esm2_top28_bilstm_attn,validation,1,E,neq_peak_fraction,neq,18,19,72,0.11157159833630421,0.03652008999231222,0.07505150834399202,-0.05197969112720646,0.2020827078151905,True,0.39491047080157704,0.5181247471602962
esm2_top28_bilstm_attn,validation,1,E,neq_peak_excess,neq,18,19,72,0.6878291966929222,0.18358523593861556,0.5042439607543066,0.14723736069229787,0.8612505608163152,True,0.0249069201811637,0.05018492081794664
esm2_top28_bilstm_attn,validation,1,E,mean_rsa,exposure_length_position,18,19,72,0.2935496706495934,0.182783187242429,0.11076648340716445,0.02733562182253152,0.1941973449917974,True,0.010843698055191907,0.02363800330406437
esm2_top28_bilstm_attn,validation,1,E,max_rsa,exposure_length_position,18,19,72,0.43493809137079453,0.32002575326915433,0.11491233810164014,0.005925403406074892,0.2238992727972054,True,0.03857970370059411,0.07369377300096537
esm2_top28_bilstm_attn,validation,1,E,log_segment_length,exposure_length_position,18,19,72,1.723854802805629,1.6413050207809876,0.08254978202464142,-0.20842295977476977,0.3735225238240526,True,0.6319002758661769,0.7441500636375981
esm2_top28_bilstm_attn,validation,1,E,normalized_midpoint,exposure_length_position,18,19,72,0.42716530294545674,0.4862050438367586,-0.05903974089130193,-0.24875661636287702,0.13067713458027316,True,0.47239920501692023,0.6008960542370984
esm2_top28_bilstm_attn,validation,1,E,mean_torsion_change,geometry_boundaries,18,19,72,69.30871721150763,32.64890632325186,36.65981088825576,11.859040174388095,61.460581602123426,True,0.0024719854430073768,0.006237151330453688
esm2_top28_bilstm_attn,validation,1,E,max_torsion_change,geometry_boundaries,18,19,72,134.96237237807435,73.70659107781677,61.25578130025761,29.309601051863087,93.20196154865214,True,0.0021384380262505845,0.005481470027864463
esm2_top28_bilstm_attn,validation,1,E,q3_boundary_fraction,geometry_boundaries,18,19,72,0.4897314014961073,0.46943542054653165,0.020295980949575736,-0.1661028952553031,0.2066948571544546,True,0.43304049650373544,0.5590440103760395
esm2_top28_bilstm_attn,validation,1,E,mean_distance_to_q3_boundary,geometry_boundaries,18,19,72,0.9544502338619983,0.7929807743696632,0.16146945949233535,-0.2556640486808658,0.5786029676655365,True,0.6319002758661769,0.7441500636375981
esm2_top28_bilstm_attn,validation,1,E,structured_linker_fraction,geometry_boundaries,18,19,72,0.0,0.0,0.0,0.0,0.0,True,1.0,1.0
esm2_top28_bilstm_attn,validation,1,E,mean_disorder,disorder,18,19,72,0.015698224345518767,0.00809483832799907,0.007603386017519699,-0.0013650307243875497,0.01657180275942695,True,0.34910194464272437,0.47137127589339106
esm2_top28_bilstm_attn,validation,1,E,max_disorder,disorder,18,19,72,0.028284495605880138,0.012713850788502123,0.015570644817378012,0.00176154330372948,0.029379746331026545,True,0.06418536322763828,0.11580080740269211
esm2_top28_bilstm_attn,validation,1,E,fraction_glycine,sequence,18,19,72,0.11363712540183128,0.026175044091710755,0.08746208131012051,-0.0030779614413595363,0.17800212406160054,True,0.18947895706632822,0.2863278246200914
esm2_top28_bilstm_attn,validation,1,E,fraction_proline,sequence,18,19,72,0.0,0.03021384479717813,-0.03021384479717813,-0.05274155559687604,-0.007686133997480221,True,0.005371072639118282,0.01264595863012459
esm2_top28_bilstm_attn,validation,1,E,fraction_hydrophobic,sequence,18,19,72,0.40619080447511824,0.663716520105409,-0.2575257156302908,-0.41793288172225207,-0.09711854953832957,True,0.004048940423386274,0.00979217995097925
esm2_top28_bilstm_attn,validation,1,E,fraction_charged,sequence,18,19,72,0.23662847682455526,0.11909376631598853,0.1175347105085667,-0.04298169040234584,0.27805111141947925,True,0.33800839064533217,0.46010673533531565
esm2_top28_bilstm_attn,validation,1,E,fraction_aromatic,sequence,18,19,72,0.2079474991239697,0.14334742931965153,0.06460006980431818,-0.09379184014105277,0.22299197974968912,True,0.6318194543788418,0.7441500636375981
esm2_top28_bilstm_attn,validation,1,E,sequence_entropy,sequence,18,19,72,1.776343299566496,1.6172226632373494,0.1591206363291467,-0.27215467693443246,0.5903959495927258,True,0.5277266198659963,0.6521358559089669
esm2_top28_bilstm_attn,validation,1,H,mean_neq,neq,11,12,21,1.7172229029424684,1.0868996466768526,0.6303232562656156,0.2630298723964285,0.9976166401348027,True,0.007645761692991623,0.01730275788755333
esm2_top28_bilstm_attn,validation,1,H,max_neq,neq,11,12,21,2.469590909090909,1.4590454545454543,1.0105454545454544,0.2750291197493625,1.7460617893415464,True,0.016368539230025455,0.03435259536729737
esm2_top28_bilstm_attn,validation,1,H,neq_peak_fraction,neq,11,12,21,0.11666666666666668,0.0707070707070707,0.04595959595959597,-0.17799690695524398,0.2699160988744359,True,0.7206485724732408,0.8180526907809385
esm2_top28_bilstm_attn,validation,1,H,neq_peak_excess,neq,11,12,21,0.7523680061484409,0.37214580786860196,0.38022219827983894,-0.3442045303991065,1.1046489269587845,True,0.24774620591207197,0.3588817147338112
esm2_top28_bilstm_attn,validation,1,H,mean_rsa,exposure_length_position,11,12,21,0.36466197628473884,0.26775780449378367,0.0969041717909552,-0.05574051437147631,0.24954885795338672,True,0.1546559029620244,0.241520373170718
esm2_top28_bilstm_attn,validation,1,H,max_rsa,exposure_length_position,11,12,21,0.5193460543047298,0.4746544727434714,0.04469158156125836,-0.19029689252415105,0.27968005564666776,True,0.7895735542519725,0.8704102337547829
esm2_top28_bilstm_attn,validation,1,H,log_segment_length,exposure_length_position,11,12,21,1.4488329794454535,1.9531149116995679,-0.5042819322541143,-1.1755968497410794,0.1670329852328506,True,0.14197368784068543,0.2251647335586352
esm2_top28_bilstm_attn,validation,1,H,normalized_midpoint,exposure_length_position,11,12,21,0.4949102828935057,0.5180230648667248,-0.023112781973219147,-0.23764945215493283,0.19142388820849454,True,0.9291178274470843,0.9761800418267843
esm2_top28_bilstm_attn,validation,1,H,mean_torsion_change,geometry_boundaries,11,12,21,35.17980542571848,27.122187468456822,8.057617957261646,-24.981943599561113,41.09717951408441,True,0.7895735542519725,0.8704102337547829
esm2_top28_bilstm_attn,validation,1,H,max_torsion_change,geometry_boundaries,11,12,21,57.805006871626205,87.0479247387847,-29.242917867158496,-64.01063316566669,5.524797431349704,True,0.09100092345331218,0.15630246420001506
esm2_top28_bilstm_attn,validation,1,H,q3_boundary_fraction,geometry_boundaries,11,12,21,0.37127799736495387,0.3941883824236765,-0.02291038505872267,-0.39992306872183514,0.3541022986043898,True,1.0,1.0
esm2_top28_bilstm_attn,validation,1,H,mean_distance_to_q3_boundary,geometry_boundaries,11,12,21,1.1873517786561265,2.10467277820219,-0.9173209995460635,-2.111180434863414,0.2765384357712867,True,0.13047492985019454,0.21026488933436974
esm2_top28_bilstm_attn,validation,1,H,structured_linker_fraction,geometry_boundaries,11,12,21,0.0,0.0,0.0,0.0,0.0,True,1.0,1.0
esm2_top28_bilstm_attn,validation,1,H,mean_disorder,disorder,11,12,21,0.020149937051020722,0.01172786514052346,0.008422071910497259,-0.0012940456724086693,0.018138189493403185,True,0.09100092345331218,0.15630246420001506
esm2_top28_bilstm_attn,validation,1,H,max_disorder,disorder,11,12,21,0.03636485934045838,0.025782615350291194,0.010582243990167184,-0.022537287121582983,0.04370177510191735,True,0.47668869326164165,0.6045823255888269
esm2_top28_bilstm_attn,validation,1,H,fraction_glycine,sequence,11,12,21,0.0,0.0042087542087542095,-0.0042087542087542095,-0.013586442979650417,0.005168934562141997,True,0.5929800980174267,0.7093071401276186
esm2_top28_bilstm_attn,validation,1,H,fraction_proline,sequence,11,12,21,0.007575757575757575,0.06757278669043375,-0.05999702911467617,-0.16254451382116866,0.04255045559181631,True,0.0979873350092204,0.1658134032363234
esm2_top28_bilstm_attn,validation,1,H,fraction_hydrophobic,sequence,11,12,21,0.2919631093544137,0.5363254392666157,-0.24436232991220208,-0.5908089811922675,0.10208432136786338,True,0.08265631260981372,0.14434968643273768
esm2_top28_bilstm_attn,validation,1,H,fraction_charged,sequence,11,12,21,0.29762845849802366,0.23517988003282123,0.062448578465202506,-0.2196681728597678,0.34456532979017285,True,0.5044584038016553,0.6319440739102311
esm2_top28_bilstm_attn,validation,1,H,fraction_aromatic,sequence,11,12,21,0.14459815546772067,0.12221691706985824,0.02238123839786244,-0.22094633929042648,0.2657088160861514,True,0.5046692719548943,0.6319440739102311
esm2_top28_bilstm_attn,validation,1,H,sequence_entropy,sequence,11,12,21,1.255288400418074,2.1027910297416335,-0.8475026293235591,-1.880891112217724,0.18588585357060572,True,0.19688298887486322,0.29493193858480843
esm2_top28_bilstm_attn,test,1,C,mean_neq,neq,191,625,1573,1.8741238562240945,1.4260750555012427,0.44804880072285186,0.3700600681071762,0.5260375333385275,True,1.2605553851076117e-21,1.549795548017758e-20
esm2_top28_bilstm_attn,test,1,C,max_neq,neq,191,625,1573,2.8208340080561283,1.8341308866954764,0.9867031213606521,0.8264860295790808,1.1469202131422234,True,6.443097319755977e-23,8.748639372728899e-22
esm2_top28_bilstm_attn,test,1,C,neq_peak_fraction,neq,191,625,1573,0.17682550820031726,0.1257399285663119,0.05108557963400535,0.023675691067159107,0.07849546820085158,True,0.002653719336026781,0.006660894636307755
esm2_top28_bilstm_attn,test,1,C,neq_peak_excess,neq,191,625,1573,0.9467101518320343,0.4080558311942339,0.5386543206378005,0.4247468119713803,0.6525618293042207,True,6.345114552187268e-18,5.675352460567501e-17
esm2_top28_bilstm_attn,test,1,C,mean_rsa,exposure_length_position,191,625,1573,0.4475090066797383,0.3697525575563298,0.07775644912340851,0.059338555145694166,0.09617434310112286,True,6.876660457418704e-14,4.744895715618906e-13
esm2_top28_bilstm_attn,test,1,C,max_rsa,exposure_length_position,191,625,1573,0.6215269934414526,0.4728454989355201,0.1486814945059324,0.1250323722881077,0.1723306167237571,True,2.8888831887257846e-21,3.368039331407544e-20
esm2_top28_bilstm_attn,test,1,C,log_segment_length,exposure_length_position,191,625,1573,1.821668389415897,1.2183346431252235,0.6033337462906733,0.5268300181023549,0.6798374744789917,True,4.050408963189727e-26,6.6477828662837215e-25
esm2_top28_bilstm_attn,test,1,C,normalized_midpoint,exposure_length_position,191,625,1573,0.47811782876650355,0.5356925253123269,-0.057574696545823346,-0.10119965921219105,-0.01394973387945564,True,0.02357075033213446,0.04769162589643723
esm2_top28_bilstm_attn,test,1,C,mean_torsion_change,geometry_boundaries,191,625,1573,74.74715709224152,78.50161470892041,-3.75445761667888,-9.485382396454625,1.9764671630968644,True,0.030812991454017533,0.06042849426104019
esm2_top28_bilstm_attn,test,1,C,max_torsion_change,geometry_boundaries,191,625,1573,142.9934173791325,110.01211808605892,32.981299293073604,26.116685873753163,39.845912712394046,True,1.8506679020297128e-16,1.486248973102722e-15
esm2_top28_bilstm_attn,test,1,C,q3_boundary_fraction,geometry_boundaries,191,625,1573,0.19705348403452713,0.48962187610885644,-0.29256839207432933,-0.32673310706983766,-0.258403677078821,True,5.779685359844438e-27,1.0177664688351066e-25
esm2_top28_bilstm_attn,test,1,C,mean_distance_to_q3_boundary,geometry_boundaries,191,625,1573,3.1175501162697974,1.3541418244912464,1.7634082917785505,1.4483852192686735,2.0784313642884276,True,1.193051056546011e-22,1.5943500482933056e-21
esm2_top28_bilstm_attn,test,1,C,structured_linker_fraction,geometry_boundaries,191,625,1573,0.7474212959815054,0.6064965914357607,0.14092470454574463,0.08405355189568708,0.19779585719580217,True,3.096912533009756e-06,1.1672978009036772e-05
esm2_top28_bilstm_attn,test,1,C,mean_disorder,disorder,191,625,1573,0.13283486453285986,0.12010934203405428,0.012725522498805583,-0.01125185527794665,0.036702900275557816,True,0.7310033060308536,0.824813263733233
esm2_top28_bilstm_attn,test,1,C,max_disorder,disorder,191,625,1573,0.21599843313423114,0.18205315856981663,0.0339452745644145,-0.003965968528296886,0.07185651765712589,True,0.3198470192774011,0.44138888660281356
esm2_top28_bilstm_attn,test,1,C,fraction_glycine,sequence,191,625,1573,0.10345394241076201,0.07311919572507905,0.03033474668568299,0.009728252993576724,0.05094124037778926,True,0.014366155356268303,0.030529208836922145
esm2_top28_bilstm_attn,test,1,C,fraction_proline,sequence,191,625,1573,0.08252917903906558,0.05985652349154529,0.022672655547520296,0.004287357543033738,0.04105795355200685,True,0.02958535568529265,0.05842762124531218
esm2_top28_bilstm_attn,test,1,C,fraction_hydrophobic,sequence,191,625,1573,0.26963011021229,0.3127372404254074,-0.04310713021311741,-0.07416821546155165,-0.012046044964683176,True,0.0018189406221109008,0.004719753064740565
esm2_top28_bilstm_attn,test,1,C,fraction_charged,sequence,191,625,1573,0.23203233393262135,0.2638386073144339,-0.031806273381812605,-0.06048167785933409,-0.0031308689042911265,True,0.013562994491574212,0.028876879329982626
esm2_top28_bilstm_attn,test,1,C,fraction_aromatic,sequence,191,625,1573,0.048067703133317215,0.05104670962843418,-0.0029790064951169806,-0.014996227941815286,0.009038214951581323,True,0.37074964683658185,0.4948695443957692
esm2_top28_bilstm_attn,test,1,C,sequence_entropy,sequence,191,625,1573,1.9022105828141922,1.03016808191419,0.8720425009000018,0.7547231382949353,0.9893618635050683,True,1.929820659820307e-24,2.874327599494475e-23
esm2_top28_bilstm_attn,test,1,E,mean_neq,neq,17,17,50,1.3557032135076252,1.2948600248988482,0.06084318860877692,-0.16253749601367884,0.28422387323123266,True,0.3811632511856291,0.5065695567054292
esm2_top28_bilstm_attn,test,1,E,max_neq,neq,17,17,50,1.88121568627451,1.6990748366013069,0.18214084967320265,-0.2595023036091876,0.6237840029555929,True,0.28682732924443755,0.40457371721962593
esm2_top28_bilstm_attn,test,1,E,neq_peak_fraction,neq,17,17,50,0.1281512605042017,0.047336601307189544,0.08081465919701214,-0.004760230632531129,0.1663895490265554,True,0.11222408002336773,0.18475749290642232
esm2_top28_bilstm_attn,test,1,E,neq_peak_excess,neq,17,17,50,0.5255124727668845,0.40421481170245877,0.12129766106442574,-0.11930716531280014,0.36190248744165165,True,0.2659466461059248,0.38067976735145287
esm2_top28_bilstm_attn,test,1,E,mean_rsa,exposure_length_position,17,17,50,0.3688974828203231,0.17840094282651833,0.1904965399938047,0.14186079882766334,0.23913228115994606,True,0.0002930525201924893,0.0008635382735073915
esm2_top28_bilstm_attn,test,1,E,max_rsa,exposure_length_position,17,17,50,0.5356958280591404,0.31386262416547417,0.2218332038936662,0.15892159103067255,0.28474481675665986,True,0.0004207907816778689,0.0012097734973238732
esm2_top28_bilstm_attn,test,1,E,log_segment_length,exposure_length_position,17,17,50,1.8312526343515982,1.7483765641046218,0.08287607024697674,-0.17226988655078457,0.33802202704473805,True,0.5075012532866048,0.6330792726338988
esm2_top28_bilstm_attn,test,1,E,normalized_midpoint,exposure_length_position,17,17,50,0.43410195563829257,0.4988438737028312,-0.06474191806453865,-0.24868700436944297,0.11920316824036566,True,0.5227810104666994,0.6472957717622148
esm2_top28_bilstm_attn,test,1,E,mean_torsion_change,geometry_boundaries,17,17,50,52.68942665743757,33.16225666701344,19.52716999042414,-8.570308669380687,47.62464865022897,True,0.4924592974852695,0.6201135511350824
esm2_top28_bilstm_attn,test,1,E,max_torsion_change,geometry_boundaries,17,17,50,106.3112189332217,94.85093643184918,11.460282501372513,-31.768757612257254,54.689322615002276,True,0.981116590883351,1.0
esm2_top28_bilstm_attn,test,1,E,q3_boundary_fraction,geometry_boundaries,17,17,50,0.598015873015873,0.5402310924369749,0.05778478057889823,-0.11123197281302845,0.22680153397082492,True,0.42090015595387165,0.5479770617613614
esm2_top28_bilstm_attn,test,1,E,mean_distance_to_q3_boundary,geometry_boundaries,17,17,50,0.6843370681605976,0.7512581699346405,-0.06692110177404291,-0.44643070749407204,0.3125885039459862,True,0.6025624145325401,0.7173463111037035
esm2_top28_bilstm_attn,test,1,E,structured_linker_fraction,geometry_boundaries,17,17,50,0.0,0.0,0.0,0.0,0.0,True,1.0,1.0
esm2_top28_bilstm_attn,test,1,E,mean_disorder,disorder,17,17,50,0.023442770961918113,0.011332520268751164,0.012110250693166949,0.004515194382478162,0.019705307003855733,True,0.003090081924360667,0.0076315317649842335
esm2_top28_bilstm_attn,test,1,E,max_disorder,disorder,17,17,50,0.0448661937980967,0.019126679255293495,0.025739514542803203,0.010734230707412026,0.04074479837819438,True,0.0035993565836257646,0.008786588165515315
esm2_top28_bilstm_attn,test,1,E,fraction_glycine,sequence,17,17,50,0.06297852474323062,0.036260504201680664,0.026718020541549953,-0.054929096690443005,0.10836513777354291,True,0.9424009990722901,0.9867630157520635
esm2_top28_bilstm_attn,test,1,E,fraction_proline,sequence,17,17,50,0.0,0.0024509803921568627,-0.0024509803921568627,-0.007646826713776989,0.0027448659294632633,True,0.6547208460185769,0.7625253807746499
esm2_top28_bilstm_attn,test,1,E,fraction_hydrophobic,sequence,17,17,50,0.4564192343604108,0.6257329598506068,-0.16931372549019608,-0.2895690107022405,-0.04905844027815162,True,0.005223003841274114,0.01233168714200264
esm2_top28_bilstm_attn,test,1,E,fraction_charged,sequence,17,17,50,0.192203548085901,0.13024743230625582,0.061956115779645195,-0.06323831093499963,0.18715054249429,True,0.7224136449446921,0.8181040706605657
esm2_top28_bilstm_attn,test,1,E,fraction_aromatic,sequence,17,17,50,0.07464985994397759,0.1659453781512605,-0.0912955182072829,-0.1705865555984765,-0.012004480816089319,True,0.029416613367928994,0.05812832834422439
esm2_top28_bilstm_attn,test,1,E,sequence_entropy,sequence,17,17,50,1.9140683190122607,1.8576220902715241,0.05644622874073661,-0.3551783959465442,0.46807085342801746,True,0.5540338584644351,0.6750228740426144
esm2_top28_bilstm_attn,test,1,T,mean_neq,neq,140,319,662,1.9509511985071806,1.5436367081188211,0.4073144903883595,0.26735458042012467,0.5472744003565944,True,1.7014638673986342e-07,7.356329073752919e-07
esm2_top28_bilstm_attn,test,1,T,max_neq,neq,140,319,662,2.2534660374149658,1.7068227500145359,0.5466432874004301,0.3761689144175421,0.7171176603833181,True,2.828743689331858e-08,1.3155409097154075e-07
esm2_top28_bilstm_attn,test,1,T,neq_peak_fraction,neq,140,319,662,0.21655895691609975,0.19045277473848904,0.026106182177610755,-0.02144590629553367,0.07365827065075518,True,0.1854839473417953,0.2810942294767413
esm2_top28_bilstm_attn,test,1,T,neq_peak_excess,neq,140,319,662,0.30251483890778536,0.1631860418957145,0.13932879701207082,0.08583698393182582,0.19282061009231583,True,1.5397058695419546e-06,5.9974027015222914e-06
esm2_top28_bilstm_attn,test,1,T,mean_rsa,exposure_length_position,140,319,662,0.632224608213277,0.5291089761264289,0.10311563208684806,0.0754700662251019,0.13076119794859423,True,2.2073869102046327e-11,1.3232580041492667e-10
esm2_top28_bilstm_attn,test,1,T,max_rsa,exposure_length_position,140,319,662,0.6997185805129508,0.5969937018769099,0.10272487863604099,0.0738440131135967,0.13160574415848528,True,2.736253571298056e-10,1.4945514256153035e-09
esm2_top28_bilstm_attn,test,1,T,log_segment_length,exposure_length_position,140,319,662,1.0861015382167782,0.9764768781926697,0.10962466002410842,0.07054173353781162,0.14870758651040522,True,1.8593007009655724e-08,8.670752648227034e-08
esm2_top28_bilstm_attn,test,1,T,normalized_midpoint,exposure_length_position,140,319,662,0.5110393173811646,0.5119265436174034,-0.0008872262362389265,-0.05106578246321527,0.04929132999073741,True,0.9917018462841344,1.0
esm2_top28_bilstm_attn,test,1,T,mean_torsion_change,geometry_boundaries,140,319,662,100.43750545337544,98.8028059066151,1.6346995467603342,-6.628011600402662,9.89741069392333,True,0.8012813450851891,0.8784475446605138
esm2_top28_bilstm_attn,test,1,T,max_torsion_change,geometry_boundaries,140,319,662,145.9166933461718,135.9693195115317,9.947373834640118,-0.22972734960250918,20.124475018882745,True,0.0321550469689113,0.06262454712090386
esm2_top28_bilstm_attn,test,1,T,q3_boundary_fraction,geometry_boundaries,140,319,662,0.17221513605442176,0.3781008806008806,-0.2058857445464588,-0.2699535808206112,-0.1418179082723064,True,2.8343250635524355e-09,1.4134001533732721e-08
esm2_top28_bilstm_attn,test,1,T,mean_distance_to_q3_boundary,geometry_boundaries,140,319,662,2.018890306122449,1.3022098371205513,0.7166804690018976,0.43995373297216295,0.9934072050316323,True,1.3216789895921453e-09,6.7603580390484776e-09
esm2_top28_bilstm_attn,test,1,T,structured_linker_fraction,geometry_boundaries,140,319,662,0.9224404761904761,0.8464149342720771,0.07602554191839905,0.021051940298840617,0.1309991435379575,True,4.133189388917031e-05,0.00013660130326420805
esm2_top28_bilstm_attn,test,1,T,mean_disorder,disorder,140,319,662,0.03360194768605475,0.02060552858593046,0.012996419100124283,0.006444232467351058,0.019548605732897507,True,3.9179560080678e-06,1.4540734646846576e-05
esm2_top28_bilstm_attn,test,1,T,max_disorder,disorder,140,319,662,0.037404653576772744,0.022573442880757105,0.014831210696015638,0.0076488761646964255,0.02201354522733485,True,1.2430060522626231e-06,4.9038546822636275e-06
esm2_top28_bilstm_attn,test,1,T,fraction_glycine,sequence,140,319,662,0.22552721088435373,0.2734917067059924,-0.04796449582163869,-0.10062004010002465,0.004691048456747261,True,0.0336277180304774,0.0651922675808739
esm2_top28_bilstm_attn,test,1,T,fraction_proline,sequence,140,319,662,0.11567460317460317,0.06435550890908033,0.05131909426552284,0.022806680620291737,0.07983150791075394,True,0.012492422546844496,0.02684917036239854
esm2_top28_bilstm_attn,test,1,T,fraction_hydrophobic,sequence,140,319,662,0.12276643990929705,0.1486993661100804,-0.025932926200783354,-0.06666104362999727,0.014795191228430555,True,0.009276576589230222,0.020580121685162323
esm2_top28_bilstm_attn,test,1,T,fraction_charged,sequence,140,319,662,0.32206632653061223,0.2699950281200281,0.05207129841058411,-0.0006260463500315158,0.10476864317119974,True,0.06066182968477797,0.11044568991073468
esm2_top28_bilstm_attn,test,1,T,fraction_aromatic,sequence,140,319,662,0.02296485260770975,0.040336465782894355,-0.0173716131751846,-0.03563020316245899,0.0008869768120897889,True,0.023898323444453497,0.048296611814523174
esm2_top28_bilstm_attn,test,1,T,sequence_entropy,sequence,140,319,662,0.865526672809159,0.6594368907578204,0.2060897820513385,0.11687228526013953,0.29530727884253744,True,9.724545608250447e-07,3.881781428747905e-06
esm2_top28_bilstm_attn,test,1,S,mean_neq,neq,82,139,285,1.7091499774164405,1.4592553676280808,0.2498946097883598,0.0975624003926796,0.40222681918404,True,0.006794995576291705,0.015596659907292773
esm2_top28_bilstm_attn,test,1,S,max_neq,neq,82,139,285,1.8798382113821137,1.5249428006839592,0.35489541069815456,0.17890222847037723,0.5308885929259319,True,0.001604143255219594,0.004207609267569781
esm2_top28_bilstm_attn,test,1,S,neq_peak_fraction,neq,82,139,285,0.2411246612466125,0.2855134533488192,-0.044388792102206726,-0.1331906147088187,0.044413030504405246,True,0.1317229444786335,0.21197300108627315
esm2_top28_bilstm_attn,test,1,S,neq_peak_excess,neq,82,139,285,0.17068823396567295,0.06568743305587818,0.10500080090979479,0.05084540405816174,0.15915619776142784,True,0.00043123338351705714,0.001238742625039227
esm2_top28_bilstm_attn,test,1,S,mean_rsa,exposure_length_position,82,139,285,0.5351203028208559,0.37189945876852554,0.1632208440523303,0.12655365666720103,0.1998880314374596,True,3.022382091430873e-11,1.7927497984434707e-10
esm2_top28_bilstm_attn,test,1,S,max_rsa,exposure_length_position,82,139,285,0.5948150023272851,0.4008554622128734,0.19395954011441174,0.14890811470503815,0.23901096552378534,True,5.2997118195481935e-11,3.0682064489541853e-10
esm2_top28_bilstm_attn,test,1,S,log_segment_length,exposure_length_position,82,139,285,0.949702091068951,0.7951855491896602,0.15451654187929093,0.0988751880644913,0.21015789569409055,True,4.3008337388941565e-06,1.5891933192569556e-05
esm2_top28_bilstm_attn,test,1,S,normalized_midpoint,exposure_length_position,82,139,285,0.5589645450536316,0.510773312429647,0.04819123262398465,-0.01863027774426767,0.11501274299223696,True,0.1323839988005911,0.21287744259093985
esm2_top28_bilstm_attn,test,1,S,mean_torsion_change,geometry_boundaries,82,139,285,143.17189492621276,138.88589787940865,4.285997046804131,-7.914004185043621,16.485998278651884,True,0.31913181487931797,0.44112210388674333
esm2_top28_bilstm_attn,test,1,S,max_torsion_change,geometry_boundaries,82,139,285,156.40198178298098,144.7205245834169,11.681457199564058,-0.6653162796046743,24.02823067873279,True,0.03644922046405383,0.06998001952808972
esm2_top28_bilstm_attn,test,1,S,q3_boundary_fraction,geometry_boundaries,82,139,285,0.16966463414634148,0.34540263259775456,-0.17573799845141308,-0.2650523290960772,-0.086423667806749,True,0.00039572641354313013,0.0011435478668284811
esm2_top28_bilstm_attn,test,1,S,mean_distance_to_q3_boundary,geometry_boundaries,82,139,285,1.7503048780487807,1.217024777390631,0.5332801006581493,0.25564256238286215,0.8109176389334365,True,0.00019655240440074261,0.0005938728143689998
esm2_top28_bilstm_attn,test,1,S,structured_linker_fraction,geometry_boundaries,82,139,285,0.9502032520325202,0.8781068524970966,0.07209639953542393,0.014400066591409875,0.12979273247943798,True,0.006108029092202942,0.014183548324682795
esm2_top28_bilstm_attn,test,1,S,mean_disorder,disorder,82,139,285,0.018969180558948966,0.009104301557062575,0.00986487900188639,0.0060460899042639885,0.013683668099508793,True,1.590128367639143e-08,7.508692752776455e-08
esm2_top28_bilstm_attn,test,1,S,max_disorder,disorder,82,139,285,0.02034634853107708,0.009345800952003526,0.011000547579073554,0.0070280041280203435,0.014973091030126765,True,5.48198654590182e-09,2.6515874837902793e-08
esm2_top28_bilstm_attn,test,1,S,fraction_glycine,sequence,82,139,285,0.2885331978319783,0.20667344173441735,0.08185975609756099,-0.0184303381491195,0.18214985034424147,True,0.2988872482579905,0.4182689513080571
esm2_top28_bilstm_attn,test,1,S,fraction_proline,sequence,82,139,285,0.031504065040650404,0.049537843592721634,-0.018033778552071233,-0.05660610142912406,0.020538544324981593,True,0.07393451789585515,0.13156452895046644
esm2_top28_bilstm_attn,test,1,S,fraction_hydrophobic,sequence,82,139,285,0.14898373983739838,0.24359272164150209,-0.09460898180410375,-0.1759240212354444,-0.013293942372763101,True,0.004427007149309599,0.010638032105057394
esm2_top28_bilstm_attn,test,1,S,fraction_charged,sequence,82,139,285,0.3396172086720867,0.3050909794812234,0.034526229190863345,-0.05575154394300055,0.12480400232472724,True,0.37863172564121284,0.5036010481482851
esm2_top28_bilstm_attn,test,1,S,fraction_aromatic,sequence,82,139,285,0.04288617886178862,0.08062814556716996,-0.03774196670538134,-0.08725712633049054,0.011773192919727865,True,0.018443569263117347,0.038279746886801566
esm2_top28_bilstm_attn,test,1,S,sequence_entropy,sequence,82,139,285,0.5326788059344708,0.23980622570389287,0.29287258023057805,0.1565800947734137,0.4291650656877424,True,0.00029320968293004596,0.0008635382735073915
esm2_top28_bilstm_attn,test,1,G,mean_neq,neq,19,22,44,1.8574580896686164,1.263623440545809,0.593834649122807,0.24622160590475595,0.9414476923408581,True,0.005491205694554839,0.012883946185489182
esm2_top28_bilstm_attn,test,1,G,max_neq,neq,19,22,44,2.471631578947368,1.6242643274853803,0.8473672514619883,0.34566760607430747,1.3490668968496693,True,0.006210256590449749,0.014391280008437698
esm2_top28_bilstm_attn,test,1,G,neq_peak_fraction,neq,19,22,44,0.22807017543859653,0.09444444444444444,0.13362573099415206,0.0049649456011672255,0.2622865163871369,True,0.052730389244855715,0.09705032446208883
esm2_top28_bilstm_attn,test,1,G,neq_peak_excess,neq,19,22,44,0.6141734892787524,0.36064088693957114,0.25353260233918123,-0.07005780005220474,0.5771230047305672,True,0.10746614473256638,0.1784637269627132
esm2_top28_bilstm_attn,test,1,G,mean_rsa,exposure_length_position,19,22,44,0.4248679768578666,0.3413324971991041,0.08353547965876258,-0.016273260793215685,0.18334422011074086,True,0.11654426427752808,0.19053972800885996
esm2_top28_bilstm_attn,test,1,G,max_rsa,exposure_length_position,19,22,44,0.5623157335477963,0.45925151459840047,0.10306421894939581,-0.025084535344211414,0.23121297324300305,True,0.17123878524909952,0.263043313460793
esm2_top28_bilstm_attn,test,1,G,log_segment_length,exposure_length_position,19,22,44,1.289033230012435,1.2191113191078458,0.06992191090458948,-0.08605573903567125,0.2258995608448502,True,0.3441106518749699,0.466681955069905
esm2_top28_bilstm_attn,test,1,G,normalized_midpoint,exposure_length_position,19,22,44,0.4663203739885008,0.5912808571439315,-0.12496048315543072,-0.3307652427058991,0.08084427639503762,True,0.18418074965866182,0.2798719616161508
esm2_top28_bilstm_attn,test,1,G,mean_torsion_change,geometry_boundaries,19,22,44,68.79744676541422,46.2154684456728,22.581978319741427,-0.4337952000683778,45.597751839551236,True,0.07661792341167123,0.13511242238270066
esm2_top28_bilstm_attn,test,1,G,max_torsion_change,geometry_boundaries,19,22,44,138.07027095559016,97.65582727048503,40.4144436851051,-6.69845853482245,87.52734590503265,True,0.10746614473256638,0.1784637269627132
esm2_top28_bilstm_attn,test,1,G,q3_boundary_fraction,geometry_boundaries,19,22,44,0.5087719298245613,0.47646198830409353,0.03230994152046785,-0.18976960600250778,0.2543894890434435,True,0.7320197774782379,0.8250218210870374
esm2_top28_bilstm_attn,test,1,G,mean_distance_to_q3_boundary,geometry_boundaries,19,22,44,0.8947368421052632,1.4194444444444443,-0.5247076023391812,-1.8595000846261087,0.8100848799477463,True,0.8404699287947711,0.9078686355447672
esm2_top28_bilstm_attn,test,1,G,structured_linker_fraction,geometry_boundaries,19,22,44,0.0,0.0,0.0,0.0,0.0,True,1.0,1.0
esm2_top28_bilstm_attn,test,1,G,mean_disorder,disorder,19,22,44,0.01798570995998213,0.013572244299473521,0.004413465660508609,-0.010395955351396955,0.01922288667241417,True,0.33413808059574546,0.45540317345709536
esm2_top28_bilstm_attn,test,1,G,max_disorder,disorder,19,22,44,0.020400152637688566,0.01581032114897915,0.0045898314887094175,-0.011034701525545473,0.020214364502964308,True,0.35466939531524566,0.4775536541460954
esm2_top28_bilstm_attn,test,1,G,fraction_glycine,sequence,19,22,44,0.04970760233918128,0.031286549707602335,0.018421052631578946,-0.06709781908619601,0.10393992434935391,True,0.7836835127297739,0.8648828459686405
esm2_top28_bilstm_attn,test,1,G,fraction_proline,sequence,19,22,44,0.061403508771929814,0.024999999999999998,0.03640350877192983,-0.04713458872548307,0.11994160626934272,True,0.8507394581700685,0.9166188999595288
esm2_top28_bilstm_attn,test,1,G,fraction_hydrophobic,sequence,19,22,44,0.29239766081871343,0.3864035087719298,-0.09400584795321636,-0.31559835465985475,0.12758665875342207,True,0.35423062884370704,0.4775333955823658
esm2_top28_bilstm_attn,test,1,G,fraction_charged,sequence,19,22,44,0.39473684210526316,0.3450292397660819,0.0497076023391813,-0.18126733047838722,0.28068253515674985,True,0.6871936352828847,0.7894461234273414
esm2_top28_bilstm_attn,test,1,G,fraction_aromatic,sequence,19,22,44,0.02631578947368421,0.057894736842105256,-0.03157894736842105,-0.1003124776773181,0.037154582940476,True,0.23196798371764815,0.3393698628080348
esm2_top28_bilstm_attn,test,1,G,sequence_entropy,sequence,19,22,44,1.1273051538820018,1.0749331555398702,0.052371998342131736,-0.28814208035829586,0.39288607704255935,True,0.9839435252446653,1.0
esm2_top28_bilstm_attn,test,1,H,mean_neq,neq,7,7,20,1.403218495175848,1.1605453485007058,0.24267314667514253,,,False,,
esm2_top28_bilstm_attn,test,1,H,max_neq,neq,7,7,20,2.206714285714286,1.4347420634920636,0.7719722222222222,,,False,,
esm2_top28_bilstm_attn,test,1,H,neq_peak_fraction,neq,7,7,20,0.06482259570494865,0.09602302459445318,-0.03120042888950452,,,False,,
esm2_top28_bilstm_attn,test,1,H,neq_peak_excess,neq,7,7,20,0.8034957905384376,0.27419671499135784,0.5292990755470798,,,False,,
esm2_top28_bilstm_attn,test,1,H,mean_rsa,exposure_length_position,7,7,20,0.2871550254473319,0.3050023371522025,-0.017847311704870618,,,False,,
esm2_top28_bilstm_attn,test,1,H,max_rsa,exposure_length_position,7,7,20,0.5711223972695214,0.5123764686286449,0.0587459286408765,,,False,,
esm2_top28_bilstm_attn,test,1,H,log_segment_length,exposure_length_position,7,7,20,2.5855920494708458,1.7668118653358735,0.8187801841349724,,,False,,
esm2_top28_bilstm_attn,test,1,H,normalized_midpoint,exposure_length_position,7,7,20,0.5925779992758908,0.5393814721452629,0.05319652713062801,,,False,,
esm2_top28_bilstm_attn,test,1,H,mean_torsion_change,geometry_boundaries,7,7,20,11.654613221592015,23.920519686249353,-12.265906464657338,,,False,,
esm2_top28_bilstm_attn,test,1,H,max_torsion_change,geometry_boundaries,7,7,20,60.47805022835336,83.85537846870815,-23.37732824035479,,,False,,
esm2_top28_bilstm_attn,test,1,H,q3_boundary_fraction,geometry_boundaries,7,7,20,0.32668067226890757,0.5164121592693022,-0.18973148700039458,,,False,,
esm2_top28_bilstm_attn,test,1,H,mean_distance_to_q3_boundary,geometry_boundaries,7,7,20,2.9212184873949574,1.0893659911517055,1.8318524962432523,,,False,,
esm2_top28_bilstm_attn,test,1,H,structured_linker_fraction,geometry_boundaries,7,7,20,0.0,0.0,0.0,,,False,,
esm2_top28_bilstm_attn,test,1,H,mean_disorder,disorder,7,7,20,0.025021535842714167,0.03389222075750844,-0.008870684914794263,,,False,,
esm2_top28_bilstm_attn,test,1,H,max_disorder,disorder,7,7,20,0.0509026469662785,0.046297112235888074,0.004605534730390419,,,False,,
esm2_top28_bilstm_attn,test,1,H,fraction_glycine,sequence,7,7,20,0.07355275443510738,0.03990057561486133,0.03365217882024605,,,False,,
esm2_top28_bilstm_attn,test,1,H,fraction_proline,sequence,7,7,20,0.003968253968253968,0.0,0.003968253968253968,,,False,,
esm2_top28_bilstm_attn,test,1,H,fraction_hydrophobic,sequence,7,7,20,0.4817927170868348,0.5156212834784263,-0.03382856639159159,,,False,,
esm2_top28_bilstm_attn,test,1,H,fraction_charged,sequence,7,7,20,0.1811157796451914,0.3007780909566624,-0.11966231131147098,,,False,,
esm2_top28_bilstm_attn,test,1,H,fraction_aromatic,sequence,7,7,20,0.18333333333333335,0.18275028542885682,0.0005830479044764811,,,False,,
esm2_top28_bilstm_attn,test,1,H,sequence_entropy,sequence,7,7,20,2.7311114967201595,1.774895105361767,0.956216391358393,,,False,,
esm3_frozen_bilstm_attn,train,1,T,mean_neq,neq,572,1414,2328,1.9143090060136272,1.5179354903119144,0.3963735157017128,0.3342993968100299,0.4584476345933957,True,2.7167928716877783e-30,5.60090042632706e-29
esm3_frozen_bilstm_attn,train,1,T,max_neq,neq,572,1414,2328,2.205401313711541,1.6832748421126917,0.5221264715988492,0.44650314051988726,0.5977498026778111,True,9.558649504022409e-35,2.2920421257517562e-33
esm3_frozen_bilstm_attn,train,1,T,neq_peak_fraction,neq,572,1414,2328,0.24367979242979243,0.15571488696488694,0.08796490546490546,0.06372706657377916,0.11220274435603175,True,1.878812891870942e-13,1.2858838840922378e-12
esm3_frozen_bilstm_attn,train,1,T,neq_peak_excess,neq,572,1414,2328,0.29109230769791383,0.16533935180077736,0.1257529558971364,0.09977006022924781,0.15173585156502498,True,6.888398424212724e-21,7.789188987379003e-20
esm3_frozen_bilstm_attn,train,1,T,mean_rsa,exposure_length_position,572,1414,2328,0.6100279774278327,0.5322684826388938,0.07775949478893876,0.06532361866722872,0.0901953709106488,True,1.2418722907081229e-29,2.5142336616072833e-28
esm3_frozen_bilstm_attn,train,1,T,max_rsa,exposure_length_position,572,1414,2328,0.6816231776778378,0.5989508370838023,0.08267234059403548,0.06948504697129494,0.09585963421677603,True,2.551751303363544e-30,5.292927089982909e-29
esm3_frozen_bilstm_attn,train,1,T,log_segment_length,exposure_length_position,572,1414,2328,1.0758044468471355,0.9784272043304397,0.09737724251669609,0.07947168487630989,0.1152828001570823,True,1.755542527379867e-26,2.9677446425356653e-25
esm3_frozen_bilstm_attn,train,1,T,normalized_midpoint,exposure_length_position,572,1414,2328,0.4879967225574276,0.5287805515556926,-0.04078382899826505,-0.06585120796081967,-0.015716450035710424,True,0.0021868594807404897,0.0055844198673592116
esm3_frozen_bilstm_attn,train,1,T,mean_torsion_change,geometry_boundaries,572,1414,2328,98.80010737057206,94.94106746308171,3.8590399074903647,-0.26853713901923726,7.986616953999967,True,0.03729412948024012,0.0714399160185223
esm3_frozen_bilstm_attn,train,1,T,max_torsion_change,geometry_boundaries,572,1414,2328,142.4012125085366,131.5342651630878,10.866947345448766,5.898997799894174,15.834896891003359,True,1.4740102253306303e-06,5.75476740397559e-06
esm3_frozen_bilstm_attn,train,1,T,q3_boundary_fraction,geometry_boundaries,572,1414,2328,0.16140928726155998,0.38600005844324026,-0.2245907711816803,-0.25315933499501786,-0.19602220736834275,True,1.285756747363558e-41,3.951948693487444e-40
esm3_frozen_bilstm_attn,train,1,T,mean_distance_to_q3_boundary,geometry_boundaries,572,1414,2328,1.9165828552760371,1.3470304466480165,0.5695524086280205,0.41946774790795216,0.7196370693480888,True,1.2588647284606591e-27,2.276054356644646e-26
esm3_frozen_bilstm_attn,train,1,T,structured_linker_fraction,geometry_boundaries,572,1414,2328,0.9292526286844467,0.8313405490197449,0.09791207966470204,0.07220539743887015,0.12361876189053393,True,4.1455656032365614e-15,3.100919757642216e-14
esm3_frozen_bilstm_attn,train,1,T,mean_disorder,disorder,572,1414,2328,0.03377711650438855,0.024515013188628785,0.009262103315759763,0.0060322362135589,0.012491970417960626,True,5.862025617423633e-16,4.6415711036321554e-15
esm3_frozen_bilstm_attn,train,1,T,max_disorder,disorder,572,1414,2328,0.03769077955608328,0.02645427594824379,0.01123650360783949,0.007770827206706573,0.014702180008972408,True,3.6246372878448917e-17,3.05608445640987e-16
esm3_frozen_bilstm_attn,train,1,T,fraction_glycine,sequence,572,1414,2328,0.2219405573382846,0.2681469248667675,-0.046206367528482915,-0.07197608944417858,-0.02043664561278725,True,0.000981176362987946,0.002645420481070371
esm3_frozen_bilstm_attn,train,1,T,fraction_proline,sequence,572,1414,2328,0.0952357596107596,0.05077715642619488,0.044458603184564724,0.029181998537962245,0.0597352078311672,True,0.00014206419911137153,0.00043625709100413
esm3_frozen_bilstm_attn,train,1,T,fraction_hydrophobic,sequence,572,1414,2328,0.1115422939854758,0.16673477471117332,-0.05519248072569751,-0.07424363532154307,-0.03614132612985195,True,1.5723153904200852e-08,7.434962706308124e-08
esm3_frozen_bilstm_attn,train,1,T,fraction_charged,sequence,572,1414,2328,0.32962306632761174,0.26464936821143115,0.06497369811618063,0.036186152801464214,0.09376124343089705,True,8.698904412298286e-06,3.122186392566932e-05
esm3_frozen_bilstm_attn,train,1,T,fraction_aromatic,sequence,572,1414,2328,0.03012200131518313,0.04200859156060205,-0.011886590245418917,-0.022916689062385733,-0.0008564914284520993,True,0.0054055420818851915,0.012709414310746755
esm3_frozen_bilstm_attn,train,1,T,sequence_entropy,sequence,572,1414,2328,0.8609290127935616,0.6553406039273488,0.20558840886621269,0.16262881501694337,0.248548002715482,True,1.550534090874834e-21,1.832991524911823e-20
esm3_frozen_bilstm_attn,train,1,C,mean_neq,neq,881,3122,6033,1.7982036850371301,1.4368400258132468,0.36136365922388325,0.3249667143560599,0.3977606040917066,True,8.159275145449728e-70,5.108612827178801e-68
esm3_frozen_bilstm_attn,train,1,C,max_neq,neq,881,3122,6033,2.7142396723707245,1.8887485063124971,0.8254911660582278,0.7491716607412473,0.9018106713752083,True,2.49179334327352e-78,2.276960349623722e-76
esm3_frozen_bilstm_attn,train,1,C,neq_peak_fraction,neq,881,3122,6033,0.15892443155573757,0.11948650775477983,0.03943792380095774,0.02830552432801869,0.05057032327389678,True,1.607006554089906e-12,1.0448632998803791e-11
esm3_frozen_bilstm_attn,train,1,C,neq_peak_excess,neq,881,3122,6033,0.9160359873335951,0.4519084804992504,0.46412750683434456,0.41371494138482545,0.5145400722838637,True,4.6405680464878126e-65,2.3417553082351186e-63
esm3_frozen_bilstm_attn,train,1,C,mean_rsa,exposure_length_position,881,3122,6033,0.4396435358693463,0.3978960479535005,0.04174748791584586,0.03336891729312895,0.050126058538562765,True,1.209828961917275e-22,1.6104061890717742e-21
esm3_frozen_bilstm_attn,train,1,C,max_rsa,exposure_length_position,881,3122,6033,0.6123733674317366,0.5069517577680176,0.105421609663719,0.09418130917621778,0.11666191015122021,True,1.5301238510547781e-57,6.89779832055494e-56
esm3_frozen_bilstm_attn,train,1,C,log_segment_length,exposure_length_position,881,3122,6033,1.8379655200698162,1.2606355641273617,0.5773299559424546,0.5424490198517796,0.6122108920331296,True,6.003579067011712e-114,3.3830168042611e-111
esm3_frozen_bilstm_attn,train,1,C,normalized_midpoint,exposure_length_position,881,3122,6033,0.4843509193419359,0.533514882661505,-0.04916396331956907,-0.07075495356474906,-0.027572973074389075,True,4.497883637713314e-06,1.656573483563041e-05
esm3_frozen_bilstm_attn,train,1,C,mean_torsion_change,geometry_boundaries,881,3122,6033,75.70847871818786,74.1276935984261,1.5807851197617473,-0.8770104868119031,4.038580726335398,True,0.7814015526535981,0.8639367722438898
esm3_frozen_bilstm_attn,train,1,C,max_torsion_change,geometry_boundaries,881,3122,6033,145.4181387788522,106.77749544833931,38.64064333051291,35.32077476961163,41.960511891414185,True,1.7852976670020236e-78,1.6766920589260673e-76
esm3_frozen_bilstm_attn,train,1,C,q3_boundary_fraction,geometry_boundaries,881,3122,6033,0.20064066266017755,0.46478448814699025,-0.26414382548681264,-0.2813631520436492,-0.2469244989299761,True,1.2939831320856986e-107,3.645797474651456e-105
esm3_frozen_bilstm_attn,train,1,C,mean_distance_to_q3_boundary,geometry_boundaries,881,3122,6033,3.0554705892011507,1.4849608837842552,1.570509705416895,1.4076462408818036,1.7333731699519865,True,1.256177386605675e-82,1.5730132385606619e-80
esm3_frozen_bilstm_attn,train,1,C,structured_linker_fraction,geometry_boundaries,881,3122,6033,0.716951997150802,0.5412902861752501,0.17566171097555186,0.14815803454215323,0.2031653874089505,True,9.878468111024426e-34,2.2876096358475059e-32
esm3_frozen_bilstm_attn,train,1,C,mean_disorder,disorder,881,3122,6033,0.13809375356555548,0.14679413616091022,-0.008700382595354723,-0.020146364434507652,0.002745599243798207,True,0.018660818350804322,0.03865945272308175
esm3_frozen_bilstm_attn,train,1,C,max_disorder,disorder,881,3122,6033,0.22272442277757834,0.222950832812683,-0.0002264100351046551,-0.018341989447650028,0.017889169377440717,True,0.3306622290169092,0.4528023476331187
esm3_frozen_bilstm_attn,train,1,C,fraction_glycine,sequence,881,3122,6033,0.10039258726055432,0.0731098321366057,0.02728275512394861,0.017577234192912097,0.03698827605498513,True,1.0323214595671383e-08,4.915885710980978e-08
esm3_frozen_bilstm_attn,train,1,C,fraction_proline,sequence,881,3122,6033,0.08635797315509926,0.06972862901939837,0.01662934413570088,0.00827698883864935,0.024981699432752406,True,1.3201456375472464e-05,4.6157315414138986e-05
esm3_frozen_bilstm_attn,train,1,C,fraction_hydrophobic,sequence,881,3122,6033,0.26747038408051627,0.31287795693637166,-0.04540757285585544,-0.05890868062959684,-0.03190646508211405,True,3.069104467739534e-12,1.9578570198919557e-11
esm3_frozen_bilstm_attn,train,1,C,fraction_charged,sequence,881,3122,6033,0.22947993366300204,0.24267841366815537,-0.013198480005153317,-0.026875350968606933,0.0004783909583002989,True,0.0469965760546112,0.08778752687328203
esm3_frozen_bilstm_attn,train,1,C,fraction_aromatic,sequence,881,3122,6033,0.06083439206730974,0.06095656352888589,-0.00012217146157615031,-0.007235129015757917,0.0069907860926056165,True,0.6115906078287602,0.7256579660860125
esm3_frozen_bilstm_attn,train,1,C,sequence_entropy,sequence,881,3122,6033,1.9459913860832214,1.0910958645743605,0.8548955215088612,0.8021046861259694,0.9076863568917529,True,3.1256049036525892e-108,1.0567670179249403e-105
esm3_frozen_bilstm_attn,train,1,S,mean_neq,neq,321,584,863,1.8825778054552849,1.4732772474885791,0.40930055796670545,0.3145776161390645,0.5040234997943465,True,3.517376277781289e-17,2.9730622987946347e-16
esm3_frozen_bilstm_attn,train,1,S,max_neq,neq,321,584,863,2.0664331965254084,1.530267944533832,0.5361652519915759,0.4321647763513145,0.6401657276318374,True,5.22962195622939e-21,5.953317115828811e-20
esm3_frozen_bilstm_attn,train,1,S,neq_peak_fraction,neq,321,584,863,0.2592541083584697,0.22299942183119753,0.0362546865272722,-0.012353875692164736,0.08486324874670914,True,0.046611659786361045,0.08733161705360065
esm3_frozen_bilstm_attn,train,1,S,neq_peak_excess,neq,321,584,863,0.1838553910701237,0.05699069704525311,0.12686469402487058,0.09626097545439265,0.1574684125953485,True,1.4002951709540067e-15,1.0777783892622955e-14
esm3_frozen_bilstm_attn,train,1,S,mean_rsa,exposure_length_position,321,584,863,0.4988707041784235,0.3876402638713833,0.11123044030704025,0.08890464853965604,0.13355623207442446,True,3.3399669514210224e-18,3.076955929905852e-17
esm3_frozen_bilstm_attn,train,1,S,max_rsa,exposure_length_position,321,584,863,0.5572495747284198,0.40941543204185904,0.1478341426865608,0.12196061998171957,0.17370766539140203,True,1.3117862636200927e-22,1.73248021769513e-21
esm3_frozen_bilstm_attn,train,1,S,log_segment_length,exposure_length_position,321,584,863,0.941839405638928,0.7862714936052635,0.15556791203366446,0.12734744496134096,0.18378837910598797,True,6.424872462153397e-20,6.830972891364979e-19
esm3_frozen_bilstm_attn,train,1,S,normalized_midpoint,exposure_length_position,321,584,863,0.4798401135244929,0.5285237361136731,-0.04868362258918015,-0.08539827891529153,-0.011968966263068773,True,0.005095904452097689,0.01207375820080048
esm3_frozen_bilstm_attn,train,1,S,mean_torsion_change,geometry_boundaries,321,584,863,140.4696171958102,143.77781681577534,-3.3081996199651087,-9.089398322513174,2.472999082582957,True,0.22217023060305552,0.3268744776627201
esm3_frozen_bilstm_attn,train,1,S,max_torsion_change,geometry_boundaries,321,584,863,157.41100164347566,149.3278093269105,8.08319231656517,2.2547108130023963,13.911673820127941,True,0.002167866478926874,0.005544293922278186
esm3_frozen_bilstm_attn,train,1,S,q3_boundary_fraction,geometry_boundaries,321,584,863,0.12241259951540326,0.320473451781863,-0.19806085226645975,-0.24258939607736316,-0.15353230845555635,True,1.2755931220287959e-14,9.195693700595648e-14
esm3_frozen_bilstm_attn,train,1,S,mean_distance_to_q3_boundary,geometry_boundaries,321,584,863,1.9911540490200927,1.2500525391880533,0.7411015098320394,0.5492413716234532,0.9329616480406255,True,3.555443337072123e-19,3.599088000790673e-18
esm3_frozen_bilstm_attn,train,1,S,structured_linker_fraction,geometry_boundaries,321,584,863,0.9489022400237354,0.8956295003023974,0.05327273972133786,0.022422358559331824,0.0841231208833439,True,0.000230824078878623,0.0006918583428090642
esm3_frozen_bilstm_attn,train,1,S,mean_disorder,disorder,321,584,863,0.01964862497564301,0.011353107482235178,0.008295517493407832,0.00592679762612771,0.010664237360687955,True,1.0162996066809756e-14,7.405407263337022e-14
esm3_frozen_bilstm_attn,train,1,S,max_disorder,disorder,321,584,863,0.02140042132994019,0.011652330134922253,0.009748091195017934,0.007204697810697356,0.012291484579338513,True,3.3844584000284536e-17,2.867883170550427e-16
esm3_frozen_bilstm_attn,train,1,S,fraction_glycine,sequence,321,584,863,0.2948635217326806,0.22384993856956473,0.07101358316311587,0.023844093350620425,0.11818307297561131,True,0.0013358456010664932,0.0035562944702407983
esm3_frozen_bilstm_attn,train,1,S,fraction_proline,sequence,321,584,863,0.030272874120226143,0.02439549028334075,0.005877383836885394,-0.009765707024545857,0.021520474698316645,True,0.8937683499759838,0.9495094198740042
esm3_frozen_bilstm_attn,train,1,S,fraction_hydrophobic,sequence,321,584,863,0.12655330564209072,0.2342261191560257,-0.10767281351393501,-0.1524311708125567,-0.06291445621531333,True,5.758411119308434e-07,2.3599015750765836e-06
esm3_frozen_bilstm_attn,train,1,S,fraction_charged,sequence,321,584,863,0.29445660057030776,0.2715696427145025,0.022886957855805207,-0.028947937734231894,0.07472185344584231,True,0.8606168503558015,0.9239254565459374
esm3_frozen_bilstm_attn,train,1,S,fraction_aromatic,sequence,321,584,863,0.026544652128764275,0.052052023780995736,-0.025507371652231464,-0.04728711292065235,-0.0037276303838105797,True,0.013042199661911837,0.027838179960179243
esm3_frozen_bilstm_attn,train,1,S,sequence_entropy,sequence,321,584,863,0.5120264203588071,0.21621979747117478,0.29580662288763226,0.23167140748961484,0.3599418382856497,True,2.176848538926983e-15,1.6576407455207497e-14
esm3_frozen_bilstm_attn,train,1,E,mean_neq,neq,96,110,350,1.4945272394445415,1.1614036321190935,0.33312360732544805,0.23416150526101637,0.4320857093898797,True,2.1878812106281382e-10,1.204759995624387e-09
esm3_frozen_bilstm_attn,train,1,E,max_neq,neq,96,110,350,2.060247395833333,1.4712485670194002,0.588998828813933,0.4306887797343815,0.7473088778934844,True,4.332202565154232e-10,2.3066420272104657e-09
esm3_frozen_bilstm_attn,train,1,E,neq_peak_fraction,neq,96,110,350,0.10033016505660663,0.04980815408549783,0.05052201097110879,0.0254442081040757,0.07559981383814188,True,8.188006564878964e-05,0.0002596965309179716
esm3_frozen_bilstm_attn,train,1,E,neq_peak_excess,neq,96,110,350,0.5657201563887918,0.3098449349003069,0.25587522148848496,0.16190838397923513,0.3498420589977348,True,8.237062144856579e-07,3.3114752808275974e-06
esm3_frozen_bilstm_attn,train,1,E,mean_rsa,exposure_length_position,96,110,350,0.3158321210262371,0.21882366414125135,0.09700845688498572,0.06507837799716858,0.12893853577280284,True,1.4518620967144543e-07,6.30944183675009e-07
esm3_frozen_bilstm_attn,train,1,E,max_rsa,exposure_length_position,96,110,350,0.49280972220003605,0.36308239321364516,0.12972732898639083,0.09379418203802004,0.16566047593476163,True,3.5184307550361205e-09,1.7417004952821557e-08
esm3_frozen_bilstm_attn,train,1,E,log_segment_length,exposure_length_position,96,110,350,1.8533285032011488,1.7142231298863473,0.1391053733148016,0.02107781566122613,0.2571329309683771,True,0.030513006293458423,0.05997934551057146
esm3_frozen_bilstm_attn,train,1,E,normalized_midpoint,exposure_length_position,96,110,350,0.47701056717150614,0.4735515082858841,0.003459058885622021,-0.07472820618033742,0.08164632395158146,True,0.9388298617729547,0.9842430271796464
esm3_frozen_bilstm_attn,train,1,E,mean_torsion_change,geometry_boundaries,96,110,350,49.302110371472544,30.60433668239143,18.697773689081114,11.774300396907044,25.621246981255183,True,3.7875742844905526e-06,1.4103291471214272e-05
esm3_frozen_bilstm_attn,train,1,E,max_torsion_change,geometry_boundaries,96,110,350,121.31462647870313,75.23371460012608,46.08091187857705,30.69537762430926,61.46644613284484,True,1.049261254474919e-06,4.16379378096209e-06
esm3_frozen_bilstm_attn,train,1,E,q3_boundary_fraction,geometry_boundaries,96,110,350,0.5040678962384652,0.5113054054218489,-0.007237509183383756,-0.06784581362793439,0.05337079526116688,True,0.8507200025029179,0.9166188999595288
esm3_frozen_bilstm_attn,train,1,E,mean_distance_to_q3_boundary,geometry_boundaries,96,110,350,0.8537489529483531,0.7695667058911106,0.08418224705724246,-0.10136674864025548,0.2697312427547404,True,0.7147873674019535,0.8128812947144315
esm3_frozen_bilstm_attn,train,1,E,structured_linker_fraction,geometry_boundaries,96,110,350,0.0,0.0,0.0,0.0,0.0,True,1.0,1.0
esm3_frozen_bilstm_attn,train,1,E,mean_disorder,disorder,96,110,350,0.024400694742177376,0.01910767185812727,0.005293022884050103,-0.004326276531534084,0.014912322299634288,True,0.8607596743142875,0.9239254565459374
esm3_frozen_bilstm_attn,train,1,E,max_disorder,disorder,96,110,350,0.03482116392448608,0.027345500151887317,0.007475663772598763,-0.00407947149223758,0.019030799037435105,True,0.608927928193447,0.7239048260274418
esm3_frozen_bilstm_attn,train,1,E,fraction_glycine,sequence,96,110,350,0.12348838672972767,0.031072740228246177,0.09241564650148149,0.05134875968959854,0.13348253331336443,True,0.0005061350439768872,0.0014356061943673287
esm3_frozen_bilstm_attn,train,1,E,fraction_proline,sequence,96,110,350,0.013769390331890332,0.01683862970693328,-0.0030692393750429447,-0.018318610112657233,0.012180131362571345,True,0.025077338243232966,0.05043764910905437
esm3_frozen_bilstm_attn,train,1,E,fraction_hydrophobic,sequence,96,110,350,0.4158096073549344,0.5926977277916637,-0.17688812043672944,-0.22249475600215612,-0.13128148487130276,True,3.9902053118314524e-10,2.1346335695098323e-09
esm3_frozen_bilstm_attn,train,1,E,fraction_charged,sequence,96,110,350,0.2517184064180001,0.16939218887786597,0.08232621754013413,0.029768190676423556,0.1348842444038447,True,0.004730057333424194,0.011301995649687067
esm3_frozen_bilstm_attn,train,1,E,fraction_aromatic,sequence,96,110,350,0.09279645985213902,0.15927041773674958,-0.06647395788461055,-0.10241360959251228,-0.030534306176708825,True,0.0003679944608128758,0.0010670576946898225
esm3_frozen_bilstm_attn,train,1,E,sequence_entropy,sequence,96,110,350,2.0064927362699803,1.8475477035116008,0.15894503275837957,-0.03765369064593671,0.35554375616269585,True,0.06658378045174358,0.11955377679625334
esm3_frozen_bilstm_attn,train,1,G,mean_neq,neq,67,80,158,1.709398590381426,1.394761465588723,0.3146371247927032,0.14779776765078076,0.48147648193462567,True,0.0011111831994415186,0.0029864152601842405
esm3_frozen_bilstm_attn,train,1,G,max_neq,neq,67,80,158,2.157168325041459,1.8003557213930346,0.35681260364842454,0.08435676309848139,0.6292684441983677,True,0.02297927389636479,0.04663440878968148
esm3_frozen_bilstm_attn,train,1,G,neq_peak_fraction,neq,67,80,158,0.19626865671641788,0.0772346600331675,0.1190339966832504,0.04607664147296811,0.1919913518935327,True,0.007985125299119347,0.017962547329555895
esm3_frozen_bilstm_attn,train,1,G,neq_peak_excess,neq,67,80,158,0.4477697346600331,0.40559425580431174,0.04217547885572137,-0.11251918799275795,0.1968701457042007,True,0.7241361613262723,0.8192393832567533
esm3_frozen_bilstm_attn,train,1,G,mean_rsa,exposure_length_position,67,80,158,0.3888493169624216,0.35192237143189325,0.036926945530528374,-0.019234162193292617,0.09308805325434936,True,0.2826331062587275,0.3999926882631887
esm3_frozen_bilstm_attn,train,1,G,max_rsa,exposure_length_position,67,80,158,0.5000879421125893,0.4740134884079742,0.026074453704615135,-0.042621821583089796,0.09477072899232006,True,0.5825218451077967,0.6993014467636222
esm3_frozen_bilstm_attn,train,1,G,log_segment_length,exposure_length_position,67,80,158,1.1822533232066637,1.1496691631097968,0.032584160096866946,-0.0666930158621091,0.131861336055843,True,0.3815332197686362,0.5066630658730982
esm3_frozen_bilstm_attn,train,1,G,normalized_midpoint,exposure_length_position,67,80,158,0.5184366002563954,0.5326074841925752,-0.014170883936179822,-0.1041681582365216,0.07582639036416196,True,0.6216690747181783,0.7347440527181667
esm3_frozen_bilstm_attn,train,1,G,mean_torsion_change,geometry_boundaries,67,80,158,61.84918011771344,55.515408340538805,6.333771777174632,-3.8210989038655905,16.488642458214855,True,0.24024709461742533,0.3504208053932334
esm3_frozen_bilstm_attn,train,1,G,max_torsion_change,geometry_boundaries,67,80,158,112.72427122258148,102.10640395038651,10.61786727219495,-8.321585287461435,29.557319831851334,True,0.3455563623378267,0.4682669583423616
esm3_frozen_bilstm_attn,train,1,G,q3_boundary_fraction,geometry_boundaries,67,80,158,0.43714759535655057,0.5233457711442785,-0.08619817578772801,-0.1900146058052941,0.017618254229838093,True,0.09886301400554032,0.16696096421215376
esm3_frozen_bilstm_attn,train,1,G,mean_distance_to_q3_boundary,geometry_boundaries,67,80,158,1.5375621890547264,1.0159991708126035,0.5215630182421228,-0.03847622075311996,1.0816022572373656,True,0.12260963102320957,0.19929959735070749
esm3_frozen_bilstm_attn,train,1,G,structured_linker_fraction,geometry_boundaries,67,80,158,0.0,0.0,0.0,0.0,0.0,True,1.0,1.0
esm3_frozen_bilstm_attn,train,1,G,mean_disorder,disorder,67,80,158,0.017853554791869675,0.01938877275367512,-0.001535217961805445,-0.011696152362721696,0.008625716439110807,True,0.9452179878097564,0.9881824418011089
esm3_frozen_bilstm_attn,train,1,G,max_disorder,disorder,67,80,158,0.020687480993303583,0.02241026545985249,-0.0017227844665489048,-0.01260294271215962,0.00915737377906181,True,0.7786344224442394,0.8617227437918079
esm3_frozen_bilstm_attn,train,1,G,fraction_glycine,sequence,67,80,158,0.07446102819237148,0.03233830845771144,0.04212271973466003,-0.009977982563617455,0.09422342203293751,True,0.4699326474593012,0.5983812983835368
esm3_frozen_bilstm_attn,train,1,G,fraction_proline,sequence,67,80,158,0.07388059701492537,0.09470978441127696,-0.020829187396351572,-0.08412237269527813,0.042463997902574976,True,0.26291539551327925,0.3779408810503389
esm3_frozen_bilstm_attn,train,1,G,fraction_hydrophobic,sequence,67,80,158,0.3240464344941956,0.35280058043117746,-0.028754145936981758,-0.12183712616692441,0.06432883429296088,True,0.7097015816871366,0.8079128106680838
esm3_frozen_bilstm_attn,train,1,G,fraction_charged,sequence,67,80,158,0.2548092868988391,0.3222491708126037,-0.0674398839137645,-0.17711941993076444,0.04223965210323544,True,0.10268804875147158,0.17179034776285276
esm3_frozen_bilstm_attn,train,1,G,fraction_aromatic,sequence,67,80,158,0.061442786069651735,0.1119568822553897,-0.05051409618573797,-0.10780694705694456,0.006778754685468624,True,0.027508168385059206,0.05480560831460529
esm3_frozen_bilstm_attn,train,1,G,sequence_entropy,sequence,67,80,158,1.0735443029342349,0.964624129071866,0.10892017386236856,-0.11143561075693804,0.3292759584816752,True,0.20562523508295139,0.30639881878160363
esm3_frozen_bilstm_attn,train,1,H,mean_neq,neq,60,66,144,1.4805021791385637,1.2258449320353255,0.2546572471032385,0.06221021876436697,0.44710427544211007,True,0.00012166002632069078,0.00037877632170000295
esm3_frozen_bilstm_attn,train,1,H,max_neq,neq,60,66,144,2.4962518518518517,1.6563892019400357,0.8398626499118166,0.5839788315701918,1.0957464682534415,True,3.239201389747859e-07,1.3604645836941008e-06
esm3_frozen_bilstm_attn,train,1,H,neq_peak_fraction,neq,60,66,144,0.11524552202183781,0.05530684593184594,0.05993867608999188,-0.0026401886677128797,0.12251754084769664,True,0.008299817919965091,0.018596212317695145
esm3_frozen_bilstm_attn,train,1,H,neq_peak_excess,neq,60,66,144,1.015749672713288,0.43054426990471,0.585205402808578,0.3778186796224422,0.7925921259947138,True,3.521204326057077e-06,1.3154908095468484e-05
esm3_frozen_bilstm_attn,train,1,H,mean_rsa,exposure_length_position,60,66,144,0.32438304413745733,0.3031650035623165,0.021218040575140897,-0.01308991669696313,0.05552599784724492,True,0.33118409370472224,0.4533333687512817
esm3_frozen_bilstm_attn,train,1,H,max_rsa,exposure_length_position,60,66,144,0.5666794226401383,0.5314586614361082,0.035220761204029984,-0.017946729263297587,0.08838825167135755,True,0.218926479217181,0.3235098016753885
esm3_frozen_bilstm_attn,train,1,H,log_segment_length,exposure_length_position,60,66,144,2.1582520404162766,1.9640187517382077,0.19423328867806877,-0.04986492565109896,0.4383315030072365,True,0.07664762677610762,0.13511242238270066
esm3_frozen_bilstm_attn,train,1,H,normalized_midpoint,exposure_length_position,60,66,144,0.5058226266559156,0.5660838911927469,-0.06026126453683126,-0.15911383094199139,0.038591301868328855,True,0.09764879977658894,0.16540610823880122
esm3_frozen_bilstm_attn,train,1,H,mean_torsion_change,geometry_boundaries,60,66,144,25.081166214079406,27.752889293469668,-2.6717230793902575,-9.170347798557852,3.8269016397773377,True,0.2359312319354191,0.3445717041786834
esm3_frozen_bilstm_attn,train,1,H,max_torsion_change,geometry_boundaries,60,66,144,108.89575614025014,108.46034943908809,0.43540670116205377,-18.516708930715073,19.387522333039183,True,0.7293462160429193,0.8241709747463604
esm3_frozen_bilstm_attn,train,1,H,q3_boundary_fraction,geometry_boundaries,60,66,144,0.3390197200553141,0.3747298981126595,-0.03571017805734555,-0.13015103378118284,0.05873067766649175,True,0.08429103776159444,0.14697679147599318
esm3_frozen_bilstm_attn,train,1,H,mean_distance_to_q3_boundary,geometry_boundaries,60,66,144,2.084211349059386,1.473848729505184,0.6103626195542026,0.05689511719031437,1.1638301219180907,True,0.06901303534078987,0.12352200766924858
esm3_frozen_bilstm_attn,train,1,H,structured_linker_fraction,geometry_boundaries,60,66,144,0.0,0.0,0.0,0.0,0.0,True,1.0,1.0
esm3_frozen_bilstm_attn,train,1,H,mean_disorder,disorder,60,66,144,0.021544276066183102,0.03508607471722624,-0.013541798651043135,-0.026861689699105993,-0.00022190760298027717,True,0.08103711874892952,0.14174159259706712
esm3_frozen_bilstm_attn,train,1,H,max_disorder,disorder,60,66,144,0.039031300642656946,0.05909625188891616,-0.02006495124625921,-0.041894664845164464,0.0017647623526460439,True,0.07976323100353154,0.13965794097511142
esm3_frozen_bilstm_attn,train,1,H,fraction_glycine,sequence,60,66,144,0.03583845454697857,0.03118825618825619,0.0046501983587223855,-0.02001168616810035,0.029312082885545123,True,0.6744107603523812,0.7790170074312952
esm3_frozen_bilstm_attn,train,1,H,fraction_proline,sequence,60,66,144,0.024027284108805846,0.03844870120196917,-0.014421417093163328,-0.04237915496312446,0.013536320776797799,True,0.6408036424112793,0.7522767760390748
esm3_frozen_bilstm_attn,train,1,H,fraction_hydrophobic,sequence,60,66,144,0.4354189046016517,0.4756125841599697,-0.04019367955831796,-0.11259246658091977,0.03220510746428386,True,0.17438793647816553,0.26690388751957106
esm3_frozen_bilstm_attn,train,1,H,fraction_charged,sequence,60,66,144,0.3049006291397894,0.2855467075589625,0.01935392158082697,-0.05035171740973608,0.08905956057139001,True,0.7824947142558187,0.8646745128581445
esm3_frozen_bilstm_attn,train,1,H,fraction_aromatic,sequence,60,66,144,0.13599945560519097,0.09241666104411203,0.04358279456107895,-0.006741193524450698,0.0939067826466086,True,0.17904185059969713,0.27341485857162423
esm3_frozen_bilstm_attn,train,1,H,sequence_entropy,sequence,60,66,144,2.394420585565338,2.141717765235011,0.25270282033032754,-0.11366759397624471,0.6190732346368998,True,0.049776399755954284,0.09236773192913361
esm3_frozen_bilstm_attn,validation,1,C,mean_neq,neq,186,623,1312,1.8842314506346636,1.4575650338112038,0.4266664168234597,0.33556734846025316,0.5177654851866662,True,1.851902519213971e-17,1.617902433452826e-16
esm3_frozen_bilstm_attn,validation,1,C,max_neq,neq,186,623,1312,2.7990644592365017,1.8276564130640696,0.9714080461724328,0.8136550240393522,1.1291610683055133,True,5.802374173435139e-22,7.347500779170114e-21
esm3_frozen_bilstm_attn,validation,1,C,neq_peak_fraction,neq,186,623,1312,0.15075145926265401,0.12295785007807905,0.02779360918457496,0.001570650381200401,0.054016567987949515,True,0.007773807343190626,0.01754555582598632
esm3_frozen_bilstm_attn,validation,1,C,neq_peak_excess,neq,186,623,1312,0.9148330086018387,0.3700913792528655,0.5447416293489731,0.449539538214194,0.6399437204837521,True,3.409023053461929e-21,3.907087099577892e-20
esm3_frozen_bilstm_attn,validation,1,C,mean_rsa,exposure_length_position,186,623,1312,0.44945887031278525,0.3747892910284377,0.07466957928434761,0.05608065901440606,0.09325849955428916,True,3.051665343751457e-12,1.9504121979628876e-11
esm3_frozen_bilstm_attn,validation,1,C,max_rsa,exposure_length_position,186,623,1312,0.6225159853159552,0.47555125856833114,0.14696472674762412,0.1206634956370937,0.17326595785815455,True,2.372176141605899e-18,2.2216973780525053e-17
esm3_frozen_bilstm_attn,validation,1,C,log_segment_length,exposure_length_position,186,623,1312,1.8617672267939125,1.19180627914332,0.6699609476505923,0.5886387855120209,0.7512831097891638,True,1.0874162970030805e-26,1.8854125641884182e-25
esm3_frozen_bilstm_attn,validation,1,C,normalized_midpoint,exposure_length_position,186,623,1312,0.49679928012070806,0.518053773960494,-0.021254493839785924,-0.06809205985767441,0.025583072178102562,True,0.5346718632173392,0.6583122977195279
esm3_frozen_bilstm_attn,validation,1,C,mean_torsion_change,geometry_boundaries,186,623,1312,73.02703302936156,78.38200093693278,-5.354967907571227,-11.254145214579607,0.5442093994371522,True,0.0129827949949778,0.027781537897480977
esm3_frozen_bilstm_attn,validation,1,C,max_torsion_change,geometry_boundaries,186,623,1312,144.76218959130222,106.66546001409026,38.09672957721196,30.90203109467387,45.29142805975005,True,1.85187114295289e-17,1.617902433452826e-16
esm3_frozen_bilstm_attn,validation,1,C,q3_boundary_fraction,geometry_boundaries,186,623,1312,0.19117370238625347,0.49196095593151296,-0.3007872535452595,-0.33770876496962693,-0.26386574212089203,True,7.105393809422331e-26,1.1494419363472201e-24
esm3_frozen_bilstm_attn,validation,1,C,mean_distance_to_q3_boundary,geometry_boundaries,186,623,1312,3.3136650504645364,1.3408354497787849,1.9728296006857517,1.563190933077439,2.3824682682940646,True,1.0021678620975022e-20,1.1219634244210776e-19
esm3_frozen_bilstm_attn,validation,1,C,structured_linker_fraction,geometry_boundaries,186,623,1312,0.7048088410991636,0.5713244676230296,0.13348437347613418,0.07416436181643798,0.19280438513583037,True,2.227950028453676e-05,7.616480329830008e-05
esm3_frozen_bilstm_attn,validation,1,C,mean_disorder,disorder,186,623,1312,0.14943768577400304,0.12085023241814352,0.028587453355859514,0.0018555776034267987,0.05531932910829223,True,0.040996514422856914,0.07787034565375238
esm3_frozen_bilstm_attn,validation,1,C,max_disorder,disorder,186,623,1312,0.24156572603042922,0.1818878370414864,0.059677888988942815,0.018134505192172808,0.10122127278571283,True,0.008442203105736791,0.01889019768398153
esm3_frozen_bilstm_attn,validation,1,C,fraction_glycine,sequence,186,623,1312,0.09919261393102714,0.07457638497429138,0.02461622895673576,0.0033003076350082115,0.04593215027846331,True,0.017378946958986233,0.03627050596810646
esm3_frozen_bilstm_attn,validation,1,C,fraction_proline,sequence,186,623,1312,0.08251653890117296,0.06532070676044224,0.017195832140730713,0.0008470824549316573,0.033544581826529765,True,0.02991617129000662,0.0589775948288702
esm3_frozen_bilstm_attn,validation,1,C,fraction_hydrophobic,sequence,186,623,1312,0.28350795835878373,0.331358895083287,-0.04785093672450324,-0.07911986852574396,-0.01658200492326252,True,0.0028253910409051885,0.007049924065904386
esm3_frozen_bilstm_attn,validation,1,C,fraction_charged,sequence,186,623,1312,0.2552602159817306,0.23722433007734584,0.018035885904384732,-0.015513817317735875,0.051585589126505335,True,0.5405047772211942,0.6625984959335959
esm3_frozen_bilstm_attn,validation,1,C,fraction_aromatic,sequence,186,623,1312,0.06795326156575127,0.07519312916985542,-0.0072398676041041735,-0.028586771116734026,0.014107035908525679,True,0.6194876726029821,0.7328508821101059
esm3_frozen_bilstm_attn,validation,1,C,sequence_entropy,sequence,186,623,1312,1.9622290630189259,0.9630872043048304,0.9991418587140954,0.8785033755920506,1.1197803418361403,True,8.268213901837762e-26,1.3248735166878425e-24
esm3_frozen_bilstm_attn,validation,1,T,mean_neq,neq,132,304,547,1.887780571338384,1.5675923543805337,0.3201882169578499,0.19240989150220136,0.4479665424134984,True,3.7997279189357284e-06,1.4132981401454013e-05
esm3_frozen_bilstm_attn,validation,1,T,max_neq,neq,132,304,547,2.171592998436749,1.752191738913196,0.4194012595235523,0.26453672746863766,0.5742657915784669,True,8.417622435786274e-08,3.744734402025446e-07
esm3_frozen_bilstm_attn,validation,1,T,neq_peak_fraction,neq,132,304,547,0.2293207371332371,0.18514993204582111,0.04417080508741605,-0.002803535598052957,0.09114514577288504,True,0.06779834355930393,0.12154093296606924
esm3_frozen_bilstm_attn,validation,1,T,neq_peak_excess,neq,132,304,547,0.28381242709836463,0.18459938453266217,0.09921304256570242,0.04532571048679119,0.15310037464461365,True,6.433712541420512e-05,0.00020756089792502627
esm3_frozen_bilstm_attn,validation,1,T,mean_rsa,exposure_length_position,132,304,547,0.6256575420664259,0.5356661008944652,0.08999144117196073,0.0617512255710163,0.11823165677290516,True,2.227660905054049e-09,1.1207918928553185e-08
esm3_frozen_bilstm_attn,validation,1,T,max_rsa,exposure_length_position,132,304,547,0.7039584623738413,0.6027683562186947,0.10119010615514659,0.07128785099338375,0.13109236131690943,True,2.1463080801826814e-10,1.1837956964270222e-09
esm3_frozen_bilstm_attn,validation,1,T,log_segment_length,exposure_length_position,132,304,547,1.094498824081921,1.0005957318043741,0.09390309227754719,0.05742684062995284,0.13037934392514153,True,1.8613374471455743e-07,8.010404832652939e-07
esm3_frozen_bilstm_attn,validation,1,T,normalized_midpoint,exposure_length_position,132,304,547,0.49619937968617583,0.5000600626565035,-0.0038606829703275833,-0.054517017790213326,0.046795651849558154,True,0.9601478198276809,0.9973148322081072
esm3_frozen_bilstm_attn,validation,1,T,mean_torsion_change,geometry_boundaries,132,304,547,98.41528649691257,87.50132172374566,10.913964773166919,3.3653363184672065,18.46259322786663,True,0.015182563121945861,0.03210271789574669
esm3_frozen_bilstm_attn,validation,1,T,max_torsion_change,geometry_boundaries,132,304,547,144.51995796389198,128.10048914735808,16.419468816533946,6.4692402910788065,26.369697341989088,True,0.0012488396729625339,0.0033398972285174776
esm3_frozen_bilstm_attn,validation,1,T,q3_boundary_fraction,geometry_boundaries,132,304,547,0.17009905603655603,0.3669034707164163,-0.19680441467986032,-0.25360466864431,-0.1400041607154106,True,3.454759146404683e-10,1.8599587060500371e-09
esm3_frozen_bilstm_attn,validation,1,T,mean_distance_to_q3_boundary,geometry_boundaries,132,304,547,2.046712662337663,1.20867394019132,0.8380387221463425,0.5622223355280445,1.1138551087646404,True,3.26501712527886e-08,1.5101262517876643e-07
esm3_frozen_bilstm_attn,validation,1,T,structured_linker_fraction,geometry_boundaries,132,304,547,0.8856601731601732,0.8485065031522251,0.03715367000794809,-0.019267416902319652,0.09357475691821585,True,0.03031539177390425,0.059649066336227
esm3_frozen_bilstm_attn,validation,1,T,mean_disorder,disorder,132,304,547,0.03564553981521135,0.024494067089897792,0.011151472725313557,0.0019120797624067234,0.02039086568822039,True,3.0451418319825333e-05,0.0001026483004380154
esm3_frozen_bilstm_attn,validation,1,T,max_disorder,disorder,132,304,547,0.03957480995289947,0.02728113813193226,0.012293671820967203,0.0020327165389991894,0.022554627102935217,True,3.200533304729932e-05,0.00010735122126281648
esm3_frozen_bilstm_attn,validation,1,T,fraction_glycine,sequence,132,304,547,0.2375661375661376,0.19510064155368298,0.04246549601245456,-0.008618620383766332,0.09354961240867544,True,0.15839195639619608,0.24644418066062534
esm3_frozen_bilstm_attn,validation,1,T,fraction_proline,sequence,132,304,547,0.09879148629148628,0.07359896150838663,0.025192524783099645,-0.010577225406475887,0.06096227497267517,True,0.09885522658858609,0.16696096421215376
esm3_frozen_bilstm_attn,validation,1,T,fraction_hydrophobic,sequence,132,304,547,0.13401124338624337,0.1641196141182215,-0.030108370731978126,-0.07144608808295391,0.01122934661899766,True,0.11759661069481903,0.19188906407296483
esm3_frozen_bilstm_attn,validation,1,T,fraction_charged,sequence,132,304,547,0.30417869167869166,0.32840043989358825,-0.024221748214896612,-0.08686059832975335,0.038417101899960115,True,0.5417185726102303,0.663845775279155
esm3_frozen_bilstm_attn,validation,1,T,fraction_aromatic,sequence,132,304,547,0.031507034632034636,0.05802052225849017,-0.026513487626455536,-0.05375565598364312,0.0007286807307320467,True,0.01323418713505539,0.028212349750077095
esm3_frozen_bilstm_attn,validation,1,T,sequence_entropy,sequence,132,304,547,0.902858603808318,0.697161653367256,0.20569695044106204,0.11217465094597827,0.2992192499361458,True,8.64865194542499e-06,3.1107544922853076e-05
esm3_frozen_bilstm_attn,validation,1,G,mean_neq,neq,13,17,28,1.691363247863248,1.3282069088319088,0.363156339031339,-0.13118876728370837,0.8575014453463863,True,0.1960509634811064,0.29381573915320064
esm3_frozen_bilstm_attn,validation,1,G,max_neq,neq,13,17,28,2.2766025641025642,1.6335448717948717,0.6430576923076925,-0.11081886406576547,1.3969342486811505,True,0.07473549830588254,0.132362870493551
esm3_frozen_bilstm_attn,validation,1,G,neq_peak_fraction,neq,13,17,28,0.1474358974358974,0.08653846153846154,0.060897435897435896,-0.09039110345896714,0.21218597525383895,True,0.5042624841459188,0.6319440739102311
esm3_frozen_bilstm_attn,validation,1,G,neq_peak_excess,neq,13,17,28,0.5852393162393162,0.3053379629629629,0.27990135327635335,-0.05666679650648271,0.6164695030591893,True,0.13295729296233563,0.2132713521655108
esm3_frozen_bilstm_attn,validation,1,G,mean_rsa,exposure_length_position,13,17,28,0.5079981117771987,0.41813882306600225,0.08985928871119632,-0.020877258800564652,0.2005958362229573,True,0.15183112946792546,0.2378781504777831
esm3_frozen_bilstm_attn,validation,1,G,max_rsa,exposure_length_position,13,17,28,0.6562544975716335,0.5738510182604958,0.08240347931113762,-0.03746102407201163,0.20226798269428686,True,0.13283892519329157,0.2132713521655108
esm3_frozen_bilstm_attn,validation,1,G,log_segment_length,exposure_length_position,13,17,28,1.2246915225077861,1.192010676541781,0.03268084596600511,-0.1380382645135449,0.20339995644555514,True,0.46114939513062936,0.5894692268191523
esm3_frozen_bilstm_attn,validation,1,G,normalized_midpoint,exposure_length_position,13,17,28,0.622358725122133,0.5311295533636972,0.0912291717584358,-0.07754589623180182,0.2600042397486734,True,0.19591441987172542,0.2937413097943697
esm3_frozen_bilstm_attn,validation,1,G,mean_torsion_change,geometry_boundaries,13,17,28,64.54561614945091,39.75567585518877,24.789940294262138,-8.655604827513457,58.23548541603773,True,0.2487193826593299,0.3601371446557578
esm3_frozen_bilstm_attn,validation,1,G,max_torsion_change,geometry_boundaries,13,17,28,111.73557865452344,80.35150427150226,31.384074383021165,-17.722663569323572,80.4908123353659,True,0.15183112946792546,0.2378781504777831
esm3_frozen_bilstm_attn,validation,1,G,q3_boundary_fraction,geometry_boundaries,13,17,28,0.2756410256410256,0.4925213675213675,-0.21688034188034194,-0.40972209660495795,-0.02403858715572596,True,0.03277954103551815,0.0637233460397219
esm3_frozen_bilstm_attn,validation,1,G,mean_distance_to_q3_boundary,geometry_boundaries,13,17,28,2.2435897435897436,0.7895299145299146,1.4540598290598292,0.29503236894491036,2.6130872891747483,True,0.023087872930830214,0.04681455154655541
esm3_frozen_bilstm_attn,validation,1,G,structured_linker_fraction,geometry_boundaries,13,17,28,0.0,0.0,0.0,0.0,0.0,True,1.0,1.0
esm3_frozen_bilstm_attn,validation,1,G,mean_disorder,disorder,13,17,28,0.010290717194155289,0.0077529375786015925,0.0025377796155536952,-0.004197760925015679,0.00927332015612307,True,0.9721168205477996,1.0
esm3_frozen_bilstm_attn,validation,1,G,max_disorder,disorder,13,17,28,0.011818284786736112,0.009045146589461388,0.002773138197274723,-0.0047310514789380715,0.010277327873487518,True,0.8067084790004491,0.8834724807869204
esm3_frozen_bilstm_attn,validation,1,G,fraction_glycine,sequence,13,17,28,0.044871794871794865,0.02564102564102564,0.01923076923076923,-0.07753370567076803,0.1159952441323065,True,0.6583620700023474,0.765974590047466
esm3_frozen_bilstm_attn,validation,1,G,fraction_proline,sequence,13,17,28,0.08974358974358973,0.0641025641025641,0.025641025641025637,-0.08768202265413404,0.13896407393618532,True,0.6710828144475349,0.7767651474313987
esm3_frozen_bilstm_attn,validation,1,G,fraction_hydrophobic,sequence,13,17,28,0.19871794871794873,0.2895299145299145,-0.09081196581196581,-0.23733345052734506,0.055709518903413455,True,0.16142946236708333,0.2502365904288895
esm3_frozen_bilstm_attn,validation,1,G,fraction_charged,sequence,13,17,28,0.49999999999999994,0.49679487179487175,0.0032051282051282068,-0.09126421038724791,0.09767446679750433,True,0.9159476240157716,0.9665398504328838
esm3_frozen_bilstm_attn,validation,1,G,fraction_aromatic,sequence,13,17,28,0.0641025641025641,0.1121794871794872,-0.04807692307692308,-0.18592856970816501,0.08977472355431887,True,0.3769081871363571,0.5017033782315052
esm3_frozen_bilstm_attn,validation,1,G,sequence_entropy,sequence,13,17,28,1.1320995195358736,1.0098226766102698,0.12227684292560395,-0.26308944676753443,0.5076431326187424,True,0.5511533307358082,0.6722400473368569
esm3_frozen_bilstm_attn,validation,1,S,mean_neq,neq,97,170,242,1.8884530430098727,1.3944514254804632,0.49400161752940963,0.3209291468622151,0.6670740881966042,True,6.539648376959452e-07,2.6575181685697e-06
esm3_frozen_bilstm_attn,validation,1,S,max_neq,neq,97,170,242,2.0702729258713792,1.4471691948944527,0.623103730976927,0.4350195114692444,0.8111879504846096,True,1.7706507267179807e-08,8.280179954403171e-08
esm3_frozen_bilstm_attn,validation,1,S,neq_peak_fraction,neq,97,170,242,0.24893225331369662,0.21878715976654117,0.030145093547155402,-0.052390136374656976,0.11268032346896778,True,0.2637340471394043,0.378777509337482
esm3_frozen_bilstm_attn,validation,1,S,neq_peak_excess,neq,97,170,242,0.18181988286150658,0.052717769413989354,0.12910211344751724,0.07949495110090987,0.1787092757941246,True,1.5959383515165702e-06,6.202146628135085e-06
esm3_frozen_bilstm_attn,validation,1,S,mean_rsa,exposure_length_position,97,170,242,0.5201701930260328,0.4021771050471211,0.11799308797891175,0.08088652784960239,0.15509964810822113,True,3.574095973975207e-08,1.6396225899606747e-07
esm3_frozen_bilstm_attn,validation,1,S,max_rsa,exposure_length_position,97,170,242,0.5728753189940807,0.42760271691732293,0.14527260207675788,0.10372686138619085,0.1868183427673249,True,4.344208820036236e-09,2.1286623218177558e-08
esm3_frozen_bilstm_attn,validation,1,S,log_segment_length,exposure_length_position,97,170,242,0.9441687886949051,0.7846956696614363,0.15947311903346878,0.10369590244544272,0.21525033562149484,True,8.217189866879696e-07,3.307418921419078e-06
esm3_frozen_bilstm_attn,validation,1,S,normalized_midpoint,exposure_length_position,97,170,242,0.5288316554085204,0.5155191213566259,0.01331253405189445,-0.052811845831622184,0.07943691393541108,True,0.783112553497809,0.8648828459686405
esm3_frozen_bilstm_attn,validation,1,S,mean_torsion_change,geometry_boundaries,97,170,242,145.9655250598001,138.00657169606058,7.958953363739486,-4.387219024009948,20.30512575148892,True,0.22049999165970546,0.3252042385594205
esm3_frozen_bilstm_attn,validation,1,S,max_torsion_change,geometry_boundaries,97,170,242,159.03374108778337,141.78726289070065,17.246478197082713,4.099815364205172,30.393141029960255,True,0.0038821148864449993,0.00941566028053841
esm3_frozen_bilstm_attn,validation,1,S,q3_boundary_fraction,geometry_boundaries,97,170,242,0.12738095238095237,0.3266036655211913,-0.1992227131402389,-0.2745850902224933,-0.12386033605798454,True,4.187633189455186e-06,1.5490577476529522e-05
esm3_frozen_bilstm_attn,validation,1,S,mean_distance_to_q3_boundary,geometry_boundaries,97,170,242,1.9073555882834234,1.1445671739486174,0.7627884143348059,0.4305646741242282,1.0950121545453837,True,9.003763392725542e-08,3.9845188521996147e-07
esm3_frozen_bilstm_attn,validation,1,S,structured_linker_fraction,geometry_boundaries,97,170,242,0.9166421207658321,0.8857142857142857,0.030927835051546393,-0.03347735204013941,0.0953330221432322,True,0.14205811637257112,0.2251751014794482
esm3_frozen_bilstm_attn,validation,1,S,mean_disorder,disorder,97,170,242,0.024765780427215698,0.011780862061960785,0.012984918365254915,0.005097164013402869,0.02087267271710696,True,9.45774655390009e-07,3.7797448107253195e-06
esm3_frozen_bilstm_attn,validation,1,S,max_disorder,disorder,97,170,242,0.026530126332794297,0.012177074969177458,0.014353051363616838,0.006185184298980233,0.022520918428253444,True,3.7248023788311504e-07,1.5605398813913407e-06
esm3_frozen_bilstm_attn,validation,1,S,fraction_glycine,sequence,97,170,242,0.24518082146948125,0.20616920307641956,0.039011618393061685,-0.05030699067658361,0.12833022746270698,True,0.6640083362257864,0.7709519865313819
esm3_frozen_bilstm_attn,validation,1,S,fraction_proline,sequence,97,170,242,0.0465635738831615,0.007707412862052038,0.038856161021109475,0.01092843393864229,0.06678388810357666,True,0.05479462659148835,0.100412266940825
esm3_frozen_bilstm_attn,validation,1,S,fraction_hydrophobic,sequence,97,170,242,0.13089101620029453,0.23403698249059074,-0.10314596629029617,-0.1789355919817423,-0.027356340598850018,True,0.00952439265015481,0.02106080546119909
esm3_frozen_bilstm_attn,validation,1,S,fraction_charged,sequence,97,170,242,0.2789702994599902,0.3310219276714122,-0.052051628211422035,-0.1412980170954953,0.037194760672651234,True,0.25672566690791054,0.3699869905437534
esm3_frozen_bilstm_attn,validation,1,S,fraction_aromatic,sequence,97,170,242,0.04037800687285223,0.04539355261004746,-0.005015545737195222,-0.03491506867851648,0.024883977204126037,True,0.35069308148554235,0.47314178312155575
esm3_frozen_bilstm_attn,validation,1,S,sequence_entropy,sequence,97,170,242,0.5618392944031336,0.20937876351873755,0.3524605308843961,0.22287548154276823,0.48204558022602395,True,2.4877868485977836e-06,9.450794758549558e-06
esm3_frozen_bilstm_attn,validation,1,E,mean_neq,neq,25,28,76,1.3802221955958272,1.168136536017598,0.21208565957822922,0.05927589944395087,0.3648954197125076,True,0.014888682178607273,0.03155116291907865
esm3_frozen_bilstm_attn,validation,1,E,max_neq,neq,25,28,76,2.0879133333333333,1.514668349206349,0.5732449841269842,0.10976251266128118,1.0367274555926873,True,0.04500957940588426,0.08463703446679348
esm3_frozen_bilstm_attn,validation,1,E,neq_peak_fraction,neq,25,28,76,0.05819561724824882,0.049558427815570676,0.008637189432678152,-0.042257250223028224,0.05953162908838453,True,0.8608001147943516,0.9239254565459374
esm3_frozen_bilstm_attn,validation,1,E,neq_peak_excess,neq,25,28,76,0.7076911377375061,0.34653181318875126,0.361159324548755,0.031739964474644444,0.6905786846228655,True,0.115474887760127,0.1891572652698592
esm3_frozen_bilstm_attn,validation,1,E,mean_rsa,exposure_length_position,25,28,76,0.2929813260394443,0.15586302922223041,0.13711829681721388,0.08986410485554319,0.18437248877888457,True,7.224472548320885e-05,0.00023152551361016978
esm3_frozen_bilstm_attn,validation,1,E,max_rsa,exposure_length_position,25,28,76,0.4453169965744019,0.2927929509370809,0.15252404563732092,0.0830046316471359,0.22204345962750593,True,0.0006647380193324072,0.0018574208622833626
esm3_frozen_bilstm_attn,validation,1,E,log_segment_length,exposure_length_position,25,28,76,1.7545950642248969,1.8225714682131693,-0.06797640398827244,-0.36379605977306173,0.22784325179651688,True,0.7982386912274775,0.8763606302195469
esm3_frozen_bilstm_attn,validation,1,E,normalized_midpoint,exposure_length_position,25,28,76,0.4411801666540065,0.44088558566976177,0.00029458098424473445,-0.14392801527980606,0.14451717724829552,True,0.9892660190652709,1.0
esm3_frozen_bilstm_attn,validation,1,E,mean_torsion_change,geometry_boundaries,25,28,76,54.31303617813687,33.95815973569766,20.354876442439195,-1.1463665254418949,41.85611941032029,True,0.15776958356672988,0.2458151898797759
esm3_frozen_bilstm_attn,validation,1,E,max_torsion_change,geometry_boundaries,25,28,76,114.6899290508586,92.29794031677139,22.391988734087207,-13.535718750194825,58.31969621836924,True,0.3129702263334466,0.43438108999728364
esm3_frozen_bilstm_attn,validation,1,E,q3_boundary_fraction,geometry_boundaries,25,28,76,0.5269102242786453,0.44640510905216785,0.08050511522647748,-0.055207745578441894,0.21621797603139686,True,0.29396436867668807,0.4127161783243462
esm3_frozen_bilstm_attn,validation,1,E,mean_distance_to_q3_boundary,geometry_boundaries,25,28,76,0.7353492706124285,0.9526468782384749,-0.21729760762604633,-0.629744364501311,0.19514914924921833,True,0.3818382884127146,0.5066700365476405
esm3_frozen_bilstm_attn,validation,1,E,structured_linker_fraction,geometry_boundaries,25,28,76,0.0,0.0,0.0,0.0,0.0,True,1.0,1.0
esm3_frozen_bilstm_attn,validation,1,E,mean_disorder,disorder,25,28,76,0.020467908494001555,0.006688776689609296,0.013779131804392261,-0.0038359401971811806,0.031394203805965706,True,0.02141759177072576,0.043841733029391455
esm3_frozen_bilstm_attn,validation,1,E,max_disorder,disorder,25,28,76,0.02893007628154005,0.013965508369446149,0.014964567912093902,0.002541732576020252,0.027387403248167554,True,0.006848047504925522,0.015697117704510637
esm3_frozen_bilstm_attn,validation,1,E,fraction_glycine,sequence,25,28,76,0.10508771929824562,0.07206941922067972,0.0330183000775659,-0.07230137229545448,0.13833797245058627,True,0.8399716064057552,0.9076203263847422
esm3_frozen_bilstm_attn,validation,1,E,fraction_proline,sequence,25,28,76,0.008,0.013853363567649282,-0.005853363567649281,-0.027355403202553488,0.015648676067254924,True,0.1429587409604801,0.22634185791613906
esm3_frozen_bilstm_attn,validation,1,E,fraction_hydrophobic,sequence,25,28,76,0.409061435640383,0.6036094181262249,-0.19454798248584187,-0.30843610108217806,-0.08065986388950569,True,0.0015684826580330802,0.004123670191920563
esm3_frozen_bilstm_attn,validation,1,E,fraction_charged,sequence,25,28,76,0.19034361544887862,0.10259316649736819,0.08775044895151042,-0.006055738216272477,0.18155663611929332,True,0.13886948629091794,0.22130040032532028
esm3_frozen_bilstm_attn,validation,1,E,fraction_aromatic,sequence,25,28,76,0.1345365336417968,0.1034876952490398,0.031048838392757024,-0.07032082850452614,0.1324185052900402,True,0.989260672690428,1.0
esm3_frozen_bilstm_attn,validation,1,E,sequence_entropy,sequence,25,28,76,1.9566480810781668,1.9209473222099094,0.035700758868256736,-0.3853614250170367,0.45676294275355017,True,0.3129702263334466,0.43438108999728364
esm3_frozen_bilstm_attn,validation,1,H,mean_neq,neq,6,6,14,1.5069779220779222,1.0914721168451431,0.4155058052327789,,,False,,
esm3_frozen_bilstm_attn,validation,1,H,max_neq,neq,6,6,14,2.2408888888888887,1.5467407407407407,0.6941481481481482,,,False,,
esm3_frozen_bilstm_attn,validation,1,H,neq_peak_fraction,neq,6,6,14,0.05808080808080809,0.01695906432748538,0.0411217437533227,,,False,,
esm3_frozen_bilstm_attn,validation,1,H,neq_peak_excess,neq,6,6,14,0.7339109668109667,0.45526862389559747,0.27864234291536927,,,False,,
esm3_frozen_bilstm_attn,validation,1,H,mean_rsa,exposure_length_position,6,6,14,0.33279292774702524,0.32717224495536745,0.005620682791657773,,,False,,
esm3_frozen_bilstm_attn,validation,1,H,max_rsa,exposure_length_position,6,6,14,0.6567142307758331,0.5776485372334719,0.07906569354236125,,,False,,
esm3_frozen_bilstm_attn,validation,1,H,log_segment_length,exposure_length_position,6,6,14,2.2269072113361488,2.048424063507849,0.17848314782829944,,,False,,
esm3_frozen_bilstm_attn,validation,1,H,normalized_midpoint,exposure_length_position,6,6,14,0.35414100305070484,0.6908679411054227,-0.33672693805471793,,,False,,
esm3_frozen_bilstm_attn,validation,1,H,mean_torsion_change,geometry_boundaries,6,6,14,28.658282088283514,34.08130051186539,-5.423018423581877,,,False,,
esm3_frozen_bilstm_attn,validation,1,H,max_torsion_change,geometry_boundaries,6,6,14,138.06100128835715,105.3172103985094,32.74379088984774,,,False,,
esm3_frozen_bilstm_attn,validation,1,H,q3_boundary_fraction,geometry_boundaries,6,6,14,0.27712842712842706,0.3842826763879395,-0.10715424925951245,,,False,,
esm3_frozen_bilstm_attn,validation,1,H,mean_distance_to_q3_boundary,geometry_boundaries,6,6,14,2.0103896103896104,1.818978317004633,0.19141129338497756,,,False,,
esm3_frozen_bilstm_attn,validation,1,H,structured_linker_fraction,geometry_boundaries,6,6,14,0.0,0.0,0.0,,,False,,
esm3_frozen_bilstm_attn,validation,1,H,mean_disorder,disorder,6,6,14,0.021910393238789915,0.052693252697276156,-0.03078285945848624,,,False,,
esm3_frozen_bilstm_attn,validation,1,H,max_disorder,disorder,6,6,14,0.029041293465221853,0.10915127766525574,-0.0801099842000339,,,False,,
esm3_frozen_bilstm_attn,validation,1,H,fraction_glycine,sequence,6,6,14,0.042207792207792215,0.030445906432748537,0.01176188577504367,,,False,,
esm3_frozen_bilstm_attn,validation,1,H,fraction_proline,sequence,6,6,14,0.03968253968253968,0.020431286549707602,0.019251253132832078,,,False,,
esm3_frozen_bilstm_attn,validation,1,H,fraction_hydrophobic,sequence,6,6,14,0.34660894660894664,0.45718225487962333,-0.11057330827067668,,,False,,
esm3_frozen_bilstm_attn,validation,1,H,fraction_charged,sequence,6,6,14,0.27994227994227994,0.22952456899825316,0.05041771094402674,,,False,,
esm3_frozen_bilstm_attn,validation,1,H,fraction_aromatic,sequence,6,6,14,0.143001443001443,0.043158559276980334,0.09984288372446266,,,False,,
esm3_frozen_bilstm_attn,validation,1,H,sequence_entropy,sequence,6,6,14,2.693736519676909,2.207381815525407,0.48635470415150167,,,False,,
esm3_frozen_bilstm_attn,test,1,C,mean_neq,neq,194,694,1380,1.896874824997936,1.4021464545437263,0.4947283704542098,0.41595718552263516,0.5734995553857845,True,1.755192872639204e-23,2.4726279593304788e-22
esm3_frozen_bilstm_attn,test,1,C,max_neq,neq,194,694,1380,2.833798070357478,1.787590853697181,1.0462072166602965,0.9016136628810942,1.1908007704394987,True,1.108913958114202e-25,1.751980417001924e-24
esm3_frozen_bilstm_attn,test,1,C,neq_peak_fraction,neq,194,694,1380,0.16079494362458635,0.1146284041312136,0.04616653949337273,0.025595319495267808,0.06673775949147766,True,8.9802094176501e-06,3.2163228857070966e-05
esm3_frozen_bilstm_attn,test,1,C,neq_peak_excess,neq,194,694,1380,0.9369232453595414,0.3854443991534546,0.5514788462060868,0.45030820175688835,0.6526494906552852,True,2.414724161754604e-21,2.8347855523931656e-20
esm3_frozen_bilstm_attn,test,1,C,mean_rsa,exposure_length_position,194,694,1380,0.4488764774194662,0.3803779769347231,0.06849850048474307,0.0497234995419893,0.08727350142749685,True,3.3888127351756394e-11,1.99957693850416e-10
esm3_frozen_bilstm_attn,test,1,C,max_rsa,exposure_length_position,194,694,1380,0.6238200192643176,0.491000500233006,0.13281951903131164,0.10815257926357555,0.15748645879904774,True,4.971400596352258e-18,4.482214777671195e-17
esm3_frozen_bilstm_attn,test,1,C,log_segment_length,exposure_length_position,194,694,1380,1.799811893690912,1.2267012369489134,0.5731106567419986,0.5007628847191119,0.6454584287648852,True,1.0476095879776816e-27,1.9145773064608333e-26
esm3_frozen_bilstm_attn,test,1,C,normalized_midpoint,exposure_length_position,194,694,1380,0.47541621715953997,0.5576369160732236,-0.08222069891368365,-0.12793580070101243,-0.03650559712635488,True,0.0018132475141735872,0.004708594351321735
esm3_frozen_bilstm_attn,test,1,C,mean_torsion_change,geometry_boundaries,194,694,1380,76.24120096651212,74.98029582593504,1.2609051405770746,-4.533003973763347,7.054814254917496,True,0.9760582730336901,1.0
esm3_frozen_bilstm_attn,test,1,C,max_torsion_change,geometry_boundaries,194,694,1380,144.43008893463863,107.7301250826309,36.69996385200776,29.201844703072535,44.19808300094299,True,2.8263346194775667e-17,2.4070119265626327e-16
esm3_frozen_bilstm_attn,test,1,C,q3_boundary_fraction,geometry_boundaries,194,694,1380,0.20162960828239165,0.4834451665829391,-0.28181555830054755,-0.3132450429727252,-0.2503860736283699,True,2.939689647219186e-28,5.5217170540267045e-27
esm3_frozen_bilstm_attn,test,1,C,mean_distance_to_q3_boundary,geometry_boundaries,194,694,1380,2.9205231568114134,1.3740878623260244,1.5464352944853883,1.2788299250553035,1.8140406639154731,True,4.708737766274502e-24,6.891879821547226e-23
esm3_frozen_bilstm_attn,test,1,C,structured_linker_fraction,geometry_boundaries,194,694,1380,0.7303482170750213,0.5800636677183069,0.1502845493567143,0.08998503412886485,0.21058406458456372,True,5.97892293231713e-07,2.4384485445312685e-06
esm3_frozen_bilstm_attn,test,1,C,mean_disorder,disorder,194,694,1380,0.1382279447991686,0.12474489513148959,0.013483049667679022,-0.013054423042825196,0.04002052237818324,True,0.8435877538212148,0.9100734510751521
esm3_frozen_bilstm_attn,test,1,C,max_disorder,disorder,194,694,1380,0.22801798284349636,0.1885203253427727,0.03949765750072362,-0.0020233217223556907,0.08101863672380294,True,0.25973860128372994,0.3740103113033607
esm3_frozen_bilstm_attn,test,1,C,fraction_glycine,sequence,194,694,1380,0.10746774820210454,0.06891034770574647,0.03855740049635808,0.016066530371409624,0.061048270621306536,True,0.00018515058324180763,0.0005609266325632183
esm3_frozen_bilstm_attn,test,1,C,fraction_proline,sequence,194,694,1380,0.0808965809842431,0.059174134148729136,0.021722446835513953,0.006569882999915204,0.0368750106711127,True,0.002649773476331831,0.006655931741068291
esm3_frozen_bilstm_attn,test,1,C,fraction_hydrophobic,sequence,194,694,1380,0.26322860692297256,0.31418722704882324,-0.05095862012585072,-0.07711176650627231,-0.024805473745429126,True,0.00010651191716160927,0.0003331330175054588
esm3_frozen_bilstm_attn,test,1,C,fraction_charged,sequence,194,694,1380,0.2435483772154449,0.26149660764677063,-0.01794823043132574,-0.04671560647894986,0.010819145616298372,True,0.1680196455390235,0.2593947130444924
esm3_frozen_bilstm_attn,test,1,C,fraction_aromatic,sequence,194,694,1380,0.06011126606690065,0.05472636863526151,0.005384897431639148,-0.011299939183559413,0.022069734046837708,True,0.6071982275524821,0.7221024296007534
esm3_frozen_bilstm_attn,test,1,C,sequence_entropy,sequence,194,694,1380,1.8878919913643113,1.0488888876184184,0.8390031037458932,0.7296181693317471,0.9483880381600392,True,1.827840479254813e-26,3.074591373313693e-25
esm3_frozen_bilstm_attn,test,1,S,mean_neq,neq,83,136,223,1.8371407295850068,1.4029524314187969,0.43418829816620985,0.2866023700822629,0.5817742262501568,True,2.5628033366432493e-07,1.0885474976370383e-06
esm3_frozen_bilstm_attn,test,1,S,max_neq,neq,83,136,223,2.016891499330656,1.4799042375852614,0.5369872617453941,0.36026192347133135,0.7137126000194569,True,1.6117378061925372e-07,6.995231736504452e-07
esm3_frozen_bilstm_attn,test,1,S,neq_peak_fraction,neq,83,136,223,0.26290160642570276,0.27492987824313125,-0.012028271817428438,-0.11552499487100877,0.0914684512361519,True,0.7311343837351373,0.824813263733233
esm3_frozen_bilstm_attn,test,1,S,neq_peak_excess,neq,83,136,223,0.17975076974564927,0.07695180616646481,0.10279896357918446,0.043576518252340414,0.1620214089060285,True,0.005086137307118677,0.012059067486232993
esm3_frozen_bilstm_attn,test,1,S,mean_rsa,exposure_length_position,83,136,223,0.503523208165025,0.3879849961290241,0.11553821203600105,0.06433599869719395,0.16674042537480815,True,1.8200266175943827e-05,6.285505611937291e-05
esm3_frozen_bilstm_attn,test,1,S,max_rsa,exposure_length_position,83,136,223,0.5495602775080856,0.42139106584184954,0.128169211666236,0.07077136124405692,0.18556706208841506,True,5.9827784659747355e-05,0.00019356721524842663
esm3_frozen_bilstm_attn,test,1,S,log_segment_length,exposure_length_position,83,136,223,0.9116737308387961,0.8172511608391337,0.0944225699996623,0.03768589600154852,0.15115924399777608,True,0.001933036033318785,0.004996632131996033
esm3_frozen_bilstm_attn,test,1,S,normalized_midpoint,exposure_length_position,83,136,223,0.522020643587374,0.5354771062040944,-0.01345646261672039,-0.09664438393428512,0.06973145870084435,True,0.7062983730483348,0.8051229936872621
esm3_frozen_bilstm_attn,test,1,S,mean_torsion_change,geometry_boundaries,83,136,223,148.1561067867834,144.13972751878734,4.0163792679960295,-7.034909394936648,15.067667930928707,True,0.10027273702937013,0.1687516793908912
esm3_frozen_bilstm_attn,test,1,S,max_torsion_change,geometry_boundaries,83,136,223,159.60648587676323,153.83254750662815,5.773938370135085,-6.143148523147634,17.691025263417803,True,0.08285852663614342,0.1446281252229225
esm3_frozen_bilstm_attn,test,1,S,q3_boundary_fraction,geometry_boundaries,83,136,223,0.10592369477911646,0.34679192962325495,-0.24086823484413847,-0.33540950196323527,-0.1463269677250417,True,2.461722864828014e-06,9.372843475206661e-06
esm3_frozen_bilstm_attn,test,1,S,mean_distance_to_q3_boundary,geometry_boundaries,83,136,223,1.8768072289156628,1.2625111557340472,0.6142960731816153,0.24699756336911888,0.9815945829941117,True,0.00011023719531569342,0.0003441476983955304
esm3_frozen_bilstm_attn,test,1,S,structured_linker_fraction,geometry_boundaries,83,136,223,0.8911646586345382,0.8721600688468157,0.01900458978772232,-0.06298811409849339,0.10099729367393803,True,0.13889365557241337,0.22130040032532028
esm3_frozen_bilstm_attn,test,1,S,mean_disorder,disorder,83,136,223,0.018339919097199998,0.008149931525195546,0.01018998757200445,0.006013293440327676,0.014366681703681224,True,1.868471795420037e-06,7.186920523680483e-06
esm3_frozen_bilstm_attn,test,1,S,max_disorder,disorder,83,136,223,0.019474121144819345,0.008417981208608623,0.011056139936210718,0.0067071555372097535,0.015405124335211682,True,1.299727408337043e-06,5.109742287892491e-06
esm3_frozen_bilstm_attn,test,1,S,fraction_glycine,sequence,83,136,223,0.31255020080321283,0.23131573914706446,0.08123446165614841,-0.029362157708664294,0.1918310810209611,True,0.16277897197600966,0.2521098049706315
esm3_frozen_bilstm_attn,test,1,S,fraction_proline,sequence,83,136,223,0.04216867469879518,0.02366768661949385,0.018500988079301332,-0.021394257510364022,0.058396233668966686,True,0.6635091839957712,0.7708956886075934
esm3_frozen_bilstm_attn,test,1,S,fraction_hydrophobic,sequence,83,136,223,0.16164658634538154,0.19613533499075664,-0.03448874864537514,-0.13372238323240815,0.06474488594165788,True,0.09001476780320358,0.1552754744605262
esm3_frozen_bilstm_attn,test,1,S,fraction_charged,sequence,83,136,223,0.28840361445783136,0.3437679288582903,-0.055364314400458976,-0.16218150051498076,0.05145287171406281,True,0.2636851456047148,0.378777509337482
esm3_frozen_bilstm_attn,test,1,S,fraction_aromatic,sequence,83,136,223,0.02248995983935743,0.0433017785427424,-0.02081181870338497,-0.05163453347915571,0.01001089607238577,True,0.15331136379226604,0.23997487082483862
esm3_frozen_bilstm_attn,test,1,S,sequence_entropy,sequence,83,136,223,0.48710104171228197,0.25418843590908974,0.23291260580319223,0.10900440235899415,0.3568208092473903,True,0.00048505826412358234,0.0013804562213820134
esm3_frozen_bilstm_attn,test,1,E,mean_neq,neq,24,27,92,1.349297371031746,1.1632162104566388,0.1860811605751073,0.05404214427239157,0.318120176877823,True,0.01012799054939065,0.022206703013936308
esm3_frozen_bilstm_attn,test,1,E,max_neq,neq,24,27,92,2.0585833333333334,1.488459413580247,0.5701239197530864,0.16212829918686694,0.9781195403193059,True,0.0026997960632601866,0.0067564844484697935
esm3_frozen_bilstm_attn,test,1,E,neq_peak_fraction,neq,24,27,92,0.16168727106227107,0.04437942587248143,0.11730784518978965,0.01431074397156841,0.2203049464080109,True,0.007439869631899264,0.01687069029205326
esm3_frozen_bilstm_attn,test,1,E,neq_peak_excess,neq,24,27,92,0.7092859623015872,0.32524320312360816,0.38404275917797914,0.07044361773275759,0.6976419006232006,True,0.006641885476426627,0.01527633659578124
esm3_frozen_bilstm_attn,test,1,E,mean_rsa,exposure_length_position,24,27,92,0.31261050224382236,0.1861755451448781,0.12643495709894423,0.0665743296994572,0.18629558449843125,True,0.0009182201617977157,0.002483118087707672
esm3_frozen_bilstm_attn,test,1,E,max_rsa,exposure_length_position,24,27,92,0.5079750244816145,0.3195252431506998,0.1884497813309146,0.10979939227269676,0.2671001703891325,True,0.0006063759037397967,0.0017013750460948154
esm3_frozen_bilstm_attn,test,1,E,log_segment_length,exposure_length_position,24,27,92,1.9106043663141772,1.7716817118341694,0.13892265448000773,-0.048108115523333744,0.3259534244833492,True,0.053771863634668196,0.09869851843040887
esm3_frozen_bilstm_attn,test,1,E,normalized_midpoint,exposure_length_position,24,27,92,0.5130057103996701,0.44423998646630336,0.06876572393336676,-0.08083049831518814,0.21836194618192167,True,0.26513225086229597,0.37999666814981886
esm3_frozen_bilstm_attn,test,1,E,mean_torsion_change,geometry_boundaries,24,27,92,56.56875305018031,32.250105110579206,24.31864793960111,8.945525468532225,39.691770410669996,True,0.0032504075349196544,0.007998273563000985
esm3_frozen_bilstm_attn,test,1,E,max_torsion_change,geometry_boundaries,24,27,92,141.50387979032502,75.40332482366657,66.10055496665845,38.071628330557964,94.12948160275894,True,0.00025485671508745163,0.0007604037548634403
esm3_frozen_bilstm_attn,test,1,E,q3_boundary_fraction,geometry_boundaries,24,27,92,0.46257631257631254,0.47083722476083584,-0.008260912184523269,-0.12947473518575572,0.11295291081670918,True,0.577390982952376,0.6944713316833807
esm3_frozen_bilstm_attn,test,1,E,mean_distance_to_q3_boundary,geometry_boundaries,24,27,92,0.9260531135531136,0.8651743793757682,0.0608787341773453,-0.2625305529707122,0.3842880213254028,True,0.6786493957076811,0.7831104460367474
esm3_frozen_bilstm_attn,test,1,E,structured_linker_fraction,geometry_boundaries,24,27,92,0.0,0.0,0.0,0.0,0.0,True,1.0,1.0
esm3_frozen_bilstm_attn,test,1,E,mean_disorder,disorder,24,27,92,0.010463966593786745,0.011545632991546028,-0.0010816663977592815,-0.008060221121705449,0.005896888326186886,True,0.4750279923450821,0.6037855797438806
esm3_frozen_bilstm_attn,test,1,E,max_disorder,disorder,24,27,92,0.01893015690196378,0.01873151031410711,0.0001986465878566691,-0.00830729318392567,0.00870458635963901,True,0.9090066841896677,0.9625279045553605
esm3_frozen_bilstm_attn,test,1,E,fraction_glycine,sequence,24,27,92,0.10110271672771672,0.021954498690609798,0.07914821803710693,0.020329231552989685,0.13796720452122418,True,0.004698529767528345,0.011234603355030645
esm3_frozen_bilstm_attn,test,1,E,fraction_proline,sequence,24,27,92,0.018830128205128204,0.016203703703703703,0.0026264245014245018,-0.012126301512814918,0.01737915051566392,True,0.8931724942848864,0.9495094198740042
esm3_frozen_bilstm_attn,test,1,E,fraction_hydrophobic,sequence,24,27,92,0.40417429792429793,0.6139457070707071,-0.20977140914640913,-0.3091116792385563,-0.11043113905426191,True,0.0007473274058881027,0.0020693808020537884
esm3_frozen_bilstm_attn,test,1,E,fraction_charged,sequence,24,27,92,0.156383547008547,0.13336084054834055,0.02302270646020646,-0.06817170347027382,0.11421711639068674,True,0.7102760016841152,0.8082945680558712
esm3_frozen_bilstm_attn,test,1,E,fraction_aromatic,sequence,24,27,92,0.08362332112332112,0.12818564280369835,-0.044562321680377236,-0.10122042295943498,0.012095779598680502,True,0.021421633529888993,0.043841733029391455
esm3_frozen_bilstm_attn,test,1,E,sequence_entropy,sequence,24,27,92,2.1612675030074957,1.8965788296560537,0.2646886733514422,-0.09054663979594574,0.6199239864988302,True,0.05202144149610261,0.09595444282505343
esm3_frozen_bilstm_attn,test,1,T,mean_neq,neq,129,293,557,1.9392334445879988,1.4915717433657356,0.44766170122226323,0.3161984179228363,0.5791249845216901,True,1.0077275922431577e-09,5.21765235738762e-09
esm3_frozen_bilstm_attn,test,1,T,max_neq,neq,129,293,557,2.249315460809647,1.627414864872423,0.6219005959372239,0.4637254300331436,0.7800757618413042,True,1.0177062924595602e-11,6.244764019611203e-11
esm3_frozen_bilstm_attn,test,1,T,neq_peak_fraction,neq,129,293,557,0.21778639104220499,0.13951838428582616,0.07826800675637885,0.03236963422712565,0.12416637928563204,True,0.00017427787729648275,0.000528934922028194
esm3_frozen_bilstm_attn,test,1,T,neq_peak_excess,neq,129,293,557,0.31008201622164805,0.13584312150668737,0.17423889471496062,0.12450440103957842,0.2239733883903428,True,7.781685779601564e-10,4.079051104005099e-09
esm3_frozen_bilstm_attn,test,1,T,mean_rsa,exposure_length_position,129,293,557,0.6230284273640765,0.5074490304841822,0.11557939687989432,0.08559844481078593,0.14556034894900272,True,1.4196318808067947e-10,7.959826515767451e-10
esm3_frozen_bilstm_attn,test,1,T,max_rsa,exposure_length_position,129,293,557,0.6940317869504062,0.5734765022681199,0.1205552846822863,0.09007978183374206,0.15103078753083055,True,3.148890307115205e-11,1.864518061008145e-10
esm3_frozen_bilstm_attn,test,1,T,log_segment_length,exposure_length_position,129,293,557,1.0747574000056486,0.9628835824904322,0.11187381751521629,0.07392602748474358,0.149821607545689,True,1.504615377221037e-08,7.124796345076088e-08
esm3_frozen_bilstm_attn,test,1,T,normalized_midpoint,exposure_length_position,129,293,557,0.5137213957598411,0.5316994636931458,-0.01797806793330463,-0.07586406000596979,0.039907924139360534,True,0.46546389939767685,0.5931901409210499
esm3_frozen_bilstm_attn,test,1,T,mean_torsion_change,geometry_boundaries,129,293,557,100.66869131679324,97.72173791143847,2.9469534053547735,-4.989355285600072,10.883262096309618,True,0.26771699275407956,0.38272776004293574
esm3_frozen_bilstm_attn,test,1,T,max_torsion_change,geometry_boundaries,129,293,557,144.87577718200515,132.82992414830724,12.045853033697927,1.9622879449329602,22.129418122462894,True,0.016659138618094895,0.034919124406558484
esm3_frozen_bilstm_attn,test,1,T,q3_boundary_fraction,geometry_boundaries,129,293,557,0.2154392764857881,0.39044200308735194,-0.1750027266015638,-0.24594018282922528,-0.10406527037390231,True,2.335588212956527e-06,8.922738698311884e-06
esm3_frozen_bilstm_attn,test,1,T,mean_distance_to_q3_boundary,geometry_boundaries,129,293,557,1.9064707149009474,1.496853921272526,0.40961679362842146,0.004357676526379306,0.8148759107304636,True,0.0014330569302596085,0.003803112622612038
esm3_frozen_bilstm_attn,test,1,T,structured_linker_fraction,geometry_boundaries,129,293,557,0.9250645994832042,0.8451611910914236,0.07990340839178046,0.03482386401504105,0.12498295276851988,True,0.000790637105301394,0.0021768274047426817
esm3_frozen_bilstm_attn,test,1,T,mean_disorder,disorder,129,293,557,0.03064412342670985,0.019536872274891016,0.011107251151818834,0.004647671840328711,0.017566830463308956,True,3.914369246408395e-05,0.00012974982766771355
esm3_frozen_bilstm_attn,test,1,T,max_disorder,disorder,129,293,557,0.034196607148778146,0.021318856452895073,0.01287775069588307,0.005957656139196822,0.019797845252569318,True,1.2101539161638517e-05,4.244326131275916e-05
esm3_frozen_bilstm_attn,test,1,T,fraction_glycine,sequence,129,293,557,0.21548234280792422,0.2692542814635838,-0.05377193865565959,-0.10388497473480698,-0.0036589025765121977,True,0.027529977875888324,0.05481675806736067
esm3_frozen_bilstm_attn,test,1,T,fraction_proline,sequence,129,293,557,0.08218130921619293,0.06558567401590658,0.01659563520028636,-0.012344158813074772,0.04553542921364749,True,0.6352072201136255,0.7472636086305386
esm3_frozen_bilstm_attn,test,1,T,fraction_hydrophobic,sequence,129,293,557,0.10108742463393626,0.17735676253118113,-0.07626933789724487,-0.11928412149316328,-0.03325455430132645,True,0.00015479602622181542,0.0004727781071869539
esm3_frozen_bilstm_attn,test,1,T,fraction_charged,sequence,129,293,557,0.34516580534022395,0.27315590847567595,0.07200989686454802,0.009956835931536734,0.1340629577975593,True,0.05008537941163885,0.0927374960518899
esm3_frozen_bilstm_attn,test,1,T,fraction_aromatic,sequence,129,293,557,0.023729543496985354,0.05824272626598208,-0.034513182768996724,-0.06383034477683329,-0.005196020761160158,True,0.001289528117732974,0.00344111646886755
esm3_frozen_bilstm_attn,test,1,T,sequence_entropy,sequence,129,293,557,0.8330046023176901,0.6111972667314385,0.22180733558625162,0.13812371361402645,0.3054909575584768,True,4.302296596075537e-07,1.7913872895728313e-06
esm3_frozen_bilstm_attn,test,1,G,mean_neq,neq,14,14,36,2.253121031746032,1.4788075396825398,0.7743134920634921,0.121006656770823,1.4276203273561612,True,0.030327342511675306,0.059649066336227
esm3_frozen_bilstm_attn,test,1,G,max_neq,neq,14,14,36,2.715904761904762,1.7306337301587302,0.9852710317460318,0.2948430872142349,1.6756989762778287,True,0.011007912955186742,0.023949648456554937
esm3_frozen_bilstm_attn,test,1,G,neq_peak_fraction,neq,14,14,36,0.21428571428571427,0.1142857142857143,0.09999999999999999,-0.14318248265680533,0.3431824826568053,True,0.48791846071323686,0.615541908832632
esm3_frozen_bilstm_attn,test,1,G,neq_peak_excess,neq,14,14,36,0.46278373015873003,0.2518261904761904,0.21095753968253966,-0.05949574793493417,0.4814108273000135,True,0.4898538455608976,0.617753021947555
esm3_frozen_bilstm_attn,test,1,G,mean_rsa,exposure_length_position,14,14,36,0.40489520505070686,0.3561615509633344,0.048733654087372444,-0.09607386928725946,0.19354117746200433,True,0.5097974849608639,0.6350866973664998
esm3_frozen_bilstm_attn,test,1,G,max_rsa,exposure_length_position,14,14,36,0.5066124791545528,0.44930040266010024,0.05731207649445248,-0.13684807033204077,0.25147222332094576,True,0.550923682773407,0.6722024436870765
esm3_frozen_bilstm_attn,test,1,G,log_segment_length,exposure_length_position,14,14,36,1.121996256781841,1.1119132089982915,0.010083047783549546,-0.2067029274595506,0.22686902302664969,True,0.9498951696921021,0.9909273584477004
esm3_frozen_bilstm_attn,test,1,G,normalized_midpoint,exposure_length_position,14,14,36,0.3992130220889104,0.5975387545309525,-0.19832573244204202,-0.40805258887490736,0.011401123990823325,True,0.05553298081594267,0.10171018859084624
esm3_frozen_bilstm_attn,test,1,G,mean_torsion_change,geometry_boundaries,14,14,36,91.13102687851237,54.05122307461714,37.07980380389524,10.511154439819922,63.64845316797056,True,0.021943664659377984,0.044747605677537376
esm3_frozen_bilstm_attn,test,1,G,max_torsion_change,geometry_boundaries,14,14,36,143.21791573282505,94.74912710454412,48.468788628280926,12.026397028904341,84.91118022765751,True,0.018566712279734197,0.03851168970416032
esm3_frozen_bilstm_attn,test,1,G,q3_boundary_fraction,geometry_boundaries,14,14,36,0.29761904761904756,0.4121031746031746,-0.11448412698412701,-0.3952209509337573,0.16625269696550327,True,0.5292436179070232,0.6537715280027934
esm3_frozen_bilstm_attn,test,1,G,mean_distance_to_q3_boundary,geometry_boundaries,14,14,36,2.476190476190477,3.5539682539682538,-1.077777777777778,-5.458176800797508,3.3026212452419528,True,0.5507273395584835,0.6722024436870765
esm3_frozen_bilstm_attn,test,1,G,structured_linker_fraction,geometry_boundaries,14,14,36,0.0,0.0,0.0,0.0,0.0,True,1.0,1.0
esm3_frozen_bilstm_attn,test,1,G,mean_disorder,disorder,14,14,36,0.011082875387122182,0.01834361639204058,-0.007260741004918398,-0.021738192335455576,0.007216710325618778,True,0.550923682773407,0.6722024436870765
esm3_frozen_bilstm_attn,test,1,G,max_disorder,disorder,14,14,36,0.013010211006206024,0.02090690741329338,-0.00789669640708736,-0.024674078386020315,0.008880685571845593,True,0.5936182407945829,0.7093071401276186
esm3_frozen_bilstm_attn,test,1,G,fraction_glycine,sequence,14,14,36,0.11904761904761904,0.011904761904761904,0.10714285714285714,-0.0762479809597086,0.2905336952454229,True,0.6180493171617994,0.7316613239930125
esm3_frozen_bilstm_attn,test,1,G,fraction_proline,sequence,14,14,36,0.1130952380952381,0.06011904761904762,0.052976190476190496,-0.06423927704724382,0.17019165799962482,True,0.7729435543957132,0.8592060900854209
esm3_frozen_bilstm_attn,test,1,G,fraction_hydrophobic,sequence,14,14,36,0.41666666666666663,0.3373015873015873,0.07936507936507937,-0.18295807298802336,0.3416882317181821,True,0.5505307401961128,0.6722024436870765
esm3_frozen_bilstm_attn,test,1,G,fraction_charged,sequence,14,14,36,0.26785714285714285,0.23253968253968257,0.03531746031746032,-0.23397684542444752,0.3046117660593681,True,0.7532572722128655,0.8424620699145545
esm3_frozen_bilstm_attn,test,1,G,fraction_aromatic,sequence,14,14,36,0.03571428571428571,0.049999999999999996,-0.014285714285714282,-0.11356625543264516,0.08499482686121661,True,0.30043748162211814,0.41991695963802456
esm3_frozen_bilstm_attn,test,1,G,sequence_entropy,sequence,14,14,36,0.8517723216861273,0.9000877532346047,-0.04831543154847754,-0.5100157824170698,0.41338491932011473,True,0.8260066678128547,0.8980751667433026
esm3_frozen_bilstm_attn,test,1,H,mean_neq,neq,8,11,15,1.2215701571637427,1.2837441358894988,-0.06217397872575603,,,False,,
esm3_frozen_bilstm_attn,test,1,H,max_neq,neq,8,11,15,1.6685937499999999,1.9145694444444443,-0.2459756944444443,,,False,,
esm3_frozen_bilstm_attn,test,1,H,neq_peak_fraction,neq,8,11,15,0.05484983766233766,0.06469572094572094,-0.009845883283383284,,,False,,
esm3_frozen_bilstm_attn,test,1,H,neq_peak_excess,neq,8,11,15,0.4470235928362573,0.6308253085549456,-0.1838017157186883,,,False,,
esm3_frozen_bilstm_attn,test,1,H,mean_rsa,exposure_length_position,8,11,15,0.3376496763871807,0.3133440205242889,0.024305655862891774,,,False,,
esm3_frozen_bilstm_attn,test,1,H,max_rsa,exposure_length_position,8,11,15,0.5414147400297225,0.5005194898694754,0.040895250160247074,,,False,,
esm3_frozen_bilstm_attn,test,1,H,log_segment_length,exposure_length_position,8,11,15,2.1046338832276756,1.9695311084320224,0.13510277479565339,,,False,,
esm3_frozen_bilstm_attn,test,1,H,normalized_midpoint,exposure_length_position,8,11,15,0.5791684231968202,0.4969084688797078,0.08225995431711229,,,False,,
esm3_frozen_bilstm_attn,test,1,H,mean_torsion_change,geometry_boundaries,8,11,15,20.436164814098387,14.402940701109227,6.033224112989162,,,False,,
esm3_frozen_bilstm_attn,test,1,H,max_torsion_change,geometry_boundaries,8,11,15,98.83520215390764,57.000759790306496,41.83444236360114,,,False,,
esm3_frozen_bilstm_attn,test,1,H,q3_boundary_fraction,geometry_boundaries,8,11,15,0.22246774606971972,0.37924246452472254,-0.15677471845500285,,,False,,
esm3_frozen_bilstm_attn,test,1,H,mean_distance_to_q3_boundary,geometry_boundaries,8,11,15,2.5683103354978356,1.8713266124556447,0.6969837230421907,,,False,,
esm3_frozen_bilstm_attn,test,1,H,structured_linker_fraction,geometry_boundaries,8,11,15,0.0,0.0,0.0,,,False,,
esm3_frozen_bilstm_attn,test,1,H,mean_disorder,disorder,8,11,15,0.03368328479170694,0.0644258329193321,-0.030742548127625165,,,False,,
esm3_frozen_bilstm_attn,test,1,H,max_disorder,disorder,8,11,15,0.043019183765863944,0.11435516714118416,-0.07133598337532024,,,False,,
esm3_frozen_bilstm_attn,test,1,H,fraction_glycine,sequence,8,11,15,0.03697916666666667,0.013501171767300799,0.023477994899365865,,,False,,
esm3_frozen_bilstm_attn,test,1,H,fraction_proline,sequence,8,11,15,0.003289473684210526,0.012121212121212121,-0.008831738437001595,,,False,,
esm3_frozen_bilstm_attn,test,1,H,fraction_hydrophobic,sequence,8,11,15,0.2869546024151287,0.5732228345131571,-0.2862682320980284,,,False,,
esm3_frozen_bilstm_attn,test,1,H,fraction_charged,sequence,8,11,15,0.32659738835725677,0.23791470626148045,0.08868268209577632,,,False,,
esm3_frozen_bilstm_attn,test,1,H,fraction_aromatic,sequence,8,11,15,0.06998533264980633,0.08648660926886734,-0.016501276619061,,,False,,
esm3_frozen_bilstm_attn,test,1,H,sequence_entropy,sequence,8,11,15,2.211904345490231,2.010897823716592,0.2010065217736391,,,False,,
esm3_top4_bilstm_attn,train,1,T,mean_neq,neq,600,1472,2537,1.9615103122795412,1.5066121379146729,0.45489817436486857,0.3954609607452544,0.5143353879844828,True,6.157804463093892e-44,2.146344009249531e-42
esm3_top4_bilstm_attn,train,1,T,max_neq,neq,600,1472,2537,2.2651980733124897,1.6696479233357535,0.5955501499767362,0.524676788095503,0.6664235118579693,True,2.867010961211608e-48,1.0770404510951607e-46
esm3_top4_bilstm_attn,train,1,T,neq_peak_fraction,neq,600,1472,2537,0.24882217011383678,0.16021059765950005,0.08861157245433672,0.06563064529376247,0.11159249961491097,True,3.468623300144796e-14,2.4483121874299696e-13
esm3_top4_bilstm_attn,train,1,T,neq_peak_excess,neq,600,1472,2537,0.30368776103294853,0.1630357854210809,0.1406519756118676,0.11603900174300516,0.16526494948073003,True,7.716417730156669e-26,1.2423432545552236e-24
esm3_top4_bilstm_attn,train,1,T,mean_rsa,exposure_length_position,600,1472,2537,0.6124633905732128,0.5286687869776281,0.08379460359558481,0.07139202928446757,0.09619717790670206,True,1.83973602367714e-34,4.380385560600289e-33
esm3_top4_bilstm_attn,train,1,T,max_rsa,exposure_length_position,600,1472,2537,0.6862012877233076,0.5948653478782525,0.09133593984505517,0.07808250830752304,0.1045893713825873,True,4.054964444365587e-36,1.0453698300871062e-34
esm3_top4_bilstm_attn,train,1,T,log_segment_length,exposure_length_position,600,1472,2537,1.0763079636333084,0.9847655273306622,0.09154243630264616,0.07368809948297406,0.10939677312231827,True,1.4010988901509834e-23,1.998782847088808e-22
esm3_top4_bilstm_attn,train,1,T,normalized_midpoint,exposure_length_position,600,1472,2537,0.494744829873343,0.5120733626942118,-0.017328532820868752,-0.04119069690852348,0.006533631266785977,True,0.20374005615677904,0.3038575782382311
esm3_top4_bilstm_attn,train,1,T,mean_torsion_change,geometry_boundaries,600,1472,2537,98.1783657039928,91.86802384109748,6.310341862895314,2.3113119142513674,10.30937181153926,True,0.0020482952505608706,0.005266377370453463
esm3_top4_bilstm_attn,train,1,T,max_torsion_change,geometry_boundaries,600,1472,2537,141.11963299792222,129.4072370252518,11.712395972670432,6.691890651755735,16.73290129358513,True,4.5233642897668373e-07,1.8811186548218545e-06
esm3_top4_bilstm_attn,train,1,T,q3_boundary_fraction,geometry_boundaries,600,1472,2537,0.18557206990540323,0.37712586302270873,-0.19155379311730547,-0.22163117520485243,-0.16147641102975852,True,7.018023146124363e-32,1.5407750816263943e-30
esm3_top4_bilstm_attn,train,1,T,mean_distance_to_q3_boundary,geometry_boundaries,600,1472,2537,1.8824426106301106,1.2767244418764825,0.6057181687536279,0.46065131089367617,0.7507850266135797,True,4.441084278455026e-29,8.78088066985757e-28
esm3_top4_bilstm_attn,train,1,T,structured_linker_fraction,geometry_boundaries,600,1472,2537,0.9165342111592111,0.8429539802576888,0.07358023090152246,0.04985567009914005,0.09730479170390488,True,1.1450311413412288e-11,6.97540592590035e-11
esm3_top4_bilstm_attn,train,1,T,mean_disorder,disorder,600,1472,2537,0.033616857226226066,0.02411582969202681,0.00950102753419926,0.00677091426687268,0.01223114080152584,True,5.505678564359309e-13,3.6643108712792954e-12
esm3_top4_bilstm_attn,train,1,T,max_disorder,disorder,600,1472,2537,0.037770007385430335,0.026183124044882128,0.0115868833405482,0.008568325558089908,0.014605441123006492,True,1.391495688146205e-14,9.96747229157271e-14
esm3_top4_bilstm_attn,train,1,T,fraction_glycine,sequence,600,1472,2537,0.2176452922077922,0.24369478459421448,-0.026049492386422266,-0.05027241898334223,-0.001826565789502299,True,0.024187129638430577,0.04882190167613957
esm3_top4_bilstm_attn,train,1,T,fraction_proline,sequence,600,1472,2537,0.09961237373737374,0.05734476165273267,0.04226761208464107,0.026390270583425586,0.05814495358585655,True,0.0002794701363473861,0.0008281231647594324
esm3_top4_bilstm_attn,train,1,T,fraction_hydrophobic,sequence,600,1472,2537,0.11135171156004489,0.15811595350672505,-0.04676424194668014,-0.0654147126300424,-0.028113771263317888,True,2.9860128057934256e-07,1.2603881768274122e-06
esm3_top4_bilstm_attn,train,1,T,fraction_charged,sequence,600,1472,2537,0.31954556477473145,0.28694121516015164,0.032604349614579795,0.005412313085687594,0.05979638614347199,True,0.049040469107352415,0.09120232456103329
esm3_top4_bilstm_attn,train,1,T,fraction_aromatic,sequence,600,1472,2537,0.03117012385762386,0.03895623191043587,-0.0077861080528120186,-0.01751228703672051,0.001940070931096471,True,0.015886642493126452,0.03342423041024302
esm3_top4_bilstm_attn,train,1,T,sequence_entropy,sequence,600,1472,2537,0.8557208641142592,0.6638928224755121,0.19182804163874712,0.14889443242013511,0.23476165085735912,True,1.301833706651737e-19,1.358487580922692e-18
esm3_top4_bilstm_attn,train,1,C,mean_neq,neq,877,2821,6457,1.8475074544764183,1.4541185823205154,0.3933888721559032,0.3545987678817526,0.43217897643005376,True,5.74163122865235e-71,3.806363761583058e-69
esm3_top4_bilstm_attn,train,1,C,max_neq,neq,877,2821,6457,2.7096790449424946,1.9575392797173585,0.7521397652251366,0.6735166735412483,0.8307628569090248,True,1.884122768077113e-68,1.1175822945383718e-66
esm3_top4_bilstm_attn,train,1,C,neq_peak_fraction,neq,877,2821,6457,0.18482904467346375,0.11469811718079503,0.07013092749266871,0.057558653798694834,0.08270320118664258,True,4.529665405057282e-24,6.658608145434206e-23
esm3_top4_bilstm_attn,train,1,C,neq_peak_excess,neq,877,2821,6457,0.8621715904660766,0.5034206973968431,0.35875089306923347,0.3076159471212254,0.4098858390172415,True,6.907076522588956e-44,2.38294140029319e-42
esm3_top4_bilstm_attn,train,1,C,mean_rsa,exposure_length_position,877,2821,6457,0.43238465011812055,0.4030518150851822,0.029332835032938355,0.020956801043555205,0.037708869022321505,True,4.282005907890768e-14,3.0098673543822637e-13
esm3_top4_bilstm_attn,train,1,C,max_rsa,exposure_length_position,877,2821,6457,0.5990389860573764,0.5147648583561847,0.0842741277011917,0.07300552471568486,0.09554273068669855,True,9.863346853418547e-43,3.3347975711408106e-41
esm3_top4_bilstm_attn,train,1,C,log_segment_length,exposure_length_position,877,2821,6457,1.775762842301128,1.3027288060320954,0.4730340362690326,0.43545976610025217,0.5106083064378131,True,5.578207702296955e-88,8.980914400698098e-86
esm3_top4_bilstm_attn,train,1,C,normalized_midpoint,exposure_length_position,877,2821,6457,0.4878182708873008,0.5385643541197539,-0.05074608323245309,-0.07174450301457756,-0.02974766345032862,True,8.964051469321561e-06,3.213940404854316e-05
esm3_top4_bilstm_attn,train,1,C,mean_torsion_change,geometry_boundaries,877,2821,6457,79.4409088276319,72.81127224628194,6.629636581349952,4.076597550864245,9.18267561183566,True,9.261606284359703e-05,0.00029183122877372
esm3_top4_bilstm_attn,train,1,C,max_torsion_change,geometry_boundaries,877,2821,6457,146.05749709611118,106.8405876137816,39.21690948232961,35.90312589791003,42.530693066749194,True,4.255401341094391e-81,4.9612110118069436e-79
esm3_top4_bilstm_attn,train,1,C,q3_boundary_fraction,geometry_boundaries,877,2821,6457,0.20886126493201548,0.45539995865925054,-0.246538693727235,-0.2639599912413272,-0.22911739621314284,True,5.062866389615016e-98,1.0698469539555232e-95
esm3_top4_bilstm_attn,train,1,C,mean_distance_to_q3_boundary,geometry_boundaries,877,2821,6457,2.8841136726652867,1.6428234991217823,1.2412901735435042,1.051751696112794,1.4308286509742145,True,5.742977408748391e-60,2.659863920407988e-58
esm3_top4_bilstm_attn,train,1,C,structured_linker_fraction,geometry_boundaries,877,2821,6457,0.7513587676660318,0.5321458477209238,0.2192129199451079,0.19220547238394614,0.24622036750626963,True,3.4999236562545523e-48,1.3003562507468836e-46
esm3_top4_bilstm_attn,train,1,C,mean_disorder,disorder,877,2821,6457,0.1225466958135727,0.1554149877419003,-0.03286829192832761,-0.04404218675379869,-0.021694397102856533,True,1.4405051916182652e-12,9.384100294530549e-12
esm3_top4_bilstm_attn,train,1,C,max_disorder,disorder,877,2821,6457,0.19354290968703344,0.23739388379938123,-0.04385097411234778,-0.06132778813910256,-0.026374160085593,True,2.1006104048805383e-10,1.160484277598219e-09
esm3_top4_bilstm_attn,train,1,C,fraction_glycine,sequence,877,2821,6457,0.10322039645073573,0.07027978019176882,0.032940616258966916,0.023416468140884363,0.04246476437704947,True,5.642075611356182e-09,2.7212350416541013e-08
esm3_top4_bilstm_attn,train,1,C,fraction_proline,sequence,877,2821,6457,0.07613445379055389,0.07090148044575705,0.0052329733447968535,-0.00308081158129941,0.013546758270893116,True,0.25070906593137954,0.36270746765682255
esm3_top4_bilstm_attn,train,1,C,fraction_hydrophobic,sequence,877,2821,6457,0.26120149977388296,0.3118781241798316,-0.05067662440594858,-0.06467304998193854,-0.03668019882995861,True,5.282292639953806e-14,3.6823569929244987e-13
esm3_top4_bilstm_attn,train,1,C,fraction_charged,sequence,877,2821,6457,0.248153208288571,0.2428249527375037,0.005328255551067246,-0.009562991529964577,0.020219502632099068,True,0.6858720412927266,0.7882166456868486
esm3_top4_bilstm_attn,train,1,C,fraction_aromatic,sequence,877,2821,6457,0.05663182222379707,0.06169760781744295,-0.005065785593645873,-0.012228725856753643,0.0020971546694618978,True,0.042521330839480224,0.08040526821492316
esm3_top4_bilstm_attn,train,1,C,sequence_entropy,sequence,877,2821,6457,1.8485089613095231,1.1483215417659542,0.7001874195435691,0.6449856019268108,0.7553892371603275,True,3.7830892126840267e-85,5.116249851233878e-83
esm3_top4_bilstm_attn,train,1,H,mean_neq,neq,61,65,162,1.4982301980413144,1.1579810618673891,0.3402491361739258,0.16465088926744648,0.5158473830804051,True,1.049899137091157e-05,3.720868954407968e-05
esm3_top4_bilstm_attn,train,1,H,max_neq,neq,61,65,162,2.5903196721311477,1.5693367734724293,1.0209828986587184,0.7631024506400133,1.2788633466774235,True,5.1211164299123604e-09,2.4841455738211898e-08
esm3_top4_bilstm_attn,train,1,H,neq_peak_fraction,neq,61,65,162,0.0971217124892961,0.04455806225454248,0.05256365023475362,0.0012449589006252315,0.10388234156888201,True,0.0007099910402279104,0.0019724566203866596
esm3_top4_bilstm_attn,train,1,H,neq_peak_excess,neq,61,65,162,1.0920894740898326,0.4113557116050402,0.6807337624847923,0.4713476783770525,0.8901198465925322,True,1.2713293361078e-07,5.553442487571669e-07
esm3_top4_bilstm_attn,train,1,H,mean_rsa,exposure_length_position,61,65,162,0.300468151142981,0.29664127711466703,0.0038268740283138735,-0.02949273921307667,0.03714648726970442,True,0.8377988893031776,0.9058516292721597
esm3_top4_bilstm_attn,train,1,H,max_rsa,exposure_length_position,61,65,162,0.5461435383949124,0.5245622388280228,0.021581299566889544,-0.03152596682326271,0.07468856595704179,True,0.483725682395696,0.611820529861977
esm3_top4_bilstm_attn,train,1,H,log_segment_length,exposure_length_position,61,65,162,2.233847048363622,1.9700716270615637,0.2637754213020585,0.01200469583123176,0.5155461467728852,True,0.03692342172935785,0.07076989164793587
esm3_top4_bilstm_attn,train,1,H,normalized_midpoint,exposure_length_position,61,65,162,0.5330093267398224,0.5938663130780188,-0.0608569863381966,-0.154498053416245,0.0327840807398518,True,0.10529219374895918,0.1754523938221937
esm3_top4_bilstm_attn,train,1,H,mean_torsion_change,geometry_boundaries,61,65,162,21.31657070944149,30.853987528326822,-9.537416818885337,-16.739848691409286,-2.334984946361386,True,0.008298469211640461,0.018596212317695145
esm3_top4_bilstm_attn,train,1,H,max_torsion_change,geometry_boundaries,61,65,162,103.29909608696994,108.69862373454345,-5.399527647573492,-24.385319073595095,13.58626377844811,True,0.7168055852823517,0.814636232418291
esm3_top4_bilstm_attn,train,1,H,q3_boundary_fraction,geometry_boundaries,61,65,162,0.34321557808627345,0.3700208613576501,-0.026805283271376743,-0.12023671511265348,0.0666261485699,True,0.31634182136125366,0.4379818583220305
esm3_top4_bilstm_attn,train,1,H,mean_distance_to_q3_boundary,geometry_boundaries,61,65,162,2.1159404104072412,1.5817298169793348,0.5342105934279061,-0.05168763358008743,1.1201088204358998,True,0.06489348254769906,0.11682900132788632
esm3_top4_bilstm_attn,train,1,H,structured_linker_fraction,geometry_boundaries,61,65,162,0.0,0.0,0.0,0.0,0.0,True,1.0,1.0
esm3_top4_bilstm_attn,train,1,H,mean_disorder,disorder,61,65,162,0.01927593466342969,0.026951461527665335,-0.007675526864235639,-0.01652373076967154,0.0011726770412002615,True,0.036279060407149975,0.06973252031641505
esm3_top4_bilstm_attn,train,1,H,max_disorder,disorder,61,65,162,0.03447677293738926,0.04470759983834119,-0.010230826900951928,-0.025025486760277063,0.004563832958373206,True,0.040297236429811416,0.07671450246013085
esm3_top4_bilstm_attn,train,1,H,fraction_glycine,sequence,61,65,162,0.036987497551685525,0.03297029094160241,0.00401720661008311,-0.020649901097828743,0.02868431431799496,True,0.5826477892733285,0.6993014467636222
esm3_top4_bilstm_attn,train,1,H,fraction_proline,sequence,61,65,162,0.01505761206402689,0.034152200347957344,-0.019094588283930455,-0.048467215638876224,0.010278039071015314,True,0.12849081142064492,0.2073639300301673
esm3_top4_bilstm_attn,train,1,H,fraction_hydrophobic,sequence,61,65,162,0.47449675863935825,0.4697335204796631,0.004763238159695093,-0.05949064452027747,0.06901712083966766,True,0.9227507367491156,0.9716039367638617
esm3_top4_bilstm_attn,train,1,H,fraction_charged,sequence,61,65,162,0.2705441843386535,0.27554914615546244,-0.005004961816808929,-0.06390850565306255,0.05389858201944469,True,0.8237943117789426,0.8964430537897022
esm3_top4_bilstm_attn,train,1,H,fraction_aromatic,sequence,61,65,162,0.11721519883965457,0.09904659829081237,0.018168600548842215,-0.030662932139150965,0.0670001332368354,True,0.7492039569885961,0.8393169577794709
esm3_top4_bilstm_attn,train,1,H,sequence_entropy,sequence,61,65,162,2.480654054787318,2.085716592866416,0.39493746192090173,0.04173311504527566,0.7481418087965278,True,0.0123074097153754,0.02652093833504412
esm3_top4_bilstm_attn,train,1,G,mean_neq,neq,68,82,180,1.936488085511983,1.3736149782135076,0.5628731072984748,0.36693296432273304,0.7588132502742166,True,2.86133152342034e-06,1.0809119419758847e-05
esm3_top4_bilstm_attn,train,1,G,max_neq,neq,68,82,180,2.384883169934641,1.718678594771242,0.6662045751633986,0.4031414127696403,0.929267737557157,True,1.9987826368200858e-05,6.846893713362422e-05
esm3_top4_bilstm_attn,train,1,G,neq_peak_fraction,neq,68,82,180,0.25477941176470587,0.06258169934640523,0.19219771241830064,0.11348569950666793,0.27090972532993335,True,3.297480895582611e-05,0.0001100570869493071
esm3_top4_bilstm_attn,train,1,G,neq_peak_excess,neq,68,82,180,0.4483950844226579,0.3450636165577342,0.10333146786492373,-0.03781779839727897,0.24448073412712643,True,0.3561781670339771,0.4792034949231503
esm3_top4_bilstm_attn,train,1,G,mean_rsa,exposure_length_position,68,82,180,0.4316477831900485,0.34871402870771595,0.08293375448233242,0.027007233614884343,0.13886027534978052,True,0.008004180427913746,0.017993440177377907
esm3_top4_bilstm_attn,train,1,G,max_rsa,exposure_length_position,68,82,180,0.549082141917418,0.46495139276901004,0.084130749148408,0.013529924035476704,0.1547315742613393,True,0.030536170098348178,0.05999000064062474
esm3_top4_bilstm_attn,train,1,G,log_segment_length,exposure_length_position,68,82,180,1.1602723430762258,1.1288016429322045,0.03147070014402126,-0.05553644580249219,0.1184778460905347,True,0.2804332074388499,0.3976510735582551
esm3_top4_bilstm_attn,train,1,G,normalized_midpoint,exposure_length_position,68,82,180,0.5428656782558393,0.5287259135783408,0.014139764677498654,-0.082130988343296,0.11041051769829331,True,0.7048052584554296,0.8039958624118619
esm3_top4_bilstm_attn,train,1,G,mean_torsion_change,geometry_boundaries,68,82,180,66.11149378609302,58.85184883023819,7.2596449558548235,-4.728125458732927,19.247415370442575,True,0.2932674077596452,0.4121101852183543
esm3_top4_bilstm_attn,train,1,G,max_torsion_change,geometry_boundaries,68,82,180,110.1483550891366,101.37648552435155,8.771869564785035,-9.473094351151595,27.016833480721665,True,0.41640326303295927,0.5435750703916739
esm3_top4_bilstm_attn,train,1,G,q3_boundary_fraction,geometry_boundaries,68,82,180,0.5000408496732026,0.5110498366013072,-0.011008986928104569,-0.12324966765546011,0.10123169379925098,True,0.9536742456046728,0.9936433357132199
esm3_top4_bilstm_attn,train,1,G,mean_distance_to_q3_boundary,geometry_boundaries,68,82,180,1.3904820261437911,1.0794730392156864,0.31100898692810464,-0.25980489505573046,0.8818228689119397,True,0.7739160531915112,0.8593136866471263
esm3_top4_bilstm_attn,train,1,G,structured_linker_fraction,geometry_boundaries,68,82,180,0.0,0.0,0.0,0.0,0.0,True,1.0,1.0
esm3_top4_bilstm_attn,train,1,G,mean_disorder,disorder,68,82,180,0.014684976005762707,0.019666021171091893,-0.004981045165329182,-0.012502702802834765,0.0025406124721764007,True,0.8069100918870187,0.8834724807869204
esm3_top4_bilstm_attn,train,1,G,max_disorder,disorder,68,82,180,0.01691021818873655,0.02176402449937331,-0.004853806310636762,-0.012967527351969151,0.0032599147306956256,True,0.8882348277680625,0.9449722947400313
esm3_top4_bilstm_attn,train,1,G,fraction_glycine,sequence,68,82,180,0.09272875816993464,0.034374999999999996,0.05835375816993464,0.005193952410835728,0.11151356392903355,True,0.5082740395034524,0.63365579924822
esm3_top4_bilstm_attn,train,1,G,fraction_proline,sequence,68,82,180,0.08872549019607844,0.05551470588235293,0.0332107843137255,-0.019650771761546254,0.08607234038899725,True,0.9250697056058348,0.9728338023805062
esm3_top4_bilstm_attn,train,1,G,fraction_hydrophobic,sequence,68,82,180,0.33676470588235285,0.3318014705882352,0.00496323529411766,-0.08770900069714027,0.09763547128537559,True,0.816173205883245,0.8910176328999843
esm3_top4_bilstm_attn,train,1,G,fraction_charged,sequence,68,82,180,0.25036764705882353,0.3231617647058823,-0.0727941176470588,-0.18154631315498618,0.035958077860868576,True,0.1834726747539177,0.27904683461223384
esm3_top4_bilstm_attn,train,1,G,fraction_aromatic,sequence,68,82,180,0.07851307189542484,0.12620506535947712,-0.047691993464052285,-0.11011378208114,0.014729795153035428,True,0.03077849289068346,0.06039587026314613
esm3_top4_bilstm_attn,train,1,G,sequence_entropy,sequence,68,82,180,1.034351833048598,0.9339434646486905,0.10040836839990724,-0.10300604422266296,0.30382278102247745,True,0.22830117630046376,0.3351655566964255
esm3_top4_bilstm_attn,train,1,S,mean_neq,neq,333,640,945,1.8324432266591988,1.4369278734903734,0.39551535316882536,0.31387536473064725,0.47715534160700346,True,2.7294381182308836e-20,2.948316382664095e-19
esm3_top4_bilstm_attn,train,1,S,max_neq,neq,333,640,945,2.0226510057676723,1.492438261529928,0.5302127442377442,0.4370433103701038,0.6233821781053847,True,1.914190282910793e-24,2.8636625427085805e-23
esm3_top4_bilstm_attn,train,1,S,neq_peak_fraction,neq,333,640,945,0.23535887077553747,0.20577233077233079,0.02958654000320667,-0.014224904237464909,0.07339798424387825,True,0.13241090262311345,0.21287744259093985
esm3_top4_bilstm_attn,train,1,S,neq_peak_excess,neq,333,640,945,0.19020777910847356,0.055510388039554694,0.13469739106891884,0.1017638306909134,0.1676309514469243,True,8.3974275695061e-19,8.158535233477047e-18
esm3_top4_bilstm_attn,train,1,S,mean_rsa,exposure_length_position,333,640,945,0.5138542503962961,0.3892230165053471,0.12463123389094893,0.10159750820645985,0.14766495957543802,True,3.734052456651607e-21,4.265145728357798e-20
esm3_top4_bilstm_attn,train,1,S,max_rsa,exposure_length_position,333,640,945,0.571175818226621,0.4092329014609508,0.1619429167656702,0.13599186913583755,0.18789396439550282,True,1.2919798638931324e-25,2.0317134510803167e-24
esm3_top4_bilstm_attn,train,1,S,log_segment_length,exposure_length_position,333,640,945,0.9413228640446001,0.7871236857194085,0.15419917832519164,0.1269988026345233,0.18139955401586,True,3.110865070859061e-21,3.589704711458869e-20
esm3_top4_bilstm_attn,train,1,S,normalized_midpoint,exposure_length_position,333,640,945,0.476837791827314,0.5202897942511708,-0.043452002423856786,-0.07887840712581276,-0.00802559772190082,True,0.015769635341802094,0.03319871549852608
esm3_top4_bilstm_attn,train,1,S,mean_torsion_change,geometry_boundaries,333,640,945,139.70935114780298,141.87915829945277,-2.169807151649821,-7.964975175480543,3.6253608721809005,True,0.2638334914196303,0.378777509337482
esm3_top4_bilstm_attn,train,1,S,max_torsion_change,geometry_boundaries,333,640,945,156.25173902119306,147.16535005671548,9.086388964477562,3.16226535376562,15.010512575189505,True,0.0017194012607589524,0.004485567640915137
esm3_top4_bilstm_attn,train,1,S,q3_boundary_fraction,geometry_boundaries,333,640,945,0.15126048667715336,0.32265821015821017,-0.1713977234810568,-0.2154654147628323,-0.12733003219928132,True,1.3744333066672912e-13,9.464274969128537e-13
esm3_top4_bilstm_attn,train,1,S,mean_distance_to_q3_boundary,geometry_boundaries,333,640,945,1.9685003455836787,1.1775060775060775,0.7909942680776013,0.5885454493138651,0.9934430868413375,True,1.389896389764805e-21,1.6782998906410022e-20
esm3_top4_bilstm_attn,train,1,S,structured_linker_fraction,geometry_boundaries,333,640,945,0.9496424996424996,0.9060653727320395,0.04357712691046024,0.015459212595380894,0.07169504122553959,True,0.0012323246475510032,0.0032988833201662245
esm3_top4_bilstm_attn,train,1,S,mean_disorder,disorder,333,640,945,0.02120045490158601,0.0111145592180308,0.010085895683555212,0.007443293730164793,0.01272849763694563,True,2.1377094356375433e-16,1.7046216042194655e-15
esm3_top4_bilstm_attn,train,1,S,max_disorder,disorder,333,640,945,0.02289301477477608,0.01141642270975926,0.011476592065016816,0.008617070590347333,0.014336113539686298,True,8.025558776476521e-19,7.842316249499166e-18
esm3_top4_bilstm_attn,train,1,S,fraction_glycine,sequence,333,640,945,0.2768735997902665,0.19586204169537502,0.08101155809489143,0.038299420405826,0.12372369578395685,True,0.0035332144377516225,0.00864384805646761
esm3_top4_bilstm_attn,train,1,S,fraction_proline,sequence,333,640,945,0.022211497211497212,0.02259223509223509,-0.00038073788073788136,-0.012973493348722586,0.012212017587246824,True,0.8266883745993927,0.8981469776736974
esm3_top4_bilstm_attn,train,1,S,fraction_hydrophobic,sequence,333,640,945,0.11973193431526766,0.2271615229948563,-0.10742958867958868,-0.14886302494552728,-0.0659961524136501,True,7.919395466722176e-08,3.5323847061989017e-07
esm3_top4_bilstm_attn,train,1,S,fraction_charged,sequence,333,640,945,0.31099641307974646,0.29064957814957815,0.02034683493016826,-0.029918540171735595,0.07061221003207212,True,0.7256215283965225,0.8205104974945293
esm3_top4_bilstm_attn,train,1,S,fraction_aromatic,sequence,333,640,945,0.024671993421993423,0.042895926229259564,-0.01822393280726614,-0.03963477634361742,0.003186910729085144,True,0.15794028067921262,0.24585455293573563
esm3_top4_bilstm_attn,train,1,S,sequence_entropy,sequence,333,640,945,0.5225081399923702,0.21911344684169584,0.30339469315067447,0.24328028130752388,0.36350910499382505,True,1.7169246599034586e-17,1.507772019515219e-16
esm3_top4_bilstm_attn,train,1,E,mean_neq,neq,85,94,400,1.525391773175579,1.1424651879664938,0.38292658520908546,0.27900369716916074,0.4868494732490102,True,5.1659929329198106e-11,2.9959214590397734e-10
esm3_top4_bilstm_attn,train,1,E,max_neq,neq,85,94,400,2.0964882352941174,1.4216563651925418,0.6748318701015761,0.5169481461492889,0.8327155940538633,True,5.1659929329198106e-11,2.9959214590397734e-10
esm3_top4_bilstm_attn,train,1,E,neq_peak_fraction,neq,85,94,400,0.10200136186887233,0.043045574474050406,0.058955787394821935,0.03128152242247764,0.08663005236716623,True,0.00019697470088120693,0.0005946173782851434
esm3_top4_bilstm_attn,train,1,E,neq_peak_excess,neq,85,94,400,0.5710964621185386,0.279191177226048,0.2919052848924906,0.193691007610378,0.39011956217460325,True,6.220089592959335e-07,2.530700711648076e-06
esm3_top4_bilstm_attn,train,1,E,mean_rsa,exposure_length_position,85,94,400,0.30412377713532884,0.1949645056381602,0.10915927149716864,0.07678834871577975,0.14153019427855754,True,3.32832242062236e-08,1.537303019689098e-07
esm3_top4_bilstm_attn,train,1,E,max_rsa,exposure_length_position,85,94,400,0.47462967686793384,0.3305888068496766,0.14404087001825724,0.10730265122422492,0.18077908881228957,True,1.2373385859532928e-09,6.357814223568516e-09
esm3_top4_bilstm_attn,train,1,E,log_segment_length,exposure_length_position,85,94,400,1.8301439462182676,1.7174984217744513,0.11264552444381665,-0.017496273291395914,0.2427873221790292,True,0.09810283619550568,0.16592580749224847
esm3_top4_bilstm_attn,train,1,E,normalized_midpoint,exposure_length_position,85,94,400,0.5135877279963592,0.48966691696890874,0.023920811027450424,-0.056738595624395226,0.10458021767929607,True,0.6660287529892621,0.7727670603489002
esm3_top4_bilstm_attn,train,1,E,mean_torsion_change,geometry_boundaries,85,94,400,47.88975254006849,31.496025162924408,16.39372737714409,8.67760339481401,24.109851359474167,True,0.0004828713599421363,0.0013765498043544376
esm3_top4_bilstm_attn,train,1,E,max_torsion_change,geometry_boundaries,85,94,400,114.54908903499934,76.02278533241191,38.52630370258746,21.222782511688635,55.82982489348629,True,0.00014657199520341413,0.00044887673531045577
esm3_top4_bilstm_attn,train,1,E,q3_boundary_fraction,geometry_boundaries,85,94,400,0.4960738144370452,0.49732380938295123,-0.0012499949459060214,-0.06845588471360506,0.06595589482179301,True,0.9720364313172203,1.0
esm3_top4_bilstm_attn,train,1,E,mean_distance_to_q3_boundary,geometry_boundaries,85,94,400,0.8651733520632628,0.8732710463738601,-0.008097694310597415,-0.2393045588298468,0.22310917020865195,True,0.701418683373229,0.8011812731367862
esm3_top4_bilstm_attn,train,1,E,structured_linker_fraction,geometry_boundaries,85,94,400,0.0,0.0,0.0,0.0,0.0,True,1.0,1.0
esm3_top4_bilstm_attn,train,1,E,mean_disorder,disorder,85,94,400,0.02360930109831222,0.014594951454780378,0.009014349643531842,0.0009118015466059708,0.017116897740457715,True,0.036411971829288195,0.06994822542887692
esm3_top4_bilstm_attn,train,1,E,max_disorder,disorder,85,94,400,0.03268620161380724,0.020027700875442277,0.012658500738364959,0.0037408143685034555,0.021576187108226463,True,0.005145795899625272,0.012166388766876254
esm3_top4_bilstm_attn,train,1,E,fraction_glycine,sequence,85,94,400,0.11089725320512062,0.035275008488243775,0.07562224471687684,0.035865534880461444,0.11537895455329224,True,0.02854642446063521,0.05657412725756603
esm3_top4_bilstm_attn,train,1,E,fraction_proline,sequence,85,94,400,0.016746031746031745,0.02569142993897896,-0.008945398192947212,-0.02611999409712539,0.008229197711230969,True,0.0029339863212036314,0.007304718521347185
esm3_top4_bilstm_attn,train,1,E,fraction_hydrophobic,sequence,85,94,400,0.44281851841677006,0.581445429947308,-0.13862691153053788,-0.18893921297594024,-0.08831461008513553,True,5.87481291540905e-07,2.4046903713072633e-06
esm3_top4_bilstm_attn,train,1,E,fraction_charged,sequence,85,94,400,0.2555995153190564,0.15862910961752316,0.09697040570153323,0.043631963374449766,0.1503088480286167,True,0.0007640818020027142,0.002110588703081027
esm3_top4_bilstm_attn,train,1,E,fraction_aromatic,sequence,85,94,400,0.10104082839194842,0.12669126660459104,-0.025650438212642613,-0.05954226545493975,0.008241389029654527,True,0.018156917829170435,0.03777756257256938
esm3_top4_bilstm_attn,train,1,E,sequence_entropy,sequence,85,94,400,1.9478827591703944,1.8505058738197406,0.09737688535065439,-0.11695135217159497,0.31170512287290375,True,0.2810699699906817,0.39811376981084823
esm3_top4_bilstm_attn,validation,1,C,mean_neq,neq,186,566,1369,1.895825357149833,1.4432819021949277,0.45254345495490517,0.36380169382824573,0.5412852160815647,True,3.9156946603859376e-19,3.9401677520133494e-18
esm3_top4_bilstm_attn,validation,1,C,max_neq,neq,186,566,1369,2.764821076548899,1.8405210469110567,0.9243000296378423,0.7736529924589155,1.074947066816769,True,5.502990639707708e-22,6.994590734154797e-21
esm3_top4_bilstm_attn,validation,1,C,neq_peak_fraction,neq,186,566,1369,0.1822021005318558,0.11613384838815337,0.06606825214370243,0.03489328519014376,0.09724321909726111,True,1.3509588822560731e-05,4.71858675713614e-05
esm3_top4_bilstm_attn,validation,1,C,neq_peak_excess,neq,186,566,1369,0.8689957193990662,0.397239144716129,0.4717565746829373,0.38203428521579774,0.5614788641500769,True,2.8592786690990567e-19,2.911813608501178e-18
esm3_top4_bilstm_attn,validation,1,C,mean_rsa,exposure_length_position,186,566,1369,0.4411445190636721,0.38238568467254264,0.05875883439112938,0.04129591604112036,0.0762217527411384,True,2.2539042092842454e-09,1.1310249807252675e-08
esm3_top4_bilstm_attn,validation,1,C,max_rsa,exposure_length_position,186,566,1369,0.6061994173011804,0.4875540940267426,0.11864532327443778,0.09387395930991049,0.14341668723896506,True,1.6457813353412358e-15,1.2617656904282808e-14
esm3_top4_bilstm_attn,validation,1,C,log_segment_length,exposure_length_position,186,566,1369,1.7788088174109167,1.230869272295337,0.5479395451155799,0.46649468785900633,0.6293844023721534,True,1.5312059115385708e-23,2.166111793686991e-22
esm3_top4_bilstm_attn,validation,1,C,normalized_midpoint,exposure_length_position,186,566,1369,0.4917571178680739,0.5147103046901281,-0.02295318682205429,-0.06575073243596136,0.019844358791852774,True,0.3264352802229522,0.4487029832195133
esm3_top4_bilstm_attn,validation,1,C,mean_torsion_change,geometry_boundaries,186,566,1369,80.36094885896324,77.03085054660076,3.330098312362484,-2.3793760630617067,9.039572687786674,True,0.4647430434817963,0.5927183063040186
esm3_top4_bilstm_attn,validation,1,C,max_torsion_change,geometry_boundaries,186,566,1369,147.93239029428952,107.11122889023342,40.82116140405612,33.76866020254902,47.87366260556322,True,2.331394204730994e-19,2.381402962596825e-18
esm3_top4_bilstm_attn,validation,1,C,q3_boundary_fraction,geometry_boundaries,186,566,1369,0.21725017135010835,0.49369527403729707,-0.27644510268718864,-0.3141759935483097,-0.23871421182606756,True,7.528102761662356e-24,1.078496416829679e-22
esm3_top4_bilstm_attn,validation,1,C,mean_distance_to_q3_boundary,geometry_boundaries,186,566,1369,2.79555308318035,1.4858683409200082,1.309684742260342,0.9993434879524288,1.620025996568255,True,5.398428628518401e-15,4.0291583207551245e-14
esm3_top4_bilstm_attn,validation,1,C,structured_linker_fraction,geometry_boundaries,186,566,1369,0.7568164362519201,0.5535284028903736,0.20328803336154647,0.14641393506886344,0.26016213165422947,True,1.697514250087345e-10,9.470784949744743e-10
esm3_top4_bilstm_attn,validation,1,C,mean_disorder,disorder,186,566,1369,0.12735844255474207,0.12533148993332371,0.002026952621418338,-0.020140621374128358,0.024194526616965036,True,0.5850080873276526,0.7011387250105613
esm3_top4_bilstm_attn,validation,1,C,max_disorder,disorder,186,566,1369,0.19663584239122894,0.1918339435969422,0.004801898794286703,-0.02943096425593665,0.03903476184451006,True,0.9149725315726592,0.9664236579966139
esm3_top4_bilstm_attn,validation,1,C,fraction_glycine,sequence,186,566,1369,0.10980368526652745,0.0798089409141845,0.029994744352342968,0.005907152784254185,0.054082335920431754,True,0.052824810725292146,0.09717121058879909
esm3_top4_bilstm_attn,validation,1,C,fraction_proline,sequence,186,566,1369,0.0741757950129803,0.07500350997163617,-0.0008277149586558718,-0.021101844759773395,0.019446414842461655,True,0.3677622200877596,0.49165838913274623
esm3_top4_bilstm_attn,validation,1,C,fraction_hydrophobic,sequence,186,566,1369,0.2605315203587156,0.32025853319984576,-0.05972701284113026,-0.09100241400878607,-0.028451611673474445,True,0.00011433839185935101,0.00035662186612220087
esm3_top4_bilstm_attn,validation,1,C,fraction_charged,sequence,186,566,1369,0.2500117167078595,0.23024005979931508,0.019771656908544398,-0.012626119982407036,0.05216943379949583,True,0.21633088842383974,0.3205147825420693
esm3_top4_bilstm_attn,validation,1,C,fraction_aromatic,sequence,186,566,1369,0.050530308348933545,0.07060330193689338,-0.020072993587959817,-0.03917436815816447,-0.0009716190177551688,True,0.00245980265818671,0.006220338659184193
esm3_top4_bilstm_attn,validation,1,C,sequence_entropy,sequence,186,566,1369,1.8278122580083125,1.0144785457377872,0.8133337122705253,0.6929171120758052,0.9337503124652454,True,2.2476000879401368e-23,3.1401388005477694e-22
esm3_top4_bilstm_attn,validation,1,T,mean_neq,neq,137,328,590,2.0051247750357235,1.5580595670337898,0.4470652080019342,0.32332894761862574,0.5708014683852427,True,6.823699889306369e-12,4.256629026890191e-11
esm3_top4_bilstm_attn,validation,1,T,max_neq,neq,137,328,590,2.3431496813810684,1.7563209321120334,0.5868287492690348,0.4342504242983984,0.7394070742396712,True,1.9275577300271613e-12,1.2484813573221902e-11
esm3_top4_bilstm_attn,validation,1,T,neq_peak_fraction,neq,137,328,590,0.24390713706407136,0.1781909433020425,0.06571619376202888,0.023519002366163486,0.10791338515789427,True,0.005731703795654914,0.013383211694136232
esm3_top4_bilstm_attn,validation,1,T,neq_peak_excess,neq,137,328,590,0.33802490634534427,0.19826136507824374,0.13976354126710058,0.0813143584340228,0.19821272410017837,True,4.075255882250648e-06,1.5091391169648893e-05
esm3_top4_bilstm_attn,validation,1,T,mean_rsa,exposure_length_position,137,328,590,0.6287294314278183,0.5417142095959206,0.0870152218318978,0.06205567017090259,0.11197477349289302,True,2.3463037595878625e-09,1.1734989661488999e-08
esm3_top4_bilstm_attn,validation,1,T,max_rsa,exposure_length_position,137,328,590,0.7070840428322087,0.6092762654633385,0.09780777736887022,0.07327462068663632,0.12234093405110413,True,3.681264166568496e-11,2.1645833299422758e-10
esm3_top4_bilstm_attn,validation,1,T,log_segment_length,exposure_length_position,137,328,590,1.0914757673016382,1.006558241782177,0.08491752551946107,0.052121250476672945,0.11771380056224919,True,1.0399081708808052e-06,4.131527057283199e-06
esm3_top4_bilstm_attn,validation,1,T,normalized_midpoint,exposure_length_position,137,328,590,0.5290819358869048,0.5078831533531264,0.021198782533778302,-0.029400106362492424,0.07179767143004903,True,0.5852553603574996,0.701186524935757
esm3_top4_bilstm_attn,validation,1,T,mean_torsion_change,geometry_boundaries,137,328,590,98.6451113438096,88.22065601708975,10.42445532671985,2.485378774282985,18.363531879156714,True,0.022189960975070033,0.045168126464004685
esm3_top4_bilstm_attn,validation,1,T,max_torsion_change,geometry_boundaries,137,328,590,142.29318812181424,129.1415460430628,13.151642078751433,3.189447318326099,23.113836839176766,True,0.010023943804287236,0.021992831928809308
esm3_top4_bilstm_attn,validation,1,T,q3_boundary_fraction,geometry_boundaries,137,328,590,0.1869337272621944,0.33606067880166207,-0.14912695153946764,-0.20432776601469943,-0.09392613706423587,True,7.742988362780629e-08,3.458262041553673e-07
esm3_top4_bilstm_attn,validation,1,T,mean_distance_to_q3_boundary,geometry_boundaries,137,328,590,1.8551152821225814,1.4684534363232302,0.38666184579935114,0.1076539767469829,0.6656697148517194,True,0.000137272876632407,0.00042269544252656466
esm3_top4_bilstm_attn,validation,1,T,structured_linker_fraction,geometry_boundaries,137,328,590,0.8723062217587765,0.8148228488986325,0.057483372860144,-0.002373425980136158,0.11734017170042416,True,0.00698248500404702,0.015934547610467205
esm3_top4_bilstm_attn,validation,1,T,mean_disorder,disorder,137,328,590,0.03535022120605122,0.02791245152561358,0.007437769680437641,-0.0009947724394019468,0.015870311800277228,True,0.005203611590908584,0.012294486924431811
esm3_top4_bilstm_attn,validation,1,T,max_disorder,disorder,137,328,590,0.03973620705705744,0.03115562364341316,0.00858058341364429,-0.0010957062258147767,0.018256873053103355,True,0.0035384992250885707,0.008650517628361864
esm3_top4_bilstm_attn,validation,1,T,fraction_glycine,sequence,137,328,590,0.2307684509326845,0.18481827854412655,0.04595017238855797,-0.001051547776422114,0.09295189255353806,True,0.11714496730814122,0.19136586074817274
esm3_top4_bilstm_attn,validation,1,T,fraction_proline,sequence,137,328,590,0.11475784961186421,0.0739293669333386,0.04082848267852562,0.003138146109353264,0.07851881924769796,True,0.09699987095146784,0.16447169693425917
esm3_top4_bilstm_attn,validation,1,T,fraction_hydrophobic,sequence,137,328,590,0.10315143088865716,0.15930863470848441,-0.056157203819827264,-0.09412111886174984,-0.018193288777904694,True,0.0015557422502299472,0.004093357624924086
esm3_top4_bilstm_attn,validation,1,T,fraction_charged,sequence,137,328,590,0.33646593673965935,0.33309583894867284,0.0033700977909865894,-0.05959577878849274,0.06633597437046591,True,0.9451676486741918,0.9881824418011089
esm3_top4_bilstm_attn,validation,1,T,fraction_aromatic,sequence,137,328,590,0.02867860039392886,0.048120832322743015,-0.019442231928814144,-0.04224058459990756,0.00335612074227927,True,0.008997857562521496,0.020027489413354298
esm3_top4_bilstm_attn,validation,1,T,sequence_entropy,sequence,137,328,590,0.8985819604519657,0.7130574290059509,0.1855245314460148,0.10473988373560215,0.26630917915642743,True,1.6393720712330365e-05,5.684837920860407e-05
esm3_top4_bilstm_attn,validation,1,G,mean_neq,neq,20,22,42,1.8750694444444445,1.404259537037037,0.47080990740740736,0.07403177329846061,0.8675880415163542,True,0.04785751139622271,0.0891494468488314
esm3_top4_bilstm_attn,validation,1,G,max_neq,neq,20,22,42,2.5270416666666664,1.8739911111111112,0.6530505555555555,-0.010623718682134742,1.3167248297932457,True,0.05222204238661496,0.09627193310204209
esm3_top4_bilstm_attn,validation,1,G,neq_peak_fraction,neq,20,22,42,0.09999999999999999,0.10027777777777777,-0.00027777777777777404,-0.11471387346371001,0.11415831790815445,True,0.8354959448525556,0.90422247849482
esm3_top4_bilstm_attn,validation,1,G,neq_peak_excess,neq,20,22,42,0.6519722222222222,0.4697315740740741,0.18224064814814817,-0.20962274491864685,0.5741040412149432,True,0.2789649507806645,0.3957954253417653
esm3_top4_bilstm_attn,validation,1,G,mean_rsa,exposure_length_position,20,22,42,0.45315712675607456,0.379824870734786,0.07333225602128854,-0.00030182289317055855,0.14696633493574762,True,0.07932167969676177,0.13895678707500078
esm3_top4_bilstm_attn,validation,1,G,max_rsa,exposure_length_position,20,22,42,0.6055993996560574,0.5131485453061759,0.0924508543498814,-0.027687143098108935,0.21258885179787174,True,0.14539977506508558,0.2292894773764246
esm3_top4_bilstm_attn,validation,1,G,log_segment_length,exposure_length_position,20,22,42,1.226321901588617,1.1798091488647617,0.04651275272385545,-0.12886856687681442,0.2218940723245253,True,0.27837803778330095,0.3951285246621916
esm3_top4_bilstm_attn,validation,1,G,normalized_midpoint,exposure_length_position,20,22,42,0.4402420163406845,0.46250230754243854,-0.022260291201754136,-0.22599513902845597,0.1814745566249477,True,0.8519245948146423,0.9173111640344923
esm3_top4_bilstm_attn,validation,1,G,mean_torsion_change,geometry_boundaries,20,22,42,62.834359085354684,50.31050533310282,12.523853752251863,-5.310363731242369,30.358071235746095,True,0.1913338368695522,0.28866564143505397
esm3_top4_bilstm_attn,validation,1,G,max_torsion_change,geometry_boundaries,20,22,42,115.06094545714959,102.74200099517972,12.31894446196987,-24.89819997830118,49.53608890224092,True,0.6274460333215013,0.73993548610394
esm3_top4_bilstm_attn,validation,1,G,q3_boundary_fraction,geometry_boundaries,20,22,42,0.4583333333333333,0.4463888888888888,0.011944444444444447,-0.1949320886068806,0.2188209774957695,True,0.8225474637072067,0.8956062197145267
esm3_top4_bilstm_attn,validation,1,G,mean_distance_to_q3_boundary,geometry_boundaries,20,22,42,1.1333333333333333,1.5719444444444444,-0.4386111111111112,-1.6035008719893997,0.7262786497671773,True,0.8227300289806458,0.8956062197145267
esm3_top4_bilstm_attn,validation,1,G,structured_linker_fraction,geometry_boundaries,20,22,42,0.0,0.0,0.0,0.0,0.0,True,1.0,1.0
esm3_top4_bilstm_attn,validation,1,G,mean_disorder,disorder,20,22,42,0.02548988153963966,0.019805045780174366,0.0056848357594652885,-0.02254272220334263,0.033912393722273206,True,0.6274460333215013,0.73993548610394
esm3_top4_bilstm_attn,validation,1,G,max_disorder,disorder,20,22,42,0.02976359128952022,0.02290228768067507,0.006861303608845147,-0.026347108846956784,0.04006971606464708,True,0.7651984444971875,0.8524335884168011
esm3_top4_bilstm_attn,validation,1,G,fraction_glycine,sequence,20,22,42,0.03333333333333333,0.030555555555555558,0.002777777777777775,-0.03864779739746101,0.04420335295301656,True,1.0,1.0
esm3_top4_bilstm_attn,validation,1,G,fraction_proline,sequence,20,22,42,0.029166666666666664,0.03833333333333333,-0.009166666666666667,-0.07256011589651198,0.054226782563178644,True,0.5594165111858878,0.6784035042855947
esm3_top4_bilstm_attn,validation,1,G,fraction_hydrophobic,sequence,20,22,42,0.2625,0.3080555555555555,-0.04555555555555555,-0.22000808721153567,0.12889697610042458,True,0.4656874468200919,0.5932514158623703
esm3_top4_bilstm_attn,validation,1,G,fraction_charged,sequence,20,22,42,0.4333333333333333,0.4325,0.0008333333333333359,-0.1720738410839747,0.17374050775064134,True,0.7365879822022132,0.8279268510058786
esm3_top4_bilstm_attn,validation,1,G,fraction_aromatic,sequence,20,22,42,0.1,0.030833333333333334,0.06916666666666667,-0.05034914818682808,0.18868248152016143,True,0.6024906031554691,0.7173463111037035
esm3_top4_bilstm_attn,validation,1,G,sequence_entropy,sequence,20,22,42,1.1113534379146648,1.0595998823206476,0.05175355559401722,-0.36204699122584894,0.4655541024138834,True,0.5376891170785593,0.6607145637422412
esm3_top4_bilstm_attn,validation,1,S,mean_neq,neq,88,163,252,1.9301543034511786,1.399156909872535,0.5309973935786435,0.3606520309683442,0.7013427561889428,True,3.4425811693783123e-08,1.5857448138512362e-07
esm3_top4_bilstm_attn,validation,1,S,max_neq,neq,88,163,252,2.1212897095959597,1.4522987554112554,0.6689909541847041,0.4756573254045028,0.8623245829649054,True,1.3070533659042608e-09,6.695677924427736e-09
esm3_top4_bilstm_attn,validation,1,S,neq_peak_fraction,neq,88,163,252,0.2817866161616162,0.23640873015873015,0.04537788600288601,-0.054779192892351815,0.14553496489812384,True,0.42616906895342377,0.5520045598924619
esm3_top4_bilstm_attn,validation,1,S,neq_peak_excess,neq,88,163,252,0.19113540614478114,0.05314184553872054,0.1379935606060606,0.08218504729645738,0.19380207391566384,True,1.0380810817047472e-06,4.129120161463235e-06
esm3_top4_bilstm_attn,validation,1,S,mean_rsa,exposure_length_position,88,163,252,0.5111893285564476,0.3795487734774218,0.13164055507902586,0.09254547852926723,0.1707356316287845,True,3.5248824388690896e-08,1.6197488247206193e-07
esm3_top4_bilstm_attn,validation,1,S,max_rsa,exposure_length_position,88,163,252,0.5662291019519959,0.4073008447416324,0.1589282572103636,0.11487921981080247,0.20297729460992475,True,5.848140140588715e-09,2.8166042471980694e-08
esm3_top4_bilstm_attn,validation,1,S,log_segment_length,exposure_length_position,88,163,252,0.9507465575959144,0.7945948723522587,0.15615168524365577,0.09756124621820679,0.21474212426910477,True,2.376139634695318e-06,9.067413210953577e-06
esm3_top4_bilstm_attn,validation,1,S,normalized_midpoint,exposure_length_position,88,163,252,0.5274247989767423,0.4970764898207682,0.030348309155974175,-0.037908134668761646,0.09860475298071,True,0.3971428238375567,0.5206436166711048
esm3_top4_bilstm_attn,validation,1,S,mean_torsion_change,geometry_boundaries,88,163,252,146.5230262053494,147.41368481639446,-0.8906586110450632,-13.268972375663425,11.487655153573298,True,0.9237590130393649,0.9723627718200787
esm3_top4_bilstm_attn,validation,1,S,max_torsion_change,geometry_boundaries,88,163,252,161.82799950639694,151.8263159867453,10.001683519651642,-2.6744324467580523,22.67779948606134,True,0.07699981019488422,0.13566251082277414
esm3_top4_bilstm_attn,validation,1,S,q3_boundary_fraction,geometry_boundaries,88,163,252,0.14299242424242425,0.2875901875901876,-0.14459776334776336,-0.2239453505804807,-0.06525017611504604,True,0.0002924321233663686,0.0008628735422409699
esm3_top4_bilstm_attn,validation,1,S,mean_distance_to_q3_boundary,geometry_boundaries,88,163,252,1.7142518939393943,1.2821608946608947,0.43209099927849937,0.1162237321090776,0.7479582664479212,True,0.0005952763960684554,0.0016730087241125919
esm3_top4_bilstm_attn,validation,1,S,structured_linker_fraction,geometry_boundaries,88,163,252,0.9535984848484848,0.892857142857143,0.060741341991341985,0.008551477617830892,0.11293120636485307,True,0.031236094096151548,0.06110093831479537
esm3_top4_bilstm_attn,validation,1,S,mean_disorder,disorder,88,163,252,0.021681332931800093,0.011151899405743125,0.01052943352605697,0.0044481832634183024,0.016610683788695638,True,4.234706379042108e-05,0.00013968333919552552
esm3_top4_bilstm_attn,validation,1,S,max_disorder,disorder,88,163,252,0.02336484103538108,0.01168634651398285,0.011678494521398235,0.005128468477566835,0.018228520565229635,True,1.5095203820726046e-05,5.250708242579708e-05
esm3_top4_bilstm_attn,validation,1,S,fraction_glycine,sequence,88,163,252,0.2652935606060606,0.22766955266955266,0.037624007936507935,-0.0635065827438866,0.13875459861690245,True,0.5957786999439425,0.7112579390545419
esm3_top4_bilstm_attn,validation,1,S,fraction_proline,sequence,88,163,252,0.0606060606060606,0.008428030303030304,0.0521780303030303,0.01583901448890171,0.0885170461171589,True,0.09046254522891525,0.15592114558926684
esm3_top4_bilstm_attn,validation,1,S,fraction_hydrophobic,sequence,88,163,252,0.11939709595959597,0.24460227272727272,-0.12520517676767676,-0.1981957860437874,-0.052214567491566125,True,0.0005146225404438441,0.0014584566716183045
esm3_top4_bilstm_attn,validation,1,S,fraction_charged,sequence,88,163,252,0.2773200757575758,0.2689799783549784,0.008340097402597401,-0.08104239724033017,0.09772259204552498,True,0.8085972021457126,0.8847466473963282
esm3_top4_bilstm_attn,validation,1,S,fraction_aromatic,sequence,88,163,252,0.035037878787878785,0.0769345238095238,-0.04189664502164502,-0.08283344249951632,-0.0009598475437737272,True,0.004415449457153248,0.010617805558061971
esm3_top4_bilstm_attn,validation,1,S,sequence_entropy,sequence,88,163,252,0.5748979562043212,0.23292692202899323,0.3419710341753279,0.20407295700960124,0.4798691113410546,True,9.422587924557892e-06,3.364072837690626e-05
esm3_top4_bilstm_attn,validation,1,E,mean_neq,neq,24,27,89,1.4368091002375358,1.1941071354185937,0.24270196481894216,0.06683313048780809,0.4185707991500762,True,0.014004698339500191,0.02979854316290129
esm3_top4_bilstm_attn,validation,1,E,max_neq,neq,24,27,89,2.1935902777777776,1.476783878968254,0.7168063988095238,0.2696290871422388,1.1639837104768087,True,0.004274733960172559,0.010301408067956822
esm3_top4_bilstm_attn,validation,1,E,neq_peak_fraction,neq,24,27,89,0.08181182040831164,0.07512676366843034,0.006685056739881304,-0.09112851785127968,0.10449863133104229,True,0.4399391806089177,0.5670573318695781
esm3_top4_bilstm_attn,validation,1,E,neq_peak_excess,neq,24,27,89,0.7567811775402419,0.2826767435496602,0.4741044339905816,0.16218970564268814,0.7860191623384751,True,0.00723749486912432,0.016423965573195476
esm3_top4_bilstm_attn,validation,1,E,mean_rsa,exposure_length_position,24,27,89,0.2963470509077697,0.17277167311542407,0.12357537779234562,0.07706739906118312,0.17008335652350812,True,0.0001288892255353885,0.00039869576535695193
esm3_top4_bilstm_attn,validation,1,E,max_rsa,exposure_length_position,24,27,89,0.47110359515580863,0.29596253751254165,0.17514105764326696,0.10380529232087188,0.24647682296566203,True,0.000255042253184011,0.0007604037548634403
esm3_top4_bilstm_attn,validation,1,E,log_segment_length,exposure_length_position,24,27,89,1.880448276452505,1.6153656835257089,0.26508259292679637,-0.01716438125690567,0.5473295671104984,True,0.08135857180414459,0.142230264358745
esm3_top4_bilstm_attn,validation,1,E,normalized_midpoint,exposure_length_position,24,27,89,0.40040233473686015,0.45652533470882095,-0.05612299997196082,-0.2085243925106505,0.09627839256672885,True,0.36056673509747184,0.48452946397637214
esm3_top4_bilstm_attn,validation,1,E,mean_torsion_change,geometry_boundaries,24,27,89,52.644534312664945,32.351322185706316,20.293212126958633,4.416552948366444,36.16987130555082,True,0.022270978959232784,0.045278520662156374
esm3_top4_bilstm_attn,validation,1,E,max_torsion_change,geometry_boundaries,24,27,89,127.01235722548171,72.95302563411106,54.05933159137064,18.73870089633146,89.37996228640984,True,0.005110260660855864,0.012099293623496972
esm3_top4_bilstm_attn,validation,1,E,q3_boundary_fraction,geometry_boundaries,24,27,89,0.5141933927021646,0.5059605383042883,0.008232854397876336,-0.13770753136946992,0.15417324016522257,True,0.6170750774519738,0.7307638658021448
esm3_top4_bilstm_attn,validation,1,E,mean_distance_to_q3_boundary,geometry_boundaries,24,27,89,0.778071725220848,0.7241554201970869,0.05391630502376121,-0.3019087800824122,0.4097413901299346,True,0.7970684943591221,0.8763606302195469
esm3_top4_bilstm_attn,validation,1,E,structured_linker_fraction,geometry_boundaries,24,27,89,0.0,0.0,0.0,0.0,0.0,True,1.0,1.0
esm3_top4_bilstm_attn,validation,1,E,mean_disorder,disorder,24,27,89,0.008418889808183472,0.008201712058180056,0.00021717775000341713,-0.004602055232194504,0.005036410732201338,True,0.31731050786291415,0.4389635135370347
esm3_top4_bilstm_attn,validation,1,E,max_disorder,disorder,24,27,89,0.01590871583903203,0.011897473756884852,0.004011242082147179,-0.0007421613276528171,0.008764645491947175,True,0.06329083223334525,0.11449240437717512
esm3_top4_bilstm_attn,validation,1,E,fraction_glycine,sequence,24,27,89,0.14033249888513047,0.04544358804775472,0.09488891083737573,-0.0032880314669860022,0.19306585314173746,True,0.10322774073292007,0.17243724872430966
esm3_top4_bilstm_attn,validation,1,E,fraction_proline,sequence,24,27,89,0.01616809116809117,0.012843088624338623,0.0033250025437525452,-0.021097278584493076,0.02774728367199817,True,0.5366317789686867,0.659819491077237
esm3_top4_bilstm_attn,validation,1,E,fraction_hydrophobic,sequence,24,27,89,0.3629793979574681,0.6049889481660315,-0.24200955020856338,-0.3443094101101109,-0.13970969030701585,True,0.00014458291697341303,0.00044318662038722524
esm3_top4_bilstm_attn,validation,1,E,fraction_charged,sequence,24,27,89,0.1932380079309904,0.1384045969462636,0.05483341098472678,-0.035749698742518786,0.14541652071197234,True,0.2086090118406816,0.310297874629716
esm3_top4_bilstm_attn,validation,1,E,fraction_aromatic,sequence,24,27,89,0.0715771071034229,0.11728112743737744,-0.04570402033395454,-0.12685727090832333,0.03544923024041423,True,0.21345271167236068,0.31666679164732403
esm3_top4_bilstm_attn,validation,1,E,sequence_entropy,sequence,24,27,89,2.1213643657213743,1.661142176338446,0.46022218938292814,0.07128189887878,0.8491624798870763,True,0.019136708854110035,0.03954841848150736
esm3_top4_bilstm_attn,validation,1,H,mean_neq,neq,5,5,13,1.5291444444444444,1.0699086952861951,0.45923574915824916,,,False,,
esm3_top4_bilstm_attn,validation,1,H,max_neq,neq,5,5,13,2.452333333333333,1.3594833333333334,1.0928499999999999,,,False,,
esm3_top4_bilstm_attn,validation,1,H,neq_peak_fraction,neq,5,5,13,0.05333333333333333,0.03178661616161616,0.02154671717171717,,,False,,
esm3_top4_bilstm_attn,validation,1,H,neq_peak_excess,neq,5,5,13,0.923188888888889,0.289574638047138,0.6336142508417507,,,False,,
esm3_top4_bilstm_attn,validation,1,H,mean_rsa,exposure_length_position,5,5,13,0.3112739640474319,0.27245012484196557,0.03882383920546638,,,False,,
esm3_top4_bilstm_attn,validation,1,H,max_rsa,exposure_length_position,5,5,13,0.5544090092182159,0.5203971514478326,0.03401185777038336,,,False,,
esm3_top4_bilstm_attn,validation,1,H,log_segment_length,exposure_length_position,5,5,13,2.005477037838473,1.9634342657608026,0.042042772077670335,,,False,,
esm3_top4_bilstm_attn,validation,1,H,normalized_midpoint,exposure_length_position,5,5,13,0.37867794895736073,0.6809801809612732,-0.3023022320039127,,,False,,
esm3_top4_bilstm_attn,validation,1,H,mean_torsion_change,geometry_boundaries,5,5,13,23.366474397825016,29.83307946025237,-6.466605062427365,,,False,,
esm3_top4_bilstm_attn,validation,1,H,max_torsion_change,geometry_boundaries,5,5,13,92.76508156341379,98.37464983087361,-5.609568267459826,,,False,,
esm3_top4_bilstm_attn,validation,1,H,q3_boundary_fraction,geometry_boundaries,5,5,13,0.26666666666666666,0.38185696248196244,-0.1151902958152958,,,False,,
esm3_top4_bilstm_attn,validation,1,H,mean_distance_to_q3_boundary,geometry_boundaries,5,5,13,1.26,1.5873241341991342,-0.32732413419913414,,,False,,
esm3_top4_bilstm_attn,validation,1,H,structured_linker_fraction,geometry_boundaries,5,5,13,0.0,0.0,0.0,,,False,,
esm3_top4_bilstm_attn,validation,1,H,mean_disorder,disorder,5,5,13,0.007601869427598965,0.0106231821973433,-0.0030213127697443377,,,False,,
esm3_top4_bilstm_attn,validation,1,H,max_disorder,disorder,5,5,13,0.0116610905155539,0.03499086012016045,-0.023329769604606553,,,False,,
esm3_top4_bilstm_attn,validation,1,H,fraction_glycine,sequence,5,5,13,0.03333333333333333,0.009217171717171718,0.024116161616161612,,,False,,
esm3_top4_bilstm_attn,validation,1,H,fraction_proline,sequence,5,5,13,0.07333333333333333,0.05866161616161616,0.014671717171717174,,,False,,
esm3_top4_bilstm_attn,validation,1,H,fraction_hydrophobic,sequence,5,5,13,0.3733333333333333,0.5803643578643578,-0.2070310245310245,,,False,,
esm3_top4_bilstm_attn,validation,1,H,fraction_charged,sequence,5,5,13,0.24666666666666665,0.2023917748917749,0.04427489177489177,,,False,,
esm3_top4_bilstm_attn,validation,1,H,fraction_aromatic,sequence,5,5,13,0.18,0.021498917748917747,0.15850108225108223,,,False,,
esm3_top4_bilstm_attn,validation,1,H,sequence_entropy,sequence,5,5,13,2.426415405054305,2.0010052804349034,0.42541012461940164,,,False,,
esm3_top4_bilstm_attn,test,1,C,mean_neq,neq,187,609,1518,1.9122345761588002,1.4552286728015462,0.4570059033572537,0.36898339555729076,0.5450284111572167,True,7.544718292626175e-20,7.971466421052844e-19
esm3_top4_bilstm_attn,test,1,C,max_neq,neq,187,609,1518,2.7418454789813076,1.872510646741205,0.869334832240103,0.7177441247184835,1.0209255397617225,True,1.3493593755092774e-21,1.6351914152676942e-20
esm3_top4_bilstm_attn,test,1,C,neq_peak_fraction,neq,187,609,1518,0.1966241418150275,0.12726392379838378,0.06936021801664373,0.042136937474768404,0.09658349855851905,True,6.338536247641845e-05,0.0002046856834123885
esm3_top4_bilstm_attn,test,1,C,neq_peak_excess,neq,187,609,1518,0.8296109028225076,0.4172819739396582,0.41232892888284944,0.31512423101058923,0.5095336267551097,True,1.3768017748922346e-15,1.0627778084270879e-14
esm3_top4_bilstm_attn,test,1,C,mean_rsa,exposure_length_position,187,609,1518,0.43833505390930616,0.37415295456813336,0.06418209934117274,0.04558365742310577,0.0827805412592397,True,4.2939416647658103e-10,2.293493960280127e-09
esm3_top4_bilstm_attn,test,1,C,max_rsa,exposure_length_position,187,609,1518,0.6016153445808272,0.48401418680399555,0.11760115777683161,0.09375512336736565,0.1414471921862976,True,1.228573040689513e-16,9.961164150050944e-16
esm3_top4_bilstm_attn,test,1,C,log_segment_length,exposure_length_position,187,609,1518,1.7284751781323624,1.242485090138021,0.48599008799434124,0.4143485494147756,0.5576316265739069,True,1.8571223152776002e-24,2.790635799090474e-23
esm3_top4_bilstm_attn,test,1,C,normalized_midpoint,exposure_length_position,187,609,1518,0.4896969901252221,0.5260734663909141,-0.03637647626569196,-0.07856457319724972,0.0058116206658657965,True,0.16095584097271687,0.24974378078419263
esm3_top4_bilstm_attn,test,1,C,mean_torsion_change,geometry_boundaries,187,609,1518,81.80776730174773,75.03498463816436,6.772782663583379,1.021562349496631,12.524002977670126,True,0.15150209771670942,0.23780343193138093
esm3_top4_bilstm_attn,test,1,C,max_torsion_change,geometry_boundaries,187,609,1518,149.7378952121231,107.13418167647072,42.60371353565239,35.69122260684307,49.51620446446171,True,3.1533944631305207e-23,4.333994585302557e-22
esm3_top4_bilstm_attn,test,1,C,q3_boundary_fraction,geometry_boundaries,187,609,1518,0.20611356251114066,0.47194003997237605,-0.26582647746123544,-0.2975172440632718,-0.23413571085919913,True,1.2183606677121027e-26,2.1016721518033774e-25
esm3_top4_bilstm_attn,test,1,C,mean_distance_to_q3_boundary,geometry_boundaries,187,609,1518,2.787708106078842,1.4768502486708974,1.3108578574079444,1.0284562395985557,1.593259475217333,True,5.115047545141288e-19,5.0864634559184395e-18
esm3_top4_bilstm_attn,test,1,C,structured_linker_fraction,geometry_boundaries,187,609,1518,0.7762770948599825,0.5865995370151758,0.1896775578448067,0.13105988202204782,0.24829523366756556,True,7.954777885739915e-10,4.156893977076763e-09
esm3_top4_bilstm_attn,test,1,C,mean_disorder,disorder,187,609,1518,0.10791520545539063,0.1245070488950171,-0.016591843439626497,-0.038393596845370366,0.005209909966117372,True,0.001722688554070836,0.004490678489833074
esm3_top4_bilstm_attn,test,1,C,max_disorder,disorder,187,609,1518,0.17681343447602427,0.19046391704609267,-0.013650482570068427,-0.049926398531903705,0.02262543339176685,True,0.008580611944236809,0.01916185533914442
esm3_top4_bilstm_attn,test,1,C,fraction_glycine,sequence,187,609,1518,0.1053236522483252,0.0692957953803843,0.03602785686794088,0.013763660454805975,0.05829205328107579,True,0.006614149339509679,0.01522289919461009
esm3_top4_bilstm_attn,test,1,C,fraction_proline,sequence,187,609,1518,0.07564236283455025,0.06531399275673291,0.010328370077817329,-0.005766046602980548,0.026422786758615206,True,0.3026909027706777,0.422717035220017
esm3_top4_bilstm_attn,test,1,C,fraction_hydrophobic,sequence,187,609,1518,0.27281800734092326,0.3130086453915134,-0.04019063805059014,-0.07443207030805463,-0.0059492057931256545,True,0.0013659156484966658,0.003633486079911272
esm3_top4_bilstm_attn,test,1,C,fraction_charged,sequence,187,609,1518,0.2529668177386112,0.2515473106353217,0.001419507103289552,-0.031293737550044096,0.0341327517566232,True,0.8065429692935382,0.8834724807869204
esm3_top4_bilstm_attn,test,1,C,fraction_aromatic,sequence,187,609,1518,0.05995638395407323,0.058774938545591716,0.0011814454084815142,-0.017699729944713995,0.020062620761677027,True,0.32277738107061593,0.4445255907941965
esm3_top4_bilstm_attn,test,1,C,sequence_entropy,sequence,187,609,1518,1.7877761828263476,1.0613463859995753,0.7264297968267722,0.6149387641529378,0.8379208295006066,True,1.3906120569885713e-22,1.8294394415090892e-21
esm3_top4_bilstm_attn,test,1,T,mean_neq,neq,140,304,620,1.9844439030612242,1.5234247071480107,0.4610191959132138,0.32240945104966945,0.5996289407767581,True,5.123889950327622e-10,2.711091067614662e-09
esm3_top4_bilstm_attn,test,1,T,max_neq,neq,140,304,620,2.2899673469387753,1.6806484787500855,0.6093188681886896,0.4500173329141271,0.7686204034632522,True,6.3057146479286784e-12,3.948078004564234e-11
esm3_top4_bilstm_attn,test,1,T,neq_peak_fraction,neq,140,304,620,0.22538548752834467,0.14911272589844016,0.07627276162990448,0.030324404258928433,0.12222111900088053,True,0.0012496214120303487,0.0033398972285174776
esm3_top4_bilstm_attn,test,1,T,neq_peak_excess,neq,140,304,620,0.305523443877551,0.15722377160207515,0.14829967227547586,0.09786123057970103,0.19873811397125069,True,4.897413091711747e-08,2.219591643844158e-07
esm3_top4_bilstm_attn,test,1,T,mean_rsa,exposure_length_position,140,304,620,0.6222356804312827,0.5247138669916713,0.09752181343961136,0.06877783059194484,0.12626579628727788,True,1.7026467612555648e-09,8.617737574558481e-09
esm3_top4_bilstm_attn,test,1,T,max_rsa,exposure_length_position,140,304,620,0.6961122176066346,0.5893532048291952,0.10675901277743931,0.07720773196132666,0.13631029359355196,True,2.9263861088654447e-10,1.590693156603548e-09
esm3_top4_bilstm_attn,test,1,T,log_segment_length,exposure_length_position,140,304,620,1.0752714974576123,0.9644652487119759,0.11080624874563674,0.07548662858316665,0.14612586890810683,True,6.048404616042667e-09,2.9047806827898093e-08
esm3_top4_bilstm_attn,test,1,T,normalized_midpoint,exposure_length_position,140,304,620,0.522672730274027,0.5152974917092927,0.007375238564734231,-0.04364490395546796,0.05839538108493642,True,0.8222529915120567,0.8956062197145267
esm3_top4_bilstm_attn,test,1,T,mean_torsion_change,geometry_boundaries,140,304,620,101.73881273910516,94.09789467433913,7.640918064766023,0.12753150018243886,15.154304629349607,True,0.06718020623706981,0.12049669882627748
esm3_top4_bilstm_attn,test,1,T,max_torsion_change,geometry_boundaries,140,304,620,146.02157355789043,129.10911516249215,16.912458395398303,6.341489526749346,27.48342726404726,True,0.0015461717989910162,0.004074518201394097
esm3_top4_bilstm_attn,test,1,T,q3_boundary_fraction,geometry_boundaries,140,304,620,0.2510770975056689,0.40083646842575416,-0.14975937092008518,-0.22381796626820766,-0.07570077557196268,True,7.431138506908969e-05,0.0002373286852428494
esm3_top4_bilstm_attn,test,1,T,mean_distance_to_q3_boundary,geometry_boundaries,140,304,620,1.7260374149659865,1.3284239074417645,0.3976135075242217,0.08305953091819407,0.7121674841302493,True,0.002786493938434211,0.006963145606685933
esm3_top4_bilstm_attn,test,1,T,structured_linker_fraction,geometry_boundaries,140,304,620,0.9340476190476191,0.830137085137085,0.1039105339105339,0.054387652306001635,0.15343341551506617,True,5.6174012544172354e-05,0.0001824441271967788
esm3_top4_bilstm_attn,test,1,T,mean_disorder,disorder,140,304,620,0.03278799481318447,0.021271323575571564,0.011516671237612904,0.005119510498849213,0.017913831976376596,True,0.00013974540490535218,0.0004299173921610516
esm3_top4_bilstm_attn,test,1,T,max_disorder,disorder,140,304,620,0.036693707462845615,0.0231571319661937,0.013536575496651923,0.006523639341796588,0.020549511651507257,True,2.9836359187427624e-05,0.0001008767304126928
esm3_top4_bilstm_attn,test,1,T,fraction_glycine,sequence,140,304,620,0.25186224489795916,0.2538306964199822,-0.001968451522022953,-0.0572508637570006,0.05331396071295469,True,0.7242551069371297,0.8192393832567533
esm3_top4_bilstm_attn,test,1,T,fraction_proline,sequence,140,304,620,0.08138321995464852,0.06462024582560295,0.016762974129045562,-0.009769252080328576,0.0432952003384197,True,0.849945046039702,0.9163470027615537
esm3_top4_bilstm_attn,test,1,T,fraction_hydrophobic,sequence,140,304,620,0.1090532879818594,0.17483740465883324,-0.06578411667697381,-0.10859630019704712,-0.022971933156900506,True,0.0009277046270482089,0.0025052470799121363
esm3_top4_bilstm_attn,test,1,T,fraction_charged,sequence,140,304,620,0.31733560090702945,0.28999637102315673,0.027339229883872735,-0.031220948265333125,0.08589940803307859,True,0.33417783890773545,0.45540317345709536
esm3_top4_bilstm_attn,test,1,T,fraction_aromatic,sequence,140,304,620,0.01839285714285714,0.062289497869855014,-0.04389664072699787,-0.07516319229292556,-0.012630089161070182,True,0.0002611475772194926,0.0007765522942648237
esm3_top4_bilstm_attn,test,1,T,sequence_entropy,sequence,140,304,620,0.8326960467003234,0.6215286112025944,0.211167435497729,0.12894019310373764,0.29339467789172036,True,1.3976072204813753e-06,5.46910881070316e-06
esm3_top4_bilstm_attn,test,1,E,mean_neq,neq,26,27,95,1.392593317757741,1.154770425790773,0.23782289196696785,0.10516916358854647,0.3704766203453892,True,0.0003258727792625274,0.0009530933102825304
esm3_top4_bilstm_attn,test,1,E,max_neq,neq,26,27,95,2.188551282051282,1.4426939967439965,0.7458572853072851,0.3036894059955317,1.1880251646190385,True,0.000838284781440684,0.0022875228781686465
esm3_top4_bilstm_attn,test,1,E,neq_peak_fraction,neq,26,27,95,0.11632854325162018,0.027270661437328106,0.08905788181429207,0.03933227999801761,0.13878348363056653,True,0.0017646125389702047,0.004596421413141958
esm3_top4_bilstm_attn,test,1,E,neq_peak_excess,neq,26,27,95,0.795957964293541,0.2879235709532237,0.5080343933403174,0.17502555277650528,0.8410432339041296,True,0.0028426294580782617,0.007087706635518143
esm3_top4_bilstm_attn,test,1,E,mean_rsa,exposure_length_position,26,27,95,0.31908895502897716,0.19822788692365872,0.1208610681053184,0.07188897462543009,0.1698331615852067,True,9.66918588281786e-05,0.000303824511801182
esm3_top4_bilstm_attn,test,1,E,max_rsa,exposure_length_position,26,27,95,0.5076642408967018,0.3330398206692871,0.1746244202274147,0.11395592668483745,0.23529291376999195,True,7.829998918972466e-05,0.0002490425808564996
esm3_top4_bilstm_attn,test,1,E,log_segment_length,exposure_length_position,26,27,95,1.9512901836856753,1.672726544579492,0.2785636391061828,0.10100454061068748,0.45612273760167815,True,0.003490384767620276,0.008545250470184037
esm3_top4_bilstm_attn,test,1,E,normalized_midpoint,exposure_length_position,26,27,95,0.4659817608910238,0.4837212901634045,-0.01773952927238069,-0.1659931347180666,0.13051407617330524,True,0.9696091457542945,1.0
esm3_top4_bilstm_attn,test,1,E,mean_torsion_change,geometry_boundaries,26,27,95,59.27234096633452,32.991368517694006,26.280972448640515,13.818038196263698,38.74390670101733,True,0.0006350959614880034,0.0017790053403404634
esm3_top4_bilstm_attn,test,1,E,max_torsion_change,geometry_boundaries,26,27,95,153.51238425974861,79.32849306126317,74.18389119848544,46.7048488144136,101.66293358255729,True,0.00013207885138818184,0.00040818884510369544
esm3_top4_bilstm_attn,test,1,E,q3_boundary_fraction,geometry_boundaries,26,27,95,0.4817472057856674,0.5360924338007671,-0.054345228015099785,-0.14873326846912177,0.040042812438922194,True,0.1123556276454243,0.18485371146918714
esm3_top4_bilstm_attn,test,1,E,mean_distance_to_q3_boundary,geometry_boundaries,26,27,95,0.8169003005541466,0.7356978361145028,0.08120246443964395,-0.1726952465095008,0.3351001753887887,True,0.31565710447474427,0.43739207796275015
esm3_top4_bilstm_attn,test,1,E,structured_linker_fraction,geometry_boundaries,26,27,95,0.0,0.0,0.0,0.0,0.0,True,1.0,1.0
esm3_top4_bilstm_attn,test,1,E,mean_disorder,disorder,26,27,95,0.012926791092783522,0.011144272005441455,0.001782519087342066,-0.006472063453911374,0.010037101628595505,True,0.3408624513531382,0.46275124799074835
esm3_top4_bilstm_attn,test,1,E,max_disorder,disorder,26,27,95,0.021734308948417932,0.017942354445211074,0.0037919545032068587,-0.010409035641917528,0.017992944648331247,True,0.829072314490523,0.8990036867519109
esm3_top4_bilstm_attn,test,1,E,fraction_glycine,sequence,26,27,95,0.08377125011740395,0.022189323022656356,0.06158192709474761,0.02878490003383334,0.09437895415566187,True,0.0029393513832427207,0.0073126909689062835
esm3_top4_bilstm_attn,test,1,E,fraction_proline,sequence,26,27,95,0.011217948717948716,0.018165168165168166,-0.006947219447219447,-0.019470426654739432,0.005575987760300538,True,0.22131172698175738,0.32592204294528715
esm3_top4_bilstm_attn,test,1,E,fraction_hydrophobic,sequence,26,27,95,0.4554393256316333,0.5457749657749658,-0.09033564014333245,-0.18075108171864157,7.980143197666711e-05,True,0.047577582593269455,0.08872576213339439
esm3_top4_bilstm_attn,test,1,E,fraction_charged,sequence,26,27,95,0.20640321217244292,0.1811230089355089,0.025280203236933998,-0.0671221858968404,0.1176825923707084,True,0.6114098839219664,0.7256579660860125
esm3_top4_bilstm_attn,test,1,E,fraction_aromatic,sequence,26,27,95,0.101307880154034,0.11285640671057338,-0.01154852655653937,-0.0738540902927088,0.05075703717963005,True,0.3946337346194523,0.5181247471602962
esm3_top4_bilstm_attn,test,1,E,sequence_entropy,sequence,26,27,95,2.161267857241948,1.7555062857129318,0.40576157152901665,0.12540540108472897,0.6861177419733043,True,0.009230482901731106,0.020504771807327772
esm3_top4_bilstm_attn,test,1,S,mean_neq,neq,76,125,229,1.8439142909356725,1.433366788499025,0.41054750243664717,0.22586310396966008,0.5952319009036342,True,5.085055690630681e-06,1.8626839967521486e-05
esm3_top4_bilstm_attn,test,1,S,max_neq,neq,76,125,229,2.008412573099416,1.5011494152046783,0.5072631578947369,0.285424658255081,0.7291016575343927,True,9.440660224760338e-07,3.777381327800557e-06
esm3_top4_bilstm_attn,test,1,S,neq_peak_fraction,neq,76,125,229,0.2847587719298246,0.29713084795321637,-0.012372076023391812,-0.12176778347374903,0.0970236314269654,True,0.8782763884989765,0.9378423664498066
esm3_top4_bilstm_attn,test,1,S,neq_peak_excess,neq,76,125,229,0.16449828216374268,0.06778262670565305,0.09671565545808965,0.0353631059433205,0.15806820497285878,True,0.00022030579663557786,0.0006620923541554566
esm3_top4_bilstm_attn,test,1,S,mean_rsa,exposure_length_position,76,125,229,0.5386972952062231,0.3949255248856436,0.14377177032057947,0.10393599802733405,0.1836075426138249,True,4.465673698966343e-09,2.1850134263683365e-08
esm3_top4_bilstm_attn,test,1,S,max_rsa,exposure_length_position,76,125,229,0.5858218190799418,0.4208031433993237,0.16501867568061812,0.12060515746293965,0.2094321938982966,True,4.328406131215372e-09,2.123997261195816e-08
esm3_top4_bilstm_attn,test,1,S,log_segment_length,exposure_length_position,76,125,229,0.9171661034417636,0.8043631924852166,0.11280291095654711,0.05865270024282464,0.1669531216702696,True,0.0004547592144709839,0.0013018974632738327
esm3_top4_bilstm_attn,test,1,S,normalized_midpoint,exposure_length_position,76,125,229,0.5094176224391987,0.5440919476834324,-0.034674325244233695,-0.11547273609363035,0.04612408560516296,True,0.390096718301693,0.5139972738028152
esm3_top4_bilstm_attn,test,1,S,mean_torsion_change,geometry_boundaries,76,125,229,139.31430459696347,143.39154475185592,-4.077240154892462,-17.632019441462717,9.47753913167779,True,0.7364723746194461,0.8279268510058786
esm3_top4_bilstm_attn,test,1,S,max_torsion_change,geometry_boundaries,76,125,229,152.72504981124706,149.61362155487,3.1114282563770446,-10.654021900262533,16.876878413016623,True,0.16527934678750678,0.25539738185034755
esm3_top4_bilstm_attn,test,1,S,q3_boundary_fraction,geometry_boundaries,76,125,229,0.12644371345029237,0.3482090643274854,-0.22176535087719296,-0.32572369419889347,-0.11780700755549246,True,4.058620967511391e-05,0.00013426807721287685
esm3_top4_bilstm_attn,test,1,S,mean_distance_to_q3_boundary,geometry_boundaries,76,125,229,2.067945906432749,1.3659356725146201,0.7020102339181287,0.22358834728310606,1.1804321205531512,True,0.0029281980300317765,0.007295679837536799
esm3_top4_bilstm_attn,test,1,S,structured_linker_fraction,geometry_boundaries,76,125,229,0.9368421052631579,0.8592836257309941,0.07755847953216374,0.0047848712578075075,0.15033208780651997,True,0.013023129120014616,0.02783064590771213
esm3_top4_bilstm_attn,test,1,S,mean_disorder,disorder,76,125,229,0.016157898171630772,0.008096729537362953,0.008061168634267818,0.004330024481149218,0.011792312787386417,True,0.00010538641734245322,0.0003305301271195124
esm3_top4_bilstm_attn,test,1,S,max_disorder,disorder,76,125,229,0.017141413835289315,0.008410212885151716,0.008731200950137595,0.004821202490632291,0.012641199409642898,True,4.713315239990473e-05,0.00015486607217111555
esm3_top4_bilstm_attn,test,1,S,fraction_glycine,sequence,76,125,229,0.2556834795321637,0.23881578947368423,0.016867690058479545,-0.08560673573151067,0.11934211584846977,True,0.7168124198297592,0.814636232418291
esm3_top4_bilstm_attn,test,1,S,fraction_proline,sequence,76,125,229,0.021600877192982454,0.02258771929824561,-0.0009868421052631577,-0.024048364570236826,0.02207468035971051,True,0.47660351804483625,0.6045823255888269
esm3_top4_bilstm_attn,test,1,S,fraction_hydrophobic,sequence,76,125,229,0.13084795321637427,0.17730263157894735,-0.046454678362573096,-0.13117040638611088,0.03826104966096468,True,0.05191374422273363,0.09580806179970655
esm3_top4_bilstm_attn,test,1,S,fraction_charged,sequence,76,125,229,0.38064692982456144,0.3245065789473684,0.05614035087719299,-0.04469510612388654,0.15697580787827253,True,0.4642898386971871,0.5927183063040186
esm3_top4_bilstm_attn,test,1,S,fraction_aromatic,sequence,76,125,229,0.04093567251461988,0.04842836257309941,-0.007492690058479532,-0.05250485552214494,0.03751947540518588,True,0.240828107822731,0.3509654450640748
esm3_top4_bilstm_attn,test,1,S,sequence_entropy,sequence,76,125,229,0.47662935403373485,0.2510728033682664,0.22555655066546834,0.0923595594258497,0.358753541905087,True,0.00494844754189729,0.011765612615439338
esm3_top4_bilstm_attn,test,1,G,mean_neq,neq,24,25,38,1.9816886574074075,1.4251159336419754,0.5565727237654321,0.08328021744142577,1.0298652300894384,True,0.0009187757254428566,0.002483118087707672
esm3_top4_bilstm_attn,test,1,G,max_neq,neq,24,25,38,2.467916666666667,1.7975046296296295,0.6704120370370371,0.19789743104610552,1.1429266430279688,True,0.0026997960632601866,0.0067564844484697935
esm3_top4_bilstm_attn,test,1,G,neq_peak_fraction,neq,24,25,38,0.2708333333333333,0.0792824074074074,0.19155092592592593,0.03649976728472462,0.34660208456712727,True,0.035489048118800506,0.06844750238999686
esm3_top4_bilstm_attn,test,1,G,neq_peak_excess,neq,24,25,38,0.48622800925925924,0.3723886959876543,0.11383931327160494,-0.060024905593092856,0.28770353213630273,True,0.2903479279441771,0.40885322590207435
esm3_top4_bilstm_attn,test,1,G,mean_rsa,exposure_length_position,24,25,38,0.4166458656804429,0.3580233223770779,0.05862254330336495,-0.0461100267635891,0.163355113370319,True,0.4404296224458776,0.5670573318695781
esm3_top4_bilstm_attn,test,1,G,max_rsa,exposure_length_position,24,25,38,0.5430451072752476,0.4887658517885332,0.05427925548671434,-0.0940204997657928,0.20257901073922147,True,0.423687147452956,0.5507444235057455
esm3_top4_bilstm_attn,test,1,G,log_segment_length,exposure_length_position,24,25,38,1.155292322324067,1.196255485142358,-0.04096316281829099,-0.2166049467809022,0.13467862114432022,True,0.8187470791107733,0.8935390169378711
esm3_top4_bilstm_attn,test,1,G,normalized_midpoint,exposure_length_position,24,25,38,0.351173971008423,0.5169532501023205,-0.16577927909389734,-0.3428407158366438,0.0112821576488491,True,0.04249141050089055,0.08039365355540624
esm3_top4_bilstm_attn,test,1,G,mean_torsion_change,geometry_boundaries,24,25,38,64.64950699724045,56.610394933964244,8.039112063276209,-12.23859020496804,28.316814331520455,True,0.3757471496473521,0.5006889234404961
esm3_top4_bilstm_attn,test,1,G,max_torsion_change,geometry_boundaries,24,25,38,107.98302651753454,102.58225892555008,5.400767591984443,-27.731978738943692,38.533513922912576,True,0.8414726000559947,0.9086614055539182
esm3_top4_bilstm_attn,test,1,G,q3_boundary_fraction,geometry_boundaries,24,25,38,0.40972222222222215,0.4684027777777777,-0.05868055555555555,-0.24971966872803067,0.1323585576169196,True,0.510527647199988,0.6354526857066669
esm3_top4_bilstm_attn,test,1,G,mean_distance_to_q3_boundary,geometry_boundaries,24,25,38,1.715277777777778,1.1695601851851851,0.5457175925925927,-0.5256864804744669,1.6171216656596523,True,0.39097892829641623,0.5149590013907999
esm3_top4_bilstm_attn,test,1,G,structured_linker_fraction,geometry_boundaries,24,25,38,0.0,0.0,0.0,0.0,0.0,True,1.0,1.0
esm3_top4_bilstm_attn,test,1,G,mean_disorder,disorder,24,25,38,0.01799459801299635,0.016944184117744027,0.001050413895252323,-0.008957863236400083,0.011058691026904731,True,0.863879913234324,0.9263488698526005
esm3_top4_bilstm_attn,test,1,G,max_disorder,disorder,24,25,38,0.020224471450395215,0.02186559476750613,-0.0016411233171109132,-0.014051283331849896,0.010769036697628069,True,0.9316900688045499,0.9782745722447774
esm3_top4_bilstm_attn,test,1,G,fraction_glycine,sequence,24,25,38,0.027777777777777776,0.010416666666666666,0.017361111111111112,-0.043125491237004564,0.07784771345922678,True,0.7438406614847718,0.8341377368092914
esm3_top4_bilstm_attn,test,1,G,fraction_proline,sequence,24,25,38,0.052083333333333336,0.08969907407407407,-0.03761574074074075,-0.13416160882238296,0.058930127340901466,True,0.3950682041346476,0.5181247471602962
esm3_top4_bilstm_attn,test,1,G,fraction_hydrophobic,sequence,24,25,38,0.3263888888888889,0.33900462962962963,-0.012615740740740724,-0.21022137187489878,0.18498989039341732,True,0.8973786554983542,0.9520041525697946
esm3_top4_bilstm_attn,test,1,G,fraction_charged,sequence,24,25,38,0.37152777777777773,0.2417824074074074,0.12974537037037037,-0.034921435718358235,0.294412176459099,True,0.20662853805787407,0.30762267158682177
esm3_top4_bilstm_attn,test,1,G,fraction_aromatic,sequence,24,25,38,0.03472222222222222,0.10196759259259258,-0.06724537037037037,-0.17907267329243842,0.04458193255169769,True,0.11742432291773013,0.19170045185168785
esm3_top4_bilstm_attn,test,1,G,sequence_entropy,sequence,24,25,38,0.9659565975227039,1.1141403269079142,-0.14818372938521016,-0.5150893517931645,0.21872189302274417,True,0.38274222260858726,0.5076702450528181
esm3_top4_bilstm_attn,test,1,H,mean_neq,neq,8,10,31,1.470155560064935,1.1399044200189494,0.33025114004598544,,,False,,
esm3_top4_bilstm_attn,test,1,H,max_neq,neq,8,10,31,2.025513888888889,1.4371229166666666,0.5883909722222221,,,False,,
esm3_top4_bilstm_attn,test,1,H,neq_peak_fraction,neq,8,10,31,0.06778048340548341,0.010164835164835165,0.05761564824064824,,,False,,
esm3_top4_bilstm_attn,test,1,H,neq_peak_excess,neq,8,10,31,0.5553583288239539,0.29721849664771705,0.2581398321762367,,,False,,
esm3_top4_bilstm_attn,test,1,H,mean_rsa,exposure_length_position,8,10,31,0.2516307897020459,0.3223411020376824,-0.07071031233563653,,,False,,
esm3_top4_bilstm_attn,test,1,H,max_rsa,exposure_length_position,8,10,31,0.45851541558901465,0.555403312916557,-0.09688789732754234,,,False,,
esm3_top4_bilstm_attn,test,1,H,log_segment_length,exposure_length_position,8,10,31,1.9581325967686412,2.0786902653276806,-0.12055766855903918,,,False,,
esm3_top4_bilstm_attn,test,1,H,normalized_midpoint,exposure_length_position,8,10,31,0.586213238600063,0.6168499063517197,-0.030636667751656715,,,False,,
esm3_top4_bilstm_attn,test,1,H,mean_torsion_change,geometry_boundaries,8,10,31,22.261933100248086,29.09572256262924,-6.8337894623811515,,,False,,
esm3_top4_bilstm_attn,test,1,H,max_torsion_change,geometry_boundaries,8,10,31,80.65365565463833,120.80303581415941,-40.14938015952109,,,False,,
esm3_top4_bilstm_attn,test,1,H,q3_boundary_fraction,geometry_boundaries,8,10,31,0.2741387085137085,0.3183297314244895,-0.04419102291078099,,,False,,
esm3_top4_bilstm_attn,test,1,H,mean_distance_to_q3_boundary,geometry_boundaries,8,10,31,1.6916080447330448,2.1089698141613464,-0.41736176942830183,,,False,,
esm3_top4_bilstm_attn,test,1,H,structured_linker_fraction,geometry_boundaries,8,10,31,0.0,0.0,0.0,,,False,,
esm3_top4_bilstm_attn,test,1,H,mean_disorder,disorder,8,10,31,0.025851233329794897,0.03790078792074496,-0.01204955459095006,,,False,,
esm3_top4_bilstm_attn,test,1,H,max_disorder,disorder,8,10,31,0.030410296370973745,0.07231544204081118,-0.04190514566983743,,,False,,
esm3_top4_bilstm_attn,test,1,H,fraction_glycine,sequence,8,10,31,0.06215277777777778,0.020001731392860427,0.042151046384917346,,,False,,
esm3_top4_bilstm_attn,test,1,H,fraction_proline,sequence,8,10,31,0.0,0.030704365079365078,-0.030704365079365078,,,False,,
esm3_top4_bilstm_attn,test,1,H,fraction_hydrophobic,sequence,8,10,31,0.31044372294372297,0.4768534400187626,-0.16640971707503965,,,False,,
esm3_top4_bilstm_attn,test,1,H,fraction_charged,sequence,8,10,31,0.41616612554112553,0.3225999400092142,0.09356618553191134,,,False,,
esm3_top4_bilstm_attn,test,1,H,fraction_aromatic,sequence,8,10,31,0.06009199134199134,0.12206019077994884,-0.0619681994379575,,,False,,
esm3_top4_bilstm_attn,test,1,H,sequence_entropy,sequence,8,10,31,2.0649845194226026,2.098275382405193,-0.033290862982590874,,,False,,
esm3_top28_bilstm_attn,train,1,T,mean_neq,neq,576,1422,2337,1.974628360012437,1.5049562837983406,0.46967207621409623,0.407695399553608,0.5316487528745845,True,2.813372806802248e-42,9.325503391959215e-41
esm3_top28_bilstm_attn,train,1,T,max_neq,neq,576,1422,2337,2.2890877343207205,1.6787671031723548,0.6103206311483655,0.5350048714461558,0.6856363908505753,True,5.230795584826943e-45,1.8814170076914784e-43
esm3_top28_bilstm_attn,train,1,T,neq_peak_fraction,neq,576,1422,2337,0.25917322405603654,0.15659473988607464,0.1025784841699619,0.07881619262512096,0.12634077571480284,True,5.716390891196988e-17,4.748677543768309e-16
esm3_top28_bilstm_attn,train,1,T,neq_peak_excess,neq,576,1422,2337,0.31445937430828347,0.17381081937401419,0.14064855493426925,0.11323248232590344,0.16806462754263507,True,4.165863513001066e-23,5.679348603813146e-22
esm3_top28_bilstm_attn,train,1,T,mean_rsa,exposure_length_position,576,1422,2337,0.6153472287127065,0.5320013909720246,0.08334583774068187,0.0717717802677173,0.09491989521364644,True,8.989792222236965e-37,2.3932667325498567e-35
esm3_top28_bilstm_attn,train,1,T,max_rsa,exposure_length_position,576,1422,2337,0.6892455875668444,0.6017013514077888,0.08754423615905564,0.07490837219445877,0.10018010012365251,True,2.846870459442955e-35,7.025743812683672e-34
esm3_top28_bilstm_attn,train,1,T,log_segment_length,exposure_length_position,576,1422,2337,1.0761893852450255,0.9878077108352527,0.08838167440977288,0.07056751664492941,0.10619583217461634,True,2.2456358007784978e-20,2.4491918201393873e-19
esm3_top28_bilstm_attn,train,1,T,normalized_midpoint,exposure_length_position,576,1422,2337,0.4957950172111743,0.5179775044998519,-0.02218248728867753,-0.04781971361086067,0.0034547390335056063,True,0.10211199651417271,0.17116542400318194
esm3_top28_bilstm_attn,train,1,T,mean_torsion_change,geometry_boundaries,576,1422,2337,95.85041481917958,90.86670508789578,4.983709731283796,0.9474880020023395,9.019931460565253,True,0.026177922658616105,0.05237133521229648
esm3_top28_bilstm_attn,train,1,T,max_torsion_change,geometry_boundaries,576,1422,2337,138.4123159302019,128.52296428981677,9.8893516403851,4.9248472072151435,14.853856073555054,True,0.00012166550883354131,0.00037877632170000295
esm3_top28_bilstm_attn,train,1,T,q3_boundary_fraction,geometry_boundaries,576,1422,2337,0.18372272660467104,0.38599145165666304,-0.202268725051992,-0.23169224111221776,-0.17284520899176625,True,1.7782049368971276e-35,4.453415475295695e-34
esm3_top28_bilstm_attn,train,1,T,mean_distance_to_q3_boundary,geometry_boundaries,576,1422,2337,1.8212474279835393,1.3703521267911842,0.45089530119235494,0.29059725447326124,0.6111933479114486,True,1.3996971075196126e-21,1.684119544670395e-20
esm3_top28_bilstm_attn,train,1,T,structured_linker_fraction,geometry_boundaries,576,1422,2337,0.9264307259098925,0.8283550741424516,0.09807565176744099,0.07238274736168328,0.1237685561731987,True,5.656428763950071e-14,3.935058775908475e-13
esm3_top28_bilstm_attn,train,1,T,mean_disorder,disorder,576,1422,2337,0.03486839943825913,0.02601064068381446,0.008857758754444675,0.005799369162865083,0.011916148346024268,True,1.1789900049933888e-09,6.067222537112096e-09
esm3_top28_bilstm_attn,train,1,T,max_disorder,disorder,576,1422,2337,0.038968713400352066,0.028357357913755918,0.010611355486596145,0.007298487843078152,0.013924223130114138,True,5.1225870652423535e-11,2.980975364472358e-10
esm3_top28_bilstm_attn,train,1,T,fraction_glycine,sequence,576,1422,2337,0.20164672727606753,0.24937324972953545,-0.04772652245346792,-0.0738444074459147,-0.021608637461021152,True,0.00027515199701028315,0.0008167593519681891
esm3_top28_bilstm_attn,train,1,T,fraction_proline,sequence,576,1422,2337,0.0880419084195126,0.0539906488716742,0.034051259547838386,0.018109118784263748,0.04999340031141303,True,0.027655247711236054,0.05503378017168281
esm3_top28_bilstm_attn,train,1,T,fraction_hydrophobic,sequence,576,1422,2337,0.11460150446261558,0.16592217836383993,-0.05132067390122435,-0.070600669494119,-0.0320406783083297,True,2.85403646183889e-08,1.325480395257869e-07
esm3_top28_bilstm_attn,train,1,T,fraction_charged,sequence,576,1422,2337,0.3370030267122281,0.2802685445596751,0.05673448215255303,0.028666397884429744,0.08480256642067631,True,0.0001603136294720694,0.0004883066497703303
esm3_top28_bilstm_attn,train,1,T,fraction_aromatic,sequence,576,1422,2337,0.027647861719042273,0.045963226720477535,-0.018315365001435262,-0.02859399533088871,-0.008036734671981812,True,3.861799004747649e-05,0.00012813289926449266
esm3_top28_bilstm_attn,train,1,T,sequence_entropy,sequence,576,1422,2337,0.8595729309163598,0.6735061364274803,0.1860667944888795,0.14375432387979883,0.22837926509796017,True,5.758437748107418e-17,4.771881869203721e-16
esm3_top28_bilstm_attn,train,1,C,mean_neq,neq,859,2935,6028,1.8622114603938422,1.4430803706432618,0.41913108975058033,0.3817750020311334,0.45648717747002726,True,2.4446078063544685e-80,2.5046118161468054e-78
esm3_top28_bilstm_attn,train,1,C,max_neq,neq,859,2935,6028,2.7499871090637797,1.9188953654279541,0.8310917436358258,0.7556196583869039,0.9065638288847477,True,2.024736130093756e-80,2.139260267452184e-78
esm3_top28_bilstm_attn,train,1,C,neq_peak_fraction,neq,859,2935,6028,0.1904309927660296,0.11628773518073879,0.07414325758529079,0.06152631184478538,0.0867602033257962,True,2.415021465633872e-26,4.0025429290726085e-25
esm3_top28_bilstm_attn,train,1,C,neq_peak_excess,neq,859,2935,6028,0.8877756486699377,0.4758149947846923,0.41196065388524555,0.3612779830064768,0.4626433247640143,True,1.1178170600352375e-55,4.9082330908819976e-54
esm3_top28_bilstm_attn,train,1,C,mean_rsa,exposure_length_position,859,2935,6028,0.4367230577933901,0.3966125485848108,0.04011050920857927,0.03195430115951055,0.04826671725764799,True,5.8417306270623755e-22,7.369735541081302e-21
esm3_top28_bilstm_attn,train,1,C,max_rsa,exposure_length_position,859,2935,6028,0.6031832939337924,0.5092108975574268,0.09397239637636569,0.08261394131093712,0.10533085144179426,True,3.757999853531501e-50,1.460436494803449e-48
esm3_top28_bilstm_attn,train,1,C,log_segment_length,exposure_length_position,859,2935,6028,1.7748175658912508,1.292423198741163,0.48239436715008777,0.4447009793297291,0.5200877549704465,True,1.0846713207496576e-88,1.8336368677272962e-86
esm3_top28_bilstm_attn,train,1,C,normalized_midpoint,exposure_length_position,859,2935,6028,0.4698828636235959,0.5442615133444934,-0.07437864972089742,-0.09575180391598895,-0.05300549552580589,True,7.154080518350341e-12,4.4463136456879603e-11
esm3_top28_bilstm_attn,train,1,C,mean_torsion_change,geometry_boundaries,859,2935,6028,77.93096427507992,73.91347789871838,4.017486376361537,1.3504669933441464,6.684505759378928,True,0.015323732070184372,0.03236073587088904
esm3_top28_bilstm_attn,train,1,C,max_torsion_change,geometry_boundaries,859,2935,6028,142.55358479527936,108.25965533803179,34.293929457247586,30.85579864309887,37.7320602713963,True,1.2909714810434642e-63,6.325760257112975e-62
esm3_top28_bilstm_attn,train,1,C,q3_boundary_fraction,geometry_boundaries,859,2935,6028,0.20554007897509918,0.45437445968611323,-0.24883438071101402,-0.2667930466214428,-0.23087571480058525,True,6.149206340864933e-94,1.15502592435913e-91
esm3_top28_bilstm_attn,train,1,C,mean_distance_to_q3_boundary,geometry_boundaries,859,2935,6028,2.868994870646219,1.6239355497756442,1.2450593208705754,1.0651487928778698,1.424969848863281,True,3.6331344146236094e-61,1.7060593688670031e-59
esm3_top28_bilstm_attn,train,1,C,structured_linker_fraction,geometry_boundaries,859,2935,6028,0.7351654094343951,0.5445399747901267,0.19062543464426848,0.16433583665073714,0.21691503263779982,True,8.411455623266202e-41,2.5392081662734845e-39
esm3_top28_bilstm_attn,train,1,C,mean_disorder,disorder,859,2935,6028,0.13060487234062887,0.14494435346972684,-0.014339481129097989,-0.025385859243295308,-0.0032931030149006696,True,2.994809128823764e-05,0.00010115334330222923
esm3_top28_bilstm_attn,train,1,C,max_disorder,disorder,859,2935,6028,0.20784073014311621,0.22125723638591943,-0.01341650624280324,-0.031008885217316012,0.004175872731709536,True,0.001573301504591359,0.004133125397842568
esm3_top28_bilstm_attn,train,1,C,fraction_glycine,sequence,859,2935,6028,0.0984941892263938,0.07049659007942737,0.027997599146966437,0.017962585976971188,0.038032612316961686,True,6.829000848601855e-07,2.761824386258717e-06
esm3_top28_bilstm_attn,train,1,C,fraction_proline,sequence,859,2935,6028,0.07361491670348992,0.07493931465813003,-0.0013243979546401082,-0.009277097051512941,0.006628301142232725,True,0.7779843718120066,0.8614987046387338
esm3_top28_bilstm_attn,train,1,C,fraction_hydrophobic,sequence,859,2935,6028,0.2557773774915836,0.3170738163403646,-0.061296438848780964,-0.07481732589551306,-0.04777555180204887,True,2.4680815942478757e-18,2.2987834353036e-17
esm3_top28_bilstm_attn,train,1,C,fraction_charged,sequence,859,2935,6028,0.24864428628365975,0.2379478676071287,0.010696418676531028,-0.003756983768856288,0.025149821121918346,True,0.7209728587625224,0.8180526907809385
esm3_top28_bilstm_attn,train,1,C,fraction_aromatic,sequence,859,2935,6028,0.05620839960692195,0.06561453433958449,-0.009406134732662537,-0.01656657762006144,-0.002245691845263636,True,0.0032781630481645225,0.008060704920614
esm3_top28_bilstm_attn,train,1,C,sequence_entropy,sequence,859,2935,6028,1.8488439979108144,1.1387165186096928,0.7101274793011215,0.6529678357931855,0.7672871228090575,True,7.65889547004802e-84,9.959509840089367e-82
esm3_top28_bilstm_attn,train,1,H,mean_neq,neq,66,72,172,1.5531410864114803,1.192502573653533,0.3606385127579472,0.17135035190519404,0.5499266736107005,True,6.19660939133928e-06,2.2600578589124173e-05
esm3_top28_bilstm_attn,train,1,H,max_neq,neq,66,72,172,2.6695471380471383,1.6132352272727275,1.056311910774411,0.7812971761999392,1.3313266453488828,True,2.0321733438734813e-09,1.027022133876867e-08
esm3_top28_bilstm_attn,train,1,H,neq_peak_fraction,neq,66,72,172,0.11277485444761415,0.05783004173155688,0.054944812716057265,0.0005589672140663485,0.10933065821804819,True,0.0016615174885033616,0.004341260145772694
esm3_top28_bilstm_attn,train,1,H,neq_peak_excess,neq,66,72,172,1.1164060516356575,0.42073265361919404,0.6956733980164634,0.47598756512694784,0.915359230905979,True,3.3421695341250846e-08,1.5415927960268637e-07
esm3_top28_bilstm_attn,train,1,H,mean_rsa,exposure_length_position,66,72,172,0.3159687176645841,0.295607965053862,0.020360752610722174,-0.012288206973363285,0.05300971219480763,True,0.25417157851514094,0.36724534485456906
esm3_top28_bilstm_attn,train,1,H,max_rsa,exposure_length_position,66,72,172,0.5802409514182746,0.5328786655462214,0.047362285872053184,-0.0019345321134790552,0.09665910385758542,True,0.046602791472692626,0.08733161705360065
esm3_top28_bilstm_attn,train,1,H,log_segment_length,exposure_length_position,66,72,172,2.2474760429081364,1.9652186378225736,0.2822574050855634,0.08758717908136601,0.4769276310897608,True,0.0017851991155928629,0.004642890930630361
esm3_top28_bilstm_attn,train,1,H,normalized_midpoint,exposure_length_position,66,72,172,0.4715584942658696,0.5807560197596774,-0.10919752549380772,-0.19637072870248326,-0.02202432228513218,True,0.012164767180390036,0.02624701840261564
esm3_top28_bilstm_attn,train,1,H,mean_torsion_change,geometry_boundaries,66,72,172,26.369181612869035,27.780079324277423,-1.4108977114083887,-10.680109925334808,7.858314502518031,True,0.06818203437468592,0.122163994817601
esm3_top28_bilstm_attn,train,1,H,max_torsion_change,geometry_boundaries,66,72,172,108.54689965834201,106.79514833549011,1.7517513228519124,-18.58564064616514,22.089143291868965,True,0.7909277683604284,0.8715786635033959
esm3_top28_bilstm_attn,train,1,H,q3_boundary_fraction,geometry_boundaries,66,72,172,0.30587506889139626,0.36398894218087086,-0.058113873289474684,-0.12981789394044885,0.013590147361499487,True,0.009150922569697226,0.020354782373780474
esm3_top28_bilstm_attn,train,1,H,mean_distance_to_q3_boundary,geometry_boundaries,66,72,172,2.0644678534781358,1.5516264061879854,0.5128414472901502,0.15752489980874496,0.8681579947715555,True,0.006016221668500052,0.013983315782685272
esm3_top28_bilstm_attn,train,1,H,structured_linker_fraction,geometry_boundaries,66,72,172,0.0,0.0,0.0,0.0,0.0,True,1.0,1.0
esm3_top28_bilstm_attn,train,1,H,mean_disorder,disorder,66,72,172,0.020278449614582597,0.026160123298091094,-0.005881673683508498,-0.015047092439789137,0.0032837450727721427,True,0.02642800796626351,0.052840387305698955
esm3_top28_bilstm_attn,train,1,H,max_disorder,disorder,66,72,172,0.03411034514158583,0.04335354656190372,-0.009243201420317891,-0.022423949142958498,0.003937546302322717,True,0.019551276337950375,0.040257530632527544
esm3_top28_bilstm_attn,train,1,H,fraction_glycine,sequence,66,72,172,0.04141286230059954,0.028107335678360497,0.013305526622239045,-0.0058505653635297,0.03246161860800779,True,0.4646585769467859,0.5927183063040186
esm3_top28_bilstm_attn,train,1,H,fraction_proline,sequence,66,72,172,0.020398119269021388,0.04169661036070877,-0.021298491091687393,-0.042464449376528025,-0.00013253280684676072,True,0.09460889353095105,0.16098272220842752
esm3_top28_bilstm_attn,train,1,H,fraction_hydrophobic,sequence,66,72,172,0.47578448565925463,0.43911681044549145,0.036667675213763254,-0.03298311485697594,0.10631846528450245,True,0.7615574760788525,0.8494971384436161
esm3_top28_bilstm_attn,train,1,H,fraction_charged,sequence,66,72,172,0.27399228029933553,0.295761597440008,-0.02176931714067247,-0.08797034184450825,0.04443170756316331,True,0.5126072597159164,0.6369441915102952
esm3_top28_bilstm_attn,train,1,H,fraction_aromatic,sequence,66,72,172,0.11034637704689955,0.07569189583060322,0.03465448121629634,-0.009596933892917298,0.07890589632550998,True,0.5674493261158172,0.6861753117301781
esm3_top28_bilstm_attn,train,1,H,sequence_entropy,sequence,66,72,172,2.488643783355138,2.0938673471179277,0.3947764362372101,0.1059572455936012,0.683595626880819,True,0.0015492188515435592,0.0040793683310504465
esm3_top28_bilstm_attn,train,1,G,mean_neq,neq,86,98,181,1.8560900086132641,1.3952254495047371,0.4608645591085273,0.28984862126885136,0.6318804969482033,True,9.262931701384056e-07,3.7106601993340635e-06
esm3_top28_bilstm_attn,train,1,G,max_neq,neq,86,98,181,2.3338436692506463,1.7391989664082688,0.5946447028423772,0.36826426912074245,0.821025136564012,True,3.3464346480132355e-06,1.2529673914654207e-05
esm3_top28_bilstm_attn,train,1,G,neq_peak_fraction,neq,86,98,181,0.2645671834625322,0.06383505598621877,0.20073212747631353,0.12870952528591123,0.2727547296667158,True,4.875681844941526e-06,1.791813078016011e-05
esm3_top28_bilstm_attn,train,1,G,neq_peak_excess,neq,86,98,181,0.4777536606373815,0.3439735169035314,0.13378014373385008,0.0048163616018614686,0.2627439258658387,True,0.09863435812802723,0.16674138241543002
esm3_top28_bilstm_attn,train,1,G,mean_rsa,exposure_length_position,86,98,181,0.38899261971589094,0.3553802959145715,0.03361232380131938,-0.011563508306974064,0.07878815590961283,True,0.09954903687579006,0.16778429395665315
esm3_top28_bilstm_attn,train,1,G,max_rsa,exposure_length_position,86,98,181,0.5080991647415614,0.47169845088514994,0.036400713856411415,-0.02372216903828827,0.09652359675111111,True,0.2205540724687226,0.3252042385594205
esm3_top28_bilstm_attn,train,1,G,log_segment_length,exposure_length_position,86,98,181,1.1875628877038964,1.1280287478936424,0.059534139810254134,-0.032659737751236186,0.15172801737174446,True,0.13018916367531133,0.20990441697006562
esm3_top28_bilstm_attn,train,1,G,normalized_midpoint,exposure_length_position,86,98,181,0.5365970032800809,0.4918596799056856,0.044737323374395135,-0.03805605673530127,0.12753070348409154,True,0.2731329459327112,0.38931808187120426
esm3_top28_bilstm_attn,train,1,G,mean_torsion_change,geometry_boundaries,86,98,181,65.77334143293731,56.3342994230992,9.439042009838108,-1.597705356108948,20.475789375785162,True,0.10313957855255693,0.17237514339406573
esm3_top28_bilstm_attn,train,1,G,max_torsion_change,geometry_boundaries,86,98,181,108.86906116742465,98.9027547414494,9.966306425975256,-6.63640008246402,26.56901293441453,True,0.24411122535615992,0.3542986555388121
esm3_top28_bilstm_attn,train,1,G,q3_boundary_fraction,geometry_boundaries,86,98,181,0.5400839793281654,0.4886600990525409,0.05142388027562446,-0.045574294143890456,0.14842205469513936,True,0.38168278719581417,0.5066630658730982
esm3_top28_bilstm_attn,train,1,G,mean_distance_to_q3_boundary,geometry_boundaries,86,98,181,0.9234819121447028,1.2645052756244617,-0.34102336347975887,-0.788896568289222,0.10684984132970432,True,0.07633525992947816,0.13470225147263346
esm3_top28_bilstm_attn,train,1,G,structured_linker_fraction,geometry_boundaries,86,98,181,0.0,0.0,0.0,0.0,0.0,True,1.0,1.0
esm3_top28_bilstm_attn,train,1,G,mean_disorder,disorder,86,98,181,0.01565064278351742,0.01744537683161936,-0.0017947340481019368,-0.009722329770429408,0.006132861674225535,True,0.13123441416890883,0.21128740681194322
esm3_top28_bilstm_attn,train,1,G,max_disorder,disorder,86,98,181,0.01765669505222418,0.02012459552856038,-0.0024679004763362034,-0.011002443192491879,0.006066642239819472,True,0.15221710361953594,0.23837240728932424
esm3_top28_bilstm_attn,train,1,G,fraction_glycine,sequence,86,98,181,0.11944444444444445,0.04331395348837209,0.07613049095607236,0.01357975632191362,0.1386812255902311,True,0.0932826551801003,0.15924848249706453
esm3_top28_bilstm_attn,train,1,G,fraction_proline,sequence,86,98,181,0.05368217054263565,0.07578596037898362,-0.02210378983634798,-0.06059230212916274,0.016384722456466782,True,0.1429950335725741,0.22634185791613906
esm3_top28_bilstm_attn,train,1,G,fraction_hydrophobic,sequence,86,98,181,0.359173126614987,0.3594584409991386,-0.0002853143841515901,-0.0897898800276064,0.08921925125930322,True,0.9690460732002493,1.0
esm3_top28_bilstm_attn,train,1,G,fraction_charged,sequence,86,98,181,0.2852067183462532,0.29771210163652023,-0.012505383290267012,-0.10023414897373682,0.0752233823932028,True,0.573028249997465,0.6915606809013196
esm3_top28_bilstm_attn,train,1,G,fraction_aromatic,sequence,86,98,181,0.10891472868217053,0.11840277777777776,-0.009488049095607229,-0.07099251458035877,0.05201641638914431,True,0.18500063067925454,0.28048750328545274
esm3_top28_bilstm_attn,train,1,G,sequence_entropy,sequence,86,98,181,1.0313081945248996,0.921322967636002,0.10998522688889721,-0.09321841533850868,0.3131888691163031,True,0.2623667863392831,0.37731267741944546
esm3_top28_bilstm_attn,train,1,S,mean_neq,neq,334,642,881,1.8601782309389157,1.4673590642128442,0.39281916672607164,0.31018901985969294,0.47544931359245035,True,4.43342252895818e-18,4.02940902430312e-17
esm3_top28_bilstm_attn,train,1,S,max_neq,neq,334,642,881,2.041648631308811,1.5258855511199823,0.5157630801888287,0.4222459883441348,0.6092801720335226,True,1.1144873946597432e-21,1.3802497733862974e-20
esm3_top28_bilstm_attn,train,1,S,neq_peak_fraction,neq,334,642,881,0.2672515088869879,0.22425565535595476,0.04299585353103317,-0.00405239421629499,0.09004410127836132,True,0.012494350956543776,0.02684917036239854
esm3_top28_bilstm_attn,train,1,S,neq_peak_excess,neq,334,642,881,0.18147040036989515,0.058526486907138096,0.12294391346275703,0.09368981295649095,0.1521980139690231,True,9.306441464992972e-15,6.810623072108494e-14
esm3_top28_bilstm_attn,train,1,S,mean_rsa,exposure_length_position,334,642,881,0.49625947217361127,0.4034442262267852,0.09281524594682607,0.07049337504495369,0.11513711684869844,True,9.797862970736853e-15,7.154767754656868e-14
esm3_top28_bilstm_attn,train,1,S,max_rsa,exposure_length_position,334,642,881,0.5510096021004803,0.4260556280394964,0.12495397406098388,0.0994961969625279,0.15041175115943986,True,2.423758791267026e-18,2.2637371473132088e-17
esm3_top28_bilstm_attn,train,1,S,log_segment_length,exposure_length_position,334,642,881,0.9363787166349783,0.7896435468514491,0.1467351697835291,0.119089624419004,0.1743807151480542,True,1.9165518355457655e-18,1.804975419493101e-17
esm3_top28_bilstm_attn,train,1,S,normalized_midpoint,exposure_length_position,334,642,881,0.48706347351261325,0.5216464369809489,-0.03458296346833561,-0.07113828070774696,0.001972353771075741,True,0.05242355999221402,0.09659076639437364
esm3_top28_bilstm_attn,train,1,S,mean_torsion_change,geometry_boundaries,334,642,881,135.7087267763457,145.10166345386344,-9.39293667751771,-14.987577666657439,-3.7982956883779817,True,0.002678046909140817,0.006716157654554738
esm3_top28_bilstm_attn,train,1,S,max_torsion_change,geometry_boundaries,334,642,881,152.4450798601746,149.98597835786614,2.4591015023084464,-3.373538273144455,8.291741277761348,True,0.29918045813704053,0.4185060525284791
esm3_top28_bilstm_attn,train,1,S,q3_boundary_fraction,geometry_boundaries,334,642,881,0.15263253255393971,0.29774498621804013,-0.14511245366410036,-0.19018571160748365,-0.10003919572071705,True,3.1834721044675436e-09,1.5828410566477595e-08
esm3_top28_bilstm_attn,train,1,S,mean_distance_to_q3_boundary,geometry_boundaries,334,642,881,1.892941794981466,1.3317549424959605,0.5611868524855051,0.3201382529019794,0.8022354520690309,True,3.8977198226653327e-14,2.745456400089894e-13
esm3_top28_bilstm_attn,train,1,S,structured_linker_fraction,geometry_boundaries,334,642,881,0.9501211861990305,0.8979386465164909,0.052182539682539685,0.023253578314582402,0.08111150105049697,True,0.0003447344139265661,0.001003916497403721
esm3_top28_bilstm_attn,train,1,S,mean_disorder,disorder,334,642,881,0.021165352377140716,0.01279659520024603,0.008368757176894687,0.005526778829247673,0.011210735524541701,True,5.3560944445921645e-11,3.095547917464292e-10
esm3_top28_bilstm_attn,train,1,S,max_disorder,disorder,334,642,881,0.022820199768625905,0.01317118143073639,0.009649018337889514,0.00659081495947245,0.012707221716306578,True,1.1006581033068558e-12,7.211870246667596e-12
esm3_top28_bilstm_attn,train,1,S,fraction_glycine,sequence,334,642,881,0.2539049876437601,0.2199493869404049,0.03395560070335519,-0.008013307823438995,0.07592450923014937,True,0.141984978393082,0.2251647335586352
esm3_top28_bilstm_attn,train,1,S,fraction_proline,sequence,334,642,881,0.01905355954757152,0.013002566295979468,0.006050993251592054,-0.0038197501694024957,0.015921736672586603,True,0.7464260127326503,0.8365446065520418
esm3_top28_bilstm_attn,train,1,S,fraction_hydrophobic,sequence,334,642,881,0.14811834664005324,0.21410215283718276,-0.06598380619712955,-0.10876516353050454,-0.02320244886375457,True,0.00028643042536519284,0.0008472627018020271
esm3_top28_bilstm_attn,train,1,S,fraction_charged,sequence,334,642,881,0.32271558074327533,0.3065446487976428,0.016170931945632547,-0.032108616411266125,0.06445048030253121,True,0.6483445690328675,0.7566630955816793
esm3_top28_bilstm_attn,train,1,S,fraction_aromatic,sequence,334,642,881,0.028045991350632068,0.041955374964356994,-0.013909383613724931,-0.03303454420840055,0.005215776980950692,True,0.17329582040104063,0.26559980452217513
esm3_top28_bilstm_attn,train,1,S,sequence_entropy,sequence,334,642,881,0.505784852645964,0.2205938385220859,0.28519101412387804,0.22453379987089922,0.34584822837685686,True,2.957060080134589e-15,2.2316562792265727e-14
esm3_top28_bilstm_attn,train,1,E,mean_neq,neq,82,88,303,1.5348761186502842,1.174379096726787,0.3604970219234971,0.23886159344849212,0.48213245039850205,True,1.2798933766776954e-07,5.583638072964243e-07
esm3_top28_bilstm_attn,train,1,E,max_neq,neq,82,88,303,2.135599593495935,1.5413355125001469,0.5942640809957883,0.36830386814908644,0.8202242938424902,True,1.2820067627657048e-06,5.0518238518774455e-06
esm3_top28_bilstm_attn,train,1,E,neq_peak_fraction,neq,82,88,303,0.11238404121908614,0.0471424319296578,0.06524160928942835,0.028919625804880715,0.10156359277397597,True,0.0005974301727084203,0.0016776672873149243
esm3_top28_bilstm_attn,train,1,E,neq_peak_excess,neq,82,88,303,0.6007234748456506,0.3669564157733594,0.2337670590722912,0.096027028763121,0.3715070893814614,True,0.000684921410799816,0.001907511770934249
esm3_top28_bilstm_attn,train,1,E,mean_rsa,exposure_length_position,82,88,303,0.3004217610828276,0.21273351375441255,0.08768824732841503,0.05645069203277901,0.11892580262405104,True,5.342883691584456e-07,2.2056519855002497e-06
esm3_top28_bilstm_attn,train,1,E,max_rsa,exposure_length_position,82,88,303,0.4838635826983103,0.3652204371509034,0.1186431455474069,0.07867256503730838,0.15861372605750543,True,7.290025702493538e-07,2.941238293571677e-06
esm3_top28_bilstm_attn,train,1,E,log_segment_length,exposure_length_position,82,88,303,1.8357074668878934,1.7734244801234795,0.062282986764414114,-0.06330904317583493,0.18787501670466317,True,0.18077827057331475,0.2758173884514337
esm3_top28_bilstm_attn,train,1,E,normalized_midpoint,exposure_length_position,82,88,303,0.49704771246676566,0.49701416519709984,3.354726966579541e-05,-0.08209658739439597,0.08216368193372757,True,0.9153225309690202,0.9664914044991434
esm3_top28_bilstm_attn,train,1,E,mean_torsion_change,geometry_boundaries,82,88,303,51.9600915890688,34.51478457563683,17.445307013431968,9.462625124634021,25.427988902229913,True,9.103822571334471e-05,0.0002873951831342843
esm3_top28_bilstm_attn,train,1,E,max_torsion_change,geometry_boundaries,82,88,303,123.42586365780485,88.16190009931373,35.263963558491156,18.33458158931535,52.19334552766696,True,0.00016940015998847583,0.0005150557022671194
esm3_top28_bilstm_attn,train,1,E,q3_boundary_fraction,geometry_boundaries,82,88,303,0.5005138261396284,0.4718791261269228,0.028634700012705648,-0.042912460803127585,0.10018186082853889,True,0.5340747753960989,0.6578166905698398
esm3_top28_bilstm_attn,train,1,E,mean_distance_to_q3_boundary,geometry_boundaries,82,88,303,0.8124506688932235,0.8933955698564227,-0.08094490096319906,-0.28375076588030923,0.1218609639539111,True,0.19551868482700419,0.2935148635350385
esm3_top28_bilstm_attn,train,1,E,structured_linker_fraction,geometry_boundaries,82,88,303,0.0,0.0,0.0,0.0,0.0,True,1.0,1.0
esm3_top28_bilstm_attn,train,1,E,mean_disorder,disorder,82,88,303,0.01901955810934746,0.015567204454324588,0.0034523536550228706,-0.0020087202576116775,0.00891342756765742,True,0.297193096689508,0.41624269258791485
esm3_top28_bilstm_attn,train,1,E,max_disorder,disorder,82,88,303,0.026779770707745607,0.023139457618282108,0.0036403130894634983,-0.003933387767196847,0.011214013946123844,True,0.28870657468422944,0.40671538708640825
esm3_top28_bilstm_attn,train,1,E,fraction_glycine,sequence,82,88,303,0.12632375469345944,0.04657314135927837,0.07975061333418107,0.038529623104669994,0.12097160356369215,True,0.0011901996621819083,0.0031886410917884565
esm3_top28_bilstm_attn,train,1,E,fraction_proline,sequence,82,88,303,0.010414246999612853,0.014259537887586668,-0.003845290887973815,-0.015887181304005082,0.008196599528057453,True,0.049500706065792155,0.09195708088376005
esm3_top28_bilstm_attn,train,1,E,fraction_hydrophobic,sequence,82,88,303,0.43481011749625353,0.5805220641471668,-0.14571194665091303,-0.19720493661555394,-0.09421895668627212,True,4.1440085384777964e-07,1.7276070121570198e-06
esm3_top28_bilstm_attn,train,1,E,fraction_charged,sequence,82,88,303,0.244448137620474,0.16663499265806347,0.07781314496241049,0.01807789720374272,0.13754839272107824,True,0.010154511736472785,0.022250423966956895
esm3_top28_bilstm_attn,train,1,E,fraction_aromatic,sequence,82,88,303,0.08386101756608816,0.11716420662253571,-0.03330318905644751,-0.06712477638439422,0.0005183982714992014,True,0.01591839912461452,0.0334494141953522
esm3_top28_bilstm_attn,train,1,E,sequence_entropy,sequence,82,88,303,1.9411655712443558,1.914838248795533,0.02632732244882304,-0.18050060055598505,0.23315524545363114,True,0.37599798184425304,0.5006889234404961
esm3_top28_bilstm_attn,validation,1,C,mean_neq,neq,191,593,1353,1.914298141614192,1.410834040986118,0.5034641006280738,0.4160859720024863,0.5908422292536613,True,7.502481878285053e-22,9.42969934218653e-21
esm3_top28_bilstm_attn,validation,1,C,max_neq,neq,191,593,1353,2.8139188849351147,1.7852984788698274,1.0286204060652877,0.8674028929277148,1.1898379192028607,True,5.133128153369674e-24,7.448543470619257e-23
esm3_top28_bilstm_attn,validation,1,C,neq_peak_fraction,neq,191,593,1353,0.1830116166297896,0.1104526380422896,0.07255897858749998,0.04486023886969807,0.10025771830530189,True,2.52858501469375e-07,1.0753642685131534e-06
esm3_top28_bilstm_attn,validation,1,C,neq_peak_excess,neq,191,593,1353,0.8996207433209235,0.3744644378837097,0.5251563054372138,0.4244704185355668,0.6258421923388608,True,1.9215880663254273e-19,1.9868162850906025e-18
esm3_top28_bilstm_attn,validation,1,C,mean_rsa,exposure_length_position,191,593,1353,0.4457072332443845,0.37745071236540906,0.0682565208789755,0.04801027030102879,0.08850277145692222,True,1.4279750612339212e-09,7.2883158706268945e-09
esm3_top28_bilstm_attn,validation,1,C,max_rsa,exposure_length_position,191,593,1353,0.6055751258868056,0.47996489245169455,0.1256102334351111,0.09829631135428166,0.15292415551594055,True,5.938978723529729e-15,4.40344014566974e-14
esm3_top28_bilstm_attn,validation,1,C,log_segment_length,exposure_length_position,191,593,1353,1.7766433735387976,1.2139835321493684,0.5626598413894293,0.48295183407694753,0.642367848701911,True,1.8163285890061715e-24,2.74152096403119e-23
esm3_top28_bilstm_attn,validation,1,C,normalized_midpoint,exposure_length_position,191,593,1353,0.46983521928811145,0.524103710109601,-0.0542684908214895,-0.10010414646887342,-0.008432835174105584,True,0.018300584862480665,0.03805306114394042
esm3_top28_bilstm_attn,validation,1,C,mean_torsion_change,geometry_boundaries,191,593,1353,79.52825728837325,75.98591109713314,3.5423461912401186,-2.1638888181991924,9.24858120067943,True,0.5607687933353336,0.6795553011708827
esm3_top28_bilstm_attn,validation,1,C,max_torsion_change,geometry_boundaries,191,593,1353,146.06913909831823,106.03036335952771,40.03877573879053,32.564975819352846,47.51257565822821,True,8.880245488838556e-19,8.602896847496606e-18
esm3_top28_bilstm_attn,validation,1,C,q3_boundary_fraction,geometry_boundaries,191,593,1353,0.2375592145072707,0.49527433723676495,-0.2577151227294942,-0.2983762974687392,-0.21705394799024919,True,3.0369026515044896e-21,3.516358857786534e-20
esm3_top28_bilstm_attn,validation,1,C,mean_distance_to_q3_boundary,geometry_boundaries,191,593,1353,2.847711997810937,1.4229889727029725,1.4247230251079643,1.0948155353625755,1.7546305148533532,True,6.385730343863249e-16,5.044428573037767e-15
esm3_top28_bilstm_attn,validation,1,C,structured_linker_fraction,geometry_boundaries,191,593,1353,0.7319010977387941,0.5501369055393593,0.18176419219943468,0.12283267081244112,0.24069571358642824,True,4.940376366054801e-09,2.399915588165414e-08
esm3_top28_bilstm_attn,validation,1,C,mean_disorder,disorder,191,593,1353,0.14051538166564959,0.1214329480560929,0.019082433609556686,-0.0060733234312876395,0.04423819065040101,True,0.7806810112106577,0.8637050061856131
esm3_top28_bilstm_attn,validation,1,C,max_disorder,disorder,191,593,1353,0.22200921260969414,0.18725641276214008,0.034752799847554,-0.004233401883962935,0.07373900157907093,True,0.4428906375900503,0.5691466892199183
esm3_top28_bilstm_attn,validation,1,C,fraction_glycine,sequence,191,593,1353,0.10280697663790402,0.07593027576118645,0.02687670087671756,0.004719410732292137,0.04903399102114298,True,0.061726590637673606,0.11208249352630208
esm3_top28_bilstm_attn,validation,1,C,fraction_proline,sequence,191,593,1353,0.06375014098676564,0.08223562769284237,-0.018485486706076734,-0.03937513798565024,0.002404164573496771,True,0.03311640997068314,0.06423785548530102
esm3_top28_bilstm_attn,validation,1,C,fraction_hydrophobic,sequence,191,593,1353,0.27666924413173777,0.3321022970250217,-0.05543305289328397,-0.08632471041728758,-0.024541395369280367,True,0.000317410737045251,0.0009302214159574094
esm3_top28_bilstm_attn,validation,1,C,fraction_charged,sequence,191,593,1353,0.2473534514202797,0.22673973685397142,0.020613714566308287,-0.011509809367190555,0.05273723849980713,True,0.20762128800805557,0.30896460156480454
esm3_top28_bilstm_attn,validation,1,C,fraction_aromatic,sequence,191,593,1353,0.05962008315464285,0.07715297195920581,-0.017532888804562975,-0.03832859788527336,0.00326282027614741,True,0.07342301012815139,0.13079199011763953
esm3_top28_bilstm_attn,validation,1,C,sequence_entropy,sequence,191,593,1353,1.8158270705892803,0.9980564284831254,0.8177706421061548,0.6993662868060351,0.9361749974062745,True,2.1324128517211027e-23,2.9915717226842523e-22
esm3_top28_bilstm_attn,validation,1,T,mean_neq,neq,126,306,532,2.007124117115982,1.5274749169646489,0.479649200151333,0.3467592559452096,0.6125391443574564,True,9.511445744483515e-12,5.846945102199775e-11
esm3_top28_bilstm_attn,validation,1,T,max_neq,neq,126,306,532,2.3168393801965235,1.6996937790310804,0.6171456011654425,0.4671053186047702,0.7671858837261147,True,1.8544602692162166e-12,1.2034414914049959e-11
esm3_top28_bilstm_attn,validation,1,T,neq_peak_fraction,neq,126,306,532,0.2376842403628118,0.17623202414869082,0.06145221621412097,0.01696242316333048,0.10594200926491146,True,0.001777097723929699,0.004625379064362057
esm3_top28_bilstm_attn,validation,1,T,neq_peak_excess,neq,126,306,532,0.3097152630805408,0.17221886206643153,0.13749640101410934,0.0875993077208001,0.18739349430741858,True,1.4736312317620726e-06,5.75476740397559e-06
esm3_top28_bilstm_attn,validation,1,T,mean_rsa,exposure_length_position,126,306,532,0.6198470355244647,0.5254988340505151,0.09434820147394969,0.06891215832760539,0.119784244620294,True,3.4282165427066466e-10,1.8486124610671727e-09
esm3_top28_bilstm_attn,validation,1,T,max_rsa,exposure_length_position,126,306,532,0.6964528388661936,0.5987593547016103,0.09769348416458334,0.07037497541104805,0.12501199291811863,True,6.894253611744655e-10,3.619483146165944e-09
esm3_top28_bilstm_attn,validation,1,T,log_segment_length,exposure_length_position,126,306,532,1.0806795939324176,0.9925862382929376,0.08809335563948038,0.05447520796892524,0.12171150331003552,True,5.672876980042153e-07,2.330497821327159e-06
esm3_top28_bilstm_attn,validation,1,T,normalized_midpoint,exposure_length_position,126,306,532,0.4999358916176909,0.5078564595898761,-0.007920567972185323,-0.0642426076860853,0.048401471741714656,True,0.6099920262224374,0.7248639726029448
esm3_top28_bilstm_attn,validation,1,T,mean_torsion_change,geometry_boundaries,126,306,532,93.45622884014932,92.11067103302484,1.3455578071245013,-7.384442565882454,10.075558180131457,True,0.6392885860804203,0.750758843187878
esm3_top28_bilstm_attn,validation,1,T,max_torsion_change,geometry_boundaries,126,306,532,136.7632925974972,130.61255290466954,6.1507396928277185,-4.535937265604595,16.837416651260032,True,0.26741341213752634,0.3826173281578403
esm3_top28_bilstm_attn,validation,1,T,q3_boundary_fraction,geometry_boundaries,126,306,532,0.2137755102040816,0.36501246034976187,-0.1512369501456803,-0.2045418394032306,-0.09793206088813003,True,5.388614069761469e-07,2.2218175816906743e-06
esm3_top28_bilstm_attn,validation,1,T,mean_distance_to_q3_boundary,geometry_boundaries,126,306,532,1.6837144116906022,1.3491795994276155,0.33453481226298687,0.07863731729680173,0.590432307229172,True,0.0029920114869715054,0.007427306048054816
esm3_top28_bilstm_attn,validation,1,T,structured_linker_fraction,geometry_boundaries,126,306,532,0.9130952380952381,0.8177782865282865,0.09531695156695157,0.03887129353390899,0.15176260959999416,True,0.00012296812772322207,0.00038177707973573356
esm3_top28_bilstm_attn,validation,1,T,mean_disorder,disorder,126,306,532,0.032788209783719026,0.022697752136225137,0.01009045764749389,0.0033855993932624283,0.016795315901725352,True,0.00012260721275376786,0.0003810064212504496
esm3_top28_bilstm_attn,validation,1,T,max_disorder,disorder,126,306,532,0.03648243741808622,0.025528846605193316,0.010953590812892895,0.003278123021574493,0.018629058604211296,True,6.693095116551854e-05,0.00021490365231777603
esm3_top28_bilstm_attn,validation,1,T,fraction_glycine,sequence,126,306,532,0.21081349206349206,0.21914280788288726,-0.008329315819395186,-0.06114318531551927,0.0444845536767289,True,0.6812062106389589,0.7847217029541125
esm3_top28_bilstm_attn,validation,1,T,fraction_proline,sequence,126,306,532,0.09230284706475182,0.08588923936146158,0.006413607703290242,-0.03164686123780204,0.04447407664438252,True,0.8963531678354273,0.9512147082396671
esm3_top28_bilstm_attn,validation,1,T,fraction_hydrophobic,sequence,126,306,532,0.1096938775510204,0.1711204745430936,-0.061426596992073174,-0.1071714224621422,-0.01568177152200414,True,0.0021810683483711947,0.005573841334726386
esm3_top28_bilstm_attn,validation,1,T,fraction_charged,sequence,126,306,532,0.35191641471403373,0.31704764408137426,0.03486877063265952,-0.03289652949571723,0.10263407076103628,True,0.4553168996411239,0.5826746546883573
esm3_top28_bilstm_attn,validation,1,T,fraction_aromatic,sequence,126,306,532,0.02714159737969262,0.04628252773094042,-0.01914093035124781,-0.04088596552717835,0.002604104824682738,True,0.05107315559433499,0.09446298635910647
esm3_top28_bilstm_attn,validation,1,T,sequence_entropy,sequence,126,306,532,0.8728795696210232,0.6848020048011046,0.18807756481991858,0.10757073569029896,0.2685843939495382,True,4.028215656448802e-06,1.4933549489532237e-05
esm3_top28_bilstm_attn,validation,1,S,mean_neq,neq,89,164,225,1.936636095505618,1.3435932985553771,0.5930427969502409,0.44209989633409635,0.7439856975663854,True,1.059978900671787e-10,5.982952693107365e-10
esm3_top28_bilstm_attn,validation,1,S,max_neq,neq,89,164,225,2.1250934456928836,1.3929604155519886,0.7321330301408954,0.5714490437078621,0.8928170165739286,True,2.306763232346495e-12,1.482731271590019e-11
esm3_top28_bilstm_attn,validation,1,S,neq_peak_fraction,neq,89,164,225,0.30443196004993756,0.22211521312644908,0.08231674692348849,-0.010234625141845408,0.17486811898882237,True,0.14332082843385893,0.22664533252332883
esm3_top28_bilstm_attn,validation,1,S,neq_peak_excess,neq,89,164,225,0.18845735018726598,0.04936711699661139,0.13909023319065453,0.08906378203081661,0.18911668435049245,True,3.8895550539782084e-07,1.62553592552538e-06
esm3_top28_bilstm_attn,validation,1,S,mean_rsa,exposure_length_position,89,164,225,0.497261316961517,0.3701104825786616,0.12715083438285535,0.08604740794790894,0.16825426081780176,True,1.8442207758186584e-07,7.953202095717964e-07
esm3_top28_bilstm_attn,validation,1,S,max_rsa,exposure_length_position,89,164,225,0.5504113020863706,0.4019458047867743,0.14846549729959627,0.10250643572991593,0.19442455886927662,True,1.0103263124223561e-07,4.447803726953107e-07
esm3_top28_bilstm_attn,validation,1,S,log_segment_length,exposure_length_position,89,164,225,0.9342906850472115,0.7921649576797695,0.142125727367442,0.0854679965478967,0.19878345818698728,True,1.15766623562709e-05,4.077155773599158e-05
esm3_top28_bilstm_attn,validation,1,S,normalized_midpoint,exposure_length_position,89,164,225,0.5234867143289098,0.4902645622130728,0.03322215211583696,-0.03345122243975276,0.09989552667142668,True,0.3383807585180292,0.46010673533531565
esm3_top28_bilstm_attn,validation,1,S,mean_torsion_change,geometry_boundaries,89,164,225,144.61684737246117,148.0237271806887,-3.406879808227534,-15.510111325843841,8.696351709388775,True,0.524645610513873,0.6490401789781942
esm3_top28_bilstm_attn,validation,1,S,max_torsion_change,geometry_boundaries,89,164,225,158.3673745636219,152.34227921792376,6.025095345698151,-6.385008978564622,18.435199669960923,True,0.31320916491628203,0.4345343400008
esm3_top28_bilstm_attn,validation,1,S,q3_boundary_fraction,geometry_boundaries,89,164,225,0.1543071161048689,0.2881175316568575,-0.13381041555198858,-0.21446344472068513,-0.05315738638329205,True,0.0008234702860973607,0.0022566423240831172
esm3_top28_bilstm_attn,validation,1,S,mean_distance_to_q3_boundary,geometry_boundaries,89,164,225,1.7415106117353312,1.2315587658284286,0.5099518459069021,0.1377184102255667,0.8821852815882376,True,0.0005302208623937945,0.0014976413832526476
esm3_top28_bilstm_attn,validation,1,S,structured_linker_fraction,geometry_boundaries,89,164,225,0.9271535580524343,0.8951310861423222,0.03202247191011234,-0.02614633798378775,0.09019128180401244,True,0.27694806778237113,0.3937600576838506
esm3_top28_bilstm_attn,validation,1,S,mean_disorder,disorder,89,164,225,0.02275427913307372,0.01130978450760323,0.011444494625470487,0.00535158985599102,0.017537399394949957,True,1.1659874567444423e-05,4.102188960721082e-05
esm3_top28_bilstm_attn,validation,1,S,max_disorder,disorder,89,164,225,0.024521861843664883,0.011786284924872341,0.012735576918792547,0.0062457505380036195,0.019225403299581476,True,3.1305617670476274e-06,1.178666963740315e-05
esm3_top28_bilstm_attn,validation,1,S,fraction_glycine,sequence,89,164,225,0.21086142322097376,0.2379347244515784,-0.02707330123060461,-0.1251466444834949,0.07100004202228569,True,0.4919439455020196,0.6199263808208454
esm3_top28_bilstm_attn,validation,1,S,fraction_proline,sequence,89,164,225,0.047534332084893875,0.010767790262172283,0.03676654182272159,0.003833178720838895,0.06969990492460429,True,0.07401628773466266,0.1316407516206704
esm3_top28_bilstm_attn,validation,1,S,fraction_hydrophobic,sequence,89,164,225,0.12066167290886393,0.27560192616372386,-0.15494025325485997,-0.2395022997066266,-0.07037820680309334,True,0.001312054073137523,0.0034957090790212492
esm3_top28_bilstm_attn,validation,1,S,fraction_charged,sequence,89,164,225,0.29477215980024973,0.27587836632780455,0.01889379347244517,-0.07897224444865793,0.11675983139354827,True,0.5838080042966174,0.7004453025290501
esm3_top28_bilstm_attn,validation,1,S,fraction_aromatic,sequence,89,164,225,0.04475655430711611,0.0794275013376137,-0.03467094703049759,-0.08082305969778052,0.011481165636785334,True,0.23571145282029904,0.3443994909185095
esm3_top28_bilstm_attn,validation,1,S,sequence_entropy,sequence,89,164,225,0.5225411938923404,0.2245304290537734,0.2980107648385669,0.16546306595789861,0.43055846371923523,True,3.8226144562482444e-05,0.00012695736224533708
esm3_top28_bilstm_attn,validation,1,E,mean_neq,neq,27,29,90,1.5324035567782157,1.1757975459885337,0.35660601078968196,0.1668449402937314,0.5463670812856325,True,0.00021572706662729808,0.0006489085518388743
esm3_top28_bilstm_attn,validation,1,E,max_neq,neq,27,29,90,2.4513086419753085,1.5393059866745051,0.9120026553008034,0.5376720708798646,1.2863332397217422,True,0.00021572706662729808,0.0006489085518388743
esm3_top28_bilstm_attn,validation,1,E,neq_peak_fraction,neq,27,29,90,0.09252335275727089,0.057847099745247904,0.03467625301202299,-0.0204375070247828,0.08979001304882878,True,0.10989991758964963,0.18178650751986566
esm3_top28_bilstm_attn,validation,1,E,neq_peak_excess,neq,27,29,90,0.9189050851970931,0.36350844068597155,0.5553966445111215,0.28179490705629756,0.8289983819659454,True,0.0008393694742210515,0.0022886356389849797
esm3_top28_bilstm_attn,validation,1,E,mean_rsa,exposure_length_position,27,29,90,0.2978912779501633,0.1938598083761536,0.10403146957400965,0.05385293015116093,0.15421000899685836,True,0.0004520836530501089,0.0012953346025105237
esm3_top28_bilstm_attn,validation,1,E,max_rsa,exposure_length_position,27,29,90,0.462515143332658,0.33617454717649714,0.12634059615616083,0.059595562997266496,0.19308562931505519,True,0.001396735231711408,0.0037125485993838602
esm3_top28_bilstm_attn,validation,1,E,log_segment_length,exposure_length_position,27,29,90,1.8761734114809296,1.7298540359691221,0.1463193755118074,-0.12027090181098893,0.41290965283460374,True,0.36126885882009796,0.48528009998837945
esm3_top28_bilstm_attn,validation,1,E,normalized_midpoint,exposure_length_position,27,29,90,0.4028352298839503,0.5411834466782355,-0.13834821679428516,-0.2933317878169397,0.016635354228369342,True,0.10746884001658802,0.1784637269627132
esm3_top28_bilstm_attn,validation,1,E,mean_torsion_change,geometry_boundaries,27,29,90,48.572203961022794,35.48338235065615,13.088821610366645,2.480637560737648,23.697005659995643,True,0.028795498649410566,0.05699097984829311
esm3_top28_bilstm_attn,validation,1,E,max_torsion_change,geometry_boundaries,27,29,90,119.59031293367525,82.93187339409278,36.65843953958248,6.600683637679005,66.71619544148595,True,0.021088297327114418,0.043211838341196275
esm3_top28_bilstm_attn,validation,1,E,q3_boundary_fraction,geometry_boundaries,27,29,90,0.44529063637250765,0.48521717993940217,-0.03992654356689443,-0.17561732867260788,0.09576424153881902,True,0.613892513437776,0.7280149378930622
esm3_top28_bilstm_attn,validation,1,E,mean_distance_to_q3_boundary,geometry_boundaries,27,29,90,1.089613429671909,0.7931797660501365,0.29643366362177276,-0.07654313871274265,0.6694104659562882,True,0.32461181114807214,0.44668804781914206
esm3_top28_bilstm_attn,validation,1,E,structured_linker_fraction,geometry_boundaries,27,29,90,0.0,0.0,0.0,0.0,0.0,True,1.0,1.0
esm3_top28_bilstm_attn,validation,1,E,mean_disorder,disorder,27,29,90,0.015097236257708922,0.006354437504394041,0.00874279875331488,-0.00010025489930494923,0.01758585240593471,True,0.041139141993459444,0.07805355728388685
esm3_top28_bilstm_attn,validation,1,E,max_disorder,disorder,27,29,90,0.021612893442916458,0.011184310820232952,0.01042858262268351,-0.0011415464091653824,0.0219987116545324,True,0.08804999262777848,0.1525868913759708
esm3_top28_bilstm_attn,validation,1,E,fraction_glycine,sequence,27,29,90,0.07757322545334241,0.049293213645065496,0.028280011808276915,-0.01116009364633833,0.06772011726289216,True,0.284026625792684,0.4016286163969321
esm3_top28_bilstm_attn,validation,1,E,fraction_proline,sequence,27,29,90,0.021573282684393798,0.019676660787771902,0.0018966218966218976,-0.027459823656681086,0.031253067449924885,True,0.2783529765133773,0.3951285246621916
esm3_top28_bilstm_attn,validation,1,E,fraction_hydrophobic,sequence,27,29,90,0.401557801630901,0.6340845694086434,-0.23252676777774242,-0.34189997278684076,-0.1231535627686441,True,0.0002604088128417571,0.0007750371445580817
esm3_top28_bilstm_attn,validation,1,E,fraction_charged,sequence,27,29,90,0.22964002371897113,0.1278685614796726,0.1017714622392985,0.002398837693979708,0.20114408678461732,True,0.2295702222399193,0.33659016539165965
esm3_top28_bilstm_attn,validation,1,E,fraction_aromatic,sequence,27,29,90,0.12211575786137188,0.12193447670299522,0.00018128115837667849,-0.08717268076101402,0.08753524307776737,True,0.540042972791406,0.6625128051552045
esm3_top28_bilstm_attn,validation,1,E,sequence_entropy,sequence,27,29,90,2.059085922280916,1.8234598606574235,0.23562606162349262,-0.1284586251210871,0.5997107483680724,True,0.29046597119691886,0.40885322590207435
esm3_top28_bilstm_attn,validation,1,H,mean_neq,neq,7,7,24,1.5000238095238096,1.109038824923909,0.39098498459990044,,,False,,
esm3_top28_bilstm_attn,validation,1,H,max_neq,neq,7,7,24,2.184047619047619,1.4868219954648525,0.6972256235827662,,,False,,
esm3_top28_bilstm_attn,validation,1,H,neq_peak_fraction,neq,7,7,24,0.03809523809523809,0.022320140177283034,0.01577509791795506,,,False,,
esm3_top28_bilstm_attn,validation,1,H,neq_peak_excess,neq,7,7,24,0.6840238095238096,0.3777831705409436,0.30624063898286585,,,False,,
esm3_top28_bilstm_attn,validation,1,H,mean_rsa,exposure_length_position,7,7,24,0.3095625587872096,0.2698121118804078,0.03975044690680178,,,False,,
esm3_top28_bilstm_attn,validation,1,H,max_rsa,exposure_length_position,7,7,24,0.4852696806192398,0.5108503041928317,-0.02558062357359192,,,False,,
esm3_top28_bilstm_attn,validation,1,H,log_segment_length,exposure_length_position,7,7,24,1.729546675838886,1.9589999963979534,-0.2294533205590676,,,False,,
esm3_top28_bilstm_attn,validation,1,H,normalized_midpoint,exposure_length_position,7,7,24,0.48311678546615733,0.6676581310764235,-0.18454134561026628,,,False,,
esm3_top28_bilstm_attn,validation,1,H,mean_torsion_change,geometry_boundaries,7,7,24,49.466235047671695,29.61172578938049,19.854509258291213,,,False,,
esm3_top28_bilstm_attn,validation,1,H,max_torsion_change,geometry_boundaries,7,7,24,113.74458739320175,108.72734335267641,5.0172440405253145,,,False,,
esm3_top28_bilstm_attn,validation,1,H,q3_boundary_fraction,geometry_boundaries,7,7,24,0.380952380952381,0.34545909272800035,0.03549328822438065,,,False,,
esm3_top28_bilstm_attn,validation,1,H,mean_distance_to_q3_boundary,geometry_boundaries,7,7,24,0.9952380952380953,1.787024506772406,-0.7917864115343107,,,False,,
esm3_top28_bilstm_attn,validation,1,H,structured_linker_fraction,geometry_boundaries,7,7,24,0.0,0.0,0.0,,,False,,
esm3_top28_bilstm_attn,validation,1,H,mean_disorder,disorder,7,7,24,0.007094689563936727,0.015740327142971862,-0.008645637579035135,,,False,,
esm3_top28_bilstm_attn,validation,1,H,max_disorder,disorder,7,7,24,0.010119259423975386,0.040554380509012396,-0.03043512108503701,,,False,,
esm3_top28_bilstm_attn,validation,1,H,fraction_glycine,sequence,7,7,24,0.07142857142857142,0.021649872070040134,0.0497786993585313,,,False,,
esm3_top28_bilstm_attn,validation,1,H,fraction_proline,sequence,7,7,24,0.05238095238095238,0.0335446299732014,0.01883632240775098,,,False,,
esm3_top28_bilstm_attn,validation,1,H,fraction_hydrophobic,sequence,7,7,24,0.36190476190476195,0.503048795275686,-0.14114403337092415,,,False,,
esm3_top28_bilstm_attn,validation,1,H,fraction_charged,sequence,7,7,24,0.17619047619047618,0.22667142614621608,-0.05048094995573988,,,False,,
esm3_top28_bilstm_attn,validation,1,H,fraction_aromatic,sequence,7,7,24,0.1285714285714286,0.05260164671929378,0.0759697818521348,,,False,,
esm3_top28_bilstm_attn,validation,1,H,sequence_entropy,sequence,7,7,24,1.8643389799037167,2.0457800724254707,-0.18144109252175417,,,False,,
esm3_top28_bilstm_attn,validation,1,G,mean_neq,neq,19,21,42,1.7157266081871345,1.466729142300195,0.24899746588693947,-0.16945836847488846,0.6674533002487674,True,0.8721180313900541,0.933111096243599
esm3_top28_bilstm_attn,validation,1,G,max_neq,neq,19,21,42,2.1440350877192986,1.9145812865497076,0.22945380116959058,-0.34002765148295666,0.7989352538221378,True,0.7781771795228314,0.8614987046387338
esm3_top28_bilstm_attn,validation,1,G,neq_peak_fraction,neq,19,21,42,0.11403508771929824,0.16988304093567252,-0.05584795321637428,-0.19669634796800908,0.08500044153526051,True,0.22619877735479155,0.33236769501805746
esm3_top28_bilstm_attn,validation,1,G,neq_peak_excess,neq,19,21,42,0.42830847953216383,0.44785214424951275,-0.0195436647173489,-0.26652241047877523,0.22743508104407745,True,0.4209099170051037,0.5479770617613614
esm3_top28_bilstm_attn,validation,1,G,mean_rsa,exposure_length_position,19,21,42,0.481207164572225,0.36385603999100863,0.1173511245812164,0.013782643761986652,0.22091960540044614,True,0.04860201313000399,0.09043665734317198
esm3_top28_bilstm_attn,validation,1,G,max_rsa,exposure_length_position,19,21,42,0.6185129504454764,0.5102103977545834,0.1083025526908929,-0.0336919829562673,0.2502970883380531,True,0.17119544866849434,0.263043313460793
esm3_top28_bilstm_attn,validation,1,G,log_segment_length,exposure_length_position,19,21,42,1.2074666035235657,1.173368506793613,0.03409809672995286,-0.1336783219943235,0.20187451545422924,True,0.7319936356801575,0.8250218210870374
esm3_top28_bilstm_attn,validation,1,G,normalized_midpoint,exposure_length_position,19,21,42,0.5057144213523395,0.4626763923916919,0.043038028960647685,-0.18794133677053013,0.2740173946918255,True,0.5731301472598336,0.6915606809013196
esm3_top28_bilstm_attn,validation,1,G,mean_torsion_change,geometry_boundaries,19,21,42,63.09937629928778,53.94734327694541,9.152033022342358,-18.894402563132388,37.198468607817105,True,0.7781553121929792,0.8614987046387338
esm3_top28_bilstm_attn,validation,1,G,max_torsion_change,geometry_boundaries,19,21,42,117.70262444136468,101.50111488670575,16.201509554658962,-26.580110016362035,58.98312912567996,True,0.5460472148986117,0.6689078382507994
esm3_top28_bilstm_attn,validation,1,G,q3_boundary_fraction,geometry_boundaries,19,21,42,0.44298245614035087,0.5216374269005847,-0.0786549707602339,-0.275155455127968,0.1178455136075002,True,0.2856000112699014,0.4031789720682825
esm3_top28_bilstm_attn,validation,1,G,mean_distance_to_q3_boundary,geometry_boundaries,19,21,42,1.0526315789473684,1.6093567251461987,-0.5567251461988304,-1.8520746783232602,0.7386243859255993,True,0.505787111893286,0.6326549113248982
esm3_top28_bilstm_attn,validation,1,G,structured_linker_fraction,geometry_boundaries,19,21,42,0.0,0.0,0.0,0.0,0.0,True,1.0,1.0
esm3_top28_bilstm_attn,validation,1,G,mean_disorder,disorder,19,21,42,0.02329181401492265,0.017895663191308777,0.005396150823613871,-0.023910932303785014,0.034703233951012755,True,0.22728288317784962,0.3338155638680754
esm3_top28_bilstm_attn,validation,1,G,max_disorder,disorder,19,21,42,0.027445955186282643,0.02005016258228443,0.007395792603998225,-0.027149507095173046,0.041941092303169496,True,0.2771920054090605,0.39394122332409987
esm3_top28_bilstm_attn,validation,1,G,fraction_glycine,sequence,19,21,42,0.04824561403508772,0.017543859649122806,0.030701754385964907,-0.06321858232472453,0.12462209109665436,True,0.6965245300653214,0.7966676035693003
esm3_top28_bilstm_attn,validation,1,G,fraction_proline,sequence,19,21,42,0.04824561403508771,0.029239766081871347,0.019005847953216373,-0.047196389020706914,0.08520808492713966,True,0.703834263082691,0.8033975838901345
esm3_top28_bilstm_attn,validation,1,G,fraction_hydrophobic,sequence,19,21,42,0.23245614035087717,0.3666666666666667,-0.13421052631578945,-0.3418295576230799,0.07340850499150103,True,0.21860206462493081,0.3231716574100966
esm3_top28_bilstm_attn,validation,1,G,fraction_charged,sequence,19,21,42,0.3684210526315789,0.31549707602339183,0.052923976608187144,-0.1523548207989309,0.25820277401530517,True,0.7464818331758385,0.8365446065520418
esm3_top28_bilstm_attn,validation,1,G,fraction_aromatic,sequence,19,21,42,0.061403508771929814,0.08625730994152046,-0.024853801169590645,-0.15318566300218964,0.10347806066300834,True,0.8357572449855997,0.90422247849482
esm3_top28_bilstm_attn,validation,1,G,sequence_entropy,sequence,19,21,42,1.08062264280006,0.9844946202676577,0.09612802253240227,-0.2556816434752947,0.44793768854009924,True,0.5593898548485744,0.6784035042855947
esm3_top28_bilstm_attn,test,1,C,mean_neq,neq,189,646,1520,1.9141235527818652,1.4312285731882157,0.4828949795936495,0.4012570075843993,0.5645329516028997,True,2.790202999094108e-22,3.614435379286275e-21
esm3_top28_bilstm_attn,test,1,C,max_neq,neq,189,646,1520,2.7853485239774924,1.8347361985407062,0.9506123254367858,0.7986181867868433,1.1026064640867284,True,6.791570676420722e-24,9.771191683820623e-23
esm3_top28_bilstm_attn,test,1,C,neq_peak_fraction,neq,189,646,1520,0.1840960412685191,0.12293129288197603,0.061164748386543046,0.03538449964423365,0.08694499712885244,True,1.0301049990727358e-05,3.666089475647284e-05
esm3_top28_bilstm_attn,test,1,C,neq_peak_excess,neq,189,646,1520,0.8712249711956269,0.4035076253524907,0.46771734584313623,0.35990588131683227,0.5755288103694403,True,2.247644396292062e-17,1.9385932918019036e-16
esm3_top28_bilstm_attn,test,1,C,mean_rsa,exposure_length_position,189,646,1520,0.43402194334687877,0.37088953255145496,0.06313241079542382,0.04386889512573369,0.08239592646511396,True,6.647558427866873e-10,3.495395807872146e-09
esm3_top28_bilstm_attn,test,1,C,max_rsa,exposure_length_position,189,646,1520,0.5966004834566584,0.48058999043082223,0.11601049302583627,0.09083831980093474,0.1411826662507378,True,3.699125347316442e-15,2.7792761776170868e-14
esm3_top28_bilstm_attn,test,1,C,log_segment_length,exposure_length_position,189,646,1520,1.7294094858218614,1.234416140358424,0.49499334546343726,0.41784014884955023,0.5721465420773243,True,1.2238325735767884e-22,1.6226580122600476e-21
esm3_top28_bilstm_attn,test,1,C,normalized_midpoint,exposure_length_position,189,646,1520,0.4643493935711694,0.5408377978541989,-0.07648840428302948,-0.11787861486985812,-0.03509819369620084,True,0.0006966492578174962,0.0019385770705193043
esm3_top28_bilstm_attn,test,1,C,mean_torsion_change,geometry_boundaries,189,646,1520,77.59602283539313,77.54149448677126,0.05452834862187789,-5.704299032674636,5.813355729918391,True,0.5338499285047356,0.6577793761933349
esm3_top28_bilstm_attn,test,1,C,max_torsion_change,geometry_boundaries,189,646,1520,143.0144488481263,111.27808923542953,31.73635961269677,24.6022095457024,38.87050967969114,True,3.859405497979761e-15,2.8932705074655374e-14
esm3_top28_bilstm_attn,test,1,C,q3_boundary_fraction,geometry_boundaries,189,646,1520,0.20177615777119018,0.48647011505283544,-0.2846939572816453,-0.3192492352310641,-0.25013867933222655,True,4.1453951406893075e-26,6.770812063125868e-25
esm3_top28_bilstm_attn,test,1,C,mean_distance_to_q3_boundary,geometry_boundaries,189,646,1520,2.7643429950439833,1.4473499700365728,1.3169930250074107,1.0271185612062101,1.6068674888086112,True,2.448149905442354e-17,2.1008108706346699e-16
esm3_top28_bilstm_attn,test,1,C,structured_linker_fraction,geometry_boundaries,189,646,1520,0.7701751070798689,0.5847677319696617,0.1854073751102073,0.12688939522342282,0.24392535499699178,True,9.000438193762259e-10,4.681612543555414e-09
esm3_top28_bilstm_attn,test,1,C,mean_disorder,disorder,189,646,1520,0.11261697682867503,0.11788473947833977,-0.005267762649664737,-0.028968674685720303,0.01843314938639083,True,0.13958636921287723,0.2217770274007227
esm3_top28_bilstm_attn,test,1,C,max_disorder,disorder,189,646,1520,0.18655304142572893,0.18163539640099466,0.004917645024734262,-0.03407090010905005,0.04390619015851857,True,0.4282929657027188,0.5537508669372436
esm3_top28_bilstm_attn,test,1,C,fraction_glycine,sequence,189,646,1520,0.10150249513971339,0.0746488000528715,0.026853695086841895,0.0030268846640254324,0.05068050550965836,True,0.0916372575447773,0.15690879047480757
esm3_top28_bilstm_attn,test,1,C,fraction_proline,sequence,189,646,1520,0.07696893168657988,0.06484517625881266,0.012123755427767216,-0.003176815310359918,0.02742432616589435,True,0.0950972828635058,0.16156980570930307
esm3_top28_bilstm_attn,test,1,C,fraction_hydrophobic,sequence,189,646,1520,0.2729674550972999,0.30982215909021216,-0.036854703992912234,-0.06888010979220771,-0.004829298193616757,True,0.0030765714091009343,0.0076092815904683685
esm3_top28_bilstm_attn,test,1,C,fraction_charged,sequence,189,646,1520,0.23522352439726354,0.2649354308431495,-0.02971190644588597,-0.06030448933905719,0.0008806764472852509,True,0.024394182211685985,0.049210459461641
esm3_top28_bilstm_attn,test,1,C,fraction_aromatic,sequence,189,646,1520,0.06132467636286884,0.05326940561574882,0.008055270747120024,-0.010065580347124814,0.026176121841364863,True,0.9671245601681498,1.0
esm3_top28_bilstm_attn,test,1,C,sequence_entropy,sequence,189,646,1520,1.7774857040642629,1.0598686031325137,0.7176171009317496,0.603011410226025,0.8322227916374741,True,2.864915569208577e-21,3.351653819894186e-20
esm3_top28_bilstm_attn,test,1,T,mean_neq,neq,141,319,605,2.03968377987917,1.504763145943286,0.534920633935884,0.3921230760339223,0.6777181918378457,True,6.389520920792196e-13,4.244198474105779e-12
esm3_top28_bilstm_attn,test,1,T,max_neq,neq,141,319,605,2.3384553304063944,1.650269042783342,0.6881862876230525,0.531508045154581,0.8448645300915238,True,5.474770492996745e-15,4.077136351722906e-14
esm3_top28_bilstm_attn,test,1,T,neq_peak_fraction,neq,141,319,605,0.2318614206912079,0.1510270007036799,0.08083441998752802,0.030624445885010412,0.13104439409004565,True,0.0007376069669684498,0.002045815549893625
esm3_top28_bilstm_attn,test,1,T,neq_peak_excess,neq,141,319,605,0.29877155052722426,0.14550589684005588,0.1532656536871684,0.10640154739223368,0.20012975998210314,True,1.293474831736607e-09,6.636173605616796e-09
esm3_top28_bilstm_attn,test,1,T,mean_rsa,exposure_length_position,141,319,605,0.6258077922969039,0.5218417841442724,0.10396600815263153,0.07575094347075101,0.13218107283451205,True,4.5205148074041995e-10,2.4031227301625156e-09
esm3_top28_bilstm_attn,test,1,T,max_rsa,exposure_length_position,141,319,605,0.6965463932726473,0.5863646765884344,0.11018171668421305,0.08160737609012411,0.13875605727830198,True,7.480842801147209e-11,4.2580352711580326e-10
esm3_top28_bilstm_attn,test,1,T,log_segment_length,exposure_length_position,141,319,605,1.0629363455982452,0.9611292332557649,0.10180711234248027,0.06436447246640012,0.13924975221856042,True,2.005135450585965e-07,8.603252485318715e-07
esm3_top28_bilstm_attn,test,1,T,normalized_midpoint,exposure_length_position,141,319,605,0.5193751724075589,0.527730641297018,-0.008355468889459141,-0.06340319970741118,0.0466922619284929,True,0.8265068507203485,0.8981469776736974
esm3_top28_bilstm_attn,test,1,T,mean_torsion_change,geometry_boundaries,141,319,605,96.26258270508188,96.21728583105731,0.04529687402457238,-7.537361652127522,7.627955400176667,True,0.9450332806648915,0.9881824418011089
esm3_top28_bilstm_attn,test,1,T,max_torsion_change,geometry_boundaries,141,319,605,139.46702459020779,131.33167741843414,8.135347171773654,-2.6345418377854735,18.905236181332782,True,0.1095664499954926,0.18132362576346572
esm3_top28_bilstm_attn,test,1,T,q3_boundary_fraction,geometry_boundaries,141,319,605,0.24348333896206237,0.3915515767935459,-0.1480682378314836,-0.22590100003621794,-0.07023547562674926,True,5.51899696096666e-05,0.00017959315423511334
esm3_top28_bilstm_attn,test,1,T,mean_distance_to_q3_boundary,geometry_boundaries,141,319,605,1.799290780141844,1.4200333773289553,0.37925740281288883,0.08828131955015678,0.6702334860756209,True,0.0008940835941966175,0.0024299812154170127
esm3_top28_bilstm_attn,test,1,T,structured_linker_fraction,geometry_boundaries,141,319,605,0.9373072160306203,0.8174308482506228,0.11987636777999733,0.07009031031039088,0.1696624252496038,True,3.3009387801676114e-06,1.2386763613481347e-05
esm3_top28_bilstm_attn,test,1,T,mean_disorder,disorder,141,319,605,0.03392316037067243,0.02309138931438436,0.010831771056288074,0.004505250961092618,0.01715829115148353,True,0.00012546087612444064,0.0003891589194281962
esm3_top28_bilstm_attn,test,1,T,max_disorder,disorder,141,319,605,0.03757068799382344,0.025312521819909065,0.012258166173914373,0.005480356600858759,0.01903597574696999,True,5.512165873357848e-05,0.000179543668765153
esm3_top28_bilstm_attn,test,1,T,fraction_glycine,sequence,141,319,605,0.20249774850838675,0.28580326543926876,-0.08330551693088198,-0.1379996344558704,-0.028611399405893558,True,0.001520410344084818,0.004016021385430288
esm3_top28_bilstm_attn,test,1,T,fraction_proline,sequence,141,319,605,0.07677304964539007,0.0741787722544919,0.0025942773908981687,-0.02525887183030371,0.03044742661210005,True,0.6241447776216644,0.7368851384423374
esm3_top28_bilstm_attn,test,1,T,fraction_hydrophobic,sequence,141,319,605,0.11967240797028031,0.1565934067863563,-0.03692099881607599,-0.08508172188278001,0.011239724250628039,True,0.012523355471068757,0.02684937529973587
esm3_top28_bilstm_attn,test,1,T,fraction_charged,sequence,141,319,605,0.3528073286052009,0.251913632420516,0.10089369618468493,0.041901901399850616,0.15988549096951923,True,0.0014280100167058172,0.0037926958888313965
esm3_top28_bilstm_attn,test,1,T,fraction_aromatic,sequence,141,319,605,0.026865923674434314,0.039262329166375884,-0.01239640549194158,-0.03931671423805165,0.014523903254168493,True,0.03517921241107691,0.06792742270808169
esm3_top28_bilstm_attn,test,1,T,sequence_entropy,sequence,141,319,605,0.8021054662578582,0.617413658717809,0.1846918075400492,0.09952551419602916,0.26985810088406925,True,2.6004179656460594e-05,8.845083643711596e-05
esm3_top28_bilstm_attn,test,1,S,mean_neq,neq,79,132,223,1.865113806844819,1.4121491168465852,0.45296468999823436,0.25450226688729016,0.6514271131091786,True,8.698335638141097e-06,3.122186392566932e-05
esm3_top28_bilstm_attn,test,1,S,max_neq,neq,79,132,223,2.0658867791842477,1.4584368289586644,0.607449950225583,0.3763027335190361,0.8385971669321299,True,1.3263618659169648e-06,5.208396595430033e-06
esm3_top28_bilstm_attn,test,1,S,neq_peak_fraction,neq,79,132,223,0.2581926863572433,0.2660180009863554,-0.007825314629112094,-0.10546419823021218,0.08981356897198799,True,0.763058436103813,0.8506101458842702
esm3_top28_bilstm_attn,test,1,S,neq_peak_excess,neq,79,132,223,0.200772972339428,0.04628771211207921,0.15448526022734885,0.08498871493429695,0.22398180552040076,True,1.846983469839911e-06,7.112358896957561e-06
esm3_top28_bilstm_attn,test,1,S,mean_rsa,exposure_length_position,79,132,223,0.5102776914567762,0.39487282489845676,0.11540486655831936,0.06663297053663941,0.1641767625799993,True,9.96564585668395e-06,3.554203443190763e-05
esm3_top28_bilstm_attn,test,1,S,max_rsa,exposure_length_position,79,132,223,0.5603084209347575,0.42320123321378117,0.13710718772097644,0.0835847341702881,0.19062964127166476,True,5.006151576408489e-06,1.835769900199252e-05
esm3_top28_bilstm_attn,test,1,S,log_segment_length,exposure_length_position,79,132,223,0.9235380719202307,0.7886398568738423,0.13489821504638866,0.07660706590564756,0.19318936418712976,True,5.5391171337584066e-05,0.00018007456758881897
esm3_top28_bilstm_attn,test,1,S,normalized_midpoint,exposure_length_position,79,132,223,0.5021683181058051,0.5398891646954712,-0.03772084658966584,-0.1201693640736606,0.044727670894328934,True,0.3505971313555192,0.47314178312155575
esm3_top28_bilstm_attn,test,1,S,mean_torsion_change,geometry_boundaries,79,132,223,146.37893343120763,139.96865511869123,6.410278312516382,-5.249932218180228,18.070488843212992,True,0.1869984194017431,0.28288217270572413
esm3_top28_bilstm_attn,test,1,S,max_torsion_change,geometry_boundaries,79,132,223,161.88800276058515,145.45317278316654,16.434829977418584,3.845179137012755,29.02448081782441,True,0.005342318687986031,0.012587024030718309
esm3_top28_bilstm_attn,test,1,S,q3_boundary_fraction,geometry_boundaries,79,132,223,0.140014064697609,0.3204805742780426,-0.18046650958043362,-0.28088796628987034,-0.08004505287099686,True,0.00031750237030903593,0.0009302214159574094
esm3_top28_bilstm_attn,test,1,S,mean_distance_to_q3_boundary,geometry_boundaries,79,132,223,1.829957805907173,1.3326017863992548,0.4973560195079182,0.10211054339443915,0.8926014956213972,True,0.0016115767665632792,0.00422383026957399
esm3_top28_bilstm_attn,test,1,S,structured_linker_fraction,geometry_boundaries,79,132,223,0.9489451476793247,0.8883007288070579,0.06064441887226697,-0.004329947371687071,0.12561878511622102,True,0.03945584901991823,0.07523983391784744
esm3_top28_bilstm_attn,test,1,S,mean_disorder,disorder,79,132,223,0.0160640906374005,0.00849109672292467,0.007572993914475827,0.002785247066048907,0.012360740762902746,True,0.00032814798602537744,0.0009572634518997421
esm3_top28_bilstm_attn,test,1,S,max_disorder,disorder,79,132,223,0.01734762677078215,0.008737229702476972,0.008610397068305173,0.003571173549571062,0.013649620587039283,True,0.00017453918575762212,0.0005292529031807357
esm3_top28_bilstm_attn,test,1,S,fraction_glycine,sequence,79,132,223,0.27028832630098454,0.2531152391911885,0.01717308710979597,-0.08718699905603725,0.12153317327562918,True,0.5635692315451424,0.682215385554646
esm3_top28_bilstm_attn,test,1,S,fraction_proline,sequence,79,132,223,0.027812939521800285,0.0395096991615979,-0.011696759639797613,-0.053146224703587014,0.02975270542399179,True,0.3659807089167164,0.4898577897258188
esm3_top28_bilstm_attn,test,1,S,fraction_hydrophobic,sequence,79,132,223,0.18192686357243318,0.2175694558605951,-0.035642592288161905,-0.12915095236048257,0.05786576778415876,True,0.19735362489090102,0.29537521281812146
esm3_top28_bilstm_attn,test,1,S,fraction_charged,sequence,79,132,223,0.31051336146272857,0.29743616088552793,0.013077200577200587,-0.08744642257193284,0.11360082372633402,True,0.9101630264412618,0.9628476822271296
esm3_top28_bilstm_attn,test,1,S,fraction_aromatic,sequence,79,132,223,0.038326300984528834,0.07400542495479204,-0.03567912397026321,-0.09289602577610218,0.021537777835575755,True,0.12598847152138776,0.20371450129785368
esm3_top28_bilstm_attn,test,1,S,sequence_entropy,sequence,79,132,223,0.5027706443747129,0.21086959612854514,0.2919010482461675,0.1588311806988816,0.4249709157934535,True,0.0001513630062068771,0.0004627109620121622
esm3_top28_bilstm_attn,test,1,G,mean_neq,neq,17,17,43,2.169570261437908,1.4705338598402324,0.6990364015976761,0.2818247044223221,1.11624809877303,True,0.0026473530335901696,0.0066547959900136525
esm3_top28_bilstm_attn,test,1,G,max_neq,neq,17,17,43,2.745254901960784,2.011050108932462,0.7342047930283225,0.2846187068150103,1.1837908792416347,True,0.007481778161526851,0.01695435118238759
esm3_top28_bilstm_attn,test,1,G,neq_peak_fraction,neq,17,17,43,0.21568627450980388,0.0988562091503268,0.11683006535947711,-0.09012150751901106,0.3237816382379653,True,0.5848566986482447,0.7011387250105613
esm3_top28_bilstm_attn,test,1,G,neq_peak_excess,neq,17,17,43,0.5756846405228757,0.5405162490922295,0.03516839143064628,-0.24319746326840072,0.3135342461296933,True,0.7403674787854908,0.8313458803632495
esm3_top28_bilstm_attn,test,1,G,mean_rsa,exposure_length_position,17,17,43,0.42204226757965835,0.33350355536570414,0.08853871221395415,-0.01420672785479063,0.19128415228269893,True,0.11272825580802456,0.1853765724158225
esm3_top28_bilstm_attn,test,1,G,max_rsa,exposure_length_position,17,17,43,0.5483802539460799,0.45837321171378775,0.09000704223229215,-0.07766058175056488,0.2576746662151492,True,0.3317638792470782,0.4535760920883022
esm3_top28_bilstm_attn,test,1,G,log_segment_length,exposure_length_position,17,17,43,1.1178696741735352,1.2103131610641842,-0.09244348689064905,-0.25806927262558316,0.07318229884428507,True,0.3921030351334842,0.5158367166483697
esm3_top28_bilstm_attn,test,1,G,normalized_midpoint,exposure_length_position,17,17,43,0.32404918845125685,0.5728924651001907,-0.2488432766489338,-0.4259725538580833,-0.07171399943978432,True,0.014758399183510051,0.031323382071216245
esm3_top28_bilstm_attn,test,1,G,mean_torsion_change,geometry_boundaries,17,17,43,62.66486830386673,60.16354534078382,2.5013229630829086,-17.001669157087598,22.004315083253417,True,0.9057809560712242,0.9597133852951454
esm3_top28_bilstm_attn,test,1,G,max_torsion_change,geometry_boundaries,17,17,43,105.32098336465683,106.62328500091729,-1.3023016362604678,-37.623238216176716,35.01863494365578,True,0.7225255116807008,0.8181040706605657
esm3_top28_bilstm_attn,test,1,G,q3_boundary_fraction,geometry_boundaries,17,17,43,0.30392156862745096,0.44594226579520696,-0.14202069716775598,-0.31852151208935153,0.03448011775383955,True,0.1474812376552288,0.23235510927881106
esm3_top28_bilstm_attn,test,1,G,mean_distance_to_q3_boundary,geometry_boundaries,17,17,43,1.9019607843137256,1.1565904139433552,0.7453703703703703,-0.32092314651570975,1.8116638872564503,True,0.21775557073036167,0.3223430755864067
esm3_top28_bilstm_attn,test,1,G,structured_linker_fraction,geometry_boundaries,17,17,43,0.0,0.0,0.0,0.0,0.0,True,1.0,1.0
esm3_top28_bilstm_attn,test,1,G,mean_disorder,disorder,17,17,43,0.016328415032202215,0.017172332412177953,-0.0008439173799757403,-0.010376639746708138,0.008688804986756659,True,0.7225255116807008,0.8181040706605657
esm3_top28_bilstm_attn,test,1,G,max_disorder,disorder,17,17,43,0.019015802125282096,0.0225229195159425,-0.0035071173906604043,-0.017290409109701022,0.010276174328380213,True,0.7582795726312085,0.846678743416815
esm3_top28_bilstm_attn,test,1,G,fraction_glycine,sequence,17,17,43,0.0392156862745098,0.029411764705882353,0.009803921568627454,-0.0834322072512762,0.10304005038853112,True,0.4840638619878108,0.611820529861977
esm3_top28_bilstm_attn,test,1,G,fraction_proline,sequence,17,17,43,0.034313725490196074,0.05637254901960784,-0.022058823529411766,-0.0712138365017573,0.02709618944293377,True,0.6483192745207618,0.7566630955816793
esm3_top28_bilstm_attn,test,1,G,fraction_hydrophobic,sequence,17,17,43,0.22549019607843135,0.3363289760348584,-0.110838779956427,-0.3444416018235646,0.1227640419107106,True,0.2549080416924536,0.36815210976599133
esm3_top28_bilstm_attn,test,1,G,fraction_charged,sequence,17,17,43,0.3676470588235294,0.34354575163398693,0.02410130718954249,-0.16974498480646802,0.21794759918555298,True,0.3926374760434924,0.5163388979008354
esm3_top28_bilstm_attn,test,1,G,fraction_aromatic,sequence,17,17,43,0.0,0.061002178649237467,-0.061002178649237467,-0.1107708081390979,-0.011233549159377028,True,0.01747777722843613,0.036454265767638834
esm3_top28_bilstm_attn,test,1,G,sequence_entropy,sequence,17,17,43,0.9563615198199479,1.099106893824827,-0.1427453740048791,-0.5119211544514575,0.22643040644169923,True,0.6185139316013254,0.7319550587133641
esm3_top28_bilstm_attn,test,1,E,mean_neq,neq,24,27,95,1.3907064814814813,1.1797440502996233,0.2109624311818583,0.01674996251006422,0.4051748998536524,True,0.010995017215527,0.023936994981131225
esm3_top28_bilstm_attn,test,1,E,max_neq,neq,24,27,95,2.078215277777778,1.503349074074074,0.5748662037037037,0.09968164123681861,1.0500507661705887,True,0.0039052650736518353,0.009465018791409931
esm3_top28_bilstm_attn,test,1,E,neq_peak_fraction,neq,24,27,95,0.13460648148148147,0.04829628126503125,0.08631020021645021,0.023463854614829194,0.14915654581807122,True,0.011836422801243335,0.025587561055628972
esm3_top28_bilstm_attn,test,1,E,neq_peak_excess,neq,24,27,95,0.6875087962962962,0.32360502377445083,0.3639037725218454,0.04934790358560964,0.6784596414580812,True,0.008574434611105325,0.01916071607412234
esm3_top28_bilstm_attn,test,1,E,mean_rsa,exposure_length_position,24,27,95,0.3031214050178677,0.20652734180132945,0.09659406321653828,0.042749017444634024,0.15043910898844254,True,0.0032504075349196544,0.007998273563000985
esm3_top28_bilstm_attn,test,1,E,max_rsa,exposure_length_position,24,27,95,0.4848219957202673,0.3533827482690362,0.13143924745123106,0.0702002551468021,0.19267823975566,True,0.0008286962439337901,0.002265013743524773
esm3_top28_bilstm_attn,test,1,E,log_segment_length,exposure_length_position,24,27,95,1.8895332056781393,1.7242875229808592,0.16524568269728016,-0.0463556923716838,0.3768470577662441,True,0.06127247820613165,0.11143746574229753
esm3_top28_bilstm_attn,test,1,E,normalized_midpoint,exposure_length_position,24,27,95,0.5526522260999297,0.49549859581128425,0.05715363028864557,-0.09307078360489485,0.20737804418218597,True,0.21920901846833774,0.3237857979211227
esm3_top28_bilstm_attn,test,1,E,mean_torsion_change,geometry_boundaries,24,27,95,47.29833783370328,34.26064971910885,13.037688114594436,2.1087562176614743,23.966620011527397,True,0.03448166432407807,0.06665666499697426
esm3_top28_bilstm_attn,test,1,E,max_torsion_change,geometry_boundaries,24,27,95,126.56389434944636,90.55173395629976,36.012160393146615,4.023401384342385,68.00091940195085,True,0.02989042469170331,0.058961216967706474
esm3_top28_bilstm_attn,test,1,E,q3_boundary_fraction,geometry_boundaries,24,27,95,0.5137566137566137,0.5223174048174047,-0.008560791060791056,-0.12007782683950802,0.10295624471792592,True,0.5580474458622314,0.6774716030377754
esm3_top28_bilstm_attn,test,1,E,mean_distance_to_q3_boundary,geometry_boundaries,24,27,95,0.7073412698412698,0.7743430816868316,-0.06700181184556182,-0.30927534278031965,0.17527171908919598,True,0.7641654796181151,0.8515634431736477
esm3_top28_bilstm_attn,test,1,E,structured_linker_fraction,geometry_boundaries,24,27,95,0.0,0.0,0.0,0.0,0.0,True,1.0,1.0
esm3_top28_bilstm_attn,test,1,E,mean_disorder,disorder,24,27,95,0.013030439845146744,0.011880119519906049,0.001150320325240696,-0.010215245908100091,0.012515886558581482,True,0.17021959595917513,0.2619537796713569
esm3_top28_bilstm_attn,test,1,E,max_disorder,disorder,24,27,95,0.021949013355576072,0.01661030550681562,0.00533870784876045,-0.011583860691207093,0.02226127638872799,True,0.23011556161284275,0.3369513702091907
esm3_top28_bilstm_attn,test,1,E,fraction_glycine,sequence,24,27,95,0.08235780423280424,0.0272287984006734,0.05512900583213084,0.01826066831234368,0.091997343351918,True,0.0069846198044106475,0.015934547610467205
esm3_top28_bilstm_attn,test,1,E,fraction_proline,sequence,24,27,95,0.005208333333333333,0.01416170634920635,-0.008953373015873015,-0.01710821940626869,-0.0007985266254773409,True,0.09459078883878283,0.16098272220842752
esm3_top28_bilstm_attn,test,1,E,fraction_hydrophobic,sequence,24,27,95,0.5072420634920635,0.5649566405816405,-0.05771457708957709,-0.15542126618807012,0.03999211200891593,True,0.1792960462664116,0.2736794277321615
esm3_top28_bilstm_attn,test,1,E,fraction_charged,sequence,24,27,95,0.14386574074074074,0.18520659895659897,-0.04134085821585822,-0.12010901338482513,0.03742729695310868,True,0.33844585944363503,0.46010673533531565
esm3_top28_bilstm_attn,test,1,E,fraction_aromatic,sequence,24,27,95,0.10866402116402114,0.1275753789035039,-0.01891135773948274,-0.08642104627245202,0.048598330793486536,True,0.5202742263207338,0.6449697214826109
esm3_top28_bilstm_attn,test,1,E,sequence_entropy,sequence,24,27,95,2.1398152861072277,1.8820122649661262,0.25780302114110176,-0.06943361254988595,0.5850396548320895,True,0.12993380322370868,0.20959264728022856
esm3_top28_bilstm_attn,test,1,H,mean_neq,neq,10,12,27,1.4980014633024925,1.2363568899154829,0.26164457338700975,-0.19794410812847468,0.7212332549024942,True,0.20262160771231197,0.3024409292866599
esm3_top28_bilstm_attn,test,1,H,max_neq,neq,10,12,27,2.4676111111111108,1.620461111111111,0.8471499999999998,0.16992085433022863,1.524379145669771,True,0.012515318690073973,0.02684917036239854
esm3_top28_bilstm_attn,test,1,H,neq_peak_fraction,neq,10,12,27,0.10805258467023174,0.06047494172494172,0.04757764294529001,-0.01902325588946977,0.1141785417800498,True,0.10291753940285298,0.17208912004008206
esm3_top28_bilstm_attn,test,1,H,neq_peak_excess,neq,10,12,27,0.9696096478086185,0.38410422119562815,0.5855054266129901,0.1610464838161777,1.0099643694098024,True,0.005062032126267864,0.012010337276429228
esm3_top28_bilstm_attn,test,1,H,mean_rsa,exposure_length_position,10,12,27,0.3004237100295833,0.306126162474589,-0.005702452445005729,-0.05958151407179665,0.048176609181785186,True,0.7988593499960496,0.8763606302195469
esm3_top28_bilstm_attn,test,1,H,max_rsa,exposure_length_position,10,12,27,0.5593863656123479,0.5072201733166973,0.052166192295650615,-0.02310251795796514,0.12743490254926637,True,0.07446183141740546,0.1321550929250645
esm3_top28_bilstm_attn,test,1,H,log_segment_length,exposure_length_position,10,12,27,2.4468935537683563,2.0612509116120226,0.38564264215633376,-0.10244254109400847,0.873727825406676,True,0.07446183141740546,0.1321550929250645
esm3_top28_bilstm_attn,test,1,H,normalized_midpoint,exposure_length_position,10,12,27,0.5367732664445625,0.5277722476105587,0.009001018834003722,-0.18790539843632775,0.2059074361043352,True,0.8784817434328712,0.9378423664498066
esm3_top28_bilstm_attn,test,1,H,mean_torsion_change,geometry_boundaries,10,12,27,20.23278429038154,30.742437752088932,-10.50965346170739,-29.48082018540845,8.46151326199367,True,0.3328797545683888,0.454336503909095
esm3_top28_bilstm_attn,test,1,H,max_torsion_change,geometry_boundaries,10,12,27,83.7835451187073,104.2368594058017,-20.45331428709441,-73.5670989871638,32.66047041297499,True,0.5076243443095237,0.6330792726338988
esm3_top28_bilstm_attn,test,1,H,q3_boundary_fraction,geometry_boundaries,10,12,27,0.3297451404804346,0.3786929489582291,-0.04894780847779449,-0.27071745520780477,0.17282183825221578,True,0.6464622026641696,0.7560320675225034
esm3_top28_bilstm_attn,test,1,H,mean_distance_to_q3_boundary,geometry_boundaries,10,12,27,2.1431323741617856,1.5633327524201888,0.5797996217415972,-1.177838148791694,2.337437392274888,True,0.9593536340401635,0.996796139117945
esm3_top28_bilstm_attn,test,1,H,structured_linker_fraction,geometry_boundaries,10,12,27,0.0,0.0,0.0,0.0,0.0,True,1.0,1.0
esm3_top28_bilstm_attn,test,1,H,mean_disorder,disorder,10,12,27,0.029176201444329374,0.029088419991042537,8.778145328683582e-05,-0.0288052704416613,0.028980833348234973,True,0.6464622026641696,0.7560320675225034
esm3_top28_bilstm_attn,test,1,H,max_disorder,disorder,10,12,27,0.05665685373824083,0.0531564160327737,0.003500437705467137,-0.04837241181983137,0.05537328723076564,True,0.6464622026641696,0.7560320675225034
esm3_top28_bilstm_attn,test,1,H,fraction_glycine,sequence,10,12,27,0.05527777777777778,0.04722493008783331,0.008052847689944466,-0.05272935109176206,0.06883504647165099,True,0.7983461604505482,0.8763606302195469
esm3_top28_bilstm_attn,test,1,H,fraction_proline,sequence,10,12,27,0.0027777777777777775,0.015548245614035085,-0.01277046783625731,-0.03191784701893724,0.006376911346422619,True,0.21521418051945884,0.31913997558609225
esm3_top28_bilstm_attn,test,1,H,fraction_hydrophobic,sequence,10,12,27,0.3611701044053985,0.48554711747411233,-0.12437701306871385,-0.26282451220973146,0.014070486072303767,True,0.05933611988090862,0.10814847510369381
esm3_top28_bilstm_attn,test,1,H,fraction_charged,sequence,10,12,27,0.25732599100246156,0.27482023706344594,-0.017494246060984313,-0.1603207453315992,0.12533225320963057,True,0.7988593499960496,0.8763606302195469
esm3_top28_bilstm_attn,test,1,H,fraction_aromatic,sequence,10,12,27,0.08974025974025975,0.11298602065261658,-0.02324576091235684,-0.11828560276423405,0.07179408093952036,True,0.6832863296571666,0.7857792791057416
esm3_top28_bilstm_attn,test,1,H,sequence_entropy,sequence,10,12,27,2.7465765376401934,2.2554291318191493,0.4911474058210444,-0.1009563657132741,1.0832511773553628,True,0.09260069782067576,0.158362650142491
