condition,split,sign,mechanism_class,receiver_scope,feature,n_proteins,n_bands,high_minus_low_macro_protein_mean,ci95_low,ci95_high,inference_eligible,protein_sign_p_two_sided,protein_sign_q_bh
esm2_frozen_bilstm_attn,test,-1,evidence_dominated,all_eligible_queries,absolute_backbone_orientation_cosine,131,326,0.010688770832745543,-0.010458425067585004,0.03183596673307609,True,0.6002946177102672,0.8445946363026358
esm2_frozen_bilstm_attn,test,-1,evidence_dominated,all_eligible_queries,absolute_sequence_separation,131,328,0.9553560998232289,-1.7756166476216615,3.6863288472681193,True,0.05417080038723309,0.11605025283474514
esm2_frozen_bilstm_attn,test,-1,evidence_dominated,all_eligible_queries,band_water_contact_count,131,327,0.0,0.0,0.0,True,1.0,1.0
esm2_frozen_bilstm_attn,test,-1,evidence_dominated,all_eligible_queries,direct_ca_contact,131,327,0.04581202785923999,0.022925351248853337,0.06869870446962664,True,3.778053497089468e-07,1.6595375573422173e-06
esm2_frozen_bilstm_attn,test,-1,evidence_dominated,all_eligible_queries,direct_putative_polar_contact,131,327,0.01978843122448968,0.00758984609022249,0.031987016358756865,True,0.012502546136489844,0.030764065976266245
esm2_frozen_bilstm_attn,test,-1,evidence_dominated,all_eligible_queries,direct_putative_polar_contact_count,131,327,0.08961402750673332,0.05057660888691872,0.1286514461265479,True,0.0007667649897412908,0.0024512795811034317
esm2_frozen_bilstm_attn,test,-1,evidence_dominated,all_eligible_queries,disorder,131,328,0.01142496529226187,-0.0011777428743307214,0.02402767345885446,True,1.1299164879007053e-08,5.959050012622828e-08
esm2_frozen_bilstm_attn,test,-1,evidence_dominated,all_eligible_queries,mean_query_contact_water_degree,123,312,-0.0020901720615981202,-0.0714150784439107,0.06723473432071447,True,0.5760121204363972,0.818075532969703
esm2_frozen_bilstm_attn,test,-1,evidence_dominated,all_eligible_queries,minimum_ca_distance_angstrom,131,327,-1.3912257748642711,-2.1055073492156238,-0.6769442005129187,True,0.00021577652478126048,0.0007538521625269353
esm2_frozen_bilstm_attn,test,-1,evidence_dominated,all_eligible_queries,minimum_heavy_atom_distance_angstrom,131,327,-1.3368631278913,-2.047895025989138,-0.6258312297934617,True,0.0008320420945381634,0.0026446481930042197
esm2_frozen_bilstm_attn,test,-1,evidence_dominated,all_eligible_queries,minimum_polar_atom_distance_angstrom,131,327,-1.0034334383887453,-1.7232898176382694,-0.28357705913922127,True,0.004981347901780474,0.013305019557013652
esm2_frozen_bilstm_attn,test,-1,evidence_dominated,all_eligible_queries,neq,131,328,-0.3789811723379579,-0.4196621248680007,-0.33830021980791514,True,1.4693679385278594e-39,3.2016754028975464e-38
esm2_frozen_bilstm_attn,test,-1,evidence_dominated,all_eligible_queries,nonlocal_contact_path_exists,131,327,0.0019821986631885996,-0.004665554148918117,0.008629951475295317,True,6.604194641113281e-05,0.00024089309087408796
esm2_frozen_bilstm_attn,test,-1,evidence_dominated,all_eligible_queries,normalized_query_position,131,328,-0.01656913738094865,-0.041653240863780444,0.008514966101883147,True,0.1154544882922597,0.22924776092563795
esm2_frozen_bilstm_attn,test,-1,evidence_dominated,all_eligible_queries,one_water_bridge,131,327,-0.0034857621016298255,-0.016656022206019576,0.009684498002759926,True,0.8776143287523154,1.0
esm2_frozen_bilstm_attn,test,-1,evidence_dominated,all_eligible_queries,ordinary_contact_path_exists,131,327,0.0,0.0,0.0,True,1.0,1.0
esm2_frozen_bilstm_attn,test,-1,evidence_dominated,all_eligible_queries,query_distance_to_band_domain_boundary_sequence,131,327,1.302180126147476,-1.7561460075821267,4.360506259877079,True,0.7268761029664557,0.9492956045050872
esm2_frozen_bilstm_attn,test,-1,evidence_dominated,all_eligible_queries,query_distance_to_community_boundary_edges,131,327,-0.3336604607506267,-0.41784744533500606,-0.2494734761662474,True,3.5019249165122216e-10,2.0419674865296617e-09
esm2_frozen_bilstm_attn,test,-1,evidence_dominated,all_eligible_queries,query_distance_to_ecod_boundary_sequence,131,327,1.0277289897923363,-1.986286060507922,4.041744040092595,True,0.3823543213561353,0.6219830610665619
esm2_frozen_bilstm_attn,test,-1,evidence_dominated,all_eligible_queries,query_in_any_band,131,328,0.38775310970573,0.32402788704126695,0.4514783323701931,True,1.606311290539171e-13,1.108354790472028e-12
esm2_frozen_bilstm_attn,test,-1,evidence_dominated,all_eligible_queries,query_to_band_contact_count,131,327,0.1846258028913355,0.11882522969954544,0.25042637608312557,True,2.2320673163199837e-09,1.2403702939013063e-08
esm2_frozen_bilstm_attn,test,-1,evidence_dominated,all_eligible_queries,query_to_band_contact_fraction,131,327,0.03548285132487381,0.022230390801526022,0.0487353118482216,True,2.2320673163199837e-09,1.2403702939013063e-08
esm2_frozen_bilstm_attn,test,-1,evidence_dominated,all_eligible_queries,query_water_contact_count,131,327,-0.2514622057614745,-0.3288800921532089,-0.1740443193697401,True,6.717865920862282e-07,2.9122476348031253e-06
esm2_frozen_bilstm_attn,test,-1,evidence_dominated,all_eligible_queries,reachable_query_water_entry_count,131,327,-7.909517925851068e-05,-0.018010509232905394,0.01785231887438837,True,1.0,1.0
esm2_frozen_bilstm_attn,test,-1,evidence_dominated,all_eligible_queries,relative_backbone_orientation_cosine,131,326,0.020849102326308662,-0.025622579792365346,0.06732078444498267,True,1.0,1.0
esm2_frozen_bilstm_attn,test,-1,evidence_dominated,all_eligible_queries,rsa,131,328,-0.11504272965710595,-0.13498722820613065,-0.09509823110808126,True,1.1776108395283483e-19,9.70210721521863e-19
esm2_frozen_bilstm_attn,test,-1,evidence_dominated,all_eligible_queries,same_community_as_band_apex,131,327,0.018904524079362304,-0.017265489577298013,0.055074537736022625,True,1.0,1.0
esm2_frozen_bilstm_attn,test,-1,evidence_dominated,all_eligible_queries,same_community_as_band_majority,127,304,-0.01578625619640933,-0.05555873662659572,0.023986224233777064,True,0.45185326866574166,0.7046835198262684
esm2_frozen_bilstm_attn,test,-1,evidence_dominated,all_eligible_queries,same_ecod_domain_as_band_apex,131,327,-0.0013656571556386547,-0.012144793685656826,0.009413479374379518,True,0.3019956131896606,0.5118779277810419
esm2_frozen_bilstm_attn,test,-1,evidence_dominated,all_eligible_queries,shared_water_count,131,327,-0.003161978122894612,-0.016391073943194265,0.010067117697405042,True,0.8776143287523154,1.0
esm2_frozen_bilstm_attn,test,-1,evidence_dominated,all_eligible_queries,shared_water_fraction_of_band_contacts,131,327,-0.0018864280413073199,-0.007414460174476353,0.003641604091861713,True,1.0,1.0
esm2_frozen_bilstm_attn,test,-1,evidence_dominated,all_eligible_queries,shared_water_fraction_of_query_contacts,131,327,5.455630621723194e-05,-0.01026551930057081,0.010374631913005273,True,1.0,1.0
esm2_frozen_bilstm_attn,test,-1,evidence_dominated,all_eligible_queries,shares_any_ecod_domain_with_band,131,327,-0.0013656571556386547,-0.012144793685656826,0.009413479374379518,True,0.3019956131896606,0.5118779277810419
esm2_frozen_bilstm_attn,test,-1,evidence_dominated,all_eligible_queries,shortest_nonlocal_contact_path_edges,131,327,-0.29853373042569775,-0.45834531989061134,-0.13872214096078414,True,0.0005157836706414046,0.0017048657855931457
esm2_frozen_bilstm_attn,test,-1,evidence_dominated,all_eligible_queries,shortest_ordinary_contact_path_edges,131,327,-0.26167373921285847,-0.41577026608622225,-0.10757721233949472,True,0.0002585265972682698,0.0008900624637759975
esm2_frozen_bilstm_attn,test,-1,evidence_dominated,all_eligible_queries,torsion_change_from_previous,131,328,-36.66035984773196,-41.85588336280295,-31.46483633266097,True,1.872620303580562e-26,2.3142233005443364e-25
esm2_frozen_bilstm_attn,test,-1,evidence_dominated,all_eligible_queries,water_path_at_most_1,131,327,-0.0034857621016298255,-0.016656022206019576,0.009684498002759926,True,0.8776143287523154,1.0
esm2_frozen_bilstm_attn,test,-1,evidence_dominated,all_eligible_queries,water_path_at_most_2,131,327,0.001292036470533914,-0.01456586891104892,0.017149941852116747,True,0.8938530948350216,1.0
esm2_frozen_bilstm_attn,test,-1,evidence_dominated,all_eligible_queries,water_path_at_most_3,131,327,0.0014447263473002408,-0.014542781737228016,0.017432234431828498,True,1.0,1.0
esm2_frozen_bilstm_attn,test,-1,evidence_dominated,all_eligible_queries,water_path_exists,131,327,0.0011458366160310503,-0.014887388437847107,0.017179061669909207,True,1.0,1.0
esm2_frozen_bilstm_attn,test,-1,evidence_dominated,all_eligible_queries,water_path_without_direct_ca_contact,131,327,-0.002646858764164362,-0.008414896037117134,0.0031211785087884095,True,0.14330665429588407,0.27821315300584293
esm2_frozen_bilstm_attn,test,-1,evidence_dominated,all_eligible_queries,water_path_without_direct_polar_contact,131,327,0.0008724807553069161,-0.01231826053154976,0.014063222042163592,True,0.5681724128491652,0.8118149401882809
esm2_frozen_bilstm_attn,test,-1,evidence_dominated,sequence_distal_ge21,absolute_backbone_orientation_cosine,125,316,-0.0053267421327900496,-0.025115516204037368,0.01446203193845727,True,0.5916839270941626,0.8360312143924346
esm2_frozen_bilstm_attn,test,-1,evidence_dominated,sequence_distal_ge21,absolute_sequence_separation,127,320,1.879001115112264,-1.4393718335677372,5.197374063792266,True,0.1098495025660595,0.21957277682767878
esm2_frozen_bilstm_attn,test,-1,evidence_dominated,sequence_distal_ge21,band_water_contact_count,127,319,0.0,0.0,0.0,True,1.0,1.0
esm2_frozen_bilstm_attn,test,-1,evidence_dominated,sequence_distal_ge21,direct_ca_contact,127,319,0.033514549463502206,0.004659480481875582,0.06236961844512883,True,0.001110927323374987,0.003381793469685622
esm2_frozen_bilstm_attn,test,-1,evidence_dominated,sequence_distal_ge21,direct_putative_polar_contact,127,319,0.0024632811265440026,-0.006436062523141092,0.011362624776229097,True,0.34888887944907765,0.5800803055900328
esm2_frozen_bilstm_attn,test,-1,evidence_dominated,sequence_distal_ge21,direct_putative_polar_contact_count,127,319,0.0026042357249503787,-0.007168910721679422,0.01237738217158018,True,0.34888887944907765,0.5800803055900328
esm2_frozen_bilstm_attn,test,-1,evidence_dominated,sequence_distal_ge21,disorder,127,320,0.01687431139511119,0.0014542718524248547,0.03229435093779753,True,6.327437536723091e-09,3.446788342372842e-08
esm2_frozen_bilstm_attn,test,-1,evidence_dominated,sequence_distal_ge21,minimum_ca_distance_angstrom,127,319,-1.5673365074756223,-2.438508755226459,-0.6961642597247855,True,0.0024175519250980984,0.006950461784657033
esm2_frozen_bilstm_attn,test,-1,evidence_dominated,sequence_distal_ge21,minimum_heavy_atom_distance_angstrom,127,319,-1.5423845938391,-2.394280056661698,-0.690489131016502,True,0.0024175519250980984,0.006950461784657033
esm2_frozen_bilstm_attn,test,-1,evidence_dominated,sequence_distal_ge21,minimum_polar_atom_distance_angstrom,127,319,-1.2559672839828047,-2.1216401398979015,-0.390294428067708,True,0.0006846086250425259,0.002201382297224122
esm2_frozen_bilstm_attn,test,-1,evidence_dominated,sequence_distal_ge21,neq,127,320,-0.39713078511566235,-0.4423742298056549,-0.3518873404256698,True,1.1754943508222875e-38,2.4956649294380872e-37
esm2_frozen_bilstm_attn,test,-1,evidence_dominated,sequence_distal_ge21,nonlocal_contact_path_exists,127,319,-0.00022987960556674218,-0.01092277256683987,0.010463013355706386,True,0.00012111663818359375,0.0004313315114667339
esm2_frozen_bilstm_attn,test,-1,evidence_dominated,sequence_distal_ge21,normalized_query_position,127,320,-0.021234820338239015,-0.049273822843029155,0.006804182166551126,True,0.2139651540354208,0.39108862591904725
esm2_frozen_bilstm_attn,test,-1,evidence_dominated,sequence_distal_ge21,one_water_bridge,127,319,0.0033441571527240755,-0.006737895628843327,0.013426209934291477,True,0.7011080384254456,0.9327442355530615
esm2_frozen_bilstm_attn,test,-1,evidence_dominated,sequence_distal_ge21,ordinary_contact_path_exists,127,319,0.0,0.0,0.0,True,1.0,1.0
esm2_frozen_bilstm_attn,test,-1,evidence_dominated,sequence_distal_ge21,query_distance_to_band_domain_boundary_sequence,127,319,1.303439320155173,-2.2756104202604637,4.88248906057081,True,0.4779219422067188,0.7259140890353669
esm2_frozen_bilstm_attn,test,-1,evidence_dominated,sequence_distal_ge21,query_distance_to_community_boundary_edges,127,319,-0.34161094541071185,-0.4324511492203367,-0.25077074160108703,True,1.4292764071780264e-09,8.050618130227252e-09
esm2_frozen_bilstm_attn,test,-1,evidence_dominated,sequence_distal_ge21,query_distance_to_ecod_boundary_sequence,127,319,0.767347836941831,-2.6987396548911846,4.2334353287748465,True,0.4779219422067188,0.7259140890353669
esm2_frozen_bilstm_attn,test,-1,evidence_dominated,sequence_distal_ge21,query_in_any_band,127,320,0.4089035918872436,0.34345827989144273,0.4743489038830445,True,9.20254356955225e-14,6.430131709358028e-13
esm2_frozen_bilstm_attn,test,-1,evidence_dominated,sequence_distal_ge21,query_to_band_contact_count,127,319,0.059265898159421626,0.0199712318489988,0.09856056446984446,True,0.002314601521425493,0.006692494397388078
esm2_frozen_bilstm_attn,test,-1,evidence_dominated,sequence_distal_ge21,query_to_band_contact_fraction,127,319,0.011859281498167543,0.004038841707377637,0.01967972128895745,True,0.004609105461459271,0.01237062989331694
esm2_frozen_bilstm_attn,test,-1,evidence_dominated,sequence_distal_ge21,query_water_contact_count,127,319,-0.2512018163262591,-0.3317890144805676,-0.17061461817195062,True,1.1402294032528225e-06,4.8168874790476376e-06
esm2_frozen_bilstm_attn,test,-1,evidence_dominated,sequence_distal_ge21,reachable_query_water_entry_count,127,319,0.005198346939628931,-0.009483011345475467,0.019879705224733327,True,1.0,1.0
esm2_frozen_bilstm_attn,test,-1,evidence_dominated,sequence_distal_ge21,relative_backbone_orientation_cosine,125,316,0.005029266169322268,-0.04519271359170766,0.055251245930352196,True,1.0,1.0
esm2_frozen_bilstm_attn,test,-1,evidence_dominated,sequence_distal_ge21,rsa,127,320,-0.11301109774736476,-0.13454982926089776,-0.09147236623383176,True,2.0723909491809205e-20,1.7332724302240426e-19
esm2_frozen_bilstm_attn,test,-1,evidence_dominated,sequence_distal_ge21,same_community_as_band_apex,127,319,0.02937893431479106,-0.007098765429350482,0.0658566340589326,True,0.9226851594412753,1.0
esm2_frozen_bilstm_attn,test,-1,evidence_dominated,sequence_distal_ge21,same_community_as_band_majority,124,298,0.006004577840788955,-0.034169809313090375,0.04617896499466829,True,0.624143515844679,0.8654015468168654
esm2_frozen_bilstm_attn,test,-1,evidence_dominated,sequence_distal_ge21,same_ecod_domain_as_band_apex,127,319,-0.00398476611651798,-0.02010582953409336,0.012136297301057399,True,0.3019956131896606,0.5118779277810419
esm2_frozen_bilstm_attn,test,-1,evidence_dominated,sequence_distal_ge21,shared_water_count,127,319,0.0036622470364360885,-0.006498437656161633,0.01382293172903381,True,0.7011080384254456,0.9327442355530615
esm2_frozen_bilstm_attn,test,-1,evidence_dominated,sequence_distal_ge21,shared_water_fraction_of_band_contacts,127,319,0.00191685615649969,-0.0015520042793208397,0.005385716592320219,True,0.7011080384254456,0.9327442355530615
esm2_frozen_bilstm_attn,test,-1,evidence_dominated,sequence_distal_ge21,shared_water_fraction_of_query_contacts,127,319,0.0033020696943055878,-0.005375274159177889,0.011979413547789065,True,1.0,1.0
esm2_frozen_bilstm_attn,test,-1,evidence_dominated,sequence_distal_ge21,shares_any_ecod_domain_with_band,127,319,-0.00398476611651798,-0.02010582953409336,0.012136297301057399,True,0.3019956131896606,0.5118779277810419
esm2_frozen_bilstm_attn,test,-1,evidence_dominated,sequence_distal_ge21,shortest_nonlocal_contact_path_edges,127,319,-0.3524719805693503,-0.5410937299328975,-0.16385023120580317,True,0.0006180577056348096,0.002001090929649298
esm2_frozen_bilstm_attn,test,-1,evidence_dominated,sequence_distal_ge21,shortest_ordinary_contact_path_edges,127,319,-0.2998451516543028,-0.48420777637997414,-0.11548252692863148,True,0.0017094927839213705,0.005073333423250519
esm2_frozen_bilstm_attn,test,-1,evidence_dominated,sequence_distal_ge21,torsion_change_from_previous,127,320,-37.45926392814848,-42.85359836085614,-32.06492949544082,True,1.1142593600922467e-27,1.5249698349692237e-26
esm2_frozen_bilstm_attn,test,-1,evidence_dominated,sequence_distal_ge21,water_path_at_most_1,127,319,0.0033441571527240755,-0.006737895628843327,0.013426209934291477,True,0.7011080384254456,0.9327442355530615
esm2_frozen_bilstm_attn,test,-1,evidence_dominated,sequence_distal_ge21,water_path_at_most_2,127,319,0.004736978961702557,-0.008410153536765604,0.01788411146017072,True,1.0,1.0
esm2_frozen_bilstm_attn,test,-1,evidence_dominated,sequence_distal_ge21,water_path_at_most_3,127,319,0.005006269556427221,-0.00831560984566547,0.01832814895851991,True,1.0,1.0
esm2_frozen_bilstm_attn,test,-1,evidence_dominated,sequence_distal_ge21,water_path_exists,127,319,0.004697965975354276,-0.00868293226736963,0.018078864218078184,True,1.0,1.0
esm2_frozen_bilstm_attn,test,-1,evidence_dominated,sequence_distal_ge21,water_path_without_direct_ca_contact,127,319,-0.0008712641804205501,-0.00944858733363921,0.007706058972798109,True,0.6075913612730801,0.8512447498039092
esm2_frozen_bilstm_attn,test,-1,evidence_dominated,sequence_distal_ge21,water_path_without_direct_polar_contact,127,319,0.005801727381319439,-0.00671102588615868,0.01831448064879756,True,0.8746293123804207,1.0
esm2_frozen_bilstm_attn,test,-1,evidence_dominated,sequence_distal_ge21_no_direct_ca,absolute_backbone_orientation_cosine,125,316,-0.00539872266179512,-0.025632022092979583,0.014834576769389343,True,0.8581193732635914,1.0
esm2_frozen_bilstm_attn,test,-1,evidence_dominated,sequence_distal_ge21_no_direct_ca,absolute_sequence_separation,125,317,-0.3957422270328169,-3.9703418743120134,3.1788574202463797,True,0.4744215734409512,0.7227618450949542
esm2_frozen_bilstm_attn,test,-1,evidence_dominated,sequence_distal_ge21_no_direct_ca,band_water_contact_count,125,317,0.0,0.0,0.0,True,1.0,1.0
esm2_frozen_bilstm_attn,test,-1,evidence_dominated,sequence_distal_ge21_no_direct_ca,direct_ca_contact,125,317,0.0,0.0,0.0,True,1.0,1.0
esm2_frozen_bilstm_attn,test,-1,evidence_dominated,sequence_distal_ge21_no_direct_ca,direct_putative_polar_contact,125,317,-0.002180320310163679,-0.008636670738819189,0.004276030118491832,True,1.0,1.0
esm2_frozen_bilstm_attn,test,-1,evidence_dominated,sequence_distal_ge21_no_direct_ca,direct_putative_polar_contact_count,125,317,-0.0015136536236287973,-0.008573120136136403,0.005545812888878808,True,1.0,1.0
esm2_frozen_bilstm_attn,test,-1,evidence_dominated,sequence_distal_ge21_no_direct_ca,disorder,125,317,-0.0015738053608265656,-0.012482282518478419,0.009334671796825287,True,4.56640478646766e-13,3.0865168679144673e-12
esm2_frozen_bilstm_attn,test,-1,evidence_dominated,sequence_distal_ge21_no_direct_ca,minimum_ca_distance_angstrom,125,317,-1.1810043161140835,-1.9813578086402377,-0.38065082358792934,True,0.007047316542566113,0.018110050079046938
esm2_frozen_bilstm_attn,test,-1,evidence_dominated,sequence_distal_ge21_no_direct_ca,minimum_heavy_atom_distance_angstrom,125,317,-1.2140627061984928,-2.0180368715999344,-0.41008854079705115,True,0.007047316542566113,0.018110050079046938
esm2_frozen_bilstm_attn,test,-1,evidence_dominated,sequence_distal_ge21_no_direct_ca,minimum_polar_atom_distance_angstrom,125,317,-0.8945695123301382,-1.701539475077766,-0.08759954958251037,True,0.004024733785229442,0.011126809930450678
esm2_frozen_bilstm_attn,test,-1,evidence_dominated,sequence_distal_ge21_no_direct_ca,neq,125,317,-0.3735350742645583,-0.41848820461118896,-0.3285819439179276,True,4.70197740328915e-38,9.381294674514256e-37
esm2_frozen_bilstm_attn,test,-1,evidence_dominated,sequence_distal_ge21_no_direct_ca,nonlocal_contact_path_exists,125,317,0.00011441376407940743,-0.010859403040072857,0.011088230568231673,True,0.00012111663818359375,0.0004313315114667339
esm2_frozen_bilstm_attn,test,-1,evidence_dominated,sequence_distal_ge21_no_direct_ca,normalized_query_position,125,317,-0.004902072109028171,-0.034972718427758474,0.025168574209702133,True,0.4744215734409512,0.7227618450949542
esm2_frozen_bilstm_attn,test,-1,evidence_dominated,sequence_distal_ge21_no_direct_ca,one_water_bridge,125,317,0.0019884415258262407,-0.00354077481509642,0.0075176578667489015,True,1.0,1.0
esm2_frozen_bilstm_attn,test,-1,evidence_dominated,sequence_distal_ge21_no_direct_ca,ordinary_contact_path_exists,125,317,0.0,0.0,0.0,True,1.0,1.0
esm2_frozen_bilstm_attn,test,-1,evidence_dominated,sequence_distal_ge21_no_direct_ca,query_distance_to_band_domain_boundary_sequence,125,317,2.142867140217295,-1.381118040087841,5.66685232052243,True,0.4744215734409512,0.7227618450949542
esm2_frozen_bilstm_attn,test,-1,evidence_dominated,sequence_distal_ge21_no_direct_ca,query_distance_to_community_boundary_edges,125,317,-0.33989713951757444,-0.4334034277451708,-0.24639085128997806,True,1.992019573556286e-10,1.1952117441337718e-09
esm2_frozen_bilstm_attn,test,-1,evidence_dominated,sequence_distal_ge21_no_direct_ca,query_distance_to_ecod_boundary_sequence,125,317,1.642793212053511,-1.7046835613479958,4.990269985455018,True,0.4744215734409512,0.7227618450949542
esm2_frozen_bilstm_attn,test,-1,evidence_dominated,sequence_distal_ge21_no_direct_ca,query_in_any_band,125,317,0.42157190426237523,0.35756728682351535,0.4855765217012351,True,1.649105582505255e-14,1.1822159500557153e-13
esm2_frozen_bilstm_attn,test,-1,evidence_dominated,sequence_distal_ge21_no_direct_ca,query_to_band_contact_count,125,317,0.0,0.0,0.0,True,1.0,1.0
esm2_frozen_bilstm_attn,test,-1,evidence_dominated,sequence_distal_ge21_no_direct_ca,query_to_band_contact_fraction,125,317,0.0,0.0,0.0,True,1.0,1.0
esm2_frozen_bilstm_attn,test,-1,evidence_dominated,sequence_distal_ge21_no_direct_ca,query_water_contact_count,125,317,-0.22733635473872477,-0.30834547326974465,-0.14632723620770488,True,1.3391625040993677e-06,5.642883223380542e-06
esm2_frozen_bilstm_attn,test,-1,evidence_dominated,sequence_distal_ge21_no_direct_ca,reachable_query_water_entry_count,125,317,-0.0028113989308054415,-0.014295704572880166,0.008672906711269284,True,0.6075913612730801,0.8512447498039092
esm2_frozen_bilstm_attn,test,-1,evidence_dominated,sequence_distal_ge21_no_direct_ca,relative_backbone_orientation_cosine,125,316,0.009851737217365309,-0.04323632287042882,0.06293979730515943,True,0.7206725161126963,0.9479219115827047
esm2_frozen_bilstm_attn,test,-1,evidence_dominated,sequence_distal_ge21_no_direct_ca,rsa,125,317,-0.12412043199592442,-0.142222774428376,-0.10601808956347285,True,9.630639599627373e-23,9.061556350558484e-22
esm2_frozen_bilstm_attn,test,-1,evidence_dominated,sequence_distal_ge21_no_direct_ca,same_community_as_band_apex,125,317,0.0021588575892729214,-0.024342625603609197,0.02866034078215504,True,0.9211910492538722,1.0
esm2_frozen_bilstm_attn,test,-1,evidence_dominated,sequence_distal_ge21_no_direct_ca,same_community_as_band_majority,122,296,-0.023752003721212243,-0.05350313050186903,0.005999123059444542,True,0.2712530240738354,0.47074224004196413
esm2_frozen_bilstm_attn,test,-1,evidence_dominated,sequence_distal_ge21_no_direct_ca,same_ecod_domain_as_band_apex,125,317,-0.0036470481443374304,-0.020826107795801546,0.013532011507126684,True,0.4613911821367651,0.7100964661881812
esm2_frozen_bilstm_attn,test,-1,evidence_dominated,sequence_distal_ge21_no_direct_ca,shared_water_count,125,317,0.0019380434644638346,-0.0035933545213187993,0.007469441450246469,True,1.0,1.0
esm2_frozen_bilstm_attn,test,-1,evidence_dominated,sequence_distal_ge21_no_direct_ca,shared_water_fraction_of_band_contacts,125,317,0.0010010974966511033,-0.0011965082073015334,0.00319870320060374,True,1.0,1.0
esm2_frozen_bilstm_attn,test,-1,evidence_dominated,sequence_distal_ge21_no_direct_ca,shared_water_fraction_of_query_contacts,125,317,0.00133035433745673,-0.0014080697646361784,0.004068778439549638,True,1.0,1.0
esm2_frozen_bilstm_attn,test,-1,evidence_dominated,sequence_distal_ge21_no_direct_ca,shares_any_ecod_domain_with_band,125,317,-0.0036470481443374304,-0.020826107795801546,0.013532011507126684,True,0.4613911821367651,0.7100964661881812
esm2_frozen_bilstm_attn,test,-1,evidence_dominated,sequence_distal_ge21_no_direct_ca,shortest_nonlocal_contact_path_edges,125,317,-0.2588521151333488,-0.43190080227701244,-0.08580342798968521,True,0.005161224901988052,0.013690373993188945
esm2_frozen_bilstm_attn,test,-1,evidence_dominated,sequence_distal_ge21_no_direct_ca,shortest_ordinary_contact_path_edges,125,317,-0.21811881272206804,-0.3869189495294353,-0.049318675914700766,True,0.005161224901988052,0.013690373993188945
esm2_frozen_bilstm_attn,test,-1,evidence_dominated,sequence_distal_ge21_no_direct_ca,torsion_change_from_previous,125,317,-38.424616168065064,-44.002127339112455,-32.847104997017674,True,5.928488920821206e-26,7.012555466342797e-25
esm2_frozen_bilstm_attn,test,-1,evidence_dominated,sequence_distal_ge21_no_direct_ca,water_path_at_most_1,125,317,0.0019884415258262407,-0.00354077481509642,0.0075176578667489015,True,1.0,1.0
esm2_frozen_bilstm_attn,test,-1,evidence_dominated,sequence_distal_ge21_no_direct_ca,water_path_at_most_2,125,317,-0.0030084245734529535,-0.014084090196199682,0.008067241049293773,True,0.720100131817162,0.9479219115827047
esm2_frozen_bilstm_attn,test,-1,evidence_dominated,sequence_distal_ge21_no_direct_ca,water_path_at_most_3,125,317,-0.002553004379880114,-0.013806328486987885,0.008700319727227656,True,0.7283324808813632,0.9496996758579035
esm2_frozen_bilstm_attn,test,-1,evidence_dominated,sequence_distal_ge21_no_direct_ca,water_path_exists,125,317,-0.003069467859889388,-0.014353069459612405,0.008214133739833629,True,0.6075913612730801,0.8512447498039092
esm2_frozen_bilstm_attn,test,-1,evidence_dominated,sequence_distal_ge21_no_direct_ca,water_path_without_direct_ca_contact,125,317,-0.003069467859889388,-0.014353069459612405,0.008214133739833629,True,0.6075913612730801,0.8512447498039092
esm2_frozen_bilstm_attn,test,-1,evidence_dominated,sequence_distal_ge21_no_direct_ca,water_path_without_direct_polar_contact,125,317,-0.002994058034246484,-0.01351429007292258,0.007526174004429612,True,0.47312965989112854,0.7227618450949542
esm2_frozen_bilstm_attn,test,1,combined,all_eligible_queries,absolute_backbone_orientation_cosine,179,727,0.0024854979551913203,-0.01863630232272643,0.023607298233109072,True,0.17833858983964682,0.33718872812317596
esm2_frozen_bilstm_attn,test,1,combined,all_eligible_queries,absolute_sequence_separation,186,788,-2.285046577020454,-4.382303272624888,-0.18778988141602015,True,0.02276760335388077,0.05363179396020847
esm2_frozen_bilstm_attn,test,1,combined,all_eligible_queries,band_water_contact_count,180,733,0.0,0.0,0.0,True,1.0,1.0
esm2_frozen_bilstm_attn,test,1,combined,all_eligible_queries,direct_ca_contact,180,733,0.03876993874024338,0.02089518519436935,0.056644692286117404,True,3.293875658895251e-05,0.00012425189273645868
esm2_frozen_bilstm_attn,test,1,combined,all_eligible_queries,direct_putative_polar_contact,180,733,0.049852045450402956,0.035980778684428956,0.06372331221637696,True,1.1612274833072096e-09,6.563115059238018e-09
esm2_frozen_bilstm_attn,test,1,combined,all_eligible_queries,direct_putative_polar_contact_count,180,733,0.08346024707629017,0.057345822554512677,0.10957467159806766,True,3.5019249165122216e-10,2.0419674865296617e-09
esm2_frozen_bilstm_attn,test,1,combined,all_eligible_queries,disorder,186,788,-0.026658906349417373,-0.04184879068097173,-0.01146902201786302,True,0.123379929345684,0.24265696317868493
esm2_frozen_bilstm_attn,test,1,combined,all_eligible_queries,mean_query_contact_water_degree,168,693,0.03643607825020118,-0.014273495349826158,0.08714565185022852,True,0.5233007934374067,0.7637545883918123
esm2_frozen_bilstm_attn,test,1,combined,all_eligible_queries,minimum_ca_distance_angstrom,180,733,0.7126142502254806,-0.0007943189877293033,1.4260228194386906,True,0.008900553941770712,0.022400178309380396
esm2_frozen_bilstm_attn,test,1,combined,all_eligible_queries,minimum_heavy_atom_distance_angstrom,180,733,0.7603363865114907,0.03940206783174538,1.481270705191236,True,0.005668282252577543,0.014899484778203827
esm2_frozen_bilstm_attn,test,1,combined,all_eligible_queries,minimum_polar_atom_distance_angstrom,180,733,0.6656922438685546,-0.04912730425361034,1.3805117919907195,True,0.03036953944689131,0.06879884722852532
esm2_frozen_bilstm_attn,test,1,combined,all_eligible_queries,neq,186,788,0.7966466477384675,0.7129115739391533,0.8803817215377817,True,7.171091820137129e-47,2.0833908866924713e-45
esm2_frozen_bilstm_attn,test,1,combined,all_eligible_queries,nonlocal_contact_path_exists,180,733,-0.044144842035579474,-0.06629195833744604,-0.021997725733712906,True,2.876303627501573e-10,1.7011281454080732e-09
esm2_frozen_bilstm_attn,test,1,combined,all_eligible_queries,normalized_query_position,186,788,-0.005852149560930378,-0.02341001152490986,0.011705712403049103,True,0.8259676274872412,1.0
esm2_frozen_bilstm_attn,test,1,combined,all_eligible_queries,one_water_bridge,180,733,0.011180434187991306,0.0036076024129921445,0.018753265962990467,True,0.9170405196524722,1.0
esm2_frozen_bilstm_attn,test,1,combined,all_eligible_queries,ordinary_contact_path_exists,180,733,0.0,0.0,0.0,True,1.0,1.0
esm2_frozen_bilstm_attn,test,1,combined,all_eligible_queries,query_distance_to_band_domain_boundary_sequence,179,727,-0.4566617622736356,-2.8006008067750376,1.8872772822277664,True,0.7650574199487117,0.9817975703942547
esm2_frozen_bilstm_attn,test,1,combined,all_eligible_queries,query_distance_to_community_boundary_edges,177,724,0.40753692966549515,0.3149395249712975,0.5001343343596928,True,4.960971192606209e-12,3.1966413599050123e-11
esm2_frozen_bilstm_attn,test,1,combined,all_eligible_queries,query_distance_to_ecod_boundary_sequence,180,733,0.03348180112723264,-2.229072872029813,2.2960364742842785,True,0.3325790904569372,0.5580050393076879
esm2_frozen_bilstm_attn,test,1,combined,all_eligible_queries,query_in_any_band,186,788,0.5740300929717578,0.5321105235349771,0.6159496624085384,True,9.650706057939693e-48,2.9595498577681725e-46
esm2_frozen_bilstm_attn,test,1,combined,all_eligible_queries,query_to_band_contact_count,180,733,0.1244388473215686,0.07714018257404223,0.17173751206909496,True,2.0722273302304695e-08,1.062417479523733e-07
esm2_frozen_bilstm_attn,test,1,combined,all_eligible_queries,query_to_band_contact_fraction,180,733,0.03296309514482704,0.021667750799738726,0.04425843948991535,True,5.564457739264457e-08,2.7102182400652766e-07
esm2_frozen_bilstm_attn,test,1,combined,all_eligible_queries,query_water_contact_count,180,733,0.06289595263859812,-0.00042719552810353834,0.1262191008052998,True,0.20246043236353478,0.3758682466300601
esm2_frozen_bilstm_attn,test,1,combined,all_eligible_queries,reachable_query_water_entry_count,180,733,0.01610396727070045,0.007141759294316685,0.02506617524708421,True,0.20649820735970997,0.3825067465186574
esm2_frozen_bilstm_attn,test,1,combined,all_eligible_queries,relative_backbone_orientation_cosine,179,727,-0.01594032161213554,-0.058713297520506455,0.02683265429623537,True,0.4548953397912325,0.7046835198262684
esm2_frozen_bilstm_attn,test,1,combined,all_eligible_queries,rsa,186,788,0.10771714683924377,0.09126325576964515,0.12417103790884239,True,3.505206432518456e-27,4.6068427398813993e-26
esm2_frozen_bilstm_attn,test,1,combined,all_eligible_queries,same_community_as_band_apex,180,733,0.009624423540250414,-0.016725491305601737,0.03597433838610256,True,0.2979336445419193,0.5091621417558497
esm2_frozen_bilstm_attn,test,1,combined,all_eligible_queries,same_community_as_band_majority,179,690,0.011668250072002723,-0.015980237198826165,0.039316737342831615,True,1.0,1.0
esm2_frozen_bilstm_attn,test,1,combined,all_eligible_queries,same_ecod_domain_as_band_apex,179,725,-0.0033490993467687365,-0.010452850212168593,0.00375465151863112,True,0.48845566937989204,0.7320204420752048
esm2_frozen_bilstm_attn,test,1,combined,all_eligible_queries,shared_water_count,180,733,0.011694405790619724,0.003918377692324162,0.019470433888915284,True,0.7546517496104984,0.9710204330652566
esm2_frozen_bilstm_attn,test,1,combined,all_eligible_queries,shared_water_fraction_of_band_contacts,180,733,0.0027233959008407275,0.00025926408298307217,0.005187527718698383,True,0.7546517496104984,0.9710204330652566
esm2_frozen_bilstm_attn,test,1,combined,all_eligible_queries,shared_water_fraction_of_query_contacts,180,733,0.009486622311299117,0.002743263385121362,0.016229981237476872,True,0.4069243680461353,0.6479488014273078
esm2_frozen_bilstm_attn,test,1,combined,all_eligible_queries,shares_any_ecod_domain_with_band,179,727,-0.002169866905034839,-0.008531674094659972,0.004191940284590294,True,0.4010619910279374,0.6423197844702749
esm2_frozen_bilstm_attn,test,1,combined,all_eligible_queries,shortest_nonlocal_contact_path_edges,176,712,0.32447853944197685,0.16127867419842845,0.48767840468552526,True,1.75378738651349e-05,6.769864596891235e-05
esm2_frozen_bilstm_attn,test,1,combined,all_eligible_queries,shortest_ordinary_contact_path_edges,180,733,0.15954562802799366,0.007863311320678024,0.3112279447353093,True,0.019891860798122194,0.04726100642997181
esm2_frozen_bilstm_attn,test,1,combined,all_eligible_queries,torsion_change_from_previous,186,788,17.222146142618282,12.483360916191291,21.960931369045273,True,9.523661981898982e-14,6.626548000850719e-13
esm2_frozen_bilstm_attn,test,1,combined,all_eligible_queries,water_path_at_most_1,180,733,0.011180434187991306,0.0036076024129921445,0.018753265962990467,True,0.9170405196524722,1.0
esm2_frozen_bilstm_attn,test,1,combined,all_eligible_queries,water_path_at_most_2,180,733,0.014223609850939385,0.006269379247380273,0.0221778404544985,True,0.11446824201255822,0.22783582785191878
esm2_frozen_bilstm_attn,test,1,combined,all_eligible_queries,water_path_at_most_3,180,733,0.014247747634068723,0.006236277894052674,0.02225921737408477,True,0.17156469715424197,0.32618959642643475
esm2_frozen_bilstm_attn,test,1,combined,all_eligible_queries,water_path_exists,180,733,0.014607228872888577,0.006494331621743978,0.022720126124033176,True,0.20649820735970997,0.3825067465186574
esm2_frozen_bilstm_attn,test,1,combined,all_eligible_queries,water_path_without_direct_ca_contact,180,733,0.0008129015457701669,-0.0027876198720766646,0.004413422963616999,True,0.001093244972968613,0.0033340951661805216
esm2_frozen_bilstm_attn,test,1,combined,all_eligible_queries,water_path_without_direct_polar_contact,180,733,0.0006487967486260839,-0.0025179486706958997,0.0038155421679480677,True,0.04221061162240417,0.0928297116158052
esm2_frozen_bilstm_attn,test,1,combined,sequence_distal_ge21,absolute_backbone_orientation_cosine,175,719,-0.0005308728118586371,-0.022877890514629667,0.02181614489091239,True,0.8798851146775631,1.0
esm2_frozen_bilstm_attn,test,1,combined,sequence_distal_ge21,absolute_sequence_separation,183,781,-2.5597964511069122,-5.07197526898052,-0.0476176332333047,True,0.004832514921099551,0.01292834363383014
esm2_frozen_bilstm_attn,test,1,combined,sequence_distal_ge21,band_water_contact_count,176,724,0.0,0.0,0.0,True,1.0,1.0
esm2_frozen_bilstm_attn,test,1,combined,sequence_distal_ge21,direct_ca_contact,176,724,-0.003530727038912754,-0.01902003354578105,0.011958579467955541,True,0.4708507456393825,0.7226402546606279
esm2_frozen_bilstm_attn,test,1,combined,sequence_distal_ge21,direct_putative_polar_contact,176,724,0.006036067019598473,-0.002826264405973224,0.01489839844517017,True,0.5202915935750733,0.7611332853006372
esm2_frozen_bilstm_attn,test,1,combined,sequence_distal_ge21,direct_putative_polar_contact_count,176,724,0.006713979013258307,-0.002355087150610803,0.015783045177127416,True,0.5202915935750733,0.7611332853006372
esm2_frozen_bilstm_attn,test,1,combined,sequence_distal_ge21,disorder,183,781,-0.02165812022139443,-0.03838527441302822,-0.00493096602976064,True,0.4598669609706079,0.7097294383665673
esm2_frozen_bilstm_attn,test,1,combined,sequence_distal_ge21,mean_query_contact_water_degree,162,676,0.05129920966170381,0.001736703349257282,0.10086171597415033,True,0.41585549376431,0.6608989421052758
esm2_frozen_bilstm_attn,test,1,combined,sequence_distal_ge21,minimum_ca_distance_angstrom,176,724,1.171748006413173,0.3157011517207262,2.02779486110562,True,0.0002021896930710786,0.0007078776569253831
esm2_frozen_bilstm_attn,test,1,combined,sequence_distal_ge21,minimum_heavy_atom_distance_angstrom,176,724,1.1821073672908917,0.31392533460248895,2.0502893999792944,True,0.00036713039376409914,0.0012282180445926227
esm2_frozen_bilstm_attn,test,1,combined,sequence_distal_ge21,minimum_polar_atom_distance_angstrom,176,724,1.0551286684219923,0.1880750113771701,1.9221823254668144,True,0.0011293179113721359,0.003418922232600104
esm2_frozen_bilstm_attn,test,1,combined,sequence_distal_ge21,neq,183,781,0.7743748071394901,0.6890053189300854,0.8597442953488948,True,2.0618027809821276e-43,4.948326674357106e-42
esm2_frozen_bilstm_attn,test,1,combined,sequence_distal_ge21,nonlocal_contact_path_exists,176,724,-0.05028512657986261,-0.07561709034953086,-0.02495316281019436,True,1.4519005345745496e-10,8.74308103729256e-10
esm2_frozen_bilstm_attn,test,1,combined,sequence_distal_ge21,normalized_query_position,183,781,-0.0073591330667470995,-0.02924285436033619,0.01452458822684199,True,1.0,1.0
esm2_frozen_bilstm_attn,test,1,combined,sequence_distal_ge21,one_water_bridge,176,724,0.0020534551266753976,-0.001933348584729419,0.006040258838080214,True,0.050452410247217666,0.1090720513960737
esm2_frozen_bilstm_attn,test,1,combined,sequence_distal_ge21,ordinary_contact_path_exists,176,724,0.0,0.0,0.0,True,1.0,1.0
esm2_frozen_bilstm_attn,test,1,combined,sequence_distal_ge21,query_distance_to_band_domain_boundary_sequence,175,717,-0.4672548417029725,-3.1793183693572304,2.244808685951286,True,0.8798851146775631,1.0
esm2_frozen_bilstm_attn,test,1,combined,sequence_distal_ge21,query_distance_to_community_boundary_edges,171,713,0.41348267658669635,0.30752991055906476,0.519435442614328,True,4.487748130744307e-10,2.5894463081925337e-09
esm2_frozen_bilstm_attn,test,1,combined,sequence_distal_ge21,query_distance_to_ecod_boundary_sequence,176,723,0.08952035525867963,-2.5003792068961164,2.6794199174134756,True,0.49762937022341036,0.7416899545757214
esm2_frozen_bilstm_attn,test,1,combined,sequence_distal_ge21,query_in_any_band,183,781,0.616759582136477,0.5741889959333586,0.6593301683395953,True,7.334651031773318e-47,2.09416932907183e-45
esm2_frozen_bilstm_attn,test,1,combined,sequence_distal_ge21,query_to_band_contact_count,176,724,-0.0009938452576696113,-0.03260751504987471,0.030619824534535493,True,0.4708507456393825,0.7226402546606279
esm2_frozen_bilstm_attn,test,1,combined,sequence_distal_ge21,query_to_band_contact_fraction,176,724,-8.719296448604263e-05,-0.006762469414090984,0.006588083485118898,True,0.7185088365549661,0.9479219115827047
esm2_frozen_bilstm_attn,test,1,combined,sequence_distal_ge21,query_water_contact_count,176,724,0.05333903582042947,-0.014271389197494863,0.1209494608383538,True,0.5936474613061409,0.8380905336086695
esm2_frozen_bilstm_attn,test,1,combined,sequence_distal_ge21,reachable_query_water_entry_count,176,724,0.002700996564495754,-0.0026195987657424845,0.008021591894733993,True,0.10522535125694396,0.21250388009938928
esm2_frozen_bilstm_attn,test,1,combined,sequence_distal_ge21,relative_backbone_orientation_cosine,175,719,-0.0023558683252608527,-0.04146289401175085,0.03675115736122915,True,0.28989252377520647,0.4969586121860682
esm2_frozen_bilstm_attn,test,1,combined,sequence_distal_ge21,rsa,183,781,0.10972403758778104,0.09284984439766093,0.12659823077790117,True,2.9276273562579607e-23,2.868728344356913e-22
esm2_frozen_bilstm_attn,test,1,combined,sequence_distal_ge21,same_community_as_band_apex,176,724,-0.00263649899782811,-0.03627483308805957,0.03100183509240335,True,0.3754568881731793,0.6168220305702232
esm2_frozen_bilstm_attn,test,1,combined,sequence_distal_ge21,same_community_as_band_majority,175,681,-0.00668191164465954,-0.04326604411892457,0.02990222082960549,True,0.4741061767856324,0.7227618450949542
esm2_frozen_bilstm_attn,test,1,combined,sequence_distal_ge21,same_ecod_domain_as_band_apex,175,715,-0.004749960822880045,-0.013663246346945584,0.004163324701185495,True,0.3317497633694906,0.5571781015617407
esm2_frozen_bilstm_attn,test,1,combined,sequence_distal_ge21,shared_water_count,176,724,0.0024151482975925034,-0.0017980226618378456,0.006628319257022852,True,0.11001559898513334,0.21957277682767878
esm2_frozen_bilstm_attn,test,1,combined,sequence_distal_ge21,shared_water_fraction_of_band_contacts,176,724,0.0005589730356718426,-0.0012576438643240083,0.0023755899356676935,True,0.06754925145902677,0.14195629494435066
esm2_frozen_bilstm_attn,test,1,combined,sequence_distal_ge21,shared_water_fraction_of_query_contacts,176,724,0.0014060790771535216,-0.0007405994000774518,0.003552757554384495,True,0.17106097355391153,0.3256057151784799
esm2_frozen_bilstm_attn,test,1,combined,sequence_distal_ge21,shares_any_ecod_domain_with_band,175,717,-0.0032463829939610137,-0.011332616223595696,0.0048398502356736695,True,0.2624375357110438,0.45940439655125637
esm2_frozen_bilstm_attn,test,1,combined,sequence_distal_ge21,shortest_nonlocal_contact_path_edges,169,701,0.4152345102171975,0.23056938528275123,0.5998996351516437,True,9.739104814301322e-05,0.0003506077733148476
esm2_frozen_bilstm_attn,test,1,combined,sequence_distal_ge21,shortest_ordinary_contact_path_edges,176,724,0.23536285866390091,0.05263410304656438,0.4180916142812374,True,0.0011293179113721359,0.003418922232600104
esm2_frozen_bilstm_attn,test,1,combined,sequence_distal_ge21,torsion_change_from_previous,183,781,18.35950855792272,13.695160996985933,23.023856118859506,True,6.320188761320083e-16,4.672425262833061e-15
esm2_frozen_bilstm_attn,test,1,combined,sequence_distal_ge21,water_path_at_most_1,176,724,0.0020534551266753976,-0.001933348584729419,0.006040258838080214,True,0.050452410247217666,0.1090720513960737
esm2_frozen_bilstm_attn,test,1,combined,sequence_distal_ge21,water_path_at_most_2,176,724,0.002583777863960889,-0.001773568612748104,0.006941124340669883,True,0.10113634213880449,0.20575157565339092
esm2_frozen_bilstm_attn,test,1,combined,sequence_distal_ge21,water_path_at_most_3,176,724,0.0028834650606331005,-0.0016009953169657059,0.0073679254382319065,True,0.10522535125694396,0.21250388009938928
esm2_frozen_bilstm_attn,test,1,combined,sequence_distal_ge21,water_path_exists,176,724,0.00275418974328328,-0.0018028466358508567,0.007311226122417417,True,0.06615259746138927,0.1395524858548543
esm2_frozen_bilstm_attn,test,1,combined,sequence_distal_ge21,water_path_without_direct_ca_contact,176,724,0.0008894264727106039,-0.0027352109831083535,0.004514063928529561,True,0.0010900838044475786,0.003333565645832313
esm2_frozen_bilstm_attn,test,1,combined,sequence_distal_ge21,water_path_without_direct_polar_contact,176,724,-5.4305006393515365e-05,-0.003213068693376241,0.0031044586805892105,True,0.02381979285800128,0.05571409176956232
esm2_frozen_bilstm_attn,test,1,combined,sequence_distal_ge21_no_direct_ca,absolute_backbone_orientation_cosine,175,717,-0.0009891790942164213,-0.023275680322107146,0.0212973221336743,True,0.28989252377520647,0.4969586121860682
esm2_frozen_bilstm_attn,test,1,combined,sequence_distal_ge21_no_direct_ca,absolute_sequence_separation,176,723,-1.6215716384526275,-4.255494202991535,1.0123509260862802,True,0.08268027772126423,0.17114817488301695
esm2_frozen_bilstm_attn,test,1,combined,sequence_distal_ge21_no_direct_ca,band_water_contact_count,176,723,0.0,0.0,0.0,True,1.0,1.0
esm2_frozen_bilstm_attn,test,1,combined,sequence_distal_ge21_no_direct_ca,direct_ca_contact,176,723,0.0,0.0,0.0,True,1.0,1.0
esm2_frozen_bilstm_attn,test,1,combined,sequence_distal_ge21_no_direct_ca,direct_putative_polar_contact,176,723,0.0029770186106848136,-0.0003470703268697341,0.006301107548239361,True,1.0,1.0
esm2_frozen_bilstm_attn,test,1,combined,sequence_distal_ge21_no_direct_ca,direct_putative_polar_contact_count,176,723,0.003103720512396319,-0.00025380462018165413,0.006461245644974292,True,1.0,1.0
esm2_frozen_bilstm_attn,test,1,combined,sequence_distal_ge21_no_direct_ca,disorder,176,723,0.004700146757412291,-0.014744188120451827,0.02414448163527641,True,0.008150448639403542,0.020574913028738206
esm2_frozen_bilstm_attn,test,1,combined,sequence_distal_ge21_no_direct_ca,mean_query_contact_water_degree,162,671,0.04795838930365215,-0.0016859643464253865,0.09760274295372968,True,0.6255036238897111,0.8654015468168654
esm2_frozen_bilstm_attn,test,1,combined,sequence_distal_ge21_no_direct_ca,minimum_ca_distance_angstrom,176,723,1.1456564040068715,0.31145058817419735,1.9798622198395457,True,5.714635683054479e-05,0.00021170999309034043
esm2_frozen_bilstm_attn,test,1,combined,sequence_distal_ge21_no_direct_ca,minimum_heavy_atom_distance_angstrom,176,723,1.17411017976541,0.32667307082794317,2.021547288702877,True,0.00010877195108565045,0.00038988387661869516
esm2_frozen_bilstm_attn,test,1,combined,sequence_distal_ge21_no_direct_ca,minimum_polar_atom_distance_angstrom,176,723,1.0451247156077084,0.20044095998310463,1.8898084712323122,True,0.0011293179113721359,0.003418922232600104
esm2_frozen_bilstm_attn,test,1,combined,sequence_distal_ge21_no_direct_ca,neq,176,723,0.7527066121401174,0.65895731437313,0.8464559099071047,True,1.3447875112772576e-37,2.5894978124129518e-36
esm2_frozen_bilstm_attn,test,1,combined,sequence_distal_ge21_no_direct_ca,nonlocal_contact_path_exists,176,723,-0.04699193905171599,-0.07524038682022031,-0.018743491283211667,True,4.4253738468920555e-11,2.734484735243748e-10
esm2_frozen_bilstm_attn,test,1,combined,sequence_distal_ge21_no_direct_ca,normalized_query_position,176,723,-0.010202305072943814,-0.03559813709825057,0.015193526952362943,True,0.5978724490556658,0.8419020200987948
esm2_frozen_bilstm_attn,test,1,combined,sequence_distal_ge21_no_direct_ca,one_water_bridge,176,723,0.0009312404535886133,-0.002392122533539387,0.004254603440716614,True,0.00432400493446039,0.011787459348256611
esm2_frozen_bilstm_attn,test,1,combined,sequence_distal_ge21_no_direct_ca,ordinary_contact_path_exists,176,723,0.0,0.0,0.0,True,1.0,1.0
esm2_frozen_bilstm_attn,test,1,combined,sequence_distal_ge21_no_direct_ca,query_distance_to_band_domain_boundary_sequence,175,716,-0.520538868172721,-3.2824238129071257,2.2413460765616837,True,0.6502722402634351,0.8892244672801392
esm2_frozen_bilstm_attn,test,1,combined,sequence_distal_ge21_no_direct_ca,query_distance_to_community_boundary_edges,170,708,0.4224709100337066,0.31599480211022146,0.5289470179571918,True,1.834346155749813e-09,1.0297210962446408e-08
esm2_frozen_bilstm_attn,test,1,combined,sequence_distal_ge21_no_direct_ca,query_distance_to_ecod_boundary_sequence,176,722,-0.04940322160251091,-2.690506250895663,2.5916998076906412,True,0.5978724490556658,0.8419020200987948
esm2_frozen_bilstm_attn,test,1,combined,sequence_distal_ge21_no_direct_ca,query_in_any_band,176,723,0.6222425242615982,0.5788550534439992,0.6656299950791972,True,1.094465075606233e-45,2.9232809116192287e-44
esm2_frozen_bilstm_attn,test,1,combined,sequence_distal_ge21_no_direct_ca,query_to_band_contact_count,176,723,0.0,0.0,0.0,True,1.0,1.0
esm2_frozen_bilstm_attn,test,1,combined,sequence_distal_ge21_no_direct_ca,query_to_band_contact_fraction,176,723,0.0,0.0,0.0,True,1.0,1.0
esm2_frozen_bilstm_attn,test,1,combined,sequence_distal_ge21_no_direct_ca,query_water_contact_count,176,723,0.04975632310781361,-0.0201059852034826,0.11961863141910982,True,0.7031386893685874,0.9337591576538739
esm2_frozen_bilstm_attn,test,1,combined,sequence_distal_ge21_no_direct_ca,reachable_query_water_entry_count,176,723,0.0005273367834228796,-0.0036156825359187224,0.0046703561027644815,True,0.008146902228698568,0.020574913028738206
esm2_frozen_bilstm_attn,test,1,combined,sequence_distal_ge21_no_direct_ca,relative_backbone_orientation_cosine,175,717,-0.0035698772932957162,-0.04507868168710261,0.03793892710051119,True,0.5454726578478978,0.7875350666051602
esm2_frozen_bilstm_attn,test,1,combined,sequence_distal_ge21_no_direct_ca,rsa,176,723,0.12823301895512637,0.10878770346532199,0.14767833444493075,True,1.3848133456126368e-25,1.6149654227707932e-24
esm2_frozen_bilstm_attn,test,1,combined,sequence_distal_ge21_no_direct_ca,same_community_as_band_apex,176,723,0.0011602666848991203,-0.02998223956135808,0.03230277293115632,True,0.13737776624912437,0.26701594003350937
esm2_frozen_bilstm_attn,test,1,combined,sequence_distal_ge21_no_direct_ca,same_community_as_band_majority,175,680,0.001472259061505663,-0.032170089071238986,0.035114607194250316,True,0.1927259101754288,0.3594077784352591
esm2_frozen_bilstm_attn,test,1,combined,sequence_distal_ge21_no_direct_ca,same_ecod_domain_as_band_apex,175,714,-0.004776513999646937,-0.013996617034919237,0.004443589035625364,True,0.48845566937989204,0.7320204420752048
esm2_frozen_bilstm_attn,test,1,combined,sequence_distal_ge21_no_direct_ca,shared_water_count,176,723,0.000691162427159501,-0.0027663950569626365,0.004148719911281638,True,0.00432400493446039,0.011787459348256611
esm2_frozen_bilstm_attn,test,1,combined,sequence_distal_ge21_no_direct_ca,shared_water_fraction_of_band_contacts,176,723,0.0001187487774759177,-0.0015108609998943296,0.001748358554846165,True,0.00432400493446039,0.011787459348256611
esm2_frozen_bilstm_attn,test,1,combined,sequence_distal_ge21_no_direct_ca,shared_water_fraction_of_query_contacts,176,723,1.8124753091150406e-05,-0.0016761233501400268,0.0017123728563223277,True,0.00432400493446039,0.011787459348256611
esm2_frozen_bilstm_attn,test,1,combined,sequence_distal_ge21_no_direct_ca,shares_any_ecod_domain_with_band,175,716,-0.0031900624825357184,-0.011775053701430511,0.005394928736359075,True,0.4010619910279374,0.6423197844702749
esm2_frozen_bilstm_attn,test,1,combined,sequence_distal_ge21_no_direct_ca,shortest_nonlocal_contact_path_edges,168,696,0.4324130778927341,0.25491096157513005,0.6099151942103381,True,3.702193808251806e-06,1.4989811605048877e-05
esm2_frozen_bilstm_attn,test,1,combined,sequence_distal_ge21_no_direct_ca,shortest_ordinary_contact_path_edges,176,723,0.23012331936395067,0.05101291707012717,0.40923372165777416,True,0.0006052447871282042,0.001971831660232223
esm2_frozen_bilstm_attn,test,1,combined,sequence_distal_ge21_no_direct_ca,torsion_change_from_previous,176,723,16.68691278443495,10.865939510236002,22.507886058633893,True,6.536195274161336e-13,4.364491683069021e-12
esm2_frozen_bilstm_attn,test,1,combined,sequence_distal_ge21_no_direct_ca,water_path_at_most_1,176,723,0.0009312404535886133,-0.002392122533539387,0.004254603440716614,True,0.00432400493446039,0.011787459348256611
esm2_frozen_bilstm_attn,test,1,combined,sequence_distal_ge21_no_direct_ca,water_path_at_most_2,176,723,0.0009771685453498285,-0.0025409014736744355,0.004495238564374092,True,0.001263559472435463,0.0038044627024602304
esm2_frozen_bilstm_attn,test,1,combined,sequence_distal_ge21_no_direct_ca,water_path_at_most_3,176,723,0.0012458247631521675,-0.002356381325610046,0.004848030851914381,True,0.002670436282807066,0.007572333021110448
esm2_frozen_bilstm_attn,test,1,combined,sequence_distal_ge21_no_direct_ca,water_path_exists,176,723,0.0012324516438083342,-0.0024284530057957832,0.004893356293412452,True,0.008146902228698568,0.020574913028738206
esm2_frozen_bilstm_attn,test,1,combined,sequence_distal_ge21_no_direct_ca,water_path_without_direct_ca_contact,176,723,0.0012324516438083342,-0.0024284530057957832,0.004893356293412452,True,0.008146902228698568,0.020574913028738206
esm2_frozen_bilstm_attn,test,1,combined,sequence_distal_ge21_no_direct_ca,water_path_without_direct_polar_contact,176,723,-0.00031072174767232045,-0.002339590845008544,0.0017181473496639028,True,0.005152397042092064,0.013690373993188945
esm2_frozen_bilstm_attn,test,-1,combined,all_eligible_queries,absolute_backbone_orientation_cosine,116,312,0.017526923123709046,-0.009943835520138278,0.04499768176755637,True,0.22727494633160844,0.4104332727646059
esm2_frozen_bilstm_attn,test,-1,combined,all_eligible_queries,absolute_sequence_separation,117,313,-0.9760933304287702,-3.6607818293161993,1.7085951684586589,True,0.7117032769279408,0.9413583279494169
esm2_frozen_bilstm_attn,test,-1,combined,all_eligible_queries,band_water_contact_count,116,312,0.0,0.0,0.0,True,1.0,1.0
esm2_frozen_bilstm_attn,test,-1,combined,all_eligible_queries,direct_ca_contact,116,312,0.1303199715589858,0.0968713735383567,0.16376856957961491,True,5.394032051902122e-13,3.6311045032316726e-12
esm2_frozen_bilstm_attn,test,-1,combined,all_eligible_queries,direct_putative_polar_contact,116,312,0.060235587323422275,0.03610027648273701,0.08437089816410753,True,5.562672242319724e-10,3.1985365393338416e-09
esm2_frozen_bilstm_attn,test,-1,combined,all_eligible_queries,direct_putative_polar_contact_count,116,312,0.36505678695981003,0.26752804628738286,0.4625855276322372,True,1.933200757632093e-14,1.3799053683787697e-13
esm2_frozen_bilstm_attn,test,-1,combined,all_eligible_queries,disorder,117,313,-0.009387054293595124,-0.019975811430230243,0.0012017028430399944,True,3.975631567765367e-26,4.736435882172265e-25
esm2_frozen_bilstm_attn,test,-1,combined,all_eligible_queries,mean_query_contact_water_degree,105,288,0.002733949663337637,-0.06953020887065646,0.07499810819733173,True,0.6172994135892521,0.8632431974693473
esm2_frozen_bilstm_attn,test,-1,combined,all_eligible_queries,minimum_ca_distance_angstrom,116,312,-2.712428434743126,-3.492550057882543,-1.9323068116037092,True,2.0883550312393552e-08,1.067381460411226e-07
esm2_frozen_bilstm_attn,test,-1,combined,all_eligible_queries,minimum_heavy_atom_distance_angstrom,116,312,-2.54973493618403,-3.3217158185749107,-1.7777540537931489,True,6.471530404742244e-08,3.115364636701499e-07
esm2_frozen_bilstm_attn,test,-1,combined,all_eligible_queries,minimum_polar_atom_distance_angstrom,116,312,-2.1293148506551716,-2.8742231139200323,-1.3844065873903106,True,3.865427244352972e-06,1.557456816702803e-05
esm2_frozen_bilstm_attn,test,-1,combined,all_eligible_queries,neq,117,313,-0.4022638615365188,-0.44953310293145576,-0.3549946201415818,True,9.62964972193618e-35,1.7523846087391552e-33
esm2_frozen_bilstm_attn,test,-1,combined,all_eligible_queries,nonlocal_contact_path_exists,116,312,0.005982589725961626,-0.0009777953533162374,0.012942974805239489,True,0.00738525390625,0.01890259732418856
esm2_frozen_bilstm_attn,test,-1,combined,all_eligible_queries,normalized_query_position,117,313,-0.00633775367330194,-0.028075214202298922,0.015399706855695042,True,0.8534084458955624,1.0
esm2_frozen_bilstm_attn,test,-1,combined,all_eligible_queries,one_water_bridge,116,312,0.0019771333362955915,-0.004484886954697443,0.008439153627288627,True,0.2558750795433298,0.4498186111717135
esm2_frozen_bilstm_attn,test,-1,combined,all_eligible_queries,ordinary_contact_path_exists,116,312,0.0,0.0,0.0,True,1.0,1.0
esm2_frozen_bilstm_attn,test,-1,combined,all_eligible_queries,query_distance_to_band_domain_boundary_sequence,116,312,2.818632177154071,-0.3685575027900181,6.0058218570981605,True,0.16342317247754803,0.31395449376197165
esm2_frozen_bilstm_attn,test,-1,combined,all_eligible_queries,query_distance_to_community_boundary_edges,116,312,-0.3459685608688421,-0.42437584812902407,-0.2675612736086601,True,2.3144662509616954e-11,1.4463230609783274e-10
esm2_frozen_bilstm_attn,test,-1,combined,all_eligible_queries,query_distance_to_ecod_boundary_sequence,116,312,3.5306323154904375,0.5155612681011452,6.545703362879729,True,0.0198791037382339,0.04726100642997181
esm2_frozen_bilstm_attn,test,-1,combined,all_eligible_queries,query_in_any_band,117,313,0.49361216963304005,0.43306419950041186,0.5541601397656682,True,1.843580919042669e-22,1.6960944455192557e-21
esm2_frozen_bilstm_attn,test,-1,combined,all_eligible_queries,query_to_band_contact_count,116,312,0.5257258436699159,0.4189580061582168,0.6324936811816151,True,1.3281749873159826e-18,1.0625399898527862e-17
esm2_frozen_bilstm_attn,test,-1,combined,all_eligible_queries,query_to_band_contact_fraction,116,312,0.10067073716408477,0.07951840597520286,0.12182306835296668,True,1.3281749873159826e-18,1.0625399898527862e-17
esm2_frozen_bilstm_attn,test,-1,combined,all_eligible_queries,query_water_contact_count,116,312,-0.2978896818282546,-0.38718516997324104,-0.20859419368326818,True,3.184148874615075e-08,1.5978637988977468e-07
esm2_frozen_bilstm_attn,test,-1,combined,all_eligible_queries,reachable_query_water_entry_count,116,312,-0.004290868654757346,-0.019127531574929704,0.01054579426541501,True,0.13367423536410522,0.26104308226763945
esm2_frozen_bilstm_attn,test,-1,combined,all_eligible_queries,relative_backbone_orientation_cosine,116,312,0.03332781305358474,-0.011094884678569922,0.0777505107857394,True,0.7807391284762693,0.9861967938647611
esm2_frozen_bilstm_attn,test,-1,combined,all_eligible_queries,rsa,117,313,-0.14654096848682638,-0.1670840713566703,-0.12599786561698245,True,1.1625691644538388e-20,9.772662620992675e-20
esm2_frozen_bilstm_attn,test,-1,combined,all_eligible_queries,same_community_as_band_apex,116,312,0.0677490157870508,0.024514661933216372,0.11098336964088522,True,0.17564027334487992,0.332792096863983
esm2_frozen_bilstm_attn,test,-1,combined,all_eligible_queries,same_community_as_band_majority,115,291,0.03440499056354962,-0.008218126857865188,0.07702810798496443,True,1.0,1.0
esm2_frozen_bilstm_attn,test,-1,combined,all_eligible_queries,same_ecod_domain_as_band_apex,116,312,-0.01081707839548378,-0.024793608713906685,0.003159451922939125,True,0.06524533522315325,0.13781412644074206
esm2_frozen_bilstm_attn,test,-1,combined,all_eligible_queries,shared_water_count,116,312,0.0032462904504666833,-0.00452004057025273,0.011012621471186096,True,0.2558750795433298,0.4498186111717135
esm2_frozen_bilstm_attn,test,-1,combined,all_eligible_queries,shared_water_fraction_of_band_contacts,116,312,0.0006003021014887592,-0.0018467985901215091,0.0030474027930990277,True,0.417692190836533,0.6619122182060274
esm2_frozen_bilstm_attn,test,-1,combined,all_eligible_queries,shared_water_fraction_of_query_contacts,116,312,0.0004395075013925267,-0.0038348528377498536,0.004713867840534907,True,0.417692190836533,0.6619122182060274
esm2_frozen_bilstm_attn,test,-1,combined,all_eligible_queries,shares_any_ecod_domain_with_band,116,312,-0.01081707839548378,-0.024793608713906685,0.003159451922939125,True,0.06524533522315325,0.13781412644074206
esm2_frozen_bilstm_attn,test,-1,combined,all_eligible_queries,shortest_nonlocal_contact_path_edges,116,311,-0.5677420458674317,-0.727797950626933,-0.4076861411079305,True,4.253744081497799e-07,1.8635450261799882e-06
esm2_frozen_bilstm_attn,test,-1,combined,all_eligible_queries,shortest_ordinary_contact_path_edges,116,312,-0.532020554804311,-0.6910808432705698,-0.3729602663380521,True,1.5261651463770288e-08,7.922662954233102e-08
esm2_frozen_bilstm_attn,test,-1,combined,all_eligible_queries,torsion_change_from_previous,117,313,-46.588970119913036,-53.03845252810953,-40.13948771171654,True,1.4203733339855864e-33,2.4501440011251366e-32
esm2_frozen_bilstm_attn,test,-1,combined,all_eligible_queries,water_path_at_most_1,116,312,0.0019771333362955915,-0.004484886954697443,0.008439153627288627,True,0.2558750795433298,0.4498186111717135
esm2_frozen_bilstm_attn,test,-1,combined,all_eligible_queries,water_path_at_most_2,116,312,-0.004336774405249603,-0.015317176289710558,0.006643627479211352,True,0.27167916606550335,0.47074224004196413
esm2_frozen_bilstm_attn,test,-1,combined,all_eligible_queries,water_path_at_most_3,116,312,-0.0034871774939267113,-0.014523881166287203,0.007549526178433781,True,0.13367423536410522,0.26104308226763945
esm2_frozen_bilstm_attn,test,-1,combined,all_eligible_queries,water_path_exists,116,312,-0.00494961592407141,-0.016391289599178557,0.006492057751035737,True,0.22032849417661093,0.4005093154297121
esm2_frozen_bilstm_attn,test,-1,combined,all_eligible_queries,water_path_without_direct_ca_contact,116,312,-0.00031528552871620797,-0.004970759058744149,0.004340188001311733,True,1.0,1.0
esm2_frozen_bilstm_attn,test,-1,combined,all_eligible_queries,water_path_without_direct_polar_contact,116,312,-0.0015059613906552405,-0.0074976639509038955,0.004485741169593415,True,0.6271025701571489,0.8654015468168654
esm2_frozen_bilstm_attn,test,-1,combined,sequence_distal_ge21,absolute_backbone_orientation_cosine,113,308,0.00011224978133640019,-0.02313409540204049,0.023358594964713292,True,0.5726564757939484,0.816812337566562
esm2_frozen_bilstm_attn,test,-1,combined,sequence_distal_ge21,absolute_sequence_separation,114,309,-0.48688717673082904,-3.8232850497284345,2.8495106962667767,True,0.5122548722298452,0.7513676425266818
esm2_frozen_bilstm_attn,test,-1,combined,sequence_distal_ge21,band_water_contact_count,113,308,0.0,0.0,0.0,True,1.0,1.0
esm2_frozen_bilstm_attn,test,-1,combined,sequence_distal_ge21,direct_ca_contact,113,308,0.09339010144003292,0.05928935718251639,0.12749084569754943,True,7.292898576420455e-10,4.178906589118434e-09
esm2_frozen_bilstm_attn,test,-1,combined,sequence_distal_ge21,direct_putative_polar_contact,113,308,0.012768095022986849,-0.005555207866269316,0.031091397912243014,True,0.735878800856881,0.9572783143904123
esm2_frozen_bilstm_attn,test,-1,combined,sequence_distal_ge21,direct_putative_polar_contact_count,113,308,0.012866423434038505,-0.005470138744152864,0.031202985612229873,True,0.735878800856881,0.9572783143904123
esm2_frozen_bilstm_attn,test,-1,combined,sequence_distal_ge21,disorder,114,309,-0.005596985465712547,-0.01824402205878563,0.007050051127360537,True,2.7161864516312895e-25,3.1236144193759833e-24
esm2_frozen_bilstm_attn,test,-1,combined,sequence_distal_ge21,mean_query_contact_water_degree,103,281,0.007951517015426327,-0.06440562919745403,0.0803086632283067,True,0.36335418766405314,0.5993172657088367
esm2_frozen_bilstm_attn,test,-1,combined,sequence_distal_ge21,minimum_ca_distance_angstrom,113,308,-2.6432476176390374,-3.549352036992604,-1.7371431982854708,True,1.7300043785001778e-06,7.2163406821065345e-06
esm2_frozen_bilstm_attn,test,-1,combined,sequence_distal_ge21,minimum_heavy_atom_distance_angstrom,113,308,-2.5483837106938205,-3.440153226505179,-1.656614194882462,True,6.445381010320707e-05,0.00023719002117980202
esm2_frozen_bilstm_attn,test,-1,combined,sequence_distal_ge21,minimum_polar_atom_distance_angstrom,113,308,-2.2382963043750213,-3.112039568914841,-1.3645530398352017,True,0.004553556466032557,0.01224137907102259
esm2_frozen_bilstm_attn,test,-1,combined,sequence_distal_ge21,neq,114,309,-0.39626059167955463,-0.4456914175419986,-0.34682976581711067,True,3.851859888774472e-34,6.785829761500558e-33
esm2_frozen_bilstm_attn,test,-1,combined,sequence_distal_ge21,nonlocal_contact_path_exists,113,308,0.009687418848891521,-0.0022313627802673895,0.02160620047805043,True,0.00738525390625,0.01890259732418856
esm2_frozen_bilstm_attn,test,-1,combined,sequence_distal_ge21,normalized_query_position,114,309,-0.00612248161081003,-0.03357703729163694,0.02133207407001688,True,0.9254349612567242,1.0
esm2_frozen_bilstm_attn,test,-1,combined,sequence_distal_ge21,one_water_bridge,113,308,-0.0014281403524718718,-0.007989395870191051,0.005133115165247308,True,1.0,1.0
esm2_frozen_bilstm_attn,test,-1,combined,sequence_distal_ge21,ordinary_contact_path_exists,113,308,0.0,0.0,0.0,True,1.0,1.0
esm2_frozen_bilstm_attn,test,-1,combined,sequence_distal_ge21,query_distance_to_band_domain_boundary_sequence,113,308,3.288615935484099,-0.48913821426845683,7.066370085236655,True,0.03801864558279637,0.08462214661977258
esm2_frozen_bilstm_attn,test,-1,combined,sequence_distal_ge21,query_distance_to_community_boundary_edges,113,308,-0.3554669366474561,-0.4457975199832659,-0.2651363533116463,True,1.2159603232656297e-08,6.392477128025025e-08
esm2_frozen_bilstm_attn,test,-1,combined,sequence_distal_ge21,query_distance_to_ecod_boundary_sequence,113,308,4.115384364854856,0.4821175197727676,7.748651209936945,True,0.023534002126010006,0.05527986882364904
esm2_frozen_bilstm_attn,test,-1,combined,sequence_distal_ge21,query_in_any_band,114,309,0.5719634264519787,0.5057832694212463,0.6381435834827112,True,8.07995881983345e-21,6.861749643920099e-20
esm2_frozen_bilstm_attn,test,-1,combined,sequence_distal_ge21,query_to_band_contact_count,113,308,0.14654384288206995,0.09260715896787686,0.20048052679626305,True,7.72091844381201e-09,4.151247059400224e-08
esm2_frozen_bilstm_attn,test,-1,combined,sequence_distal_ge21,query_to_band_contact_fraction,113,308,0.025217172016942308,0.0161970091625767,0.034237334871307916,True,4.446306937765536e-10,2.574504996132772e-09
esm2_frozen_bilstm_attn,test,-1,combined,sequence_distal_ge21,query_water_contact_count,113,308,-0.26704956694334864,-0.35360715444715574,-0.18049197943954154,True,1.1106999545541781e-07,5.225338422561702e-07
esm2_frozen_bilstm_attn,test,-1,combined,sequence_distal_ge21,reachable_query_water_entry_count,113,308,-0.00018285866913769644,-0.008545023136686892,0.0081793057984115,True,0.617719317029696,0.8632431974693473
esm2_frozen_bilstm_attn,test,-1,combined,sequence_distal_ge21,relative_backbone_orientation_cosine,113,308,0.011907596118766963,-0.04018399227471884,0.06399918451225277,True,0.7068822614919525,0.9379783854412447
esm2_frozen_bilstm_attn,test,-1,combined,sequence_distal_ge21,rsa,114,309,-0.14591919438242754,-0.1678910114610982,-0.12394737730375688,True,5.722965936636594e-23,5.54224069653228e-22
esm2_frozen_bilstm_attn,test,-1,combined,sequence_distal_ge21,same_community_as_band_apex,113,308,0.061576432843519525,0.022707049362455316,0.10044581632458374,True,0.0854105891128046,0.17657919546916906
esm2_frozen_bilstm_attn,test,-1,combined,sequence_distal_ge21,same_community_as_band_majority,112,288,0.021846008716193886,-0.01605517328769575,0.059747190720083526,True,0.8358461346314859,1.0
esm2_frozen_bilstm_attn,test,-1,combined,sequence_distal_ge21,same_ecod_domain_as_band_apex,113,308,-0.013013797531027119,-0.029989911838105822,0.0039623167760515846,True,0.13249816396273675,0.25935810818237837
esm2_frozen_bilstm_attn,test,-1,combined,sequence_distal_ge21,shared_water_count,113,308,-0.0018091629700224222,-0.008513441808875605,0.004895115868830761,True,1.0,1.0
esm2_frozen_bilstm_attn,test,-1,combined,sequence_distal_ge21,shared_water_fraction_of_band_contacts,113,308,0.00029552764251952664,-0.0021058707713637105,0.0026969260564027636,True,1.0,1.0
esm2_frozen_bilstm_attn,test,-1,combined,sequence_distal_ge21,shared_water_fraction_of_query_contacts,113,308,-0.00029343853694558075,-0.004775795093222224,0.004188918019331063,True,1.0,1.0
esm2_frozen_bilstm_attn,test,-1,combined,sequence_distal_ge21,shares_any_ecod_domain_with_band,113,308,-0.013013797531027119,-0.029989911838105822,0.0039623167760515846,True,0.13249816396273675,0.25935810818237837
esm2_frozen_bilstm_attn,test,-1,combined,sequence_distal_ge21,shortest_nonlocal_contact_path_edges,113,307,-0.6027193173692876,-0.7900829295762455,-0.4153557051623297,True,1.6356858141740275e-05,6.343549668084754e-05
esm2_frozen_bilstm_attn,test,-1,combined,sequence_distal_ge21,shortest_ordinary_contact_path_edges,113,308,-0.5707886042320622,-0.7580783645805496,-0.3834988438835749,True,9.322584031886636e-07,3.999533460311987e-06
esm2_frozen_bilstm_attn,test,-1,combined,sequence_distal_ge21,torsion_change_from_previous,114,309,-47.592299539005516,-54.10053369013586,-41.08406538787517,True,9.62964972193618e-35,1.7523846087391552e-33
esm2_frozen_bilstm_attn,test,-1,combined,sequence_distal_ge21,water_path_at_most_1,113,308,-0.0014281403524718718,-0.007989395870191051,0.005133115165247308,True,1.0,1.0
esm2_frozen_bilstm_attn,test,-1,combined,sequence_distal_ge21,water_path_at_most_2,113,308,0.0004905797737570889,-0.007825678842283763,0.008806838389797941,True,0.8641662404406816,1.0
esm2_frozen_bilstm_attn,test,-1,combined,sequence_distal_ge21,water_path_at_most_3,113,308,0.00043527004254053124,-0.007821387659529621,0.008691927744610684,True,0.8679394004284404,1.0
esm2_frozen_bilstm_attn,test,-1,combined,sequence_distal_ge21,water_path_exists,113,308,-5.198238722452722e-05,-0.008252112939239602,0.008148148164790547,True,0.8679394004284404,1.0
esm2_frozen_bilstm_attn,test,-1,combined,sequence_distal_ge21,water_path_without_direct_ca_contact,113,308,0.0018665903543681655,-0.00356282478412495,0.007296005492861281,True,1.0,1.0
esm2_frozen_bilstm_attn,test,-1,combined,sequence_distal_ge21,water_path_without_direct_polar_contact,113,308,-0.0008399035185007742,-0.008796286153343503,0.0071164791163419545,True,0.6075913612730801,0.8512447498039092
esm2_frozen_bilstm_attn,test,-1,combined,sequence_distal_ge21_no_direct_ca,absolute_backbone_orientation_cosine,112,307,0.00909615070669956,-0.014450005584205405,0.03264230699760452,True,0.3951933573578236,0.6347625604117905
esm2_frozen_bilstm_attn,test,-1,combined,sequence_distal_ge21_no_direct_ca,absolute_sequence_separation,112,307,-0.019267953054606175,-3.479562404140821,3.4410264980316088,True,0.6367997716142331,0.8773214823570467
esm2_frozen_bilstm_attn,test,-1,combined,sequence_distal_ge21_no_direct_ca,band_water_contact_count,112,307,0.0,0.0,0.0,True,1.0,1.0
esm2_frozen_bilstm_attn,test,-1,combined,sequence_distal_ge21_no_direct_ca,direct_ca_contact,112,307,0.0,0.0,0.0,True,1.0,1.0
esm2_frozen_bilstm_attn,test,-1,combined,sequence_distal_ge21_no_direct_ca,direct_putative_polar_contact,112,307,0.0031963485777230273,-0.0026414488282320535,0.009034145983678108,True,0.8318119049072266,1.0
esm2_frozen_bilstm_attn,test,-1,combined,sequence_distal_ge21_no_direct_ca,direct_putative_polar_contact_count,112,307,0.0033108174353690158,-0.0025756538061569995,0.009197288676895031,True,0.8318119049072266,1.0
esm2_frozen_bilstm_attn,test,-1,combined,sequence_distal_ge21_no_direct_ca,disorder,112,307,-0.013528277154936779,-0.021945900922306194,-0.005110653387567362,True,9.022943270855311e-29,1.2770935091056747e-27
esm2_frozen_bilstm_attn,test,-1,combined,sequence_distal_ge21_no_direct_ca,mean_query_contact_water_degree,103,280,0.006557180883389013,-0.06647900280576186,0.07959336457253988,True,0.18884671980890222,0.35296858691144706
esm2_frozen_bilstm_attn,test,-1,combined,sequence_distal_ge21_no_direct_ca,minimum_ca_distance_angstrom,112,307,-2.225413373148157,-3.121347236195791,-1.3294795101005228,True,0.0004209679285168773,0.0014026617497463758
esm2_frozen_bilstm_attn,test,-1,combined,sequence_distal_ge21_no_direct_ca,minimum_heavy_atom_distance_angstrom,112,307,-2.176137064616122,-3.0618995987762436,-1.2903745304560004,True,0.005890172980413241,0.015458203574586889
esm2_frozen_bilstm_attn,test,-1,combined,sequence_distal_ge21_no_direct_ca,minimum_polar_atom_distance_angstrom,112,307,-1.8917906542500806,-2.757601694905385,-1.025979613594776,True,0.029302222971632798,0.06675239583108189
esm2_frozen_bilstm_attn,test,-1,combined,sequence_distal_ge21_no_direct_ca,neq,112,307,-0.3696926547537345,-0.4147209786202484,-0.3246643308872205,True,3.0814879110195774e-33,5.260766990359196e-32
esm2_frozen_bilstm_attn,test,-1,combined,sequence_distal_ge21_no_direct_ca,nonlocal_contact_path_exists,112,307,0.007511686910653395,-0.003816045782098418,0.018839419603405207,True,0.012939453125,0.03169783191568047
esm2_frozen_bilstm_attn,test,-1,combined,sequence_distal_ge21_no_direct_ca,normalized_query_position,112,307,0.005003867101196873,-0.023154632647301096,0.03316236684969484,True,0.7769647513696718,0.9861967938647611
esm2_frozen_bilstm_attn,test,-1,combined,sequence_distal_ge21_no_direct_ca,one_water_bridge,112,307,0.0006303615255525259,-0.0035900885373601993,0.004850811588465251,True,0.803619384765625,1.0
esm2_frozen_bilstm_attn,test,-1,combined,sequence_distal_ge21_no_direct_ca,ordinary_contact_path_exists,112,307,0.0,0.0,0.0,True,1.0,1.0
esm2_frozen_bilstm_attn,test,-1,combined,sequence_distal_ge21_no_direct_ca,query_distance_to_band_domain_boundary_sequence,112,307,3.484081774335059,-0.3804141006328918,7.34857764930301,True,0.04673506819395992,0.10169943880315063
esm2_frozen_bilstm_attn,test,-1,combined,sequence_distal_ge21_no_direct_ca,query_distance_to_community_boundary_edges,112,307,-0.3570809885733835,-0.4477900887917986,-0.2663718883549684,True,4.4793745175678225e-08,2.1966559940364125e-07
esm2_frozen_bilstm_attn,test,-1,combined,sequence_distal_ge21_no_direct_ca,query_distance_to_ecod_boundary_sequence,112,307,4.119479328583156,0.42995020672605166,7.8090084504402615,True,0.01040920976712904,0.025921280262204045
esm2_frozen_bilstm_attn,test,-1,combined,sequence_distal_ge21_no_direct_ca,query_in_any_band,112,307,0.5940017604613926,0.5305542645887867,0.6574492563339985,True,4.7190556679600615e-25,5.389487024925422e-24
esm2_frozen_bilstm_attn,test,-1,combined,sequence_distal_ge21_no_direct_ca,query_to_band_contact_count,112,307,0.0,0.0,0.0,True,1.0,1.0
esm2_frozen_bilstm_attn,test,-1,combined,sequence_distal_ge21_no_direct_ca,query_to_band_contact_fraction,112,307,0.0,0.0,0.0,True,1.0,1.0
esm2_frozen_bilstm_attn,test,-1,combined,sequence_distal_ge21_no_direct_ca,query_water_contact_count,112,307,-0.21807373701761076,-0.3132323332510971,-0.12291514078412444,True,9.451045782408048e-06,3.708751615087139e-05
esm2_frozen_bilstm_attn,test,-1,combined,sequence_distal_ge21_no_direct_ca,reachable_query_water_entry_count,112,307,0.0026856338568327434,-0.0037369751323350162,0.009108242846000503,True,1.0,1.0
esm2_frozen_bilstm_attn,test,-1,combined,sequence_distal_ge21_no_direct_ca,relative_backbone_orientation_cosine,112,307,-0.010622946574224601,-0.06629968190854582,0.04505378876009662,True,0.5085131799736629,0.7465406259187816
esm2_frozen_bilstm_attn,test,-1,combined,sequence_distal_ge21_no_direct_ca,rsa,112,307,-0.13313664461348867,-0.15351214254684678,-0.11276114668013057,True,1.9275817215653917e-18,1.5273087707714298e-17
esm2_frozen_bilstm_attn,test,-1,combined,sequence_distal_ge21_no_direct_ca,same_community_as_band_apex,112,307,0.032831655550260276,-0.005268231395667421,0.07093154249618797,True,0.25132210347485456,0.4451223565287264
esm2_frozen_bilstm_attn,test,-1,combined,sequence_distal_ge21_no_direct_ca,same_community_as_band_majority,111,287,-0.0053907714824765005,-0.04177595723616983,0.03099441427121683,True,1.0,1.0
esm2_frozen_bilstm_attn,test,-1,combined,sequence_distal_ge21_no_direct_ca,same_ecod_domain_as_band_apex,112,307,-0.01055111531676384,-0.0252579982644092,0.00415576763088152,True,0.005988120567053557,0.01566560451665196
esm2_frozen_bilstm_attn,test,-1,combined,sequence_distal_ge21_no_direct_ca,shared_water_count,112,307,0.00013432977582505536,-0.004420900603001981,0.004689560154652091,True,0.803619384765625,1.0
esm2_frozen_bilstm_attn,test,-1,combined,sequence_distal_ge21_no_direct_ca,shared_water_fraction_of_band_contacts,112,307,0.0007675742943002484,-0.0013065518310153234,0.00284170041961582,True,0.803619384765625,1.0
esm2_frozen_bilstm_attn,test,-1,combined,sequence_distal_ge21_no_direct_ca,shared_water_fraction_of_query_contacts,112,307,0.0007617878415326162,-0.002225338701860876,0.0037489143849261082,True,0.803619384765625,1.0
esm2_frozen_bilstm_attn,test,-1,combined,sequence_distal_ge21_no_direct_ca,shares_any_ecod_domain_with_band,112,307,-0.01055111531676384,-0.0252579982644092,0.00415576763088152,True,0.005988120567053557,0.01566560451665196
esm2_frozen_bilstm_attn,test,-1,combined,sequence_distal_ge21_no_direct_ca,shortest_nonlocal_contact_path_edges,112,306,-0.4505788020730491,-0.6287651990815976,-0.2723924050645007,True,0.0005701181048309126,0.0018695358051484976
esm2_frozen_bilstm_attn,test,-1,combined,sequence_distal_ge21_no_direct_ca,shortest_ordinary_contact_path_edges,112,307,-0.45486533130031254,-0.6336817393083727,-0.27604892329225245,True,0.0010329356216356765,0.0031913085623669407
esm2_frozen_bilstm_attn,test,-1,combined,sequence_distal_ge21_no_direct_ca,torsion_change_from_previous,112,307,-46.9637766947684,-53.534848852334974,-40.39270453720182,True,3.851859888774472e-34,6.785829761500558e-33
esm2_frozen_bilstm_attn,test,-1,combined,sequence_distal_ge21_no_direct_ca,water_path_at_most_1,112,307,0.0006303615255525259,-0.0035900885373601993,0.004850811588465251,True,0.803619384765625,1.0
esm2_frozen_bilstm_attn,test,-1,combined,sequence_distal_ge21_no_direct_ca,water_path_at_most_2,112,307,0.0031399968000764534,-0.0027750593788454718,0.009055052978998378,True,1.0,1.0
esm2_frozen_bilstm_attn,test,-1,combined,sequence_distal_ge21_no_direct_ca,water_path_at_most_3,112,307,0.0033074075210144708,-0.0026965718467630534,0.009311386888791994,True,1.0,1.0
esm2_frozen_bilstm_attn,test,-1,combined,sequence_distal_ge21_no_direct_ca,water_path_exists,112,307,0.0027988944494623746,-0.003305147693924881,0.00890293659284963,True,1.0,1.0
esm2_frozen_bilstm_attn,test,-1,combined,sequence_distal_ge21_no_direct_ca,water_path_without_direct_ca_contact,112,307,0.0027988944494623746,-0.003305147693924881,0.00890293659284963,True,1.0,1.0
esm2_frozen_bilstm_attn,test,-1,combined,sequence_distal_ge21_no_direct_ca,water_path_without_direct_polar_contact,112,307,0.001992842867704374,-0.0037829283301878337,0.007768614065596582,True,1.0,1.0
esm2_frozen_bilstm_attn,test,-1,evidence_dominated,all_eligible_queries,shortest_water_path_water_count,7,8,0.5238095351627895,,,False,,
esm2_frozen_bilstm_attn,test,-1,evidence_dominated,sequence_distal_ge21,mean_query_contact_water_degree,116,301,0.005272246906325532,-0.0689097701619289,0.07945426397457997,True,0.5657001139736346,0.8103800940660372
esm2_frozen_bilstm_attn,test,-1,evidence_dominated,sequence_distal_ge21,shortest_water_path_water_count,6,7,0.6111111243565878,,,False,,
esm2_frozen_bilstm_attn,test,-1,evidence_dominated,sequence_distal_ge21_no_direct_ca,mean_query_contact_water_degree,115,300,-0.0007784818806477834,-0.07502860612112801,0.07347164235983243,True,0.5007663934164359,0.7417434235220195
esm2_frozen_bilstm_attn,test,1,evidence_dominated,all_eligible_queries,absolute_backbone_orientation_cosine,109,235,0.005738553650398057,-0.018721800738115267,0.030198908038911378,True,0.8481947835965661,1.0
esm2_frozen_bilstm_attn,test,1,evidence_dominated,all_eligible_queries,absolute_sequence_separation,113,244,0.5226587740632608,-2.262289028981332,3.3076065771078538,True,1.0,1.0
esm2_frozen_bilstm_attn,test,1,evidence_dominated,all_eligible_queries,band_water_contact_count,109,235,0.0,0.0,0.0,True,1.0,1.0
esm2_frozen_bilstm_attn,test,1,evidence_dominated,all_eligible_queries,direct_ca_contact,109,235,0.01181252241831466,-0.007317387974323117,0.030942432810952436,True,1.0,1.0
esm2_frozen_bilstm_attn,test,1,evidence_dominated,all_eligible_queries,direct_putative_polar_contact,109,235,0.02308028876388978,0.0001645652457518583,0.045996012282027696,True,0.6834892282353371,0.918716040550096
esm2_frozen_bilstm_attn,test,1,evidence_dominated,all_eligible_queries,direct_putative_polar_contact_count,109,235,0.03495690028250318,0.005307755655895734,0.06460604490911062,True,0.6834892282353371,0.918716040550096
esm2_frozen_bilstm_attn,test,1,evidence_dominated,all_eligible_queries,disorder,113,244,-0.023020587024430297,-0.0414863713633554,-0.004554802685505191,True,1.0,1.0
esm2_frozen_bilstm_attn,test,1,evidence_dominated,all_eligible_queries,minimum_ca_distance_angstrom,109,235,1.3538844105498227,0.22426047286297646,2.483508348236669,True,0.2502820046919219,0.4437548177407095
esm2_frozen_bilstm_attn,test,1,evidence_dominated,all_eligible_queries,minimum_heavy_atom_distance_angstrom,109,235,1.454043834320434,0.3255066141241427,2.5825810545167256,True,0.3381854121966621,0.5656919622198711
esm2_frozen_bilstm_attn,test,1,evidence_dominated,all_eligible_queries,minimum_polar_atom_distance_angstrom,109,235,1.2316812430810282,0.10561301205071882,2.357749474111338,True,0.2502820046919219,0.4437548177407095
esm2_frozen_bilstm_attn,test,1,evidence_dominated,all_eligible_queries,neq,113,244,0.6661647131274012,0.57787059051399,0.7544588357408124,True,7.952916585291773e-24,8.03050601539218e-23
esm2_frozen_bilstm_attn,test,1,evidence_dominated,all_eligible_queries,nonlocal_contact_path_exists,109,235,-0.04245642204204593,-0.06251100910585382,-0.02240183497823804,True,2.1054542433593656e-07,9.578659964294257e-07
esm2_frozen_bilstm_attn,test,1,evidence_dominated,all_eligible_queries,normalized_query_position,113,244,-0.0023954299935934893,-0.026370922692091955,0.021580062704904975,True,0.2588620001653155,0.4545869271195785
esm2_frozen_bilstm_attn,test,1,evidence_dominated,all_eligible_queries,one_water_bridge,109,235,0.004901472916882213,-0.0023693552754510015,0.012172301109215428,True,0.7428293587290682,0.9610354828557319
esm2_frozen_bilstm_attn,test,1,evidence_dominated,all_eligible_queries,ordinary_contact_path_exists,109,235,0.0,0.0,0.0,True,1.0,1.0
esm2_frozen_bilstm_attn,test,1,evidence_dominated,all_eligible_queries,query_distance_to_band_domain_boundary_sequence,109,235,-0.057272323934263264,-3.8628214553545894,3.748276807486063,True,0.7018111820646827,0.9327442355530615
esm2_frozen_bilstm_attn,test,1,evidence_dominated,all_eligible_queries,query_distance_to_community_boundary_edges,109,235,0.40101248828335956,0.2744836126234142,0.5275413639433049,True,1.0168289347541834e-09,5.781184773996676e-09
esm2_frozen_bilstm_attn,test,1,evidence_dominated,all_eligible_queries,query_distance_to_ecod_boundary_sequence,109,235,-0.7747645770473283,-4.238471990820661,2.6889428367260044,True,0.7018111820646827,0.9327442355530615
esm2_frozen_bilstm_attn,test,1,evidence_dominated,all_eligible_queries,query_in_any_band,113,244,0.5005946127928117,0.44018887860418027,0.5610003469814432,True,2.6256041585124165e-24,2.80516160419133e-23
esm2_frozen_bilstm_attn,test,1,evidence_dominated,all_eligible_queries,query_to_band_contact_count,109,235,0.06087007346705958,0.007306901747370385,0.11443324518674877,True,0.8151212352249976,1.0
esm2_frozen_bilstm_attn,test,1,evidence_dominated,all_eligible_queries,query_to_band_contact_fraction,109,235,0.017758616074128746,0.0017345294993620919,0.0337827026488954,True,1.0,1.0
esm2_frozen_bilstm_attn,test,1,evidence_dominated,all_eligible_queries,query_water_contact_count,109,235,0.15211831878636528,0.06816127393595971,0.23607536363677084,True,0.21076579397878203,0.38566646942415805
esm2_frozen_bilstm_attn,test,1,evidence_dominated,all_eligible_queries,reachable_query_water_entry_count,109,235,0.00400348026820918,-0.007813583832678848,0.015820544369097207,True,0.04887389231827033,0.10607492225302186
esm2_frozen_bilstm_attn,test,1,evidence_dominated,all_eligible_queries,relative_backbone_orientation_cosine,109,235,0.026251383961477113,-0.024740969407528523,0.07724373733048275,True,0.4436695012023487,0.6950962100199523
esm2_frozen_bilstm_attn,test,1,evidence_dominated,all_eligible_queries,rsa,113,244,0.1112519435418299,0.0918695268228909,0.1306343602607689,True,1.0769168220004768e-18,8.699386620647753e-18
esm2_frozen_bilstm_attn,test,1,evidence_dominated,all_eligible_queries,same_community_as_band_apex,109,235,-0.010735955198939367,-0.043207675245533775,0.021735764847655038,True,0.35332803247158273,0.5868718372847954
esm2_frozen_bilstm_attn,test,1,evidence_dominated,all_eligible_queries,same_community_as_band_majority,105,222,-0.010812055384494278,-0.0459474249718612,0.024323314202872648,True,0.4069243680461353,0.6479488014273078
esm2_frozen_bilstm_attn,test,1,evidence_dominated,all_eligible_queries,same_ecod_domain_as_band_apex,109,235,-0.008945062587704946,-0.023127796095207258,0.005237670919797365,True,0.4995598332025112,0.7416899545757214
esm2_frozen_bilstm_attn,test,1,evidence_dominated,all_eligible_queries,shared_water_count,109,235,0.006348548156743783,-0.0022577886979707066,0.014954885011458273,True,0.7428293587290682,0.9610354828557319
esm2_frozen_bilstm_attn,test,1,evidence_dominated,all_eligible_queries,shared_water_fraction_of_band_contacts,109,235,0.001195589432217235,-0.0011863872295755102,0.0035775660940099803,True,0.7428293587290682,0.9610354828557319
esm2_frozen_bilstm_attn,test,1,evidence_dominated,all_eligible_queries,shared_water_fraction_of_query_contacts,109,235,0.0019104144922789277,-0.0018974266351760483,0.005718255619733903,True,0.7428293587290682,0.9610354828557319
esm2_frozen_bilstm_attn,test,1,evidence_dominated,all_eligible_queries,shares_any_ecod_domain_with_band,109,235,-0.009807160686989684,-0.024020914803644232,0.004406593429664861,True,0.31050465907901537,0.5257624902196825
esm2_frozen_bilstm_attn,test,1,evidence_dominated,all_eligible_queries,shortest_nonlocal_contact_path_edges,109,233,0.39465079052560714,0.15482388075532363,0.6344777002958907,True,0.0006842302219330051,0.002201382297224122
esm2_frozen_bilstm_attn,test,1,evidence_dominated,all_eligible_queries,shortest_ordinary_contact_path_edges,109,235,0.2815283288555001,0.07385390520508442,0.4892027525059158,True,0.003854108187381312,0.010672914980440557
esm2_frozen_bilstm_attn,test,1,evidence_dominated,all_eligible_queries,torsion_change_from_previous,113,244,14.456939666232353,8.522582496971019,20.391296835493687,True,2.773113732181688e-05,0.00010605719031161375
esm2_frozen_bilstm_attn,test,1,evidence_dominated,all_eligible_queries,water_path_at_most_1,109,235,0.004901472916882213,-0.0023693552754510015,0.012172301109215428,True,0.7428293587290682,0.9610354828557319
esm2_frozen_bilstm_attn,test,1,evidence_dominated,all_eligible_queries,water_path_at_most_2,109,235,0.0017081201505874707,-0.006329851945614665,0.009746092246789606,True,0.029304946720529308,0.06675239583108189
esm2_frozen_bilstm_attn,test,1,evidence_dominated,all_eligible_queries,water_path_at_most_3,109,235,0.001660923638032505,-0.006501789808718159,0.00982363708478317,True,0.04438416098714981,0.09722244787661387
esm2_frozen_bilstm_attn,test,1,evidence_dominated,all_eligible_queries,water_path_exists,109,235,0.0015669847444106347,-0.006778244571073231,0.0099122140598945,True,0.032839137564268484,0.0739885874917396
esm2_frozen_bilstm_attn,test,1,evidence_dominated,all_eligible_queries,water_path_without_direct_ca_contact,109,235,-0.0012341460856373524,-0.006544594079567775,0.00407630190829307,True,0.004551384132355452,0.01224137907102259
esm2_frozen_bilstm_attn,test,1,evidence_dominated,all_eligible_queries,water_path_without_direct_polar_contact,109,235,-0.0005430211359971702,-0.007904303054056443,0.006818260782062103,True,0.007942726509483574,0.020204539323663284
esm2_frozen_bilstm_attn,test,1,evidence_dominated,sequence_distal_ge21,absolute_backbone_orientation_cosine,108,234,0.007172004586693775,-0.016665197623183404,0.031009206796570956,True,0.7729885295985336,0.9857261241352806
esm2_frozen_bilstm_attn,test,1,evidence_dominated,sequence_distal_ge21,absolute_sequence_separation,112,243,0.5129119232853425,-2.538332289853688,3.5641561364243737,True,0.7769647513696718,0.9861967938647611
esm2_frozen_bilstm_attn,test,1,evidence_dominated,sequence_distal_ge21,band_water_contact_count,108,234,0.0,0.0,0.0,True,1.0,1.0
esm2_frozen_bilstm_attn,test,1,evidence_dominated,sequence_distal_ge21,direct_ca_contact,108,234,0.009449746964080552,-0.013972603251825961,0.03287209717998706,True,0.5323087760278422,0.7739274215119462
esm2_frozen_bilstm_attn,test,1,evidence_dominated,sequence_distal_ge21,direct_putative_polar_contact,108,234,0.00856909066769693,-0.010909860782473586,0.028048042117867447,True,1.0,1.0
esm2_frozen_bilstm_attn,test,1,evidence_dominated,sequence_distal_ge21,direct_putative_polar_contact_count,108,234,0.008602021753221953,-0.010921531327186195,0.028125574833630103,True,1.0,1.0
esm2_frozen_bilstm_attn,test,1,evidence_dominated,sequence_distal_ge21,disorder,112,243,-0.019447836167202713,-0.04054192223468823,0.001646249900282802,True,0.3951933573578236,0.6347625604117905
esm2_frozen_bilstm_attn,test,1,evidence_dominated,sequence_distal_ge21,minimum_ca_distance_angstrom,108,234,1.4507528795427187,0.20443339766267088,2.6970723614227667,True,0.14857634761056238,0.287432747246602
esm2_frozen_bilstm_attn,test,1,evidence_dominated,sequence_distal_ge21,minimum_heavy_atom_distance_angstrom,108,234,1.5408097756199224,0.2937270923965023,2.7878924588433422,True,0.21076579397878203,0.38566646942415805
esm2_frozen_bilstm_attn,test,1,evidence_dominated,sequence_distal_ge21,minimum_polar_atom_distance_angstrom,108,234,1.2577351102006333,0.01141005753188562,2.504060162869381,True,0.2897982154050616,0.4969586121860682
esm2_frozen_bilstm_attn,test,1,evidence_dominated,sequence_distal_ge21,neq,112,243,0.6581825913149905,0.5495479710898079,0.766817211540173,True,1.4930154501196073e-23,1.4804991529329757e-22
esm2_frozen_bilstm_attn,test,1,evidence_dominated,sequence_distal_ge21,nonlocal_contact_path_exists,108,234,-0.04858200536305333,-0.07276004485847626,-0.02440396586763039,True,5.8713304145961997e-08,2.8346714771344914e-07
esm2_frozen_bilstm_attn,test,1,evidence_dominated,sequence_distal_ge21,normalized_query_position,112,243,0.000940489843644981,-0.02585707174233538,0.02773805142962534,True,0.15606630199376736,0.30086821432092986
esm2_frozen_bilstm_attn,test,1,evidence_dominated,sequence_distal_ge21,one_water_bridge,108,234,0.0038325721612576112,-0.0029247979402246675,0.01058994226273989,True,0.48685024166479707,0.7309374435148721
esm2_frozen_bilstm_attn,test,1,evidence_dominated,sequence_distal_ge21,ordinary_contact_path_exists,108,234,0.0,0.0,0.0,True,1.0,1.0
esm2_frozen_bilstm_attn,test,1,evidence_dominated,sequence_distal_ge21,query_distance_to_band_domain_boundary_sequence,107,233,-0.20672138943137225,-4.290946129005649,3.877503350142904,True,0.43944010177908255,0.6904296096263384
esm2_frozen_bilstm_attn,test,1,evidence_dominated,sequence_distal_ge21,query_distance_to_community_boundary_edges,107,232,0.4179422590788376,0.2788491696197415,0.5570353485379337,True,6.880761307711572e-08,3.3027654277015546e-07
esm2_frozen_bilstm_attn,test,1,evidence_dominated,sequence_distal_ge21,query_distance_to_ecod_boundary_sequence,107,233,-1.2241037456666142,-4.9604006028212915,2.512193111488063,True,0.846802075189195,1.0
esm2_frozen_bilstm_attn,test,1,evidence_dominated,sequence_distal_ge21,query_in_any_band,112,243,0.5152253656116457,0.45160473458605466,0.5788459966372367,True,4.467940297571179e-23,4.352299489869337e-22
esm2_frozen_bilstm_attn,test,1,evidence_dominated,sequence_distal_ge21,query_to_band_contact_count,108,234,0.029084130584961267,-0.029979701509211795,0.08814796267913433,True,0.3817327947933377,0.6219830610665619
esm2_frozen_bilstm_attn,test,1,evidence_dominated,sequence_distal_ge21,query_to_band_contact_fraction,108,234,0.00866156566895047,-0.010610225390447542,0.027933356728348478,True,0.3817327947933377,0.6219830610665619
esm2_frozen_bilstm_attn,test,1,evidence_dominated,sequence_distal_ge21,query_water_contact_count,108,234,0.12023591381721248,0.02923679158253878,0.21123503605188618,True,0.0813530482059657,0.16861157425416673
esm2_frozen_bilstm_attn,test,1,evidence_dominated,sequence_distal_ge21,reachable_query_water_entry_count,108,234,0.0018929898220900808,-0.008925022192981595,0.012711001837161758,True,0.029304946720529308,0.06675239583108189
esm2_frozen_bilstm_attn,test,1,evidence_dominated,sequence_distal_ge21,relative_backbone_orientation_cosine,108,234,0.05018515045815522,-0.005986727993704213,0.10635702891001465,True,0.10143273504110477,0.20584878581871263
esm2_frozen_bilstm_attn,test,1,evidence_dominated,sequence_distal_ge21,rsa,112,243,0.10587336093885513,0.08464036573022626,0.127106356147484,True,2.2625192243556117e-19,1.8548177403628185e-18
esm2_frozen_bilstm_attn,test,1,evidence_dominated,sequence_distal_ge21,same_community_as_band_apex,108,234,0.0026078830268384113,-0.033926730165433135,0.03914249621910996,True,0.7546517496104984,0.9710204330652566
esm2_frozen_bilstm_attn,test,1,evidence_dominated,sequence_distal_ge21,same_community_as_band_majority,104,221,0.0020970241994746363,-0.036583309424766286,0.040777357823715554,True,0.6752224599160574,0.912045998059536
esm2_frozen_bilstm_attn,test,1,evidence_dominated,sequence_distal_ge21,same_ecod_domain_as_band_apex,107,233,-0.010164443802218641,-0.02576000106960113,0.00543111346516385,True,0.39152830513194203,0.6324464435870416
esm2_frozen_bilstm_attn,test,1,evidence_dominated,sequence_distal_ge21,shared_water_count,108,234,0.0037092316491474987,-0.0031504610305749894,0.010568924328869987,True,0.48685024166479707,0.7309374435148721
esm2_frozen_bilstm_attn,test,1,evidence_dominated,sequence_distal_ge21,shared_water_fraction_of_band_contacts,108,234,0.0009183699822261452,-0.0012315014156383704,0.0030682413800906605,True,0.48685024166479707,0.7309374435148721
esm2_frozen_bilstm_attn,test,1,evidence_dominated,sequence_distal_ge21,shared_water_fraction_of_query_contacts,108,234,0.0009557913404470749,-0.0025931904062718057,0.004504773087165956,True,0.48685024166479707,0.7309374435148721
esm2_frozen_bilstm_attn,test,1,evidence_dominated,sequence_distal_ge21,shares_any_ecod_domain_with_band,107,233,-0.011042655884667582,-0.026666401704654008,0.004581089935318845,True,0.22948101302608848,0.41314129829406737
esm2_frozen_bilstm_attn,test,1,evidence_dominated,sequence_distal_ge21,shortest_nonlocal_contact_path_edges,106,230,0.3789419831751622,0.11399834920848778,0.6438856171418366,True,0.0008214525388957499,0.002616010393098773
esm2_frozen_bilstm_attn,test,1,evidence_dominated,sequence_distal_ge21,shortest_ordinary_contact_path_edges,108,234,0.28090471166469827,0.056118804793322624,0.5056906185360739,True,0.009057983337532566,0.022727303646899892
esm2_frozen_bilstm_attn,test,1,evidence_dominated,sequence_distal_ge21,torsion_change_from_previous,112,243,12.603557792149171,5.847968937095388,19.359146647202955,True,6.566339353826235e-06,2.6139081658500587e-05
esm2_frozen_bilstm_attn,test,1,evidence_dominated,sequence_distal_ge21,water_path_at_most_1,108,234,0.0038325721612576112,-0.0029247979402246675,0.01058994226273989,True,0.48685024166479707,0.7309374435148721
esm2_frozen_bilstm_attn,test,1,evidence_dominated,sequence_distal_ge21,water_path_at_most_2,108,234,0.0009782675637669905,-0.006636875998873121,0.008593411126407102,True,0.02589608179323477,0.05990173247560068
esm2_frozen_bilstm_attn,test,1,evidence_dominated,sequence_distal_ge21,water_path_at_most_3,108,234,0.0008914911275639353,-0.006885865752168788,0.008668848007296658,True,0.03998605682605215,0.08840708959137832
esm2_frozen_bilstm_attn,test,1,evidence_dominated,sequence_distal_ge21,water_path_exists,108,234,0.0007619211609123976,-0.0072427047014518705,0.008766547023276665,True,0.029304946720529308,0.06675239583108189
esm2_frozen_bilstm_attn,test,1,evidence_dominated,sequence_distal_ge21,water_path_without_direct_ca_contact,108,234,-0.0009640367548995612,-0.006448844286709606,0.004520770776910484,True,0.0070003666914999485,0.018057020624803605
esm2_frozen_bilstm_attn,test,1,evidence_dominated,sequence_distal_ge21,water_path_without_direct_polar_contact,108,234,-0.0003047071933138901,-0.007939034434287824,0.007329620047660043,True,0.016094360031274842,0.03896529270729698
esm2_frozen_bilstm_attn,test,1,evidence_dominated,sequence_distal_ge21_no_direct_ca,absolute_backbone_orientation_cosine,107,232,0.00024212500843926417,-0.022850983761374753,0.023335233778253278,True,0.846802075189195,1.0
esm2_frozen_bilstm_attn,test,1,evidence_dominated,sequence_distal_ge21_no_direct_ca,absolute_sequence_separation,107,232,1.8103411006625891,-1.6054591544607373,5.2261413557859155,True,1.0,1.0
esm2_frozen_bilstm_attn,test,1,evidence_dominated,sequence_distal_ge21_no_direct_ca,band_water_contact_count,107,232,0.0,0.0,0.0,True,1.0,1.0
esm2_frozen_bilstm_attn,test,1,evidence_dominated,sequence_distal_ge21_no_direct_ca,direct_ca_contact,107,232,0.0,0.0,0.0,True,1.0,1.0
esm2_frozen_bilstm_attn,test,1,evidence_dominated,sequence_distal_ge21_no_direct_ca,direct_putative_polar_contact,107,232,-0.0014548882573609226,-0.0046371564845692145,0.0017273799698473698,True,0.30175781249999994,0.5118779277810419
esm2_frozen_bilstm_attn,test,1,evidence_dominated,sequence_distal_ge21_no_direct_ca,direct_putative_polar_contact_count,107,232,-0.0014548882573609226,-0.0046371564845692145,0.0017273799698473698,True,0.30175781249999994,0.5118779277810419
esm2_frozen_bilstm_attn,test,1,evidence_dominated,sequence_distal_ge21_no_direct_ca,disorder,107,232,0.00202915739623873,-0.016515528946640746,0.020573843739118206,True,0.0813530482059657,0.16861157425416673
esm2_frozen_bilstm_attn,test,1,evidence_dominated,sequence_distal_ge21_no_direct_ca,minimum_ca_distance_angstrom,107,232,1.428094199251387,0.19804265628138729,2.6581457422213868,True,0.3337051161974391,0.5593276036669628
esm2_frozen_bilstm_attn,test,1,evidence_dominated,sequence_distal_ge21_no_direct_ca,minimum_heavy_atom_distance_angstrom,107,232,1.5245306100738285,0.29159585799956345,2.7574653621480936,True,0.12151242187624421,0.2398385823922055
esm2_frozen_bilstm_attn,test,1,evidence_dominated,sequence_distal_ge21_no_direct_ca,minimum_polar_atom_distance_angstrom,107,232,1.2602337441423528,0.0265769300981602,2.4938905581865454,True,0.43944010177908255,0.6904296096263384
esm2_frozen_bilstm_attn,test,1,evidence_dominated,sequence_distal_ge21_no_direct_ca,neq,107,232,0.6394884878227499,0.5286947495228388,0.750282226122661,True,1.3764814213678804e-24,1.4996402853850066e-23
esm2_frozen_bilstm_attn,test,1,evidence_dominated,sequence_distal_ge21_no_direct_ca,nonlocal_contact_path_exists,107,232,-0.04468279327145581,-0.06917527258161751,-0.020190313961294098,True,1.5129781377543388e-07,6.959699433669959e-07
esm2_frozen_bilstm_attn,test,1,evidence_dominated,sequence_distal_ge21_no_direct_ca,normalized_query_position,107,232,-0.00048085529635555937,-0.026665672519030268,0.025703961926319147,True,0.43944010177908255,0.6904296096263384
esm2_frozen_bilstm_attn,test,1,evidence_dominated,sequence_distal_ge21_no_direct_ca,one_water_bridge,107,232,0.0008925554842561476,-0.003647718191303126,0.0054328291598154214,True,0.454498291015625,0.7046835198262684
esm2_frozen_bilstm_attn,test,1,evidence_dominated,sequence_distal_ge21_no_direct_ca,ordinary_contact_path_exists,107,232,0.0,0.0,0.0,True,1.0,1.0
esm2_frozen_bilstm_attn,test,1,evidence_dominated,sequence_distal_ge21_no_direct_ca,query_distance_to_band_domain_boundary_sequence,106,231,-0.14594143629907164,-4.250934413361888,3.959051540763745,True,0.28528442186565844,0.49262878270024024
esm2_frozen_bilstm_attn,test,1,evidence_dominated,sequence_distal_ge21_no_direct_ca,query_distance_to_community_boundary_edges,106,230,0.4203049351750065,0.2722283959537466,0.5683814743962664,True,1.0540017368882998e-07,4.986933932248641e-07
esm2_frozen_bilstm_attn,test,1,evidence_dominated,sequence_distal_ge21_no_direct_ca,query_distance_to_ecod_boundary_sequence,106,231,-1.0454036394512272,-4.824471922408025,2.7336646435055707,True,0.9226851594412753,1.0
esm2_frozen_bilstm_attn,test,1,evidence_dominated,sequence_distal_ge21_no_direct_ca,query_in_any_band,107,232,0.5211940935096441,0.4573042733614455,0.5850839136578426,True,1.252324512538536e-22,1.1650839285189975e-21
esm2_frozen_bilstm_attn,test,1,evidence_dominated,sequence_distal_ge21_no_direct_ca,query_to_band_contact_count,107,232,0.0,0.0,0.0,True,1.0,1.0
esm2_frozen_bilstm_attn,test,1,evidence_dominated,sequence_distal_ge21_no_direct_ca,query_to_band_contact_fraction,107,232,0.0,0.0,0.0,True,1.0,1.0
esm2_frozen_bilstm_attn,test,1,evidence_dominated,sequence_distal_ge21_no_direct_ca,query_water_contact_count,107,232,0.14259503791431555,0.04984281395710749,0.2353472618715236,True,0.025021349991899068,0.058277574664676306
esm2_frozen_bilstm_attn,test,1,evidence_dominated,sequence_distal_ge21_no_direct_ca,reachable_query_water_entry_count,107,232,0.00051375194999464,-0.008651906848497736,0.009679410748487017,True,0.0070003666914999485,0.018057020624803605
esm2_frozen_bilstm_attn,test,1,evidence_dominated,sequence_distal_ge21_no_direct_ca,relative_backbone_orientation_cosine,107,232,0.020082153214561454,-0.03605698700261631,0.07622129343173921,True,0.12151242187624421,0.2398385823922055
esm2_frozen_bilstm_attn,test,1,evidence_dominated,sequence_distal_ge21_no_direct_ca,rsa,107,232,0.12216880157706321,0.10250306524689155,0.14183453790723485,True,4.300826607582504e-18,3.375435479695084e-17
esm2_frozen_bilstm_attn,test,1,evidence_dominated,sequence_distal_ge21_no_direct_ca,same_community_as_band_apex,107,232,0.0059375165888914975,-0.026413496850812134,0.03828853002859513,True,0.4607924727189733,0.7100964661881812
esm2_frozen_bilstm_attn,test,1,evidence_dominated,sequence_distal_ge21_no_direct_ca,same_community_as_band_majority,103,219,0.0017209393201152753,-0.032944599422941624,0.03638647806317217,True,0.8322577540225792,1.0
esm2_frozen_bilstm_attn,test,1,evidence_dominated,sequence_distal_ge21_no_direct_ca,same_ecod_domain_as_band_apex,106,231,-0.007231033009439207,-0.020967791356540828,0.006505725337662413,True,0.296206368599087,0.5067332090910001
esm2_frozen_bilstm_attn,test,1,evidence_dominated,sequence_distal_ge21_no_direct_ca,shared_water_count,107,232,0.000975863702463711,-0.0036490705326207105,0.005600797937548132,True,0.454498291015625,0.7046835198262684
esm2_frozen_bilstm_attn,test,1,evidence_dominated,sequence_distal_ge21_no_direct_ca,shared_water_fraction_of_band_contacts,107,232,0.00022202999668214466,-0.0014491707878053542,0.0018932307811696436,True,0.454498291015625,0.7046835198262684
esm2_frozen_bilstm_attn,test,1,evidence_dominated,sequence_distal_ge21_no_direct_ca,shared_water_fraction_of_query_contacts,107,232,7.298399376570081e-05,-0.0028636806303916082,0.00300964861792301,True,0.454498291015625,0.7046835198262684
esm2_frozen_bilstm_attn,test,1,evidence_dominated,sequence_distal_ge21_no_direct_ca,shares_any_ecod_domain_with_band,106,231,-0.008125432977452217,-0.021908683576588015,0.005657817621683582,True,0.16275565745308995,0.31303527147772003
esm2_frozen_bilstm_attn,test,1,evidence_dominated,sequence_distal_ge21_no_direct_ca,shortest_nonlocal_contact_path_edges,105,228,0.39273392943391033,0.13269541369296217,0.6527724451748584,True,2.717641312570182e-05,0.0001041762503151903
esm2_frozen_bilstm_attn,test,1,evidence_dominated,sequence_distal_ge21_no_direct_ca,shortest_ordinary_contact_path_edges,107,232,0.2682928287664919,0.049645102328713664,0.48694055520427015,True,0.006517764631278951,0.016944141647406503
esm2_frozen_bilstm_attn,test,1,evidence_dominated,sequence_distal_ge21_no_direct_ca,torsion_change_from_previous,107,232,15.736618822915435,9.391098725602168,22.0821389202287,True,1.602858614557554e-05,6.245491448723081e-05
esm2_frozen_bilstm_attn,test,1,evidence_dominated,sequence_distal_ge21_no_direct_ca,water_path_at_most_1,107,232,0.0008925554842561476,-0.003647718191303126,0.0054328291598154214,True,0.454498291015625,0.7046835198262684
esm2_frozen_bilstm_attn,test,1,evidence_dominated,sequence_distal_ge21_no_direct_ca,water_path_at_most_2,107,232,-0.00047190815548206916,-0.005608037785865324,0.004664221474901186,True,0.0241195447742939,0.056335636313442454
esm2_frozen_bilstm_attn,test,1,evidence_dominated,sequence_distal_ge21_no_direct_ca,water_path_at_most_3,107,232,-0.0005912792633456483,-0.0059294123500068935,0.004746853823315597,True,0.010673840530216694,0.026460898080896474
esm2_frozen_bilstm_attn,test,1,evidence_dominated,sequence_distal_ge21_no_direct_ca,water_path_exists,107,232,-0.0007191246244847662,-0.006373504462033677,0.004935255213064146,True,0.0070003666914999485,0.018057020624803605
esm2_frozen_bilstm_attn,test,1,evidence_dominated,sequence_distal_ge21_no_direct_ca,water_path_without_direct_ca_contact,107,232,-0.0007191246244847662,-0.006373504462033677,0.004935255213064146,True,0.0070003666914999485,0.018057020624803605
esm2_frozen_bilstm_attn,test,1,evidence_dominated,sequence_distal_ge21_no_direct_ca,water_path_without_direct_polar_contact,107,232,-0.0009522959933246001,-0.006424476153686531,0.00451988416703733,True,0.010673840530216694,0.026460898080896474
esm2_frozen_bilstm_attn,test,1,evidence_dominated,all_eligible_queries,mean_query_contact_water_degree,100,224,0.061475850752246354,0.00427263566661721,0.11867906583787549,True,0.029766410087911824,0.06761752415031821
esm2_frozen_bilstm_attn,test,1,evidence_dominated,sequence_distal_ge21,mean_query_contact_water_degree,100,223,0.057411107003198014,-0.0006426731911231137,0.11546488719751914,True,0.06138589870445953,0.13025011593492633
esm2_frozen_bilstm_attn,test,1,evidence_dominated,sequence_distal_ge21_no_direct_ca,mean_query_contact_water_degree,100,221,0.056070878693802416,-0.005337134249520779,0.1174788916371256,True,0.09656519729770463,0.19742218114197393
esm2_frozen_bilstm_attn,test,1,combined,all_eligible_queries,shortest_water_path_water_count,12,14,-0.4930555522441864,-1.5158799383783823,0.5297688338900095,True,1.0,1.0
esm2_frozen_bilstm_attn,test,1,combined,sequence_distal_ge21,shortest_water_path_water_count,8,9,-0.8645833134651184,,,False,,
esm2_frozen_bilstm_attn,test,1,evidence_dominated,all_eligible_queries,shortest_water_path_water_count,5,5,-0.06666667461395263,,,False,,
esm2_frozen_bilstm_attn,test,1,unclassified,all_eligible_queries,absolute_backbone_orientation_cosine,7,11,-0.01815221291077651,,,False,,
esm2_frozen_bilstm_attn,test,1,unclassified,all_eligible_queries,absolute_sequence_separation,7,11,-1.471533974340097,,,False,,
esm2_frozen_bilstm_attn,test,1,unclassified,all_eligible_queries,band_water_contact_count,7,11,0.0,,,False,,
esm2_frozen_bilstm_attn,test,1,unclassified,all_eligible_queries,direct_ca_contact,7,11,-0.022467876693694232,,,False,,
esm2_frozen_bilstm_attn,test,1,unclassified,all_eligible_queries,direct_putative_polar_contact,7,11,0.013775510345997444,,,False,,
esm2_frozen_bilstm_attn,test,1,unclassified,all_eligible_queries,direct_putative_polar_contact_count,7,11,0.023979591978650513,,,False,,
esm2_frozen_bilstm_attn,test,1,unclassified,all_eligible_queries,disorder,7,11,0.03038680971598414,,,False,,
esm2_frozen_bilstm_attn,test,1,unclassified,all_eligible_queries,mean_query_contact_water_degree,6,9,0.22631173084179557,,,False,,
esm2_frozen_bilstm_attn,test,1,unclassified,all_eligible_queries,minimum_ca_distance_angstrom,7,11,2.673601528522379,,,False,,
esm2_frozen_bilstm_attn,test,1,unclassified,all_eligible_queries,minimum_heavy_atom_distance_angstrom,7,11,2.891395368976117,,,False,,
esm2_frozen_bilstm_attn,test,1,unclassified,all_eligible_queries,minimum_polar_atom_distance_angstrom,7,11,2.7724138471815323,,,False,,
esm2_frozen_bilstm_attn,test,1,unclassified,all_eligible_queries,neq,7,11,0.6158699798028878,,,False,,
esm2_frozen_bilstm_attn,test,1,unclassified,all_eligible_queries,nonlocal_contact_path_exists,7,11,-0.040476192675885696,,,False,,
esm2_frozen_bilstm_attn,test,1,unclassified,all_eligible_queries,normalized_query_position,7,11,-0.09477059528402197,,,False,,
esm2_frozen_bilstm_attn,test,1,unclassified,all_eligible_queries,one_water_bridge,7,11,-0.01666666691501934,,,False,,
esm2_frozen_bilstm_attn,test,1,unclassified,all_eligible_queries,ordinary_contact_path_exists,7,11,0.0,,,False,,
esm2_frozen_bilstm_attn,test,1,unclassified,all_eligible_queries,query_distance_to_band_domain_boundary_sequence,7,11,-2.726812141011901,,,False,,
esm2_frozen_bilstm_attn,test,1,unclassified,all_eligible_queries,query_distance_to_community_boundary_edges,7,11,0.9109544478170996,,,False,,
esm2_frozen_bilstm_attn,test,1,unclassified,all_eligible_queries,query_distance_to_ecod_boundary_sequence,7,11,-2.726812141011901,,,False,,
esm2_frozen_bilstm_attn,test,1,unclassified,all_eligible_queries,query_in_any_band,7,11,0.5571222428365286,,,False,,
esm2_frozen_bilstm_attn,test,1,unclassified,all_eligible_queries,query_to_band_contact_count,7,11,0.008144368204264955,,,False,,
esm2_frozen_bilstm_attn,test,1,unclassified,all_eligible_queries,query_to_band_contact_fraction,7,11,0.0035638700570919716,,,False,,
esm2_frozen_bilstm_attn,test,1,unclassified,all_eligible_queries,query_water_contact_count,7,11,-0.21055201604928558,,,False,,
esm2_frozen_bilstm_attn,test,1,unclassified,all_eligible_queries,reachable_query_water_entry_count,7,11,-0.03095238141360736,,,False,,
esm2_frozen_bilstm_attn,test,1,unclassified,all_eligible_queries,relative_backbone_orientation_cosine,7,11,0.2568506571136905,,,False,,
esm2_frozen_bilstm_attn,test,1,unclassified,all_eligible_queries,rsa,7,11,0.1567513618714748,,,False,,
esm2_frozen_bilstm_attn,test,1,unclassified,all_eligible_queries,same_community_as_band_apex,7,11,-0.06444052110538052,,,False,,
esm2_frozen_bilstm_attn,test,1,unclassified,all_eligible_queries,same_community_as_band_majority,6,10,-0.07518060795627728,,,False,,
esm2_frozen_bilstm_attn,test,1,unclassified,all_eligible_queries,same_ecod_domain_as_band_apex,7,11,0.0,,,False,,
esm2_frozen_bilstm_attn,test,1,unclassified,all_eligible_queries,shared_water_count,7,11,-0.03095238141360736,,,False,,
esm2_frozen_bilstm_attn,test,1,unclassified,all_eligible_queries,shared_water_fraction_of_band_contacts,7,11,-0.009920635438036328,,,False,,
esm2_frozen_bilstm_attn,test,1,unclassified,all_eligible_queries,shared_water_fraction_of_query_contacts,7,11,-0.008333333457509657,,,False,,
esm2_frozen_bilstm_attn,test,1,unclassified,all_eligible_queries,shares_any_ecod_domain_with_band,7,11,0.0,,,False,,
esm2_frozen_bilstm_attn,test,1,unclassified,all_eligible_queries,shortest_nonlocal_contact_path_edges,7,11,0.9372087421871368,,,False,,
esm2_frozen_bilstm_attn,test,1,unclassified,all_eligible_queries,shortest_ordinary_contact_path_edges,7,11,0.7507529489037131,,,False,,
esm2_frozen_bilstm_attn,test,1,unclassified,all_eligible_queries,torsion_change_from_previous,7,11,14.661924791259398,,,False,,
esm2_frozen_bilstm_attn,test,1,unclassified,all_eligible_queries,water_path_at_most_1,7,11,-0.01666666691501934,,,False,,
esm2_frozen_bilstm_attn,test,1,unclassified,all_eligible_queries,water_path_at_most_2,7,11,-0.01666666691501934,,,False,,
esm2_frozen_bilstm_attn,test,1,unclassified,all_eligible_queries,water_path_at_most_3,7,11,-0.01666666691501934,,,False,,
esm2_frozen_bilstm_attn,test,1,unclassified,all_eligible_queries,water_path_exists,7,11,-0.01666666691501934,,,False,,
esm2_frozen_bilstm_attn,test,1,unclassified,all_eligible_queries,water_path_without_direct_ca_contact,7,11,0.0,,,False,,
esm2_frozen_bilstm_attn,test,1,unclassified,all_eligible_queries,water_path_without_direct_polar_contact,7,11,-0.014285714498588014,,,False,,
esm2_frozen_bilstm_attn,test,1,unclassified,sequence_distal_ge21,absolute_backbone_orientation_cosine,7,11,-0.010738819033380559,,,False,,
esm2_frozen_bilstm_attn,test,1,unclassified,sequence_distal_ge21,absolute_sequence_separation,7,11,-1.6025319521748091,,,False,,
esm2_frozen_bilstm_attn,test,1,unclassified,sequence_distal_ge21,band_water_contact_count,7,11,0.0,,,False,,
esm2_frozen_bilstm_attn,test,1,unclassified,sequence_distal_ge21,direct_ca_contact,7,11,-0.0350793658267884,,,False,,
esm2_frozen_bilstm_attn,test,1,unclassified,sequence_distal_ge21,direct_putative_polar_contact,7,11,0.004285714456013257,,,False,,
esm2_frozen_bilstm_attn,test,1,unclassified,sequence_distal_ge21,direct_putative_polar_contact_count,7,11,0.004285714456013257,,,False,,
esm2_frozen_bilstm_attn,test,1,unclassified,sequence_distal_ge21,disorder,7,11,0.04526748099464174,,,False,,
esm2_frozen_bilstm_attn,test,1,unclassified,sequence_distal_ge21,mean_query_contact_water_degree,6,8,0.22013889046178922,,,False,,
esm2_frozen_bilstm_attn,test,1,unclassified,sequence_distal_ge21,minimum_ca_distance_angstrom,7,11,2.854036300144499,,,False,,
esm2_frozen_bilstm_attn,test,1,unclassified,sequence_distal_ge21,minimum_heavy_atom_distance_angstrom,7,11,3.0223313149951756,,,False,,
esm2_frozen_bilstm_attn,test,1,unclassified,sequence_distal_ge21,minimum_polar_atom_distance_angstrom,7,11,2.8968785550859235,,,False,,
esm2_frozen_bilstm_attn,test,1,unclassified,sequence_distal_ge21,neq,7,11,0.8708838899768662,,,False,,
esm2_frozen_bilstm_attn,test,1,unclassified,sequence_distal_ge21,nonlocal_contact_path_exists,7,11,-0.047619049463953296,,,False,,
esm2_frozen_bilstm_attn,test,1,unclassified,sequence_distal_ge21,normalized_query_position,7,11,-0.09277321566875064,,,False,,
esm2_frozen_bilstm_attn,test,1,unclassified,sequence_distal_ge21,one_water_bridge,7,11,-0.017142857398305615,,,False,,
esm2_frozen_bilstm_attn,test,1,unclassified,sequence_distal_ge21,ordinary_contact_path_exists,7,11,0.0,,,False,,
esm2_frozen_bilstm_attn,test,1,unclassified,sequence_distal_ge21,query_distance_to_band_domain_boundary_sequence,7,10,-1.9063477024199469,,,False,,
esm2_frozen_bilstm_attn,test,1,unclassified,sequence_distal_ge21,query_distance_to_community_boundary_edges,7,11,1.0221989024726172,,,False,,
esm2_frozen_bilstm_attn,test,1,unclassified,sequence_distal_ge21,query_distance_to_ecod_boundary_sequence,7,10,-1.9063477024199469,,,False,,
esm2_frozen_bilstm_attn,test,1,unclassified,sequence_distal_ge21,query_in_any_band,7,11,0.5976623376623377,,,False,,
esm2_frozen_bilstm_attn,test,1,unclassified,sequence_distal_ge21,query_to_band_contact_count,7,11,-0.0350793658267884,,,False,,
esm2_frozen_bilstm_attn,test,1,unclassified,sequence_distal_ge21,query_to_band_contact_fraction,7,11,-0.007222222182012743,,,False,,
esm2_frozen_bilstm_attn,test,1,unclassified,sequence_distal_ge21,query_water_contact_count,7,11,-0.22387936240623868,,,False,,
esm2_frozen_bilstm_attn,test,1,unclassified,sequence_distal_ge21,reachable_query_water_entry_count,7,11,-0.03142857189689363,,,False,,
esm2_frozen_bilstm_attn,test,1,unclassified,sequence_distal_ge21,relative_backbone_orientation_cosine,7,11,0.34794637990139776,,,False,,
esm2_frozen_bilstm_attn,test,1,unclassified,sequence_distal_ge21,rsa,7,11,0.15124526077125316,,,False,,
esm2_frozen_bilstm_attn,test,1,unclassified,sequence_distal_ge21,same_community_as_band_apex,7,11,-0.07737281351453727,,,False,,
esm2_frozen_bilstm_attn,test,1,unclassified,sequence_distal_ge21,same_community_as_band_majority,6,10,-0.09026828243362682,,,False,,
esm2_frozen_bilstm_attn,test,1,unclassified,sequence_distal_ge21,same_ecod_domain_as_band_apex,7,10,0.0,,,False,,
esm2_frozen_bilstm_attn,test,1,unclassified,sequence_distal_ge21,shared_water_count,7,11,-0.03142857189689363,,,False,,
esm2_frozen_bilstm_attn,test,1,unclassified,sequence_distal_ge21,shared_water_fraction_of_band_contacts,7,11,-0.010000000521540627,,,False,,
esm2_frozen_bilstm_attn,test,1,unclassified,sequence_distal_ge21,shared_water_fraction_of_query_contacts,7,11,-0.008571428699152799,,,False,,
esm2_frozen_bilstm_attn,test,1,unclassified,sequence_distal_ge21,shares_any_ecod_domain_with_band,7,10,0.0,,,False,,
esm2_frozen_bilstm_attn,test,1,unclassified,sequence_distal_ge21,shortest_nonlocal_contact_path_edges,7,11,1.0628438134042044,,,False,,
esm2_frozen_bilstm_attn,test,1,unclassified,sequence_distal_ge21,shortest_ordinary_contact_path_edges,7,11,0.7738992458298092,,,False,,
esm2_frozen_bilstm_attn,test,1,unclassified,sequence_distal_ge21,torsion_change_from_previous,7,11,14.1694174425768,,,False,,
esm2_frozen_bilstm_attn,test,1,unclassified,sequence_distal_ge21,water_path_at_most_1,7,11,-0.017142857398305615,,,False,,
esm2_frozen_bilstm_attn,test,1,unclassified,sequence_distal_ge21,water_path_at_most_2,7,11,-0.017142857398305615,,,False,,
esm2_frozen_bilstm_attn,test,1,unclassified,sequence_distal_ge21,water_path_at_most_3,7,11,-0.017142857398305615,,,False,,
esm2_frozen_bilstm_attn,test,1,unclassified,sequence_distal_ge21,water_path_exists,7,11,-0.017142857398305615,,,False,,
esm2_frozen_bilstm_attn,test,1,unclassified,sequence_distal_ge21,water_path_without_direct_ca_contact,7,11,0.0,,,False,,
esm2_frozen_bilstm_attn,test,1,unclassified,sequence_distal_ge21,water_path_without_direct_polar_contact,7,11,-0.014285714498588014,,,False,,
esm2_frozen_bilstm_attn,test,1,unclassified,sequence_distal_ge21_no_direct_ca,absolute_backbone_orientation_cosine,7,11,-0.015985571817746246,,,False,,
esm2_frozen_bilstm_attn,test,1,unclassified,sequence_distal_ge21_no_direct_ca,absolute_sequence_separation,7,11,-2.176548174048174,,,False,,
esm2_frozen_bilstm_attn,test,1,unclassified,sequence_distal_ge21_no_direct_ca,band_water_contact_count,7,11,0.0,,,False,,
esm2_frozen_bilstm_attn,test,1,unclassified,sequence_distal_ge21_no_direct_ca,direct_ca_contact,7,11,0.0,,,False,,
esm2_frozen_bilstm_attn,test,1,unclassified,sequence_distal_ge21_no_direct_ca,direct_putative_polar_contact,7,11,0.0,,,False,,
esm2_frozen_bilstm_attn,test,1,unclassified,sequence_distal_ge21_no_direct_ca,direct_putative_polar_contact_count,7,11,0.0,,,False,,
esm2_frozen_bilstm_attn,test,1,unclassified,sequence_distal_ge21_no_direct_ca,disorder,7,11,0.05105339930386708,,,False,,
esm2_frozen_bilstm_attn,test,1,unclassified,sequence_distal_ge21_no_direct_ca,mean_query_contact_water_degree,6,8,0.22013889046178922,,,False,,
esm2_frozen_bilstm_attn,test,1,unclassified,sequence_distal_ge21_no_direct_ca,minimum_ca_distance_angstrom,7,11,2.587375809654357,,,False,,
esm2_frozen_bilstm_attn,test,1,unclassified,sequence_distal_ge21_no_direct_ca,minimum_heavy_atom_distance_angstrom,7,11,2.8478352387746173,,,False,,
esm2_frozen_bilstm_attn,test,1,unclassified,sequence_distal_ge21_no_direct_ca,minimum_polar_atom_distance_angstrom,7,11,2.7251117426251605,,,False,,
esm2_frozen_bilstm_attn,test,1,unclassified,sequence_distal_ge21_no_direct_ca,neq,7,11,0.8334300785634118,,,False,,
esm2_frozen_bilstm_attn,test,1,unclassified,sequence_distal_ge21_no_direct_ca,nonlocal_contact_path_exists,7,11,-0.047619049463953296,,,False,,
esm2_frozen_bilstm_attn,test,1,unclassified,sequence_distal_ge21_no_direct_ca,normalized_query_position,7,11,-0.10332173201961128,,,False,,
esm2_frozen_bilstm_attn,test,1,unclassified,sequence_distal_ge21_no_direct_ca,one_water_bridge,7,11,0.0,,,False,,
esm2_frozen_bilstm_attn,test,1,unclassified,sequence_distal_ge21_no_direct_ca,ordinary_contact_path_exists,7,11,0.0,,,False,,
esm2_frozen_bilstm_attn,test,1,unclassified,sequence_distal_ge21_no_direct_ca,query_distance_to_band_domain_boundary_sequence,7,10,-1.8258716227516294,,,False,,
esm2_frozen_bilstm_attn,test,1,unclassified,sequence_distal_ge21_no_direct_ca,query_distance_to_community_boundary_edges,7,11,1.0117227126208563,,,False,,
esm2_frozen_bilstm_attn,test,1,unclassified,sequence_distal_ge21_no_direct_ca,query_distance_to_ecod_boundary_sequence,7,10,-1.8258716227516294,,,False,,
esm2_frozen_bilstm_attn,test,1,unclassified,sequence_distal_ge21_no_direct_ca,query_in_any_band,7,11,0.6083216783216783,,,False,,
esm2_frozen_bilstm_attn,test,1,unclassified,sequence_distal_ge21_no_direct_ca,query_to_band_contact_count,7,11,0.0,,,False,,
esm2_frozen_bilstm_attn,test,1,unclassified,sequence_distal_ge21_no_direct_ca,query_to_band_contact_fraction,7,11,0.0,,,False,,
esm2_frozen_bilstm_attn,test,1,unclassified,sequence_distal_ge21_no_direct_ca,query_water_contact_count,7,11,-0.2080063474793283,,,False,,
esm2_frozen_bilstm_attn,test,1,unclassified,sequence_distal_ge21_no_direct_ca,reachable_query_water_entry_count,7,11,0.0,,,False,,
esm2_frozen_bilstm_attn,test,1,unclassified,sequence_distal_ge21_no_direct_ca,relative_backbone_orientation_cosine,7,11,0.3494352788797447,,,False,,
esm2_frozen_bilstm_attn,test,1,unclassified,sequence_distal_ge21_no_direct_ca,rsa,7,11,0.16091740268862847,,,False,,
esm2_frozen_bilstm_attn,test,1,unclassified,sequence_distal_ge21_no_direct_ca,same_community_as_band_apex,7,11,-0.053404558775207334,,,False,,
esm2_frozen_bilstm_attn,test,1,unclassified,sequence_distal_ge21_no_direct_ca,same_community_as_band_majority,6,10,-0.06230531857107522,,,False,,
esm2_frozen_bilstm_attn,test,1,unclassified,sequence_distal_ge21_no_direct_ca,same_ecod_domain_as_band_apex,7,10,0.0,,,False,,
esm2_frozen_bilstm_attn,test,1,unclassified,sequence_distal_ge21_no_direct_ca,shared_water_count,7,11,0.0,,,False,,
esm2_frozen_bilstm_attn,test,1,unclassified,sequence_distal_ge21_no_direct_ca,shared_water_fraction_of_band_contacts,7,11,0.0,,,False,,
esm2_frozen_bilstm_attn,test,1,unclassified,sequence_distal_ge21_no_direct_ca,shared_water_fraction_of_query_contacts,7,11,0.0,,,False,,
esm2_frozen_bilstm_attn,test,1,unclassified,sequence_distal_ge21_no_direct_ca,shares_any_ecod_domain_with_band,7,10,0.0,,,False,,
esm2_frozen_bilstm_attn,test,1,unclassified,sequence_distal_ge21_no_direct_ca,shortest_nonlocal_contact_path_edges,7,11,0.98189143358715,,,False,,
esm2_frozen_bilstm_attn,test,1,unclassified,sequence_distal_ge21_no_direct_ca,shortest_ordinary_contact_path_edges,7,11,0.7102484402202424,,,False,,
esm2_frozen_bilstm_attn,test,1,unclassified,sequence_distal_ge21_no_direct_ca,torsion_change_from_previous,7,11,14.277631626067699,,,False,,
esm2_frozen_bilstm_attn,test,1,unclassified,sequence_distal_ge21_no_direct_ca,water_path_at_most_1,7,11,0.0,,,False,,
esm2_frozen_bilstm_attn,test,1,unclassified,sequence_distal_ge21_no_direct_ca,water_path_at_most_2,7,11,0.0,,,False,,
esm2_frozen_bilstm_attn,test,1,unclassified,sequence_distal_ge21_no_direct_ca,water_path_at_most_3,7,11,0.0,,,False,,
esm2_frozen_bilstm_attn,test,1,unclassified,sequence_distal_ge21_no_direct_ca,water_path_exists,7,11,0.0,,,False,,
esm2_frozen_bilstm_attn,test,1,unclassified,sequence_distal_ge21_no_direct_ca,water_path_without_direct_ca_contact,7,11,0.0,,,False,,
esm2_frozen_bilstm_attn,test,1,unclassified,sequence_distal_ge21_no_direct_ca,water_path_without_direct_polar_contact,7,11,0.0,,,False,,
esm2_frozen_bilstm_attn,test,1,evidence_dominated,sequence_distal_ge21,shortest_water_path_water_count,3,3,0.0,,,False,,
esm2_frozen_bilstm_attn,test,-1,unclassified,all_eligible_queries,absolute_backbone_orientation_cosine,1,1,-0.0411358177661895,,,False,,
esm2_frozen_bilstm_attn,test,-1,unclassified,all_eligible_queries,absolute_sequence_separation,1,1,-0.6574074074074048,,,False,,
esm2_frozen_bilstm_attn,test,-1,unclassified,all_eligible_queries,band_water_contact_count,1,1,0.0,,,False,,
esm2_frozen_bilstm_attn,test,-1,unclassified,all_eligible_queries,direct_ca_contact,1,1,0.0833333333333333,,,False,,
esm2_frozen_bilstm_attn,test,-1,unclassified,all_eligible_queries,direct_putative_polar_contact,1,1,0.0462962985038757,,,False,,
esm2_frozen_bilstm_attn,test,-1,unclassified,all_eligible_queries,direct_putative_polar_contact_count,1,1,0.0462962985038757,,,False,,
esm2_frozen_bilstm_attn,test,-1,unclassified,all_eligible_queries,disorder,1,1,0.0560947481403774,,,False,,
esm2_frozen_bilstm_attn,test,-1,unclassified,all_eligible_queries,mean_query_contact_water_degree,1,1,-0.25,,,False,,
esm2_frozen_bilstm_attn,test,-1,unclassified,all_eligible_queries,minimum_ca_distance_angstrom,1,1,-4.657680829366048,,,False,,
esm2_frozen_bilstm_attn,test,-1,unclassified,all_eligible_queries,minimum_heavy_atom_distance_angstrom,1,1,-4.47789478302002,,,False,,
esm2_frozen_bilstm_attn,test,-1,unclassified,all_eligible_queries,minimum_polar_atom_distance_angstrom,1,1,-4.19830862681071,,,False,,
esm2_frozen_bilstm_attn,test,-1,unclassified,all_eligible_queries,neq,1,1,-0.2227885802469136,,,False,,
esm2_frozen_bilstm_attn,test,-1,unclassified,all_eligible_queries,nonlocal_contact_path_exists,1,1,0.0,,,False,,
esm2_frozen_bilstm_attn,test,-1,unclassified,all_eligible_queries,normalized_query_position,1,1,-0.1316807313642757,,,False,,
esm2_frozen_bilstm_attn,test,-1,unclassified,all_eligible_queries,one_water_bridge,1,1,0.0,,,False,,
esm2_frozen_bilstm_attn,test,-1,unclassified,all_eligible_queries,ordinary_contact_path_exists,1,1,0.0,,,False,,
esm2_frozen_bilstm_attn,test,-1,unclassified,all_eligible_queries,query_distance_to_band_domain_boundary_sequence,1,1,3.879630088806152,,,False,,
esm2_frozen_bilstm_attn,test,-1,unclassified,all_eligible_queries,query_distance_to_community_boundary_edges,1,1,0.1564814647038777,,,False,,
esm2_frozen_bilstm_attn,test,-1,unclassified,all_eligible_queries,query_distance_to_ecod_boundary_sequence,1,1,3.879630088806152,,,False,,
esm2_frozen_bilstm_attn,test,-1,unclassified,all_eligible_queries,query_in_any_band,1,1,0.2916666666666667,,,False,,
esm2_frozen_bilstm_attn,test,-1,unclassified,all_eligible_queries,query_to_band_contact_count,1,1,0.0833333333333333,,,False,,
esm2_frozen_bilstm_attn,test,-1,unclassified,all_eligible_queries,query_to_band_contact_fraction,1,1,0.0208333333333333,,,False,,
esm2_frozen_bilstm_attn,test,-1,unclassified,all_eligible_queries,query_water_contact_count,1,1,-0.2453703582286834,,,False,,
esm2_frozen_bilstm_attn,test,-1,unclassified,all_eligible_queries,reachable_query_water_entry_count,1,1,0.0,,,False,,
esm2_frozen_bilstm_attn,test,-1,unclassified,all_eligible_queries,relative_backbone_orientation_cosine,1,1,0.0751632253328959,,,False,,
esm2_frozen_bilstm_attn,test,-1,unclassified,all_eligible_queries,rsa,1,1,0.0213483909938346,,,False,,
esm2_frozen_bilstm_attn,test,-1,unclassified,all_eligible_queries,same_community_as_band_apex,1,1,0.162037044763565,,,False,,
esm2_frozen_bilstm_attn,test,-1,unclassified,all_eligible_queries,same_community_as_band_majority,1,1,0.162037044763565,,,False,,
esm2_frozen_bilstm_attn,test,-1,unclassified,all_eligible_queries,same_ecod_domain_as_band_apex,1,1,0.0,,,False,,
esm2_frozen_bilstm_attn,test,-1,unclassified,all_eligible_queries,shared_water_count,1,1,0.0,,,False,,
esm2_frozen_bilstm_attn,test,-1,unclassified,all_eligible_queries,shared_water_fraction_of_band_contacts,1,1,0.0,,,False,,
esm2_frozen_bilstm_attn,test,-1,unclassified,all_eligible_queries,shared_water_fraction_of_query_contacts,1,1,0.0,,,False,,
esm2_frozen_bilstm_attn,test,-1,unclassified,all_eligible_queries,shares_any_ecod_domain_with_band,1,1,0.0,,,False,,
esm2_frozen_bilstm_attn,test,-1,unclassified,all_eligible_queries,shortest_nonlocal_contact_path_edges,1,1,-0.9768518606821696,,,False,,
esm2_frozen_bilstm_attn,test,-1,unclassified,all_eligible_queries,shortest_ordinary_contact_path_edges,1,1,-1.085185209910075,,,False,,
esm2_frozen_bilstm_attn,test,-1,unclassified,all_eligible_queries,torsion_change_from_previous,1,1,-49.73016053408113,,,False,,
esm2_frozen_bilstm_attn,test,-1,unclassified,all_eligible_queries,water_path_at_most_1,1,1,0.0,,,False,,
esm2_frozen_bilstm_attn,test,-1,unclassified,all_eligible_queries,water_path_at_most_2,1,1,0.0,,,False,,
esm2_frozen_bilstm_attn,test,-1,unclassified,all_eligible_queries,water_path_at_most_3,1,1,0.0,,,False,,
esm2_frozen_bilstm_attn,test,-1,unclassified,all_eligible_queries,water_path_exists,1,1,0.0,,,False,,
esm2_frozen_bilstm_attn,test,-1,unclassified,all_eligible_queries,water_path_without_direct_ca_contact,1,1,0.0,,,False,,
esm2_frozen_bilstm_attn,test,-1,unclassified,all_eligible_queries,water_path_without_direct_polar_contact,1,1,0.0,,,False,,
esm2_frozen_bilstm_attn,test,-1,unclassified,sequence_distal_ge21,absolute_backbone_orientation_cosine,1,1,-0.0411358177661895,,,False,,
esm2_frozen_bilstm_attn,test,-1,unclassified,sequence_distal_ge21,absolute_sequence_separation,1,1,-0.6574074074074048,,,False,,
esm2_frozen_bilstm_attn,test,-1,unclassified,sequence_distal_ge21,band_water_contact_count,1,1,0.0,,,False,,
esm2_frozen_bilstm_attn,test,-1,unclassified,sequence_distal_ge21,direct_ca_contact,1,1,0.0833333333333333,,,False,,
esm2_frozen_bilstm_attn,test,-1,unclassified,sequence_distal_ge21,direct_putative_polar_contact,1,1,0.0462962985038757,,,False,,
esm2_frozen_bilstm_attn,test,-1,unclassified,sequence_distal_ge21,direct_putative_polar_contact_count,1,1,0.0462962985038757,,,False,,
esm2_frozen_bilstm_attn,test,-1,unclassified,sequence_distal_ge21,disorder,1,1,0.0560947481403774,,,False,,
esm2_frozen_bilstm_attn,test,-1,unclassified,sequence_distal_ge21,mean_query_contact_water_degree,1,1,-0.25,,,False,,
esm2_frozen_bilstm_attn,test,-1,unclassified,sequence_distal_ge21,minimum_ca_distance_angstrom,1,1,-4.657680829366048,,,False,,
esm2_frozen_bilstm_attn,test,-1,unclassified,sequence_distal_ge21,minimum_heavy_atom_distance_angstrom,1,1,-4.47789478302002,,,False,,
esm2_frozen_bilstm_attn,test,-1,unclassified,sequence_distal_ge21,minimum_polar_atom_distance_angstrom,1,1,-4.19830862681071,,,False,,
esm2_frozen_bilstm_attn,test,-1,unclassified,sequence_distal_ge21,neq,1,1,-0.2227885802469136,,,False,,
esm2_frozen_bilstm_attn,test,-1,unclassified,sequence_distal_ge21,nonlocal_contact_path_exists,1,1,0.0,,,False,,
esm2_frozen_bilstm_attn,test,-1,unclassified,sequence_distal_ge21,normalized_query_position,1,1,-0.1316807313642757,,,False,,
esm2_frozen_bilstm_attn,test,-1,unclassified,sequence_distal_ge21,one_water_bridge,1,1,0.0,,,False,,
esm2_frozen_bilstm_attn,test,-1,unclassified,sequence_distal_ge21,ordinary_contact_path_exists,1,1,0.0,,,False,,
esm2_frozen_bilstm_attn,test,-1,unclassified,sequence_distal_ge21,query_distance_to_band_domain_boundary_sequence,1,1,3.879630088806152,,,False,,
esm2_frozen_bilstm_attn,test,-1,unclassified,sequence_distal_ge21,query_distance_to_community_boundary_edges,1,1,0.1564814647038777,,,False,,
esm2_frozen_bilstm_attn,test,-1,unclassified,sequence_distal_ge21,query_distance_to_ecod_boundary_sequence,1,1,3.879630088806152,,,False,,
esm2_frozen_bilstm_attn,test,-1,unclassified,sequence_distal_ge21,query_in_any_band,1,1,0.2916666666666667,,,False,,
esm2_frozen_bilstm_attn,test,-1,unclassified,sequence_distal_ge21,query_to_band_contact_count,1,1,0.0833333333333333,,,False,,
esm2_frozen_bilstm_attn,test,-1,unclassified,sequence_distal_ge21,query_to_band_contact_fraction,1,1,0.0208333333333333,,,False,,
esm2_frozen_bilstm_attn,test,-1,unclassified,sequence_distal_ge21,query_water_contact_count,1,1,-0.2453703582286834,,,False,,
esm2_frozen_bilstm_attn,test,-1,unclassified,sequence_distal_ge21,reachable_query_water_entry_count,1,1,0.0,,,False,,
esm2_frozen_bilstm_attn,test,-1,unclassified,sequence_distal_ge21,relative_backbone_orientation_cosine,1,1,0.0751632253328959,,,False,,
esm2_frozen_bilstm_attn,test,-1,unclassified,sequence_distal_ge21,rsa,1,1,0.0213483909938346,,,False,,
esm2_frozen_bilstm_attn,test,-1,unclassified,sequence_distal_ge21,same_community_as_band_apex,1,1,0.162037044763565,,,False,,
esm2_frozen_bilstm_attn,test,-1,unclassified,sequence_distal_ge21,same_community_as_band_majority,1,1,0.162037044763565,,,False,,
esm2_frozen_bilstm_attn,test,-1,unclassified,sequence_distal_ge21,same_ecod_domain_as_band_apex,1,1,0.0,,,False,,
esm2_frozen_bilstm_attn,test,-1,unclassified,sequence_distal_ge21,shared_water_count,1,1,0.0,,,False,,
esm2_frozen_bilstm_attn,test,-1,unclassified,sequence_distal_ge21,shared_water_fraction_of_band_contacts,1,1,0.0,,,False,,
esm2_frozen_bilstm_attn,test,-1,unclassified,sequence_distal_ge21,shared_water_fraction_of_query_contacts,1,1,0.0,,,False,,
esm2_frozen_bilstm_attn,test,-1,unclassified,sequence_distal_ge21,shares_any_ecod_domain_with_band,1,1,0.0,,,False,,
esm2_frozen_bilstm_attn,test,-1,unclassified,sequence_distal_ge21,shortest_nonlocal_contact_path_edges,1,1,-0.9768518606821696,,,False,,
esm2_frozen_bilstm_attn,test,-1,unclassified,sequence_distal_ge21,shortest_ordinary_contact_path_edges,1,1,-1.085185209910075,,,False,,
esm2_frozen_bilstm_attn,test,-1,unclassified,sequence_distal_ge21,torsion_change_from_previous,1,1,-49.73016053408113,,,False,,
esm2_frozen_bilstm_attn,test,-1,unclassified,sequence_distal_ge21,water_path_at_most_1,1,1,0.0,,,False,,
esm2_frozen_bilstm_attn,test,-1,unclassified,sequence_distal_ge21,water_path_at_most_2,1,1,0.0,,,False,,
esm2_frozen_bilstm_attn,test,-1,unclassified,sequence_distal_ge21,water_path_at_most_3,1,1,0.0,,,False,,
esm2_frozen_bilstm_attn,test,-1,unclassified,sequence_distal_ge21,water_path_exists,1,1,0.0,,,False,,
esm2_frozen_bilstm_attn,test,-1,unclassified,sequence_distal_ge21,water_path_without_direct_ca_contact,1,1,0.0,,,False,,
esm2_frozen_bilstm_attn,test,-1,unclassified,sequence_distal_ge21,water_path_without_direct_polar_contact,1,1,0.0,,,False,,
esm2_frozen_bilstm_attn,test,-1,unclassified,sequence_distal_ge21_no_direct_ca,absolute_backbone_orientation_cosine,1,1,-0.046186218659083,,,False,,
esm2_frozen_bilstm_attn,test,-1,unclassified,sequence_distal_ge21_no_direct_ca,absolute_sequence_separation,1,1,-0.6018518518518489,,,False,,
esm2_frozen_bilstm_attn,test,-1,unclassified,sequence_distal_ge21_no_direct_ca,band_water_contact_count,1,1,0.0,,,False,,
esm2_frozen_bilstm_attn,test,-1,unclassified,sequence_distal_ge21_no_direct_ca,direct_ca_contact,1,1,0.0,,,False,,
esm2_frozen_bilstm_attn,test,-1,unclassified,sequence_distal_ge21_no_direct_ca,direct_putative_polar_contact,1,1,-0.0370370373129844,,,False,,
esm2_frozen_bilstm_attn,test,-1,unclassified,sequence_distal_ge21_no_direct_ca,direct_putative_polar_contact_count,1,1,-0.0370370373129844,,,False,,
esm2_frozen_bilstm_attn,test,-1,unclassified,sequence_distal_ge21_no_direct_ca,disorder,1,1,0.0563201688065116,,,False,,
esm2_frozen_bilstm_attn,test,-1,unclassified,sequence_distal_ge21_no_direct_ca,mean_query_contact_water_degree,1,1,-0.25,,,False,,
esm2_frozen_bilstm_attn,test,-1,unclassified,sequence_distal_ge21_no_direct_ca,minimum_ca_distance_angstrom,1,1,-4.471747716267903,,,False,,
esm2_frozen_bilstm_attn,test,-1,unclassified,sequence_distal_ge21_no_direct_ca,minimum_heavy_atom_distance_angstrom,1,1,-4.173883597056071,,,False,,
esm2_frozen_bilstm_attn,test,-1,unclassified,sequence_distal_ge21_no_direct_ca,minimum_polar_atom_distance_angstrom,1,1,-3.724321683247884,,,False,,
esm2_frozen_bilstm_attn,test,-1,unclassified,sequence_distal_ge21_no_direct_ca,neq,1,1,-0.2225385802469136,,,False,,
esm2_frozen_bilstm_attn,test,-1,unclassified,sequence_distal_ge21_no_direct_ca,nonlocal_contact_path_exists,1,1,0.0,,,False,,
esm2_frozen_bilstm_attn,test,-1,unclassified,sequence_distal_ge21_no_direct_ca,normalized_query_position,1,1,-0.1320323488045007,,,False,,
esm2_frozen_bilstm_attn,test,-1,unclassified,sequence_distal_ge21_no_direct_ca,one_water_bridge,1,1,0.0,,,False,,
esm2_frozen_bilstm_attn,test,-1,unclassified,sequence_distal_ge21_no_direct_ca,ordinary_contact_path_exists,1,1,0.0,,,False,,
esm2_frozen_bilstm_attn,test,-1,unclassified,sequence_distal_ge21_no_direct_ca,query_distance_to_band_domain_boundary_sequence,1,1,3.824074109395345,,,False,,
esm2_frozen_bilstm_attn,test,-1,unclassified,sequence_distal_ge21_no_direct_ca,query_distance_to_community_boundary_edges,1,1,0.1842592457930247,,,False,,
esm2_frozen_bilstm_attn,test,-1,unclassified,sequence_distal_ge21_no_direct_ca,query_distance_to_ecod_boundary_sequence,1,1,3.824074109395345,,,False,,
esm2_frozen_bilstm_attn,test,-1,unclassified,sequence_distal_ge21_no_direct_ca,query_in_any_band,1,1,0.2916666666666667,,,False,,
esm2_frozen_bilstm_attn,test,-1,unclassified,sequence_distal_ge21_no_direct_ca,query_to_band_contact_count,1,1,0.0,,,False,,
esm2_frozen_bilstm_attn,test,-1,unclassified,sequence_distal_ge21_no_direct_ca,query_to_band_contact_fraction,1,1,0.0,,,False,,
esm2_frozen_bilstm_attn,test,-1,unclassified,sequence_distal_ge21_no_direct_ca,query_water_contact_count,1,1,-0.1898147960503896,,,False,,
esm2_frozen_bilstm_attn,test,-1,unclassified,sequence_distal_ge21_no_direct_ca,reachable_query_water_entry_count,1,1,0.0,,,False,,
esm2_frozen_bilstm_attn,test,-1,unclassified,sequence_distal_ge21_no_direct_ca,relative_backbone_orientation_cosine,1,1,0.0701128443082173,,,False,,
esm2_frozen_bilstm_attn,test,-1,unclassified,sequence_distal_ge21_no_direct_ca,rsa,1,1,0.0424831754390012,,,False,,
esm2_frozen_bilstm_attn,test,-1,unclassified,sequence_distal_ge21_no_direct_ca,same_community_as_band_apex,1,1,0.1064814875523249,,,False,,
esm2_frozen_bilstm_attn,test,-1,unclassified,sequence_distal_ge21_no_direct_ca,same_community_as_band_majority,1,1,0.1064814875523249,,,False,,
esm2_frozen_bilstm_attn,test,-1,unclassified,sequence_distal_ge21_no_direct_ca,same_ecod_domain_as_band_apex,1,1,0.0,,,False,,
esm2_frozen_bilstm_attn,test,-1,unclassified,sequence_distal_ge21_no_direct_ca,shared_water_count,1,1,0.0,,,False,,
esm2_frozen_bilstm_attn,test,-1,unclassified,sequence_distal_ge21_no_direct_ca,shared_water_fraction_of_band_contacts,1,1,0.0,,,False,,
esm2_frozen_bilstm_attn,test,-1,unclassified,sequence_distal_ge21_no_direct_ca,shared_water_fraction_of_query_contacts,1,1,0.0,,,False,,
esm2_frozen_bilstm_attn,test,-1,unclassified,sequence_distal_ge21_no_direct_ca,shares_any_ecod_domain_with_band,1,1,0.0,,,False,,
esm2_frozen_bilstm_attn,test,-1,unclassified,sequence_distal_ge21_no_direct_ca,shortest_nonlocal_contact_path_edges,1,1,-0.8657407760620117,,,False,,
esm2_frozen_bilstm_attn,test,-1,unclassified,sequence_distal_ge21_no_direct_ca,shortest_ordinary_contact_path_edges,1,1,-1.0018518765767417,,,False,,
esm2_frozen_bilstm_attn,test,-1,unclassified,sequence_distal_ge21_no_direct_ca,torsion_change_from_previous,1,1,-49.19643356465415,,,False,,
esm2_frozen_bilstm_attn,test,-1,unclassified,sequence_distal_ge21_no_direct_ca,water_path_at_most_1,1,1,0.0,,,False,,
esm2_frozen_bilstm_attn,test,-1,unclassified,sequence_distal_ge21_no_direct_ca,water_path_at_most_2,1,1,0.0,,,False,,
esm2_frozen_bilstm_attn,test,-1,unclassified,sequence_distal_ge21_no_direct_ca,water_path_at_most_3,1,1,0.0,,,False,,
esm2_frozen_bilstm_attn,test,-1,unclassified,sequence_distal_ge21_no_direct_ca,water_path_exists,1,1,0.0,,,False,,
esm2_frozen_bilstm_attn,test,-1,unclassified,sequence_distal_ge21_no_direct_ca,water_path_without_direct_ca_contact,1,1,0.0,,,False,,
esm2_frozen_bilstm_attn,test,-1,unclassified,sequence_distal_ge21_no_direct_ca,water_path_without_direct_polar_contact,1,1,0.0,,,False,,
esm2_frozen_bilstm_attn,test,-1,combined,all_eligible_queries,shortest_water_path_water_count,3,3,-0.16666666666666666,,,False,,
esm2_frozen_bilstm_attn,test,-1,combined,sequence_distal_ge21,shortest_water_path_water_count,1,1,0.5,,,False,,
esm2_frozen_bilstm_attn,test,1,combined,sequence_distal_ge21_no_direct_ca,shortest_water_path_water_count,2,2,-2.75,,,False,,
esm2_frozen_bilstm_attn,test,1,evidence_dominated,sequence_distal_ge21_no_direct_ca,shortest_water_path_water_count,1,1,-1.0,,,False,,
esm2_frozen_bilstm_attn,train,-1,combined,all_eligible_queries,absolute_backbone_orientation_cosine,507,1457,0.01222149904628967,0.00133891948844868,0.023104078604130662,True,0.03292471368398667,0.07408060578897001
esm2_frozen_bilstm_attn,train,-1,combined,all_eligible_queries,absolute_sequence_separation,509,1464,0.11915236907872272,-1.305973987203294,1.5442787253607393,True,0.7561590136496015,0.9722044461209162
esm2_frozen_bilstm_attn,train,-1,combined,all_eligible_queries,band_water_contact_count,507,1457,0.0,0.0,0.0,True,1.0,1.0
esm2_frozen_bilstm_attn,train,-1,combined,all_eligible_queries,direct_ca_contact,507,1457,0.12573743586476535,0.11002256366538807,0.14145230806414263,True,1.2809619047877218e-54,4.513346626230782e-53
esm2_frozen_bilstm_attn,train,-1,combined,all_eligible_queries,direct_putative_polar_contact,507,1457,0.07323110721631346,0.06104760860960387,0.08541460582302304,True,2.895865650750414e-43,6.85079073948955e-42
esm2_frozen_bilstm_attn,train,-1,combined,all_eligible_queries,direct_putative_polar_contact_count,507,1457,0.4057438546054076,0.353681985940968,0.45780572326984714,True,2.9426256588258437e-69,1.2182470227538992e-67
esm2_frozen_bilstm_attn,train,-1,combined,all_eligible_queries,disorder,509,1464,-0.008732133987791798,-0.013268212427959745,-0.0041960555476238505,True,7.879622462766349e-92,3.954137817679113e-90
esm2_frozen_bilstm_attn,train,-1,combined,all_eligible_queries,mean_query_contact_water_degree,449,1346,-0.0006388685136558156,-0.0355828956668197,0.034305158639508074,True,0.7000279425079993,0.9327442355530615
esm2_frozen_bilstm_attn,train,-1,combined,all_eligible_queries,minimum_ca_distance_angstrom,507,1457,-2.9370114414628374,-3.248116394015521,-2.6259064889101538,True,4.027112665433366e-56,1.4497605595560118e-54
esm2_frozen_bilstm_attn,train,-1,combined,all_eligible_queries,minimum_heavy_atom_distance_angstrom,507,1457,-2.7646036290406357,-3.06453347502662,-2.4646737830546512,True,5.5137327059338605e-52,1.863416604291117e-50
esm2_frozen_bilstm_attn,train,-1,combined,all_eligible_queries,minimum_polar_atom_distance_angstrom,507,1457,-2.339891175582159,-2.6433426665424684,-2.03643968462185,True,8.341781344668644e-41,1.866755392806929e-39
esm2_frozen_bilstm_attn,train,-1,combined,all_eligible_queries,neq,509,1464,-0.3875890327914041,-0.41304011656069667,-0.36213794902211155,True,9.6612362495675e-150,1.599900722928378e-147
esm2_frozen_bilstm_attn,train,-1,combined,all_eligible_queries,nonlocal_contact_path_exists,507,1457,0.0075789333400268334,0.002101442174196377,0.01305642450585729,True,7.034485519207362e-18,5.4948622734940526e-17
esm2_frozen_bilstm_attn,train,-1,combined,all_eligible_queries,normalized_query_position,509,1464,-0.001743739412434137,-0.01228817915980244,0.008800700334934167,True,0.4782441250830829,0.7259140890353669
esm2_frozen_bilstm_attn,train,-1,combined,all_eligible_queries,one_water_bridge,507,1457,0.007156353022015436,0.0012645048478282812,0.013048201196202591,True,0.6557342476089664,0.8928768570051592
esm2_frozen_bilstm_attn,train,-1,combined,all_eligible_queries,ordinary_contact_path_exists,507,1457,0.0,0.0,0.0,True,1.0,1.0
esm2_frozen_bilstm_attn,train,-1,combined,all_eligible_queries,query_distance_to_band_domain_boundary_sequence,506,1449,0.7390503792997197,-0.6926071202829339,2.1707078788823733,True,0.2663840864139181,0.46341141212703163
esm2_frozen_bilstm_attn,train,-1,combined,all_eligible_queries,query_distance_to_community_boundary_edges,505,1455,-0.31732544870625223,-0.3600591264296409,-0.2745917709828636,True,4.859813765224847e-31,7.664620566868902e-30
esm2_frozen_bilstm_attn,train,-1,combined,all_eligible_queries,query_distance_to_ecod_boundary_sequence,507,1456,0.8809862399515054,-0.2724938374834376,2.0344663173864483,True,0.007644551506808784,0.01947596506965438
esm2_frozen_bilstm_attn,train,-1,combined,all_eligible_queries,query_in_any_band,509,1464,0.4823936111993935,0.4542459597371858,0.5105412626616013,True,3.728585579618048e-93,2.0581792399491624e-91
esm2_frozen_bilstm_attn,train,-1,combined,all_eligible_queries,query_to_band_contact_count,507,1457,0.5516140974433182,0.49412787091412086,0.6091003239725157,True,9.343724757504318e-90,4.550943587772691e-88
esm2_frozen_bilstm_attn,train,-1,combined,all_eligible_queries,query_to_band_contact_fraction,507,1457,0.10791584364211626,0.09684230517732838,0.11898938210690414,True,5.473190346376955e-92,2.9237429721291087e-90
esm2_frozen_bilstm_attn,train,-1,combined,all_eligible_queries,query_water_contact_count,507,1457,-0.26584201147113046,-0.30739897281764467,-0.22428505012461625,True,1.5041272874831731e-35,2.8304940773546988e-34
esm2_frozen_bilstm_attn,train,-1,combined,all_eligible_queries,reachable_query_water_entry_count,507,1457,0.01177524662555999,0.0015617250582400134,0.021988768192879968,True,0.106388062998473,0.21459029515891753
esm2_frozen_bilstm_attn,train,-1,combined,all_eligible_queries,relative_backbone_orientation_cosine,507,1457,0.02224815495505626,-0.0012133894632377525,0.045709699373350274,True,0.5341399110213827,0.7752284773456702
esm2_frozen_bilstm_attn,train,-1,combined,all_eligible_queries,rsa,509,1464,-0.15334176187300744,-0.16230250703546925,-0.14438101671054562,True,1.1971726583101215e-107,9.912589610807805e-106
esm2_frozen_bilstm_attn,train,-1,combined,all_eligible_queries,same_community_as_band_apex,507,1457,0.03607557035518185,0.016808209238441327,0.055342931471922374,True,0.0123783396747966,0.030549225784594885
esm2_frozen_bilstm_attn,train,-1,combined,all_eligible_queries,same_community_as_band_majority,486,1357,0.02573904017585697,0.007512109424366677,0.04396597092734726,True,0.007590471230488519,0.019367982061154063
esm2_frozen_bilstm_attn,train,-1,combined,all_eligible_queries,same_ecod_domain_as_band_apex,506,1448,0.004896309763829941,-0.005280548686496492,0.015073168214156375,True,0.7276586764549059,0.9495687692744871
esm2_frozen_bilstm_attn,train,-1,combined,all_eligible_queries,shared_water_count,507,1457,0.007791224762678182,0.0018220101382031822,0.013760439387153182,True,0.6557342476089664,0.8928768570051592
esm2_frozen_bilstm_attn,train,-1,combined,all_eligible_queries,shared_water_fraction_of_band_contacts,507,1457,0.0030169194048345937,0.0004397092504095611,0.005594129559259626,True,0.7110271710259577,0.9412739791458459
esm2_frozen_bilstm_attn,train,-1,combined,all_eligible_queries,shared_water_fraction_of_query_contacts,507,1457,0.0033989892590052585,4.4762722772666644e-05,0.00675321579523785,True,0.8240980930696906,1.0
esm2_frozen_bilstm_attn,train,-1,combined,all_eligible_queries,shares_any_ecod_domain_with_band,506,1449,0.004766223338874555,-0.005410952908332338,0.014943399586081449,True,0.8344962831598364,1.0
esm2_frozen_bilstm_attn,train,-1,combined,all_eligible_queries,shortest_nonlocal_contact_path_edges,505,1455,-0.5294844128418515,-0.5948094709023093,-0.46415935478139386,True,4.283685050565255e-42,9.852475616300088e-41
esm2_frozen_bilstm_attn,train,-1,combined,all_eligible_queries,shortest_ordinary_contact_path_edges,507,1457,-0.5220577713868008,-0.58796168688055,-0.4561538558930516,True,1.6831387785475286e-42,3.9257434046122643e-41
esm2_frozen_bilstm_attn,train,-1,combined,all_eligible_queries,torsion_change_from_previous,509,1464,-42.32772479014953,-44.82380651179494,-39.83164306850412,True,7.151987911648761e-135,9.11053229360796e-133
esm2_frozen_bilstm_attn,train,-1,combined,all_eligible_queries,water_path_at_most_1,507,1457,0.007156353022015436,0.0012645048478282812,0.013048201196202591,True,0.6557342476089664,0.8928768570051592
esm2_frozen_bilstm_attn,train,-1,combined,all_eligible_queries,water_path_at_most_2,507,1457,0.0068465565639373215,-0.00015643248217868388,0.013849545610053327,True,0.2882334247102686,0.49565373968868615
esm2_frozen_bilstm_attn,train,-1,combined,all_eligible_queries,water_path_at_most_3,507,1457,0.006785719458179735,-0.0002739318064276502,0.013845370722787121,True,0.11881852716560924,0.23508181718787205
esm2_frozen_bilstm_attn,train,-1,combined,all_eligible_queries,water_path_exists,507,1457,0.006999461899591433,-7.319818028563539e-05,0.014072121979468501,True,0.08114540916016143,0.1686032591834722
esm2_frozen_bilstm_attn,train,-1,combined,all_eligible_queries,water_path_without_direct_ca_contact,507,1457,-0.004634450695250566,-0.007910740754595875,-0.0013581606359052575,True,0.1948566595070752,0.3629725850885451
esm2_frozen_bilstm_attn,train,-1,combined,all_eligible_queries,water_path_without_direct_polar_contact,507,1457,-0.005812508589048855,-0.010234410231461783,-0.0013906069466359276,True,0.04864346699788626,0.10571336134973706
esm2_frozen_bilstm_attn,train,-1,combined,sequence_distal_ge21,absolute_backbone_orientation_cosine,481,1422,-0.005714678920421903,-0.016095842334255234,0.00466648449341143,True,0.3158057301405516,0.5341923280007697
esm2_frozen_bilstm_attn,train,-1,combined,sequence_distal_ge21,absolute_sequence_separation,486,1432,0.3613127259684607,-1.4100571778478668,2.1326826297847883,True,0.8917740122281725,1.0
esm2_frozen_bilstm_attn,train,-1,combined,sequence_distal_ge21,band_water_contact_count,481,1422,0.0,0.0,0.0,True,1.0,1.0
esm2_frozen_bilstm_attn,train,-1,combined,sequence_distal_ge21,direct_ca_contact,481,1422,0.055635533333837486,0.04147256712771052,0.06979849953996446,True,1.3808860869467387e-21,1.229434064507419e-20
esm2_frozen_bilstm_attn,train,-1,combined,sequence_distal_ge21,direct_putative_polar_contact,481,1422,0.0008774662923651677,-0.0025340088978801625,0.004288941482610498,True,0.26082933526084445,0.45707235893328935
esm2_frozen_bilstm_attn,train,-1,combined,sequence_distal_ge21,direct_putative_polar_contact_count,481,1422,0.0004515417575705958,-0.0030557875121351038,0.003958871027276295,True,0.26082933526084445,0.45707235893328935
esm2_frozen_bilstm_attn,train,-1,combined,sequence_distal_ge21,disorder,486,1432,-0.007532405743518399,-0.013687187421055855,-0.001377624065980942,True,8.752790040594346e-86,4.141320087778353e-84
esm2_frozen_bilstm_attn,train,-1,combined,sequence_distal_ge21,mean_query_contact_water_degree,431,1317,-0.004002679342640487,-0.040181032138776065,0.03217567345349509,True,0.9219950485283105,1.0
esm2_frozen_bilstm_attn,train,-1,combined,sequence_distal_ge21,minimum_ca_distance_angstrom,481,1422,-2.9208343301458273,-3.3242236217408694,-2.517445038550785,True,4.830905568985399e-30,7.339430846091579e-29
esm2_frozen_bilstm_attn,train,-1,combined,sequence_distal_ge21,minimum_heavy_atom_distance_angstrom,481,1422,-2.82745331925805,-3.218045590516334,-2.436861047999766,True,1.3479495491552689e-28,1.8916986893229872e-27
esm2_frozen_bilstm_attn,train,-1,combined,sequence_distal_ge21,minimum_polar_atom_distance_angstrom,481,1422,-2.5391571423278654,-2.929086167043923,-2.1492281176118078,True,1.6317873951780873e-24,1.7547012509187744e-23
esm2_frozen_bilstm_attn,train,-1,combined,sequence_distal_ge21,neq,486,1432,-0.3976244174191703,-0.4243467924253572,-0.3709020424129834,True,9.73012384258987e-144,1.464825916666257e-141
esm2_frozen_bilstm_attn,train,-1,combined,sequence_distal_ge21,nonlocal_contact_path_exists,481,1422,0.008430363517947119,0.002057100516951923,0.014803626518942315,True,8.445814568882953e-17,6.386424167155329e-16
esm2_frozen_bilstm_attn,train,-1,combined,sequence_distal_ge21,normalized_query_position,486,1432,-0.001123372929187019,-0.014655223619986918,0.012408477761612881,True,0.44065852387047355,0.6910326851605153
esm2_frozen_bilstm_attn,train,-1,combined,sequence_distal_ge21,one_water_bridge,481,1422,-0.000935717140332113,-0.0037029241847268708,0.0018314899040626446,True,0.3929875546202088,0.6324464435870416
esm2_frozen_bilstm_attn,train,-1,combined,sequence_distal_ge21,ordinary_contact_path_exists,481,1422,0.0,0.0,0.0,True,1.0,1.0
esm2_frozen_bilstm_attn,train,-1,combined,sequence_distal_ge21,query_distance_to_band_domain_boundary_sequence,480,1414,0.5709789636784904,-1.1942182943938442,2.3361762217508253,True,0.5529810377951437,0.796985725490651
esm2_frozen_bilstm_attn,train,-1,combined,sequence_distal_ge21,query_distance_to_community_boundary_edges,478,1419,-0.33147283331478483,-0.3806310514939243,-0.2823146151356454,True,1.6556533149886487e-26,2.0614751049783477e-25
esm2_frozen_bilstm_attn,train,-1,combined,sequence_distal_ge21,query_distance_to_ecod_boundary_sequence,481,1421,1.1064582461559886,-0.2976612623722048,2.5105777546841823,True,0.013725941591818353,0.03347593413262326
esm2_frozen_bilstm_attn,train,-1,combined,sequence_distal_ge21,query_in_any_band,486,1432,0.5841903896108587,0.5541896098209544,0.6141911694007629,True,3.977197819117214e-99,2.533169072483887e-97
esm2_frozen_bilstm_attn,train,-1,combined,sequence_distal_ge21,query_to_band_contact_count,481,1422,0.10019569098125486,0.0723096942908168,0.12808168767169292,True,2.731581707613611e-19,2.2283247821714974e-18
esm2_frozen_bilstm_attn,train,-1,combined,sequence_distal_ge21,query_to_band_contact_fraction,481,1422,0.01670461510854946,0.012110702379934914,0.021298527837164006,True,2.179693592896101e-22,1.983281642767002e-21
esm2_frozen_bilstm_attn,train,-1,combined,sequence_distal_ge21,query_water_contact_count,481,1422,-0.2786409604440082,-0.31864773553203074,-0.23863418535598568,True,2.9089199857838246e-38,6.021464370572517e-37
esm2_frozen_bilstm_attn,train,-1,combined,sequence_distal_ge21,reachable_query_water_entry_count,481,1422,-0.0006695504116893232,-0.005007866911286343,0.0036687660879076967,True,0.7125307737127086,0.9417006873649205
esm2_frozen_bilstm_attn,train,-1,combined,sequence_distal_ge21,relative_backbone_orientation_cosine,481,1422,0.023355849993611497,-0.0021471031007776024,0.0488588030880006,True,1.0,1.0
esm2_frozen_bilstm_attn,train,-1,combined,sequence_distal_ge21,rsa,486,1432,-0.1470418874193197,-0.1563803693226168,-0.1377034055160226,True,3.225909026947117e-93,1.8421052926291121e-91
esm2_frozen_bilstm_attn,train,-1,combined,sequence_distal_ge21,same_community_as_band_apex,481,1422,0.025748219328289825,0.007900661544590647,0.043595777111989004,True,0.03576350920378165,0.07995606905307649
esm2_frozen_bilstm_attn,train,-1,combined,sequence_distal_ge21,same_community_as_band_majority,460,1324,0.020617692448676558,0.0039519147888615255,0.03728347010849159,True,0.02671139843839237,0.06152166316269508
esm2_frozen_bilstm_attn,train,-1,combined,sequence_distal_ge21,same_ecod_domain_as_band_apex,480,1413,0.00480612764047906,-0.00835966989295358,0.0179719251739117,True,0.8336993651841781,1.0
esm2_frozen_bilstm_attn,train,-1,combined,sequence_distal_ge21,shared_water_count,481,1422,-0.0010618364655989795,-0.004066505821470002,0.001942832890272043,True,0.4944424524331339,0.7400813922716585
esm2_frozen_bilstm_attn,train,-1,combined,sequence_distal_ge21,shared_water_fraction_of_band_contacts,481,1422,-0.00022247904648279812,-0.0012637464405927258,0.0008187883476271295,True,0.3929875546202088,0.6324464435870416
esm2_frozen_bilstm_attn,train,-1,combined,sequence_distal_ge21,shared_water_fraction_of_query_contacts,481,1422,-0.00042012659983320285,-0.0027864193645735415,0.0019461661649071357,True,0.4403825433795311,0.6910326851605153
esm2_frozen_bilstm_attn,train,-1,combined,sequence_distal_ge21,shares_any_ecod_domain_with_band,480,1414,0.004619277854978523,-0.008543433482340934,0.01778198919229798,True,0.8336993651841781,1.0
esm2_frozen_bilstm_attn,train,-1,combined,sequence_distal_ge21,shortest_nonlocal_contact_path_edges,478,1419,-0.5553592411876137,-0.6401518111463251,-0.4705666712289023,True,1.1482042363167561e-27,1.5585460781479902e-26
esm2_frozen_bilstm_attn,train,-1,combined,sequence_distal_ge21,shortest_ordinary_contact_path_edges,481,1422,-0.5435015307318152,-0.628487910444991,-0.45851515101863943,True,3.998412519360292e-30,6.130899196352449e-29
esm2_frozen_bilstm_attn,train,-1,combined,sequence_distal_ge21,torsion_change_from_previous,486,1432,-41.5093748742185,-43.921291103673965,-39.09745864476304,True,3.947238795817793e-128,4.357751630582843e-126
esm2_frozen_bilstm_attn,train,-1,combined,sequence_distal_ge21,water_path_at_most_1,481,1422,-0.000935717140332113,-0.0037029241847268708,0.0018314899040626446,True,0.3929875546202088,0.6324464435870416
esm2_frozen_bilstm_attn,train,-1,combined,sequence_distal_ge21,water_path_at_most_2,481,1422,-0.0009876844219501586,-0.00433895975773047,0.0023635909138301535,True,0.6464833446153441,0.8877084732031589
esm2_frozen_bilstm_attn,train,-1,combined,sequence_distal_ge21,water_path_at_most_3,481,1422,-0.0011560688085546092,-0.0045835875986726445,0.0022714499815634265,True,1.0,1.0
esm2_frozen_bilstm_attn,train,-1,combined,sequence_distal_ge21,water_path_exists,481,1422,-0.001091228528629429,-0.00454533757729791,0.002362880520039052,True,1.0,1.0
esm2_frozen_bilstm_attn,train,-1,combined,sequence_distal_ge21,water_path_without_direct_ca_contact,481,1422,-0.0009609009261364011,-0.0027115194841005937,0.0007897176318277918,True,1.0,1.0
esm2_frozen_bilstm_attn,train,-1,combined,sequence_distal_ge21,water_path_without_direct_polar_contact,481,1422,-0.00027600796161117696,-0.0035926505077621207,0.003040634584539767,True,0.9366240696485006,1.0
esm2_frozen_bilstm_attn,train,-1,combined,sequence_distal_ge21_no_direct_ca,absolute_backbone_orientation_cosine,476,1416,-0.007399111508572538,-0.018018744251554905,0.003220521234409827,True,0.07373566844322876,0.15378623040552497
esm2_frozen_bilstm_attn,train,-1,combined,sequence_distal_ge21_no_direct_ca,absolute_sequence_separation,476,1416,0.3215555113554618,-1.4717614425213101,2.1148724652322337,True,0.8906505431221985,1.0
esm2_frozen_bilstm_attn,train,-1,combined,sequence_distal_ge21_no_direct_ca,band_water_contact_count,476,1416,0.0,0.0,0.0,True,1.0,1.0
esm2_frozen_bilstm_attn,train,-1,combined,sequence_distal_ge21_no_direct_ca,direct_ca_contact,476,1416,0.0,0.0,0.0,True,1.0,1.0
esm2_frozen_bilstm_attn,train,-1,combined,sequence_distal_ge21_no_direct_ca,direct_putative_polar_contact,476,1416,0.0004933581580243883,-0.0016705927762236971,0.002657309092272474,True,0.6964676629916764,0.9308720338290687
esm2_frozen_bilstm_attn,train,-1,combined,sequence_distal_ge21_no_direct_ca,direct_putative_polar_contact_count,476,1416,0.0004936375634925954,-0.0017130889220651532,0.002700364049050344,True,0.6964676629916764,0.9308720338290687
esm2_frozen_bilstm_attn,train,-1,combined,sequence_distal_ge21_no_direct_ca,disorder,476,1416,-0.014141663850018724,-0.018388584872619695,-0.009894742827417754,True,3.467712834493156e-96,2.0509044478288094e-94
esm2_frozen_bilstm_attn,train,-1,combined,sequence_distal_ge21_no_direct_ca,mean_query_contact_water_degree,429,1308,0.004607308488115913,-0.032566333657099926,0.04178095063333175,True,0.5888225418579743,0.8326986586821566
esm2_frozen_bilstm_attn,train,-1,combined,sequence_distal_ge21_no_direct_ca,minimum_ca_distance_angstrom,476,1416,-2.7124710924402637,-3.102070605150237,-2.3228715797302906,True,1.9499794700827077e-25,2.2581580436761985e-24
esm2_frozen_bilstm_attn,train,-1,combined,sequence_distal_ge21_no_direct_ca,minimum_heavy_atom_distance_angstrom,476,1416,-2.6422311583429647,-3.024118803066807,-2.2603435136191226,True,1.4829797425490138e-24,1.6051074860530504e-23
esm2_frozen_bilstm_attn,train,-1,combined,sequence_distal_ge21_no_direct_ca,minimum_polar_atom_distance_angstrom,476,1416,-2.380614969624537,-2.762054614969183,-1.9991753242798909,True,7.557602034055301e-23,7.2343288834656525e-22
esm2_frozen_bilstm_attn,train,-1,combined,sequence_distal_ge21_no_direct_ca,neq,476,1416,-0.3891272077200198,-0.4162749626927518,-0.36197945274728777,True,1.8426008845003716e-136,2.542789220610513e-134
esm2_frozen_bilstm_attn,train,-1,combined,sequence_distal_ge21_no_direct_ca,nonlocal_contact_path_exists,476,1416,0.008664811869330316,0.002192993599056582,0.015136630139604049,True,8.445814568882953e-17,6.386424167155329e-16
esm2_frozen_bilstm_attn,train,-1,combined,sequence_distal_ge21_no_direct_ca,normalized_query_position,476,1416,0.002030880529580279,-0.011594272955356056,0.015656034014516613,True,0.6141784075899104,0.8597459365755635
esm2_frozen_bilstm_attn,train,-1,combined,sequence_distal_ge21_no_direct_ca,one_water_bridge,476,1416,-0.0014107133096078008,-0.0028658409008219168,4.441428160631509e-05,True,0.23509756240834187,0.42043365372377334
esm2_frozen_bilstm_attn,train,-1,combined,sequence_distal_ge21_no_direct_ca,ordinary_contact_path_exists,476,1416,0.0,0.0,0.0,True,1.0,1.0
esm2_frozen_bilstm_attn,train,-1,combined,sequence_distal_ge21_no_direct_ca,query_distance_to_band_domain_boundary_sequence,475,1408,0.5888786621435977,-1.1824145783378854,2.3601719026250807,True,0.5819558020870174,0.8251017193973466
esm2_frozen_bilstm_attn,train,-1,combined,sequence_distal_ge21_no_direct_ca,query_distance_to_community_boundary_edges,473,1413,-0.3350896381913666,-0.3851720987160737,-0.2850071776666595,True,9.429902780040167e-25,1.0551296624153051e-23
esm2_frozen_bilstm_attn,train,-1,combined,sequence_distal_ge21_no_direct_ca,query_distance_to_ecod_boundary_sequence,476,1415,1.0419657309079946,-0.3612624372445712,2.4451938990605604,True,0.02460765415139718,0.057394753908047505
esm2_frozen_bilstm_attn,train,-1,combined,sequence_distal_ge21_no_direct_ca,query_in_any_band,476,1416,0.5989370276508988,0.5692051111364504,0.6286689441653472,True,1.7899506685159798e-101,1.2887644813315053e-99
esm2_frozen_bilstm_attn,train,-1,combined,sequence_distal_ge21_no_direct_ca,query_to_band_contact_count,476,1416,0.0,0.0,0.0,True,1.0,1.0
esm2_frozen_bilstm_attn,train,-1,combined,sequence_distal_ge21_no_direct_ca,query_to_band_contact_fraction,476,1416,0.0,0.0,0.0,True,1.0,1.0
esm2_frozen_bilstm_attn,train,-1,combined,sequence_distal_ge21_no_direct_ca,query_water_contact_count,476,1416,-0.2506258180769354,-0.2924814041220672,-0.20877023203180362,True,4.777729493968692e-29,6.940280738607152e-28
esm2_frozen_bilstm_attn,train,-1,combined,sequence_distal_ge21_no_direct_ca,reachable_query_water_entry_count,476,1416,-0.0013008563442032577,-0.003745045419329721,0.0011433327309232058,True,1.0,1.0
esm2_frozen_bilstm_attn,train,-1,combined,sequence_distal_ge21_no_direct_ca,relative_backbone_orientation_cosine,476,1416,0.016511200155260464,-0.008856032475716182,0.04187843278623711,True,0.8187628337440016,1.0
esm2_frozen_bilstm_attn,train,-1,combined,sequence_distal_ge21_no_direct_ca,rsa,476,1416,-0.14488602486018595,-0.15406001508758818,-0.13571203463278372,True,1.4989136645584232e-98,9.193337142624996e-97
esm2_frozen_bilstm_attn,train,-1,combined,sequence_distal_ge21_no_direct_ca,same_community_as_band_apex,476,1416,0.006351779189587543,-0.01082514800504077,0.023528706384215854,True,0.7656373086489605,0.9817975703942547
esm2_frozen_bilstm_attn,train,-1,combined,sequence_distal_ge21_no_direct_ca,same_community_as_band_majority,456,1319,0.00025681593940572755,-0.016065429308957376,0.01657906118776883,True,0.796028868566036,1.0
esm2_frozen_bilstm_attn,train,-1,combined,sequence_distal_ge21_no_direct_ca,same_ecod_domain_as_band_apex,475,1407,0.00452503436513936,-0.00815056216104232,0.01720063089132104,True,0.9439304738571273,1.0
esm2_frozen_bilstm_attn,train,-1,combined,sequence_distal_ge21_no_direct_ca,shared_water_count,476,1416,-0.0015332036711375307,-0.0033919023895890637,0.0003254950473140026,True,0.23509756240834187,0.42043365372377334
esm2_frozen_bilstm_attn,train,-1,combined,sequence_distal_ge21_no_direct_ca,shared_water_fraction_of_band_contacts,476,1416,-0.0003451472169252125,-0.0008119975307464375,0.00012170309689601256,True,0.23509756240834187,0.42043365372377334
esm2_frozen_bilstm_attn,train,-1,combined,sequence_distal_ge21_no_direct_ca,shared_water_fraction_of_query_contacts,476,1416,-0.000693099215089984,-0.0018515139105268704,0.00046531548034690244,True,0.23509756240834187,0.42043365372377334
esm2_frozen_bilstm_attn,train,-1,combined,sequence_distal_ge21_no_direct_ca,shares_any_ecod_domain_with_band,475,1408,0.004320809339335937,-0.008352559751083444,0.01699417842975532,True,1.0,1.0
esm2_frozen_bilstm_attn,train,-1,combined,sequence_distal_ge21_no_direct_ca,shortest_nonlocal_contact_path_edges,473,1413,-0.472991892064105,-0.5522216857549741,-0.39376209837323595,True,7.02489000101709e-23,6.76349874516529e-22
esm2_frozen_bilstm_attn,train,-1,combined,sequence_distal_ge21_no_direct_ca,shortest_ordinary_contact_path_edges,476,1416,-0.48210591846702283,-0.5625965018236834,-0.4016153351103623,True,2.4606854394624005e-26,3.0184408057405448e-25
esm2_frozen_bilstm_attn,train,-1,combined,sequence_distal_ge21_no_direct_ca,torsion_change_from_previous,476,1416,-42.091480054207615,-44.51607113081454,-39.66688897760069,True,2.1835404794886565e-134,2.582816452880868e-132
esm2_frozen_bilstm_attn,train,-1,combined,sequence_distal_ge21_no_direct_ca,water_path_at_most_1,476,1416,-0.0014107133096078008,-0.0028658409008219168,4.441428160631509e-05,True,0.23509756240834187,0.42043365372377334
esm2_frozen_bilstm_attn,train,-1,combined,sequence_distal_ge21_no_direct_ca,water_path_at_most_2,476,1416,-0.0009299359054851148,-0.002666643315309008,0.0008067715043387784,True,0.6207676687971156,0.8654015468168654
esm2_frozen_bilstm_attn,train,-1,combined,sequence_distal_ge21_no_direct_ca,water_path_at_most_3,476,1416,-0.0008022721301899763,-0.0026513738014059427,0.0010468295410259898,True,1.0,1.0
esm2_frozen_bilstm_attn,train,-1,combined,sequence_distal_ge21_no_direct_ca,water_path_exists,476,1416,-0.0007695069607820017,-0.002623430238920613,0.0010844163173566092,True,0.8521555266297132,1.0
esm2_frozen_bilstm_attn,train,-1,combined,sequence_distal_ge21_no_direct_ca,water_path_without_direct_ca_contact,476,1416,-0.0007695069607820017,-0.002623430238920613,0.0010844163173566092,True,0.8521555266297132,1.0
esm2_frozen_bilstm_attn,train,-1,combined,sequence_distal_ge21_no_direct_ca,water_path_without_direct_polar_contact,476,1416,-0.00049212924581454,-0.002026876855015164,0.0010426183633860842,True,0.8408215252256428,1.0
esm2_frozen_bilstm_attn,train,-1,evidence_dominated,all_eligible_queries,absolute_backbone_orientation_cosine,576,1558,0.012651620689648192,0.002112366297484255,0.023190875081812126,True,1.687988041251774e-05,6.531093916619013e-05
esm2_frozen_bilstm_attn,train,-1,evidence_dominated,all_eligible_queries,absolute_sequence_separation,578,1565,1.390000666137414,0.12999682546084101,2.6500045068139872,True,0.16833528521879193,0.3213622240806202
esm2_frozen_bilstm_attn,train,-1,evidence_dominated,all_eligible_queries,band_water_contact_count,576,1558,9.327161091345328e-05,-0.00041607656256323507,0.0006026197843901417,True,1.0,1.0
esm2_frozen_bilstm_attn,train,-1,evidence_dominated,all_eligible_queries,direct_ca_contact,576,1558,0.07398183549598349,0.06115650137069882,0.08680716962126815,True,9.775684835376468e-27,1.2357659608689643e-25
esm2_frozen_bilstm_attn,train,-1,evidence_dominated,all_eligible_queries,direct_putative_polar_contact,576,1558,0.03418161881744128,0.02473765381664428,0.04362558381823828,True,2.400245201873364e-07,1.0801103408430138e-06
esm2_frozen_bilstm_attn,train,-1,evidence_dominated,all_eligible_queries,direct_putative_polar_contact_count,576,1558,0.17434770637211977,0.13544600710354096,0.21324940564069858,True,4.2044301492316215e-21,3.6263210037122734e-20
esm2_frozen_bilstm_attn,train,-1,evidence_dominated,all_eligible_queries,disorder,578,1565,0.0092301727727196,0.0027097493740441785,0.015750596171395022,True,7.433445452159428e-33,1.243412693815759e-31
esm2_frozen_bilstm_attn,train,-1,evidence_dominated,all_eligible_queries,mean_query_contact_water_degree,525,1468,-0.0028883730767356023,-0.0348464342275367,0.029069688074065493,True,0.655728310847335,0.8928768570051592
esm2_frozen_bilstm_attn,train,-1,evidence_dominated,all_eligible_queries,minimum_ca_distance_angstrom,576,1558,-2.097108476649457,-2.4112584045869587,-1.7829585487119557,True,6.494824980930689e-34,1.1321505440443392e-32
esm2_frozen_bilstm_attn,train,-1,evidence_dominated,all_eligible_queries,minimum_heavy_atom_distance_angstrom,576,1558,-1.9335274228291779,-2.2450633237177535,-1.621991521940602,True,1.6632677579378055e-28,2.3145978211302568e-27
esm2_frozen_bilstm_attn,train,-1,evidence_dominated,all_eligible_queries,minimum_polar_atom_distance_angstrom,576,1557,-1.6844117033561399,-1.9912445730338593,-1.3775788336784205,True,5.0196498608554215e-24,5.1953376059853615e-23
esm2_frozen_bilstm_attn,train,-1,evidence_dominated,all_eligible_queries,neq,578,1565,-0.4326930932873436,-0.45612651458466497,-0.4092596719900223,True,5.337831468096183e-168,1.26277841588104e-165
esm2_frozen_bilstm_attn,train,-1,evidence_dominated,all_eligible_queries,nonlocal_contact_path_exists,576,1558,0.007820774273455714,7.081953847430742e-05,0.015570729008437121,True,3.460547917825513e-27,4.5845338815352396e-26
esm2_frozen_bilstm_attn,train,-1,evidence_dominated,all_eligible_queries,normalized_query_position,578,1565,0.003388581484904189,-0.00776201814287523,0.014539181112683609,True,0.9005376791770053,1.0
esm2_frozen_bilstm_attn,train,-1,evidence_dominated,all_eligible_queries,one_water_bridge,576,1558,0.0015526549350441145,-0.002101366679607965,0.005206676549696194,True,0.025899541336068893,0.05990173247560068
esm2_frozen_bilstm_attn,train,-1,evidence_dominated,all_eligible_queries,ordinary_contact_path_exists,576,1558,0.0007812499793039427,-0.0007532017175100023,0.0023157016761178877,True,1.0,1.0
esm2_frozen_bilstm_attn,train,-1,evidence_dominated,all_eligible_queries,query_distance_to_band_domain_boundary_sequence,574,1554,-0.6299565160357076,-2.005573787100214,0.7456607550287987,True,0.5039066537820682,0.7450619809492008
esm2_frozen_bilstm_attn,train,-1,evidence_dominated,all_eligible_queries,query_distance_to_community_boundary_edges,574,1555,-0.260108973468317,-0.304122367848993,-0.21609557908764104,True,1.481003802837188e-21,1.3115199451863011e-20
esm2_frozen_bilstm_attn,train,-1,evidence_dominated,all_eligible_queries,query_distance_to_ecod_boundary_sequence,574,1556,-0.04525645514186026,-1.2365362576402208,1.1460233473565005,True,0.6761623142674652,0.912571142972227
esm2_frozen_bilstm_attn,train,-1,evidence_dominated,all_eligible_queries,query_in_any_band,578,1565,0.38915921527283803,0.3571312724297355,0.42118715811594054,True,1.5831307087237839e-49,5.0416624108588194e-48
esm2_frozen_bilstm_attn,train,-1,evidence_dominated,all_eligible_queries,query_to_band_contact_count,576,1558,0.2849520509097681,0.2410914198695851,0.3288126819499511,True,9.565031744313074e-46,2.5966709128823694e-44
esm2_frozen_bilstm_attn,train,-1,evidence_dominated,all_eligible_queries,query_to_band_contact_fraction,576,1558,0.05714911248138615,0.048280710724793396,0.0660175142379789,True,4.056016528155491e-45,1.0494942766602331e-43
esm2_frozen_bilstm_attn,train,-1,evidence_dominated,all_eligible_queries,query_water_contact_count,576,1558,-0.22948497405518464,-0.26615538613713186,-0.19281456197323746,True,1.0586895966045374e-32,1.753189971977114e-31
esm2_frozen_bilstm_attn,train,-1,evidence_dominated,all_eligible_queries,reachable_query_water_entry_count,576,1558,0.0011659974434754731,-0.004546190755547628,0.006878185642498574,True,0.013137282077630947,0.03213491746020214
esm2_frozen_bilstm_attn,train,-1,evidence_dominated,all_eligible_queries,relative_backbone_orientation_cosine,576,1558,0.001232765477923792,-0.022879662124431273,0.025345193080278855,True,0.5880864473528477,0.8323685100994151
esm2_frozen_bilstm_attn,train,-1,evidence_dominated,all_eligible_queries,rsa,578,1565,-0.11982182729959683,-0.1285638722986477,-0.11107978230054592,True,1.3326444921872102e-85,5.96448453800546e-84
esm2_frozen_bilstm_attn,train,-1,evidence_dominated,all_eligible_queries,same_community_as_band_apex,576,1558,0.034105048869467476,0.018666471598512792,0.04954362614042216,True,0.00030220941067764516,0.0010297505845312353
esm2_frozen_bilstm_attn,train,-1,evidence_dominated,all_eligible_queries,same_community_as_band_majority,547,1435,0.04093951162683282,0.02388555100749892,0.057993472246166716,True,0.0008422204982071717,0.0026718719253468895
esm2_frozen_bilstm_attn,train,-1,evidence_dominated,all_eligible_queries,same_ecod_domain_as_band_apex,574,1554,0.006170626719933569,-0.0023892445786443976,0.014730498018511534,True,0.5693014384434674,0.8127268810882603
esm2_frozen_bilstm_attn,train,-1,evidence_dominated,all_eligible_queries,shared_water_count,576,1558,0.001798258934992568,-0.00199604222047718,0.0055925600904623155,True,0.025899541336068893,0.05990173247560068
esm2_frozen_bilstm_attn,train,-1,evidence_dominated,all_eligible_queries,shared_water_fraction_of_band_contacts,576,1558,0.0007423384116009474,-0.0006104045349278009,0.0020950813581296955,True,0.03680035001199947,0.08202069935379694
esm2_frozen_bilstm_attn,train,-1,evidence_dominated,all_eligible_queries,shared_water_fraction_of_query_contacts,576,1558,0.0015227887076744659,-0.001445712326516492,0.004491289741865424,True,0.009769982885939301,0.024439715497153295
esm2_frozen_bilstm_attn,train,-1,evidence_dominated,all_eligible_queries,shares_any_ecod_domain_with_band,574,1554,0.006135502519648743,-0.0024247923679916157,0.014695797407289102,True,0.6580555444328553,0.8946962081944241
esm2_frozen_bilstm_attn,train,-1,evidence_dominated,all_eligible_queries,shortest_nonlocal_contact_path_edges,574,1552,-0.4090185804334842,-0.4788149390498148,-0.3392222218171536,True,6.173270804590217e-32,1.0022486718040588e-30
esm2_frozen_bilstm_attn,train,-1,evidence_dominated,all_eligible_queries,shortest_ordinary_contact_path_edges,576,1558,-0.38203268234290644,-0.4516150372469885,-0.3124503274388244,True,1.2566392165019241e-27,1.6918654817294197e-26
esm2_frozen_bilstm_attn,train,-1,evidence_dominated,all_eligible_queries,torsion_change_from_previous,578,1565,-36.80607386593048,-39.18871387085654,-34.42343386100442,True,8.197736258467169e-122,8.48465702751352e-120
esm2_frozen_bilstm_attn,train,-1,evidence_dominated,all_eligible_queries,water_path_at_most_1,576,1558,0.0015526549350441145,-0.002101366679607965,0.005206676549696194,True,0.025899541336068893,0.05990173247560068
esm2_frozen_bilstm_attn,train,-1,evidence_dominated,all_eligible_queries,water_path_at_most_2,576,1558,0.0020951310761438335,-0.002300784863718418,0.006491047016006085,True,0.015441004332333377,0.037603387021094226
esm2_frozen_bilstm_attn,train,-1,evidence_dominated,all_eligible_queries,water_path_at_most_3,576,1558,0.0014627081028835342,-0.003029293202739059,0.005954709408506127,True,0.004653603220768934,0.012469849407108987
esm2_frozen_bilstm_attn,train,-1,evidence_dominated,all_eligible_queries,water_path_exists,576,1558,0.001495710004948917,-0.0030342202014307512,0.006025640211328585,True,0.006148017100623929,0.016058543089326853
esm2_frozen_bilstm_attn,train,-1,evidence_dominated,all_eligible_queries,water_path_without_direct_ca_contact,576,1558,-0.00146621895376752,-0.004126935901923924,0.001194497994388884,True,2.9946595084083448e-05,0.00011426627064341518
esm2_frozen_bilstm_attn,train,-1,evidence_dominated,all_eligible_queries,water_path_without_direct_polar_contact,576,1558,-0.0026564528411849144,-0.006347919254154611,0.0010350135717847827,True,2.9277101604597915e-06,1.206041797443138e-05
esm2_frozen_bilstm_attn,train,-1,evidence_dominated,sequence_distal_ge21,absolute_backbone_orientation_cosine,553,1525,0.003441067998602066,-0.006766815164337343,0.013648951161541476,True,0.026927671564875043,0.06193364459921259
esm2_frozen_bilstm_attn,train,-1,evidence_dominated,sequence_distal_ge21,absolute_sequence_separation,560,1539,1.0797370638143,-0.3696621971496079,2.529136324778208,True,1.0,1.0
esm2_frozen_bilstm_attn,train,-1,evidence_dominated,sequence_distal_ge21,band_water_contact_count,554,1526,0.0,0.0,0.0,True,1.0,1.0
esm2_frozen_bilstm_attn,train,-1,evidence_dominated,sequence_distal_ge21,direct_ca_contact,554,1526,0.03989890662850456,0.029908168318947163,0.04988964493806196,True,5.970810765542506e-13,4.0031022784365944e-12
esm2_frozen_bilstm_attn,train,-1,evidence_dominated,sequence_distal_ge21,direct_putative_polar_contact,554,1526,0.005263525670898868,0.00011012857330361739,0.01041692276849412,True,0.47626671506798457,0.7249059560225941
esm2_frozen_bilstm_attn,train,-1,evidence_dominated,sequence_distal_ge21,direct_putative_polar_contact_count,554,1526,0.006477723932221839,0.0008801517143889161,0.012075296150054763,True,0.3926260446804684,0.6324464435870416
esm2_frozen_bilstm_attn,train,-1,evidence_dominated,sequence_distal_ge21,disorder,560,1539,0.014976896874206362,0.007047184349987787,0.022906609398424937,True,1.1144548699574554e-30,1.741072891178817e-29
esm2_frozen_bilstm_attn,train,-1,evidence_dominated,sequence_distal_ge21,mean_query_contact_water_degree,503,1433,-0.0018824239284182319,-0.034493244431076556,0.03072839657424009,True,1.0,1.0
esm2_frozen_bilstm_attn,train,-1,evidence_dominated,sequence_distal_ge21,minimum_ca_distance_angstrom,554,1526,-2.134441454517463,-2.4957950444480246,-1.7730878645869015,True,3.5604904280375314e-24,3.7795975313013794e-23
esm2_frozen_bilstm_attn,train,-1,evidence_dominated,sequence_distal_ge21,minimum_heavy_atom_distance_angstrom,554,1526,-2.000893798942697,-2.360302302769379,-1.641485295116015,True,3.082775108864075e-22,2.7744975979776673e-21
esm2_frozen_bilstm_attn,train,-1,evidence_dominated,sequence_distal_ge21,minimum_polar_atom_distance_angstrom,554,1525,-1.801688742496129,-2.1561834371674107,-1.4471940478248473,True,5.613940987937329e-17,4.2841872239742935e-16
esm2_frozen_bilstm_attn,train,-1,evidence_dominated,sequence_distal_ge21,neq,560,1539,-0.4354110997704044,-0.4625782898605463,-0.4082439096802625,True,1.2210789937098836e-160,2.527633516979459e-158
esm2_frozen_bilstm_attn,train,-1,evidence_dominated,sequence_distal_ge21,nonlocal_contact_path_exists,554,1526,0.008716865708208045,0.0033230828969854926,0.014110648519430597,True,8.462475337125398e-27,1.0779891660215122e-25
esm2_frozen_bilstm_attn,train,-1,evidence_dominated,sequence_distal_ge21,normalized_query_position,560,1539,0.006558519251697192,-0.007305049750400202,0.020422088253794587,True,0.8656728286887888,1.0
esm2_frozen_bilstm_attn,train,-1,evidence_dominated,sequence_distal_ge21,one_water_bridge,554,1526,-0.002874705320990524,-0.007497490257235713,0.0017480796152546645,True,0.0006186947801814255,0.002001090929649298
esm2_frozen_bilstm_attn,train,-1,evidence_dominated,sequence_distal_ge21,ordinary_contact_path_exists,554,1526,0.0007220216176139749,-0.0006962187676544497,0.0021402620028823996,True,1.0,1.0
esm2_frozen_bilstm_attn,train,-1,evidence_dominated,sequence_distal_ge21,query_distance_to_band_domain_boundary_sequence,553,1523,-0.5599980090467093,-2.1357109910828878,1.015714972989469,True,0.4693630998766398,0.7216947942392902
esm2_frozen_bilstm_attn,train,-1,evidence_dominated,sequence_distal_ge21,query_distance_to_community_boundary_edges,553,1525,-0.26914130214775067,-0.31813317484674497,-0.22014942944875637,True,2.7905066272994935e-21,2.4580207312808305e-20
esm2_frozen_bilstm_attn,train,-1,evidence_dominated,sequence_distal_ge21,query_distance_to_ecod_boundary_sequence,553,1525,0.26397009394233245,-1.0802857610966965,1.6082259489813613,True,0.8314959304077075,1.0
esm2_frozen_bilstm_attn,train,-1,evidence_dominated,sequence_distal_ge21,query_in_any_band,560,1539,0.41676177005759923,0.3836067817798553,0.44991675833534317,True,3.9320665941491555e-57,1.4470005066468892e-55
esm2_frozen_bilstm_attn,train,-1,evidence_dominated,sequence_distal_ge21,query_to_band_contact_count,554,1526,0.08228031764544085,0.05987540756399225,0.10468522772688944,True,1.394073503495956e-08,7.305651018320579e-08
esm2_frozen_bilstm_attn,train,-1,evidence_dominated,sequence_distal_ge21,query_to_band_contact_fraction,554,1526,0.016302728655182674,0.01190613938463022,0.02069931792573513,True,2.6520290775289217e-10,1.5741075815010373e-09
esm2_frozen_bilstm_attn,train,-1,evidence_dominated,sequence_distal_ge21,query_water_contact_count,554,1526,-0.22607262927174268,-0.26617552153204793,-0.18596973701143743,True,3.821777085832948e-31,6.085445052057079e-30
esm2_frozen_bilstm_attn,train,-1,evidence_dominated,sequence_distal_ge21,reachable_query_water_entry_count,554,1526,-0.005913582720048581,-0.014277948204533885,0.0024507827644367217,True,9.622612440558244e-05,0.00034716876256131706
esm2_frozen_bilstm_attn,train,-1,evidence_dominated,sequence_distal_ge21,relative_backbone_orientation_cosine,553,1525,0.01068937075868091,-0.013294439156935962,0.03467318067429778,True,0.14815910968482937,0.28696080191588
esm2_frozen_bilstm_attn,train,-1,evidence_dominated,sequence_distal_ge21,rsa,560,1539,-0.11414707349032419,-0.12368164968018684,-0.10461249730046153,True,3.397035524617396e-68,1.339402578277716e-66
esm2_frozen_bilstm_attn,train,-1,evidence_dominated,sequence_distal_ge21,same_community_as_band_apex,554,1526,0.028877212588302715,0.014088325427699482,0.04366609974890595,True,0.00027644228278844284,0.0009478021124175184
esm2_frozen_bilstm_attn,train,-1,evidence_dominated,sequence_distal_ge21,same_community_as_band_majority,526,1406,0.0332981878486968,0.01737586880856809,0.04922050688882551,True,0.012584422709754172,0.030919590515360397
esm2_frozen_bilstm_attn,train,-1,evidence_dominated,sequence_distal_ge21,same_ecod_domain_as_band_apex,553,1523,0.006446411243663196,-0.0036946043084877672,0.01658742679581416,True,0.8495635544175514,1.0
esm2_frozen_bilstm_attn,train,-1,evidence_dominated,sequence_distal_ge21,shared_water_count,554,1526,-0.0029032531463191067,-0.007662246534480867,0.0018557402418426534,True,0.0010910583212808658,0.003333565645832313
esm2_frozen_bilstm_attn,train,-1,evidence_dominated,sequence_distal_ge21,shared_water_fraction_of_band_contacts,554,1526,-0.000987301723920537,-0.0023346993906094805,0.0003600959427684067,True,0.0018783308897799415,0.005534725895864026
esm2_frozen_bilstm_attn,train,-1,evidence_dominated,sequence_distal_ge21,shared_water_fraction_of_query_contacts,554,1526,-0.001326746869682056,-0.004225483362333374,0.001571989622969262,True,0.0003424066712364659,0.0011548379787527242
esm2_frozen_bilstm_attn,train,-1,evidence_dominated,sequence_distal_ge21,shares_any_ecod_domain_with_band,553,1523,0.006409953212987805,-0.0037313392624037283,0.01655124568837934,True,0.9495877868526906,1.0
esm2_frozen_bilstm_attn,train,-1,evidence_dominated,sequence_distal_ge21,shortest_nonlocal_contact_path_edges,553,1522,-0.4191410177186707,-0.4995460957686357,-0.3387359396687057,True,9.42265478703939e-25,1.0551296624153051e-23
esm2_frozen_bilstm_attn,train,-1,evidence_dominated,sequence_distal_ge21,shortest_ordinary_contact_path_edges,554,1526,-0.40349305852586925,-0.48276224896554304,-0.32422386808619547,True,3.370335553351066e-21,2.9530559134123626e-20
esm2_frozen_bilstm_attn,train,-1,evidence_dominated,sequence_distal_ge21,torsion_change_from_previous,560,1539,-35.37810952659351,-37.836571303932814,-32.91964774925421,True,1.8938499175795055e-114,1.6506397176377165e-112
esm2_frozen_bilstm_attn,train,-1,evidence_dominated,sequence_distal_ge21,water_path_at_most_1,554,1526,-0.002874705320990524,-0.007497490257235713,0.0017480796152546645,True,0.0006186947801814255,0.002001090929649298
esm2_frozen_bilstm_attn,train,-1,evidence_dominated,sequence_distal_ge21,water_path_at_most_2,554,1526,-0.0030753482025129095,-0.008163886982622666,0.002013190577596847,True,0.0010098370416944476,0.003125775964571972
esm2_frozen_bilstm_attn,train,-1,evidence_dominated,sequence_distal_ge21,water_path_at_most_3,554,1526,-0.003736703860839628,-0.008881158672763317,0.0014077509510840623,True,5.891433491818946e-05,0.00021777263085830746
esm2_frozen_bilstm_attn,train,-1,evidence_dominated,sequence_distal_ge21,water_path_exists,554,1526,-0.003873985295319069,-0.009042723510859956,0.0012947529202218182,True,3.827259175582944e-05,0.00014339233472319808
esm2_frozen_bilstm_attn,train,-1,evidence_dominated,sequence_distal_ge21,water_path_without_direct_ca_contact,554,1526,-0.0011678897401998325,-0.0035723623556298723,0.0012365828752302073,True,3.1407558212387724e-05,0.0001192692554423146
esm2_frozen_bilstm_attn,train,-1,evidence_dominated,sequence_distal_ge21,water_path_without_direct_polar_contact,554,1526,-0.003199447748705672,-0.008170700506318025,0.0017718050089066818,True,4.942049385182863e-05,0.0001839108715025353
esm2_frozen_bilstm_attn,train,-1,evidence_dominated,sequence_distal_ge21_no_direct_ca,absolute_backbone_orientation_cosine,550,1517,-0.00015236702184466498,-0.011149317290251311,0.01084458324656198,True,0.1861702038938517,0.34835916118442756
esm2_frozen_bilstm_attn,train,-1,evidence_dominated,sequence_distal_ge21_no_direct_ca,absolute_sequence_separation,552,1519,0.7854515205266969,-0.7158669862379284,2.2867700272913223,True,0.4947283220076848,0.7400813922716585
esm2_frozen_bilstm_attn,train,-1,evidence_dominated,sequence_distal_ge21_no_direct_ca,band_water_contact_count,552,1519,0.0,0.0,0.0,True,1.0,1.0
esm2_frozen_bilstm_attn,train,-1,evidence_dominated,sequence_distal_ge21_no_direct_ca,direct_ca_contact,552,1519,0.0,0.0,0.0,True,1.0,1.0
esm2_frozen_bilstm_attn,train,-1,evidence_dominated,sequence_distal_ge21_no_direct_ca,direct_putative_polar_contact,552,1519,-0.00017577031031289436,-0.00411587389169175,0.003764333271065961,True,0.002878610081200932,0.008107105942974053
esm2_frozen_bilstm_attn,train,-1,evidence_dominated,sequence_distal_ge21_no_direct_ca,direct_putative_polar_contact_count,552,1519,-0.00018056288760494733,-0.0041206987512149755,0.0037595729760050807,True,0.002878610081200932,0.008107105942974053
esm2_frozen_bilstm_attn,train,-1,evidence_dominated,sequence_distal_ge21_no_direct_ca,disorder,552,1519,0.00338329102370825,-0.0032600292807568234,0.010026611328173323,True,2.4840608810294e-46,6.856008031641143e-45
esm2_frozen_bilstm_attn,train,-1,evidence_dominated,sequence_distal_ge21_no_direct_ca,mean_query_contact_water_degree,495,1421,-0.0005033569175393436,-0.03467572827799409,0.033669014442915396,True,0.6806395260710354,0.9171188406620299
esm2_frozen_bilstm_attn,train,-1,evidence_dominated,sequence_distal_ge21_no_direct_ca,minimum_ca_distance_angstrom,552,1519,-2.0241117279145344,-2.380779492246214,-1.667443963582855,True,6.128597504285312e-22,5.485922955187285e-21
esm2_frozen_bilstm_attn,train,-1,evidence_dominated,sequence_distal_ge21_no_direct_ca,minimum_heavy_atom_distance_angstrom,552,1519,-1.9237093289933724,-2.281640382496372,-1.565778275490373,True,3.4021964278341354e-21,2.9652827813122784e-20
esm2_frozen_bilstm_attn,train,-1,evidence_dominated,sequence_distal_ge21_no_direct_ca,minimum_polar_atom_distance_angstrom,552,1518,-1.7234222837514652,-2.0777909082781165,-1.3690536592248137,True,2.1563389497239044e-16,1.6085122976318855e-15
esm2_frozen_bilstm_attn,train,-1,evidence_dominated,sequence_distal_ge21_no_direct_ca,neq,552,1519,-0.40302530698189903,-0.425834814450849,-0.3802157995129491,True,4.093279862272736e-156,7.531634946581834e-154
esm2_frozen_bilstm_attn,train,-1,evidence_dominated,sequence_distal_ge21_no_direct_ca,nonlocal_contact_path_exists,552,1519,0.008919049172945401,0.0033919757524416136,0.014446122593449188,True,2.7927572561866964e-26,3.400592659003801e-25
esm2_frozen_bilstm_attn,train,-1,evidence_dominated,sequence_distal_ge21_no_direct_ca,normalized_query_position,552,1519,0.006894464700332008,-0.007331332143038295,0.02112026154370231,True,0.49551250206744313,0.7405854724040486
esm2_frozen_bilstm_attn,train,-1,evidence_dominated,sequence_distal_ge21_no_direct_ca,one_water_bridge,552,1519,-0.00036117562209435914,-0.002254207032233139,0.001531855788044421,True,0.0008737198369123724,0.00274550294103774
esm2_frozen_bilstm_attn,train,-1,evidence_dominated,sequence_distal_ge21_no_direct_ca,ordinary_contact_path_exists,552,1519,0.0007246376379676487,-0.0006987526315432419,0.0021480279074785396,True,1.0,1.0
esm2_frozen_bilstm_attn,train,-1,evidence_dominated,sequence_distal_ge21_no_direct_ca,query_distance_to_band_domain_boundary_sequence,551,1516,-0.4913112145555021,-2.086433734514649,1.103811305403645,True,0.3705648685139944,0.609995449561804
esm2_frozen_bilstm_attn,train,-1,evidence_dominated,sequence_distal_ge21_no_direct_ca,query_distance_to_community_boundary_edges,551,1518,-0.2647542957896956,-0.31493860293296166,-0.2145699886464296,True,3.0392073199788706e-19,2.4671212362181418e-18
esm2_frozen_bilstm_attn,train,-1,evidence_dominated,sequence_distal_ge21_no_direct_ca,query_distance_to_ecod_boundary_sequence,551,1518,0.2442862359865975,-1.113664419496577,1.6022368914697718,True,0.6390796749695765,0.8797306248957762
esm2_frozen_bilstm_attn,train,-1,evidence_dominated,sequence_distal_ge21_no_direct_ca,query_in_any_band,552,1519,0.4366474918629824,0.40418937548614914,0.4691056082398157,True,1.1046259547845265e-62,4.2540943747050604e-61
esm2_frozen_bilstm_attn,train,-1,evidence_dominated,sequence_distal_ge21_no_direct_ca,query_to_band_contact_count,552,1519,0.0,0.0,0.0,True,1.0,1.0
esm2_frozen_bilstm_attn,train,-1,evidence_dominated,sequence_distal_ge21_no_direct_ca,query_to_band_contact_fraction,552,1519,0.0,0.0,0.0,True,1.0,1.0
esm2_frozen_bilstm_attn,train,-1,evidence_dominated,sequence_distal_ge21_no_direct_ca,query_water_contact_count,552,1519,-0.1966876595908098,-0.2405980263448947,-0.15277729283672492,True,5.887302959161366e-27,7.557654031295521e-26
esm2_frozen_bilstm_attn,train,-1,evidence_dominated,sequence_distal_ge21_no_direct_ca,reachable_query_water_entry_count,552,1519,0.00015506135435773056,-0.003380865950488871,0.003690988659204332,True,0.0004896357481684591,0.0016216735979339366
esm2_frozen_bilstm_attn,train,-1,evidence_dominated,sequence_distal_ge21_no_direct_ca,relative_backbone_orientation_cosine,550,1517,0.010824495776390015,-0.014879233909434277,0.036528225462214306,True,0.044962561401878896,0.09835931529922252
esm2_frozen_bilstm_attn,train,-1,evidence_dominated,sequence_distal_ge21_no_direct_ca,rsa,552,1519,-0.11881096894021331,-0.12816439818264924,-0.1094575396977774,True,3.3942652537240966e-79,1.4791850684650274e-77
esm2_frozen_bilstm_attn,train,-1,evidence_dominated,sequence_distal_ge21_no_direct_ca,same_community_as_band_apex,552,1519,0.02270205700749987,0.009037230875659118,0.036366883139340625,True,0.006365827977011602,0.016601277369970417
esm2_frozen_bilstm_attn,train,-1,evidence_dominated,sequence_distal_ge21_no_direct_ca,same_community_as_band_majority,523,1399,0.024114751745512156,0.009380595573685114,0.0388489079173392,True,0.029881467726287216,0.06778590486949539
esm2_frozen_bilstm_attn,train,-1,evidence_dominated,sequence_distal_ge21_no_direct_ca,same_ecod_domain_as_band_apex,551,1516,0.004039156934105443,-0.006227532582192044,0.014305846450402929,True,1.0,1.0
esm2_frozen_bilstm_attn,train,-1,evidence_dominated,sequence_distal_ge21_no_direct_ca,shared_water_count,552,1519,7.713361333410609e-05,-0.0021143137377317768,0.002268580964399989,True,0.0008737198369123724,0.00274550294103774
esm2_frozen_bilstm_attn,train,-1,evidence_dominated,sequence_distal_ge21_no_direct_ca,shared_water_fraction_of_band_contacts,552,1519,-0.0001641512849133373,-0.0009566266712494819,0.0006283241014228074,True,0.0017899303914868528,0.005293079871968265
esm2_frozen_bilstm_attn,train,-1,evidence_dominated,sequence_distal_ge21_no_direct_ca,shared_water_fraction_of_query_contacts,552,1519,-0.00027927963786326227,-0.0014851490895223445,0.0009265898137958198,True,0.0008737198369123724,0.00274550294103774
esm2_frozen_bilstm_attn,train,-1,evidence_dominated,sequence_distal_ge21_no_direct_ca,shares_any_ecod_domain_with_band,551,1516,0.004003867558844113,-0.006263038300761161,0.014270773418449387,True,0.8991755737053816,1.0
esm2_frozen_bilstm_attn,train,-1,evidence_dominated,sequence_distal_ge21_no_direct_ca,shortest_nonlocal_contact_path_edges,551,1515,-0.36412884232812404,-0.44195563377090785,-0.2863020508853402,True,2.1527468159436802e-20,1.7914315212074042e-19
esm2_frozen_bilstm_attn,train,-1,evidence_dominated,sequence_distal_ge21_no_direct_ca,shortest_ordinary_contact_path_edges,552,1519,-0.3676051165971318,-0.445297766439965,-0.2899124667542986,True,1.4739284309264933e-18,1.1734737892376312e-17
esm2_frozen_bilstm_attn,train,-1,evidence_dominated,sequence_distal_ge21_no_direct_ca,torsion_change_from_previous,552,1519,-37.02696570208641,-39.47021497098967,-34.58371643318314,True,1.3928822160246859e-119,1.3568311469040469e-117
esm2_frozen_bilstm_attn,train,-1,evidence_dominated,sequence_distal_ge21_no_direct_ca,water_path_at_most_1,552,1519,-0.00036117562209435914,-0.002254207032233139,0.001531855788044421,True,0.0008737198369123724,0.00274550294103774
esm2_frozen_bilstm_attn,train,-1,evidence_dominated,sequence_distal_ge21_no_direct_ca,water_path_at_most_2,552,1519,-0.0003219897628465139,-0.002928046535101153,0.0022840670094081256,True,0.00022530022137317844,0.0007821743534465063
esm2_frozen_bilstm_attn,train,-1,evidence_dominated,sequence_distal_ge21_no_direct_ca,water_path_at_most_3,552,1519,-0.00044069588727478447,-0.0030494556409246054,0.0021680638663750364,True,3.293875658895251e-05,0.00012425189273645868
esm2_frozen_bilstm_attn,train,-1,evidence_dominated,sequence_distal_ge21_no_direct_ca,water_path_exists,552,1519,-0.0004215982489177063,-0.0030756810480340063,0.0022324845501985936,True,6.517525759627493e-05,0.0002387836871226356
esm2_frozen_bilstm_attn,train,-1,evidence_dominated,sequence_distal_ge21_no_direct_ca,water_path_without_direct_ca_contact,552,1519,-0.0004215982489177063,-0.0030756810480340063,0.0022324845501985936,True,6.517525759627493e-05,0.0002387836871226356
esm2_frozen_bilstm_attn,train,-1,evidence_dominated,sequence_distal_ge21_no_direct_ca,water_path_without_direct_polar_contact,552,1519,7.657576946418955e-05,-0.002521594133620606,0.0026747456725489853,True,3.573574653630987e-05,0.00013419137474859216
esm2_frozen_bilstm_attn,train,1,combined,all_eligible_queries,absolute_backbone_orientation_cosine,781,3113,-0.007543065107814559,-0.016809318903239896,0.0017231886876107778,True,0.1153274924480761,0.22924776092563795
esm2_frozen_bilstm_attn,train,1,combined,all_eligible_queries,absolute_sequence_separation,855,3524,-1.7874691742357212,-2.737874130574702,-0.8370642178967407,True,1.1325064619460551e-06,4.79649795647741e-06
esm2_frozen_bilstm_attn,train,1,combined,all_eligible_queries,band_water_contact_count,789,3141,0.0,0.0,0.0,True,1.0,1.0
esm2_frozen_bilstm_attn,train,1,combined,all_eligible_queries,direct_ca_contact,789,3141,0.04283103200004243,0.032298914636027305,0.053363149364057554,True,1.2012226463952477e-23,1.1983281339942953e-22
esm2_frozen_bilstm_attn,train,1,combined,all_eligible_queries,direct_putative_polar_contact,789,3141,0.05009393365422993,0.0410471630726148,0.059140704235845054,True,4.052592801660743e-38,8.285300838950852e-37
esm2_frozen_bilstm_attn,train,1,combined,all_eligible_queries,direct_putative_polar_contact_count,789,3141,0.08040370316679263,0.06655990189778949,0.09424750443579577,True,6.139358756788219e-40,1.3555704134988386e-38
esm2_frozen_bilstm_attn,train,1,combined,all_eligible_queries,disorder,855,3524,-0.037662768704089314,-0.04579556813226576,-0.029529969275912865,True,0.0025961054330712525,0.007399570735225463
esm2_frozen_bilstm_attn,train,1,combined,all_eligible_queries,mean_query_contact_water_degree,707,2895,-0.010371631220895555,-0.037316828341524166,0.01657356589973306,True,0.3290248700456767,0.5531626241580108
esm2_frozen_bilstm_attn,train,1,combined,all_eligible_queries,minimum_ca_distance_angstrom,789,3141,0.6921205733190283,0.3260747290755912,1.0581664175624654,True,4.9587491809325415e-06,1.9931283115592937e-05
esm2_frozen_bilstm_attn,train,1,combined,all_eligible_queries,minimum_heavy_atom_distance_angstrom,789,3141,0.7413986909975605,0.3749228619868445,1.1078745200082765,True,2.7416570518741277e-07,1.2172075275880847e-06
esm2_frozen_bilstm_attn,train,1,combined,all_eligible_queries,minimum_polar_atom_distance_angstrom,789,3140,0.6685980874898667,0.30344715963693025,1.0337490153428033,True,6.96148389511786e-06,2.7645605108669488e-05
esm2_frozen_bilstm_attn,train,1,combined,all_eligible_queries,neq,855,3524,0.8127871394842285,0.7727706840900912,0.8528035948783659,True,7.59778598736217e-207,1.2581933595071753e-203
esm2_frozen_bilstm_attn,train,1,combined,all_eligible_queries,nonlocal_contact_path_exists,789,3141,-0.04141433029698091,-0.052416037895876344,-0.03041262269808548,True,3.8643436764720684e-41,8.766237161969514e-40
esm2_frozen_bilstm_attn,train,1,combined,all_eligible_queries,normalized_query_position,855,3524,-0.01058987259117658,-0.01873766085229328,-0.0024420843300598776,True,0.016617834768913462,0.04011535623516136
esm2_frozen_bilstm_attn,train,1,combined,all_eligible_queries,one_water_bridge,789,3141,0.006642917685806671,0.001383621847380269,0.011902213524233072,True,0.644360875762097,0.8855283072713964
esm2_frozen_bilstm_attn,train,1,combined,all_eligible_queries,ordinary_contact_path_exists,789,3141,0.0013616040059419234,-0.0011882276942153359,0.003911435706099182,True,1.0,1.0
esm2_frozen_bilstm_attn,train,1,combined,all_eligible_queries,query_distance_to_band_domain_boundary_sequence,786,3117,0.888704139179579,-0.20076334490152659,1.9781716232606845,True,0.26883071241824474,0.46713920227136757
esm2_frozen_bilstm_attn,train,1,combined,all_eligible_queries,query_distance_to_community_boundary_edges,776,3110,0.3446728415641265,0.29569016404542775,0.3936555190828252,True,4.982812409324294e-38,9.82325874981075e-37
esm2_frozen_bilstm_attn,train,1,combined,all_eligible_queries,query_distance_to_ecod_boundary_sequence,788,3136,1.1863583068901495,0.18380047146513823,2.188916142315161,True,0.10886295890472901,0.21878283974057192
esm2_frozen_bilstm_attn,train,1,combined,all_eligible_queries,query_in_any_band,855,3524,0.5376845637343168,0.5177785687149448,0.5575905587536889,True,1.4180806540775096e-195,7.827805210507853e-193
esm2_frozen_bilstm_attn,train,1,combined,all_eligible_queries,query_to_band_contact_count,789,3141,0.13400608639859343,0.10755591897694108,0.16045625382024578,True,3.3594823736529654e-28,4.6360856756410926e-27
esm2_frozen_bilstm_attn,train,1,combined,all_eligible_queries,query_to_band_contact_fraction,789,3141,0.035231192063754746,0.028450930143733958,0.04201145398377553,True,2.0572574116827394e-29,3.0418020301309076e-28
esm2_frozen_bilstm_attn,train,1,combined,all_eligible_queries,query_water_contact_count,789,3141,0.06610437129609464,0.03166159419305103,0.10054714839913825,True,0.002228081494831835,0.006461826541929104
esm2_frozen_bilstm_attn,train,1,combined,all_eligible_queries,reachable_query_water_entry_count,789,3141,0.011453715948964573,0.0030391982554882,0.019868233642440947,True,0.21874400717108353,0.3980660174454004
esm2_frozen_bilstm_attn,train,1,combined,all_eligible_queries,relative_backbone_orientation_cosine,781,3113,0.003236521604618652,-0.018637157708204666,0.025110200917441972,True,0.3163827121267152,0.5346222155937147
esm2_frozen_bilstm_attn,train,1,combined,all_eligible_queries,rsa,855,3524,0.08207994019737838,0.07429696931348967,0.0898629110812671,True,3.358691280430202e-69,1.3565836000957107e-67
esm2_frozen_bilstm_attn,train,1,combined,all_eligible_queries,same_community_as_band_apex,789,3141,0.0013461254774069504,-0.010340778133875456,0.013033029088689358,True,0.03055314379371355,0.06912022694315524
esm2_frozen_bilstm_attn,train,1,combined,all_eligible_queries,same_community_as_band_majority,764,2921,0.00037235709742443503,-0.012916676608355613,0.013661390803204483,True,0.0605337774066569,0.12901407385511432
esm2_frozen_bilstm_attn,train,1,combined,all_eligible_queries,same_ecod_domain_as_band_apex,784,3108,0.001492952620408101,-0.004939927626515529,0.007925832867331731,True,0.2091878329507721,0.3853244718127076
esm2_frozen_bilstm_attn,train,1,combined,all_eligible_queries,shared_water_count,789,3141,0.006126201272387795,-0.0007413081259875897,0.01299371067076318,True,0.7195774873564025,0.9479219115827047
esm2_frozen_bilstm_attn,train,1,combined,all_eligible_queries,shared_water_fraction_of_band_contacts,789,3141,0.002360493303834348,-0.001238965846599056,0.005959952454267751,True,0.9590963048063904,1.0
esm2_frozen_bilstm_attn,train,1,combined,all_eligible_queries,shared_water_fraction_of_query_contacts,789,3141,0.005128949708970944,0.000473329645085359,0.009784569772856529,True,0.8777172253636112,1.0
esm2_frozen_bilstm_attn,train,1,combined,all_eligible_queries,shares_any_ecod_domain_with_band,786,3117,0.0001647198547355562,-0.0057971171205774075,0.00612655683004852,True,0.06672856656943184,0.14040979191738134
esm2_frozen_bilstm_attn,train,1,combined,all_eligible_queries,shortest_nonlocal_contact_path_edges,771,3075,0.3142842441667057,0.2321992104798113,0.3963692778536001,True,1.6196964858489178e-15,1.1868218498078795e-14
esm2_frozen_bilstm_attn,train,1,combined,all_eligible_queries,shortest_ordinary_contact_path_edges,788,3140,0.1876487741667048,0.11504663626243727,0.26025091207097234,True,3.3016449541673684e-10,1.9388383135110504e-09
esm2_frozen_bilstm_attn,train,1,combined,all_eligible_queries,torsion_change_from_previous,855,3524,16.920527730442632,14.680339420630617,19.16071604025465,True,2.5547793647881912e-48,7.982480430357065e-47
esm2_frozen_bilstm_attn,train,1,combined,all_eligible_queries,water_path_at_most_1,789,3141,0.006642917685806671,0.001383621847380269,0.011902213524233072,True,0.644360875762097,0.8855283072713964
esm2_frozen_bilstm_attn,train,1,combined,all_eligible_queries,water_path_at_most_2,789,3141,0.007194820280007812,0.0016860024317897826,0.012703638128225843,True,0.49913295719096307,0.7416899545757214
esm2_frozen_bilstm_attn,train,1,combined,all_eligible_queries,water_path_at_most_3,789,3141,0.008523896338346779,0.0028254377547289574,0.014222354921964601,True,0.27393810275284797,0.47402455397984977
esm2_frozen_bilstm_attn,train,1,combined,all_eligible_queries,water_path_exists,789,3141,0.00862649017875511,0.0029015169377853483,0.014351463419724871,True,0.21874400717108353,0.3980660174454004
esm2_frozen_bilstm_attn,train,1,combined,all_eligible_queries,water_path_without_direct_ca_contact,789,3141,0.000848767872733788,-0.001051554146816756,0.002749089892284332,True,7.426133115845939e-05,0.0002690957645479404
esm2_frozen_bilstm_attn,train,1,combined,all_eligible_queries,water_path_without_direct_polar_contact,789,3141,0.0009291350874685785,-0.002059065126433447,0.003917335301370604,True,0.005053745925787078,0.013476655802098874
esm2_frozen_bilstm_attn,train,1,combined,sequence_distal_ge21,absolute_backbone_orientation_cosine,761,3063,-0.0048922717492292786,-0.01470937716184275,0.004924833663384194,True,0.24603137620695398,0.43856615608042604
esm2_frozen_bilstm_attn,train,1,combined,sequence_distal_ge21,absolute_sequence_separation,837,3477,-2.0185159228885365,-3.193775611988223,-0.8432562337888503,True,2.04955920085228e-06,8.485175091528438e-06
esm2_frozen_bilstm_attn,train,1,combined,sequence_distal_ge21,band_water_contact_count,770,3095,0.0,0.0,0.0,True,1.0,1.0
esm2_frozen_bilstm_attn,train,1,combined,sequence_distal_ge21,direct_ca_contact,770,3095,0.0022712676883427114,-0.006166215728666723,0.010708751105352146,True,0.0007308837474628097,0.0023410899145037004
esm2_frozen_bilstm_attn,train,1,combined,sequence_distal_ge21,direct_putative_polar_contact,770,3095,-0.0021579442430604773,-0.0061615485979606135,0.001845660111839659,True,0.03579010696620908,0.07995606905307649
esm2_frozen_bilstm_attn,train,1,combined,sequence_distal_ge21,direct_putative_polar_contact_count,770,3095,-0.002386645437430859,-0.006755639213832331,0.0019823483389706125,True,0.016073122881439663,0.03896529270729698
esm2_frozen_bilstm_attn,train,1,combined,sequence_distal_ge21,disorder,837,3477,-0.03486813186120316,-0.04406151155860349,-0.025674752163802834,True,0.40680147934117206,0.6479488014273078
esm2_frozen_bilstm_attn,train,1,combined,sequence_distal_ge21,mean_query_contact_water_degree,681,2822,-0.012840017521419025,-0.03957397936291192,0.013893944320073869,True,0.50028241501273,0.7416899545757214
esm2_frozen_bilstm_attn,train,1,combined,sequence_distal_ge21,minimum_ca_distance_angstrom,770,3095,0.8793882143647173,0.46060585121994047,1.298170577509494,True,1.6013556072048007e-07,7.345830707842522e-07
esm2_frozen_bilstm_attn,train,1,combined,sequence_distal_ge21,minimum_heavy_atom_distance_angstrom,770,3095,0.9271890990284014,0.5095138473665841,1.3448643506902187,True,5.784255260158574e-09,3.161295944165874e-08
esm2_frozen_bilstm_attn,train,1,combined,sequence_distal_ge21,minimum_polar_atom_distance_angstrom,770,3094,0.7999338801501676,0.3822812034548488,1.2175865568454864,True,2.3686958489882886e-07,1.0688175274998926e-06
esm2_frozen_bilstm_attn,train,1,combined,sequence_distal_ge21,neq,837,3477,0.7772674777673774,0.7361713937661056,0.8183635617686491,True,4.434212788880853e-185,1.835764094596673e-182
esm2_frozen_bilstm_attn,train,1,combined,sequence_distal_ge21,nonlocal_contact_path_exists,770,3095,-0.04466658017785747,-0.056077531647601604,-0.033255628708113334,True,1.9225811355291277e-43,4.823930849145811e-42
esm2_frozen_bilstm_attn,train,1,combined,sequence_distal_ge21,normalized_query_position,837,3477,-0.013534793915932838,-0.02341332562717876,-0.0036562622046869154,True,0.01869864675947686,0.044811807574086364
esm2_frozen_bilstm_attn,train,1,combined,sequence_distal_ge21,one_water_bridge,770,3095,0.0004504206317286553,-0.0018999097258902249,0.0028007509893475356,True,0.0009089598065257249,0.0028400706407671708
esm2_frozen_bilstm_attn,train,1,combined,sequence_distal_ge21,ordinary_contact_path_exists,770,3095,0.001620671009540042,-0.0011854689649808115,0.004426810984060895,True,1.0,1.0
esm2_frozen_bilstm_attn,train,1,combined,sequence_distal_ge21,query_distance_to_band_domain_boundary_sequence,767,3067,1.0118548713711195,-0.24130563870018396,2.265015381442423,True,0.34783687621292964,0.5800784159200518
esm2_frozen_bilstm_attn,train,1,combined,sequence_distal_ge21,query_distance_to_community_boundary_edges,756,3063,0.33641373836227234,0.28528763892220677,0.3875398378023379,True,3.816152333195217e-30,5.906119872683439e-29
esm2_frozen_bilstm_attn,train,1,combined,sequence_distal_ge21,query_distance_to_ecod_boundary_sequence,769,3086,1.4037707294401216,0.2538380647652707,2.5537033941149723,True,0.12983038629591295,0.2550404741471315
esm2_frozen_bilstm_attn,train,1,combined,sequence_distal_ge21,query_in_any_band,837,3477,0.5958982240774314,0.5755616240941099,0.6162348240607529,True,1.1108862605193902e-200,9.198138237100552e-198
esm2_frozen_bilstm_attn,train,1,combined,sequence_distal_ge21,query_to_band_contact_count,770,3095,0.0028472896541501614,-0.014479347300292239,0.02017392660859256,True,0.0008649265747185945,0.002738658523391955
esm2_frozen_bilstm_attn,train,1,combined,sequence_distal_ge21,query_to_band_contact_fraction,770,3095,0.0009117823639204566,-0.003576845453488343,0.005400410181329257,True,0.0021351078348204786,0.00621395180046171
esm2_frozen_bilstm_attn,train,1,combined,sequence_distal_ge21,query_water_contact_count,770,3095,0.06620548975136553,0.030313450916237016,0.10209752858649404,True,0.0019452467137675647,0.0057014664743346676
esm2_frozen_bilstm_attn,train,1,combined,sequence_distal_ge21,reachable_query_water_entry_count,770,3095,0.0024949401489780362,-0.0011357597340791018,0.006125640032035175,True,0.005169032536195822,0.013690373993188945
esm2_frozen_bilstm_attn,train,1,combined,sequence_distal_ge21,relative_backbone_orientation_cosine,761,3063,0.0022739519054956986,-0.021544428024543323,0.02609233183553472,True,0.5619434284138979,0.8056955129466796
esm2_frozen_bilstm_attn,train,1,combined,sequence_distal_ge21,rsa,837,3477,0.08229003973472629,0.07420029043612866,0.09037978903332392,True,3.980512569969273e-75,1.6901868758638756e-73
esm2_frozen_bilstm_attn,train,1,combined,sequence_distal_ge21,same_community_as_band_apex,770,3095,-0.00081743489461929,-0.012381980544131047,0.010747110754892465,True,0.0019751192310258027,0.0057686021985515505
esm2_frozen_bilstm_attn,train,1,combined,sequence_distal_ge21,same_community_as_band_majority,746,2884,-0.004476758465580064,-0.017864899578625373,0.008911382647465247,True,0.005175225917715145,0.013690373993188945
esm2_frozen_bilstm_attn,train,1,combined,sequence_distal_ge21,same_ecod_domain_as_band_apex,764,3058,0.0021286139836844344,-0.0055008526939020665,0.009758080661270934,True,0.2091878329507721,0.3853244718127076
esm2_frozen_bilstm_attn,train,1,combined,sequence_distal_ge21,shared_water_count,770,3095,8.663160510187589e-05,-0.002532319932496997,0.002705583142700749,True,0.0013543288247205676,0.004070360315312631
esm2_frozen_bilstm_attn,train,1,combined,sequence_distal_ge21,shared_water_fraction_of_band_contacts,770,3095,-0.0003202886995127417,-0.0014816151169974067,0.0008410377179719232,True,0.0006026213284022724,0.0019683252856689606
esm2_frozen_bilstm_attn,train,1,combined,sequence_distal_ge21,shared_water_fraction_of_query_contacts,770,3095,0.00023643270230648496,-0.001758034913708099,0.0022309003183210692,True,0.00025524919521797783,0.0008806097235020235
esm2_frozen_bilstm_attn,train,1,combined,sequence_distal_ge21,shares_any_ecod_domain_with_band,767,3067,0.0005749864042305494,-0.006535281437529648,0.007685254245990748,True,0.10872203600049511,0.21876511739589294
esm2_frozen_bilstm_attn,train,1,combined,sequence_distal_ge21,shortest_nonlocal_contact_path_edges,747,3021,0.3317648144579279,0.23875918593467776,0.424770442981178,True,5.0155157547641123e-14,3.5193619024954955e-13
esm2_frozen_bilstm_attn,train,1,combined,sequence_distal_ge21,shortest_ordinary_contact_path_edges,769,3094,0.21285075941551068,0.12918038321417555,0.2965211356168458,True,1.0193876533858872e-09,5.781184773996676e-09
esm2_frozen_bilstm_attn,train,1,combined,sequence_distal_ge21,torsion_change_from_previous,837,3477,17.46014772581589,15.022269526395796,19.898025925235984,True,1.9920841413450187e-43,4.9237184150258965e-42
esm2_frozen_bilstm_attn,train,1,combined,sequence_distal_ge21,water_path_at_most_1,770,3095,0.0004504206317286553,-0.0018999097258902249,0.0028007509893475356,True,0.0009089598065257249,0.0028400706407671708
esm2_frozen_bilstm_attn,train,1,combined,sequence_distal_ge21,water_path_at_most_2,770,3095,0.001066713262387664,-0.0015407351005098774,0.0036741616252852056,True,0.004081437069729894,0.011264766312454507
esm2_frozen_bilstm_attn,train,1,combined,sequence_distal_ge21,water_path_at_most_3,770,3095,0.0023748009191558606,-0.0005991659385011401,0.005348767776812861,True,0.01052847750488507,0.026178917039173685
esm2_frozen_bilstm_attn,train,1,combined,sequence_distal_ge21,water_path_exists,770,3095,0.002712116198365758,-0.0003293728384881167,0.005753605235219632,True,0.007053733273541834,0.018110050079046938
esm2_frozen_bilstm_attn,train,1,combined,sequence_distal_ge21,water_path_without_direct_ca_contact,770,3095,0.0018829315556711712,-9.748422030725367e-05,0.0038633473316495963,True,0.0009376668035214383,0.0029187523056983114
esm2_frozen_bilstm_attn,train,1,combined,sequence_distal_ge21,water_path_without_direct_polar_contact,770,3095,0.0028806255419222375,0.0005257382007952632,0.005235512883049211,True,0.08838978078946647,0.182138469915076
esm2_frozen_bilstm_attn,train,1,combined,sequence_distal_ge21_no_direct_ca,absolute_backbone_orientation_cosine,756,3049,-0.0012726599105906866,-0.01133860156483303,0.008793281743651656,True,0.2300397415887194,0.413621945788186
esm2_frozen_bilstm_attn,train,1,combined,sequence_distal_ge21_no_direct_ca,absolute_sequence_separation,766,3081,-0.9586941260571619,-2.2373635156545713,0.31997526354024763,True,0.03273042443618605,0.07384411834649059
esm2_frozen_bilstm_attn,train,1,combined,sequence_distal_ge21_no_direct_ca,band_water_contact_count,766,3081,0.0,0.0,0.0,True,1.0,1.0
esm2_frozen_bilstm_attn,train,1,combined,sequence_distal_ge21_no_direct_ca,direct_ca_contact,766,3081,0.0,0.0,0.0,True,1.0,1.0
esm2_frozen_bilstm_attn,train,1,combined,sequence_distal_ge21_no_direct_ca,direct_putative_polar_contact,766,3081,-0.00021308476006339438,-0.0016715871624845618,0.0012454176423577733,True,1.155420214405966e-07,5.359596288673052e-07
esm2_frozen_bilstm_attn,train,1,combined,sequence_distal_ge21_no_direct_ca,direct_putative_polar_contact_count,766,3081,-0.00022295898229201402,-0.0017114127837364451,0.001265494819152417,True,1.155420214405966e-07,5.359596288673052e-07
esm2_frozen_bilstm_attn,train,1,combined,sequence_distal_ge21_no_direct_ca,disorder,766,3081,-0.00749088648685262,-0.016412121651272038,0.0014303486775667966,True,3.147383129727746e-05,0.0001192692554423146
esm2_frozen_bilstm_attn,train,1,combined,sequence_distal_ge21_no_direct_ca,mean_query_contact_water_degree,678,2808,-0.014454099043499334,-0.04135869919899508,0.012450501111996411,True,0.3006440989054217,0.5118779277810419
esm2_frozen_bilstm_attn,train,1,combined,sequence_distal_ge21_no_direct_ca,minimum_ca_distance_angstrom,766,3081,0.8509465392912836,0.4424124944586634,1.2594805841239038,True,1.485596021245285e-07,6.85277718992254e-07
esm2_frozen_bilstm_attn,train,1,combined,sequence_distal_ge21_no_direct_ca,minimum_heavy_atom_distance_angstrom,766,3081,0.895821977943327,0.48530353989421376,1.30634041599244,True,8.15495926038231e-09,4.3704247686709074e-08
esm2_frozen_bilstm_attn,train,1,combined,sequence_distal_ge21_no_direct_ca,minimum_polar_atom_distance_angstrom,766,3080,0.7647191143182726,0.3535903845706609,1.1758478440658842,True,1.0084571393300117e-06,4.282064160847434e-06
esm2_frozen_bilstm_attn,train,1,combined,sequence_distal_ge21_no_direct_ca,neq,766,3081,0.7157820794074135,0.6755000128513502,0.7560641459634767,True,2.111289996047297e-170,5.827160389090539e-168
esm2_frozen_bilstm_attn,train,1,combined,sequence_distal_ge21_no_direct_ca,nonlocal_contact_path_exists,766,3081,-0.04611152570801388,-0.05782274658851018,-0.034400304827517575,True,2.1952581329139387e-44,5.592842258623819e-43
esm2_frozen_bilstm_attn,train,1,combined,sequence_distal_ge21_no_direct_ca,normalized_query_position,766,3081,-0.019767650238702677,-0.031076009522295354,-0.00845929095511,True,0.0005891994024598122,0.00192828895350484
esm2_frozen_bilstm_attn,train,1,combined,sequence_distal_ge21_no_direct_ca,one_water_bridge,766,3081,9.127707164134752e-05,-0.0007302100338867132,0.0009127641771694083,True,2.7088108160416727e-07,1.2058577181088737e-06
esm2_frozen_bilstm_attn,train,1,combined,sequence_distal_ge21_no_direct_ca,ordinary_contact_path_exists,766,3081,0.0016524462293577363,-0.0011863073349770222,0.004491199793692495,True,1.0,1.0
esm2_frozen_bilstm_attn,train,1,combined,sequence_distal_ge21_no_direct_ca,query_distance_to_band_domain_boundary_sequence,762,3052,0.9020528256599795,-0.37602501105193353,2.1801306623718926,True,0.38368777586119934,0.6235397024790443
esm2_frozen_bilstm_attn,train,1,combined,sequence_distal_ge21_no_direct_ca,query_distance_to_community_boundary_edges,751,3047,0.3387701922158068,0.2874937231398532,0.39004666129176035,True,7.219536840581014e-29,1.039613305043666e-27
esm2_frozen_bilstm_attn,train,1,combined,sequence_distal_ge21_no_direct_ca,query_distance_to_ecod_boundary_sequence,765,3071,1.3273513777127552,0.16178847106671568,2.492914284358795,True,0.4047465710821328,0.6465472641653357
esm2_frozen_bilstm_attn,train,1,combined,sequence_distal_ge21_no_direct_ca,query_in_any_band,766,3081,0.5967335600826933,0.5750407542056384,0.6184263659597482,True,2.4736092972979645e-181,8.192593992650858e-179
esm2_frozen_bilstm_attn,train,1,combined,sequence_distal_ge21_no_direct_ca,query_to_band_contact_count,766,3081,0.0,0.0,0.0,True,1.0,1.0
esm2_frozen_bilstm_attn,train,1,combined,sequence_distal_ge21_no_direct_ca,query_to_band_contact_fraction,766,3081,0.0,0.0,0.0,True,1.0,1.0
esm2_frozen_bilstm_attn,train,1,combined,sequence_distal_ge21_no_direct_ca,query_water_contact_count,766,3081,0.062323229126819195,0.026059506627199698,0.09858695162643868,True,0.002417347726000686,0.006950461784657033
esm2_frozen_bilstm_attn,train,1,combined,sequence_distal_ge21_no_direct_ca,reachable_query_water_entry_count,766,3081,0.0024909119923639555,-7.47059794556468e-05,0.005056529964183558,True,5.0798898333733726e-05,0.0001886165373109037
esm2_frozen_bilstm_attn,train,1,combined,sequence_distal_ge21_no_direct_ca,relative_backbone_orientation_cosine,756,3049,-0.0015039370921959973,-0.025220246291208205,0.02221237210681621,True,0.17836795038399886,0.33718872812317596
esm2_frozen_bilstm_attn,train,1,combined,sequence_distal_ge21_no_direct_ca,rsa,766,3081,0.10095289754231257,0.09259147199063686,0.10931432309398828,True,9.523253681844357e-86,4.380696693648404e-84
esm2_frozen_bilstm_attn,train,1,combined,sequence_distal_ge21_no_direct_ca,same_community_as_band_apex,766,3081,-0.0006790225954394521,-0.01052069429520346,0.009162649104324554,True,0.00035467140931693444,0.0011937720606277305
esm2_frozen_bilstm_attn,train,1,combined,sequence_distal_ge21_no_direct_ca,same_community_as_band_majority,740,2872,-0.0020077170461195175,-0.013483001521330388,0.009467567429091354,True,0.0016091951052080882,0.004792854486015457
esm2_frozen_bilstm_attn,train,1,combined,sequence_distal_ge21_no_direct_ca,same_ecod_domain_as_band_apex,759,3043,0.0016486373440735159,-0.006049410864737012,0.009346685552884045,True,0.2536398626313258,0.44874744927080723
esm2_frozen_bilstm_attn,train,1,combined,sequence_distal_ge21_no_direct_ca,shared_water_count,766,3081,0.00015703359522938957,-0.0007816384917380324,0.0010957056821968116,True,1.1385090701280107e-07,5.310904282061932e-07
esm2_frozen_bilstm_attn,train,1,combined,sequence_distal_ge21_no_direct_ca,shared_water_fraction_of_band_contacts,766,3081,-0.0001521611496066228,-0.0004420848820324149,0.00013776258281916935,True,2.7088108160416727e-07,1.2058577181088737e-06
esm2_frozen_bilstm_attn,train,1,combined,sequence_distal_ge21_no_direct_ca,shared_water_fraction_of_query_contacts,766,3081,7.0991447548556615e-06,-0.000571171252237152,0.0005853695417468634,True,1.1385090701280107e-07,5.310904282061932e-07
esm2_frozen_bilstm_attn,train,1,combined,sequence_distal_ge21_no_direct_ca,shares_any_ecod_domain_with_band,762,3052,0.0008027582271257575,-0.006558601196837408,0.008164117651088923,True,0.10872203600049511,0.21876511739589294
esm2_frozen_bilstm_attn,train,1,combined,sequence_distal_ge21_no_direct_ca,shortest_nonlocal_contact_path_edges,742,3004,0.3350761480813796,0.2465793663907901,0.4235729297719691,True,1.546893624706628e-12,1.0125121907170656e-11
esm2_frozen_bilstm_attn,train,1,combined,sequence_distal_ge21_no_direct_ca,shortest_ordinary_contact_path_edges,765,3080,0.21271386625743605,0.1323685649358365,0.2930591675790356,True,5.581276046629936e-09,3.0604613023904554e-08
esm2_frozen_bilstm_attn,train,1,combined,sequence_distal_ge21_no_direct_ca,torsion_change_from_previous,766,3081,17.712302526214803,15.06345728129198,20.361147771137624,True,1.2558339063374244e-38,2.6324822137908545e-37
esm2_frozen_bilstm_attn,train,1,combined,sequence_distal_ge21_no_direct_ca,water_path_at_most_1,766,3081,9.127707164134752e-05,-0.0007302100338867132,0.0009127641771694083,True,2.7088108160416727e-07,1.2058577181088737e-06
esm2_frozen_bilstm_attn,train,1,combined,sequence_distal_ge21_no_direct_ca,water_path_at_most_2,766,3081,0.00026404107354606807,-0.0009804333009150558,0.001508515448007192,True,1.3478026017539592e-05,5.2765038026112445e-05
esm2_frozen_bilstm_attn,train,1,combined,sequence_distal_ge21_no_direct_ca,water_path_at_most_3,766,3081,0.0018067440567589832,-0.00010957367733757791,0.0037230617908555444,True,0.00043017749488176676,0.0014304697420164775
esm2_frozen_bilstm_attn,train,1,combined,sequence_distal_ge21_no_direct_ca,water_path_exists,766,3081,0.0022049806944109723,6.141662515042655e-05,0.004348544763671518,True,0.0003651852660413161,0.0012241838068105658
esm2_frozen_bilstm_attn,train,1,combined,sequence_distal_ge21_no_direct_ca,water_path_without_direct_ca_contact,766,3081,0.0022049806944109723,6.141662515042655e-05,0.004348544763671518,True,0.0003651852660413161,0.0012241838068105658
esm2_frozen_bilstm_attn,train,1,combined,sequence_distal_ge21_no_direct_ca,water_path_without_direct_polar_contact,766,3081,0.00248060207822295,0.00039645145749719673,0.004564752698948703,True,0.0022215289008694476,0.006454126069894395
esm2_frozen_bilstm_attn,train,1,evidence_dominated,all_eligible_queries,absolute_backbone_orientation_cosine,501,1221,0.008179419488374834,-0.004278301513801527,0.020637140490551195,True,1.0,1.0
esm2_frozen_bilstm_attn,train,1,evidence_dominated,all_eligible_queries,absolute_sequence_separation,514,1295,-2.221645920604251,-3.8149016334260306,-0.6283902077824719,True,0.051952814015705374,0.11216930900913702
esm2_frozen_bilstm_attn,train,1,evidence_dominated,all_eligible_queries,band_water_contact_count,502,1227,0.0,0.0,0.0,True,1.0,1.0
esm2_frozen_bilstm_attn,train,1,evidence_dominated,all_eligible_queries,direct_ca_contact,502,1227,0.011310166270688246,0.0013732997828899245,0.021247032758486568,True,0.4575034656708201,0.7080614384587646
esm2_frozen_bilstm_attn,train,1,evidence_dominated,all_eligible_queries,direct_putative_polar_contact,502,1227,0.011439511722955051,0.0053205867539669605,0.017558436691943142,True,0.04571175374722846,0.09973473544849845
esm2_frozen_bilstm_attn,train,1,evidence_dominated,all_eligible_queries,direct_putative_polar_contact_count,502,1227,0.023107062717057595,0.008386569014735577,0.03782755641937961,True,0.10465489590816901,0.2118685912272957
esm2_frozen_bilstm_attn,train,1,evidence_dominated,all_eligible_queries,disorder,514,1295,-0.014384132691674515,-0.022912940660833117,-0.005855324722515912,True,0.10258674002980063,0.20793591369565464
esm2_frozen_bilstm_attn,train,1,evidence_dominated,all_eligible_queries,mean_query_contact_water_degree,461,1155,-0.035606730895535094,-0.06674083183403066,-0.004472629957039526,True,0.27175699364741407,0.47074224004196413
esm2_frozen_bilstm_attn,train,1,evidence_dominated,all_eligible_queries,minimum_ca_distance_angstrom,502,1227,1.1898738682662993,0.7027565090061827,1.6769912275264158,True,3.450199942826766e-08,1.7261423278915787e-07
esm2_frozen_bilstm_attn,train,1,evidence_dominated,all_eligible_queries,minimum_heavy_atom_distance_angstrom,502,1227,1.2624541935101985,0.7802947817786935,1.7446136052417036,True,2.37861256398935e-10,1.4169001460310658e-09
esm2_frozen_bilstm_attn,train,1,evidence_dominated,all_eligible_queries,minimum_polar_atom_distance_angstrom,502,1227,1.1699016462696812,0.6842446099619117,1.6555586825774506,True,5.7537311911714406e-08,2.7860172083566975e-07
esm2_frozen_bilstm_attn,train,1,evidence_dominated,all_eligible_queries,neq,514,1295,0.6398066054237538,0.5961498471231333,0.6834633637243742,True,2.0656551113706643e-115,1.900402702461011e-113
esm2_frozen_bilstm_attn,train,1,evidence_dominated,all_eligible_queries,nonlocal_contact_path_exists,502,1227,-0.023397676172893494,-0.03410243585641923,-0.012692916489367758,True,3.623057444340264e-24,3.82151791581368e-23
esm2_frozen_bilstm_attn,train,1,evidence_dominated,all_eligible_queries,normalized_query_position,514,1295,-0.012774663990659163,-0.023581821659014894,-0.0019675063223034295,True,0.0704356098549962,0.14783443589337605
esm2_frozen_bilstm_attn,train,1,evidence_dominated,all_eligible_queries,one_water_bridge,502,1227,0.005151994515426204,0.0001577768473300465,0.010146212183522362,True,0.0029571932271678213,0.008300189803711716
esm2_frozen_bilstm_attn,train,1,evidence_dominated,all_eligible_queries,ordinary_contact_path_exists,502,1227,0.00033200529229593465,-0.00032028893249476864,0.000984299517086638,True,1.0,1.0
esm2_frozen_bilstm_attn,train,1,evidence_dominated,all_eligible_queries,query_distance_to_band_domain_boundary_sequence,499,1217,0.23831586953265124,-1.4259417941539947,1.9025735332192972,True,1.0,1.0
esm2_frozen_bilstm_attn,train,1,evidence_dominated,all_eligible_queries,query_distance_to_community_boundary_edges,498,1218,0.2773922577991906,0.2216706032160518,0.33311391238232935,True,3.768469065923466e-20,3.1202923865846297e-19
esm2_frozen_bilstm_attn,train,1,evidence_dominated,all_eligible_queries,query_distance_to_ecod_boundary_sequence,501,1225,0.29309055297884945,-1.0958234518830692,1.682004557840768,True,0.7886849098004654,0.9932032019996735
esm2_frozen_bilstm_attn,train,1,evidence_dominated,all_eligible_queries,query_in_any_band,514,1295,0.5203690702955901,0.49265276749174813,0.5480853730994321,True,2.1054809507812482e-100,1.4527818560390612e-98
esm2_frozen_bilstm_attn,train,1,evidence_dominated,all_eligible_queries,query_to_band_contact_count,502,1227,0.03028157306022875,0.006797008303242844,0.05376613781721466,True,0.36761081749519203,0.6057348395741672
esm2_frozen_bilstm_attn,train,1,evidence_dominated,all_eligible_queries,query_to_band_contact_fraction,502,1227,0.007934851988616145,0.0024967071825565323,0.013372996794675757,True,0.42665469710870396,0.6741795595534483
esm2_frozen_bilstm_attn,train,1,evidence_dominated,all_eligible_queries,query_water_contact_count,502,1227,0.07720671177716718,0.03169084237249679,0.12272258118183757,True,0.019336028974336773,0.04607261004532619
esm2_frozen_bilstm_attn,train,1,evidence_dominated,all_eligible_queries,reachable_query_water_entry_count,502,1227,0.0033934888442364946,-0.0012536732380793087,0.008040650926552298,True,0.005564762620425234,0.014650631000674383
esm2_frozen_bilstm_attn,train,1,evidence_dominated,all_eligible_queries,relative_backbone_orientation_cosine,501,1221,0.028839920192260345,0.0029731617834196193,0.054706678601101066,True,0.15274497168627993,0.29480847682107175
esm2_frozen_bilstm_attn,train,1,evidence_dominated,all_eligible_queries,rsa,514,1295,0.09340972937916014,0.08463113022013986,0.10218832853818043,True,3.4083398087350424e-54,1.1758772340135895e-52
esm2_frozen_bilstm_attn,train,1,evidence_dominated,all_eligible_queries,same_community_as_band_apex,502,1227,-0.01263532965439216,-0.028172877757206755,0.0029022184484224344,True,0.20825766398540846,0.3853244718127076
esm2_frozen_bilstm_attn,train,1,evidence_dominated,all_eligible_queries,same_community_as_band_majority,491,1163,-0.009182955123178422,-0.025215660408624628,0.006849750162267784,True,0.042457449579996066,0.09324872215447412
esm2_frozen_bilstm_attn,train,1,evidence_dominated,all_eligible_queries,same_ecod_domain_as_band_apex,498,1212,-0.008656361618970283,-0.018773046641647168,0.0014603234037066006,True,0.01340500838255987,0.03274143640342057
esm2_frozen_bilstm_attn,train,1,evidence_dominated,all_eligible_queries,shared_water_count,502,1227,0.0051874164822510015,0.00014637157110549727,0.010228461393396506,True,0.0018405645403007623,0.00543311030078086
esm2_frozen_bilstm_attn,train,1,evidence_dominated,all_eligible_queries,shared_water_fraction_of_band_contacts,502,1227,0.0015804047785058025,-0.0005133866150603067,0.0036741961720719116,True,0.0014819724010223059,0.004437877569788315
esm2_frozen_bilstm_attn,train,1,evidence_dominated,all_eligible_queries,shared_water_fraction_of_query_contacts,502,1227,0.0029612220375916103,-0.00040089840077542176,0.006323342475958642,True,0.0005332995453286178,0.0017525975843663338
esm2_frozen_bilstm_attn,train,1,evidence_dominated,all_eligible_queries,shares_any_ecod_domain_with_band,499,1217,-0.010615289848217576,-0.020122322757534825,-0.0011082569389003292,True,0.02250697344904839,0.05309337326442184
esm2_frozen_bilstm_attn,train,1,evidence_dominated,all_eligible_queries,shortest_nonlocal_contact_path_edges,494,1212,0.3115558463097574,0.20600903862642594,0.4171026539930889,True,8.93290982765389e-12,5.711543889804958e-11
esm2_frozen_bilstm_attn,train,1,evidence_dominated,all_eligible_queries,shortest_ordinary_contact_path_edges,502,1227,0.24442934348435472,0.15334529098717992,0.3355133959815295,True,2.1916758823086353e-09,1.226153804426723e-08
esm2_frozen_bilstm_attn,train,1,evidence_dominated,all_eligible_queries,torsion_change_from_previous,514,1295,15.861137245595382,13.27889188950525,18.443382601685514,True,2.2169413504115456e-27,2.960689416356064e-26
esm2_frozen_bilstm_attn,train,1,evidence_dominated,all_eligible_queries,water_path_at_most_1,502,1227,0.005151994515426204,0.0001577768473300465,0.010146212183522362,True,0.0029571932271678213,0.008300189803711716
esm2_frozen_bilstm_attn,train,1,evidence_dominated,all_eligible_queries,water_path_at_most_2,502,1227,0.004166504501999891,-0.0005480812292638255,0.008881090233263608,True,0.0030883750527774144,0.008653720960066663
esm2_frozen_bilstm_attn,train,1,evidence_dominated,all_eligible_queries,water_path_at_most_3,502,1227,0.0037744551721467443,-0.0010095321684002205,0.00855844251269371,True,0.006422024608138536,0.016721498036285247
esm2_frozen_bilstm_attn,train,1,evidence_dominated,all_eligible_queries,water_path_exists,502,1227,0.003797071627408665,-0.0010333130381858366,0.008627456293003165,True,0.0066379859449214,0.017229631230078115
esm2_frozen_bilstm_attn,train,1,evidence_dominated,all_eligible_queries,water_path_without_direct_ca_contact,502,1227,-0.0013853812635010348,-0.0040765795057294855,0.0013058169787274157,True,6.480862454151632e-09,3.4958658710342356e-08
esm2_frozen_bilstm_attn,train,1,evidence_dominated,all_eligible_queries,water_path_without_direct_polar_contact,502,1227,-0.00036115852624323333,-0.0037021511836866678,0.002979834131200201,True,0.00012314013787343315,0.00043759671312962507
esm2_frozen_bilstm_attn,train,1,evidence_dominated,sequence_distal_ge21,absolute_backbone_orientation_cosine,487,1203,0.004511613091508587,-0.008869543694944932,0.017892769877962105,True,0.5866437401645231,0.8310368124144143
esm2_frozen_bilstm_attn,train,1,evidence_dominated,sequence_distal_ge21,absolute_sequence_separation,502,1282,-2.459308491717146,-4.183882502743044,-0.7347344806912481,True,0.03582572659262244,0.07995606905307649
esm2_frozen_bilstm_attn,train,1,evidence_dominated,sequence_distal_ge21,band_water_contact_count,489,1211,0.0,0.0,0.0,True,1.0,1.0
esm2_frozen_bilstm_attn,train,1,evidence_dominated,sequence_distal_ge21,direct_ca_contact,489,1211,0.0026109103858605463,-0.0064200413149829005,0.011641862086703992,True,0.028706371034437468,0.06584175960253248
esm2_frozen_bilstm_attn,train,1,evidence_dominated,sequence_distal_ge21,direct_putative_polar_contact,489,1211,0.003670133245350556,-0.0003150100501695661,0.007655276540870679,True,0.0001436651856190097,0.0005094422856211565
esm2_frozen_bilstm_attn,train,1,evidence_dominated,sequence_distal_ge21,direct_putative_polar_contact_count,489,1211,0.004571623534379852,-0.00046173223270995056,0.009604979301469654,True,0.0010642277828012115,0.003271215825423368
esm2_frozen_bilstm_attn,train,1,evidence_dominated,sequence_distal_ge21,disorder,502,1282,-0.015149608526187179,-0.024432415389524377,-0.005866801662849979,True,0.05485279364170858,0.11717654927404496
esm2_frozen_bilstm_attn,train,1,evidence_dominated,sequence_distal_ge21,mean_query_contact_water_degree,451,1139,-0.02675453028208001,-0.058303399344381786,0.004794338780221764,True,0.38484367324561514,0.6248050224458223
esm2_frozen_bilstm_attn,train,1,evidence_dominated,sequence_distal_ge21,minimum_ca_distance_angstrom,489,1211,1.0457432391919033,0.5206067529692409,1.5708797254145657,True,1.4961364446683113e-06,6.2724100060018325e-06
esm2_frozen_bilstm_attn,train,1,evidence_dominated,sequence_distal_ge21,minimum_heavy_atom_distance_angstrom,489,1211,1.1237101448975915,0.6050854402789128,1.6423348495162702,True,3.352895088427149e-09,1.8507980888117863e-08
esm2_frozen_bilstm_attn,train,1,evidence_dominated,sequence_distal_ge21,minimum_polar_atom_distance_angstrom,489,1211,1.0222620809199539,0.5016244930721059,1.5428996687678018,True,3.647174192059663e-07,1.6063086335241493e-06
esm2_frozen_bilstm_attn,train,1,evidence_dominated,sequence_distal_ge21,neq,502,1282,0.625445689146297,0.5815676183434157,0.6693237599491781,True,1.6869725851035538e-104,1.3302983813959454e-102
esm2_frozen_bilstm_attn,train,1,evidence_dominated,sequence_distal_ge21,nonlocal_contact_path_exists,489,1211,-0.027598441609365247,-0.038298452459912355,-0.01689843075881814,True,3.889805940434532e-26,4.667767128521438e-25
esm2_frozen_bilstm_attn,train,1,evidence_dominated,sequence_distal_ge21,normalized_query_position,502,1282,-0.015483263692443131,-0.027226159569791204,-0.003740367815095059,True,0.017917576306637185,0.043189965595038106
esm2_frozen_bilstm_attn,train,1,evidence_dominated,sequence_distal_ge21,one_water_bridge,489,1211,0.0016945862880752866,-0.0015168975866156518,0.004906070162766225,True,0.0005333992648071451,0.0017525975843663338
esm2_frozen_bilstm_attn,train,1,evidence_dominated,sequence_distal_ge21,ordinary_contact_path_exists,489,1211,0.000454442145146719,-0.00043846262788286883,0.0013473469181763068,True,1.0,1.0
esm2_frozen_bilstm_attn,train,1,evidence_dominated,sequence_distal_ge21,query_distance_to_band_domain_boundary_sequence,487,1202,0.23598768777201012,-1.5438890988972411,2.0158644744412615,True,0.5258619817679429,0.7652262230296252
esm2_frozen_bilstm_attn,train,1,evidence_dominated,sequence_distal_ge21,query_distance_to_community_boundary_edges,483,1200,0.27010436834120877,0.21235840340770717,0.32785033327471036,True,1.6665528102551107e-17,1.2836332343174247e-16
esm2_frozen_bilstm_attn,train,1,evidence_dominated,sequence_distal_ge21,query_distance_to_ecod_boundary_sequence,489,1210,0.3994516492032055,-1.0987189347991912,1.897622233205602,True,0.7861707593387398,0.9907905460159461
esm2_frozen_bilstm_attn,train,1,evidence_dominated,sequence_distal_ge21,query_in_any_band,502,1282,0.5358897113886699,0.5080718609044991,0.5637075618728408,True,4.535733959165186e-103,3.4141706528988856e-101
esm2_frozen_bilstm_attn,train,1,evidence_dominated,sequence_distal_ge21,query_to_band_contact_count,489,1211,-0.0023708527807750433,-0.01890353254737248,0.014161826985822393,True,0.004545669077292912,0.01224137907102259
esm2_frozen_bilstm_attn,train,1,evidence_dominated,sequence_distal_ge21,query_to_band_contact_fraction,489,1211,0.00048428930349497606,-0.003394375947974557,0.004362954554964509,True,0.007422389087167445,0.018968327667205694
esm2_frozen_bilstm_attn,train,1,evidence_dominated,sequence_distal_ge21,query_water_contact_count,489,1211,0.08149536012201045,0.031958934249427674,0.13103178599459323,True,0.0258274433535114,0.05990173247560068
esm2_frozen_bilstm_attn,train,1,evidence_dominated,sequence_distal_ge21,reachable_query_water_entry_count,489,1211,0.0014367931184779234,-0.0029513596558502844,0.005824945892806131,True,0.0010642277828012115,0.003271215825423368
esm2_frozen_bilstm_attn,train,1,evidence_dominated,sequence_distal_ge21,relative_backbone_orientation_cosine,487,1203,0.02623101746664255,-0.0004899660707104389,0.05295200100399554,True,0.046059486058846716,0.10036119593875022
esm2_frozen_bilstm_attn,train,1,evidence_dominated,sequence_distal_ge21,rsa,502,1282,0.08958480368485067,0.08028737504732057,0.09888223232238076,True,1.405463983171012e-49,4.563624227708227e-48
esm2_frozen_bilstm_attn,train,1,evidence_dominated,sequence_distal_ge21,same_community_as_band_apex,489,1211,-0.008800158176301108,-0.025509580907323137,0.007909264554720921,True,0.730242068425529,0.9514404919847963
esm2_frozen_bilstm_attn,train,1,evidence_dominated,sequence_distal_ge21,same_community_as_band_majority,478,1147,-0.0034703813303288765,-0.020166521626416887,0.013225758965759133,True,0.16715849423814083,0.3196471899057289
esm2_frozen_bilstm_attn,train,1,evidence_dominated,sequence_distal_ge21,same_ecod_domain_as_band_apex,486,1197,-0.00853855667071836,-0.019126762896911544,0.0020496495554748213,True,0.13417781921872382,0.26171786646196304
esm2_frozen_bilstm_attn,train,1,evidence_dominated,sequence_distal_ge21,shared_water_count,489,1211,0.0017675931330920918,-0.0015224824017537923,0.005057668667937976,True,0.0003032364569661188,0.0010311284861106627
esm2_frozen_bilstm_attn,train,1,evidence_dominated,sequence_distal_ge21,shared_water_fraction_of_band_contacts,489,1211,0.0010106780370730635,-0.0008124802761403148,0.0028338363502864415,True,0.00023594309365666653,0.0008157030544789975
esm2_frozen_bilstm_attn,train,1,evidence_dominated,sequence_distal_ge21,shared_water_fraction_of_query_contacts,489,1211,0.0010860059654745227,-0.0012365412926889886,0.0034085532236380342,True,0.00023594309365666653,0.0008157030544789975
esm2_frozen_bilstm_attn,train,1,evidence_dominated,sequence_distal_ge21,shares_any_ecod_domain_with_band,487,1202,-0.010127751660117134,-0.020251037864760277,-4.465455473990493e-06,True,0.11725656526190241,0.2325471521840843
esm2_frozen_bilstm_attn,train,1,evidence_dominated,sequence_distal_ge21,shortest_nonlocal_contact_path_edges,479,1194,0.2816345890860272,0.16899445450807643,0.3942747236639779,True,4.7574477080615695e-09,2.6173865131395215e-08
esm2_frozen_bilstm_attn,train,1,evidence_dominated,sequence_distal_ge21,shortest_ordinary_contact_path_edges,489,1211,0.22118350168403783,0.12270032015198842,0.31966668321608727,True,3.448462775158861e-07,1.5228411615101533e-06
esm2_frozen_bilstm_attn,train,1,evidence_dominated,sequence_distal_ge21,torsion_change_from_previous,502,1282,15.91035127210222,13.102738933426409,18.717963610778032,True,5.932196315574989e-25,6.728573355200125e-24
esm2_frozen_bilstm_attn,train,1,evidence_dominated,sequence_distal_ge21,water_path_at_most_1,489,1211,0.0016945862880752866,-0.0015168975866156518,0.004906070162766225,True,0.0005333992648071451,0.0017525975843663338
esm2_frozen_bilstm_attn,train,1,evidence_dominated,sequence_distal_ge21,water_path_at_most_2,489,1211,0.0015772192378801927,-0.0023656672902611867,0.005520105766021572,True,0.001070932737660808,0.0032841937288264783
esm2_frozen_bilstm_attn,train,1,evidence_dominated,sequence_distal_ge21,water_path_at_most_3,489,1211,0.001187200929299827,-0.0027800380959827216,0.005154439954582375,True,0.002507845340895481,0.0071851070666486445
esm2_frozen_bilstm_attn,train,1,evidence_dominated,sequence_distal_ge21,water_path_exists,489,1211,0.0011936820721037632,-0.002833615523214657,0.005220979667422184,True,0.0026181240269771955,0.007449507540677381
esm2_frozen_bilstm_attn,train,1,evidence_dominated,sequence_distal_ge21,water_path_without_direct_ca_contact,489,1211,-0.0008566018333198779,-0.003977858858236426,0.002264655191596671,True,2.1703450350608745e-08,1.1058742701725565e-07
esm2_frozen_bilstm_attn,train,1,evidence_dominated,sequence_distal_ge21,water_path_without_direct_polar_contact,489,1211,0.00018573357399554198,-0.0034523428706397827,0.003823810018630867,True,0.0004508213191168354,0.001496112433782524
esm2_frozen_bilstm_attn,train,1,evidence_dominated,sequence_distal_ge21_no_direct_ca,absolute_backbone_orientation_cosine,486,1199,0.0003925174874461085,-0.013104404023052588,0.013889438997944804,True,0.340811141582091,0.5695088299293064
esm2_frozen_bilstm_attn,train,1,evidence_dominated,sequence_distal_ge21_no_direct_ca,absolute_sequence_separation,489,1208,-1.7746773254249726,-3.691958126345196,0.1426034754952512,True,0.31979842377667717,0.5398432107789779
esm2_frozen_bilstm_attn,train,1,evidence_dominated,sequence_distal_ge21_no_direct_ca,band_water_contact_count,489,1208,0.0,0.0,0.0,True,1.0,1.0
esm2_frozen_bilstm_attn,train,1,evidence_dominated,sequence_distal_ge21_no_direct_ca,direct_ca_contact,489,1208,0.0,0.0,0.0,True,1.0,1.0
esm2_frozen_bilstm_attn,train,1,evidence_dominated,sequence_distal_ge21_no_direct_ca,direct_putative_polar_contact,489,1208,0.0008428196720017438,-0.0011915601302355113,0.002877199474238999,True,3.896413240891272e-08,1.9261075602734169e-07
esm2_frozen_bilstm_attn,train,1,evidence_dominated,sequence_distal_ge21_no_direct_ca,direct_putative_polar_contact_count,489,1208,0.000804233432862499,-0.001231826805465908,0.002840293671190906,True,3.896413240891272e-08,1.9261075602734169e-07
esm2_frozen_bilstm_attn,train,1,evidence_dominated,sequence_distal_ge21_no_direct_ca,disorder,489,1208,0.004184944527591753,-0.004892042485356114,0.01326193154053962,True,1.1153877664686452e-12,7.329691036793955e-12
esm2_frozen_bilstm_attn,train,1,evidence_dominated,sequence_distal_ge21_no_direct_ca,mean_query_contact_water_degree,449,1136,-0.024719377501502902,-0.056419322042618465,0.00698056703961266,True,0.41126273133634855,0.6542277455264104
esm2_frozen_bilstm_attn,train,1,evidence_dominated,sequence_distal_ge21_no_direct_ca,minimum_ca_distance_angstrom,489,1208,1.02326625357976,0.49817751697264334,1.5483549901868767,True,1.4961364446683113e-06,6.2724100060018325e-06
esm2_frozen_bilstm_attn,train,1,evidence_dominated,sequence_distal_ge21_no_direct_ca,minimum_heavy_atom_distance_angstrom,489,1208,1.1110800919444879,0.5903393073925077,1.6318208764964681,True,2.9336642720420836e-08,1.4766407399701187e-07
esm2_frozen_bilstm_attn,train,1,evidence_dominated,sequence_distal_ge21_no_direct_ca,minimum_polar_atom_distance_angstrom,489,1208,1.0114149857729788,0.488845121190295,1.5339848503556626,True,9.42433097055387e-07,4.012003107258922e-06
esm2_frozen_bilstm_attn,train,1,evidence_dominated,sequence_distal_ge21_no_direct_ca,neq,489,1208,0.5814317132048806,0.5392765966389628,0.6235868297707985,True,7.81939959421585e-92,3.954137817679113e-90
esm2_frozen_bilstm_attn,train,1,evidence_dominated,sequence_distal_ge21_no_direct_ca,nonlocal_contact_path_exists,489,1208,-0.028432522578225768,-0.03950970227072177,-0.01735534288572976,True,6.042413481991369e-26,7.096621791615396e-25
esm2_frozen_bilstm_attn,train,1,evidence_dominated,sequence_distal_ge21_no_direct_ca,normalized_query_position,489,1208,-0.01896552343311446,-0.03210215586608718,-0.00582889100014174,True,0.023656154742033062,0.05540960714682709
esm2_frozen_bilstm_attn,train,1,evidence_dominated,sequence_distal_ge21_no_direct_ca,one_water_bridge,489,1208,-0.00038761244207487526,-0.004363582594151892,0.003588357710002142,True,3.4525612188472383e-06,1.4013336711791732e-05
esm2_frozen_bilstm_attn,train,1,evidence_dominated,sequence_distal_ge21_no_direct_ca,ordinary_contact_path_exists,489,1208,0.000454442145146719,-0.00043846262788286883,0.0013473469181763068,True,1.0,1.0
esm2_frozen_bilstm_attn,train,1,evidence_dominated,sequence_distal_ge21_no_direct_ca,query_distance_to_band_domain_boundary_sequence,487,1199,0.3060150097397811,-1.4949005830256132,2.1069306025051753,True,0.8561892348342124,1.0
esm2_frozen_bilstm_attn,train,1,evidence_dominated,sequence_distal_ge21_no_direct_ca,query_distance_to_community_boundary_edges,483,1197,0.27722354244075026,0.21907476904796422,0.3353723158335363,True,9.93142016713823e-21,8.391036631010668e-20
esm2_frozen_bilstm_attn,train,1,evidence_dominated,sequence_distal_ge21_no_direct_ca,query_distance_to_ecod_boundary_sequence,489,1207,0.37327652067084255,-1.1601623992105847,1.90671544055227,True,0.9279472703216499,1.0
esm2_frozen_bilstm_attn,train,1,evidence_dominated,sequence_distal_ge21_no_direct_ca,query_in_any_band,489,1208,0.5262129676129819,0.49782334600173606,0.5546025892242277,True,7.130672618314632e-100,4.723357542371612e-98
esm2_frozen_bilstm_attn,train,1,evidence_dominated,sequence_distal_ge21_no_direct_ca,query_to_band_contact_count,489,1208,0.0,0.0,0.0,True,1.0,1.0
esm2_frozen_bilstm_attn,train,1,evidence_dominated,sequence_distal_ge21_no_direct_ca,query_to_band_contact_fraction,489,1208,0.0,0.0,0.0,True,1.0,1.0
esm2_frozen_bilstm_attn,train,1,evidence_dominated,sequence_distal_ge21_no_direct_ca,query_water_contact_count,489,1208,0.06387729641301663,0.013804964058163893,0.11394962876786938,True,0.045165387688276236,0.09867266756172222
esm2_frozen_bilstm_attn,train,1,evidence_dominated,sequence_distal_ge21_no_direct_ca,reachable_query_water_entry_count,489,1208,-0.0022634811139879037,-0.007385754168719143,0.002858791940743336,True,1.1171492744489959e-07,5.240790930559595e-07
esm2_frozen_bilstm_attn,train,1,evidence_dominated,sequence_distal_ge21_no_direct_ca,relative_backbone_orientation_cosine,486,1199,0.0279532474655324,0.0003640995759518345,0.05554239535511297,True,0.07677333449702028,0.15992030431077434
esm2_frozen_bilstm_attn,train,1,evidence_dominated,sequence_distal_ge21_no_direct_ca,rsa,489,1208,0.10197709560497369,0.09217377770910462,0.11178041350084275,True,7.707907693725084e-58,2.9009761683656224e-56
esm2_frozen_bilstm_attn,train,1,evidence_dominated,sequence_distal_ge21_no_direct_ca,same_community_as_band_apex,489,1208,-0.008696924162363368,-0.025189177404854098,0.007795329080127363,True,0.07350769960274849,0.1535040990443272
esm2_frozen_bilstm_attn,train,1,evidence_dominated,sequence_distal_ge21_no_direct_ca,same_community_as_band_majority,477,1144,-0.00036695617766080505,-0.017059823629264212,0.016325911273942603,True,0.09020529777048757,0.1853349542281978
esm2_frozen_bilstm_attn,train,1,evidence_dominated,sequence_distal_ge21_no_direct_ca,same_ecod_domain_as_band_apex,486,1194,-0.008552532332741034,-0.019344816359324602,0.0022397516938425337,True,0.2160780940813849,0.3940807530823496
esm2_frozen_bilstm_attn,train,1,evidence_dominated,sequence_distal_ge21_no_direct_ca,shared_water_count,489,1208,-0.0004108682866867562,-0.004413092167756073,0.003591355594382561,True,3.4525612188472383e-06,1.4013336711791732e-05
esm2_frozen_bilstm_attn,train,1,evidence_dominated,sequence_distal_ge21_no_direct_ca,shared_water_fraction_of_band_contacts,489,1208,0.0007488935517684098,-0.0013616191610356112,0.0028594062645724305,True,3.4525612188472383e-06,1.4013336711791732e-05
esm2_frozen_bilstm_attn,train,1,evidence_dominated,sequence_distal_ge21_no_direct_ca,shared_water_fraction_of_query_contacts,489,1208,0.0009390240695132855,-0.001357439506592787,0.003235487645619358,True,3.4525612188472383e-06,1.4013336711791732e-05
esm2_frozen_bilstm_attn,train,1,evidence_dominated,sequence_distal_ge21_no_direct_ca,shares_any_ecod_domain_with_band,487,1199,-0.01018542601879962,-0.020538385721927205,0.00016753368432796505,True,0.19189985374432741,0.3582707528755425
esm2_frozen_bilstm_attn,train,1,evidence_dominated,sequence_distal_ge21_no_direct_ca,shortest_nonlocal_contact_path_edges,478,1190,0.3019755358871016,0.1956803451041188,0.40827072667008435,True,1.2713442338709988e-10,7.740242835626375e-10
esm2_frozen_bilstm_attn,train,1,evidence_dominated,sequence_distal_ge21_no_direct_ca,shortest_ordinary_contact_path_edges,489,1208,0.2211857028777833,0.12363779192016541,0.3187336138354012,True,1.209803926192875e-07,5.596187993786036e-07
esm2_frozen_bilstm_attn,train,1,evidence_dominated,sequence_distal_ge21_no_direct_ca,torsion_change_from_previous,489,1208,16.685240008446716,13.531160218581839,19.839319798311593,True,1.9068724016298204e-22,1.744630219391703e-21
esm2_frozen_bilstm_attn,train,1,evidence_dominated,sequence_distal_ge21_no_direct_ca,water_path_at_most_1,489,1208,-0.00038761244207487526,-0.004363582594151892,0.003588357710002142,True,3.4525612188472383e-06,1.4013336711791732e-05
esm2_frozen_bilstm_attn,train,1,evidence_dominated,sequence_distal_ge21_no_direct_ca,water_path_at_most_2,489,1208,-0.0016727034246981618,-0.006579685675027846,0.003234278825631523,True,1.7850646530350296e-08,9.237709579456278e-08
esm2_frozen_bilstm_attn,train,1,evidence_dominated,sequence_distal_ge21_no_direct_ca,water_path_at_most_3,489,1208,-0.0018376190491412516,-0.006778829423847925,0.003103591325565422,True,3.669804141711145e-08,1.8249836812833802e-07
esm2_frozen_bilstm_attn,train,1,evidence_dominated,sequence_distal_ge21_no_direct_ca,water_path_exists,489,1208,-0.0017545169706058759,-0.006740678046639491,0.0032316441054277396,True,4.4967776689513516e-08,2.1966559940364125e-07
esm2_frozen_bilstm_attn,train,1,evidence_dominated,sequence_distal_ge21_no_direct_ca,water_path_without_direct_ca_contact,489,1208,-0.0017545169706058759,-0.006740678046639491,0.0032316441054277396,True,4.4967776689513516e-08,2.1966559940364125e-07
esm2_frozen_bilstm_attn,train,1,evidence_dominated,sequence_distal_ge21_no_direct_ca,water_path_without_direct_polar_contact,489,1208,-0.0015075884399249873,-0.006427633410524948,0.0034124565306749726,True,8.26739094435605e-09,4.4163869044689087e-08
esm2_frozen_bilstm_attn,train,-1,evidence_dominated,all_eligible_queries,shortest_water_path_water_count,36,41,0.19657888346248203,-0.5602456734957351,0.9534034404206992,True,0.28627872467041016,0.4938308000564575
esm2_frozen_bilstm_attn,train,-1,evidence_dominated,sequence_distal_ge21,shortest_water_path_water_count,25,28,0.18,-0.9200146925968156,1.2800146925968154,True,0.09625244140625,0.19702601108621756
esm2_frozen_bilstm_attn,train,-1,evidence_dominated,sequence_distal_ge21_no_direct_ca,shortest_water_path_water_count,6,8,0.3333333333333333,,,False,,
esm2_frozen_bilstm_attn,train,1,combined,all_eligible_queries,shortest_water_path_water_count,65,78,-0.09194139272738724,-0.35727702021254426,0.17339423475776974,True,0.3367836351899315,0.5639167845040713
esm2_frozen_bilstm_attn,train,1,combined,sequence_distal_ge21,shortest_water_path_water_count,45,53,0.08201058175828722,-0.24916596025419685,0.4131871237707713,True,1.0,1.0
esm2_frozen_bilstm_attn,train,1,unclassified,all_eligible_queries,absolute_backbone_orientation_cosine,29,32,-0.017590708037217455,-0.10438401710320971,0.06920260102877482,True,0.45825831964612007,0.7085674858393789
esm2_frozen_bilstm_attn,train,1,unclassified,all_eligible_queries,absolute_sequence_separation,31,34,0.25050640544058406,-2.6243581271553844,3.125370938036552,True,1.0,1.0
esm2_frozen_bilstm_attn,train,1,unclassified,all_eligible_queries,band_water_contact_count,30,33,0.0,0.0,0.0,True,1.0,1.0
esm2_frozen_bilstm_attn,train,1,unclassified,all_eligible_queries,direct_ca_contact,30,33,0.09153699315256543,-0.027400714457261652,0.2104747007623925,True,0.803619384765625,1.0
esm2_frozen_bilstm_attn,train,1,unclassified,all_eligible_queries,direct_putative_polar_contact,30,33,0.06934237922645275,-0.019157879342328557,0.15784263779523405,True,0.3876953125,0.6275888929618768
esm2_frozen_bilstm_attn,train,1,unclassified,all_eligible_queries,direct_putative_polar_contact_count,30,33,0.1146003158763051,-0.035207474136104325,0.26440810588871455,True,0.3876953125,0.6275888929618768
esm2_frozen_bilstm_attn,train,1,unclassified,all_eligible_queries,disorder,31,34,-0.02848901782100025,-0.08256276441324016,0.02558472877123966,True,0.07075554598122835,0.14794341432438654
esm2_frozen_bilstm_attn,train,1,unclassified,all_eligible_queries,mean_query_contact_water_degree,25,28,-0.04273939885695774,-0.2733837191024906,0.18790492138857515,True,0.6636238098144531,0.9007877287317495
esm2_frozen_bilstm_attn,train,1,unclassified,all_eligible_queries,minimum_ca_distance_angstrom,30,33,2.7905308254559835,0.09490393229852634,5.486157718613441,True,0.09873714670538905,0.20111773055857846
esm2_frozen_bilstm_attn,train,1,unclassified,all_eligible_queries,minimum_heavy_atom_distance_angstrom,30,33,2.5572199516826206,-0.018373890230109158,5.13281379359535,True,0.09873714670538905,0.20111773055857846
esm2_frozen_bilstm_attn,train,1,unclassified,all_eligible_queries,minimum_polar_atom_distance_angstrom,30,33,2.5760609340667724,-0.03480934456929097,5.186931212702836,True,0.09873714670538905,0.20111773055857846
esm2_frozen_bilstm_attn,train,1,unclassified,all_eligible_queries,neq,31,34,0.9538869143991009,0.6229791308008747,1.284794697997327,True,3.39532271027565e-05,0.0001277876001867381
esm2_frozen_bilstm_attn,train,1,unclassified,all_eligible_queries,nonlocal_contact_path_exists,30,33,-0.02639070351918538,-0.1516688180397603,0.09888741100138954,True,0.8238029479980469,1.0
esm2_frozen_bilstm_attn,train,1,unclassified,all_eligible_queries,normalized_query_position,31,34,-0.010513240930680587,-0.08478137153139415,0.06375488967003298,True,0.720100131817162,0.9479219115827047
esm2_frozen_bilstm_attn,train,1,unclassified,all_eligible_queries,one_water_bridge,30,33,0.049775641001760955,-0.036497998553741036,0.13604928055726295,True,0.7265625,0.9492956045050872
esm2_frozen_bilstm_attn,train,1,unclassified,all_eligible_queries,ordinary_contact_path_exists,30,33,0.0,0.0,0.0,True,1.0,1.0
esm2_frozen_bilstm_attn,train,1,unclassified,all_eligible_queries,query_distance_to_band_domain_boundary_sequence,30,33,1.6544050319989523,-3.017330570861886,6.326140634859791,True,0.711071103811264,0.9412739791458459
esm2_frozen_bilstm_attn,train,1,unclassified,all_eligible_queries,query_distance_to_community_boundary_edges,28,31,0.5096318516436787,0.21397528309202352,0.805288420195334,True,0.052238985896110535,0.11223804536115173
esm2_frozen_bilstm_attn,train,1,unclassified,all_eligible_queries,query_distance_to_ecod_boundary_sequence,30,33,0.9418578675058155,-3.048574520094287,4.932290255105918,True,1.0,1.0
esm2_frozen_bilstm_attn,train,1,unclassified,all_eligible_queries,query_in_any_band,31,34,0.656532030364066,0.5253952017023233,0.7876688590258087,True,2.1606683731079102e-07,9.802922810593696e-07
esm2_frozen_bilstm_attn,train,1,unclassified,all_eligible_queries,query_to_band_contact_count,30,33,0.27984667609549235,-0.05252549021683478,0.6122188424078194,True,0.803619384765625,1.0
esm2_frozen_bilstm_attn,train,1,unclassified,all_eligible_queries,query_to_band_contact_fraction,30,33,0.0813871176313195,-0.006177168283321183,0.1689514035459602,True,0.803619384765625,1.0
esm2_frozen_bilstm_attn,train,1,unclassified,all_eligible_queries,query_water_contact_count,30,33,-0.06621750492188666,-0.3443360742622724,0.2119010644184991,True,0.34492845088243484,0.5758079784892259
esm2_frozen_bilstm_attn,train,1,unclassified,all_eligible_queries,reachable_query_water_entry_count,30,33,0.05215659348915021,-0.035706689768974384,0.14001987674727479,True,0.5078125,0.7461734693877551
esm2_frozen_bilstm_attn,train,1,unclassified,all_eligible_queries,relative_backbone_orientation_cosine,29,32,-0.09470655909557453,-0.31066317996396886,0.12125006177281981,True,0.26493089646101,0.4618163837257184
esm2_frozen_bilstm_attn,train,1,unclassified,all_eligible_queries,rsa,31,34,0.051089369235552205,0.014186783907134369,0.08799195456397005,True,0.07075554598122835,0.14794341432438654
esm2_frozen_bilstm_attn,train,1,unclassified,all_eligible_queries,same_community_as_band_apex,30,33,0.06424256718820995,-0.05882746143664251,0.18731259581306242,True,0.5234670639038086,0.7637545883918123
esm2_frozen_bilstm_attn,train,1,unclassified,all_eligible_queries,same_community_as_band_majority,29,32,0.05953410608672547,-0.07181428576776155,0.19088249794121248,True,0.6776394844055176,0.9138200213155839
esm2_frozen_bilstm_attn,train,1,unclassified,all_eligible_queries,same_ecod_domain_as_band_apex,30,33,0.0023364501487877663,-0.015609112025794146,0.02028201232336968,True,1.0,1.0
esm2_frozen_bilstm_attn,train,1,unclassified,all_eligible_queries,shared_water_count,30,33,0.049775641001760955,-0.036497998553741036,0.13604928055726295,True,0.7265625,0.9492956045050872
esm2_frozen_bilstm_attn,train,1,unclassified,all_eligible_queries,shared_water_fraction_of_band_contacts,30,33,0.04527129117089013,-0.024924981255886866,0.11546756359766712,True,0.7265625,0.9492956045050872
esm2_frozen_bilstm_attn,train,1,unclassified,all_eligible_queries,shared_water_fraction_of_query_contacts,30,33,0.055122863203287124,-0.021141028085027665,0.13138675449160192,True,0.7265625,0.9492956045050872
esm2_frozen_bilstm_attn,train,1,unclassified,all_eligible_queries,shares_any_ecod_domain_with_band,30,33,0.0023364501487877663,-0.015609112025794146,0.02028201232336968,True,1.0,1.0
esm2_frozen_bilstm_attn,train,1,unclassified,all_eligible_queries,shortest_nonlocal_contact_path_edges,28,31,0.6854186040304956,-0.08419299761345556,1.4550302056744466,True,0.1849333420395851,0.34643621540447167
esm2_frozen_bilstm_attn,train,1,unclassified,all_eligible_queries,shortest_ordinary_contact_path_edges,30,33,0.2697975750764211,-0.38638844039936604,0.9259835905522082,True,0.13604594767093658,0.26473806033263336
esm2_frozen_bilstm_attn,train,1,unclassified,all_eligible_queries,torsion_change_from_previous,31,34,23.946932788914232,9.818264283389347,38.07560129443912,True,0.029449373483657837,0.0669892341881008
esm2_frozen_bilstm_attn,train,1,unclassified,all_eligible_queries,water_path_at_most_1,30,33,0.049775641001760955,-0.036497998553741036,0.13604928055726295,True,0.7265625,0.9492956045050872
esm2_frozen_bilstm_attn,train,1,unclassified,all_eligible_queries,water_path_at_most_2,30,33,0.050073260155816875,-0.036349871056565376,0.13649639136819913,True,0.5078125,0.7461734693877551
esm2_frozen_bilstm_attn,train,1,unclassified,all_eligible_queries,water_path_at_most_3,30,33,0.050073260155816875,-0.036349871056565376,0.13649639136819913,True,0.5078125,0.7461734693877551
esm2_frozen_bilstm_attn,train,1,unclassified,all_eligible_queries,water_path_exists,30,33,0.05215659348915021,-0.03463133108749343,0.13894451806579383,True,0.5078125,0.7461734693877551
esm2_frozen_bilstm_attn,train,1,unclassified,all_eligible_queries,water_path_without_direct_ca_contact,30,33,0.008406593489150205,-0.006850834513529027,0.02366402149182944,True,0.625,0.8654015468168654
esm2_frozen_bilstm_attn,train,1,unclassified,all_eligible_queries,water_path_without_direct_polar_contact,30,33,0.041739926822483536,-0.028079944269929644,0.11155979791489672,True,0.6875,0.9233576642335767
esm2_frozen_bilstm_attn,train,1,unclassified,sequence_distal_ge21,absolute_backbone_orientation_cosine,26,29,-0.0136681448804699,-0.11651237710186235,0.08917608734092256,True,0.8450189828872681,1.0
esm2_frozen_bilstm_attn,train,1,unclassified,sequence_distal_ge21,absolute_sequence_separation,29,32,0.009079216787724774,-3.8341855518140124,3.8523439853894623,True,0.26493089646101,0.4618163837257184
esm2_frozen_bilstm_attn,train,1,unclassified,sequence_distal_ge21,band_water_contact_count,27,30,0.0,0.0,0.0,True,1.0,1.0
esm2_frozen_bilstm_attn,train,1,unclassified,sequence_distal_ge21,direct_ca_contact,27,30,-0.011135654558462126,-0.11459413994215728,0.09232283082523304,True,1.0,1.0
esm2_frozen_bilstm_attn,train,1,unclassified,sequence_distal_ge21,direct_putative_polar_contact,27,30,-0.006065786170002851,-0.054463263709777575,0.04233169136977188,True,0.5078125,0.7461734693877551
esm2_frozen_bilstm_attn,train,1,unclassified,sequence_distal_ge21,direct_putative_polar_contact_count,27,30,0.002421868150984807,-0.052874224268415926,0.05771796057038554,True,0.5078125,0.7461734693877551
esm2_frozen_bilstm_attn,train,1,unclassified,sequence_distal_ge21,disorder,29,32,-0.07233684633808657,-0.1422475315025738,-0.0024261611735993394,True,0.06142834573984146,0.13025011593492633
esm2_frozen_bilstm_attn,train,1,unclassified,sequence_distal_ge21,minimum_ca_distance_angstrom,27,30,3.4559164078357574,0.6078820469084634,6.303950768763052,True,0.052238985896110535,0.11223804536115173
esm2_frozen_bilstm_attn,train,1,unclassified,sequence_distal_ge21,minimum_heavy_atom_distance_angstrom,27,30,3.2196321717856,0.4670456057321175,5.972218737839082,True,0.12207812070846558,0.24038212591345898
esm2_frozen_bilstm_attn,train,1,unclassified,sequence_distal_ge21,minimum_polar_atom_distance_angstrom,27,30,3.179562738711241,0.35194297722963386,6.007182500192847,True,0.12207812070846558,0.24038212591345898
esm2_frozen_bilstm_attn,train,1,unclassified,sequence_distal_ge21,neq,29,32,0.9707271025561115,0.5847544067487478,1.3566997983634752,True,0.002315700054168701,0.006692494397388078
esm2_frozen_bilstm_attn,train,1,unclassified,sequence_distal_ge21,nonlocal_contact_path_exists,27,30,-0.000256024503413538,-0.1216801681394208,0.12116811913259372,True,1.0,1.0
esm2_frozen_bilstm_attn,train,1,unclassified,sequence_distal_ge21,normalized_query_position,29,32,0.012115782097506165,-0.07086713795045041,0.09509870214546273,True,1.0,1.0
esm2_frozen_bilstm_attn,train,1,unclassified,sequence_distal_ge21,one_water_bridge,27,30,-0.002255460615327329,-0.04988843735313001,0.04537751612247535,True,1.0,1.0
esm2_frozen_bilstm_attn,train,1,unclassified,sequence_distal_ge21,ordinary_contact_path_exists,27,30,0.0,0.0,0.0,True,1.0,1.0
esm2_frozen_bilstm_attn,train,1,unclassified,sequence_distal_ge21,query_distance_to_band_domain_boundary_sequence,27,30,1.4415393452585479,-4.127347109070797,7.0104257995878925,True,0.32693958282470703,0.5502153954854826
esm2_frozen_bilstm_attn,train,1,unclassified,sequence_distal_ge21,query_distance_to_community_boundary_edges,25,27,0.47020315115792416,0.14188139766863206,0.7985249046472163,True,0.06391465663909912,0.13534868464750402
esm2_frozen_bilstm_attn,train,1,unclassified,sequence_distal_ge21,query_distance_to_ecod_boundary_sequence,27,30,0.4754345528873399,-4.294740691861581,5.245609797636262,True,0.557197093963623,0.8009708225727081
esm2_frozen_bilstm_attn,train,1,unclassified,sequence_distal_ge21,query_in_any_band,29,32,0.6777914696612676,0.5366571364807102,0.8189258028418249,True,8.046627044677734e-07,3.4610946457107345e-06
esm2_frozen_bilstm_attn,train,1,unclassified,sequence_distal_ge21,query_to_band_contact_count,27,30,0.053892445658552064,-0.13941882645708448,0.2472037177741886,True,1.0,1.0
esm2_frozen_bilstm_attn,train,1,unclassified,sequence_distal_ge21,query_to_band_contact_fraction,27,30,0.015994911783455336,-0.03494898555668421,0.06693880912359487,True,1.0,1.0
esm2_frozen_bilstm_attn,train,1,unclassified,sequence_distal_ge21,query_water_contact_count,27,30,0.028643360869331533,-0.2705846248850651,0.3278713466237282,True,0.42435622215270996,0.671188064837524
esm2_frozen_bilstm_attn,train,1,unclassified,sequence_distal_ge21,reachable_query_water_entry_count,27,30,0.0023741691325654822,-0.04857505912303733,0.05332339738816829,True,1.0,1.0
esm2_frozen_bilstm_attn,train,1,unclassified,sequence_distal_ge21,relative_backbone_orientation_cosine,26,29,-0.06469714073566621,-0.2423548211925157,0.11296053972118328,True,0.557197093963623,0.8009708225727081
esm2_frozen_bilstm_attn,train,1,unclassified,sequence_distal_ge21,rsa,29,32,0.021045802367345372,-0.020589874476204736,0.06268147921089548,True,0.711071103811264,0.9412739791458459
esm2_frozen_bilstm_attn,train,1,unclassified,sequence_distal_ge21,same_community_as_band_apex,27,30,-0.03009194466014387,-0.17162789069795206,0.11144400137766433,True,0.6476058959960938,0.8879323675920893
esm2_frozen_bilstm_attn,train,1,unclassified,sequence_distal_ge21,same_community_as_band_majority,26,29,-0.03375883708697754,-0.18130097840927356,0.11378330423531846,True,0.5034446716308594,0.7450441253089394
esm2_frozen_bilstm_attn,train,1,unclassified,sequence_distal_ge21,same_ecod_domain_as_band_apex,27,30,0.002374526094875219,-0.017764525589262815,0.02251357777901325,True,1.0,1.0
esm2_frozen_bilstm_attn,train,1,unclassified,sequence_distal_ge21,shared_water_count,27,30,-0.002255460615327329,-0.04988843735313001,0.04537751612247535,True,1.0,1.0
esm2_frozen_bilstm_attn,train,1,unclassified,sequence_distal_ge21,shared_water_fraction_of_band_contacts,27,30,0.0007772577041185184,-0.006954172358512006,0.008508687766749044,True,1.0,1.0
esm2_frozen_bilstm_attn,train,1,unclassified,sequence_distal_ge21,shared_water_fraction_of_query_contacts,27,30,0.004303181359981311,-0.013398490738517215,0.02200485345847984,True,1.0,1.0
esm2_frozen_bilstm_attn,train,1,unclassified,sequence_distal_ge21,shares_any_ecod_domain_with_band,27,30,0.002374526094875219,-0.017764525589262815,0.02251357777901325,True,1.0,1.0
esm2_frozen_bilstm_attn,train,1,unclassified,sequence_distal_ge21,shortest_nonlocal_contact_path_edges,25,27,0.7838742184411913,0.08307447585509053,1.484673961027292,True,0.043285250663757324,0.09494089417110216
esm2_frozen_bilstm_attn,train,1,unclassified,sequence_distal_ge21,shortest_ordinary_contact_path_edges,27,30,0.32754452731033273,-0.4152958425893451,1.0703848972100105,True,0.2295229434967041,0.41314129829406737
esm2_frozen_bilstm_attn,train,1,unclassified,sequence_distal_ge21,torsion_change_from_previous,29,32,21.761870349916542,5.850164003243874,37.67357669658921,True,0.06142834573984146,0.13025011593492633
esm2_frozen_bilstm_attn,train,1,unclassified,sequence_distal_ge21,water_path_at_most_1,27,30,-0.002255460615327329,-0.04988843735313001,0.04537751612247535,True,1.0,1.0
esm2_frozen_bilstm_attn,train,1,unclassified,sequence_distal_ge21,water_path_at_most_2,27,30,-0.002255460497064147,-0.05035724502834202,0.04584632403421372,True,1.0,1.0
esm2_frozen_bilstm_attn,train,1,unclassified,sequence_distal_ge21,water_path_at_most_3,27,30,-0.002255460497064147,-0.05035724502834202,0.04584632403421372,True,1.0,1.0
esm2_frozen_bilstm_attn,train,1,unclassified,sequence_distal_ge21,water_path_exists,27,30,5.935431775066749e-05,-0.04925760610915008,0.04937631474465142,True,1.0,1.0
esm2_frozen_bilstm_attn,train,1,unclassified,sequence_distal_ge21,water_path_without_direct_ca_contact,27,30,0.013948243206639555,-0.012655473425922003,0.04055195983920111,True,0.625,0.8654015468168654
esm2_frozen_bilstm_attn,train,1,unclassified,sequence_distal_ge21,water_path_without_direct_polar_contact,27,30,0.016263058021454373,-0.0114303683892166,0.043956484432125346,True,0.625,0.8654015468168654
esm2_frozen_bilstm_attn,train,1,unclassified,sequence_distal_ge21_no_direct_ca,absolute_backbone_orientation_cosine,25,28,-0.06734568312196505,-0.15662593462472163,0.02193456838079151,True,0.6900379657745361,0.9237694998566143
esm2_frozen_bilstm_attn,train,1,unclassified,sequence_distal_ge21_no_direct_ca,absolute_sequence_separation,26,29,0.9216553385790982,-3.530884017435292,5.374194694593489,True,0.8450189828872681,1.0
esm2_frozen_bilstm_attn,train,1,unclassified,sequence_distal_ge21_no_direct_ca,band_water_contact_count,26,29,0.0,0.0,0.0,True,1.0,1.0
esm2_frozen_bilstm_attn,train,1,unclassified,sequence_distal_ge21_no_direct_ca,direct_ca_contact,26,29,0.0,0.0,0.0,True,1.0,1.0
esm2_frozen_bilstm_attn,train,1,unclassified,sequence_distal_ge21_no_direct_ca,direct_putative_polar_contact,26,29,-0.002278106559354523,-0.005738441144105844,0.0011822280253967984,True,0.5,0.7416899545757214
esm2_frozen_bilstm_attn,train,1,unclassified,sequence_distal_ge21_no_direct_ca,direct_putative_polar_contact_count,26,29,-0.002278106559354523,-0.005738441144105844,0.0011822280253967984,True,0.5,0.7416899545757214
esm2_frozen_bilstm_attn,train,1,unclassified,sequence_distal_ge21_no_direct_ca,disorder,26,29,-0.0198845730217363,-0.1217802033813559,0.0820110573378833,True,0.8450189828872681,1.0
esm2_frozen_bilstm_attn,train,1,unclassified,sequence_distal_ge21_no_direct_ca,minimum_ca_distance_angstrom,26,29,3.3011886525066783,0.27098698656669873,6.331390318446658,True,0.16863754391670227,0.3213622240806202
esm2_frozen_bilstm_attn,train,1,unclassified,sequence_distal_ge21_no_direct_ca,minimum_heavy_atom_distance_angstrom,26,29,3.1438537739135404,0.1584324226535352,6.129275125173546,True,0.32693958282470703,0.5502153954854826
esm2_frozen_bilstm_attn,train,1,unclassified,sequence_distal_ge21_no_direct_ca,minimum_polar_atom_distance_angstrom,26,29,3.0533830226122682,-0.0789056438460527,6.185671689070589,True,0.32693958282470703,0.5502153954854826
esm2_frozen_bilstm_attn,train,1,unclassified,sequence_distal_ge21_no_direct_ca,neq,26,29,0.8183970050522459,0.3219969232003818,1.31479708690411,True,0.009355306625366211,0.023437802982763156
esm2_frozen_bilstm_attn,train,1,unclassified,sequence_distal_ge21_no_direct_ca,nonlocal_contact_path_exists,26,29,0.0008899157628035017,-0.12595968044746034,0.12773951197306735,True,1.0,1.0
esm2_frozen_bilstm_attn,train,1,unclassified,sequence_distal_ge21_no_direct_ca,normalized_query_position,26,29,0.0349928053148738,-0.08209157073850712,0.1520771813682547,True,0.8450189828872681,1.0
esm2_frozen_bilstm_attn,train,1,unclassified,sequence_distal_ge21_no_direct_ca,one_water_bridge,26,29,0.012080867822544696,-0.014428140377293211,0.038589876022382605,True,1.0,1.0
esm2_frozen_bilstm_attn,train,1,unclassified,sequence_distal_ge21_no_direct_ca,ordinary_contact_path_exists,26,29,0.0,0.0,0.0,True,1.0,1.0
esm2_frozen_bilstm_attn,train,1,unclassified,sequence_distal_ge21_no_direct_ca,query_distance_to_band_domain_boundary_sequence,26,29,1.2312581343528552,-4.563283318365651,7.025799587071362,True,0.6900379657745361,0.9237694998566143
esm2_frozen_bilstm_attn,train,1,unclassified,sequence_distal_ge21_no_direct_ca,query_distance_to_community_boundary_edges,24,25,0.48292390407314384,0.12765711351216302,0.8381906946341247,True,0.21003961563110352,0.3853244718127076
esm2_frozen_bilstm_attn,train,1,unclassified,sequence_distal_ge21_no_direct_ca,query_distance_to_ecod_boundary_sequence,26,29,0.22511083896343548,-4.7273478143610905,5.177569492287962,True,1.0,1.0
esm2_frozen_bilstm_attn,train,1,unclassified,sequence_distal_ge21_no_direct_ca,query_in_any_band,26,29,0.6785933021087467,0.5223116830216894,0.834874921195804,True,5.7220458984375e-06,2.288818359375e-05
esm2_frozen_bilstm_attn,train,1,unclassified,sequence_distal_ge21_no_direct_ca,query_to_band_contact_count,26,29,0.0,0.0,0.0,True,1.0,1.0
esm2_frozen_bilstm_attn,train,1,unclassified,sequence_distal_ge21_no_direct_ca,query_to_band_contact_fraction,26,29,0.0,0.0,0.0,True,1.0,1.0
esm2_frozen_bilstm_attn,train,1,unclassified,sequence_distal_ge21_no_direct_ca,query_water_contact_count,26,29,0.029727418001591073,-0.25366171051686043,0.31311654652004256,True,0.4048728942871094,0.6465472641653357
esm2_frozen_bilstm_attn,train,1,unclassified,sequence_distal_ge21_no_direct_ca,reachable_query_water_entry_count,26,29,0.015927021848822467,-0.012328390090788434,0.04418243378843337,True,0.625,0.8654015468168654
esm2_frozen_bilstm_attn,train,1,unclassified,sequence_distal_ge21_no_direct_ca,relative_backbone_orientation_cosine,25,28,-0.025597928443125334,-0.18691290739442248,0.13571705050817182,True,0.6900379657745361,0.9237694998566143
esm2_frozen_bilstm_attn,train,1,unclassified,sequence_distal_ge21_no_direct_ca,rsa,26,29,0.055341087787540884,-0.004385721850369478,0.11506789742545125,True,0.16863754391670227,0.3213622240806202
esm2_frozen_bilstm_attn,train,1,unclassified,sequence_distal_ge21_no_direct_ca,same_community_as_band_apex,26,29,0.002307675787053265,-0.1090150440002238,0.11363039557433033,True,0.803619384765625,1.0
esm2_frozen_bilstm_attn,train,1,unclassified,sequence_distal_ge21_no_direct_ca,same_community_as_band_majority,25,28,-0.00020990751896585725,-0.1167159524483074,0.1162961374103757,True,0.629058837890625,0.8673783809715861
esm2_frozen_bilstm_attn,train,1,unclassified,sequence_distal_ge21_no_direct_ca,same_ecod_domain_as_band_apex,26,29,-0.00041876090451692594,-0.024908873613592,0.024071351804558147,True,1.0,1.0
esm2_frozen_bilstm_attn,train,1,unclassified,sequence_distal_ge21_no_direct_ca,shared_water_count,26,29,0.012080867822544696,-0.014428140377293211,0.038589876022382605,True,1.0,1.0
esm2_frozen_bilstm_attn,train,1,unclassified,sequence_distal_ge21_no_direct_ca,shared_water_fraction_of_band_contacts,26,29,0.0019518409509402808,-0.0024804807179440416,0.006384162619824604,True,1.0,1.0
esm2_frozen_bilstm_attn,train,1,unclassified,sequence_distal_ge21_no_direct_ca,shared_water_fraction_of_query_contacts,26,29,0.005670611412288284,-0.007679546743456198,0.019020769568032767,True,1.0,1.0
esm2_frozen_bilstm_attn,train,1,unclassified,sequence_distal_ge21_no_direct_ca,shares_any_ecod_domain_with_band,26,29,-0.00041876090451692594,-0.024908873613592,0.024071351804558147,True,1.0,1.0
esm2_frozen_bilstm_attn,train,1,unclassified,sequence_distal_ge21_no_direct_ca,shortest_nonlocal_contact_path_edges,24,25,0.8167184524829425,0.10042865310909976,1.5330082518567854,True,0.0931396484375,0.19112671352230484
esm2_frozen_bilstm_attn,train,1,unclassified,sequence_distal_ge21_no_direct_ca,shortest_ordinary_contact_path_edges,26,29,0.2499414285242339,-0.5047328550727048,1.0046157121211725,True,0.15158963203430176,0.2929199890884524
esm2_frozen_bilstm_attn,train,1,unclassified,sequence_distal_ge21_no_direct_ca,torsion_change_from_previous,26,29,18.76436630487071,0.398264808921418,37.13046780082,True,0.028959274291992188,0.0663299560546875
esm2_frozen_bilstm_attn,train,1,unclassified,sequence_distal_ge21_no_direct_ca,water_path_at_most_1,26,29,0.012080867822544696,-0.014428140377293211,0.038589876022382605,True,1.0,1.0
esm2_frozen_bilstm_attn,train,1,unclassified,sequence_distal_ge21_no_direct_ca,water_path_at_most_2,26,29,0.012080867945356462,-0.015330598209248189,0.03949233409996111,True,1.0,1.0
esm2_frozen_bilstm_attn,train,1,unclassified,sequence_distal_ge21_no_direct_ca,water_path_at_most_3,26,29,0.012080867945356462,-0.015330598209248189,0.03949233409996111,True,1.0,1.0
esm2_frozen_bilstm_attn,train,1,unclassified,sequence_distal_ge21_no_direct_ca,water_path_exists,26,29,0.015927021848822467,-0.012328390090788434,0.04418243378843337,True,0.625,0.8654015468168654
esm2_frozen_bilstm_attn,train,1,unclassified,sequence_distal_ge21_no_direct_ca,water_path_without_direct_ca_contact,26,29,0.015927021848822467,-0.012328390090788434,0.04418243378843337,True,0.625,0.8654015468168654
esm2_frozen_bilstm_attn,train,1,unclassified,sequence_distal_ge21_no_direct_ca,water_path_without_direct_polar_contact,26,29,0.015927021848822467,-0.012328390090788434,0.04418243378843337,True,0.625,0.8654015468168654
esm2_frozen_bilstm_attn,train,-1,combined,all_eligible_queries,shortest_water_path_water_count,28,35,-0.21488095138754162,-0.5140685683748385,0.08430666559975522,True,0.480682373046875,0.7282799723381748
esm2_frozen_bilstm_attn,train,1,unclassified,sequence_distal_ge21,mean_query_contact_water_degree,21,23,0.09297148883342743,-0.1476858551372531,0.33362883280410793,True,1.0,1.0
esm2_frozen_bilstm_attn,train,1,unclassified,sequence_distal_ge21_no_direct_ca,mean_query_contact_water_degree,20,21,0.10531743094325066,-0.13729272040206228,0.3479275822885636,True,1.0,1.0
esm2_frozen_bilstm_attn,train,1,evidence_dominated,all_eligible_queries,shortest_water_path_water_count,30,32,-0.058333333333333334,-0.3396547944457019,0.2229881277790352,True,1.0,1.0
esm2_frozen_bilstm_attn,train,1,evidence_dominated,sequence_distal_ge21,shortest_water_path_water_count,26,28,-0.0673076923076923,-0.37432841126331906,0.23971302664793448,True,1.0,1.0
esm2_frozen_bilstm_attn,train,1,evidence_dominated,sequence_distal_ge21_no_direct_ca,shortest_water_path_water_count,6,6,0.08333333333333333,,,False,,
esm2_frozen_bilstm_attn,train,-1,combined,sequence_distal_ge21,shortest_water_path_water_count,22,28,-0.11439393812959843,-0.40188131179303427,0.17309343553383744,True,0.7744140625,0.9857261241352806
esm2_frozen_bilstm_attn,train,1,combined,sequence_distal_ge21_no_direct_ca,shortest_water_path_water_count,20,23,0.2375,-0.30928968655344696,0.784289686553447,True,0.79052734375,0.9940116030751709
esm2_frozen_bilstm_attn,train,-1,combined,sequence_distal_ge21_no_direct_ca,shortest_water_path_water_count,9,14,0.1592592610253228,,,False,,
esm2_frozen_bilstm_attn,train,1,not_magnitude_enriched,all_eligible_queries,absolute_backbone_orientation_cosine,2,2,-0.0723021576801936,,,False,,
esm2_frozen_bilstm_attn,train,1,not_magnitude_enriched,all_eligible_queries,absolute_sequence_separation,2,2,-3.6988095238095244,,,False,,
esm2_frozen_bilstm_attn,train,1,not_magnitude_enriched,all_eligible_queries,band_water_contact_count,2,2,0.0,,,False,,
esm2_frozen_bilstm_attn,train,1,not_magnitude_enriched,all_eligible_queries,direct_ca_contact,2,2,-0.0833333333333333,,,False,,
esm2_frozen_bilstm_attn,train,1,not_magnitude_enriched,all_eligible_queries,direct_putative_polar_contact,2,2,-0.25,,,False,,
esm2_frozen_bilstm_attn,train,1,not_magnitude_enriched,all_eligible_queries,direct_putative_polar_contact_count,2,2,-0.25,,,False,,
esm2_frozen_bilstm_attn,train,1,not_magnitude_enriched,all_eligible_queries,disorder,2,2,-0.06023316501093741,,,False,,
esm2_frozen_bilstm_attn,train,1,not_magnitude_enriched,all_eligible_queries,mean_query_contact_water_degree,2,2,0.22870370248953506,,,False,,
esm2_frozen_bilstm_attn,train,1,not_magnitude_enriched,all_eligible_queries,minimum_ca_distance_angstrom,2,2,7.877696832021077,,,False,,
esm2_frozen_bilstm_attn,train,1,not_magnitude_enriched,all_eligible_queries,minimum_heavy_atom_distance_angstrom,2,2,9.059492746988933,,,False,,
esm2_frozen_bilstm_attn,train,1,not_magnitude_enriched,all_eligible_queries,minimum_polar_atom_distance_angstrom,2,2,9.08609453837077,,,False,,
esm2_frozen_bilstm_attn,train,1,not_magnitude_enriched,all_eligible_queries,neq,2,2,0.875922222222222,,,False,,
esm2_frozen_bilstm_attn,train,1,not_magnitude_enriched,all_eligible_queries,nonlocal_contact_path_exists,2,2,0.0,,,False,,
esm2_frozen_bilstm_attn,train,1,not_magnitude_enriched,all_eligible_queries,normalized_query_position,2,2,-0.048840836130162005,,,False,,
esm2_frozen_bilstm_attn,train,1,not_magnitude_enriched,all_eligible_queries,one_water_bridge,2,2,0.0,,,False,,
esm2_frozen_bilstm_attn,train,1,not_magnitude_enriched,all_eligible_queries,ordinary_contact_path_exists,2,2,0.0,,,False,,
esm2_frozen_bilstm_attn,train,1,not_magnitude_enriched,all_eligible_queries,query_distance_to_band_domain_boundary_sequence,2,2,10.769047419230144,,,False,,
esm2_frozen_bilstm_attn,train,1,not_magnitude_enriched,all_eligible_queries,query_distance_to_community_boundary_edges,2,2,0.39166665946443874,,,False,,
esm2_frozen_bilstm_attn,train,1,not_magnitude_enriched,all_eligible_queries,query_distance_to_ecod_boundary_sequence,2,2,10.769047419230144,,,False,,
esm2_frozen_bilstm_attn,train,1,not_magnitude_enriched,all_eligible_queries,query_in_any_band,2,2,0.8125,,,False,,
esm2_frozen_bilstm_attn,train,1,not_magnitude_enriched,all_eligible_queries,query_to_band_contact_count,2,2,-0.16666666666666666,,,False,,
esm2_frozen_bilstm_attn,train,1,not_magnitude_enriched,all_eligible_queries,query_to_band_contact_fraction,2,2,-0.04166666666666665,,,False,,
esm2_frozen_bilstm_attn,train,1,not_magnitude_enriched,all_eligible_queries,query_water_contact_count,2,2,0.2126984099547068,,,False,,
esm2_frozen_bilstm_attn,train,1,not_magnitude_enriched,all_eligible_queries,reachable_query_water_entry_count,2,2,0.0,,,False,,
esm2_frozen_bilstm_attn,train,1,not_magnitude_enriched,all_eligible_queries,relative_backbone_orientation_cosine,2,2,-0.5420373380184174,,,False,,
esm2_frozen_bilstm_attn,train,1,not_magnitude_enriched,all_eligible_queries,rsa,2,2,0.0324632850736157,,,False,,
esm2_frozen_bilstm_attn,train,1,not_magnitude_enriched,all_eligible_queries,same_community_as_band_apex,2,2,-0.44841269900401437,,,False,,
esm2_frozen_bilstm_attn,train,1,not_magnitude_enriched,all_eligible_queries,same_community_as_band_majority,2,2,-0.44841269900401437,,,False,,
esm2_frozen_bilstm_attn,train,1,not_magnitude_enriched,all_eligible_queries,same_ecod_domain_as_band_apex,2,2,0.0,,,False,,
esm2_frozen_bilstm_attn,train,1,not_magnitude_enriched,all_eligible_queries,shared_water_count,2,2,0.0,,,False,,
esm2_frozen_bilstm_attn,train,1,not_magnitude_enriched,all_eligible_queries,shared_water_fraction_of_band_contacts,2,2,0.0,,,False,,
esm2_frozen_bilstm_attn,train,1,not_magnitude_enriched,all_eligible_queries,shared_water_fraction_of_query_contacts,2,2,0.0,,,False,,
esm2_frozen_bilstm_attn,train,1,not_magnitude_enriched,all_eligible_queries,shares_any_ecod_domain_with_band,2,2,0.0,,,False,,
esm2_frozen_bilstm_attn,train,1,not_magnitude_enriched,all_eligible_queries,shortest_nonlocal_contact_path_edges,2,2,2.0051586627960205,,,False,,
esm2_frozen_bilstm_attn,train,1,not_magnitude_enriched,all_eligible_queries,shortest_ordinary_contact_path_edges,2,2,1.8190476099650066,,,False,,
esm2_frozen_bilstm_attn,train,1,not_magnitude_enriched,all_eligible_queries,torsion_change_from_previous,2,2,40.30445545661827,,,False,,
esm2_frozen_bilstm_attn,train,1,not_magnitude_enriched,all_eligible_queries,water_path_at_most_1,2,2,0.0,,,False,,
esm2_frozen_bilstm_attn,train,1,not_magnitude_enriched,all_eligible_queries,water_path_at_most_2,2,2,0.0,,,False,,
esm2_frozen_bilstm_attn,train,1,not_magnitude_enriched,all_eligible_queries,water_path_at_most_3,2,2,0.0,,,False,,
esm2_frozen_bilstm_attn,train,1,not_magnitude_enriched,all_eligible_queries,water_path_exists,2,2,0.0,,,False,,
esm2_frozen_bilstm_attn,train,1,not_magnitude_enriched,all_eligible_queries,water_path_without_direct_ca_contact,2,2,0.0,,,False,,
esm2_frozen_bilstm_attn,train,1,not_magnitude_enriched,all_eligible_queries,water_path_without_direct_polar_contact,2,2,0.0,,,False,,
esm2_frozen_bilstm_attn,train,1,consultation_dominated,all_eligible_queries,absolute_backbone_orientation_cosine,5,6,-0.05943950174819858,,,False,,
esm2_frozen_bilstm_attn,train,1,consultation_dominated,all_eligible_queries,absolute_sequence_separation,5,6,-6.911986928104575,,,False,,
esm2_frozen_bilstm_attn,train,1,consultation_dominated,all_eligible_queries,band_water_contact_count,5,6,0.0,,,False,,
esm2_frozen_bilstm_attn,train,1,consultation_dominated,all_eligible_queries,direct_ca_contact,5,6,0.03580952380384718,,,False,,
esm2_frozen_bilstm_attn,train,1,consultation_dominated,all_eligible_queries,direct_putative_polar_contact,5,6,0.01933333327372868,,,False,,
esm2_frozen_bilstm_attn,train,1,consultation_dominated,all_eligible_queries,direct_putative_polar_contact_count,5,6,0.01933333327372868,,,False,,
esm2_frozen_bilstm_attn,train,1,consultation_dominated,all_eligible_queries,disorder,5,6,-0.05940961079985768,,,False,,
esm2_frozen_bilstm_attn,train,1,consultation_dominated,all_eligible_queries,mean_query_contact_water_degree,4,5,-0.40791666880249977,,,False,,
esm2_frozen_bilstm_attn,train,1,consultation_dominated,all_eligible_queries,minimum_ca_distance_angstrom,5,6,-2.093939153126308,,,False,,
esm2_frozen_bilstm_attn,train,1,consultation_dominated,all_eligible_queries,minimum_heavy_atom_distance_angstrom,5,6,-1.5230446152460009,,,False,,
esm2_frozen_bilstm_attn,train,1,consultation_dominated,all_eligible_queries,minimum_polar_atom_distance_angstrom,5,6,-2.0432479327065605,,,False,,
esm2_frozen_bilstm_attn,train,1,consultation_dominated,all_eligible_queries,neq,5,6,0.4937407774665421,,,False,,
esm2_frozen_bilstm_attn,train,1,consultation_dominated,all_eligible_queries,nonlocal_contact_path_exists,5,6,-0.0384920618363789,,,False,,
esm2_frozen_bilstm_attn,train,1,consultation_dominated,all_eligible_queries,normalized_query_position,5,6,0.048099249123418855,,,False,,
esm2_frozen_bilstm_attn,train,1,consultation_dominated,all_eligible_queries,one_water_bridge,5,6,-0.036190476623319416,,,False,,
esm2_frozen_bilstm_attn,train,1,consultation_dominated,all_eligible_queries,ordinary_contact_path_exists,5,6,0.0,,,False,,
esm2_frozen_bilstm_attn,train,1,consultation_dominated,all_eligible_queries,query_distance_to_band_domain_boundary_sequence,5,6,4.955582105318705,,,False,,
esm2_frozen_bilstm_attn,train,1,consultation_dominated,all_eligible_queries,query_distance_to_community_boundary_edges,5,6,0.08882659229494276,,,False,,
esm2_frozen_bilstm_attn,train,1,consultation_dominated,all_eligible_queries,query_distance_to_ecod_boundary_sequence,5,6,4.435582100550333,,,False,,
esm2_frozen_bilstm_attn,train,1,consultation_dominated,all_eligible_queries,query_in_any_band,5,6,0.7330158730158731,,,False,,
esm2_frozen_bilstm_attn,train,1,consultation_dominated,all_eligible_queries,query_to_band_contact_count,5,6,0.09276190468243191,,,False,,
esm2_frozen_bilstm_attn,train,1,consultation_dominated,all_eligible_queries,query_to_band_contact_fraction,5,6,0.03092063461031232,,,False,,
esm2_frozen_bilstm_attn,train,1,consultation_dominated,all_eligible_queries,query_water_contact_count,5,6,-0.1017768465195383,,,False,,
esm2_frozen_bilstm_attn,train,1,consultation_dominated,all_eligible_queries,reachable_query_water_entry_count,5,6,-0.056190477666400694,,,False,,
esm2_frozen_bilstm_attn,train,1,consultation_dominated,all_eligible_queries,relative_backbone_orientation_cosine,5,6,-0.11027251788548058,,,False,,
esm2_frozen_bilstm_attn,train,1,consultation_dominated,all_eligible_queries,rsa,5,6,0.054445093399785024,,,False,,
esm2_frozen_bilstm_attn,train,1,consultation_dominated,all_eligible_queries,same_community_as_band_apex,5,6,0.07515126189305668,,,False,,
esm2_frozen_bilstm_attn,train,1,consultation_dominated,all_eligible_queries,same_ecod_domain_as_band_apex,5,6,-0.02000000029802322,,,False,,
esm2_frozen_bilstm_attn,train,1,consultation_dominated,all_eligible_queries,shared_water_count,5,6,-0.036190476623319416,,,False,,
esm2_frozen_bilstm_attn,train,1,consultation_dominated,all_eligible_queries,shared_water_fraction_of_band_contacts,5,6,-0.02904761926758854,,,False,,
esm2_frozen_bilstm_attn,train,1,consultation_dominated,all_eligible_queries,shared_water_fraction_of_query_contacts,5,6,-0.019857143096270978,,,False,,
esm2_frozen_bilstm_attn,train,1,consultation_dominated,all_eligible_queries,shares_any_ecod_domain_with_band,5,6,-0.02000000029802322,,,False,,
esm2_frozen_bilstm_attn,train,1,consultation_dominated,all_eligible_queries,shortest_nonlocal_contact_path_edges,5,6,-0.2085974033673604,,,False,,
esm2_frozen_bilstm_attn,train,1,consultation_dominated,all_eligible_queries,shortest_ordinary_contact_path_edges,5,6,-0.2449980977603367,,,False,,
esm2_frozen_bilstm_attn,train,1,consultation_dominated,all_eligible_queries,torsion_change_from_previous,5,6,7.210860370207129,,,False,,
esm2_frozen_bilstm_attn,train,1,consultation_dominated,all_eligible_queries,water_path_at_most_1,5,6,-0.036190476623319416,,,False,,
esm2_frozen_bilstm_attn,train,1,consultation_dominated,all_eligible_queries,water_path_at_most_2,5,6,-0.036190476623319416,,,False,,
esm2_frozen_bilstm_attn,train,1,consultation_dominated,all_eligible_queries,water_path_at_most_3,5,6,-0.036190476623319416,,,False,,
esm2_frozen_bilstm_attn,train,1,consultation_dominated,all_eligible_queries,water_path_exists,5,6,-0.036190476623319416,,,False,,
esm2_frozen_bilstm_attn,train,1,consultation_dominated,all_eligible_queries,water_path_without_direct_ca_contact,5,6,-0.02666666681567826,,,False,,
esm2_frozen_bilstm_attn,train,1,consultation_dominated,all_eligible_queries,water_path_without_direct_polar_contact,5,6,-0.01952380995665276,,,False,,
esm2_frozen_bilstm_attn,train,1,consultation_dominated,sequence_distal_ge21,absolute_backbone_orientation_cosine,5,6,-0.05495788027842842,,,False,,
esm2_frozen_bilstm_attn,train,1,consultation_dominated,sequence_distal_ge21,absolute_sequence_separation,5,6,-6.047875816993465,,,False,,
esm2_frozen_bilstm_attn,train,1,consultation_dominated,sequence_distal_ge21,band_water_contact_count,5,6,0.0,,,False,,
esm2_frozen_bilstm_attn,train,1,consultation_dominated,sequence_distal_ge21,direct_ca_contact,5,6,0.07555555601914724,,,False,,
esm2_frozen_bilstm_attn,train,1,consultation_dominated,sequence_distal_ge21,direct_putative_polar_contact,5,6,0.04333333323399226,,,False,,
esm2_frozen_bilstm_attn,train,1,consultation_dominated,sequence_distal_ge21,direct_putative_polar_contact_count,5,6,0.04333333323399226,,,False,,
esm2_frozen_bilstm_attn,train,1,consultation_dominated,sequence_distal_ge21,disorder,5,6,-0.06267515768808621,,,False,,
esm2_frozen_bilstm_attn,train,1,consultation_dominated,sequence_distal_ge21,mean_query_contact_water_degree,3,4,-0.12805555760860443,,,False,,
esm2_frozen_bilstm_attn,train,1,consultation_dominated,sequence_distal_ge21,minimum_ca_distance_angstrom,5,6,-3.328850695292155,,,False,,
esm2_frozen_bilstm_attn,train,1,consultation_dominated,sequence_distal_ge21,minimum_heavy_atom_distance_angstrom,5,6,-2.5600310293833415,,,False,,
esm2_frozen_bilstm_attn,train,1,consultation_dominated,sequence_distal_ge21,minimum_polar_atom_distance_angstrom,5,6,-3.204016462961833,,,False,,
esm2_frozen_bilstm_attn,train,1,consultation_dominated,sequence_distal_ge21,neq,5,6,0.4705829520697167,,,False,,
esm2_frozen_bilstm_attn,train,1,consultation_dominated,sequence_distal_ge21,nonlocal_contact_path_exists,5,6,-0.01166666567325592,,,False,,
esm2_frozen_bilstm_attn,train,1,consultation_dominated,sequence_distal_ge21,normalized_query_position,5,6,0.04895117792498412,,,False,,
esm2_frozen_bilstm_attn,train,1,consultation_dominated,sequence_distal_ge21,one_water_bridge,5,6,-0.036666666964689884,,,False,,
esm2_frozen_bilstm_attn,train,1,consultation_dominated,sequence_distal_ge21,ordinary_contact_path_exists,5,6,0.0,,,False,,
esm2_frozen_bilstm_attn,train,1,consultation_dominated,sequence_distal_ge21,query_distance_to_band_domain_boundary_sequence,5,6,5.047026618321736,,,False,,
esm2_frozen_bilstm_attn,train,1,consultation_dominated,sequence_distal_ge21,query_distance_to_community_boundary_edges,5,6,0.03361344337463377,,,False,,
esm2_frozen_bilstm_attn,train,1,consultation_dominated,sequence_distal_ge21,query_distance_to_ecod_boundary_sequence,5,6,4.257026608784993,,,False,,
esm2_frozen_bilstm_attn,train,1,consultation_dominated,sequence_distal_ge21,query_in_any_band,5,6,0.7388888888888889,,,False,,
esm2_frozen_bilstm_attn,train,1,consultation_dominated,sequence_distal_ge21,query_to_band_contact_count,5,6,0.20222222208976745,,,False,,
esm2_frozen_bilstm_attn,train,1,consultation_dominated,sequence_distal_ge21,query_to_band_contact_fraction,5,6,0.06740740736325582,,,False,,
esm2_frozen_bilstm_attn,train,1,consultation_dominated,sequence_distal_ge21,query_water_contact_count,5,6,-0.17163399249315262,,,False,,
esm2_frozen_bilstm_attn,train,1,consultation_dominated,sequence_distal_ge21,reachable_query_water_entry_count,5,6,-0.07666666905085244,,,False,,
esm2_frozen_bilstm_attn,train,1,consultation_dominated,sequence_distal_ge21,relative_backbone_orientation_cosine,5,6,-0.14134529208143548,,,False,,
esm2_frozen_bilstm_attn,train,1,consultation_dominated,sequence_distal_ge21,rsa,5,6,0.037342212610433675,,,False,,
esm2_frozen_bilstm_attn,train,1,consultation_dominated,sequence_distal_ge21,same_community_as_band_apex,5,6,0.08029411966602008,,,False,,
esm2_frozen_bilstm_attn,train,1,consultation_dominated,sequence_distal_ge21,same_ecod_domain_as_band_apex,5,6,-0.04000000059604644,,,False,,
esm2_frozen_bilstm_attn,train,1,consultation_dominated,sequence_distal_ge21,shared_water_count,5,6,-0.036666666964689884,,,False,,
esm2_frozen_bilstm_attn,train,1,consultation_dominated,sequence_distal_ge21,shared_water_fraction_of_band_contacts,5,6,-0.036666666964689884,,,False,,
esm2_frozen_bilstm_attn,train,1,consultation_dominated,sequence_distal_ge21,shared_water_fraction_of_query_contacts,5,6,-0.012333333243926341,,,False,,
esm2_frozen_bilstm_attn,train,1,consultation_dominated,sequence_distal_ge21,shares_any_ecod_domain_with_band,5,6,-0.04000000059604644,,,False,,
esm2_frozen_bilstm_attn,train,1,consultation_dominated,sequence_distal_ge21,shortest_nonlocal_contact_path_edges,5,6,-0.3938468503952026,,,False,,
esm2_frozen_bilstm_attn,train,1,consultation_dominated,sequence_distal_ge21,shortest_ordinary_contact_path_edges,5,6,-0.43160127878189086,,,False,,
esm2_frozen_bilstm_attn,train,1,consultation_dominated,sequence_distal_ge21,torsion_change_from_previous,5,6,12.67972058744103,,,False,,
esm2_frozen_bilstm_attn,train,1,consultation_dominated,sequence_distal_ge21,water_path_at_most_1,5,6,-0.036666666964689884,,,False,,
esm2_frozen_bilstm_attn,train,1,consultation_dominated,sequence_distal_ge21,water_path_at_most_2,5,6,-0.036666666964689884,,,False,,
esm2_frozen_bilstm_attn,train,1,consultation_dominated,sequence_distal_ge21,water_path_at_most_3,5,6,-0.036666666964689884,,,False,,
esm2_frozen_bilstm_attn,train,1,consultation_dominated,sequence_distal_ge21,water_path_exists,5,6,-0.036666666964689884,,,False,,
esm2_frozen_bilstm_attn,train,1,consultation_dominated,sequence_distal_ge21,water_path_without_direct_ca_contact,5,6,-0.036666666964689884,,,False,,
esm2_frozen_bilstm_attn,train,1,consultation_dominated,sequence_distal_ge21,water_path_without_direct_polar_contact,5,6,-0.02000000029802322,,,False,,
esm2_frozen_bilstm_attn,train,1,consultation_dominated,sequence_distal_ge21_no_direct_ca,absolute_backbone_orientation_cosine,5,6,-0.09092981189489366,,,False,,
esm2_frozen_bilstm_attn,train,1,consultation_dominated,sequence_distal_ge21_no_direct_ca,absolute_sequence_separation,5,6,-5.367875816993465,,,False,,
esm2_frozen_bilstm_attn,train,1,consultation_dominated,sequence_distal_ge21_no_direct_ca,band_water_contact_count,5,6,0.0,,,False,,
esm2_frozen_bilstm_attn,train,1,consultation_dominated,sequence_distal_ge21_no_direct_ca,direct_ca_contact,5,6,0.0,,,False,,
esm2_frozen_bilstm_attn,train,1,consultation_dominated,sequence_distal_ge21_no_direct_ca,direct_putative_polar_contact,5,6,-0.01666666666666666,,,False,,
esm2_frozen_bilstm_attn,train,1,consultation_dominated,sequence_distal_ge21_no_direct_ca,direct_putative_polar_contact_count,5,6,-0.01666666666666666,,,False,,
esm2_frozen_bilstm_attn,train,1,consultation_dominated,sequence_distal_ge21_no_direct_ca,disorder,5,6,-0.05503029300883668,,,False,,
esm2_frozen_bilstm_attn,train,1,consultation_dominated,sequence_distal_ge21_no_direct_ca,mean_query_contact_water_degree,3,4,-0.12805555760860443,,,False,,
esm2_frozen_bilstm_attn,train,1,consultation_dominated,sequence_distal_ge21_no_direct_ca,minimum_ca_distance_angstrom,5,6,-2.820841579437256,,,False,,
esm2_frozen_bilstm_attn,train,1,consultation_dominated,sequence_distal_ge21_no_direct_ca,minimum_heavy_atom_distance_angstrom,5,6,-2.28656860669454,,,False,,
esm2_frozen_bilstm_attn,train,1,consultation_dominated,sequence_distal_ge21_no_direct_ca,minimum_polar_atom_distance_angstrom,5,6,-2.9039154370625817,,,False,,
esm2_frozen_bilstm_attn,train,1,consultation_dominated,sequence_distal_ge21_no_direct_ca,neq,5,6,0.508379896514161,,,False,,
esm2_frozen_bilstm_attn,train,1,consultation_dominated,sequence_distal_ge21_no_direct_ca,nonlocal_contact_path_exists,5,6,-0.01166666567325592,,,False,,
esm2_frozen_bilstm_attn,train,1,consultation_dominated,sequence_distal_ge21_no_direct_ca,normalized_query_position,5,6,0.056185220478175604,,,False,,
esm2_frozen_bilstm_attn,train,1,consultation_dominated,sequence_distal_ge21_no_direct_ca,one_water_bridge,5,6,-0.036666666964689884,,,False,,
esm2_frozen_bilstm_attn,train,1,consultation_dominated,sequence_distal_ge21_no_direct_ca,ordinary_contact_path_exists,5,6,0.0,,,False,,
esm2_frozen_bilstm_attn,train,1,consultation_dominated,sequence_distal_ge21_no_direct_ca,query_distance_to_band_domain_boundary_sequence,5,6,5.433693234125772,,,False,,
esm2_frozen_bilstm_attn,train,1,consultation_dominated,sequence_distal_ge21_no_direct_ca,query_distance_to_community_boundary_edges,5,6,0.09361344178517658,,,False,,
esm2_frozen_bilstm_attn,train,1,consultation_dominated,sequence_distal_ge21_no_direct_ca,query_distance_to_ecod_boundary_sequence,5,6,4.64369322458903,,,False,,
esm2_frozen_bilstm_attn,train,1,consultation_dominated,sequence_distal_ge21_no_direct_ca,query_in_any_band,5,6,0.8055555555555556,,,False,,
esm2_frozen_bilstm_attn,train,1,consultation_dominated,sequence_distal_ge21_no_direct_ca,query_to_band_contact_count,5,6,0.0,,,False,,
esm2_frozen_bilstm_attn,train,1,consultation_dominated,sequence_distal_ge21_no_direct_ca,query_to_band_contact_fraction,5,6,0.0,,,False,,
esm2_frozen_bilstm_attn,train,1,consultation_dominated,sequence_distal_ge21_no_direct_ca,query_water_contact_count,5,6,-0.19996732562780378,,,False,,
esm2_frozen_bilstm_attn,train,1,consultation_dominated,sequence_distal_ge21_no_direct_ca,reachable_query_water_entry_count,5,6,-0.07666666905085244,,,False,,
esm2_frozen_bilstm_attn,train,1,consultation_dominated,sequence_distal_ge21_no_direct_ca,relative_backbone_orientation_cosine,5,6,-0.10119086379806197,,,False,,
esm2_frozen_bilstm_attn,train,1,consultation_dominated,sequence_distal_ge21_no_direct_ca,rsa,5,6,0.03335288521778934,,,False,,
esm2_frozen_bilstm_attn,train,1,consultation_dominated,sequence_distal_ge21_no_direct_ca,same_community_as_band_apex,5,6,0.026960786531368897,,,False,,
esm2_frozen_bilstm_attn,train,1,consultation_dominated,sequence_distal_ge21_no_direct_ca,same_ecod_domain_as_band_apex,5,6,-0.04000000059604644,,,False,,
esm2_frozen_bilstm_attn,train,1,consultation_dominated,sequence_distal_ge21_no_direct_ca,shared_water_count,5,6,-0.036666666964689884,,,False,,
esm2_frozen_bilstm_attn,train,1,consultation_dominated,sequence_distal_ge21_no_direct_ca,shared_water_fraction_of_band_contacts,5,6,-0.036666666964689884,,,False,,
esm2_frozen_bilstm_attn,train,1,consultation_dominated,sequence_distal_ge21_no_direct_ca,shared_water_fraction_of_query_contacts,5,6,-0.012333333243926341,,,False,,
esm2_frozen_bilstm_attn,train,1,consultation_dominated,sequence_distal_ge21_no_direct_ca,shares_any_ecod_domain_with_band,5,6,-0.04000000059604644,,,False,,
esm2_frozen_bilstm_attn,train,1,consultation_dominated,sequence_distal_ge21_no_direct_ca,shortest_nonlocal_contact_path_edges,5,6,-0.2730135170618693,,,False,,
esm2_frozen_bilstm_attn,train,1,consultation_dominated,sequence_distal_ge21_no_direct_ca,shortest_ordinary_contact_path_edges,5,6,-0.30437905073165894,,,False,,
esm2_frozen_bilstm_attn,train,1,consultation_dominated,sequence_distal_ge21_no_direct_ca,torsion_change_from_previous,5,6,8.701551532912832,,,False,,
esm2_frozen_bilstm_attn,train,1,consultation_dominated,sequence_distal_ge21_no_direct_ca,water_path_at_most_1,5,6,-0.036666666964689884,,,False,,
esm2_frozen_bilstm_attn,train,1,consultation_dominated,sequence_distal_ge21_no_direct_ca,water_path_at_most_2,5,6,-0.036666666964689884,,,False,,
esm2_frozen_bilstm_attn,train,1,consultation_dominated,sequence_distal_ge21_no_direct_ca,water_path_at_most_3,5,6,-0.036666666964689884,,,False,,
esm2_frozen_bilstm_attn,train,1,consultation_dominated,sequence_distal_ge21_no_direct_ca,water_path_exists,5,6,-0.036666666964689884,,,False,,
esm2_frozen_bilstm_attn,train,1,consultation_dominated,sequence_distal_ge21_no_direct_ca,water_path_without_direct_ca_contact,5,6,-0.036666666964689884,,,False,,
esm2_frozen_bilstm_attn,train,1,consultation_dominated,sequence_distal_ge21_no_direct_ca,water_path_without_direct_polar_contact,5,6,-0.02000000029802322,,,False,,
esm2_frozen_bilstm_attn,train,1,consultation_dominated,all_eligible_queries,same_community_as_band_majority,4,4,0.019038283257257378,,,False,,
esm2_frozen_bilstm_attn,train,1,consultation_dominated,sequence_distal_ge21,same_community_as_band_majority,4,4,0.05800653745730718,,,False,,
esm2_frozen_bilstm_attn,train,1,consultation_dominated,sequence_distal_ge21_no_direct_ca,same_community_as_band_majority,4,4,-0.0086601289610068,,,False,,
esm2_frozen_bilstm_attn,train,1,not_magnitude_enriched,sequence_distal_ge21,absolute_backbone_orientation_cosine,1,1,0.0904979209105173,,,False,,
esm2_frozen_bilstm_attn,train,1,not_magnitude_enriched,sequence_distal_ge21,absolute_sequence_separation,1,1,-1.3976190476190489,,,False,,
esm2_frozen_bilstm_attn,train,1,not_magnitude_enriched,sequence_distal_ge21,band_water_contact_count,1,1,0.0,,,False,,
esm2_frozen_bilstm_attn,train,1,not_magnitude_enriched,sequence_distal_ge21,direct_ca_contact,1,1,-0.1666666666666666,,,False,,
esm2_frozen_bilstm_attn,train,1,not_magnitude_enriched,sequence_distal_ge21,direct_putative_polar_contact,1,1,0.0,,,False,,
esm2_frozen_bilstm_attn,train,1,not_magnitude_enriched,sequence_distal_ge21,direct_putative_polar_contact_count,1,1,0.0,,,False,,
esm2_frozen_bilstm_attn,train,1,not_magnitude_enriched,sequence_distal_ge21,disorder,1,1,-0.1393819068821834,,,False,,
esm2_frozen_bilstm_attn,train,1,not_magnitude_enriched,sequence_distal_ge21,mean_query_contact_water_degree,1,1,-0.0425925950209299,,,False,,
esm2_frozen_bilstm_attn,train,1,not_magnitude_enriched,sequence_distal_ge21,minimum_ca_distance_angstrom,1,1,9.127400080362955,,,False,,
esm2_frozen_bilstm_attn,train,1,not_magnitude_enriched,sequence_distal_ge21,minimum_heavy_atom_distance_angstrom,1,1,9.279290517171225,,,False,,
esm2_frozen_bilstm_attn,train,1,not_magnitude_enriched,sequence_distal_ge21,minimum_polar_atom_distance_angstrom,1,1,8.971125920613607,,,False,,
esm2_frozen_bilstm_attn,train,1,not_magnitude_enriched,sequence_distal_ge21,neq,1,1,1.364261111111111,,,False,,
esm2_frozen_bilstm_attn,train,1,not_magnitude_enriched,sequence_distal_ge21,nonlocal_contact_path_exists,1,1,0.0,,,False,,
esm2_frozen_bilstm_attn,train,1,not_magnitude_enriched,sequence_distal_ge21,normalized_query_position,1,1,-0.1650974025974026,,,False,,
esm2_frozen_bilstm_attn,train,1,not_magnitude_enriched,sequence_distal_ge21,one_water_bridge,1,1,0.0,,,False,,
esm2_frozen_bilstm_attn,train,1,not_magnitude_enriched,sequence_distal_ge21,ordinary_contact_path_exists,1,1,0.0,,,False,,
esm2_frozen_bilstm_attn,train,1,not_magnitude_enriched,sequence_distal_ge21,query_distance_to_band_domain_boundary_sequence,1,1,15.538094838460289,,,False,,
esm2_frozen_bilstm_attn,train,1,not_magnitude_enriched,sequence_distal_ge21,query_distance_to_community_boundary_edges,1,1,0.0333333189288775,,,False,,
esm2_frozen_bilstm_attn,train,1,not_magnitude_enriched,sequence_distal_ge21,query_distance_to_ecod_boundary_sequence,1,1,15.538094838460289,,,False,,
esm2_frozen_bilstm_attn,train,1,not_magnitude_enriched,sequence_distal_ge21,query_in_any_band,1,1,0.875,,,False,,
esm2_frozen_bilstm_attn,train,1,not_magnitude_enriched,sequence_distal_ge21,query_to_band_contact_count,1,1,-0.3333333333333333,,,False,,
esm2_frozen_bilstm_attn,train,1,not_magnitude_enriched,sequence_distal_ge21,query_to_band_contact_fraction,1,1,-0.0833333333333333,,,False,,
esm2_frozen_bilstm_attn,train,1,not_magnitude_enriched,sequence_distal_ge21,query_water_contact_count,1,1,0.9253968199094136,,,False,,
esm2_frozen_bilstm_attn,train,1,not_magnitude_enriched,sequence_distal_ge21,reachable_query_water_entry_count,1,1,0.0,,,False,,
esm2_frozen_bilstm_attn,train,1,not_magnitude_enriched,sequence_distal_ge21,relative_backbone_orientation_cosine,1,1,-0.5397638082504272,,,False,,
esm2_frozen_bilstm_attn,train,1,not_magnitude_enriched,sequence_distal_ge21,rsa,1,1,0.0095795000493082,,,False,,
esm2_frozen_bilstm_attn,train,1,not_magnitude_enriched,sequence_distal_ge21,same_community_as_band_apex,1,1,-0.3968253980080287,,,False,,
esm2_frozen_bilstm_attn,train,1,not_magnitude_enriched,sequence_distal_ge21,same_community_as_band_majority,1,1,-0.3968253980080287,,,False,,
esm2_frozen_bilstm_attn,train,1,not_magnitude_enriched,sequence_distal_ge21,same_ecod_domain_as_band_apex,1,1,0.0,,,False,,
esm2_frozen_bilstm_attn,train,1,not_magnitude_enriched,sequence_distal_ge21,shared_water_count,1,1,0.0,,,False,,
esm2_frozen_bilstm_attn,train,1,not_magnitude_enriched,sequence_distal_ge21,shared_water_fraction_of_band_contacts,1,1,0.0,,,False,,
esm2_frozen_bilstm_attn,train,1,not_magnitude_enriched,sequence_distal_ge21,shared_water_fraction_of_query_contacts,1,1,0.0,,,False,,
esm2_frozen_bilstm_attn,train,1,not_magnitude_enriched,sequence_distal_ge21,shares_any_ecod_domain_with_band,1,1,0.0,,,False,,
esm2_frozen_bilstm_attn,train,1,not_magnitude_enriched,sequence_distal_ge21,shortest_nonlocal_contact_path_edges,1,1,2.260317325592041,,,False,,
esm2_frozen_bilstm_attn,train,1,not_magnitude_enriched,sequence_distal_ge21,shortest_ordinary_contact_path_edges,1,1,2.138095219930013,,,False,,
esm2_frozen_bilstm_attn,train,1,not_magnitude_enriched,sequence_distal_ge21,torsion_change_from_previous,1,1,27.499264854396543,,,False,,
esm2_frozen_bilstm_attn,train,1,not_magnitude_enriched,sequence_distal_ge21,water_path_at_most_1,1,1,0.0,,,False,,
esm2_frozen_bilstm_attn,train,1,not_magnitude_enriched,sequence_distal_ge21,water_path_at_most_2,1,1,0.0,,,False,,
esm2_frozen_bilstm_attn,train,1,not_magnitude_enriched,sequence_distal_ge21,water_path_at_most_3,1,1,0.0,,,False,,
esm2_frozen_bilstm_attn,train,1,not_magnitude_enriched,sequence_distal_ge21,water_path_exists,1,1,0.0,,,False,,
esm2_frozen_bilstm_attn,train,1,not_magnitude_enriched,sequence_distal_ge21,water_path_without_direct_ca_contact,1,1,0.0,,,False,,
esm2_frozen_bilstm_attn,train,1,not_magnitude_enriched,sequence_distal_ge21,water_path_without_direct_polar_contact,1,1,0.0,,,False,,
esm2_frozen_bilstm_attn,train,1,not_magnitude_enriched,sequence_distal_ge21_no_direct_ca,absolute_backbone_orientation_cosine,1,1,0.0616345008214314,,,False,,
esm2_frozen_bilstm_attn,train,1,not_magnitude_enriched,sequence_distal_ge21_no_direct_ca,absolute_sequence_separation,1,1,-1.0301587301587318,,,False,,
esm2_frozen_bilstm_attn,train,1,not_magnitude_enriched,sequence_distal_ge21_no_direct_ca,band_water_contact_count,1,1,0.0,,,False,,
esm2_frozen_bilstm_attn,train,1,not_magnitude_enriched,sequence_distal_ge21_no_direct_ca,direct_ca_contact,1,1,0.0,,,False,,
esm2_frozen_bilstm_attn,train,1,not_magnitude_enriched,sequence_distal_ge21_no_direct_ca,direct_putative_polar_contact,1,1,0.0,,,False,,
esm2_frozen_bilstm_attn,train,1,not_magnitude_enriched,sequence_distal_ge21_no_direct_ca,direct_putative_polar_contact_count,1,1,0.0,,,False,,
esm2_frozen_bilstm_attn,train,1,not_magnitude_enriched,sequence_distal_ge21_no_direct_ca,disorder,1,1,-0.1108650750521245,,,False,,
esm2_frozen_bilstm_attn,train,1,not_magnitude_enriched,sequence_distal_ge21_no_direct_ca,mean_query_contact_water_degree,1,1,-0.0425925950209299,,,False,,
esm2_frozen_bilstm_attn,train,1,not_magnitude_enriched,sequence_distal_ge21_no_direct_ca,minimum_ca_distance_angstrom,1,1,8.78007952372233,,,False,,
esm2_frozen_bilstm_attn,train,1,not_magnitude_enriched,sequence_distal_ge21_no_direct_ca,minimum_heavy_atom_distance_angstrom,1,1,8.69225819905599,,,False,,
esm2_frozen_bilstm_attn,train,1,not_magnitude_enriched,sequence_distal_ge21_no_direct_ca,minimum_polar_atom_distance_angstrom,1,1,8.640314737955729,,,False,,
esm2_frozen_bilstm_attn,train,1,not_magnitude_enriched,sequence_distal_ge21_no_direct_ca,neq,1,1,1.7297370370370366,,,False,,
esm2_frozen_bilstm_attn,train,1,not_magnitude_enriched,sequence_distal_ge21_no_direct_ca,nonlocal_contact_path_exists,1,1,0.0,,,False,,
esm2_frozen_bilstm_attn,train,1,not_magnitude_enriched,sequence_distal_ge21_no_direct_ca,normalized_query_position,1,1,-0.2289682539682539,,,False,,
esm2_frozen_bilstm_attn,train,1,not_magnitude_enriched,sequence_distal_ge21_no_direct_ca,one_water_bridge,1,1,0.0,,,False,,
esm2_frozen_bilstm_attn,train,1,not_magnitude_enriched,sequence_distal_ge21_no_direct_ca,ordinary_contact_path_exists,1,1,0.0,,,False,,
esm2_frozen_bilstm_attn,train,1,not_magnitude_enriched,sequence_distal_ge21_no_direct_ca,query_distance_to_band_domain_boundary_sequence,1,1,15.704761505126951,,,False,,
esm2_frozen_bilstm_attn,train,1,not_magnitude_enriched,sequence_distal_ge21_no_direct_ca,query_distance_to_community_boundary_edges,1,1,0.1999999855955442,,,False,,
esm2_frozen_bilstm_attn,train,1,not_magnitude_enriched,sequence_distal_ge21_no_direct_ca,query_distance_to_ecod_boundary_sequence,1,1,15.704761505126951,,,False,,
esm2_frozen_bilstm_attn,train,1,not_magnitude_enriched,sequence_distal_ge21_no_direct_ca,query_in_any_band,1,1,0.8333333333333334,,,False,,
esm2_frozen_bilstm_attn,train,1,not_magnitude_enriched,sequence_distal_ge21_no_direct_ca,query_to_band_contact_count,1,1,0.0,,,False,,
esm2_frozen_bilstm_attn,train,1,not_magnitude_enriched,sequence_distal_ge21_no_direct_ca,query_to_band_contact_fraction,1,1,0.0,,,False,,
esm2_frozen_bilstm_attn,train,1,not_magnitude_enriched,sequence_distal_ge21_no_direct_ca,query_water_contact_count,1,1,0.758730153242747,,,False,,
esm2_frozen_bilstm_attn,train,1,not_magnitude_enriched,sequence_distal_ge21_no_direct_ca,reachable_query_water_entry_count,1,1,0.0,,,False,,
esm2_frozen_bilstm_attn,train,1,not_magnitude_enriched,sequence_distal_ge21_no_direct_ca,relative_backbone_orientation_cosine,1,1,-0.5686272184054056,,,False,,
esm2_frozen_bilstm_attn,train,1,not_magnitude_enriched,sequence_distal_ge21_no_direct_ca,rsa,1,1,0.0837658666769072,,,False,,
esm2_frozen_bilstm_attn,train,1,not_magnitude_enriched,sequence_distal_ge21_no_direct_ca,same_community_as_band_apex,1,1,-0.3968253980080287,,,False,,
esm2_frozen_bilstm_attn,train,1,not_magnitude_enriched,sequence_distal_ge21_no_direct_ca,same_community_as_band_majority,1,1,-0.3968253980080287,,,False,,
esm2_frozen_bilstm_attn,train,1,not_magnitude_enriched,sequence_distal_ge21_no_direct_ca,same_ecod_domain_as_band_apex,1,1,0.0,,,False,,
esm2_frozen_bilstm_attn,train,1,not_magnitude_enriched,sequence_distal_ge21_no_direct_ca,shared_water_count,1,1,0.0,,,False,,
esm2_frozen_bilstm_attn,train,1,not_magnitude_enriched,sequence_distal_ge21_no_direct_ca,shared_water_fraction_of_band_contacts,1,1,0.0,,,False,,
esm2_frozen_bilstm_attn,train,1,not_magnitude_enriched,sequence_distal_ge21_no_direct_ca,shared_water_fraction_of_query_contacts,1,1,0.0,,,False,,
esm2_frozen_bilstm_attn,train,1,not_magnitude_enriched,sequence_distal_ge21_no_direct_ca,shares_any_ecod_domain_with_band,1,1,0.0,,,False,,
esm2_frozen_bilstm_attn,train,1,not_magnitude_enriched,sequence_distal_ge21_no_direct_ca,shortest_nonlocal_contact_path_edges,1,1,2.0936506589253745,,,False,,
esm2_frozen_bilstm_attn,train,1,not_magnitude_enriched,sequence_distal_ge21_no_direct_ca,shortest_ordinary_contact_path_edges,1,1,1.9714285532633464,,,False,,
esm2_frozen_bilstm_attn,train,1,not_magnitude_enriched,sequence_distal_ge21_no_direct_ca,torsion_change_from_previous,1,1,49.10218659968261,,,False,,
esm2_frozen_bilstm_attn,train,1,not_magnitude_enriched,sequence_distal_ge21_no_direct_ca,water_path_at_most_1,1,1,0.0,,,False,,
esm2_frozen_bilstm_attn,train,1,not_magnitude_enriched,sequence_distal_ge21_no_direct_ca,water_path_at_most_2,1,1,0.0,,,False,,
esm2_frozen_bilstm_attn,train,1,not_magnitude_enriched,sequence_distal_ge21_no_direct_ca,water_path_at_most_3,1,1,0.0,,,False,,
esm2_frozen_bilstm_attn,train,1,not_magnitude_enriched,sequence_distal_ge21_no_direct_ca,water_path_exists,1,1,0.0,,,False,,
esm2_frozen_bilstm_attn,train,1,not_magnitude_enriched,sequence_distal_ge21_no_direct_ca,water_path_without_direct_ca_contact,1,1,0.0,,,False,,
esm2_frozen_bilstm_attn,train,1,not_magnitude_enriched,sequence_distal_ge21_no_direct_ca,water_path_without_direct_polar_contact,1,1,0.0,,,False,,
esm2_frozen_bilstm_attn,validation,-1,combined,all_eligible_queries,absolute_backbone_orientation_cosine,120,325,0.027225928791976037,0.004290353046139599,0.05016150453781247,True,0.02208271580970427,0.0521668721553071
esm2_frozen_bilstm_attn,validation,-1,combined,all_eligible_queries,absolute_sequence_separation,120,325,0.19328433053495514,-2.236633191959573,2.6232018530294834,True,1.0,1.0
esm2_frozen_bilstm_attn,validation,-1,combined,all_eligible_queries,band_water_contact_count,120,325,0.0,0.0,0.0,True,1.0,1.0
esm2_frozen_bilstm_attn,validation,-1,combined,all_eligible_queries,direct_ca_contact,120,325,0.11295450998370811,0.08575025070225703,0.1401587692651592,True,7.727370135207906e-18,6.007758189626429e-17
esm2_frozen_bilstm_attn,validation,-1,combined,all_eligible_queries,direct_putative_polar_contact,120,325,0.047834587712523545,0.024778609505062398,0.07089056591998469,True,1.6837633430122172e-07,7.702519602287933e-07
esm2_frozen_bilstm_attn,validation,-1,combined,all_eligible_queries,direct_putative_polar_contact_count,120,325,0.35150168723953296,0.26834752269612094,0.43465585178294497,True,1.7292396771428031e-15,1.2615070067614458e-14
esm2_frozen_bilstm_attn,validation,-1,combined,all_eligible_queries,disorder,120,325,-0.014733278869702101,-0.02224199699164682,-0.007224560747757382,True,5.795583853506602e-27,7.498036610474166e-26
esm2_frozen_bilstm_attn,validation,-1,combined,all_eligible_queries,mean_query_contact_water_degree,110,305,0.024424886588793843,-0.040130930503324114,0.0889807036809118,True,0.8438976552528614,1.0
esm2_frozen_bilstm_attn,validation,-1,combined,all_eligible_queries,minimum_ca_distance_angstrom,120,325,-2.817151872251426,-3.3565713850459504,-2.277732359456902,True,3.4073914329637525e-16,2.5303319340753247e-15
esm2_frozen_bilstm_attn,validation,-1,combined,all_eligible_queries,minimum_heavy_atom_distance_angstrom,120,325,-2.58775935540866,-3.1110556625086554,-2.0644630483086646,True,2.661783496052934e-13,1.8139561602731107e-12
esm2_frozen_bilstm_attn,validation,-1,combined,all_eligible_queries,minimum_polar_atom_distance_angstrom,120,325,-2.2258505655145786,-2.740396547604111,-1.7113045834250462,True,2.661783496052934e-13,1.8139561602731107e-12
esm2_frozen_bilstm_attn,validation,-1,combined,all_eligible_queries,neq,120,325,-0.40543191391251815,-0.4646690657307629,-0.3461947620942734,True,6.018531076210112e-36,1.145596260023442e-34
esm2_frozen_bilstm_attn,validation,-1,combined,all_eligible_queries,nonlocal_contact_path_exists,120,325,0.002135969952497843,-0.008257150106994309,0.012529090011989994,True,0.004180908203125,0.011520106463186356
esm2_frozen_bilstm_attn,validation,-1,combined,all_eligible_queries,normalized_query_position,120,325,-0.0033477633668679914,-0.02136477780533363,0.01466925107159765,True,0.7843281773322767,0.9892212198493909
esm2_frozen_bilstm_attn,validation,-1,combined,all_eligible_queries,one_water_bridge,120,325,0.009855809783993363,-0.002070558226691794,0.02178217779467852,True,0.3603776529357674,0.5950003920853747
esm2_frozen_bilstm_attn,validation,-1,combined,all_eligible_queries,ordinary_contact_path_exists,120,325,0.0,0.0,0.0,True,1.0,1.0
esm2_frozen_bilstm_attn,validation,-1,combined,all_eligible_queries,query_distance_to_band_domain_boundary_sequence,120,319,0.47052941555489125,-2.0342797579310177,2.9753385890408004,True,0.522990983889995,0.7637545883918123
esm2_frozen_bilstm_attn,validation,-1,combined,all_eligible_queries,query_distance_to_community_boundary_edges,120,324,-0.2835034666105906,-0.3538032253350238,-0.21320370788615745,True,2.6899026850690616e-09,1.4897922563459416e-08
esm2_frozen_bilstm_attn,validation,-1,combined,all_eligible_queries,query_distance_to_ecod_boundary_sequence,120,325,-0.24236602892583387,-2.65250702095126,2.167774963099592,True,0.6482600518210047,0.8879323675920893
esm2_frozen_bilstm_attn,validation,-1,combined,all_eligible_queries,query_in_any_band,120,325,0.5437350770848691,0.4845528897395471,0.6029172644301912,True,9.022943270855311e-29,1.2770935091056747e-27
esm2_frozen_bilstm_attn,validation,-1,combined,all_eligible_queries,query_to_band_contact_count,120,325,0.5065354690428846,0.40058379195938526,0.6124871461263839,True,6.61789839683711e-24,6.723459966357211e-23
esm2_frozen_bilstm_attn,validation,-1,combined,all_eligible_queries,query_to_band_contact_fraction,120,325,0.09741436040928014,0.07771753392798278,0.1171111868905775,True,6.61789839683711e-24,6.723459966357211e-23
esm2_frozen_bilstm_attn,validation,-1,combined,all_eligible_queries,query_water_contact_count,120,325,-0.2880666239780326,-0.3736581900346419,-0.20247505792142334,True,1.341699446247938e-10,8.108957237177319e-10
esm2_frozen_bilstm_attn,validation,-1,combined,all_eligible_queries,reachable_query_water_entry_count,120,325,0.01572739883393749,-0.0011233379376589248,0.0325781356055339,True,0.8938530948350216,1.0
esm2_frozen_bilstm_attn,validation,-1,combined,all_eligible_queries,relative_backbone_orientation_cosine,120,325,0.004843282635895303,-0.04675874035450686,0.05644530562629747,True,0.7843281773322767,0.9892212198493909
esm2_frozen_bilstm_attn,validation,-1,combined,all_eligible_queries,rsa,120,325,-0.14773903215622594,-0.16607379808100664,-0.12940426623144524,True,1.359588135271585e-24,1.4910450013309567e-23
esm2_frozen_bilstm_attn,validation,-1,combined,all_eligible_queries,same_community_as_band_apex,120,325,0.055753271829850584,0.018705785661854525,0.09280075799784665,True,0.002440008379349039,0.007002866336571939
esm2_frozen_bilstm_attn,validation,-1,combined,all_eligible_queries,same_community_as_band_majority,115,293,0.051852172497490245,0.010274939310669196,0.0934294056843113,True,0.012920451911126197,0.03169783191568047
esm2_frozen_bilstm_attn,validation,-1,combined,all_eligible_queries,same_ecod_domain_as_band_apex,120,319,0.0026268701299752323,-0.013789284841592624,0.019043025101543088,True,0.5758493477318467,0.818075532969703
esm2_frozen_bilstm_attn,validation,-1,combined,all_eligible_queries,shared_water_count,120,325,0.011889227991710159,-0.001126464113713782,0.0249049200971341,True,0.3603776529357674,0.5950003920853747
esm2_frozen_bilstm_attn,validation,-1,combined,all_eligible_queries,shared_water_fraction_of_band_contacts,120,325,0.004320740113071544,-0.0006161607422893317,0.00925764096843242,True,0.3603776529357674,0.5950003920853747
esm2_frozen_bilstm_attn,validation,-1,combined,all_eligible_queries,shared_water_fraction_of_query_contacts,120,325,0.008964193216340233,-0.0020355657120985273,0.019963952144778994,True,0.2220528201560228,0.4018792023807363
esm2_frozen_bilstm_attn,validation,-1,combined,all_eligible_queries,shares_any_ecod_domain_with_band,120,319,0.002472549151519158,-0.013925744769854207,0.018870843072892524,True,0.5758493477318467,0.818075532969703
esm2_frozen_bilstm_attn,validation,-1,combined,all_eligible_queries,shortest_nonlocal_contact_path_edges,119,322,-0.479095647547701,-0.5987178391714962,-0.3594734559239058,True,1.991875405620296e-12,1.2935473222381217e-11
esm2_frozen_bilstm_attn,validation,-1,combined,all_eligible_queries,shortest_ordinary_contact_path_edges,120,325,-0.4728852242398251,-0.594598413523162,-0.35117203495648813,True,8.443958194827311e-11,5.17896102616075e-10
esm2_frozen_bilstm_attn,validation,-1,combined,all_eligible_queries,torsion_change_from_previous,120,325,-41.7966564356361,-46.701600522011695,-36.89171234926051,True,1.2793397411072627e-29,1.9086365867329974e-28
esm2_frozen_bilstm_attn,validation,-1,combined,all_eligible_queries,water_path_at_most_1,120,325,0.009855809783993363,-0.002070558226691794,0.02178217779467852,True,0.3603776529357674,0.5950003920853747
esm2_frozen_bilstm_attn,validation,-1,combined,all_eligible_queries,water_path_at_most_2,120,325,0.01163935337944541,-0.0015480625210394436,0.024826769279930265,True,0.6834892282353371,0.918716040550096
esm2_frozen_bilstm_attn,validation,-1,combined,all_eligible_queries,water_path_at_most_3,120,325,0.01171892009222982,-0.0015228704595107653,0.024960710643970405,True,0.6888797607233395,0.9237694998566143
esm2_frozen_bilstm_attn,validation,-1,combined,all_eligible_queries,water_path_exists,120,325,0.012095077519902115,-0.0013382957545398574,0.025528450794344088,True,0.8938530948350216,1.0
esm2_frozen_bilstm_attn,validation,-1,combined,all_eligible_queries,water_path_without_direct_ca_contact,120,325,0.0007374285834076038,-0.0038762025934004902,0.005351059760215698,True,0.20048842206597334,0.3730436257766875
esm2_frozen_bilstm_attn,validation,-1,combined,all_eligible_queries,water_path_without_direct_polar_contact,120,325,0.001995650995481677,-0.0031285922523815422,0.007119894243344896,True,0.7492586247608418,0.9685966296674113
esm2_frozen_bilstm_attn,validation,-1,combined,sequence_distal_ge21,absolute_backbone_orientation_cosine,116,317,0.006445755986634439,-0.01635774544239731,0.029249257415666186,True,0.9260777633148564,1.0
esm2_frozen_bilstm_attn,validation,-1,combined,sequence_distal_ge21,absolute_sequence_separation,116,317,0.6471142846052206,-2.4577588305397575,3.7519873997501985,True,0.9260777633148564,1.0
esm2_frozen_bilstm_attn,validation,-1,combined,sequence_distal_ge21,band_water_contact_count,116,317,0.0,0.0,0.0,True,1.0,1.0
esm2_frozen_bilstm_attn,validation,-1,combined,sequence_distal_ge21,direct_ca_contact,116,317,0.08009205250413327,0.05466267921788692,0.10552142579037962,True,1.2385312683552131e-11,7.828273970977989e-11
esm2_frozen_bilstm_attn,validation,-1,combined,sequence_distal_ge21,direct_putative_polar_contact,116,317,-0.004803030095622605,-0.01953535279304308,0.00992929260179787,True,0.2558750795433298,0.4498186111717135
esm2_frozen_bilstm_attn,validation,-1,combined,sequence_distal_ge21,direct_putative_polar_contact_count,116,317,-0.004818994335843719,-0.01955154226899928,0.009913553597311843,True,0.2558750795433298,0.4498186111717135
esm2_frozen_bilstm_attn,validation,-1,combined,sequence_distal_ge21,disorder,116,317,-0.015830913482887194,-0.024021489575539165,-0.007640337390235225,True,1.1979893557656218e-24,1.3225802487652464e-23
esm2_frozen_bilstm_attn,validation,-1,combined,sequence_distal_ge21,mean_query_contact_water_degree,108,298,0.06984605886948801,0.003553291126310032,0.136138826612666,True,0.08862608011406767,0.1823165076632249
esm2_frozen_bilstm_attn,validation,-1,combined,sequence_distal_ge21,minimum_ca_distance_angstrom,116,317,-3.171453767851786,-3.843529084474036,-2.4993784512295356,True,8.656167708687345e-12,5.556051831622575e-11
esm2_frozen_bilstm_attn,validation,-1,combined,sequence_distal_ge21,minimum_heavy_atom_distance_angstrom,116,317,-2.9564140330149815,-3.6083888935730997,-2.3044391724568634,True,1.972638273199072e-12,1.2860980237864816e-11
esm2_frozen_bilstm_attn,validation,-1,combined,sequence_distal_ge21,minimum_polar_atom_distance_angstrom,116,317,-2.7173561371002424,-3.357830078009247,-2.076882196191238,True,6.438995104259033e-09,3.4846326446578293e-08
esm2_frozen_bilstm_attn,validation,-1,combined,sequence_distal_ge21,neq,116,317,-0.4042629329393777,-0.463018544092237,-0.3455073217865184,True,4.81482486096809e-35,8.95882019074512e-34
esm2_frozen_bilstm_attn,validation,-1,combined,sequence_distal_ge21,nonlocal_contact_path_exists,116,317,0.004743539942627269,-0.005164531384355783,0.014651611269610322,True,0.0009765625,0.003028441011235955
esm2_frozen_bilstm_attn,validation,-1,combined,sequence_distal_ge21,normalized_query_position,116,317,-0.003661839485143463,-0.024671929568693664,0.017348250598406736,True,0.7807391284762693,0.9861967938647611
esm2_frozen_bilstm_attn,validation,-1,combined,sequence_distal_ge21,one_water_bridge,116,317,-6.265573899506522e-05,-0.003836173958889192,0.0037108624808990616,True,0.5412561893463135,0.7821293626156153
esm2_frozen_bilstm_attn,validation,-1,combined,sequence_distal_ge21,ordinary_contact_path_exists,116,317,0.0,0.0,0.0,True,1.0,1.0
esm2_frozen_bilstm_attn,validation,-1,combined,sequence_distal_ge21,query_distance_to_band_domain_boundary_sequence,116,311,0.4922907131548194,-2.4671345729626353,3.451715999272274,True,0.22727494633160844,0.4104332727646059
esm2_frozen_bilstm_attn,validation,-1,combined,sequence_distal_ge21,query_distance_to_community_boundary_edges,115,316,-0.3180700790577969,-0.3999950342065799,-0.2361451239090139,True,7.343651912124567e-08,3.4945653926661733e-07
esm2_frozen_bilstm_attn,validation,-1,combined,sequence_distal_ge21,query_distance_to_ecod_boundary_sequence,116,317,-0.5514789440247552,-3.265106830419992,2.162148942370482,True,0.5159130749957949,0.7560637630026871
esm2_frozen_bilstm_attn,validation,-1,combined,sequence_distal_ge21,query_in_any_band,116,317,0.6325071562428262,0.5707497869430448,0.6942645255426075,True,3.4322462843599494e-26,4.148759012335822e-25
esm2_frozen_bilstm_attn,validation,-1,combined,sequence_distal_ge21,query_to_band_contact_count,116,317,0.13993096885276593,0.064003611287755,0.21585832641777686,True,1.2385312683552131e-11,7.828273970977989e-11
esm2_frozen_bilstm_attn,validation,-1,combined,sequence_distal_ge21,query_to_band_contact_fraction,116,317,0.0219180458064689,0.012303691068947653,0.03153240054399015,True,1.2385312683552131e-11,7.828273970977989e-11
esm2_frozen_bilstm_attn,validation,-1,combined,sequence_distal_ge21,query_water_contact_count,116,317,-0.29639637867642793,-0.37563976339077954,-0.21715299396207632,True,7.050723457788823e-13,4.689155841806543e-12
esm2_frozen_bilstm_attn,validation,-1,combined,sequence_distal_ge21,reachable_query_water_entry_count,116,317,0.003073656302156746,-0.005797784086258172,0.011945096690571665,True,0.7428293587290682,0.9610354828557319
esm2_frozen_bilstm_attn,validation,-1,combined,sequence_distal_ge21,relative_backbone_orientation_cosine,116,317,0.004646277768087799,-0.04930357582430436,0.05859613136047996,True,0.9260777633148564,1.0
esm2_frozen_bilstm_attn,validation,-1,combined,sequence_distal_ge21,rsa,116,317,-0.14301814815423583,-0.16095193973766253,-0.12508435657080913,True,1.1979893557656218e-24,1.3225802487652464e-23
esm2_frozen_bilstm_attn,validation,-1,combined,sequence_distal_ge21,same_community_as_band_apex,116,317,0.04901095578477823,0.01161638738294428,0.08640552418661218,True,0.0017899303914868528,0.005293079871968265
esm2_frozen_bilstm_attn,validation,-1,combined,sequence_distal_ge21,same_community_as_band_majority,112,286,0.05798430177767215,0.019622011177109933,0.09634659237823437,True,0.0019243477775263038,0.005650212623375105
esm2_frozen_bilstm_attn,validation,-1,combined,sequence_distal_ge21,same_ecod_domain_as_band_apex,116,311,0.0018357026468978762,-0.018572753770143256,0.02224415906393901,True,1.0,1.0
esm2_frozen_bilstm_attn,validation,-1,combined,sequence_distal_ge21,shared_water_count,116,317,0.0005782805496307365,-0.003940460118235284,0.005097021217496757,True,0.5412561893463135,0.7821293626156153
esm2_frozen_bilstm_attn,validation,-1,combined,sequence_distal_ge21,shared_water_fraction_of_band_contacts,116,317,0.00026026945994303536,-0.0006640221922426433,0.001184561112128714,True,0.5412561893463135,0.7821293626156153
esm2_frozen_bilstm_attn,validation,-1,combined,sequence_distal_ge21,shared_water_fraction_of_query_contacts,116,317,0.0003078208258808835,-0.0021498519872517837,0.002765493639013551,True,0.5412561893463135,0.7821293626156153
esm2_frozen_bilstm_attn,validation,-1,combined,sequence_distal_ge21,shares_any_ecod_domain_with_band,116,311,0.0016760602553915927,-0.01871679627139078,0.022068916782173965,True,1.0,1.0
esm2_frozen_bilstm_attn,validation,-1,combined,sequence_distal_ge21,shortest_nonlocal_contact_path_edges,115,315,-0.592881045102086,-0.7389758823116801,-0.4467862078924918,True,2.2576566137993826e-10,1.349703737347212e-09
esm2_frozen_bilstm_attn,validation,-1,combined,sequence_distal_ge21,shortest_ordinary_contact_path_edges,116,317,-0.6047881930438495,-0.7480144640449257,-0.46156192204277324,True,6.438995104259033e-09,3.4846326446578293e-08
esm2_frozen_bilstm_attn,validation,-1,combined,sequence_distal_ge21,torsion_change_from_previous,116,317,-39.51383862243475,-44.28141238091162,-34.746264863957876,True,6.265218627961812e-30,9.432001861731601e-29
esm2_frozen_bilstm_attn,validation,-1,combined,sequence_distal_ge21,water_path_at_most_1,116,317,-6.265573899506522e-05,-0.003836173958889192,0.0037108624808990616,True,0.5412561893463135,0.7821293626156153
esm2_frozen_bilstm_attn,validation,-1,combined,sequence_distal_ge21,water_path_at_most_2,116,317,0.0010858973822674724,-0.0037566057321339634,0.005928400496668909,True,1.0,1.0
esm2_frozen_bilstm_attn,validation,-1,combined,sequence_distal_ge21,water_path_at_most_3,116,317,0.0010212300735965242,-0.0041966717615579,0.006239131908750949,True,0.8679394004284404,1.0
esm2_frozen_bilstm_attn,validation,-1,combined,sequence_distal_ge21,water_path_exists,116,317,0.0016797549987747633,-0.004091515054112087,0.0074510250516616125,True,0.7428293587290682,0.9610354828557319
esm2_frozen_bilstm_attn,validation,-1,combined,sequence_distal_ge21,water_path_without_direct_ca_contact,116,317,-0.0008509318708897302,-0.005313213400058263,0.003611349658278803,True,0.1849333420395851,0.34643621540447167
esm2_frozen_bilstm_attn,validation,-1,combined,sequence_distal_ge21,water_path_without_direct_polar_contact,116,317,0.002291271997247146,-0.0034394353519214913,0.008021979346415783,True,1.0,1.0
esm2_frozen_bilstm_attn,validation,-1,combined,sequence_distal_ge21_no_direct_ca,absolute_backbone_orientation_cosine,114,315,0.0021438769751340766,-0.02184883431354734,0.026136588263815493,True,0.39937318688053813,0.6408546487152822
esm2_frozen_bilstm_attn,validation,-1,combined,sequence_distal_ge21_no_direct_ca,absolute_sequence_separation,114,315,0.7388707949181305,-2.412164300540657,3.8899058903769177,True,0.7788760920027011,0.9861967938647611
esm2_frozen_bilstm_attn,validation,-1,combined,sequence_distal_ge21_no_direct_ca,band_water_contact_count,114,315,0.0,0.0,0.0,True,1.0,1.0
esm2_frozen_bilstm_attn,validation,-1,combined,sequence_distal_ge21_no_direct_ca,direct_ca_contact,114,315,0.0,0.0,0.0,True,1.0,1.0
esm2_frozen_bilstm_attn,validation,-1,combined,sequence_distal_ge21_no_direct_ca,direct_putative_polar_contact,114,315,-0.0017106776217538646,-0.004423664419209162,0.0010023091757014326,True,0.1670684814453125,0.3196471899057289
esm2_frozen_bilstm_attn,validation,-1,combined,sequence_distal_ge21_no_direct_ca,direct_putative_polar_contact_count,114,315,-0.0017106776217538646,-0.004423664419209162,0.0010023091757014326,True,0.1670684814453125,0.3196471899057289
esm2_frozen_bilstm_attn,validation,-1,combined,sequence_distal_ge21_no_direct_ca,disorder,114,315,-0.020133188109328765,-0.025927215729476503,-0.014339160489181026,True,1.480300261986349e-26,1.8571039650374196e-25
esm2_frozen_bilstm_attn,validation,-1,combined,sequence_distal_ge21_no_direct_ca,mean_query_contact_water_degree,108,296,0.07359490969592267,0.007995455367109938,0.1391943640247354,True,0.02097873567785172,0.049771900118227005
esm2_frozen_bilstm_attn,validation,-1,combined,sequence_distal_ge21_no_direct_ca,minimum_ca_distance_angstrom,114,315,-2.8446778919762536,-3.5203467639020025,-2.1690090200505048,True,2.283186349936991e-11,1.43218052859684e-10
esm2_frozen_bilstm_attn,validation,-1,combined,sequence_distal_ge21_no_direct_ca,minimum_heavy_atom_distance_angstrom,114,315,-2.680744550512615,-3.337317599506776,-2.024171501518454,True,3.5862160099959136e-10,2.0837802500186782e-09
esm2_frozen_bilstm_attn,validation,-1,combined,sequence_distal_ge21_no_direct_ca,minimum_polar_atom_distance_angstrom,114,315,-2.48942130123032,-3.132051406899502,-1.846791195561138,True,1.5261651463770288e-08,7.922662954233102e-08
esm2_frozen_bilstm_attn,validation,-1,combined,sequence_distal_ge21_no_direct_ca,neq,114,315,-0.3964108117533764,-0.4564646109465013,-0.33635701256025147,True,1.925929944387236e-34,3.4666738998970245e-33
esm2_frozen_bilstm_attn,validation,-1,combined,sequence_distal_ge21_no_direct_ca,nonlocal_contact_path_exists,114,315,0.004577020497225476,-0.005473458113585923,0.014627499108036877,True,0.0009765625,0.003028441011235955
esm2_frozen_bilstm_attn,validation,-1,combined,sequence_distal_ge21_no_direct_ca,normalized_query_position,114,315,0.0013024946155718304,-0.02022648240530949,0.022831471636453153,True,0.9254349612567242,1.0
esm2_frozen_bilstm_attn,validation,-1,combined,sequence_distal_ge21_no_direct_ca,one_water_bridge,114,315,-7.453130058107709e-05,-0.003570553506105122,0.003421490904942968,True,0.454498291015625,0.7046835198262684
esm2_frozen_bilstm_attn,validation,-1,combined,sequence_distal_ge21_no_direct_ca,ordinary_contact_path_exists,114,315,0.0,0.0,0.0,True,1.0,1.0
esm2_frozen_bilstm_attn,validation,-1,combined,sequence_distal_ge21_no_direct_ca,query_distance_to_band_domain_boundary_sequence,114,309,1.1230770073272962,-1.976858820190208,4.2230128348448,True,0.7788760920027011,0.9861967938647611
esm2_frozen_bilstm_attn,validation,-1,combined,sequence_distal_ge21_no_direct_ca,query_distance_to_community_boundary_edges,113,314,-0.30274222204271994,-0.38623846064193545,-0.2192459834435044,True,2.519412514630622e-07,1.130663177297645e-06
esm2_frozen_bilstm_attn,validation,-1,combined,sequence_distal_ge21_no_direct_ca,query_distance_to_ecod_boundary_sequence,114,315,-0.22862285645650104,-3.035473394462507,2.5782276815495053,True,0.9254349612567242,1.0
esm2_frozen_bilstm_attn,validation,-1,combined,sequence_distal_ge21_no_direct_ca,query_in_any_band,114,315,0.6457793646186847,0.5843139701953589,0.7072447590420105,True,4.895670777801599e-27,6.383646305542873e-26
esm2_frozen_bilstm_attn,validation,-1,combined,sequence_distal_ge21_no_direct_ca,query_to_band_contact_count,114,315,0.0,0.0,0.0,True,1.0,1.0
esm2_frozen_bilstm_attn,validation,-1,combined,sequence_distal_ge21_no_direct_ca,query_to_band_contact_fraction,114,315,0.0,0.0,0.0,True,1.0,1.0
esm2_frozen_bilstm_attn,validation,-1,combined,sequence_distal_ge21_no_direct_ca,query_water_contact_count,114,315,-0.26216136881022445,-0.34246990713005904,-0.18185283049038986,True,1.100922308456013e-08,5.824687996176222e-08
esm2_frozen_bilstm_attn,validation,-1,combined,sequence_distal_ge21_no_direct_ca,reachable_query_water_entry_count,114,315,0.0008824380078625084,-0.0073893351316980365,0.009154211147423054,True,0.1849333420395851,0.34643621540447167
esm2_frozen_bilstm_attn,validation,-1,combined,sequence_distal_ge21_no_direct_ca,relative_backbone_orientation_cosine,114,315,-0.0032308591125790797,-0.060633115270690055,0.054171397045531894,True,0.9254349612567242,1.0
esm2_frozen_bilstm_attn,validation,-1,combined,sequence_distal_ge21_no_direct_ca,rsa,114,315,-0.1329495259608882,-0.15192794460396844,-0.11397110731780793,True,4.2339171301163674e-24,4.437573903463737e-23
esm2_frozen_bilstm_attn,validation,-1,combined,sequence_distal_ge21_no_direct_ca,same_community_as_band_apex,114,315,0.038016223230141664,0.002172549880060784,0.07385989658022254,True,0.14617702864715262,0.283453348290029
esm2_frozen_bilstm_attn,validation,-1,combined,sequence_distal_ge21_no_direct_ca,same_community_as_band_majority,111,285,0.04355571877369016,0.008543750750908428,0.07856768679647189,True,0.0354495948795191,0.07943779312650018
esm2_frozen_bilstm_attn,validation,-1,combined,sequence_distal_ge21_no_direct_ca,same_ecod_domain_as_band_apex,114,309,-0.0021613644347045044,-0.023272538686030086,0.018949809816621078,True,0.7797679305530743,0.9861967938647611
esm2_frozen_bilstm_attn,validation,-1,combined,sequence_distal_ge21_no_direct_ca,shared_water_count,114,315,0.0006377194327567106,-0.00367043742682019,0.004945876292333611,True,0.454498291015625,0.7046835198262684
esm2_frozen_bilstm_attn,validation,-1,combined,sequence_distal_ge21_no_direct_ca,shared_water_fraction_of_band_contacts,114,315,0.00016858057120962573,-0.0005753130432389749,0.0009124741856582263,True,0.454498291015625,0.7046835198262684
esm2_frozen_bilstm_attn,validation,-1,combined,sequence_distal_ge21_no_direct_ca,shared_water_fraction_of_query_contacts,114,315,0.00025287300979926755,-0.0017334009322343335,0.0022391469518328686,True,0.454498291015625,0.7046835198262684
esm2_frozen_bilstm_attn,validation,-1,combined,sequence_distal_ge21_no_direct_ca,shares_any_ecod_domain_with_band,114,309,-0.0020221274616614307,-0.023143096911500363,0.019098841988177503,True,0.7797679305530743,0.9861967938647611
esm2_frozen_bilstm_attn,validation,-1,combined,sequence_distal_ge21_no_direct_ca,shortest_nonlocal_contact_path_edges,113,313,-0.46111154497917295,-0.6025486445131542,-0.31967444544519175,True,1.1106999545541781e-07,5.225338422561702e-07
esm2_frozen_bilstm_attn,validation,-1,combined,sequence_distal_ge21_no_direct_ca,shortest_ordinary_contact_path_edges,114,315,-0.50414944989822,-0.6436884312793836,-0.3646104685170563,True,6.306715100830909e-07,2.748400054467364e-06
esm2_frozen_bilstm_attn,validation,-1,combined,sequence_distal_ge21_no_direct_ca,torsion_change_from_previous,114,315,-39.45705491788412,-44.272317111571816,-34.64179272419643,True,2.3787160743126753e-29,3.4859768310281333e-28
esm2_frozen_bilstm_attn,validation,-1,combined,sequence_distal_ge21_no_direct_ca,water_path_at_most_1,114,315,-7.453130058107709e-05,-0.003570553506105122,0.003421490904942968,True,0.454498291015625,0.7046835198262684
esm2_frozen_bilstm_attn,validation,-1,combined,sequence_distal_ge21_no_direct_ca,water_path_at_most_2,114,315,-0.0007182503545480921,-0.004441901211969931,0.0030054005028737466,True,0.42435622215270996,0.671188064837524
esm2_frozen_bilstm_attn,validation,-1,combined,sequence_distal_ge21_no_direct_ca,water_path_at_most_3,114,315,-0.0012015007102882185,-0.005047180668931695,0.002644179248355258,True,0.24778856337070465,0.44027667483035077
esm2_frozen_bilstm_attn,validation,-1,combined,sequence_distal_ge21_no_direct_ca,water_path_exists,114,315,-0.0005350060207005183,-0.005138671257995523,0.004068659216594488,True,0.1849333420395851,0.34643621540447167
esm2_frozen_bilstm_attn,validation,-1,combined,sequence_distal_ge21_no_direct_ca,water_path_without_direct_ca_contact,114,315,-0.0005350060207005183,-0.005138671257995523,0.004068659216594488,True,0.1849333420395851,0.34643621540447167
esm2_frozen_bilstm_attn,validation,-1,combined,sequence_distal_ge21_no_direct_ca,water_path_without_direct_polar_contact,114,315,-0.0003838432709232815,-0.004978471269026255,0.004210784727179693,True,0.24778856337070465,0.44027667483035077
esm2_frozen_bilstm_attn,validation,-1,evidence_dominated,all_eligible_queries,absolute_backbone_orientation_cosine,129,341,-0.005275804171638519,-0.026185723931972785,0.01563411558869575,True,0.5974849993058741,0.8419020200987948
esm2_frozen_bilstm_attn,validation,-1,evidence_dominated,all_eligible_queries,absolute_sequence_separation,129,341,0.8867142470363827,-1.4143179272825266,3.1877464213552917,True,0.290687854780737,0.49780670891096224
esm2_frozen_bilstm_attn,validation,-1,evidence_dominated,all_eligible_queries,band_water_contact_count,129,341,0.0,0.0,0.0,True,1.0,1.0
esm2_frozen_bilstm_attn,validation,-1,evidence_dominated,all_eligible_queries,direct_ca_contact,129,341,0.04404163849204426,0.021181646518982904,0.06690163046510561,True,0.00015323388084216913,0.0005410560909906867
esm2_frozen_bilstm_attn,validation,-1,evidence_dominated,all_eligible_queries,direct_putative_polar_contact,129,341,0.018738467695259695,0.0064140188248071935,0.031062916565712195,True,0.5044037600228255,0.7451316918802845
esm2_frozen_bilstm_attn,validation,-1,evidence_dominated,all_eligible_queries,direct_putative_polar_contact_count,129,341,0.0807871541600617,0.04372193370108598,0.11785237461903741,True,0.009853448195259268,0.02457426236648998
esm2_frozen_bilstm_attn,validation,-1,evidence_dominated,all_eligible_queries,disorder,129,341,0.005243186132333606,-0.007242543130262274,0.017728915394929486,True,2.667293660294377e-15,1.9372975006348634e-14
esm2_frozen_bilstm_attn,validation,-1,evidence_dominated,all_eligible_queries,mean_query_contact_water_degree,116,320,0.027875579711379373,-0.03210040126509116,0.0878515606878499,True,0.17564027334487992,0.332792096863983
esm2_frozen_bilstm_attn,validation,-1,evidence_dominated,all_eligible_queries,minimum_ca_distance_angstrom,129,341,-1.5182774787377364,-2.1468649012737533,-0.8896900562017197,True,7.340990314237488e-08,3.4945653926661733e-07
esm2_frozen_bilstm_attn,validation,-1,evidence_dominated,all_eligible_queries,minimum_heavy_atom_distance_angstrom,129,341,-1.4752655175586629,-2.0762600841241015,-0.8742709509932244,True,2.547560886850772e-08,1.290140926184978e-07
esm2_frozen_bilstm_attn,validation,-1,evidence_dominated,all_eligible_queries,minimum_polar_atom_distance_angstrom,129,341,-1.084052042270337,-1.7028127432789386,-0.46529134126173555,True,1.9141845929673903e-05,7.371836478962787e-05
esm2_frozen_bilstm_attn,validation,-1,evidence_dominated,all_eligible_queries,neq,129,341,-0.38076363602447744,-0.4316106511036236,-0.32991662094533125,True,5.877471754111438e-39,1.2640380811439663e-37
esm2_frozen_bilstm_attn,validation,-1,evidence_dominated,all_eligible_queries,nonlocal_contact_path_exists,129,341,0.00894015985480882,-0.001091965465632335,0.018972285175249976,True,6.604194641113281e-05,0.00024089309087408796
esm2_frozen_bilstm_attn,validation,-1,evidence_dominated,all_eligible_queries,normalized_query_position,129,341,-0.006272503845600275,-0.02805024676608847,0.01550523907488792,True,0.3786876626931184,0.6190590023887502
esm2_frozen_bilstm_attn,validation,-1,evidence_dominated,all_eligible_queries,one_water_bridge,129,341,0.0005775191064781915,-0.002483717459862228,0.003638755672818611,True,0.48685024166479707,0.7309374435148721
esm2_frozen_bilstm_attn,validation,-1,evidence_dominated,all_eligible_queries,ordinary_contact_path_exists,129,341,0.0,0.0,0.0,True,1.0,1.0
esm2_frozen_bilstm_attn,validation,-1,evidence_dominated,all_eligible_queries,query_distance_to_band_domain_boundary_sequence,129,339,1.435924762925883,-1.8467806445601487,4.718630170411915,True,0.8603106786164318,1.0
esm2_frozen_bilstm_attn,validation,-1,evidence_dominated,all_eligible_queries,query_distance_to_community_boundary_edges,129,341,-0.2706079444613624,-0.35216323846678965,-0.18905265045593514,True,2.872030486807259e-06,1.1860554828311273e-05
esm2_frozen_bilstm_attn,validation,-1,evidence_dominated,all_eligible_queries,query_distance_to_ecod_boundary_sequence,129,341,-0.5515688802532982,-2.818130105468575,1.7149923449619782,True,0.7248543669717585,0.9492956045050872
esm2_frozen_bilstm_attn,validation,-1,evidence_dominated,all_eligible_queries,query_in_any_band,129,341,0.39865808719337875,0.3304243441721203,0.4668918302146372,True,1.341699446247938e-10,8.108957237177319e-10
esm2_frozen_bilstm_attn,validation,-1,evidence_dominated,all_eligible_queries,query_to_band_contact_count,129,341,0.1373693088438061,0.08413079663287984,0.19060782105473237,True,5.051645602475529e-06,2.0255508759562895e-05
esm2_frozen_bilstm_attn,validation,-1,evidence_dominated,all_eligible_queries,query_to_band_contact_fraction,129,341,0.026348728832116346,0.016004045246608947,0.03669341241762375,True,1.8534768352189496e-06,7.692625661961354e-06
esm2_frozen_bilstm_attn,validation,-1,evidence_dominated,all_eligible_queries,query_water_contact_count,129,341,-0.24382919443654846,-0.3161863501672352,-0.17147203870586175,True,4.728511529699996e-11,2.91093497887851e-10
esm2_frozen_bilstm_attn,validation,-1,evidence_dominated,all_eligible_queries,reachable_query_water_entry_count,129,341,0.0008867015233301573,-0.005919091247154752,0.007692494293815066,True,0.5758493477318467,0.818075532969703
esm2_frozen_bilstm_attn,validation,-1,evidence_dominated,all_eligible_queries,relative_backbone_orientation_cosine,129,341,0.043323124529431434,-0.0036590621287024006,0.09030531118756527,True,0.05232353322391856,0.11223804536115173
esm2_frozen_bilstm_attn,validation,-1,evidence_dominated,all_eligible_queries,rsa,129,341,-0.1312405205977518,-0.1505498974571382,-0.11193114373836538,True,8.548137373828943e-23,8.08898028060613e-22
esm2_frozen_bilstm_attn,validation,-1,evidence_dominated,all_eligible_queries,same_community_as_band_apex,129,341,-0.020519441008641406,-0.05300820395885488,0.011969321941572068,True,0.5792902501877023,0.8220262676185389
esm2_frozen_bilstm_attn,validation,-1,evidence_dominated,all_eligible_queries,same_community_as_band_majority,121,305,-0.034763904063255906,-0.069770243966963,0.00024243584045119393,True,0.13192429082426047,0.2588467128021035
esm2_frozen_bilstm_attn,validation,-1,evidence_dominated,all_eligible_queries,same_ecod_domain_as_band_apex,129,339,-0.004921413947029415,-0.025265834266006874,0.015423006371948041,True,1.0,1.0
esm2_frozen_bilstm_attn,validation,-1,evidence_dominated,all_eligible_queries,shared_water_count,129,341,2.1521832069658826e-05,-0.0034448929147767927,0.0034879365789161104,True,0.48685024166479707,0.7309374435148721
esm2_frozen_bilstm_attn,validation,-1,evidence_dominated,all_eligible_queries,shared_water_fraction_of_band_contacts,129,341,-0.00017477319633347595,-0.0017146975138117488,0.0013651511211447969,True,0.48685024166479707,0.7309374435148721
esm2_frozen_bilstm_attn,validation,-1,evidence_dominated,all_eligible_queries,shared_water_fraction_of_query_contacts,129,341,0.001257990710638569,-0.0009165915451590987,0.0034325729664362366,True,0.48685024166479707,0.7309374435148721
esm2_frozen_bilstm_attn,validation,-1,evidence_dominated,all_eligible_queries,shares_any_ecod_domain_with_band,129,339,-0.004294764980681274,-0.024683650460120294,0.016094120498757743,True,1.0,1.0
esm2_frozen_bilstm_attn,validation,-1,evidence_dominated,all_eligible_queries,shortest_nonlocal_contact_path_edges,129,341,-0.318470065254375,-0.45176033260591897,-0.18517979790283098,True,0.00017009447829625235,0.0005993116086353062
esm2_frozen_bilstm_attn,validation,-1,evidence_dominated,all_eligible_queries,shortest_ordinary_contact_path_edges,129,341,-0.28938976634436875,-0.4143766583008416,-0.16440287438789591,True,4.270200183798431e-05,0.00015962644479390975
esm2_frozen_bilstm_attn,validation,-1,evidence_dominated,all_eligible_queries,torsion_change_from_previous,129,341,-37.06847180212229,-41.55648216089592,-32.58046144334866,True,3.340539241823565e-32,5.477161370752301e-31
esm2_frozen_bilstm_attn,validation,-1,evidence_dominated,all_eligible_queries,water_path_at_most_1,129,341,0.0005775191064781915,-0.002483717459862228,0.003638755672818611,True,0.48685024166479707,0.7309374435148721
esm2_frozen_bilstm_attn,validation,-1,evidence_dominated,all_eligible_queries,water_path_at_most_2,129,341,-0.00062477769401075,-0.004799608451617675,0.0035500530635961753,True,0.38169339766321275,0.6219830610665619
esm2_frozen_bilstm_attn,validation,-1,evidence_dominated,all_eligible_queries,water_path_at_most_3,129,341,-0.0003583160198338048,-0.004805213980664917,0.004088581940997308,True,0.47988766169832786,0.7277417287293324
esm2_frozen_bilstm_attn,validation,-1,evidence_dominated,all_eligible_queries,water_path_exists,129,341,0.0015036702557359922,-0.004436010311290128,0.007443350822762113,True,0.5758493477318467,0.818075532969703
esm2_frozen_bilstm_attn,validation,-1,evidence_dominated,all_eligible_queries,water_path_without_direct_ca_contact,129,341,-0.0017029132552106414,-0.004300784690551766,0.0008949581801304836,True,0.175465248990804,0.332792096863983
esm2_frozen_bilstm_attn,validation,-1,evidence_dominated,all_eligible_queries,water_path_without_direct_polar_contact,129,341,0.0007249230318600566,-0.0046567383397739985,0.006106584403494112,True,1.0,1.0
esm2_frozen_bilstm_attn,validation,-1,evidence_dominated,sequence_distal_ge21,absolute_backbone_orientation_cosine,127,337,-0.004681203373213231,-0.02754159129083017,0.01817918454440371,True,0.2869146072030986,0.49389874171344206
esm2_frozen_bilstm_attn,validation,-1,evidence_dominated,sequence_distal_ge21,absolute_sequence_separation,127,337,1.023403956804321,-1.6700638539811774,3.7168717675898195,True,0.8592278156599691,1.0
esm2_frozen_bilstm_attn,validation,-1,evidence_dominated,sequence_distal_ge21,band_water_contact_count,127,337,0.0,0.0,0.0,True,1.0,1.0
esm2_frozen_bilstm_attn,validation,-1,evidence_dominated,sequence_distal_ge21,direct_ca_contact,127,337,0.03991766213454589,0.01708379519361291,0.06275152907547887,True,3.114061659106967e-05,0.00011854910591910661
esm2_frozen_bilstm_attn,validation,-1,evidence_dominated,sequence_distal_ge21,direct_putative_polar_contact,127,337,0.0011403316452618993,-0.006286296752894705,0.008566960043418503,True,0.08842954698775429,0.182138469915076
esm2_frozen_bilstm_attn,validation,-1,evidence_dominated,sequence_distal_ge21,direct_putative_polar_contact_count,127,337,0.0017155664397671333,-0.006731808527211701,0.010162941406745968,True,0.08842954698775429,0.182138469915076
esm2_frozen_bilstm_attn,validation,-1,evidence_dominated,sequence_distal_ge21,disorder,127,337,0.008179311856023209,-0.006490050890518219,0.022848674602564636,True,3.66344640232477e-14,2.581560528616944e-13
esm2_frozen_bilstm_attn,validation,-1,evidence_dominated,sequence_distal_ge21,mean_query_contact_water_degree,111,312,0.021161082165161674,-0.042546093484395864,0.08486825781471921,True,0.4306890663081313,0.679905713828661
esm2_frozen_bilstm_attn,validation,-1,evidence_dominated,sequence_distal_ge21,minimum_ca_distance_angstrom,127,337,-1.8285924520553616,-2.504523097375931,-1.152661806734792,True,1.935609019546314e-08,9.954560671952472e-08
esm2_frozen_bilstm_attn,validation,-1,evidence_dominated,sequence_distal_ge21,minimum_heavy_atom_distance_angstrom,127,337,-1.7641551468041066,-2.411867296305344,-1.1164429973028693,True,5.686281754638146e-08,2.761431843308143e-07
esm2_frozen_bilstm_attn,validation,-1,evidence_dominated,sequence_distal_ge21,minimum_polar_atom_distance_angstrom,127,337,-1.4072669327007807,-2.0738077666573536,-0.7407260987442079,True,4.3609050114827153e-07,1.9054508440673815e-06
esm2_frozen_bilstm_attn,validation,-1,evidence_dominated,sequence_distal_ge21,neq,127,337,-0.37053327837069067,-0.42035537991004346,-0.3207111768313379,True,4.70197740328915e-38,9.381294674514256e-37
esm2_frozen_bilstm_attn,validation,-1,evidence_dominated,sequence_distal_ge21,nonlocal_contact_path_exists,127,337,0.008075572838411966,-0.0018528458004461526,0.018003991477270085,True,0.00022125244140625,0.0007697353843881303
esm2_frozen_bilstm_attn,validation,-1,evidence_dominated,sequence_distal_ge21,normalized_query_position,127,337,0.0007702789718686277,-0.024006119467751125,0.02554667741148838,True,0.2869146072030986,0.49389874171344206
esm2_frozen_bilstm_attn,validation,-1,evidence_dominated,sequence_distal_ge21,one_water_bridge,127,337,-0.0003160968634294676,-0.0026006696777629745,0.001968475950904039,True,1.0,1.0
esm2_frozen_bilstm_attn,validation,-1,evidence_dominated,sequence_distal_ge21,ordinary_contact_path_exists,127,337,0.0,0.0,0.0,True,1.0,1.0
esm2_frozen_bilstm_attn,validation,-1,evidence_dominated,sequence_distal_ge21,query_distance_to_band_domain_boundary_sequence,127,335,0.9751262963093106,-2.5755202993892246,4.525772892007846,True,1.0,1.0
esm2_frozen_bilstm_attn,validation,-1,evidence_dominated,sequence_distal_ge21,query_distance_to_community_boundary_edges,127,337,-0.2618126984491588,-0.34210907265115265,-0.1815163242471649,True,6.356889300912937e-07,2.762994404806253e-06
esm2_frozen_bilstm_attn,validation,-1,evidence_dominated,sequence_distal_ge21,query_distance_to_ecod_boundary_sequence,127,337,-1.1661538283224557,-3.754233594860188,1.4219259382152767,True,0.8592278156599691,1.0
esm2_frozen_bilstm_attn,validation,-1,evidence_dominated,sequence_distal_ge21,query_in_any_band,127,337,0.4066866110163872,0.33932895668726404,0.47404426534551036,True,8.889484446408732e-11,5.432098244742753e-10
esm2_frozen_bilstm_attn,validation,-1,evidence_dominated,sequence_distal_ge21,query_to_band_contact_count,127,337,0.06576305444849433,0.021533979266519357,0.1099921296304693,True,0.0019243477775263038,0.005650212623375105
esm2_frozen_bilstm_attn,validation,-1,evidence_dominated,sequence_distal_ge21,query_to_band_contact_fraction,127,337,0.011654910358843468,0.004204608849230142,0.019105211868456793,True,0.0009246444117719317,0.002883636809593821
esm2_frozen_bilstm_attn,validation,-1,evidence_dominated,sequence_distal_ge21,query_water_contact_count,127,337,-0.27928027969545854,-0.3518885792078827,-0.2066719801830344,True,3.1605245396941386e-11,1.9676047510276292e-10
esm2_frozen_bilstm_attn,validation,-1,evidence_dominated,sequence_distal_ge21,reachable_query_water_entry_count,127,337,-0.0032209039045247227,-0.009211402200789564,0.0027695943917401184,True,0.18392482137699062,0.34643621540447167
esm2_frozen_bilstm_attn,validation,-1,evidence_dominated,sequence_distal_ge21,relative_backbone_orientation_cosine,127,337,0.04970050312997268,-0.005898434747907279,0.10529944100785263,True,0.722787083145786,0.9492956045050872
esm2_frozen_bilstm_attn,validation,-1,evidence_dominated,sequence_distal_ge21,rsa,127,337,-0.12753880332405884,-0.14791139531934763,-0.10716621132877005,True,2.8158175808425007e-22,2.548084105942722e-21
esm2_frozen_bilstm_attn,validation,-1,evidence_dominated,sequence_distal_ge21,same_community_as_band_apex,127,337,-0.020369117381410434,-0.05340551893459511,0.012667284171774245,True,0.26305395754293576,0.45999720558722457
esm2_frozen_bilstm_attn,validation,-1,evidence_dominated,sequence_distal_ge21,same_community_as_band_majority,120,302,-0.020181424841461695,-0.05560401069004858,0.015241161007125192,True,0.21497653774329664,0.3925040204001094
esm2_frozen_bilstm_attn,validation,-1,evidence_dominated,sequence_distal_ge21,same_ecod_domain_as_band_apex,127,335,-0.009216158433832805,-0.030916838105634503,0.012484521237968893,True,0.6718110337653656,0.90817883421669
esm2_frozen_bilstm_attn,validation,-1,evidence_dominated,sequence_distal_ge21,shared_water_count,127,337,-0.0008715963489742309,-0.0036865003135330273,0.0019433076155845658,True,1.0,1.0
esm2_frozen_bilstm_attn,validation,-1,evidence_dominated,sequence_distal_ge21,shared_water_fraction_of_band_contacts,127,337,8.968071730440473e-05,-0.000758732593596427,0.0009380940282052365,True,1.0,1.0
esm2_frozen_bilstm_attn,validation,-1,evidence_dominated,sequence_distal_ge21,shared_water_fraction_of_query_contacts,127,337,0.00023740074295598747,-0.0008200111563134114,0.0012948126422253864,True,1.0,1.0
esm2_frozen_bilstm_attn,validation,-1,evidence_dominated,sequence_distal_ge21,shares_any_ecod_domain_with_band,127,335,-0.008991982900861025,-0.030680414217097357,0.012696448415375308,True,0.6718110337653656,0.90817883421669
esm2_frozen_bilstm_attn,validation,-1,evidence_dominated,sequence_distal_ge21,shortest_nonlocal_contact_path_edges,127,337,-0.3980186466273114,-0.5424976198305993,-0.2535396734240235,True,7.028919966641757e-05,0.0002552607777359375
esm2_frozen_bilstm_attn,validation,-1,evidence_dominated,sequence_distal_ge21,shortest_ordinary_contact_path_edges,127,337,-0.3759396916413131,-0.5113142367008172,-0.240565146581809,True,1.6333804091764795e-05,6.343549668084754e-05
esm2_frozen_bilstm_attn,validation,-1,evidence_dominated,sequence_distal_ge21,torsion_change_from_previous,127,337,-37.25568893194435,-41.96272948002633,-32.548648383862364,True,4.014360227832145e-33,6.783449527846971e-32
esm2_frozen_bilstm_attn,validation,-1,evidence_dominated,sequence_distal_ge21,water_path_at_most_1,127,337,-0.0003160968634294676,-0.0026006696777629745,0.001968475950904039,True,1.0,1.0
esm2_frozen_bilstm_attn,validation,-1,evidence_dominated,sequence_distal_ge21,water_path_at_most_2,127,337,-0.003156869360857235,-0.006279013765506937,-3.4724956207532725e-05,True,0.16414940178310644,0.3149842518572703
esm2_frozen_bilstm_attn,validation,-1,evidence_dominated,sequence_distal_ge21,water_path_at_most_3,127,337,-0.0035642516854640796,-0.0068067976531439485,-0.00032170571778421036,True,0.09614175442061423,0.19702601108621756
esm2_frozen_bilstm_attn,validation,-1,evidence_dominated,sequence_distal_ge21,water_path_exists,127,337,-0.001672942791381372,-0.0068287583475790175,0.0034828727648162734,True,0.18392482137699062,0.34643621540447167
esm2_frozen_bilstm_attn,validation,-1,evidence_dominated,sequence_distal_ge21,water_path_without_direct_ca_contact,127,337,-0.0024880163448969417,-0.004692166575602501,-0.0002838661141913827,True,0.050102459732443094,0.10859904884414368
esm2_frozen_bilstm_attn,validation,-1,evidence_dominated,sequence_distal_ge21,water_path_without_direct_polar_contact,127,337,-0.00018298886223037792,-0.004864760895172273,0.004498783170711518,True,0.34888887944907765,0.5800803055900328
esm2_frozen_bilstm_attn,validation,-1,evidence_dominated,sequence_distal_ge21_no_direct_ca,absolute_backbone_orientation_cosine,126,336,-0.006531368150467316,-0.0299924738571202,0.01692973755618557,True,0.5330527502675584,0.7743292582834006
esm2_frozen_bilstm_attn,validation,-1,evidence_dominated,sequence_distal_ge21_no_direct_ca,absolute_sequence_separation,126,336,0.7927117297306618,-1.7614545623671964,3.34687802182852,True,0.7893959446881431,0.9933432252306724
esm2_frozen_bilstm_attn,validation,-1,evidence_dominated,sequence_distal_ge21_no_direct_ca,band_water_contact_count,126,336,0.0,0.0,0.0,True,1.0,1.0
esm2_frozen_bilstm_attn,validation,-1,evidence_dominated,sequence_distal_ge21_no_direct_ca,direct_ca_contact,126,336,0.0,0.0,0.0,True,1.0,1.0
esm2_frozen_bilstm_attn,validation,-1,evidence_dominated,sequence_distal_ge21_no_direct_ca,direct_putative_polar_contact,126,336,0.0015537517011483405,-0.0027417363502633867,0.005849239752560068,True,0.04138946533203125,0.09114488642266456
esm2_frozen_bilstm_attn,validation,-1,evidence_dominated,sequence_distal_ge21_no_direct_ca,direct_putative_polar_contact_count,126,336,0.0015919079907260611,-0.0027051493030282774,0.0058889652844804,True,0.04138946533203125,0.09114488642266456
esm2_frozen_bilstm_attn,validation,-1,evidence_dominated,sequence_distal_ge21_no_direct_ca,disorder,126,336,0.0004976354708341173,-0.01313945093304582,0.014134721874714056,True,1.2816437724907016e-17,9.917766762825242e-17
esm2_frozen_bilstm_attn,validation,-1,evidence_dominated,sequence_distal_ge21_no_direct_ca,mean_query_contact_water_degree,110,311,0.01721932482005151,-0.04953680918063734,0.08397545882074035,True,0.5507089135982715,0.7944024049814786
esm2_frozen_bilstm_attn,validation,-1,evidence_dominated,sequence_distal_ge21_no_direct_ca,minimum_ca_distance_angstrom,126,336,-1.6560262140534676,-2.344812132122562,-0.9672402959843731,True,2.9101932735465526e-08,1.469292701522284e-07
esm2_frozen_bilstm_attn,validation,-1,evidence_dominated,sequence_distal_ge21_no_direct_ca,minimum_heavy_atom_distance_angstrom,126,336,-1.6197344650710186,-2.284083175406173,-0.9553857547358641,True,9.610247655460737e-09,5.117225118148869e-08
esm2_frozen_bilstm_attn,validation,-1,evidence_dominated,sequence_distal_ge21_no_direct_ca,minimum_polar_atom_distance_angstrom,126,336,-1.298377742892717,-1.9759502500702786,-0.6208052357151554,True,2.364920722052491e-07,1.0688175274998926e-06
esm2_frozen_bilstm_attn,validation,-1,evidence_dominated,sequence_distal_ge21_no_direct_ca,neq,126,336,-0.35983815797134633,-0.40769847303116147,-0.3119778429115312,True,9.4039548065783e-38,1.8321116658463134e-36
esm2_frozen_bilstm_attn,validation,-1,evidence_dominated,sequence_distal_ge21_no_direct_ca,nonlocal_contact_path_exists,126,336,0.008288496043500229,-0.0017361104670783369,0.018313102554078795,True,0.00022125244140625,0.0007697353843881303
esm2_frozen_bilstm_attn,validation,-1,evidence_dominated,sequence_distal_ge21_no_direct_ca,normalized_query_position,126,336,0.0005996319822538908,-0.024759136883696506,0.025958400848204284,True,0.24670624718941742,0.43929628531793036
esm2_frozen_bilstm_attn,validation,-1,evidence_dominated,sequence_distal_ge21_no_direct_ca,one_water_bridge,126,336,-0.0003359814558828635,-0.00182125492161494,0.001149292009849213,True,0.7744140625,0.9857261241352806
esm2_frozen_bilstm_attn,validation,-1,evidence_dominated,sequence_distal_ge21_no_direct_ca,ordinary_contact_path_exists,126,336,0.0,0.0,0.0,True,1.0,1.0
esm2_frozen_bilstm_attn,validation,-1,evidence_dominated,sequence_distal_ge21_no_direct_ca,query_distance_to_band_domain_boundary_sequence,126,334,1.3651725971581214,-2.2988373553798103,5.029182549696053,True,0.6561782216034292,0.8928768570051592
esm2_frozen_bilstm_attn,validation,-1,evidence_dominated,sequence_distal_ge21_no_direct_ca,query_distance_to_community_boundary_edges,126,336,-0.25117702206884324,-0.3338747728120153,-0.16847927132567117,True,5.833040213469515e-06,2.327593877953137e-05
esm2_frozen_bilstm_attn,validation,-1,evidence_dominated,sequence_distal_ge21_no_direct_ca,query_distance_to_ecod_boundary_sequence,126,336,-1.1269722687064672,-3.831227948037746,1.5772834106248115,True,0.9290596866317958,1.0
esm2_frozen_bilstm_attn,validation,-1,evidence_dominated,sequence_distal_ge21_no_direct_ca,query_in_any_band,126,336,0.41307134169850923,0.3435748572632779,0.48256782613374055,True,3.240204200619261e-12,2.0960070922755845e-11
esm2_frozen_bilstm_attn,validation,-1,evidence_dominated,sequence_distal_ge21_no_direct_ca,query_to_band_contact_count,126,336,0.0,0.0,0.0,True,1.0,1.0
esm2_frozen_bilstm_attn,validation,-1,evidence_dominated,sequence_distal_ge21_no_direct_ca,query_to_band_contact_fraction,126,336,0.0,0.0,0.0,True,1.0,1.0
esm2_frozen_bilstm_attn,validation,-1,evidence_dominated,sequence_distal_ge21_no_direct_ca,query_water_contact_count,126,336,-0.25245017077335097,-0.33892614021245193,-0.16597420133425,True,2.912355660156406e-10,1.7163206310387929e-09
esm2_frozen_bilstm_attn,validation,-1,evidence_dominated,sequence_distal_ge21_no_direct_ca,reachable_query_water_entry_count,126,336,-0.0037646201761140467,-0.00698827656096162,-0.0005409637912664736,True,0.11018416518345475,0.21957277682767878
esm2_frozen_bilstm_attn,validation,-1,evidence_dominated,sequence_distal_ge21_no_direct_ca,relative_backbone_orientation_cosine,126,336,0.043127637699098435,-0.011680938370336853,0.09793621376853373,True,0.6561782216034292,0.8928768570051592
esm2_frozen_bilstm_attn,validation,-1,evidence_dominated,sequence_distal_ge21_no_direct_ca,rsa,126,336,-0.12899603887431635,-0.1498501802061054,-0.10814189754252727,True,4.5244713849043795e-21,3.882137105389457e-20
esm2_frozen_bilstm_attn,validation,-1,evidence_dominated,sequence_distal_ge21_no_direct_ca,same_community_as_band_apex,126,336,-0.03787083913475558,-0.0705305024662572,-0.005211175803253969,True,0.027850888125662096,0.06396819796962057
esm2_frozen_bilstm_attn,validation,-1,evidence_dominated,sequence_distal_ge21_no_direct_ca,same_community_as_band_majority,119,301,-0.034730538960676016,-0.06969485983238949,0.0002337819110374631,True,0.023645635749768138,0.05540960714682709
esm2_frozen_bilstm_attn,validation,-1,evidence_dominated,sequence_distal_ge21_no_direct_ca,same_ecod_domain_as_band_apex,126,334,-0.013062889893938391,-0.035415804675594964,0.009290024887718183,True,0.6718110337653656,0.90817883421669
esm2_frozen_bilstm_attn,validation,-1,evidence_dominated,sequence_distal_ge21_no_direct_ca,shared_water_count,126,336,-0.0008857146573188912,-0.003067644665421325,0.0012962153507835423,True,0.7744140625,0.9857261241352806
esm2_frozen_bilstm_attn,validation,-1,evidence_dominated,sequence_distal_ge21_no_direct_ca,shared_water_fraction_of_band_contacts,126,336,0.00021075569207178893,-0.0005567308635140554,0.0009782422476576332,True,0.7744140625,0.9857261241352806
esm2_frozen_bilstm_attn,validation,-1,evidence_dominated,sequence_distal_ge21_no_direct_ca,shared_water_fraction_of_query_contacts,126,336,-6.677825053138573e-05,-0.0007330767099927671,0.0005995202089299956,True,0.7744140625,0.9857261241352806
esm2_frozen_bilstm_attn,validation,-1,evidence_dominated,sequence_distal_ge21_no_direct_ca,shares_any_ecod_domain_with_band,126,334,-0.013386956799686668,-0.03569113931812748,0.008917225718754142,True,0.6718110337653656,0.90817883421669
esm2_frozen_bilstm_attn,validation,-1,evidence_dominated,sequence_distal_ge21_no_direct_ca,shortest_nonlocal_contact_path_edges,126,336,-0.33949697950252533,-0.4845229660881007,-0.19447099291694997,True,6.099636236844483e-05,0.0002249665391584513
esm2_frozen_bilstm_attn,validation,-1,evidence_dominated,sequence_distal_ge21_no_direct_ca,shortest_ordinary_contact_path_edges,126,336,-0.32682083127340755,-0.46229488295272053,-0.19134677959409457,True,1.3863036120401227e-05,5.414431088534064e-05
esm2_frozen_bilstm_attn,validation,-1,evidence_dominated,sequence_distal_ge21_no_direct_ca,torsion_change_from_previous,126,336,-37.757228179156876,-42.52432687903884,-32.99012947927491,True,2.4315399222324126e-31,3.909349622540656e-30
esm2_frozen_bilstm_attn,validation,-1,evidence_dominated,sequence_distal_ge21_no_direct_ca,water_path_at_most_1,126,336,-0.0003359814558828635,-0.00182125492161494,0.001149292009849213,True,0.7744140625,0.9857261241352806
esm2_frozen_bilstm_attn,validation,-1,evidence_dominated,sequence_distal_ge21_no_direct_ca,water_path_at_most_2,126,336,-0.0020488685397743334,-0.00407765513247446,-2.0081947074206737e-05,True,0.1849333420395851,0.34643621540447167
esm2_frozen_bilstm_attn,validation,-1,evidence_dominated,sequence_distal_ge21_no_direct_ca,water_path_at_most_3,126,336,-0.0024516434448555984,-0.004656949602894987,-0.0002463372868162098,True,0.07075554598122835,0.14794341432438654
esm2_frozen_bilstm_attn,validation,-1,evidence_dominated,sequence_distal_ge21_no_direct_ca,water_path_exists,126,336,-0.002521557701674388,-0.004788127454438567,-0.000254987948910209,True,0.11018416518345475,0.21957277682767878
esm2_frozen_bilstm_attn,validation,-1,evidence_dominated,sequence_distal_ge21_no_direct_ca,water_path_without_direct_ca_contact,126,336,-0.002521557701674388,-0.004788127454438567,-0.000254987948910209,True,0.11018416518345475,0.21957277682767878
esm2_frozen_bilstm_attn,validation,-1,evidence_dominated,sequence_distal_ge21_no_direct_ca,water_path_without_direct_polar_contact,126,336,-0.0018973839459809373,-0.004017820835408788,0.00022305294344691332,True,0.26493089646101,0.4618163837257184
esm2_frozen_bilstm_attn,validation,1,combined,all_eligible_queries,absolute_backbone_orientation_cosine,186,733,0.009972833316839914,-0.009727534978482019,0.029673201612161845,True,0.7140111628842962,0.9429046935696926
esm2_frozen_bilstm_attn,validation,1,combined,all_eligible_queries,absolute_sequence_separation,199,813,-4.800316329551502,-6.924618449475743,-2.676014209627261,True,3.1541149499258616e-06,1.2960829670166815e-05
esm2_frozen_bilstm_attn,validation,1,combined,all_eligible_queries,band_water_contact_count,188,738,0.0,0.0,0.0,True,1.0,1.0
esm2_frozen_bilstm_attn,validation,1,combined,all_eligible_queries,direct_ca_contact,188,738,0.01778465333258166,-0.0031443733747234977,0.038713680039886816,True,0.0010647254407627992,0.003271215825423368
esm2_frozen_bilstm_attn,validation,1,combined,all_eligible_queries,direct_putative_polar_contact,188,738,0.04261237043257044,0.028247516663852328,0.056977224201288555,True,2.1773240965610598e-08,1.106027209786845e-07
esm2_frozen_bilstm_attn,validation,1,combined,all_eligible_queries,direct_putative_polar_contact_count,188,738,0.066959145144651,0.04542340469976832,0.08849488558953367,True,4.09804793129638e-08,2.0197521947103588e-07
esm2_frozen_bilstm_attn,validation,1,combined,all_eligible_queries,disorder,199,813,-0.033122583926184265,-0.05166334399747098,-0.014581823854897553,True,0.8873030419814864,1.0
esm2_frozen_bilstm_attn,validation,1,combined,all_eligible_queries,mean_query_contact_water_degree,168,681,-0.0568233057607645,-0.10883417547443924,-0.004812436047089759,True,0.015693618723720132,0.038162456103495654
esm2_frozen_bilstm_attn,validation,1,combined,all_eligible_queries,minimum_ca_distance_angstrom,188,738,1.8307073464471284,1.0335405885388491,2.6278741043554077,True,1.6860965470030647e-06,7.050949196558271e-06
esm2_frozen_bilstm_attn,validation,1,combined,all_eligible_queries,minimum_heavy_atom_distance_angstrom,188,738,1.9283898428665818,1.123129683329084,2.7336500024040795,True,6.951517566970412e-08,3.327084708353469e-07
esm2_frozen_bilstm_attn,validation,1,combined,all_eligible_queries,minimum_polar_atom_distance_angstrom,188,738,1.8504057072098123,1.0440003813613443,2.6568110330582804,True,7.87405466490865e-07,3.3956860742418555e-06
esm2_frozen_bilstm_attn,validation,1,combined,all_eligible_queries,neq,199,813,0.808021851264677,0.7287613121185087,0.8872823904108452,True,1.3735805112218104e-46,3.8553378416666405e-45
esm2_frozen_bilstm_attn,validation,1,combined,all_eligible_queries,nonlocal_contact_path_exists,188,738,-0.03135035278693083,-0.051114996595301346,-0.011585708978560313,True,7.969285615912287e-15,5.762941912642248e-14
esm2_frozen_bilstm_attn,validation,1,combined,all_eligible_queries,normalized_query_position,199,813,-0.015944718391717332,-0.03430347103129739,0.002414034247862726,True,0.6707043457315791,0.90817883421669
esm2_frozen_bilstm_attn,validation,1,combined,all_eligible_queries,one_water_bridge,188,738,0.0027444989803874706,-0.004008279165102885,0.009497277125877827,True,1.0,1.0
esm2_frozen_bilstm_attn,validation,1,combined,all_eligible_queries,ordinary_contact_path_exists,188,738,0.0,0.0,0.0,True,1.0,1.0
esm2_frozen_bilstm_attn,validation,1,combined,all_eligible_queries,query_distance_to_band_domain_boundary_sequence,188,732,2.1122602901379146,-0.3276692242015864,4.552189804477416,True,0.0007257496113600019,0.002329149915527448
esm2_frozen_bilstm_attn,validation,1,combined,all_eligible_queries,query_distance_to_community_boundary_edges,185,732,0.3990962110583213,0.3152646404024574,0.48292778171418527,True,1.0157442875620822e-16,7.645784273649128e-16
esm2_frozen_bilstm_attn,validation,1,combined,all_eligible_queries,query_distance_to_ecod_boundary_sequence,188,738,3.716872391700563,1.8605920963811184,5.573152687020007,True,0.0053152238605481935,0.014038294598194272
esm2_frozen_bilstm_attn,validation,1,combined,all_eligible_queries,query_in_any_band,199,813,0.5993479539374739,0.5598279057723338,0.638868002102614,True,1.0918932026163481e-47,3.2875911700594045e-46
esm2_frozen_bilstm_attn,validation,1,combined,all_eligible_queries,query_to_band_contact_count,188,738,0.07817039285093376,0.03208763042257518,0.12425315527929234,True,1.9274585603612783e-08,9.943524535695568e-08
esm2_frozen_bilstm_attn,validation,1,combined,all_eligible_queries,query_to_band_contact_fraction,188,738,0.02068818537092779,0.006876774954269554,0.034499595787586025,True,8.902590557663587e-10,5.083686194307207e-09
esm2_frozen_bilstm_attn,validation,1,combined,all_eligible_queries,query_water_contact_count,188,738,0.015988771756757194,-0.058880451894637406,0.0908579954081518,True,0.8837712369289785,1.0
esm2_frozen_bilstm_attn,validation,1,combined,all_eligible_queries,reachable_query_water_entry_count,188,738,-0.00334433318319805,-0.017485045938365362,0.010796379571969262,True,0.43511449489230175,0.6855847797732175
esm2_frozen_bilstm_attn,validation,1,combined,all_eligible_queries,relative_backbone_orientation_cosine,186,733,0.04547084103227107,0.007342514632481603,0.08359916743206054,True,0.06650043529883923,0.14010778734717272
esm2_frozen_bilstm_attn,validation,1,combined,all_eligible_queries,rsa,199,813,0.0961960336199767,0.07930172396004992,0.11309034327990347,True,3.658845453461797e-21,3.172276476928134e-20
esm2_frozen_bilstm_attn,validation,1,combined,all_eligible_queries,same_community_as_band_apex,188,738,-0.03721352729767734,-0.05958312131220675,-0.014843933283147925,True,0.13524792193400179,0.26349477496789053
esm2_frozen_bilstm_attn,validation,1,combined,all_eligible_queries,same_community_as_band_majority,187,694,-0.04698873205424184,-0.07288870436096323,-0.02108875974752045,True,0.008317862648934912,0.020965571608274298
esm2_frozen_bilstm_attn,validation,1,combined,all_eligible_queries,same_ecod_domain_as_band_apex,188,732,0.00421090585191755,-0.00896072861056169,0.017382540314396788,True,0.906294324703081,1.0
esm2_frozen_bilstm_attn,validation,1,combined,all_eligible_queries,shared_water_count,188,738,0.003334027086729969,-0.003663597922976817,0.010331652096436755,True,1.0,1.0
esm2_frozen_bilstm_attn,validation,1,combined,all_eligible_queries,shared_water_fraction_of_band_contacts,188,738,0.00147475584144602,-0.0015583692312853173,0.004507880914177358,True,0.5250147872924269,0.7646653366369911
esm2_frozen_bilstm_attn,validation,1,combined,all_eligible_queries,shared_water_fraction_of_query_contacts,188,738,0.001272831750977994,-0.0029423371015028176,0.005488000603458805,True,0.8322577540225792,1.0
esm2_frozen_bilstm_attn,validation,1,combined,all_eligible_queries,shares_any_ecod_domain_with_band,188,732,0.0032304332524243067,-0.009238377289922798,0.01569924379477141,True,0.906294324703081,1.0
esm2_frozen_bilstm_attn,validation,1,combined,all_eligible_queries,shortest_nonlocal_contact_path_edges,185,730,0.5367552428391921,0.37628978059016527,0.6972207050882189,True,1.4381866584936862e-08,7.513050809039572e-08
esm2_frozen_bilstm_attn,validation,1,combined,all_eligible_queries,shortest_ordinary_contact_path_edges,188,738,0.4117807854461893,0.25637110420862375,0.5671904666837548,True,6.829296886420414e-07,2.952823927914414e-06
esm2_frozen_bilstm_attn,validation,1,combined,all_eligible_queries,shortest_water_path_water_count,12,12,-0.08333333333333333,-0.58715700893491,0.4204903422682433,True,1.0,1.0
esm2_frozen_bilstm_attn,validation,1,combined,all_eligible_queries,torsion_change_from_previous,199,813,21.479286613785696,16.59609672234696,26.362476505224432,True,1.2615887236870661e-14,9.083438810546877e-14
esm2_frozen_bilstm_attn,validation,1,combined,all_eligible_queries,water_path_at_most_1,188,738,0.0027444989803874706,-0.004008279165102885,0.009497277125877827,True,1.0,1.0
esm2_frozen_bilstm_attn,validation,1,combined,all_eligible_queries,water_path_at_most_2,188,738,0.0008439280407055497,-0.007307891972278193,0.008995748053689292,True,0.5546010666648732,0.7986255359974174
esm2_frozen_bilstm_attn,validation,1,combined,all_eligible_queries,water_path_at_most_3,188,738,-0.0041780900919843236,-0.01747375850017783,0.009117578316209183,True,0.43511449489230175,0.6855847797732175
esm2_frozen_bilstm_attn,validation,1,combined,all_eligible_queries,water_path_exists,188,738,-0.0040858889529024126,-0.01738467923911863,0.009212901333313806,True,0.5583942911655909,0.8013006465946435
esm2_frozen_bilstm_attn,validation,1,combined,all_eligible_queries,water_path_without_direct_ca_contact,188,738,-0.0017249990832447794,-0.0062281259982524505,0.0027781278317628912,True,0.012502546136489844,0.030764065976266245
esm2_frozen_bilstm_attn,validation,1,combined,all_eligible_queries,water_path_without_direct_polar_contact,188,738,-0.010659893055305842,-0.022728423347616787,0.001408637237005102,True,0.005544959035344681,0.014621739112310178
esm2_frozen_bilstm_attn,validation,1,combined,sequence_distal_ge21,absolute_backbone_orientation_cosine,182,723,0.00970933987961832,-0.01103585975926439,0.03045453951850103,True,1.0,1.0
esm2_frozen_bilstm_attn,validation,1,combined,sequence_distal_ge21,absolute_sequence_separation,195,805,-5.891198283214687,-8.42627685174735,-3.3561197146820256,True,9.993756535846867e-05,0.00035899481178660334
esm2_frozen_bilstm_attn,validation,1,combined,sequence_distal_ge21,band_water_contact_count,185,730,0.0,0.0,0.0,True,1.0,1.0
esm2_frozen_bilstm_attn,validation,1,combined,sequence_distal_ge21,direct_ca_contact,185,730,-0.014350619128737824,-0.03316582561413918,0.004464587356663531,True,0.03418672834773907,0.07681576953033366
esm2_frozen_bilstm_attn,validation,1,combined,sequence_distal_ge21,direct_putative_polar_contact,185,730,-0.003434607556085227,-0.0082862827100059,0.0014170675978354467,True,0.00026558534298746995,0.0009124674854507266
esm2_frozen_bilstm_attn,validation,1,combined,sequence_distal_ge21,direct_putative_polar_contact_count,185,730,-0.0036652519996240975,-0.008696035243809425,0.0013655312445612303,True,0.00010992624937112814,0.0003931703433230847
esm2_frozen_bilstm_attn,validation,1,combined,sequence_distal_ge21,disorder,195,805,-0.032037293322314496,-0.05094500483278169,-0.013129581811847302,True,0.5668305073491761,0.8112975973813618
esm2_frozen_bilstm_attn,validation,1,combined,sequence_distal_ge21,mean_query_contact_water_degree,164,668,-0.06160350648281031,-0.11822885565365301,-0.0049781573119676015,True,0.011673129672852271,0.028851795131706506
esm2_frozen_bilstm_attn,validation,1,combined,sequence_distal_ge21,minimum_ca_distance_angstrom,185,730,2.11842785767451,1.237655834304471,2.9991998810445493,True,9.384602382193314e-07,4.005386996111373e-06
esm2_frozen_bilstm_attn,validation,1,combined,sequence_distal_ge21,minimum_heavy_atom_distance_angstrom,185,730,2.2014323351489886,1.313264455467898,3.089600214830079,True,9.384602382193314e-07,4.005386996111373e-06
esm2_frozen_bilstm_attn,validation,1,combined,sequence_distal_ge21,minimum_polar_atom_distance_angstrom,185,730,2.114492731953941,1.2224686968708047,3.006516767037077,True,8.609403556021708e-06,3.394564830659987e-05
esm2_frozen_bilstm_attn,validation,1,combined,sequence_distal_ge21,neq,195,805,0.7776485884700672,0.6924169484694057,0.8628802284707288,True,1.864392420400858e-45,4.900688647910827e-44
esm2_frozen_bilstm_attn,validation,1,combined,sequence_distal_ge21,nonlocal_contact_path_exists,185,730,-0.03159461138321994,-0.05290412052733636,-0.010285102239103512,True,2.206683011805914e-14,1.5616525929703393e-13
esm2_frozen_bilstm_attn,validation,1,combined,sequence_distal_ge21,normalized_query_position,195,805,-0.014577964932961028,-0.03728556571157968,0.008129635845657618,True,0.47401388441422476,0.7227618450949542
esm2_frozen_bilstm_attn,validation,1,combined,sequence_distal_ge21,one_water_bridge,185,730,-0.0014080335637753902,-0.0061399181810068825,0.0033238510534561016,True,0.004334880883507413,0.011787459348256611
esm2_frozen_bilstm_attn,validation,1,combined,sequence_distal_ge21,ordinary_contact_path_exists,185,730,0.0,0.0,0.0,True,1.0,1.0
esm2_frozen_bilstm_attn,validation,1,combined,sequence_distal_ge21,query_distance_to_band_domain_boundary_sequence,185,723,2.1841785002921417,-0.6333178974536109,5.001674898037894,True,0.03924357573904414,0.08688149922975548
esm2_frozen_bilstm_attn,validation,1,combined,sequence_distal_ge21,query_distance_to_community_boundary_edges,182,723,0.4263023496190739,0.33554618018242244,0.5170585190557253,True,4.132821412730576e-17,3.1684964164267753e-16
esm2_frozen_bilstm_attn,validation,1,combined,sequence_distal_ge21,query_distance_to_ecod_boundary_sequence,185,729,4.024165842363524,1.8620034636094713,6.186328221117576,True,0.23937768210630633,0.4276261505588385
esm2_frozen_bilstm_attn,validation,1,combined,sequence_distal_ge21,query_in_any_band,195,805,0.6559762132979927,0.6174260624920661,0.6945263641039193,True,1.3412590260465742e-49,4.4422498942662536e-48
esm2_frozen_bilstm_attn,validation,1,combined,sequence_distal_ge21,query_to_band_contact_count,185,730,-0.026033653270508238,-0.061910125176221624,0.009842818635205149,True,0.05232353322391856,0.11223804536115173
esm2_frozen_bilstm_attn,validation,1,combined,sequence_distal_ge21,query_to_band_contact_fraction,185,730,-0.009372118884920412,-0.020151081424186916,0.0014068436543460926,True,0.05232353322391856,0.11223804536115173
esm2_frozen_bilstm_attn,validation,1,combined,sequence_distal_ge21,query_water_contact_count,185,730,0.009173903485391424,-0.06213286027261954,0.08048066724340239,True,0.7675626320478243,0.9830500531099744
esm2_frozen_bilstm_attn,validation,1,combined,sequence_distal_ge21,reachable_query_water_entry_count,185,730,-0.008390299952974013,-0.02190196119505009,0.0051213612891020666,True,0.002587308956921308,0.007387213159761526
esm2_frozen_bilstm_attn,validation,1,combined,sequence_distal_ge21,relative_backbone_orientation_cosine,182,723,0.021898990127224696,-0.016791325109442375,0.06058930536389177,True,1.0,1.0
esm2_frozen_bilstm_attn,validation,1,combined,sequence_distal_ge21,rsa,195,805,0.09552129096408357,0.07848591963688457,0.11255666229128257,True,5.8157087900911016e-21,4.964336987830343e-20
esm2_frozen_bilstm_attn,validation,1,combined,sequence_distal_ge21,same_community_as_band_apex,185,730,-0.045119188316514375,-0.07300659050238544,-0.017231786130643315,True,0.03887799522278085,0.08618736290351417
esm2_frozen_bilstm_attn,validation,1,combined,sequence_distal_ge21,same_community_as_band_majority,184,686,-0.05287437824080846,-0.08495348573013656,-0.02079527075148037,True,0.02324899965172043,0.054687987817115105
esm2_frozen_bilstm_attn,validation,1,combined,sequence_distal_ge21,same_ecod_domain_as_band_apex,185,723,0.007542101791834248,-0.009779026280847416,0.02486322986451591,True,1.0,1.0
esm2_frozen_bilstm_attn,validation,1,combined,sequence_distal_ge21,shared_water_count,185,730,-0.0003294496585569747,-0.005969441338181519,0.00531054202106757,True,0.004334880883507413,0.011787459348256611
esm2_frozen_bilstm_attn,validation,1,combined,sequence_distal_ge21,shared_water_fraction_of_band_contacts,185,730,0.0005631709287307868,-0.0017596662560212892,0.0028860081134828627,True,0.00203114037416273,0.005921775457065987
esm2_frozen_bilstm_attn,validation,1,combined,sequence_distal_ge21,shared_water_fraction_of_query_contacts,185,730,-0.0008635825713791638,-0.004044505701067456,0.0023173405583091287,True,0.0009010035205219422,0.002825874678000637
esm2_frozen_bilstm_attn,validation,1,combined,sequence_distal_ge21,shares_any_ecod_domain_with_band,185,723,0.006805396034485915,-0.009804599116891764,0.023415391185863596,True,0.7239481457469141,0.9492956045050872
esm2_frozen_bilstm_attn,validation,1,combined,sequence_distal_ge21,shortest_nonlocal_contact_path_edges,182,721,0.5524302918876935,0.3731915637980305,0.7316690199773566,True,9.764949499289825e-08,4.633454547514026e-07
esm2_frozen_bilstm_attn,validation,1,combined,sequence_distal_ge21,shortest_ordinary_contact_path_edges,185,730,0.45310389942884266,0.28077961490873227,0.625428183948953,True,1.7594609769434547e-06,7.320772306076283e-06
esm2_frozen_bilstm_attn,validation,1,combined,sequence_distal_ge21,shortest_water_path_water_count,8,8,-0.25,,,False,,
esm2_frozen_bilstm_attn,validation,1,combined,sequence_distal_ge21,torsion_change_from_previous,195,805,22.04785672195259,16.99818797946213,27.097525464443052,True,2.2680255411544149e-13,1.558444106287017e-12
esm2_frozen_bilstm_attn,validation,1,combined,sequence_distal_ge21,water_path_at_most_1,185,730,-0.0014080335637753902,-0.0061399181810068825,0.0033238510534561016,True,0.004334880883507413,0.011787459348256611
esm2_frozen_bilstm_attn,validation,1,combined,sequence_distal_ge21,water_path_at_most_2,185,730,-0.0035429962611059707,-0.009860674049860954,0.0027746815276490124,True,0.00311268984839376,0.008707118900236599
esm2_frozen_bilstm_attn,validation,1,combined,sequence_distal_ge21,water_path_at_most_3,185,730,-0.008603905287329168,-0.02100203312411017,0.0037942225494518346,True,0.001261386598131299,0.0038044627024602304
esm2_frozen_bilstm_attn,validation,1,combined,sequence_distal_ge21,water_path_exists,185,730,-0.008458443111140412,-0.020862553348442087,0.003945667126161262,True,0.002587308956921308,0.007387213159761526
esm2_frozen_bilstm_attn,validation,1,combined,sequence_distal_ge21,water_path_without_direct_ca_contact,185,730,-0.0009725954619570494,-0.005582330128047176,0.003637139204133077,True,0.009853448195259268,0.02457426236648998
esm2_frozen_bilstm_attn,validation,1,combined,sequence_distal_ge21,water_path_without_direct_polar_contact,185,730,-0.007036597435341331,-0.01939382275497175,0.0053206278842890895,True,0.004511640408355218,0.01218805304443106
esm2_frozen_bilstm_attn,validation,1,combined,sequence_distal_ge21_no_direct_ca,absolute_backbone_orientation_cosine,181,719,0.003451537482020884,-0.01715150266083492,0.024054577624876686,True,1.0,1.0
esm2_frozen_bilstm_attn,validation,1,combined,sequence_distal_ge21_no_direct_ca,absolute_sequence_separation,183,725,-5.816430586059299,-8.719824667472208,-2.9130365046463904,True,0.03817818299726729,0.08474942499125285
esm2_frozen_bilstm_attn,validation,1,combined,sequence_distal_ge21_no_direct_ca,band_water_contact_count,183,725,0.0,0.0,0.0,True,1.0,1.0
esm2_frozen_bilstm_attn,validation,1,combined,sequence_distal_ge21_no_direct_ca,direct_ca_contact,183,725,0.0,0.0,0.0,True,1.0,1.0
esm2_frozen_bilstm_attn,validation,1,combined,sequence_distal_ge21_no_direct_ca,direct_putative_polar_contact,183,725,-0.001704160023963541,-0.003869107190117598,0.00046078714219051613,True,0.00031255115754902363,0.0010606244198794737
esm2_frozen_bilstm_attn,validation,1,combined,sequence_distal_ge21_no_direct_ca,direct_putative_polar_contact_count,183,725,-0.0018756646035461518,-0.004058879591144685,0.0003075503840523808,True,6.960169412195683e-05,0.0002533195724526604
esm2_frozen_bilstm_attn,validation,1,combined,sequence_distal_ge21_no_direct_ca,disorder,183,725,-0.008422615758527556,-0.027006251993572268,0.010161020476517154,True,0.03817818299726729,0.08474942499125285
esm2_frozen_bilstm_attn,validation,1,combined,sequence_distal_ge21_no_direct_ca,mean_query_contact_water_degree,163,663,-0.06448914944768964,-0.1222643702233396,-0.006713928672039696,True,0.011121593847224857,0.027529685218242693
esm2_frozen_bilstm_attn,validation,1,combined,sequence_distal_ge21_no_direct_ca,minimum_ca_distance_angstrom,183,725,1.9366587192787281,1.0734112953280037,2.7999061432294523,True,7.655797273791237e-06,3.0257757244387324e-05
esm2_frozen_bilstm_attn,validation,1,combined,sequence_distal_ge21_no_direct_ca,minimum_heavy_atom_distance_angstrom,183,725,2.040902883796351,1.1620661521518199,2.9197396154408826,True,7.655797273791237e-06,3.0257757244387324e-05
esm2_frozen_bilstm_attn,validation,1,combined,sequence_distal_ge21_no_direct_ca,minimum_polar_atom_distance_angstrom,183,725,1.9382245065248818,1.0583181710359733,2.8181308420137903,True,3.7142246405723524e-06,1.5001843914116624e-05
esm2_frozen_bilstm_attn,validation,1,combined,sequence_distal_ge21_no_direct_ca,neq,183,725,0.7363858883981057,0.6553752350431976,0.8173965417530138,True,2.0618027809821276e-43,4.948326674357106e-42
esm2_frozen_bilstm_attn,validation,1,combined,sequence_distal_ge21_no_direct_ca,nonlocal_contact_path_exists,183,725,-0.0332254479138844,-0.05481740995441082,-0.011633485873357975,True,2.206683011805914e-14,1.5616525929703393e-13
esm2_frozen_bilstm_attn,validation,1,combined,sequence_distal_ge21_no_direct_ca,normalized_query_position,183,725,-0.018456926704760006,-0.04600727198730469,0.00909341857778468,True,0.4598669609706079,0.7097294383665673
esm2_frozen_bilstm_attn,validation,1,combined,sequence_distal_ge21_no_direct_ca,one_water_bridge,183,725,0.0007473698494551086,-0.00146879307260739,0.0029635327715176072,True,0.003657766827927844,0.010146167281488292
esm2_frozen_bilstm_attn,validation,1,combined,sequence_distal_ge21_no_direct_ca,ordinary_contact_path_exists,183,725,0.0,0.0,0.0,True,1.0,1.0
esm2_frozen_bilstm_attn,validation,1,combined,sequence_distal_ge21_no_direct_ca,query_distance_to_band_domain_boundary_sequence,183,718,2.172136177185361,-0.7171088177102032,5.061381172080925,True,0.30069693751806376,0.5118779277810419
esm2_frozen_bilstm_attn,validation,1,combined,sequence_distal_ge21_no_direct_ca,query_distance_to_community_boundary_edges,180,718,0.42914945160968354,0.3374992512048246,0.5207996520145425,True,3.670710216134672e-18,2.894617199009056e-17
esm2_frozen_bilstm_attn,validation,1,combined,sequence_distal_ge21_no_direct_ca,query_distance_to_ecod_boundary_sequence,183,724,3.997349130872562,1.7758917187921948,6.21880654295293,True,0.37509162239262184,0.6168220305702232
esm2_frozen_bilstm_attn,validation,1,combined,sequence_distal_ge21_no_direct_ca,query_in_any_band,183,725,0.6395279103470097,0.5992053152467017,0.6798505054473177,True,1.8976149179245744e-47,5.611518400148384e-46
esm2_frozen_bilstm_attn,validation,1,combined,sequence_distal_ge21_no_direct_ca,query_to_band_contact_count,183,725,0.0,0.0,0.0,True,1.0,1.0
esm2_frozen_bilstm_attn,validation,1,combined,sequence_distal_ge21_no_direct_ca,query_to_band_contact_fraction,183,725,0.0,0.0,0.0,True,1.0,1.0
esm2_frozen_bilstm_attn,validation,1,combined,sequence_distal_ge21_no_direct_ca,query_water_contact_count,183,725,0.015462393662605782,-0.05473798076131606,0.08566276808652762,True,1.0,1.0
esm2_frozen_bilstm_attn,validation,1,combined,sequence_distal_ge21_no_direct_ca,reachable_query_water_entry_count,183,725,-0.0014592735758114476,-0.006449460832538103,0.003530913680915208,True,0.004444019471066869,0.012024993862886822
esm2_frozen_bilstm_attn,validation,1,combined,sequence_distal_ge21_no_direct_ca,relative_backbone_orientation_cosine,181,719,0.02214139765005315,-0.01728352564742229,0.06156632094752859,True,1.0,1.0
esm2_frozen_bilstm_attn,validation,1,combined,sequence_distal_ge21_no_direct_ca,rsa,183,725,0.11320358434088539,0.09511113694590517,0.1312960317358656,True,4.9907158598538524e-24,5.1953376059853615e-23
esm2_frozen_bilstm_attn,validation,1,combined,sequence_distal_ge21_no_direct_ca,same_community_as_band_apex,183,725,-0.0359606276685357,-0.06203035921856274,-0.009890896118508664,True,0.018367392110610697,0.044209885661586214
esm2_frozen_bilstm_attn,validation,1,combined,sequence_distal_ge21_no_direct_ca,same_community_as_band_majority,182,681,-0.038760969114634836,-0.0678789527142877,-0.009642985514981963,True,0.01915018892792919,0.04582761974660512
esm2_frozen_bilstm_attn,validation,1,combined,sequence_distal_ge21_no_direct_ca,same_ecod_domain_as_band_apex,183,718,0.005496897834788214,-0.012291144715684103,0.023284940385260532,True,1.0,1.0
esm2_frozen_bilstm_attn,validation,1,combined,sequence_distal_ge21_no_direct_ca,shared_water_count,183,725,0.0006991255151233241,-0.0015545928759258252,0.002952843906172473,True,0.003657766827927844,0.010146167281488292
esm2_frozen_bilstm_attn,validation,1,combined,sequence_distal_ge21_no_direct_ca,shared_water_fraction_of_band_contacts,183,725,0.0005296901631879679,-0.0009269006468976338,0.0019862809732735694,True,0.003657766827927844,0.010146167281488292
esm2_frozen_bilstm_attn,validation,1,combined,sequence_distal_ge21_no_direct_ca,shared_water_fraction_of_query_contacts,183,725,0.0008830887956651722,-0.0004602299006988373,0.002226407492029182,True,0.003657766827927844,0.010146167281488292
esm2_frozen_bilstm_attn,validation,1,combined,sequence_distal_ge21_no_direct_ca,shares_any_ecod_domain_with_band,183,718,0.004465241811510117,-0.012482996603747968,0.021413480226768204,True,1.0,1.0
esm2_frozen_bilstm_attn,validation,1,combined,sequence_distal_ge21_no_direct_ca,shortest_nonlocal_contact_path_edges,180,716,0.5206285931171656,0.34647275766969143,0.6947844285646397,True,1.9188248943311357e-07,8.753647451824685e-07
esm2_frozen_bilstm_attn,validation,1,combined,sequence_distal_ge21_no_direct_ca,shortest_ordinary_contact_path_edges,183,725,0.41971239119720466,0.2512788448625683,0.588145937531841,True,3.142983309403179e-07,1.3916525027731723e-06
esm2_frozen_bilstm_attn,validation,1,combined,sequence_distal_ge21_no_direct_ca,shortest_water_path_water_count,2,2,-0.5,,,False,,
esm2_frozen_bilstm_attn,validation,1,combined,sequence_distal_ge21_no_direct_ca,torsion_change_from_previous,183,725,20.598744719545188,15.112390947273077,26.0850984918173,True,3.4756768662801853e-13,2.3589020043278634e-12
esm2_frozen_bilstm_attn,validation,1,combined,sequence_distal_ge21_no_direct_ca,water_path_at_most_1,183,725,0.0007473698494551086,-0.00146879307260739,0.0029635327715176072,True,0.003657766827927844,0.010146167281488292
esm2_frozen_bilstm_attn,validation,1,combined,sequence_distal_ge21_no_direct_ca,water_path_at_most_2,183,725,-0.001532413402866331,-0.006244303030340803,0.0031794762246081408,True,0.0014962588853935084,0.004472571686302617
esm2_frozen_bilstm_attn,validation,1,combined,sequence_distal_ge21_no_direct_ca,water_path_at_most_3,183,725,-0.0012035884051889109,-0.005955559062546524,0.003548382252168703,True,0.002670436282807066,0.007572333021110448
esm2_frozen_bilstm_attn,validation,1,combined,sequence_distal_ge21_no_direct_ca,water_path_exists,183,725,-0.0011021098490538307,-0.005868585573603202,0.0036643658754955404,True,0.004444019471066869,0.012024993862886822
esm2_frozen_bilstm_attn,validation,1,combined,sequence_distal_ge21_no_direct_ca,water_path_without_direct_ca_contact,183,725,-0.0011021098490538307,-0.005868585573603202,0.0036643658754955404,True,0.004444019471066869,0.012024993862886822
esm2_frozen_bilstm_attn,validation,1,combined,sequence_distal_ge21_no_direct_ca,water_path_without_direct_polar_contact,183,725,-0.0009633662842197286,-0.00570781557892418,0.0037810830104847227,True,0.016348103897376145,0.03952183949497065
esm2_frozen_bilstm_attn,validation,1,evidence_dominated,all_eligible_queries,absolute_backbone_orientation_cosine,108,243,0.026123194140550216,0.001159151738748681,0.051087236542351755,True,1.0,1.0
esm2_frozen_bilstm_attn,validation,1,evidence_dominated,all_eligible_queries,absolute_sequence_separation,109,252,-5.890516584706789,-9.615063376131264,-2.165969793282314,True,0.021086405713137617,0.04995577662511573
esm2_frozen_bilstm_attn,validation,1,evidence_dominated,all_eligible_queries,band_water_contact_count,108,244,0.0,0.0,0.0,True,1.0,1.0
esm2_frozen_bilstm_attn,validation,1,evidence_dominated,all_eligible_queries,direct_ca_contact,108,244,0.009437421583877862,-0.010693485848782868,0.029568329016538594,True,0.8264047244491923,1.0
esm2_frozen_bilstm_attn,validation,1,evidence_dominated,all_eligible_queries,direct_putative_polar_contact,108,244,0.012258736317399124,0.002420418834276324,0.022097053800521925,True,0.49661743531793345,0.740899525122971
esm2_frozen_bilstm_attn,validation,1,evidence_dominated,all_eligible_queries,direct_putative_polar_contact_count,108,244,0.022281514619206435,0.00451750138986735,0.04004552784854552,True,0.49661743531793345,0.740899525122971
esm2_frozen_bilstm_attn,validation,1,evidence_dominated,all_eligible_queries,disorder,109,252,-0.0038294495304601623,-0.01979703441504184,0.012138135354121516,True,0.0549088177757602,0.11717654927404496
esm2_frozen_bilstm_attn,validation,1,evidence_dominated,all_eligible_queries,mean_query_contact_water_degree,105,237,-0.06203396299886865,-0.13536704144670125,0.011299115448963934,True,0.002878610081200932,0.008107105942974053
esm2_frozen_bilstm_attn,validation,1,evidence_dominated,all_eligible_queries,minimum_ca_distance_angstrom,108,244,1.5536455671977183,0.5497931458297984,2.557497988565638,True,0.0026846980412799162,0.007599760609161609
esm2_frozen_bilstm_attn,validation,1,evidence_dominated,all_eligible_queries,minimum_heavy_atom_distance_angstrom,108,244,1.6092175314129096,0.6220997955213332,2.596335267304486,True,0.0006842302219330051,0.002201382297224122
esm2_frozen_bilstm_attn,validation,1,evidence_dominated,all_eligible_queries,minimum_polar_atom_distance_angstrom,108,244,1.4781292408756235,0.4945521276503283,2.4617063541009188,True,0.0013816410213383502,0.004144923064015051
esm2_frozen_bilstm_attn,validation,1,evidence_dominated,all_eligible_queries,neq,109,252,0.6126453548138813,0.5194797862192018,0.7058109234085608,True,9.843629219925343e-23,9.209632761692864e-22
esm2_frozen_bilstm_attn,validation,1,evidence_dominated,all_eligible_queries,nonlocal_contact_path_exists,108,244,-0.04209524374444626,-0.05922355349860174,-0.024966933990290777,True,1.8267652540930775e-11,1.1502369812844624e-10
esm2_frozen_bilstm_attn,validation,1,evidence_dominated,all_eligible_queries,normalized_query_position,109,252,-0.0217137050372222,-0.0444287817411221,0.0010013716666777,True,0.0549088177757602,0.11717654927404496
esm2_frozen_bilstm_attn,validation,1,evidence_dominated,all_eligible_queries,one_water_bridge,108,244,0.0061653988729499275,-0.006219259712205368,0.018550057458105222,True,0.2220528201560228,0.4018792023807363
esm2_frozen_bilstm_attn,validation,1,evidence_dominated,all_eligible_queries,ordinary_contact_path_exists,108,244,0.0,0.0,0.0,True,1.0,1.0
esm2_frozen_bilstm_attn,validation,1,evidence_dominated,all_eligible_queries,query_distance_to_band_domain_boundary_sequence,108,241,3.0231681017268124,-0.9930452006487207,7.039381404102345,True,0.009057983337532566,0.022727303646899892
esm2_frozen_bilstm_attn,validation,1,evidence_dominated,all_eligible_queries,query_distance_to_community_boundary_edges,108,244,0.39074618607979494,0.287706605039416,0.4937857671201739,True,3.7855174633264834e-11,2.347871505344066e-10
esm2_frozen_bilstm_attn,validation,1,evidence_dominated,all_eligible_queries,query_distance_to_ecod_boundary_sequence,108,244,3.8491697967896443,1.2252895861453204,6.473050007433969,True,0.10143273504110477,0.20584878581871263
esm2_frozen_bilstm_attn,validation,1,evidence_dominated,all_eligible_queries,query_in_any_band,109,252,0.5371836718344739,0.4816875692177428,0.592679774451205,True,6.61789839683711e-24,6.723459966357211e-23
esm2_frozen_bilstm_attn,validation,1,evidence_dominated,all_eligible_queries,query_to_band_contact_count,108,244,0.022250814917988984,-0.018537773163515,0.06303940299949297,True,0.6608836477612154,0.8978042007322172
esm2_frozen_bilstm_attn,validation,1,evidence_dominated,all_eligible_queries,query_to_band_contact_fraction,108,244,0.0024119752351716463,-0.007597450758308441,0.012421401228651733,True,1.0,1.0
esm2_frozen_bilstm_attn,validation,1,evidence_dominated,all_eligible_queries,query_water_contact_count,108,244,0.034591036131837026,-0.05301646842938663,0.12219854069306069,True,1.0,1.0
esm2_frozen_bilstm_attn,validation,1,evidence_dominated,all_eligible_queries,reachable_query_water_entry_count,108,244,0.005255165472112626,-0.010028969839972797,0.02053930078419805,True,0.7797679305530743,0.9861967938647611
esm2_frozen_bilstm_attn,validation,1,evidence_dominated,all_eligible_queries,relative_backbone_orientation_cosine,108,243,0.015904305323525894,-0.044169957417834665,0.07597856806488645,True,0.3865726089882613,0.6269972972424688
esm2_frozen_bilstm_attn,validation,1,evidence_dominated,all_eligible_queries,rsa,109,252,0.11488184577475603,0.09567261456159733,0.13409107698791473,True,1.2265535543318507e-13,8.498630485244957e-13
esm2_frozen_bilstm_attn,validation,1,evidence_dominated,all_eligible_queries,same_community_as_band_apex,108,244,-0.01689048200043625,-0.051972791041641916,0.018191827040769413,True,0.15906965188123823,0.3063015622271285
esm2_frozen_bilstm_attn,validation,1,evidence_dominated,all_eligible_queries,same_community_as_band_majority,106,228,-0.007096122153329389,-0.04509299659601511,0.030900752289356334,True,0.2664055944111921,0.46341141212703163
esm2_frozen_bilstm_attn,validation,1,evidence_dominated,all_eligible_queries,same_ecod_domain_as_band_apex,107,240,0.0038321875880345238,-0.023134133135292216,0.030798508311361265,True,1.0,1.0
esm2_frozen_bilstm_attn,validation,1,evidence_dominated,all_eligible_queries,shared_water_count,108,244,0.006018037241453359,-0.006389408138539785,0.018425482621446505,True,0.2220528201560228,0.4018792023807363
esm2_frozen_bilstm_attn,validation,1,evidence_dominated,all_eligible_queries,shared_water_fraction_of_band_contacts,108,244,0.0003832896930660214,-0.005881342270349333,0.0066479216564813755,True,0.3603776529357674,0.5950003920853747
esm2_frozen_bilstm_attn,validation,1,evidence_dominated,all_eligible_queries,shared_water_fraction_of_query_contacts,108,244,0.0028553986591572955,-0.004870830331451723,0.010581627649766313,True,0.3603776529357674,0.5950003920853747
esm2_frozen_bilstm_attn,validation,1,evidence_dominated,all_eligible_queries,shares_any_ecod_domain_with_band,108,241,-0.0023198005135368935,-0.02724772094248327,0.022608119915409484,True,1.0,1.0
esm2_frozen_bilstm_attn,validation,1,evidence_dominated,all_eligible_queries,shortest_nonlocal_contact_path_edges,107,240,0.4012349536668151,0.18931225953615477,0.6131576477974754,True,9.102659374333861e-06,3.580523497362678e-05
esm2_frozen_bilstm_attn,validation,1,evidence_dominated,all_eligible_queries,shortest_ordinary_contact_path_edges,108,244,0.321910617518624,0.13211856842542874,0.5117026666118192,True,0.00014909746812749594,0.0005275756564511395
esm2_frozen_bilstm_attn,validation,1,evidence_dominated,all_eligible_queries,torsion_change_from_previous,109,252,17.711129537317706,11.829693754625408,23.592565320010003,True,1.938048409366411e-05,7.4464226587257e-05
esm2_frozen_bilstm_attn,validation,1,evidence_dominated,all_eligible_queries,water_path_at_most_1,108,244,0.0061653988729499275,-0.006219259712205368,0.018550057458105222,True,0.2220528201560228,0.4018792023807363
esm2_frozen_bilstm_attn,validation,1,evidence_dominated,all_eligible_queries,water_path_at_most_2,108,244,0.005265140761686919,-0.00794562832405505,0.01847590984742889,True,0.7708669945730263,0.9857261241352806
esm2_frozen_bilstm_attn,validation,1,evidence_dominated,all_eligible_queries,water_path_at_most_3,108,244,0.007519277103490921,-0.005849893754780928,0.02088844796176277,True,0.887724827340783,1.0
esm2_frozen_bilstm_attn,validation,1,evidence_dominated,all_eligible_queries,water_path_exists,108,244,0.004686351123762893,-0.010085734448086171,0.019458436695611956,True,0.7797679305530743,0.9861967938647611
esm2_frozen_bilstm_attn,validation,1,evidence_dominated,all_eligible_queries,water_path_without_direct_ca_contact,108,244,0.0027887204109618012,-0.010246234372255593,0.015823675194179196,True,0.4995598332025112,0.7416899545757214
esm2_frozen_bilstm_attn,validation,1,evidence_dominated,all_eligible_queries,water_path_without_direct_polar_contact,108,244,0.004620990572753039,-0.009803542121335752,0.019045523266841828,True,1.0,1.0
esm2_frozen_bilstm_attn,validation,1,evidence_dominated,sequence_distal_ge21,absolute_backbone_orientation_cosine,105,240,0.023940159796525442,-0.002730993954043529,0.050611313547094416,True,0.5583942911655909,0.8013006465946435
esm2_frozen_bilstm_attn,validation,1,evidence_dominated,sequence_distal_ge21,absolute_sequence_separation,108,251,-6.442122679129301,-10.557275167680594,-2.3269701905780087,True,0.026423520277147745,0.06094338381470287
esm2_frozen_bilstm_attn,validation,1,evidence_dominated,sequence_distal_ge21,band_water_contact_count,106,242,0.0,0.0,0.0,True,1.0,1.0
esm2_frozen_bilstm_attn,validation,1,evidence_dominated,sequence_distal_ge21,direct_ca_contact,106,242,0.011590121396642818,-0.014214985115944583,0.03739522790923022,True,0.6487911623106449,0.8879323675920893
esm2_frozen_bilstm_attn,validation,1,evidence_dominated,sequence_distal_ge21,direct_putative_polar_contact,106,242,0.005678628138920388,-0.004161122189778756,0.015518378467619533,True,0.018623836615006432,0.044697207876015436
esm2_frozen_bilstm_attn,validation,1,evidence_dominated,sequence_distal_ge21,direct_putative_polar_contact_count,106,242,0.009199782030023033,-0.0050128720907236975,0.023412436150769763,True,0.018623836615006432,0.044697207876015436
esm2_frozen_bilstm_attn,validation,1,evidence_dominated,sequence_distal_ge21,disorder,108,251,0.0005575736522043517,-0.02039641951946187,0.021511566823870572,True,0.01574929114912747,0.03824168056151773
esm2_frozen_bilstm_attn,validation,1,evidence_dominated,sequence_distal_ge21,mean_query_contact_water_degree,102,233,-0.07254567531598471,-0.13881240221195468,-0.006278948420014738,True,0.0015165131944572209,0.0045249474775156
esm2_frozen_bilstm_attn,validation,1,evidence_dominated,sequence_distal_ge21,minimum_ca_distance_angstrom,106,242,1.4282430643407213,0.24587928364012246,2.6106068450413202,True,0.0006060762772090588,0.001971831660232223
esm2_frozen_bilstm_attn,validation,1,evidence_dominated,sequence_distal_ge21,minimum_heavy_atom_distance_angstrom,106,242,1.4885437045089116,0.3079025593084699,2.669184849709353,True,0.00028452861891625184,0.0009715039029387898
esm2_frozen_bilstm_attn,validation,1,evidence_dominated,sequence_distal_ge21,minimum_polar_atom_distance_angstrom,106,242,1.3231963462111698,0.1282216561403018,2.5181710362820375,True,0.0012402397143976502,0.00374787767708487
esm2_frozen_bilstm_attn,validation,1,evidence_dominated,sequence_distal_ge21,neq,108,251,0.6391900243150589,0.539830249545193,0.7385497990849248,True,1.843580919042669e-22,1.6960944455192557e-21
esm2_frozen_bilstm_attn,validation,1,evidence_dominated,sequence_distal_ge21,nonlocal_contact_path_exists,106,242,-0.05199960760330413,-0.06948846640624806,-0.0345107488003602,True,8.181953378705309e-13,5.398133384516331e-12
esm2_frozen_bilstm_attn,validation,1,evidence_dominated,sequence_distal_ge21,normalized_query_position,108,251,-0.023865179616397513,-0.05054182534410313,0.002811466111308107,True,0.026423520277147745,0.06094338381470287
esm2_frozen_bilstm_attn,validation,1,evidence_dominated,sequence_distal_ge21,one_water_bridge,106,242,0.013768155421144459,-0.007797146402765466,0.035333457245054385,True,0.6271025701571489,0.8654015468168654
esm2_frozen_bilstm_attn,validation,1,evidence_dominated,sequence_distal_ge21,ordinary_contact_path_exists,106,242,0.0,0.0,0.0,True,1.0,1.0
esm2_frozen_bilstm_attn,validation,1,evidence_dominated,sequence_distal_ge21,query_distance_to_band_domain_boundary_sequence,106,239,2.880312014813104,-1.7667148036169489,7.527338833243157,True,0.040871970607754805,0.09024531110192262
esm2_frozen_bilstm_attn,validation,1,evidence_dominated,sequence_distal_ge21,query_distance_to_community_boundary_edges,106,242,0.3884920079242735,0.2741167467184197,0.5028672691301274,True,1.012134755360389e-08,5.372099855374373e-08
esm2_frozen_bilstm_attn,validation,1,evidence_dominated,sequence_distal_ge21,query_distance_to_ecod_boundary_sequence,106,242,3.9110009517187905,0.8926098147346453,6.929392088702936,True,0.38212581052922034,0.6219830610665619
esm2_frozen_bilstm_attn,validation,1,evidence_dominated,sequence_distal_ge21,query_in_any_band,108,251,0.5395447247946838,0.48135487146198114,0.5977345781273866,True,2.3652503567112107e-23,2.3314610659010504e-22
esm2_frozen_bilstm_attn,validation,1,evidence_dominated,sequence_distal_ge21,query_to_band_contact_count,106,242,0.01004245432318566,-0.03145746039274618,0.0515423690391175,True,0.6487911623106449,0.8879323675920893
esm2_frozen_bilstm_attn,validation,1,evidence_dominated,sequence_distal_ge21,query_to_band_contact_fraction,106,242,0.0010757771451048264,-0.009001578457203986,0.011153132747413638,True,0.2543046661477,0.44944346546487846
esm2_frozen_bilstm_attn,validation,1,evidence_dominated,sequence_distal_ge21,query_water_contact_count,106,242,0.026081811620560617,-0.07442942946607609,0.1265930527071973,True,1.0,1.0
esm2_frozen_bilstm_attn,validation,1,evidence_dominated,sequence_distal_ge21,reachable_query_water_entry_count,106,242,0.012256601951583358,-0.010958488256739481,0.0354716921599062,True,0.8829959121223965,1.0
esm2_frozen_bilstm_attn,validation,1,evidence_dominated,sequence_distal_ge21,relative_backbone_orientation_cosine,105,240,0.016278260680089425,-0.04172842086562877,0.07428494222580762,True,0.8453703188825517,1.0
esm2_frozen_bilstm_attn,validation,1,evidence_dominated,sequence_distal_ge21,rsa,108,251,0.12017747087344025,0.09903654506788104,0.14131839667899945,True,1.4649140049273037e-16,1.0976912181717715e-15
esm2_frozen_bilstm_attn,validation,1,evidence_dominated,sequence_distal_ge21,same_community_as_band_apex,106,242,-0.00029923879985301277,-0.03838219818387143,0.03778372058416541,True,0.06138589870445953,0.13025011593492633
esm2_frozen_bilstm_attn,validation,1,evidence_dominated,sequence_distal_ge21,same_community_as_band_majority,104,226,0.010552574364442789,-0.030071147557731708,0.05117629628661729,True,0.4018127960698797,0.6429004737118075
esm2_frozen_bilstm_attn,validation,1,evidence_dominated,sequence_distal_ge21,same_ecod_domain_as_band_apex,105,238,0.005764377276977708,-0.02423591952538054,0.03576467407933596,True,1.0,1.0
esm2_frozen_bilstm_attn,validation,1,evidence_dominated,sequence_distal_ge21,shared_water_count,106,242,0.013617107663190109,-0.007963845499101839,0.035198060825482054,True,0.6271025701571489,0.8654015468168654
esm2_frozen_bilstm_attn,validation,1,evidence_dominated,sequence_distal_ge21,shared_water_fraction_of_band_contacts,106,242,0.004387800518823412,-0.004281137349622802,0.013056738387269626,True,0.417692190836533,0.6619122182060274
esm2_frozen_bilstm_attn,validation,1,evidence_dominated,sequence_distal_ge21,shared_water_fraction_of_query_contacts,106,242,0.007532137906417403,-0.004719796935676841,0.01978407274851165,True,0.6271025701571489,0.8654015468168654
esm2_frozen_bilstm_attn,validation,1,evidence_dominated,sequence_distal_ge21,shares_any_ecod_domain_with_band,106,239,-0.0018903249073959096,-0.030085622701939096,0.026304972887147275,True,1.0,1.0
esm2_frozen_bilstm_attn,validation,1,evidence_dominated,sequence_distal_ge21,shortest_nonlocal_contact_path_edges,105,238,0.34625910908995217,0.09397454118382909,0.5985436769960752,True,4.6569869697466e-05,0.0001736930275202786
esm2_frozen_bilstm_attn,validation,1,evidence_dominated,sequence_distal_ge21,shortest_ordinary_contact_path_edges,106,242,0.2821667941786049,0.0558486176966822,0.5084849706605277,True,0.00028452861891625184,0.0009715039029387898
esm2_frozen_bilstm_attn,validation,1,evidence_dominated,sequence_distal_ge21,torsion_change_from_previous,108,251,17.25131033760219,11.009885945534128,23.492734729670254,True,0.00032583856112748064,0.001103453286763002
esm2_frozen_bilstm_attn,validation,1,evidence_dominated,sequence_distal_ge21,water_path_at_most_1,106,242,0.013768155421144459,-0.007797146402765466,0.035333457245054385,True,0.6271025701571489,0.8654015468168654
esm2_frozen_bilstm_attn,validation,1,evidence_dominated,sequence_distal_ge21,water_path_at_most_2,106,242,0.012935517161193831,-0.009139740326627855,0.035010774649015516,True,1.0,1.0
esm2_frozen_bilstm_attn,validation,1,evidence_dominated,sequence_distal_ge21,water_path_at_most_3,106,242,0.015401615299053123,-0.006744989319971362,0.03754821991807761,True,0.765991824244793,0.9817975703942547
esm2_frozen_bilstm_attn,validation,1,evidence_dominated,sequence_distal_ge21,water_path_exists,106,242,0.012514785026587153,-0.01057591058145162,0.03560548063462593,True,0.8829959121223965,1.0
esm2_frozen_bilstm_attn,validation,1,evidence_dominated,sequence_distal_ge21,water_path_without_direct_ca_contact,106,242,0.005897186985764559,-0.014872878637747142,0.02666725260927626,True,0.37708558747544885,0.6170491431416436
esm2_frozen_bilstm_attn,validation,1,evidence_dominated,sequence_distal_ge21,water_path_without_direct_polar_contact,106,242,0.013248937836690778,-0.009714739007117997,0.03621261468049955,True,0.7607916425613439,0.9774018309399423
esm2_frozen_bilstm_attn,validation,1,evidence_dominated,sequence_distal_ge21_no_direct_ca,absolute_backbone_orientation_cosine,104,239,0.027944084377123764,0.0004851606902620993,0.05540300806398543,True,0.20217310609617536,0.37575607597672994
esm2_frozen_bilstm_attn,validation,1,evidence_dominated,sequence_distal_ge21_no_direct_ca,absolute_sequence_separation,105,241,-6.150120789315685,-10.761457879792886,-1.5387836988384853,True,0.11799998150585843,0.23374159015993007
esm2_frozen_bilstm_attn,validation,1,evidence_dominated,sequence_distal_ge21_no_direct_ca,band_water_contact_count,105,241,0.0,0.0,0.0,True,1.0,1.0
esm2_frozen_bilstm_attn,validation,1,evidence_dominated,sequence_distal_ge21_no_direct_ca,direct_ca_contact,105,241,0.0,0.0,0.0,True,1.0,1.0
esm2_frozen_bilstm_attn,validation,1,evidence_dominated,sequence_distal_ge21_no_direct_ca,direct_putative_polar_contact,105,241,0.0025346383769971267,-0.0038994213181145244,0.008968698072108778,True,0.0192108154296875,0.04584021664490274
esm2_frozen_bilstm_attn,validation,1,evidence_dominated,sequence_distal_ge21_no_direct_ca,direct_putative_polar_contact_count,105,241,0.0025236154489790236,-0.003910720541984242,0.00895795143994229,True,0.0192108154296875,0.04584021664490274
esm2_frozen_bilstm_attn,validation,1,evidence_dominated,sequence_distal_ge21_no_direct_ca,disorder,105,241,0.015553128417627085,-0.006839314627126267,0.03794557146238044,True,0.00039070001552236726,0.0013044339227924198
esm2_frozen_bilstm_attn,validation,1,evidence_dominated,sequence_distal_ge21_no_direct_ca,mean_query_contact_water_degree,100,231,-0.06654864836124082,-0.1343394547580836,0.001242158035601959,True,0.008045928133225093,0.020435670227945943
esm2_frozen_bilstm_attn,validation,1,evidence_dominated,sequence_distal_ge21_no_direct_ca,minimum_ca_distance_angstrom,105,241,1.718672943350203,0.6226882816596782,2.814657605040728,True,0.0001783572223101363,0.0006257617799694613
esm2_frozen_bilstm_attn,validation,1,evidence_dominated,sequence_distal_ge21_no_direct_ca,minimum_heavy_atom_distance_angstrom,105,241,1.7794914450239587,0.670256376270838,2.8887265137770797,True,0.0001783572223101363,0.0006257617799694613
esm2_frozen_bilstm_attn,validation,1,evidence_dominated,sequence_distal_ge21_no_direct_ca,minimum_polar_atom_distance_angstrom,105,241,1.646854609473621,0.5348279574381516,2.7588812615090905,True,0.0008214525388957499,0.002616010393098773
esm2_frozen_bilstm_attn,validation,1,evidence_dominated,sequence_distal_ge21_no_direct_ca,neq,105,241,0.6248511172054108,0.5297332839907365,0.719968950420085,True,8.435279808627725e-23,8.028059404073283e-22
esm2_frozen_bilstm_attn,validation,1,evidence_dominated,sequence_distal_ge21_no_direct_ca,nonlocal_contact_path_exists,105,241,-0.05519161766303457,-0.07354976524208515,-0.03683347008398399,True,8.181953378705309e-13,5.398133384516331e-12
esm2_frozen_bilstm_attn,validation,1,evidence_dominated,sequence_distal_ge21_no_direct_ca,normalized_query_position,105,241,-0.022599029676604418,-0.0499700575447337,0.004771998191524868,True,0.07848502733901798,0.16328040863494192
esm2_frozen_bilstm_attn,validation,1,evidence_dominated,sequence_distal_ge21_no_direct_ca,one_water_bridge,105,241,0.006214019476114779,-0.013332478939532237,0.025760517891761793,True,0.210113525390625,0.3853244718127076
esm2_frozen_bilstm_attn,validation,1,evidence_dominated,sequence_distal_ge21_no_direct_ca,ordinary_contact_path_exists,105,241,0.0,0.0,0.0,True,1.0,1.0
esm2_frozen_bilstm_attn,validation,1,evidence_dominated,sequence_distal_ge21_no_direct_ca,query_distance_to_band_domain_boundary_sequence,105,238,3.264917779039004,-1.2970555748895412,7.82689113296755,True,0.03130178457554002,0.07071726501649969
esm2_frozen_bilstm_attn,validation,1,evidence_dominated,sequence_distal_ge21_no_direct_ca,query_distance_to_community_boundary_edges,105,241,0.3926189431853463,0.2737287947920163,0.5115090915786763,True,3.552056811614334e-08,1.7717488192871497e-07
esm2_frozen_bilstm_attn,validation,1,evidence_dominated,sequence_distal_ge21_no_direct_ca,query_distance_to_ecod_boundary_sequence,105,241,3.857093061508879,0.8417786307548254,6.8724074922629335,True,0.24143171756517778,0.43083073737923966
esm2_frozen_bilstm_attn,validation,1,evidence_dominated,sequence_distal_ge21_no_direct_ca,query_in_any_band,105,241,0.5389999738253208,0.4820937640868538,0.5959061835637879,True,9.540110163496681e-24,9.574801473182124e-23
esm2_frozen_bilstm_attn,validation,1,evidence_dominated,sequence_distal_ge21_no_direct_ca,query_to_band_contact_count,105,241,0.0,0.0,0.0,True,1.0,1.0
esm2_frozen_bilstm_attn,validation,1,evidence_dominated,sequence_distal_ge21_no_direct_ca,query_to_band_contact_fraction,105,241,0.0,0.0,0.0,True,1.0,1.0
esm2_frozen_bilstm_attn,validation,1,evidence_dominated,sequence_distal_ge21_no_direct_ca,query_water_contact_count,105,241,0.012919541304615065,-0.08870894824375308,0.11454803085298321,True,1.0,1.0
esm2_frozen_bilstm_attn,validation,1,evidence_dominated,sequence_distal_ge21_no_direct_ca,reachable_query_water_entry_count,105,241,0.004938332862699717,-0.016411025451124966,0.0262876911765244,True,0.37708558747544885,0.6170491431416436
esm2_frozen_bilstm_attn,validation,1,evidence_dominated,sequence_distal_ge21_no_direct_ca,relative_backbone_orientation_cosine,104,239,0.006614802157016231,-0.05045608967040766,0.06368569398444013,True,0.92194882762643,1.0
esm2_frozen_bilstm_attn,validation,1,evidence_dominated,sequence_distal_ge21_no_direct_ca,rsa,105,241,0.12959779611135241,0.1079704706124468,0.15122512161025803,True,7.984598955148307e-16,5.876664830989154e-15
esm2_frozen_bilstm_attn,validation,1,evidence_dominated,sequence_distal_ge21_no_direct_ca,same_community_as_band_apex,105,241,-0.010592836377817307,-0.04109775140402418,0.019912078648389564,True,0.0354495948795191,0.07943779312650018
esm2_frozen_bilstm_attn,validation,1,evidence_dominated,sequence_distal_ge21_no_direct_ca,same_community_as_band_majority,103,225,0.002406543242492647,-0.03072069747028798,0.035533783955273276,True,0.5250147872924269,0.7646653366369911
esm2_frozen_bilstm_attn,validation,1,evidence_dominated,sequence_distal_ge21_no_direct_ca,same_ecod_domain_as_band_apex,104,237,0.004799744290346195,-0.024493706308690605,0.03409319488938299,True,0.5681724128491652,0.8118149401882809
esm2_frozen_bilstm_attn,validation,1,evidence_dominated,sequence_distal_ge21_no_direct_ca,shared_water_count,105,241,0.006023543282800273,-0.01353625923532378,0.025583345800924324,True,0.210113525390625,0.3853244718127076
esm2_frozen_bilstm_attn,validation,1,evidence_dominated,sequence_distal_ge21_no_direct_ca,shared_water_fraction_of_band_contacts,105,241,0.0006114993628968449,-0.007299523271662175,0.008522521997455864,True,0.210113525390625,0.3853244718127076
esm2_frozen_bilstm_attn,validation,1,evidence_dominated,sequence_distal_ge21_no_direct_ca,shared_water_fraction_of_query_contacts,105,241,0.00011144254176216128,-0.0078324452897014,0.008055330373225722,True,0.210113525390625,0.3853244718127076
esm2_frozen_bilstm_attn,validation,1,evidence_dominated,sequence_distal_ge21_no_direct_ca,shares_any_ecod_domain_with_band,105,238,-0.0028688465224857734,-0.03029656749019319,0.024558874445221642,True,0.3916029105474905,0.6324464435870416
esm2_frozen_bilstm_attn,validation,1,evidence_dominated,sequence_distal_ge21_no_direct_ca,shortest_nonlocal_contact_path_edges,104,237,0.4156846957804936,0.1940684278909739,0.6373009636700133,True,0.0003409978012869771,0.001152433385573947
esm2_frozen_bilstm_attn,validation,1,evidence_dominated,sequence_distal_ge21_no_direct_ca,shortest_ordinary_contact_path_edges,105,241,0.3393846227320613,0.1316322398185477,0.5471370056455749,True,7.808423662658282e-05,0.000282330776972972
esm2_frozen_bilstm_attn,validation,1,evidence_dominated,sequence_distal_ge21_no_direct_ca,torsion_change_from_previous,105,241,16.150311503850194,9.542317042595418,22.75830596510497,True,0.0016590268898995495,0.004932403105338696
esm2_frozen_bilstm_attn,validation,1,evidence_dominated,sequence_distal_ge21_no_direct_ca,water_path_at_most_1,105,241,0.006214019476114779,-0.013332478939532237,0.025760517891761793,True,0.210113525390625,0.3853244718127076
esm2_frozen_bilstm_attn,validation,1,evidence_dominated,sequence_distal_ge21_no_direct_ca,water_path_at_most_2,105,241,0.005610150821502305,-0.014429010628333662,0.025649312271338272,True,0.2295229434967041,0.41314129829406737
esm2_frozen_bilstm_attn,validation,1,evidence_dominated,sequence_distal_ge21_no_direct_ca,water_path_at_most_3,105,241,0.008133769701418353,-0.012160930917606665,0.02842847032044337,True,0.28104151505976915,0.4858087149676177
esm2_frozen_bilstm_attn,validation,1,evidence_dominated,sequence_distal_ge21_no_direct_ca,water_path_exists,105,241,0.005220394018627414,-0.016077867650407536,0.026518655687662367,True,0.37708558747544885,0.6170491431416436
esm2_frozen_bilstm_attn,validation,1,evidence_dominated,sequence_distal_ge21_no_direct_ca,water_path_without_direct_ca_contact,105,241,0.005220394018627414,-0.016077867650407536,0.026518655687662367,True,0.37708558747544885,0.6170491431416436
esm2_frozen_bilstm_attn,validation,1,evidence_dominated,sequence_distal_ge21_no_direct_ca,water_path_without_direct_polar_contact,105,241,0.005776395235687557,-0.015497480957026438,0.02705027142840155,True,0.47312965989112854,0.7227618450949542
esm2_frozen_bilstm_attn,validation,1,unclassified,all_eligible_queries,absolute_backbone_orientation_cosine,9,12,0.024820187301547437,,,False,,
esm2_frozen_bilstm_attn,validation,1,unclassified,all_eligible_queries,absolute_sequence_separation,10,13,-5.498911371431875,-12.77231381840927,1.7744910755455185,True,0.109375,0.21927966101694915
esm2_frozen_bilstm_attn,validation,1,unclassified,all_eligible_queries,band_water_contact_count,9,12,0.0,,,False,,
esm2_frozen_bilstm_attn,validation,1,unclassified,all_eligible_queries,direct_ca_contact,9,12,0.06074276980426575,,,False,,
esm2_frozen_bilstm_attn,validation,1,unclassified,all_eligible_queries,direct_putative_polar_contact,9,12,0.07407407407407407,,,False,,
esm2_frozen_bilstm_attn,validation,1,unclassified,all_eligible_queries,direct_putative_polar_contact_count,9,12,0.08333333278143847,,,False,,
esm2_frozen_bilstm_attn,validation,1,unclassified,all_eligible_queries,disorder,10,13,-0.0623307758030067,-0.23578652449021445,0.11112497288420106,True,0.75390625,0.9710204330652566
esm2_frozen_bilstm_attn,validation,1,unclassified,all_eligible_queries,mean_query_contact_water_degree,8,11,-0.12018229098369676,,,False,,
esm2_frozen_bilstm_attn,validation,1,unclassified,all_eligible_queries,minimum_ca_distance_angstrom,9,12,1.0373289342279788,,,False,,
esm2_frozen_bilstm_attn,validation,1,unclassified,all_eligible_queries,minimum_heavy_atom_distance_angstrom,9,12,0.8314382014451205,,,False,,
esm2_frozen_bilstm_attn,validation,1,unclassified,all_eligible_queries,minimum_polar_atom_distance_angstrom,9,12,0.9658455020851561,,,False,,
esm2_frozen_bilstm_attn,validation,1,unclassified,all_eligible_queries,neq,10,13,0.9735568857956624,0.36083463597498433,1.5862791356163404,True,0.021484375,0.050825892857142854
esm2_frozen_bilstm_attn,validation,1,unclassified,all_eligible_queries,nonlocal_contact_path_exists,9,12,-0.03979828401848123,,,False,,
esm2_frozen_bilstm_attn,validation,1,unclassified,all_eligible_queries,normalized_query_position,10,13,0.018297939560542487,-0.1485383771202113,0.18513425624129629,True,0.75390625,0.9710204330652566
esm2_frozen_bilstm_attn,validation,1,unclassified,all_eligible_queries,one_water_bridge,9,12,0.0028935185185185114,,,False,,
esm2_frozen_bilstm_attn,validation,1,unclassified,all_eligible_queries,ordinary_contact_path_exists,9,12,0.0,,,False,,
esm2_frozen_bilstm_attn,validation,1,unclassified,all_eligible_queries,query_distance_to_band_domain_boundary_sequence,9,12,7.900916964919478,,,False,,
esm2_frozen_bilstm_attn,validation,1,unclassified,all_eligible_queries,query_distance_to_community_boundary_edges,9,12,0.4020144795929944,,,False,,
esm2_frozen_bilstm_attn,validation,1,unclassified,all_eligible_queries,query_distance_to_ecod_boundary_sequence,9,12,6.900713019900852,,,False,,
esm2_frozen_bilstm_attn,validation,1,unclassified,all_eligible_queries,query_in_any_band,10,13,0.6081356739226342,0.3953471762085318,0.8209241716367366,True,0.001953125,0.005714443462897526
esm2_frozen_bilstm_attn,validation,1,unclassified,all_eligible_queries,query_to_band_contact_count,9,12,0.20078906610056205,,,False,,
esm2_frozen_bilstm_attn,validation,1,unclassified,all_eligible_queries,query_to_band_contact_fraction,9,12,0.0640861554140294,,,False,,
esm2_frozen_bilstm_attn,validation,1,unclassified,all_eligible_queries,query_water_contact_count,9,12,-0.25491037274952283,,,False,,
esm2_frozen_bilstm_attn,validation,1,unclassified,all_eligible_queries,reachable_query_water_entry_count,9,12,0.003658187868832433,,,False,,
esm2_frozen_bilstm_attn,validation,1,unclassified,all_eligible_queries,relative_backbone_orientation_cosine,9,12,0.015110871651106392,,,False,,
esm2_frozen_bilstm_attn,validation,1,unclassified,all_eligible_queries,rsa,10,13,0.008106949255819788,-0.09884641148115854,0.11506030999279811,True,0.75390625,0.9710204330652566
esm2_frozen_bilstm_attn,validation,1,unclassified,all_eligible_queries,same_community_as_band_apex,9,12,0.02304000097016493,,,False,,
esm2_frozen_bilstm_attn,validation,1,unclassified,all_eligible_queries,same_community_as_band_majority,9,12,0.05081777874794271,,,False,,
esm2_frozen_bilstm_attn,validation,1,unclassified,all_eligible_queries,same_ecod_domain_as_band_apex,9,12,-0.007683938438141778,,,False,,
esm2_frozen_bilstm_attn,validation,1,unclassified,all_eligible_queries,shared_water_count,9,12,0.0028935185185185114,,,False,,
esm2_frozen_bilstm_attn,validation,1,unclassified,all_eligible_queries,shared_water_fraction_of_band_contacts,9,12,-0.0008101851713878223,,,False,,
esm2_frozen_bilstm_attn,validation,1,unclassified,all_eligible_queries,shared_water_fraction_of_query_contacts,9,12,0.0005787037037037001,,,False,,
esm2_frozen_bilstm_attn,validation,1,unclassified,all_eligible_queries,shares_any_ecod_domain_with_band,9,12,-0.007683938438141778,,,False,,
esm2_frozen_bilstm_attn,validation,1,unclassified,all_eligible_queries,shortest_nonlocal_contact_path_edges,9,12,0.2730803268927115,,,False,,
esm2_frozen_bilstm_attn,validation,1,unclassified,all_eligible_queries,shortest_ordinary_contact_path_edges,9,12,0.4171748978120309,,,False,,
esm2_frozen_bilstm_attn,validation,1,unclassified,all_eligible_queries,torsion_change_from_previous,10,13,34.03796011733854,5.262569306519037,62.813350928158044,True,0.109375,0.21927966101694915
esm2_frozen_bilstm_attn,validation,1,unclassified,all_eligible_queries,water_path_at_most_1,9,12,0.0028935185185185114,,,False,,
esm2_frozen_bilstm_attn,validation,1,unclassified,all_eligible_queries,water_path_at_most_2,9,12,-0.0006593320329018218,,,False,,
esm2_frozen_bilstm_attn,validation,1,unclassified,all_eligible_queries,water_path_at_most_3,9,12,0.003970297734701523,,,False,,
esm2_frozen_bilstm_attn,validation,1,unclassified,all_eligible_queries,water_path_exists,9,12,0.003970297734701523,,,False,,
esm2_frozen_bilstm_attn,validation,1,unclassified,all_eligible_queries,water_path_without_direct_ca_contact,9,12,-0.003552850551420333,,,False,,
esm2_frozen_bilstm_attn,validation,1,unclassified,all_eligible_queries,water_path_without_direct_polar_contact,9,12,-0.005288961662531445,,,False,,
esm2_frozen_bilstm_attn,validation,1,unclassified,sequence_distal_ge21,absolute_backbone_orientation_cosine,9,12,0.03552205899247417,,,False,,
esm2_frozen_bilstm_attn,validation,1,unclassified,sequence_distal_ge21,absolute_sequence_separation,9,12,-5.608538844346637,,,False,,
esm2_frozen_bilstm_attn,validation,1,unclassified,sequence_distal_ge21,band_water_contact_count,9,12,0.0,,,False,,
esm2_frozen_bilstm_attn,validation,1,unclassified,sequence_distal_ge21,direct_ca_contact,9,12,-0.0607625224524074,,,False,,
esm2_frozen_bilstm_attn,validation,1,unclassified,sequence_distal_ge21,direct_putative_polar_contact,9,12,0.005555555555555556,,,False,,
esm2_frozen_bilstm_attn,validation,1,unclassified,sequence_distal_ge21,direct_putative_polar_contact_count,9,12,0.005555555555555556,,,False,,
esm2_frozen_bilstm_attn,validation,1,unclassified,sequence_distal_ge21,disorder,9,12,0.002326689970663706,,,False,,
esm2_frozen_bilstm_attn,validation,1,unclassified,sequence_distal_ge21,mean_query_contact_water_degree,8,11,-0.11472981671492259,,,False,,
esm2_frozen_bilstm_attn,validation,1,unclassified,sequence_distal_ge21,minimum_ca_distance_angstrom,9,12,1.2681242518954807,,,False,,
esm2_frozen_bilstm_attn,validation,1,unclassified,sequence_distal_ge21,minimum_heavy_atom_distance_angstrom,9,12,1.022023497687446,,,False,,
esm2_frozen_bilstm_attn,validation,1,unclassified,sequence_distal_ge21,minimum_polar_atom_distance_angstrom,9,12,1.011234869780364,,,False,,
esm2_frozen_bilstm_attn,validation,1,unclassified,sequence_distal_ge21,neq,9,12,1.036059140133902,,,False,,
esm2_frozen_bilstm_attn,validation,1,unclassified,sequence_distal_ge21,nonlocal_contact_path_exists,9,12,-0.10843254327774049,,,False,,
esm2_frozen_bilstm_attn,validation,1,unclassified,sequence_distal_ge21,normalized_query_position,9,12,0.03486846691359285,,,False,,
esm2_frozen_bilstm_attn,validation,1,unclassified,sequence_distal_ge21,one_water_bridge,9,12,0.0020833333333333337,,,False,,
esm2_frozen_bilstm_attn,validation,1,unclassified,sequence_distal_ge21,ordinary_contact_path_exists,9,12,0.0,,,False,,
esm2_frozen_bilstm_attn,validation,1,unclassified,sequence_distal_ge21,query_distance_to_band_domain_boundary_sequence,9,12,7.518581019507514,,,False,,
esm2_frozen_bilstm_attn,validation,1,unclassified,sequence_distal_ge21,query_distance_to_community_boundary_edges,8,11,0.2758746416618426,,,False,,
esm2_frozen_bilstm_attn,validation,1,unclassified,sequence_distal_ge21,query_distance_to_ecod_boundary_sequence,9,12,6.318336285485161,,,False,,
esm2_frozen_bilstm_attn,validation,1,unclassified,sequence_distal_ge21,query_in_any_band,9,12,0.7246093842075017,,,False,,
esm2_frozen_bilstm_attn,validation,1,unclassified,sequence_distal_ge21,query_to_band_contact_count,9,12,-0.09548474467462964,,,False,,
esm2_frozen_bilstm_attn,validation,1,unclassified,sequence_distal_ge21,query_to_band_contact_fraction,9,12,-0.030815630613101854,,,False,,
esm2_frozen_bilstm_attn,validation,1,unclassified,sequence_distal_ge21,query_water_contact_count,9,12,-0.2065473818116718,,,False,,
esm2_frozen_bilstm_attn,validation,1,unclassified,sequence_distal_ge21,reachable_query_water_entry_count,9,12,0.005695484868354268,,,False,,
esm2_frozen_bilstm_attn,validation,1,unclassified,sequence_distal_ge21,relative_backbone_orientation_cosine,9,12,0.051253207497022744,,,False,,
esm2_frozen_bilstm_attn,validation,1,unclassified,sequence_distal_ge21,rsa,9,12,0.02943102886642572,,,False,,
esm2_frozen_bilstm_attn,validation,1,unclassified,sequence_distal_ge21,same_community_as_band_apex,9,12,-0.06324582003332951,,,False,,
esm2_frozen_bilstm_attn,validation,1,unclassified,sequence_distal_ge21,same_community_as_band_majority,9,12,-0.03546804225555173,,,False,,
esm2_frozen_bilstm_attn,validation,1,unclassified,sequence_distal_ge21,same_ecod_domain_as_band_apex,9,12,-0.009220726125770145,,,False,,
esm2_frozen_bilstm_attn,validation,1,unclassified,sequence_distal_ge21,shared_water_count,9,12,0.0020833333333333337,,,False,,
esm2_frozen_bilstm_attn,validation,1,unclassified,sequence_distal_ge21,shared_water_fraction_of_band_contacts,9,12,-0.0023611110945542667,,,False,,
esm2_frozen_bilstm_attn,validation,1,unclassified,sequence_distal_ge21,shared_water_fraction_of_query_contacts,9,12,-0.0006944444444444443,,,False,,
esm2_frozen_bilstm_attn,validation,1,unclassified,sequence_distal_ge21,shares_any_ecod_domain_with_band,9,12,-0.009220726125770145,,,False,,
esm2_frozen_bilstm_attn,validation,1,unclassified,sequence_distal_ge21,shortest_nonlocal_contact_path_edges,8,11,0.35320293307304385,,,False,,
esm2_frozen_bilstm_attn,validation,1,unclassified,sequence_distal_ge21,shortest_ordinary_contact_path_edges,9,12,0.4543913964872007,,,False,,
esm2_frozen_bilstm_attn,validation,1,unclassified,sequence_distal_ge21,torsion_change_from_previous,9,12,36.81780943770987,,,False,,
esm2_frozen_bilstm_attn,validation,1,unclassified,sequence_distal_ge21,water_path_at_most_1,9,12,0.0020833333333333337,,,False,,
esm2_frozen_bilstm_attn,validation,1,unclassified,sequence_distal_ge21,water_path_at_most_2,9,12,0.006111631356179712,,,False,,
esm2_frozen_bilstm_attn,validation,1,unclassified,sequence_distal_ge21,water_path_at_most_3,9,12,0.006111631356179712,,,False,,
esm2_frozen_bilstm_attn,validation,1,unclassified,sequence_distal_ge21,water_path_exists,9,12,0.006111631356179712,,,False,,
esm2_frozen_bilstm_attn,validation,1,unclassified,sequence_distal_ge21,water_path_without_direct_ca_contact,9,12,0.004028298022846378,,,False,,
esm2_frozen_bilstm_attn,validation,1,unclassified,sequence_distal_ge21,water_path_without_direct_polar_contact,9,12,0.0005560758006241557,,,False,,
esm2_frozen_bilstm_attn,validation,1,unclassified,sequence_distal_ge21_no_direct_ca,absolute_backbone_orientation_cosine,9,12,0.019947301072103015,,,False,,
esm2_frozen_bilstm_attn,validation,1,unclassified,sequence_distal_ge21_no_direct_ca,absolute_sequence_separation,9,12,-2.749759361410505,,,False,,
esm2_frozen_bilstm_attn,validation,1,unclassified,sequence_distal_ge21_no_direct_ca,band_water_contact_count,9,12,0.0,,,False,,
esm2_frozen_bilstm_attn,validation,1,unclassified,sequence_distal_ge21_no_direct_ca,direct_ca_contact,9,12,0.0,,,False,,
esm2_frozen_bilstm_attn,validation,1,unclassified,sequence_distal_ge21_no_direct_ca,direct_putative_polar_contact,9,12,0.0,,,False,,
esm2_frozen_bilstm_attn,validation,1,unclassified,sequence_distal_ge21_no_direct_ca,direct_putative_polar_contact_count,9,12,0.0,,,False,,
esm2_frozen_bilstm_attn,validation,1,unclassified,sequence_distal_ge21_no_direct_ca,disorder,9,12,0.029824170229132783,,,False,,
esm2_frozen_bilstm_attn,validation,1,unclassified,sequence_distal_ge21_no_direct_ca,mean_query_contact_water_degree,7,10,-0.14302455279089157,,,False,,
esm2_frozen_bilstm_attn,validation,1,unclassified,sequence_distal_ge21_no_direct_ca,minimum_ca_distance_angstrom,9,12,0.81528197394477,,,False,,
esm2_frozen_bilstm_attn,validation,1,unclassified,sequence_distal_ge21_no_direct_ca,minimum_heavy_atom_distance_angstrom,9,12,0.71339807510376,,,False,,
esm2_frozen_bilstm_attn,validation,1,unclassified,sequence_distal_ge21_no_direct_ca,minimum_polar_atom_distance_angstrom,9,12,0.7427082203052664,,,False,,
esm2_frozen_bilstm_attn,validation,1,unclassified,sequence_distal_ge21_no_direct_ca,neq,9,12,0.8781465730567066,,,False,,
esm2_frozen_bilstm_attn,validation,1,unclassified,sequence_distal_ge21_no_direct_ca,nonlocal_contact_path_exists,9,12,-0.08170533511373732,,,False,,
esm2_frozen_bilstm_attn,validation,1,unclassified,sequence_distal_ge21_no_direct_ca,normalized_query_position,9,12,0.02613663578876451,,,False,,
esm2_frozen_bilstm_attn,validation,1,unclassified,sequence_distal_ge21_no_direct_ca,one_water_bridge,9,12,0.0,,,False,,
esm2_frozen_bilstm_attn,validation,1,unclassified,sequence_distal_ge21_no_direct_ca,ordinary_contact_path_exists,9,12,0.0,,,False,,
esm2_frozen_bilstm_attn,validation,1,unclassified,sequence_distal_ge21_no_direct_ca,query_distance_to_band_domain_boundary_sequence,9,12,7.711499034033881,,,False,,
esm2_frozen_bilstm_attn,validation,1,unclassified,sequence_distal_ge21_no_direct_ca,query_distance_to_community_boundary_edges,8,11,0.28198174474140003,,,False,,
esm2_frozen_bilstm_attn,validation,1,unclassified,sequence_distal_ge21_no_direct_ca,query_distance_to_ecod_boundary_sequence,9,12,6.51542558670044,,,False,,
esm2_frozen_bilstm_attn,validation,1,unclassified,sequence_distal_ge21_no_direct_ca,query_in_any_band,9,12,0.7284341667214228,,,False,,
esm2_frozen_bilstm_attn,validation,1,unclassified,sequence_distal_ge21_no_direct_ca,query_to_band_contact_count,9,12,0.0,,,False,,
esm2_frozen_bilstm_attn,validation,1,unclassified,sequence_distal_ge21_no_direct_ca,query_to_band_contact_fraction,9,12,0.0,,,False,,
esm2_frozen_bilstm_attn,validation,1,unclassified,sequence_distal_ge21_no_direct_ca,query_water_contact_count,9,12,-0.17167823728587892,,,False,,
esm2_frozen_bilstm_attn,validation,1,unclassified,sequence_distal_ge21_no_direct_ca,reachable_query_water_entry_count,9,12,0.0047232625799046675,,,False,,
esm2_frozen_bilstm_attn,validation,1,unclassified,sequence_distal_ge21_no_direct_ca,relative_backbone_orientation_cosine,9,12,0.01958890554529648,,,False,,
esm2_frozen_bilstm_attn,validation,1,unclassified,sequence_distal_ge21_no_direct_ca,rsa,9,12,0.047330692343448805,,,False,,
esm2_frozen_bilstm_attn,validation,1,unclassified,sequence_distal_ge21_no_direct_ca,same_community_as_band_apex,9,12,-0.0026902646102287217,,,False,,
esm2_frozen_bilstm_attn,validation,1,unclassified,sequence_distal_ge21_no_direct_ca,same_community_as_band_majority,9,12,0.02508751316754906,,,False,,
esm2_frozen_bilstm_attn,validation,1,unclassified,sequence_distal_ge21_no_direct_ca,same_ecod_domain_as_band_apex,9,12,-0.008716234937310212,,,False,,
esm2_frozen_bilstm_attn,validation,1,unclassified,sequence_distal_ge21_no_direct_ca,shared_water_count,9,12,0.0,,,False,,
esm2_frozen_bilstm_attn,validation,1,unclassified,sequence_distal_ge21_no_direct_ca,shared_water_fraction_of_band_contacts,9,12,0.0,,,False,,
esm2_frozen_bilstm_attn,validation,1,unclassified,sequence_distal_ge21_no_direct_ca,shared_water_fraction_of_query_contacts,9,12,0.0,,,False,,
esm2_frozen_bilstm_attn,validation,1,unclassified,sequence_distal_ge21_no_direct_ca,shares_any_ecod_domain_with_band,9,12,-0.008716234937310212,,,False,,
esm2_frozen_bilstm_attn,validation,1,unclassified,sequence_distal_ge21_no_direct_ca,shortest_nonlocal_contact_path_edges,8,11,0.3647205710411071,,,False,,
esm2_frozen_bilstm_attn,validation,1,unclassified,sequence_distal_ge21_no_direct_ca,shortest_ordinary_contact_path_edges,9,12,0.3065320006123296,,,False,,
esm2_frozen_bilstm_attn,validation,1,unclassified,sequence_distal_ge21_no_direct_ca,torsion_change_from_previous,9,12,33.12429754324419,,,False,,
esm2_frozen_bilstm_attn,validation,1,unclassified,sequence_distal_ge21_no_direct_ca,water_path_at_most_1,9,12,0.0,,,False,,
esm2_frozen_bilstm_attn,validation,1,unclassified,sequence_distal_ge21_no_direct_ca,water_path_at_most_2,9,12,0.005139409067730112,,,False,,
esm2_frozen_bilstm_attn,validation,1,unclassified,sequence_distal_ge21_no_direct_ca,water_path_at_most_3,9,12,0.005139409067730112,,,False,,
esm2_frozen_bilstm_attn,validation,1,unclassified,sequence_distal_ge21_no_direct_ca,water_path_exists,9,12,0.005139409067730112,,,False,,
esm2_frozen_bilstm_attn,validation,1,unclassified,sequence_distal_ge21_no_direct_ca,water_path_without_direct_ca_contact,9,12,0.005139409067730112,,,False,,
esm2_frozen_bilstm_attn,validation,1,unclassified,sequence_distal_ge21_no_direct_ca,water_path_without_direct_polar_contact,9,12,0.005139409067730112,,,False,,
esm2_frozen_bilstm_attn,validation,-1,evidence_dominated,all_eligible_queries,shortest_water_path_water_count,3,3,-0.16666666666666666,,,False,,
esm2_frozen_bilstm_attn,validation,-1,combined,all_eligible_queries,shortest_water_path_water_count,3,4,-0.5833333333333334,,,False,,
esm2_frozen_bilstm_attn,validation,-1,combined,sequence_distal_ge21,shortest_water_path_water_count,3,4,-0.5,,,False,,
esm2_frozen_bilstm_attn,validation,-1,evidence_dominated,sequence_distal_ge21,shortest_water_path_water_count,2,2,-0.75,,,False,,
esm2_frozen_bilstm_attn,validation,-1,evidence_dominated,sequence_distal_ge21_no_direct_ca,shortest_water_path_water_count,1,1,-1.0,,,False,,
esm2_frozen_bilstm_attn,validation,1,evidence_dominated,all_eligible_queries,shortest_water_path_water_count,7,7,0.21428571428571427,,,False,,
esm2_frozen_bilstm_attn,validation,1,evidence_dominated,sequence_distal_ge21,shortest_water_path_water_count,7,7,0.21428571428571427,,,False,,
esm2_frozen_bilstm_attn,validation,1,evidence_dominated,sequence_distal_ge21_no_direct_ca,shortest_water_path_water_count,3,3,1.1666666666666667,,,False,,
esm2_frozen_bilstm_attn,validation,1,unclassified,all_eligible_queries,shortest_water_path_water_count,1,1,1.0,,,False,,
esm2_frozen_bilstm_attn,validation,-1,combined,sequence_distal_ge21_no_direct_ca,shortest_water_path_water_count,1,1,0.0,,,False,,
esm2_frozen_bilstm_attn,validation,1,consultation_dominated,all_eligible_queries,absolute_backbone_orientation_cosine,1,1,-0.0038636326789855,,,False,,
esm2_frozen_bilstm_attn,validation,1,consultation_dominated,all_eligible_queries,absolute_sequence_separation,1,1,-1.3000000000000007,,,False,,
esm2_frozen_bilstm_attn,validation,1,consultation_dominated,all_eligible_queries,band_water_contact_count,1,1,0.0,,,False,,
esm2_frozen_bilstm_attn,validation,1,consultation_dominated,all_eligible_queries,direct_ca_contact,1,1,0.25,,,False,,
esm2_frozen_bilstm_attn,validation,1,consultation_dominated,all_eligible_queries,direct_putative_polar_contact,1,1,0.0,,,False,,
esm2_frozen_bilstm_attn,validation,1,consultation_dominated,all_eligible_queries,direct_putative_polar_contact_count,1,1,0.0,,,False,,
esm2_frozen_bilstm_attn,validation,1,consultation_dominated,all_eligible_queries,disorder,1,1,-0.0638835689829041,,,False,,
esm2_frozen_bilstm_attn,validation,1,consultation_dominated,all_eligible_queries,mean_query_contact_water_degree,1,1,-0.6000000238418579,,,False,,
esm2_frozen_bilstm_attn,validation,1,consultation_dominated,all_eligible_queries,minimum_ca_distance_angstrom,1,1,0.3411383628845215,,,False,,
esm2_frozen_bilstm_attn,validation,1,consultation_dominated,all_eligible_queries,minimum_heavy_atom_distance_angstrom,1,1,0.5464687347412109,,,False,,
esm2_frozen_bilstm_attn,validation,1,consultation_dominated,all_eligible_queries,minimum_polar_atom_distance_angstrom,1,1,0.6951031684875488,,,False,,
esm2_frozen_bilstm_attn,validation,1,consultation_dominated,all_eligible_queries,neq,1,1,1.7101722222222224,,,False,,
esm2_frozen_bilstm_attn,validation,1,consultation_dominated,all_eligible_queries,nonlocal_contact_path_exists,1,1,0.0,,,False,,
esm2_frozen_bilstm_attn,validation,1,consultation_dominated,all_eligible_queries,normalized_query_position,1,1,0.3995495495495494,,,False,,
esm2_frozen_bilstm_attn,validation,1,consultation_dominated,all_eligible_queries,one_water_bridge,1,1,0.25,,,False,,
esm2_frozen_bilstm_attn,validation,1,consultation_dominated,all_eligible_queries,ordinary_contact_path_exists,1,1,0.0,,,False,,
esm2_frozen_bilstm_attn,validation,1,consultation_dominated,all_eligible_queries,query_distance_to_band_domain_boundary_sequence,1,1,-1.1944444179534912,,,False,,
esm2_frozen_bilstm_attn,validation,1,consultation_dominated,all_eligible_queries,query_distance_to_community_boundary_edges,1,1,0.3333333283662796,,,False,,
esm2_frozen_bilstm_attn,validation,1,consultation_dominated,all_eligible_queries,query_distance_to_ecod_boundary_sequence,1,1,-1.1944444179534912,,,False,,
esm2_frozen_bilstm_attn,validation,1,consultation_dominated,all_eligible_queries,query_in_any_band,1,1,0.5,,,False,,
esm2_frozen_bilstm_attn,validation,1,consultation_dominated,all_eligible_queries,query_to_band_contact_count,1,1,0.25,,,False,,
esm2_frozen_bilstm_attn,validation,1,consultation_dominated,all_eligible_queries,query_to_band_contact_fraction,1,1,0.050000000745058,,,False,,
esm2_frozen_bilstm_attn,validation,1,consultation_dominated,all_eligible_queries,query_water_contact_count,1,1,-0.3611111044883728,,,False,,
esm2_frozen_bilstm_attn,validation,1,consultation_dominated,all_eligible_queries,reachable_query_water_entry_count,1,1,0.25,,,False,,
esm2_frozen_bilstm_attn,validation,1,consultation_dominated,all_eligible_queries,relative_backbone_orientation_cosine,1,1,-0.1869274675846099,,,False,,
esm2_frozen_bilstm_attn,validation,1,consultation_dominated,all_eligible_queries,rsa,1,1,0.0086701117455959,,,False,,
esm2_frozen_bilstm_attn,validation,1,consultation_dominated,all_eligible_queries,same_community_as_band_apex,1,1,0.0,,,False,,
esm2_frozen_bilstm_attn,validation,1,consultation_dominated,all_eligible_queries,same_community_as_band_majority,1,1,0.0,,,False,,
esm2_frozen_bilstm_attn,validation,1,consultation_dominated,all_eligible_queries,same_ecod_domain_as_band_apex,1,1,0.0,,,False,,
esm2_frozen_bilstm_attn,validation,1,consultation_dominated,all_eligible_queries,shared_water_count,1,1,0.25,,,False,,
esm2_frozen_bilstm_attn,validation,1,consultation_dominated,all_eligible_queries,shared_water_fraction_of_band_contacts,1,1,0.0625,,,False,,
esm2_frozen_bilstm_attn,validation,1,consultation_dominated,all_eligible_queries,shared_water_fraction_of_query_contacts,1,1,0.0833333358168602,,,False,,
esm2_frozen_bilstm_attn,validation,1,consultation_dominated,all_eligible_queries,shares_any_ecod_domain_with_band,1,1,0.0,,,False,,
esm2_frozen_bilstm_attn,validation,1,consultation_dominated,all_eligible_queries,shortest_nonlocal_contact_path_edges,1,1,0.111111044883728,,,False,,
esm2_frozen_bilstm_attn,validation,1,consultation_dominated,all_eligible_queries,shortest_ordinary_contact_path_edges,1,1,-0.0833333730697631,,,False,,
esm2_frozen_bilstm_attn,validation,1,consultation_dominated,all_eligible_queries,torsion_change_from_previous,1,1,17.07978779475486,,,False,,
esm2_frozen_bilstm_attn,validation,1,consultation_dominated,all_eligible_queries,water_path_at_most_1,1,1,0.25,,,False,,
esm2_frozen_bilstm_attn,validation,1,consultation_dominated,all_eligible_queries,water_path_at_most_2,1,1,0.25,,,False,,
esm2_frozen_bilstm_attn,validation,1,consultation_dominated,all_eligible_queries,water_path_at_most_3,1,1,0.25,,,False,,
esm2_frozen_bilstm_attn,validation,1,consultation_dominated,all_eligible_queries,water_path_exists,1,1,0.25,,,False,,
esm2_frozen_bilstm_attn,validation,1,consultation_dominated,all_eligible_queries,water_path_without_direct_ca_contact,1,1,0.0,,,False,,
esm2_frozen_bilstm_attn,validation,1,consultation_dominated,all_eligible_queries,water_path_without_direct_polar_contact,1,1,0.25,,,False,,
esm2_frozen_bilstm_attn,validation,1,consultation_dominated,sequence_distal_ge21,absolute_backbone_orientation_cosine,1,1,-0.4858088791370392,,,False,,
esm2_frozen_bilstm_attn,validation,1,consultation_dominated,sequence_distal_ge21,absolute_sequence_separation,1,1,-1.6000000000000014,,,False,,
esm2_frozen_bilstm_attn,validation,1,consultation_dominated,sequence_distal_ge21,band_water_contact_count,1,1,0.0,,,False,,
esm2_frozen_bilstm_attn,validation,1,consultation_dominated,sequence_distal_ge21,direct_ca_contact,1,1,0.5,,,False,,
esm2_frozen_bilstm_attn,validation,1,consultation_dominated,sequence_distal_ge21,direct_putative_polar_contact,1,1,0.0,,,False,,
esm2_frozen_bilstm_attn,validation,1,consultation_dominated,sequence_distal_ge21,direct_putative_polar_contact_count,1,1,0.0,,,False,,
esm2_frozen_bilstm_attn,validation,1,consultation_dominated,sequence_distal_ge21,disorder,1,1,-0.1376070723403245,,,False,,
esm2_frozen_bilstm_attn,validation,1,consultation_dominated,sequence_distal_ge21,mean_query_contact_water_degree,1,1,-0.6000000238418579,,,False,,
esm2_frozen_bilstm_attn,validation,1,consultation_dominated,sequence_distal_ge21,minimum_ca_distance_angstrom,1,1,-7.311843872070312,,,False,,
esm2_frozen_bilstm_attn,validation,1,consultation_dominated,sequence_distal_ge21,minimum_heavy_atom_distance_angstrom,1,1,-7.451681137084961,,,False,,
esm2_frozen_bilstm_attn,validation,1,consultation_dominated,sequence_distal_ge21,minimum_polar_atom_distance_angstrom,1,1,-7.788690567016602,,,False,,
esm2_frozen_bilstm_attn,validation,1,consultation_dominated,sequence_distal_ge21,neq,1,1,1.4209000000000005,,,False,,
esm2_frozen_bilstm_attn,validation,1,consultation_dominated,sequence_distal_ge21,nonlocal_contact_path_exists,1,1,0.0,,,False,,
esm2_frozen_bilstm_attn,validation,1,consultation_dominated,sequence_distal_ge21,normalized_query_position,1,1,0.5513513513513513,,,False,,
esm2_frozen_bilstm_attn,validation,1,consultation_dominated,sequence_distal_ge21,one_water_bridge,1,1,0.5,,,False,,
esm2_frozen_bilstm_attn,validation,1,consultation_dominated,sequence_distal_ge21,ordinary_contact_path_exists,1,1,0.0,,,False,,
esm2_frozen_bilstm_attn,validation,1,consultation_dominated,sequence_distal_ge21,query_distance_to_band_domain_boundary_sequence,1,1,-1.3888888359069824,,,False,,
esm2_frozen_bilstm_attn,validation,1,consultation_dominated,sequence_distal_ge21,query_distance_to_community_boundary_edges,1,1,-0.3333333432674408,,,False,,
esm2_frozen_bilstm_attn,validation,1,consultation_dominated,sequence_distal_ge21,query_distance_to_ecod_boundary_sequence,1,1,-1.3888888359069824,,,False,,
esm2_frozen_bilstm_attn,validation,1,consultation_dominated,sequence_distal_ge21,query_in_any_band,1,1,1.0,,,False,,
esm2_frozen_bilstm_attn,validation,1,consultation_dominated,sequence_distal_ge21,query_to_band_contact_count,1,1,0.5,,,False,,
esm2_frozen_bilstm_attn,validation,1,consultation_dominated,sequence_distal_ge21,query_to_band_contact_fraction,1,1,0.1000000014901161,,,False,,
esm2_frozen_bilstm_attn,validation,1,consultation_dominated,sequence_distal_ge21,query_water_contact_count,1,1,0.2777777910232544,,,False,,
esm2_frozen_bilstm_attn,validation,1,consultation_dominated,sequence_distal_ge21,reachable_query_water_entry_count,1,1,0.5,,,False,,
esm2_frozen_bilstm_attn,validation,1,consultation_dominated,sequence_distal_ge21,relative_backbone_orientation_cosine,1,1,0.1289089322090149,,,False,,
esm2_frozen_bilstm_attn,validation,1,consultation_dominated,sequence_distal_ge21,rsa,1,1,-0.0664854764938354,,,False,,
esm2_frozen_bilstm_attn,validation,1,consultation_dominated,sequence_distal_ge21,same_community_as_band_apex,1,1,0.0,,,False,,
esm2_frozen_bilstm_attn,validation,1,consultation_dominated,sequence_distal_ge21,same_community_as_band_majority,1,1,0.0,,,False,,
esm2_frozen_bilstm_attn,validation,1,consultation_dominated,sequence_distal_ge21,same_ecod_domain_as_band_apex,1,1,0.0,,,False,,
esm2_frozen_bilstm_attn,validation,1,consultation_dominated,sequence_distal_ge21,shared_water_count,1,1,0.5,,,False,,
esm2_frozen_bilstm_attn,validation,1,consultation_dominated,sequence_distal_ge21,shared_water_fraction_of_band_contacts,1,1,0.125,,,False,,
esm2_frozen_bilstm_attn,validation,1,consultation_dominated,sequence_distal_ge21,shared_water_fraction_of_query_contacts,1,1,0.1666666716337204,,,False,,
esm2_frozen_bilstm_attn,validation,1,consultation_dominated,sequence_distal_ge21,shares_any_ecod_domain_with_band,1,1,0.0,,,False,,
esm2_frozen_bilstm_attn,validation,1,consultation_dominated,sequence_distal_ge21,shortest_nonlocal_contact_path_edges,1,1,-1.1111111640930176,,,False,,
esm2_frozen_bilstm_attn,validation,1,consultation_dominated,sequence_distal_ge21,shortest_ordinary_contact_path_edges,1,1,-1.5,,,False,,
esm2_frozen_bilstm_attn,validation,1,consultation_dominated,sequence_distal_ge21,torsion_change_from_previous,1,1,73.09702640735324,,,False,,
esm2_frozen_bilstm_attn,validation,1,consultation_dominated,sequence_distal_ge21,water_path_at_most_1,1,1,0.5,,,False,,
esm2_frozen_bilstm_attn,validation,1,consultation_dominated,sequence_distal_ge21,water_path_at_most_2,1,1,0.5,,,False,,
esm2_frozen_bilstm_attn,validation,1,consultation_dominated,sequence_distal_ge21,water_path_at_most_3,1,1,0.5,,,False,,
esm2_frozen_bilstm_attn,validation,1,consultation_dominated,sequence_distal_ge21,water_path_exists,1,1,0.5,,,False,,
esm2_frozen_bilstm_attn,validation,1,consultation_dominated,sequence_distal_ge21,water_path_without_direct_ca_contact,1,1,0.0,,,False,,
esm2_frozen_bilstm_attn,validation,1,consultation_dominated,sequence_distal_ge21,water_path_without_direct_polar_contact,1,1,0.5,,,False,,
esm2_frozen_bilstm_attn,validation,1,consultation_dominated,sequence_distal_ge21_no_direct_ca,absolute_backbone_orientation_cosine,1,1,-0.658173143863678,,,False,,
esm2_frozen_bilstm_attn,validation,1,consultation_dominated,sequence_distal_ge21_no_direct_ca,absolute_sequence_separation,1,1,-1.1111111111111107,,,False,,
esm2_frozen_bilstm_attn,validation,1,consultation_dominated,sequence_distal_ge21_no_direct_ca,band_water_contact_count,1,1,0.0,,,False,,
esm2_frozen_bilstm_attn,validation,1,consultation_dominated,sequence_distal_ge21_no_direct_ca,direct_ca_contact,1,1,0.0,,,False,,
esm2_frozen_bilstm_attn,validation,1,consultation_dominated,sequence_distal_ge21_no_direct_ca,direct_putative_polar_contact,1,1,0.0,,,False,,
esm2_frozen_bilstm_attn,validation,1,consultation_dominated,sequence_distal_ge21_no_direct_ca,direct_putative_polar_contact_count,1,1,0.0,,,False,,
esm2_frozen_bilstm_attn,validation,1,consultation_dominated,sequence_distal_ge21_no_direct_ca,disorder,1,1,-0.0781042957161035,,,False,,
esm2_frozen_bilstm_attn,validation,1,consultation_dominated,sequence_distal_ge21_no_direct_ca,minimum_ca_distance_angstrom,1,1,-6.571194648742676,,,False,,
esm2_frozen_bilstm_attn,validation,1,consultation_dominated,sequence_distal_ge21_no_direct_ca,minimum_heavy_atom_distance_angstrom,1,1,-7.340956687927246,,,False,,
esm2_frozen_bilstm_attn,validation,1,consultation_dominated,sequence_distal_ge21_no_direct_ca,minimum_polar_atom_distance_angstrom,1,1,-8.057289123535156,,,False,,
esm2_frozen_bilstm_attn,validation,1,consultation_dominated,sequence_distal_ge21_no_direct_ca,neq,1,1,0.8188888888888892,,,False,,
esm2_frozen_bilstm_attn,validation,1,consultation_dominated,sequence_distal_ge21_no_direct_ca,nonlocal_contact_path_exists,1,1,0.0,,,False,,
esm2_frozen_bilstm_attn,validation,1,consultation_dominated,sequence_distal_ge21_no_direct_ca,normalized_query_position,1,1,0.5045045045045046,,,False,,
esm2_frozen_bilstm_attn,validation,1,consultation_dominated,sequence_distal_ge21_no_direct_ca,one_water_bridge,1,1,0.0,,,False,,
esm2_frozen_bilstm_attn,validation,1,consultation_dominated,sequence_distal_ge21_no_direct_ca,ordinary_contact_path_exists,1,1,0.0,,,False,,
esm2_frozen_bilstm_attn,validation,1,consultation_dominated,sequence_distal_ge21_no_direct_ca,query_distance_to_band_domain_boundary_sequence,1,1,-0.8888888359069824,,,False,,
esm2_frozen_bilstm_attn,validation,1,consultation_dominated,sequence_distal_ge21_no_direct_ca,query_distance_to_community_boundary_edges,1,1,-0.3333333432674408,,,False,,
esm2_frozen_bilstm_attn,validation,1,consultation_dominated,sequence_distal_ge21_no_direct_ca,query_distance_to_ecod_boundary_sequence,1,1,-0.8888888359069824,,,False,,
esm2_frozen_bilstm_attn,validation,1,consultation_dominated,sequence_distal_ge21_no_direct_ca,query_in_any_band,1,1,1.0,,,False,,
esm2_frozen_bilstm_attn,validation,1,consultation_dominated,sequence_distal_ge21_no_direct_ca,query_to_band_contact_count,1,1,0.0,,,False,,
esm2_frozen_bilstm_attn,validation,1,consultation_dominated,sequence_distal_ge21_no_direct_ca,query_to_band_contact_fraction,1,1,0.0,,,False,,
esm2_frozen_bilstm_attn,validation,1,consultation_dominated,sequence_distal_ge21_no_direct_ca,query_water_contact_count,1,1,-1.2222222089767456,,,False,,
esm2_frozen_bilstm_attn,validation,1,consultation_dominated,sequence_distal_ge21_no_direct_ca,reachable_query_water_entry_count,1,1,0.0,,,False,,
esm2_frozen_bilstm_attn,validation,1,consultation_dominated,sequence_distal_ge21_no_direct_ca,relative_backbone_orientation_cosine,1,1,-0.0434553399682045,,,False,,
esm2_frozen_bilstm_attn,validation,1,consultation_dominated,sequence_distal_ge21_no_direct_ca,rsa,1,1,0.068801376554701,,,False,,
esm2_frozen_bilstm_attn,validation,1,consultation_dominated,sequence_distal_ge21_no_direct_ca,same_community_as_band_apex,1,1,0.0,,,False,,
esm2_frozen_bilstm_attn,validation,1,consultation_dominated,sequence_distal_ge21_no_direct_ca,same_community_as_band_majority,1,1,0.0,,,False,,
esm2_frozen_bilstm_attn,validation,1,consultation_dominated,sequence_distal_ge21_no_direct_ca,same_ecod_domain_as_band_apex,1,1,0.0,,,False,,
esm2_frozen_bilstm_attn,validation,1,consultation_dominated,sequence_distal_ge21_no_direct_ca,shared_water_count,1,1,0.0,,,False,,
esm2_frozen_bilstm_attn,validation,1,consultation_dominated,sequence_distal_ge21_no_direct_ca,shared_water_fraction_of_band_contacts,1,1,0.0,,,False,,
esm2_frozen_bilstm_attn,validation,1,consultation_dominated,sequence_distal_ge21_no_direct_ca,shared_water_fraction_of_query_contacts,1,1,0.0,,,False,,
esm2_frozen_bilstm_attn,validation,1,consultation_dominated,sequence_distal_ge21_no_direct_ca,shares_any_ecod_domain_with_band,1,1,0.0,,,False,,
esm2_frozen_bilstm_attn,validation,1,consultation_dominated,sequence_distal_ge21_no_direct_ca,shortest_nonlocal_contact_path_edges,1,1,-0.1111111640930175,,,False,,
esm2_frozen_bilstm_attn,validation,1,consultation_dominated,sequence_distal_ge21_no_direct_ca,shortest_ordinary_contact_path_edges,1,1,-1.0,,,False,,
esm2_frozen_bilstm_attn,validation,1,consultation_dominated,sequence_distal_ge21_no_direct_ca,torsion_change_from_previous,1,1,165.5002907752901,,,False,,
esm2_frozen_bilstm_attn,validation,1,consultation_dominated,sequence_distal_ge21_no_direct_ca,water_path_at_most_1,1,1,0.0,,,False,,
esm2_frozen_bilstm_attn,validation,1,consultation_dominated,sequence_distal_ge21_no_direct_ca,water_path_at_most_2,1,1,0.0,,,False,,
esm2_frozen_bilstm_attn,validation,1,consultation_dominated,sequence_distal_ge21_no_direct_ca,water_path_at_most_3,1,1,0.0,,,False,,
esm2_frozen_bilstm_attn,validation,1,consultation_dominated,sequence_distal_ge21_no_direct_ca,water_path_exists,1,1,0.0,,,False,,
esm2_frozen_bilstm_attn,validation,1,consultation_dominated,sequence_distal_ge21_no_direct_ca,water_path_without_direct_ca_contact,1,1,0.0,,,False,,
esm2_frozen_bilstm_attn,validation,1,consultation_dominated,sequence_distal_ge21_no_direct_ca,water_path_without_direct_polar_contact,1,1,0.0,,,False,,
