name,split,sequence_sha256,length,source_neq_row,label_mapping_method,exact_sequence_group_id,mmseqs_cluster_id,ecod_x_ids,union_group_id
1btk_A,test,809edf8f0f18c9d816c5e436a1534e8449636d2b7d7d0811f8306274fd6071ab,169,1152,unique_sequence,exact_0013,mmseqs_0013,ECOD_X_220;ECOD_X_398,union_0012
1ntv_A,test,39fec2f6d78acad36d0a23f4e756cbaaa9700d7a441328491b0a37c4d75e7fd7,152,82,unique_sequence,exact_0159,mmseqs_0159,ECOD_X_220,union_0012
1nty_A,test,c0d6931c36f48714fb29a0fd147eb609e5644cc279f628ae175554df6f0e7eb3,311,821,unique_sequence,exact_0160,mmseqs_0160,ECOD_X_133;ECOD_X_220,union_0012
2rku_A,test,66c0cfc265274b4f8954f683bdcceb3a1e0f5254183d2a9b66d03f87546a0752,294,1133,unique_sequence,exact_0549,mmseqs_0530,ECOD_X_206,union_0012
2y7b_A,test,96a1447f6bbd16d194a747104d36a031fbc5c5d0f9a2bce1246f09019841ec3e,134,1083,unique_sequence,exact_0625,mmseqs_0602,ECOD_X_220,union_0012
3f7w_A,test,7192d88a3f594ef319be4fba8a7a59a34c83cbf367b18dc09c4e701bdb3cdfa9,288,1225,unique_sequence,exact_0725,mmseqs_0698,ECOD_X_206,union_0012
4y93_A,test,4a8ccd7742fe28d23b88a946477174daaac306627b9281d55df054cfc7fc2db2,446,25,unique_sequence,exact_1106,mmseqs_1062,ECOD_X_206;ECOD_X_220;ECOD_X_398,union_0012
6nl2_A,test,c1b60b9e290563650458a967531cd3c76a9985a454aea04d03634421d999cc36,594,1108,unique_sequence,exact_1313,mmseqs_1249,ECOD_X_206;ECOD_X_3264,union_0012
1cpq_A,test,50f4a7b43deb384d3a4b81571b4f0012b79d72e929c5e1ed2205790b9ae13540,129,604,unique_sequence,exact_0022,mmseqs_0022,ECOD_X_601,union_0020
1dow_A,test,39f751bc51b44e4588334f36272307e20c5b8719ee15267a8afaa5d7e1b37e2d,205,175,unique_sequence,exact_0035,mmseqs_0035,ECOD_X_601,union_0020
1io1_A,test,4830490b45b73f78f5bbbab239e78ea9f3f9dbc252f3c43e8a9fea79d0c63f69,398,188,unique_sequence,exact_0092,mmseqs_0092,ECOD_X_4032;ECOD_X_601,union_0020
4adn_B,test,aa54f8c346050b9bb7751e4871e2de0ecded2d62601cbda641296dc156d92ce5,222,48,unique_sequence,exact_0957,mmseqs_0920,ECOD_X_3583;ECOD_X_601,union_0020
4cfi_A,test,50f248be9f8b6e59b8d2b26d1e71e1d7efe75ab05a00baa0e59453206ee0aa6d,258,1041,unique_sequence,exact_0968,mmseqs_0931,ECOD_X_3019;ECOD_X_601,union_0020
4geh_A,test,76e2c1408b6f7dcefdb7468ce473ebd48efcb7b2cc20b52e04e42cba4e18f2ed,207,851,unique_sequence,exact_1000,mmseqs_0962,ECOD_X_3730;ECOD_X_601,union_0020
6kty_A,test,c38bc4a0c2d0fe22cd311a92d20b256c844246241a5316c2bd77684a9a943b13,196,896,unique_sequence,exact_1302,mmseqs_1239,ECOD_X_3019;ECOD_X_3943,union_0020
6o6y_A,test,f60fa161b66cd63bfe498d15e4fc7a7b5a7ecdaef36a8b47336ce01e87540d50,440,610,unique_sequence,exact_1315,mmseqs_1251,ECOD_X_601;ECOD_X_7592,union_0020
1dci_C,test,66c5a9b582ec58b8bee65552a55691c59c2c2142897153b346e5fec2199941ff,275,1363,unique_sequence,exact_0028,mmseqs_0028,ECOD_X_2486,union_0024
1qau_A,test,ad0d75343f97ae0671ccce189f28581ba8fcd8878876dd36b1c30ddf8a4ba7fb,112,54,unique_sequence,exact_0185,mmseqs_0185,ECOD_X_7,union_0024
2fe5_A,test,47aed7b1201ec426e4b5d8bf1b394c87f665567c3b5d4eddde114dafd0a82373,94,386,unique_sequence,exact_0391,mmseqs_0383,ECOD_X_7,union_0024
3bpt_A,test,a66dfa9c4f891626855d53d57e4f6d3a3dfd9b67ac0f3beb97e24d740b36e97e,363,1141,unique_sequence,exact_0670,mmseqs_0644,ECOD_X_2486,union_0024
4ghn_A,test,db695ba17efc077f5bd967184ed8eeb9257ae9496da3aa5be13b1ed17e37a21f,393,914,unique_sequence,exact_1001,mmseqs_0963,ECOD_X_2486;ECOD_X_3694;ECOD_X_7,union_0024
1dpt_A,test,67941bb6e7393180b44a645ed852f2f137d4517f7215c11e9f67d8fe5f56caf6,117,669,unique_sequence,exact_0036,mmseqs_0036,ECOD_X_315,union_0026
6q10_A,test,52b85f024e88f9611ea34acf4c460333a68f664533e64558adc80bf0ec39ab5c,155,901,unique_sequence,exact_1326,mmseqs_1262,ECOD_X_315,union_0026
1dzf_A,test,cbb62a307ad153c255d09b1c38b21b1866a034868655b605fa2a8e4f6e878fa7,215,654,unique_sequence,exact_0040,mmseqs_0040,ECOD_X_2008;ECOD_X_840,union_0029
2ot9_A,test,f0fe5964f9fde43b9d7bd53d8dc1b4baf6b06e49fda2120a91787fcb19f6b8e0,180,477,unique_sequence,exact_0481,mmseqs_0467,ECOD_X_2008,union_0029
3dpg_B,test,bcb92fe090ec26829064c8d5bd8db96159493d8458db1198e1035f269a162d9b,338,1262,unique_sequence,exact_0704,mmseqs_0677,ECOD_X_2008,union_0029
1ez3_B,test,1862b38e8aa1db7aabe7285ac1b727bd2e55d55507f5845ce1f8e475d817d996,127,230,unique_sequence,exact_0046,mmseqs_0046,ECOD_X_603,union_0033
3onj_A,test,58ec407fdcd362f3ed1548292d9a34b80b418acbe0624f3323da710e682a48f0,97,661,unique_sequence,exact_0882,mmseqs_0847,ECOD_X_603,union_0033
1f9p_A,test,6d3b6be45a552dfded7a1cedd5a145e551ce0022fef0209391ebbcfc9ee8d78a,85,792,unique_sequence,exact_0050,mmseqs_0050,ECOD_X_1170,union_0035
2j7z_A,test,ae68b4707988e1ca39fa34d5c77067e48ed75860c4dae0a8d1d8d746e9ac0410,68,1385,unique_sequence,exact_0455,mmseqs_0442,ECOD_X_1170,union_0035
1fxo_G,test,6d7c70f2a015024deaf10db91aaa082a21e9986c7bdaf15f37d205312947e502,293,1246,unique_sequence,exact_0059,mmseqs_0059,ECOD_X_7516,union_0042
2waw_A,test,c1f172e85b8d5ea052fb3d1d7dbdfcbf2875e2672334dbe48ccc407728dc0582,199,32,unique_sequence,exact_0583,mmseqs_0563,ECOD_X_7516,union_0042
3jsz_A,test,263346a0e2bca7656f2ed01cfe94031612f946d35e204b8350897b47b5306695,525,435,unique_sequence,exact_0792,mmseqs_0762,ECOD_X_3296;ECOD_X_7516,union_0042
1h99_A,test,645eb8ddce6c99734b72f9cd56ff8b9bdd599cb38f1c2806ccdfaf0137664856,224,645,unique_sequence,exact_0074,mmseqs_0074,ECOD_X_162,union_0050
3nuf_A,test,c8e3091ef77fa6c06635e49282fcaaf0feb12596dc6120724b129cd2e52232c8,119,875,unique_sequence,exact_0868,mmseqs_0834,ECOD_X_162,union_0050
1ijx_C,test,125ce6b377bc56a33b6256460a74702db9d3eeb7e2b9e0d88e32f46a4ad491c7,127,425,unique_sequence,exact_0088,mmseqs_0088,ECOD_X_543,union_0059
3gkj_A,test,04e1fc74dd4c2cfbdb7047c8a609b468a2fdbb87f355eae21dad9bf88875e280,232,1269,unique_sequence,exact_0749,mmseqs_0720,ECOD_X_543,union_0059
1ikt_A,test,5679bc508e7f35c825243cdeda48637381cc29bced63b6a27630c929a1b13a96,120,1207,unique_sequence,exact_0090,mmseqs_0090,ECOD_X_268,union_0060
2cx7_A,test,a7b5f2a5352d6732038808fc93519fc4f8e1ad8d5ed2e02209295993ad25e883,130,170,unique_sequence,exact_0359,mmseqs_0351,ECOD_X_268,union_0060
1im5_A,test,d21328d8eed9f652f13e00dbc2da9d75a8c518344c59edcc3b0c647f929b2e7c,180,1331,unique_sequence,exact_0091,mmseqs_0091,ECOD_X_7561,union_0061
1nf8_A,test,33a0c3e376bbeb2eb85eea9a5b582fcbfb1d6dc99cf4d9c65b04ced6b6affe91,207,1192,unique_sequence,exact_0151,mmseqs_0151,ECOD_X_7561,union_0061
1iom_A,test,81af5dc2cab32dbcad464c17bff40c673286a7cf88c103becff483f963f90747,377,98,unique_sequence,exact_0093,mmseqs_0093,ECOD_X_172,union_0062
3msu_B,test,eaee5b0178162ef195603cdd2b2a3b66ae2666d42204fafc7254db90b3f065ab,427,629,unique_sequence,exact_0851,mmseqs_0093,ECOD_X_172,union_0062
1j8e_A,test,33c536c4830cc69f5bc0721314cae9b016d464dfaff3ea7beb382925b44a5d2d,44,152,unique_sequence,exact_0100,mmseqs_0100,ECOD_X_389,union_0067
1wqj_B,test,bfa257c3a8f9aa7c5b8586706efa6852165429cdeace90967e2c0883a4b60831,80,827,unique_sequence,exact_0281,mmseqs_0279,ECOD_X_389,union_0067
2w86_A,test,729ab9f0c7212f0f151275a4ddddc4be5db064e8699f140c1623563c82069e23,147,762,unique_sequence,exact_0580,mmseqs_0560,ECOD_X_370;ECOD_X_389,union_0067
1jhs_A,test,8e9e6b6d8ff0e96b75dcf4583b2dde9c7d94bb4b999a3825659c0602c09fd69f,188,197,unique_sequence,exact_0102,mmseqs_0102,ECOD_X_881,union_0068
1vr8_A,test,ae147c8af3763980bc2c6f22df860a118ac90e48b092568f52c9656c09aec229,142,397,unique_sequence,exact_0265,mmseqs_0263,ECOD_X_881,union_0068
3hlz_B,test,e1cb44d32fe9bbcaaa19299f1961c6713547c1c99f6f4d71c15b70e1a65b1bf3,269,643,unique_sequence,exact_0766,mmseqs_0737,ECOD_X_3859;ECOD_X_881,union_0068
1jif_A,test,f80221359f18b12a4f22954f3f42fae8338096fbf105449923b3f839a80159b1,122,775,unique_sequence,exact_0103,mmseqs_0103,ECOD_X_211,union_0069
1zsw_A,test,d89a0daa0435b1752947c285424c5db22925c6bfa5f1930c5e5e249f7dd2091b,338,1276,unique_sequence,exact_0321,mmseqs_0315,ECOD_X_211,union_0069
1jo0_A,test,96cc4439d733faf611a585e12233ac2622f404ea4a607143d72bd93c7c64e936,98,233,unique_sequence,exact_0106,mmseqs_0106,ECOD_X_328,union_0070
2gg6_A,test,0d89bf8d391607723cb1a47d24797c67d74bd1e8eead1ff40b1a12047b16a75a,455,688,unique_sequence,exact_0409,mmseqs_0400,ECOD_X_328,union_0070
3ti2_A,test,f2cb08b0cd2c05b1661a28aa02f503c4f60b59b04dd8b8a872b08ea09b6aae0a,228,216,unique_sequence,exact_0922,mmseqs_0885,ECOD_X_328,union_0070
1jyo_B,test,7bcebaf4ed4d3c578fbb78724b409b58db353f3b9b38600f81f6243cd0da4864,130,854,unique_sequence,exact_0110,mmseqs_0110,ECOD_X_241,union_0072
3mqz_A,test,a0c55e1f09d692b8c5b817b07b2fc9e0eaecd67d2bf0154b9eadc8037f7f57b8,215,1327,unique_sequence,exact_0850,mmseqs_0818,ECOD_X_241,union_0072
1knt_A,test,ae3680bc8812f3dbd1b25fa9468d6b8998f4c7d9daadaf988540e6eb7a7c6ef9,58,273,unique_sequence,exact_0119,mmseqs_0119,ECOD_X_384,union_0076
2w8x_A,test,15f6e2878eadebec0c2faa123fe0b665d31e302886674dba4c6a6825ecb25e3f,72,1257,unique_sequence,exact_0581,mmseqs_0561,ECOD_X_384,union_0076
1l5o_A,test,686a3fa06d9b46b205378ce3a4583fe314d81bab87d391ea5e568010042c86b6,356,348,unique_sequence,exact_0126,mmseqs_0126,ECOD_X_7553,union_0083
1wx1_B,test,7f62a779d3f97c8063d0cb0334c78e58a7ee9f9471415a34eec5e98df7f80329,335,619,unique_sequence,exact_0284,mmseqs_0126,ECOD_X_7553,union_0083
1l9l_A,test,bf9d4881a77eb209d6d776498136cbddf7d5c352f27f9da8b93873ec00c5ccfe,74,398,unique_sequence,exact_0127,mmseqs_0127,ECOD_X_198,union_0084
3bqp_B,test,30625cf6e4b7b4bb7d73f6fd19298da124286769d4f03d8dbaa60b4ac522fe87,80,728,unique_sequence,exact_0672,mmseqs_0646,ECOD_X_198,union_0084
1llf_B,test,82d73a2f266f85415b50bc83ebe2cc366c73367fac626a807c5fd40e176ba793,534,917,unique_sequence,exact_0131,mmseqs_0131,ECOD_X_7579,union_0086
1ys1_X,test,7dc6e84c73dbc04212f025122598753517e2cfc75590ddb643ccfda80e1fd1b2,320,1240,unique_sequence,exact_0307,mmseqs_0302,ECOD_X_7579,union_0086
4ezi_A,test,a503e6042323a7a99ae9d89b43884ca3d96461ea0bfa173e537e5d148eedfe93,377,962,unique_sequence,exact_0990,mmseqs_0952,ECOD_X_6080;ECOD_X_7579,union_0086
7wab_A,test,9c7231d398eabd948ae618974f9f5b5481509419a0fbdb55a763c9ecc7bb80cb,484,1266,unique_sequence,exact_1372,mmseqs_1304,ECOD_X_3621;ECOD_X_7579,union_0086
1lr0_A,test,3b4879ccfcf4242f83bb3df70c5a5fef5eaf553c2a84e2b1f21401b80df83a75,129,760,unique_sequence,exact_0133,mmseqs_0133,ECOD_X_272,union_0088
1u07_A,test,845b7151e1cd70ab51a196d726ba16bb58387812a09406e969421606d05926ba,90,1229,unique_sequence,exact_0233,mmseqs_0232,ECOD_X_272,union_0088
1lwd_B,test,d68f70fc28c1088e1d89d2d0a6901f1102de4e2b29526abef9754ebc35150cf9,413,141,unique_sequence,exact_0136,mmseqs_0136,ECOD_X_7510,union_0091
2b0t_A,test,c7ca49571d67e7999b8c07a3ef6738ccadfbd564c6558e154bbb6e759defef08,738,1341,unique_sequence,exact_0336,mmseqs_0329,ECOD_X_7510,union_0091
1m7v_A,test,ef27e3707bc5d878bc470469a31b43193a9fc2f77c5cd78bd55bff5cc9127b7d,363,822,unique_sequence,exact_0139,mmseqs_0139,ECOD_X_262,union_0092
5g68_A,test,c5158f5b655d67de07d6eb63e3de8d56dae628bbf9d60ddb27d479d5686cb629,363,1349,unique_sequence,exact_1156,mmseqs_0139,ECOD_X_262,union_0092
1msc_A,test,e381ab6a6a3b5f5ce0ffed526f8a6375ec72567fbd0b04bb68763004e91099be,129,24,unique_sequence,exact_0145,mmseqs_0145,ECOD_X_265,union_0096
2qud_A,test,8645e9c0ce41007b0287624c9909dd74709b40c749b33fdd4fecca7d188579de,125,67,unique_sequence,exact_0536,mmseqs_0518,ECOD_X_265,union_0096
1msk_A,test,bd1ed6d3a5cefbd860741017f85d77cc06caf77b53fe75a13b3bd09213f2aa6e,331,1312,unique_sequence,exact_0146,mmseqs_0146,ECOD_X_258,union_0097
6bm5_A,test,06ff09dea947cdef46f5edb230cc4d960ac6d95deb7c0705d4eefe6b447e68a3,333,214,unique_sequence,exact_1265,mmseqs_0146,ECOD_X_258,union_0097
1o98_A,test,8a8e8c0d9ce69c8de168b51a84853e7f3498c4dc68c2431da93c5264b6367255,511,1047,unique_sequence,exact_0165,mmseqs_0165,ECOD_X_7515;ECOD_X_7554,union_0104
3e2d_A,test,ab2e7322a903432d9b411d8cfe08b3f0345aec850f66f7cdcc437168d3316117,502,741,unique_sequence,exact_0708,mmseqs_0681,ECOD_X_7515,union_0104
3igz_B,test,15afcc1b00130cd3117043c38a193f46604700a84cb0aeff7ffab21ea3c781ea,561,3,unique_sequence,exact_0776,mmseqs_0165,ECOD_X_7515;ECOD_X_7554,union_0104
3ot9_B,test,e8d7b0485783d1fb7c85e438f11f6b8f59706db00c4bf225c0716e44cb76ed05,399,256,matched_original_atlas_neq,exact_0884,mmseqs_0849,ECOD_X_4344;ECOD_X_7515,union_0104
3twz_A,test,e8d7b0485783d1fb7c85e438f11f6b8f59706db00c4bf225c0716e44cb76ed05,399,603,matched_original_atlas_neq,exact_0884,mmseqs_0849,ECOD_X_4344;ECOD_X_7515,union_0104
1ouw_C,test,e8f141e746b1dbdf098aa5a0ad32272e73f381f0f6ce85c1af2eca829a414ffd,152,293,unique_sequence,exact_0173,mmseqs_0173,ECOD_X_76,union_0110
3apa_A,test,356339b8449d7f8a52791e59c635b56f4a1112850b83b4f99dee9e6a55513de0,141,886,unique_sequence,exact_0656,mmseqs_0631,ECOD_X_76,union_0110
1pby_C,test,cf2b5efafb36601935ec931cc3f2fa2dfad2c0a57b5e7566a651d221db0b04a2,79,601,unique_sequence,exact_0175,mmseqs_0175,ECOD_X_584,union_0111
1q74_C,test,d1d9cf73bba4d3a85706d81b52ca6ee198f4e38c7f0013b1cc0e137adb5e299c,303,998,unique_sequence,exact_0183,mmseqs_0183,ECOD_X_7567,union_0118
3dff_A,test,c79a345cc7967af0ba788306cae1c4f4cfa769821b6919bf0e55fc89d43f55ca,273,1140,unique_sequence,exact_0698,mmseqs_0671,ECOD_X_7567,union_0118
1qhv_A,test,b1eff804c64616d1835f16825b62a982afd1ef4dd0ee123d169d30546088e164,195,392,unique_sequence,exact_0190,mmseqs_0190,ECOD_X_5092,union_0122
2vrs_C,test,3d02724bfe30064546fd878c8b5a7f39fe73c7397a150a40422444d71955763c,211,539,unique_sequence,exact_0572,mmseqs_0552,ECOD_X_5092;ECOD_X_53,union_0122
1qnx_A,test,7e72353ce3ef1880fabf84a86c1c1e2fd6c99ce8340bbe06b199e727d78a6657,209,410,unique_sequence,exact_0193,mmseqs_0193,ECOD_X_273,union_0125
1xta_A,test,6e8da6b2af474a5b00a0e4920b1bbafa97778172ca585c7cf7712a4b2f47e701,221,823,unique_sequence,exact_0295,mmseqs_0292,ECOD_X_273;ECOD_X_354,union_0125
1rk8_B,test,20f7ccec3003138a00b65b8e60035f5ff9c4edd5abbef264092e5f6a5567c26a,147,1290,unique_sequence,exact_0203,mmseqs_0203,ECOD_X_861,union_0129
1t61_E,test,c91c45ed8c2d308989acc2c12ececea8a6fbc6c98b0172ff60ac801088565f35,229,541,unique_sequence,exact_0220,mmseqs_0220,ECOD_X_352,union_0138
5naz_A,test,9d7a5b361ec8fbe250005b10658b32088c0397e3fe0e86bd74a297f0eff08285,229,480,unique_sequence,exact_1206,mmseqs_0220,ECOD_X_352,union_0138
1t9i_B,test,a2520a2ed1f2bc13ccc1953f7a0acea7bea069de84cb9c64c279f4fa16bb89c8,163,68,unique_sequence,exact_0224,mmseqs_0223,ECOD_X_242,union_0140
1zd7_B,test,8576a2883ee9b5c260b1de4ce81125b3063c44684d99aab3d0d48c9cec669f43,159,711,unique_sequence,exact_0315,mmseqs_0309,ECOD_X_69,union_0140
2in8_A,test,83c681a6d24e5711953e22eb7cf7fe825732a85f23a24c6c1251fe909b93e456,139,1068,unique_sequence,exact_0449,mmseqs_0436,ECOD_X_69,union_0140
7qsu_A,test,8cdd1c50a3ad2ddf8fb0a1b734e5b53e1ab017684663e9f3b93d50f8fc967cda,374,864,unique_sequence,exact_1369,mmseqs_1301,ECOD_X_242;ECOD_X_69,union_0140
1v4p_C,test,36d48c88b0f5f977a492c529d2c4ec07fdc41126650ad07b6f66fdcc82a56115,157,963,unique_sequence,exact_0251,mmseqs_0249,ECOD_X_309,union_0153
3d3y_A,test,96c415067b921b0d7c7f91a772345308abedf7d6a917e1e067de9c590700ca51,425,585,unique_sequence,exact_0691,mmseqs_0664,ECOD_X_309,union_0153
1vk1_A,test,f33d2ca6c3906f1cbe51c5759885145afcef1cbb4104007959a93999e54c3639,242,732,unique_sequence,exact_0262,mmseqs_0260,ECOD_X_5103;ECOD_X_876,union_0163
3cyi_A,test,8d38dcbe4b745e8dae6d12133ea76c766fd357a7990f88b76f4554a13229af3b,110,131,unique_sequence,exact_0687,mmseqs_0660,ECOD_X_876,union_0163
1wlg_B,test,4d28076ed786226bdba4874c54dabe6927f6fa7d2234bcab1ce910f74b9d7449,299,564,unique_sequence,exact_0275,mmseqs_0273,ECOD_X_4167;ECOD_X_4998,union_0171
6ndw_B,test,48ba442276440bd817d16fc3b92d9432c89f2a44fc2f09c39d8f5adec593cfee,178,1263,unique_sequence,exact_1312,mmseqs_1248,ECOD_X_4998,union_0171
1wpu_A,test,b3fdb466152219e29a26aa78ce14a6ac1d93676d5dc44efc9ede0cdda882f978,147,107,unique_sequence,exact_0278,mmseqs_0276,ECOD_X_849,union_0174
1xg0_A,test,12e67dc5890563640013a91d98b9386b563181f2cb06e1a8a780698f04a31631,76,796,unique_sequence,exact_0287,mmseqs_0284,ECOD_X_851,union_0179
1xkr_A,test,8051bdfc2ed4803170c115036cc75213c4071836c035491518650b700f73a71a,206,184,unique_sequence,exact_0291,mmseqs_0288,ECOD_X_866,union_0181
3h2d_B,test,141f29ac10fe6e14a2e1f385553dc7d07227b60a6762ed331368f6fedd667ff4,155,378,unique_sequence,exact_0759,mmseqs_0730,ECOD_X_866,union_0181
1yu5_X,test,a1491e5841e32345670968415e9cead841c31a7312e76d442918ea5c9254ba2b,67,836,unique_sequence,exact_0309,mmseqs_0304,ECOD_X_155,union_0188
2rjw_A,test,12a2783b246b1abb2e3473b6d7519eb4c88d293fe375d3af2dc1d0e8a9d1b2bb,67,1379,unique_sequence,exact_0547,mmseqs_0304,ECOD_X_155,union_0188
1z7k_B,test,4eb856acb654d71e9476f316e8f06ce32ab2dd0e622fa7584da421ec995998f7,62,858,unique_sequence,exact_0314,mmseqs_0308,ECOD_X_379,union_0192
2gkr_I,test,f8ce6fb852159c2b5df5fb9b9a949de32de4527907dee3fcba5cf2f369116731,51,1373,unique_sequence,exact_0414,mmseqs_0308,ECOD_X_379,union_0192
1zjc_A,test,3da15a422751b3f49a6a394104ed00c06cd9ae6e4c85483c8330ac8db7dece32,418,1138,unique_sequence,exact_0317,mmseqs_0311,ECOD_X_4160;ECOD_X_7590,union_0194
3vnb_A,test,b36cb880b11f4ba9b900d705b90f7fd20dbc6fd24f8e4a15232973f049468d1b,155,1055,unique_sequence,exact_0936,mmseqs_0899,ECOD_X_7590,union_0194
2bln_B,test,41bd13f2719ad355955e42d4ae6ce223889e6e84545956d72d01a5bc03e3bf70,305,707,unique_sequence,exact_0348,mmseqs_0341,ECOD_X_270;ECOD_X_7571,union_0206
3da8_A,test,3536f1ee67a06378e546ae695d708fe38bacb0e8dac232df6fcef7842fbf031c,215,282,unique_sequence,exact_0694,mmseqs_0667,ECOD_X_7571,union_0206
3q0i_A,test,f152b2eef66755bb6c915fdc05a9abd82afe106682969d58120d32d98d22a6f1,318,72,unique_sequence,exact_0899,mmseqs_0864,ECOD_X_270;ECOD_X_7571,union_0206
2ehq_A,test,b47fd3f54a616fa5fda4b9fe0df232a0b9bd9dc66969d1d67222f46ee50d97ed,516,352,unique_sequence,exact_0379,mmseqs_0371,ECOD_X_7524,union_0222
3b4w_A,test,c94511f140b75e7892b588782b31d4a70ce2327dc1a8b0866f92c918df454905,495,713,unique_sequence,exact_0660,mmseqs_0371,ECOD_X_7524,union_0222
2fb6_A,test,4e42918025d0491094024018a94d04c7619f2a775b3cb321ba6c5aa141df76e9,117,1309,unique_sequence,exact_0390,mmseqs_0382,ECOD_X_7545,union_0230
2hy5_A,test,759b75edb24eebd4952d5135d9029b8384f9acf13162cd2fc7d08116b43fda91,130,1241,unique_sequence,exact_0432,mmseqs_0420,ECOD_X_7545,union_0230
2h1t_B,test,51b18dd90d4a1e12e546beb30d390e1e28ced68df9ad798a77498cfd1495da86,188,588,unique_sequence,exact_0421,mmseqs_0411,ECOD_X_71,union_0249
3bk5_A,test,35f737a91fc757ad3713bd87f0c12fa93ff5a4e1c9273a84d0429246eafee8f0,237,185,unique_sequence,exact_0665,mmseqs_0639,ECOD_X_71,union_0249
2hq4_A,test,9b25d8d619ac808e0370635fef57c331226cd7e3eecd9332fa40f7dc6fa38754,161,718,unique_sequence,exact_0428,mmseqs_0417,ECOD_X_4089,union_0254
2hyv_A,test,c1642db95133888f346092faec0fb22b72732d4845fd637bdac019df2679f847,308,867,unique_sequence,exact_0433,mmseqs_0421,ECOD_X_176,union_0256
2ie6_A,test,435ed191f39b23b5903b3eb079ab3578774023e36aa73d3c9a64d09763e26b7a,318,1151,unique_sequence,exact_0443,mmseqs_0421,ECOD_X_176,union_0256
2igp_A,test,bc2595ae85f55da4121fef3ca7c447bfbcfb81f9c1393c4c6eada8e08016718b,120,21,unique_sequence,exact_0445,mmseqs_0432,ECOD_X_193,union_0262
2qjz_A,test,4ef307544ecda30c676f285aa16fe5ffc8e375abda5f4de5ea78a9f1f57a86bc,123,787,unique_sequence,exact_0528,mmseqs_0510,ECOD_X_193,union_0262
2vzc_A,test,bdcadebddb608d1b90d92f8b368bcf91b245a0f68c831fd047d0ce11e25a5516,131,1089,unique_sequence,exact_0574,mmseqs_0554,ECOD_X_193,union_0262
2ozl_A,test,8b6be39b32bce02dd41e419be3fa2f82026df0268c799a3ef4ce2946d5ab95b5,365,101,unique_sequence,exact_0489,mmseqs_0474,ECOD_X_7574,union_0283
3ju3_A,test,50c75404feb51fb3f02b707a0a77251bc43b56ef67845625c96252bd9f9689a0,118,785,unique_sequence,exact_0794,mmseqs_0764,ECOD_X_7522,union_0283
3l84_A,test,a11e306daf05cbed8f5b88e7f4ad28f1606b486b2a9537cd055e20e91bcfdbdd,632,941,unique_sequence,exact_0815,mmseqs_0783,ECOD_X_7522;ECOD_X_7574,union_0283
5exe_C,test,903fe9cffa3517cb4a13d5a1341fd58a12075371c273107d37b79a91039f143f,314,1232,unique_sequence,exact_1151,mmseqs_1104,ECOD_X_7574,union_0283
2pag_A,test,93372dd8deff4d9dbeb8445c03ce601524b2f7ae6877590c0afb8bd5fe02fbcf,135,161,unique_sequence,exact_0500,mmseqs_0483,ECOD_X_4205,union_0290
2prv_A,test,08eabacebdf64ed03aedf53c7d1ef336fe9d3769512b6c0c73115a82b2faf134,153,930,unique_sequence,exact_0511,mmseqs_0494,ECOD_X_4205,union_0290
2rkv_A,test,4159137600c124882c21fe4ae5539ce1c1b0ae53867315a38552f608c8984789,451,182,unique_sequence,exact_0550,mmseqs_0531,ECOD_X_323,union_0310
3cla_A,test,8e7cb4f472e327195952d9c21a9979ecfbca69a1cbfab5822f2679b2d385eb17,213,194,unique_sequence,exact_0683,mmseqs_0656,ECOD_X_323,union_0310
2v9m_A,test,67312779aee8e9c8c84a75741360bef6c88b80d323b7867913cbc02fc798113a,274,1311,unique_sequence,exact_0558,mmseqs_0539,ECOD_X_281,union_0312
3m4r_A,test,f95eb23a0d11add3526d9f3b97dbf6386bb3145a24c936f139d75d051de027b5,222,361,unique_sequence,exact_0837,mmseqs_0805,ECOD_X_281,union_0312
2vfx_C,test,a20910182970386e71e3293f1e00a19d0e712142993113fad61847bdbc11d364,206,355,unique_sequence,exact_0562,mmseqs_0543,ECOD_X_859,union_0314
4wzg_A,test,0d29877a2ae2cf3cbcb3b9253ad2c49da2b42d4ecf34128be170755429a56d14,218,1365,unique_sequence,exact_1094,mmseqs_1050,ECOD_X_859,union_0314
2vkp_B,test,e9ffabb8dc9b7447d240895d047918de1f85dffe02ab26bda9e1a46d222a9ed1,109,1296,unique_sequence,exact_0566,mmseqs_0546,ECOD_X_226,union_0317
3fkc_A,test,fde1a94939856c1333e94ae168805568517ae0205798265fae7d335e9f0b5e32,116,1239,unique_sequence,exact_0730,mmseqs_0702,ECOD_X_226,union_0317
2vri_A,test,3967a4a862f263fceb2b123aca87c51c4d65531d3ba36203285b3b734fbb0638,174,818,unique_sequence,exact_0571,mmseqs_0551,ECOD_X_7529,union_0320
4fc2_B,test,065afb184841a37d82eb392974aca3ae1297f63741fe31ee242e45f713723ea8,521,751,unique_sequence,exact_0994,mmseqs_0956,ECOD_X_3762;ECOD_X_7529,union_0320
4na5_A,test,81e3c43ae9a2fd9389a66b80b4053e31271c42169b4f3ea1f4819bd329e0eda2,522,455,unique_sequence,exact_1046,mmseqs_0956,ECOD_X_3762;ECOD_X_7529,union_0320
6fy5_A,test,211d926e56620249873e0998755196dbf390237e831f42eef2b9d8d65930e2ab,198,1081,unique_sequence,exact_1287,mmseqs_1224,ECOD_X_7529,union_0320
2wfr_A,test,2d3ada4ac5cbb7f2429ee8a3b7f78946ca19e4130dddc63529cf1a68287bfa6b,165,853,unique_sequence,exact_0587,mmseqs_0567,ECOD_X_307,union_0327
5opz_A,test,ed96885e5432f68ab5fac7296e09d6cc3cceab708c484ff9409caa377f953040,137,1037,unique_sequence,exact_1218,mmseqs_1162,ECOD_X_307,union_0327
2wpq_C,test,18d598ab1992fa975689095aac74c6260fe9ef0d6352173a2c1cc3872664cbc1,99,165,unique_sequence,exact_0592,mmseqs_0570,ECOD_X_3567,union_0329
3o3x_A,test,a30925b359508cbab2207c9591ef18b2a17c43f1dcd86ea3a905f0e85a5558fa,198,1366,unique_sequence,exact_0872,mmseqs_0838,ECOD_X_3567,union_0329
2x9o_A,test,68f2314cd583b310d5316482627e2434ca6d8a2ef5fb30ecad009d9f6246932a,244,834,unique_sequence,exact_0603,mmseqs_0580,ECOD_X_867,union_0335
3i94_A,test,c79c60e81cf90728fc45094813298ddf7169b6320fe9b5288370e673774aea7e,248,332,unique_sequence,exact_0772,mmseqs_0743,ECOD_X_867,union_0335
2xdg_A,test,bb63220a1a34e56472a764c4ebc9613d41a2d90d56580a47593277385f422df1,92,731,unique_sequence,exact_0604,mmseqs_0581,ECOD_X_913,union_0336
2xz3_A,test,51924c9802d8ad4c1fe85876491ea55f82cd42c29f755f7def4a1b11f7928245,463,623,unique_sequence,exact_0617,mmseqs_0594,ECOD_X_3782;ECOD_X_7523,union_0336
3lvu_D,test,fd159771fb0df43617870984ab7479764b33601f957fe154ba5f9757205a5fec,258,457,unique_sequence,exact_0832,mmseqs_0800,ECOD_X_7523,union_0336
3o6p_A,test,96528a0a53514a9ff4116e4c33fb68d8eeffff7aac62e51dbd87c46fee1a7c5d,229,337,unique_sequence,exact_0873,mmseqs_0839,ECOD_X_7523,union_0336
5hz7_A,test,a5dfe862ca7fc740496853178a947f1a5da161818a09811824724d1f9b693117,490,721,unique_sequence,exact_1169,mmseqs_1121,ECOD_X_7523;ECOD_X_913,union_0336
6xds_A,test,93a934fc0626c5922c80acca60852a14d4908b3270401f5af19f1abf510d3708,492,40,unique_sequence,exact_1339,mmseqs_1275,ECOD_X_4255;ECOD_X_7523,union_0336
6xrx_A,test,b28764a82baa458e3ec745aa855867f863dfb73fc7ed965c98f60810be1d90ab,554,120,unique_sequence,exact_1340,mmseqs_1276,ECOD_X_3737;ECOD_X_7523,union_0336
2xjq_A,test,5c7830899996dcd372c3414fcd3df62b980d261afc95dbdb0f0c3057c1887939,258,1010,unique_sequence,exact_0608,mmseqs_0585,ECOD_X_5095,union_0338
3ino_A,test,99fed4d06c940f05eef669fb165e04c4b327b17af6698198daccfa84c96c5bd3,143,1175,unique_sequence,exact_0785,mmseqs_0755,ECOD_X_5099,union_0338
6sms_A,test,11b114950f48af9a571a614641e23c706242448d8e92c1d22918188708b6c1fd,724,471,unique_sequence,exact_1333,mmseqs_1269,ECOD_X_5095;ECOD_X_5096;ECOD_X_5097;ECOD_X_5098;ECOD_X_5099,union_0338
2y44_A,test,c81d858d4150152e1b7361d9f4a6003e1f666886e20a238441bee0f51d8fec68,184,472,unique_sequence,exact_0623,mmseqs_0600,ECOD_X_3633,union_0345
2zfz_D,test,76d6abd78757f3730e1aec1039b645da1d417dc5628c31e7a31958f25510a893,79,71,unique_sequence,exact_0641,mmseqs_0617,ECOD_X_306,union_0354
3ipj_A,test,e4d05795e2a3a2c1fd5a947c18a6bf625e1adc6a3cbd0eba6162af67d0c43bcd,95,294,unique_sequence,exact_0788,mmseqs_0758,ECOD_X_306,union_0354
3lbl_A,test,3983f834a3993509f843e022cbf9d6740064eb897fce24cb50fad0a4b219e975,95,794,unique_sequence,exact_0819,mmseqs_0787,ECOD_X_178,union_0354
5w2f_A,test,23af3502f33aab33093a6868ec31b16635f9aa769d874de0cd502a3e70847e15,206,1038,unique_sequence,exact_1233,mmseqs_1175,ECOD_X_178;ECOD_X_306,union_0354
3dza_A,test,f4cd319337f3bd00e787cca07e649ac220c6f7db9c3e794e0805229e44e6faca,191,1378,unique_sequence,exact_0706,mmseqs_0679,ECOD_X_3606,union_0385
6a02_A,test,b3b776300ce386e7e0ec09aebbdead375a8bf02753c6149362d28289a366778e,185,1167,unique_sequence,exact_1256,mmseqs_0679,ECOD_X_3606,union_0385
3e7h_A,test,6cdbb9820e4a614ace6a849d224ac30c6b8191459772e5df24b27230aac05ffc,103,1267,unique_sequence,exact_0710,mmseqs_0683,ECOD_X_275,union_0387
3gqh_A,test,cb74e9b5ae64dd6915d89b40a086a916d63dddaa2a3d09c0a1e029cee8d0149c,163,1382,unique_sequence,exact_0752,mmseqs_0723,ECOD_X_70,union_0387
3lti_A,test,4354eb85cc768d8ce09ec550e69faf547de9f4f2a430a2e898083971780e04d2,296,496,unique_sequence,exact_0829,mmseqs_0797,ECOD_X_275;ECOD_X_4041,union_0387
3ooi_A,test,749a9ffa2e7ce0fc6a6ab1c752249e25492ed09d46c9586580b3f1646d96214d,232,179,unique_sequence,exact_0883,mmseqs_0848,ECOD_X_3358;ECOD_X_70,union_0387
5erq_A,test,273efbca54900267f2fdce90bed61cda98733307cfad38c09b5069ed6432c65b,419,889,matched_original_atlas_neq,exact_1150,mmseqs_1103,ECOD_X_275;ECOD_X_3052;ECOD_X_70;ECOD_X_7541,union_0387
5ert_A,test,273efbca54900267f2fdce90bed61cda98733307cfad38c09b5069ed6432c65b,419,407,matched_original_atlas_neq,exact_1150,mmseqs_1103,ECOD_X_275;ECOD_X_3052;ECOD_X_70;ECOD_X_7541,union_0387
3fpu_A,test,94560268b7ef644f7bb5c1e0621e3bc3f124c071fd118857fbaaebe5a20ca56d,100,173,unique_sequence,exact_0737,mmseqs_0709,ECOD_X_3113,union_0399
3ghd_A,test,b0641e9b709801b469f059e27b98d922043980bb0eb2aa303b82defbbf92f7ec,70,1179,unique_sequence,exact_0748,mmseqs_0719,ECOD_X_282,union_0402
3oi8_A,test,b59d8029abfb73562be8ca7fe47b14e25e7373f25638b0bd516e19dc62bcd214,156,1171,unique_sequence,exact_0878,mmseqs_0843,ECOD_X_282;ECOD_X_6087,union_0402
6uof_A,test,b469b363ac0401a95be6d97873f4f406098350264f8381b33410820c6c7510d3,119,515,unique_sequence,exact_1336,mmseqs_1272,ECOD_X_282,union_0402
3gnu_P,test,8db7384898d43ebe6f57ed2cb9c130257fb9718bf66fa874f982b3943cf9939b,213,556,unique_sequence,exact_0751,mmseqs_0722,ECOD_X_3080,union_0404
3st1_A,test,218868c86d54f15fe78f35540cca84be5c745419f8bcc65d106e95f9e660d05f,214,1384,unique_sequence,exact_0916,mmseqs_0722,ECOD_X_3080,union_0404
3ic3_B,test,a6abd2dce9fb18fab2d8ccca55b566ffab468257e8bec9106335e7d6138abb0b,101,803,unique_sequence,exact_0774,mmseqs_0745,ECOD_X_3348,union_0414
3jub_A,test,bc74869aa7550a948d7bf8e05957bf0add8e007805211020fbeaecf2f4cff22c,153,776,unique_sequence,exact_0796,mmseqs_0766,ECOD_X_810,union_0423
3mol_B,test,4fda17b916629e3235a38c598a566136c4dbb422bb23f5ab58e4041f361b6794,184,567,unique_sequence,exact_0849,mmseqs_0817,ECOD_X_824,union_0446
4o6q_A,test,1bd764367084f7280384b482ff3e125859cb403959f84f41eb0af4c12016183f,184,698,unique_sequence,exact_1052,mmseqs_0817,ECOD_X_824,union_0446
3owt_B,test,1ddf343edbd764110b995a23570165efce7a02289c898bcfdf8a349039915811,157,529,unique_sequence,exact_0886,mmseqs_0851,ECOD_X_3266;ECOD_X_3764,union_0458
3oxp_A,test,790455cfe2e23e640e0d5642c2fc497e030b19ca8f3b89af2074d3e70d7eedd9,150,1087,unique_sequence,exact_0887,mmseqs_0852,ECOD_X_311,union_0459
4m62_S,test,1586735bfd280450e632ff70cd2979ab59ad94374cb6adb6040fa22796a0372b,155,505,unique_sequence,exact_1039,mmseqs_0998,ECOD_X_311,union_0459
3oyv_A,test,1f35da0b1fc462c12e4b07fd3bbd746bc8392c2ddee382b892dd70848cc19afc,361,401,unique_sequence,exact_0888,mmseqs_0853,ECOD_X_3719,union_0460
3rkg_A,test,fd890f25c28eeb75caa448bce52eaa7d97e4b72b159159724fb384e9c0677c2a,261,856,unique_sequence,exact_0907,mmseqs_0872,ECOD_X_4121,union_0471
3tbn_A,test,b41888321479be7a214deb5bfc5ecd34ab317255062e0976a816e2efd326a4fc,87,1238,unique_sequence,exact_0921,mmseqs_0884,ECOD_X_3087,union_0482
6avj_B,test,db2264bf2d349cb2897c860dbab8e095c1934cb5c8be75b90407c5c00bc94052,92,1306,unique_sequence,exact_1262,mmseqs_1201,ECOD_X_3087,union_0482
4cbe_A,test,59a2f3c1b89a523cd5b4b0ba5f997df08980943c79a2707e1d59a5ca07b34a42,218,681,unique_sequence,exact_0966,mmseqs_0929,ECOD_X_3870,union_0510
6atg_C,test,a717d36cf6dd6ce956130db54456c24d16b8ac65aaa04225a002ed26911c6269,214,841,unique_sequence,exact_1261,mmseqs_0929,ECOD_X_3870,union_0510
4gip_A,test,28c2d24a2c8fafa4e2b250251664e8f1eb34ec635ba6e25a4694bc3db890ab8e,81,304,unique_sequence,exact_1002,mmseqs_0964,ECOD_X_3362,union_0529
4oxw_A,test,c1e4cb8d56ef2542b9f3de84c76d6c8995d91315397e5f327d49110adc93ea2e,119,907,unique_sequence,exact_1059,mmseqs_1016,ECOD_X_277,union_0554
4qxo_A,test,d29ec584b0cc85355396b96789d167d292cf9df352d151f1b947f0a006f9d57d,188,90,unique_sequence,exact_1073,mmseqs_1030,ECOD_X_3398,union_0565
5cfl_A,test,6be00c6a39bf7c2920abaae95bfba00cf7bb6876c2e434dc99f16bca3bf2cb37,187,628,unique_sequence,exact_1135,mmseqs_1030,ECOD_X_3398,union_0565
4v1g_B,test,e3b62420ee545e682c005a870667ad8b4d9c0b435f1998743f91804b8eb30f1b,86,1121,unique_sequence,exact_1086,mmseqs_1043,ECOD_X_5041,union_0572
4ytw_C,test,919c063d5dd8f0a5fe58f7bbc3e4bfda22ee67df6ae741e48be56af07fea0dd5,81,587,unique_sequence,exact_1110,mmseqs_1066,ECOD_X_3981,union_0581
4zmk_A,test,c42b74201d3cb7e4f37b81e8ef117f8555611e2b36ce570433bbe9b4ced9fd4d,71,1012,unique_sequence,exact_1121,mmseqs_1076,ECOD_X_1009,union_0588
5bs1_B,test,588b6a525962d6b382d06a6d5f7a7dc6c3a89afef1edddc9c93a0579a0673c24,123,142,unique_sequence,exact_1130,mmseqs_1085,ECOD_X_4085,union_0596
5dpo_A,test,8b0f36ed9fc33c95ac1cb52bd2b5c5b99311acf969cbaaa811534083caacf8a9,119,528,unique_sequence,exact_1141,mmseqs_1095,ECOD_X_4085,union_0596
5kko_D,test,30cf8ae0ac080b939c206e3434248b39498b349aa596c266b9b9f3dcbb6510c4,55,1354,unique_sequence,exact_1189,mmseqs_1138,ECOD_X_3106,union_0621
5kvk_A,test,7ecb016d027f8739e30a45fe9fa11f4a0c7d3e277769a7f1eba5f1bf64b2fa1f,170,391,unique_sequence,exact_1192,mmseqs_1140,ECOD_X_7520,union_0623
5vu3_B,test,0a2f6cdf921dddef0c5b3740c92e3bec36624386c848d8b47753fdddee267f00,170,848,unique_sequence,exact_1232,mmseqs_1140,ECOD_X_7520,union_0623
6as3_A,test,6842f2aac693bcf7804cdcf0907f0e2173df99de51e6131642c802de9435db33,106,665,unique_sequence,exact_1260,mmseqs_1200,ECOD_X_7019,union_0653
6j56_A,test,6ff3116fa1d8d7cea059df90f2f82a3fedd58c2aa240919408a2a5d2c37c418f,129,852,unique_sequence,exact_1298,mmseqs_1235,ECOD_X_3091,union_0673
16pk_A,train,3c396ab30382a1c4c2561238b02ea9f261903a3a3dcd417365fcd4cfa6d99437,415,586,unique_sequence,exact_0001,mmseqs_0001,ECOD_X_7532;ECOD_X_7533,union_0001
1a62_A,train,0df3e4f4d4b698b4bd0a36850c5e2a3597670b6fb3e3d26b0a87e151abda9a7d,130,17,unique_sequence,exact_0002,mmseqs_0002,ECOD_X_130;ECOD_X_2,union_0002
1bq8_A,train,f284edff601ec4d1716545f70d93996a220dd6f405a79268dc999b082fac3385,54,638,unique_sequence,exact_0012,mmseqs_0012,ECOD_X_375,union_0002
1c96_A,train,0d1e0bf29614f9f366bef5503aecc6242421f80da4c91c0c7bc60405aa8d0613,753,334,unique_sequence,exact_0019,mmseqs_0019,ECOD_X_2487;ECOD_X_7542,union_0002
1d3y_B,train,0411950b90dc6bdd5c0f61fcb274761c9772f66029cd9e7927b8d594fa5e90c1,301,1184,unique_sequence,exact_0026,mmseqs_0026,ECOD_X_101;ECOD_X_2006;ECOD_X_4027,union_0002
1d4t_A,train,f0b9a62b7da1078b318e3a79e67dd550c3c90b5ab96edd0c89a9ac276a6328e1,104,1227,unique_sequence,exact_0027,mmseqs_0027,ECOD_X_214,union_0002
1dfu_P,train,28b0c1fb7c8669ccfac0beb75e76d4d36176b11143e58521c9a2234e76394930,94,1203,unique_sequence,exact_0030,mmseqs_0030,ECOD_X_239,union_0002
1dj0_B,train,674609915e9d5bb714c4eb26b767cc91bdb96bcfd742cb39fec32e3a0caff4de,264,909,unique_sequence,exact_0031,mmseqs_0031,ECOD_X_304,union_0002
1dlj_A,train,acc7c3effb3046378e8240070a3aacf49169b605bb9205d40d8f137021bfe45e,402,79,unique_sequence,exact_0033,mmseqs_0033,ECOD_X_129;ECOD_X_2003,union_0002
1doi_A,train,7cd88f02e57c312417faefeb4257bf221dfca17acd60a318dea90d3b13fb5e5b,128,269,unique_sequence,exact_0034,mmseqs_0034,ECOD_X_221,union_0002
1dwk_A,train,947527cb44ad345f9a1c7be32df69d9024ad308ac30fcd5036fe6ce2e838193f,156,615,unique_sequence,exact_0039,mmseqs_0039,ECOD_X_101;ECOD_X_812,union_0002
1ear_A,train,80861e1ae4df0be876d1637becd1a378ef58bdfe2fd18efdfd018d0f265b0b32,147,1015,unique_sequence,exact_0041,mmseqs_0041,ECOD_X_304;ECOD_X_55,union_0002
1esw_A,train,90c4398d77ed9e01c7b5c2d34af94445830755419ecfa428b81d52fbdad571c8,500,1234,unique_sequence,exact_0044,mmseqs_0044,ECOD_X_2002,union_0002
1f20_A,train,eda3046e67c254fb3cd48aac3db5b723f3f67eba821dc823a031ec352b055695,435,1272,unique_sequence,exact_0047,mmseqs_0047,ECOD_X_1;ECOD_X_3687;ECOD_X_7514,union_0002
1f5n_A,train,d3996a95bf2b0d150d31ffdd1ddeab8d9e8eeaab4e67ddada41e4eb4d85f8da0,592,106,unique_sequence,exact_0049,mmseqs_0049,ECOD_X_2004;ECOD_X_621,union_0002
1feh_A,train,256e5d85a0e3cf8376fd1dc8a91c8809f4eebe00217ef1b458d5f6c3f729cc8b,574,1067,unique_sequence,exact_0053,mmseqs_0053,ECOD_X_205;ECOD_X_221;ECOD_X_5100;ECOD_X_581;ECOD_X_7556,union_0002
1fx4_A,train,4e8c435ed859f3153223b3c0ffc768cbfe0b531a815dbd98cea03654b0df8f9c,231,255,unique_sequence,exact_0058,mmseqs_0058,ECOD_X_304,union_0002
1g2r_A,train,75ff2c049c7c1d3eb24648bc7ae6daac0a85f652a44eb8449f120c0cc551b4cd,100,608,unique_sequence,exact_0060,mmseqs_0060,ECOD_X_377,union_0002
1g38_A,train,7289517a548875efb8865c32034a2b02bb4d3ed08484650aaf55d9249ccae00f,393,19,unique_sequence,exact_0061,mmseqs_0061,ECOD_X_2003;ECOD_X_4333,union_0002
1g7s_A,train,8daa3f493649df9d4b746e6b44758da7cd8438a7550f63c6c04036f108af7eb1,594,180,unique_sequence,exact_0063,mmseqs_0063,ECOD_X_1;ECOD_X_2004;ECOD_X_7526,union_0002
1g9g_A,train,48742378998c7f49e5b2f452d3ab5f21bf370a96de75437c6cfb321357ea45d7,629,938,unique_sequence,exact_0064,mmseqs_0064,ECOD_X_109,union_0002
1gpj_A,train,926de0e294f9015a22f0fc24e516a25df10cab952add2af5802b42ea177bd32f,404,310,unique_sequence,exact_0066,mmseqs_0066,ECOD_X_2003;ECOD_X_304;ECOD_X_547,union_0002
1gqe_A,train,280ba40e012bc465d65d1c96e23707a91ec98f486ddaee5c0d0d79a5b3b9b045,365,46,unique_sequence,exact_0067,mmseqs_0067,ECOD_X_304;ECOD_X_330;ECOD_X_4006,union_0002
1gwe_A,train,686c0087dfbcdc8473d7908357f0b76b61ee34711d4b2a7fbca99951d03ea492,503,1123,unique_sequence,exact_0069,mmseqs_0069,ECOD_X_4028;ECOD_X_4047;ECOD_X_4048,union_0002
1hbn_E,train,d4b8bdce9245e13f232f2017e54523dd003d8d284bacc73c22cffe844f260746,442,1019,unique_sequence,exact_0075,mmseqs_0075,ECOD_X_154;ECOD_X_304,union_0002
1hw1_B,train,b2b863f0e4031b6e1e52a4f310efd18c09b543dfa1103f46a8683212250fdf6b,239,229,unique_sequence,exact_0080,mmseqs_0080,ECOD_X_101;ECOD_X_628,union_0002
1hye_A,train,0c6345cb21898278ab2caaee7132a4de5a2a217fa602fe544d128f788c2b4666,313,627,unique_sequence,exact_0081,mmseqs_0081,ECOD_X_2003;ECOD_X_279,union_0002
1ig0_B,train,c85255cc97f64d49259073401c52cd4f4133fb0bf6be47597ed410d28994a4d5,319,285,unique_sequence,exact_0085,mmseqs_0085,ECOD_X_10;ECOD_X_7562,union_0002
1ig3_A,train,c348ec219f71de8884f2e8a5b207b1895158626e81cd7e9bb4fcc6294f7e064d,263,982,unique_sequence,exact_0086,mmseqs_0086,ECOD_X_10;ECOD_X_7562,union_0002
1ikp_A,train,ea032776e6a82df831bc7feb2fb4a503c2a6983c806ccb6b474f255866ee1a9d,613,692,unique_sequence,exact_0089,mmseqs_0089,ECOD_X_10;ECOD_X_237;ECOD_X_5000,union_0002
1j0p_A,train,48e91ae63dc36c7aa796dd7850aebe2d007a47f89a685a254b21b8fd0a94d6d1,108,298,unique_sequence,exact_0096,mmseqs_0096,ECOD_X_139,union_0002
1j8r_A,train,d3d48901c52221fa58053151e4713bdd9fb5abbd5ad991435745e53f2af4df70,196,847,unique_sequence,exact_0101,mmseqs_0101,ECOD_X_11,union_0002
1jnr_C,train,1524d1527f6fe1f9a298d9a23d05d12a4936b4df2ef2df273b23a5eefd643ee2,643,1172,unique_sequence,exact_0105,mmseqs_0105,ECOD_X_2003;ECOD_X_278;ECOD_X_604,union_0002
1jq5_A,train,7817b250b0117c94c6e353047e292e41edbc8dce2ed9196976bc8dc7fa4564f8,370,1107,unique_sequence,exact_0107,mmseqs_0107,ECOD_X_2007;ECOD_X_4002,union_0002
1jwq_A,train,4f00f2979d29f4623792d6885b68467486b9ffb318a9dbceb428332abd00412b,179,4,unique_sequence,exact_0109,mmseqs_0109,ECOD_X_2011,union_0002
1k5n_A,train,420c4a5306752910bc6c9fce8c51b7c5d556f3449eb606a23f50dabf2236460e,276,769,unique_sequence,exact_0112,mmseqs_0112,ECOD_X_11;ECOD_X_233,union_0002
1k7c_A,train,04bca2e2ce40dac8bff8c7539c2c3f32ceabb6193901ccd9386246efdf7a8b08,233,1160,unique_sequence,exact_0113,mmseqs_0113,ECOD_X_2007,union_0002
1k7j_A,train,2a9206bdd698c19eb13a28262e72cedab5cb7938b446eb75c711855722113e7b,206,558,unique_sequence,exact_0114,mmseqs_0114,ECOD_X_297,union_0002
1kew_A,train,94075cdd9e6aac99c1d4213c5b4ca87a9580224b9f3b13f87c302252f64c46de,361,281,unique_sequence,exact_0117,mmseqs_0117,ECOD_X_2003,union_0002
1kgq_A,train,0dc114aaa2c400a65fcf8f48daac0d9078f87e6084a5b2583478c20d7f7ded41,274,432,unique_sequence,exact_0118,mmseqs_0118,ECOD_X_208;ECOD_X_3001,union_0002
1lc3_A,train,aa1d786dfbfa8ece5207e6fcf3e647e58abf7ff98b1f9eb98edd50526daad05e,294,124,unique_sequence,exact_0128,mmseqs_0128,ECOD_X_2003;ECOD_X_298,union_0002
1lfp_A,train,9cc37bfccdea1dd63cb25c2a2b58ec2821ff425a52789af75a4c6e9e82429a0e,249,510,unique_sequence,exact_0129,mmseqs_0129,ECOD_X_304;ECOD_X_4003;ECOD_X_4007,union_0002
1m15_A,train,727c76a6142a41d24fe7364a26358d0e5f7d3878cdfa3efafc055f19a5487085,357,311,unique_sequence,exact_0137,mmseqs_0137,ECOD_X_199;ECOD_X_321,union_0002
1m5q_I,train,e56aa8d02bf1c350460923a1575af5ee53a37acf1494e33fd423736eb8e54610,130,825,unique_sequence,exact_0138,mmseqs_0138,ECOD_X_3006;ECOD_X_4,union_0002
1mv8_C,train,ac4b0d6e10b5fe5b7e79f7e6e692fff3ae7843963ad19f2f14c95a5f69a9f3cf,436,317,unique_sequence,exact_0147,mmseqs_0147,ECOD_X_129;ECOD_X_2003,union_0002
1n7z_A,train,33c72f2cae0227f320848fa2ad484e874a811924f34279a21ca45e02f64d19b2,334,1045,unique_sequence,exact_0149,mmseqs_0149,ECOD_X_3899;ECOD_X_4,union_0002
1ng6_A,train,8dc0a0658daa42be41d42c5ff8da88b11e3ba84f5f0e0efcdeaf49b8be7f4c22,148,892,unique_sequence,exact_0152,mmseqs_0152,ECOD_X_610,union_0002
1nij_A,train,849c574cabab6c91be3d09788c83cc9ec34b69b8e1f93368b8dacbe2d1bf27c8,318,479,unique_sequence,exact_0154,mmseqs_0154,ECOD_X_2004;ECOD_X_884,union_0002
1njh_A,train,a6cf08ea63b11358db2fb39f0e8434dbd0df36e357d6b96f308f285e16ea4ce2,119,306,unique_sequence,exact_0155,mmseqs_0155,ECOD_X_3504,union_0002
1o0s_A,train,431c450c538e50fe7eb2b62fd811b1026b1ada39bcfb5aed3ebb0a9ecc38551d,605,1094,unique_sequence,exact_0161,mmseqs_0161,ECOD_X_2003;ECOD_X_2007;ECOD_X_7073,union_0002
1o4k_A,train,7a866a7768809ddc39b70c7063a2654d8b56d50e68137225550fa63ce82c72a5,108,381,unique_sequence,exact_0163,mmseqs_0163,ECOD_X_214,union_0002
1o75_A,train,0130a18ecd4f25cbfd7b51c82bf681cda0c09d89e09dad7ff85ac5445bb4012e,415,264,unique_sequence,exact_0164,mmseqs_0164,ECOD_X_11;ECOD_X_711,union_0002
1ojq_A,train,3e3f48a60e66a87832fbd8b51fae0664a2c2e0d4d54f1eeedac6e8b45020c94d,212,1164,unique_sequence,exact_0171,mmseqs_0171,ECOD_X_237,union_0002
1ptq_A,train,d1ae6a9895060bc1c638b4aba424680048b0f6b51f29c483232e5e897390d8c2,50,1132,unique_sequence,exact_0179,mmseqs_0179,ECOD_X_376,union_0002
1qcs_A,train,338a2d5ad2dae5d889a620c7c4d68cbdb8b6f789e59590b0608c92b4d5acc364,211,591,unique_sequence,exact_0187,mmseqs_0187,ECOD_X_1;ECOD_X_229,union_0002
1qw2_A,train,a409f6f2663de437e650f2c5d7915645c3199cbe5903f84998fbc44474add3b3,102,1387,unique_sequence,exact_0194,mmseqs_0194,ECOD_X_850,union_0002
1r0k_A,train,ea15207f229d3b786d33da8004c64b1610fb1f2358566ae5501a9d44671a78f9,388,186,unique_sequence,exact_0197,mmseqs_0197,ECOD_X_166;ECOD_X_2003;ECOD_X_298,union_0002
1r5l_A,train,960a3bfef500526ef23f9eea47fd4709f61bfb2098fc778e96cc2437ce0fbcbd,262,400,unique_sequence,exact_0198,mmseqs_0198,ECOD_X_103;ECOD_X_2496,union_0002
1r6w_A,train,c6fdc6aa360b6878ae7f3616f2e81df3bdfaff322154982e7a5466b76e122cc4,322,704,unique_sequence,exact_0199,mmseqs_0199,ECOD_X_2002;ECOD_X_218,union_0002
1rm6_B,train,efa3dc97b7b16e24c9ec9b9796f94f9b876914c14f155358f6c7a7d6fb766ee2,324,1277,unique_sequence,exact_0206,mmseqs_0206,ECOD_X_1109;ECOD_X_217;ECOD_X_244,union_0002
1rqj_A,train,efc6a2631eaf7d430e481901e412aa0c8e4fb63089a7c3a7f2ced63ad2a01ca2,299,1345,unique_sequence,exact_0207,mmseqs_0207,ECOD_X_141,union_0002
1rrm_A,train,30bae7a381f7a042f5bb2bbf383a047c5178fc1661850a948129e1a3a8c9e783,386,647,unique_sequence,exact_0208,mmseqs_0208,ECOD_X_2007;ECOD_X_4002,union_0002
1ru4_A,train,88f2e3ad620db4c63dfe8f02c8734bb0e74f69b74dec88af3e7f7d1cc04d41ec,400,1221,unique_sequence,exact_0210,mmseqs_0210,ECOD_X_207,union_0002
1sf9_A,train,9cb262d94695d38e02bff21b90c7f029741391d1da4c6768b73e89fcf635893a,128,446,unique_sequence,exact_0216,mmseqs_0216,ECOD_X_3004;ECOD_X_4,union_0002
1ssq_D,train,0d16ffeeec82219cdd03b2e44ad64ec7cbac5f0bfeae5904a022703d234396b9,267,263,unique_sequence,exact_0217,mmseqs_0217,ECOD_X_1114;ECOD_X_208,union_0002
1svb_A,train,04400f53ab1fe84ca46b5725c4f6039e74606fb16a768f1aa4064df0d5e2ca97,395,1077,unique_sequence,exact_0218,mmseqs_0218,ECOD_X_11;ECOD_X_5090,union_0002
1sx3_A,train,63bee3aa6521d19a8b8a9af07fe30a7cc4092de8cc56b3bc05d51b1c759e5c23,525,218,unique_sequence,exact_0219,mmseqs_0219,ECOD_X_2487;ECOD_X_2498;ECOD_X_593,union_0002
1t7v_A,train,cbdc9fef4de27bc8e622da8a06583dcc6af432dc2271d12e85226a41d754f16f,278,1139,unique_sequence,exact_0221,mmseqs_0112,ECOD_X_11;ECOD_X_233,union_0002
1t95_A,train,d71070752526a10486ba41b6acb96c2bdc7c4f12c435f89bfceaeddc87790b54,240,467,unique_sequence,exact_0223,mmseqs_0222,ECOD_X_103;ECOD_X_251;ECOD_X_304,union_0002
1tag_A,train,4299f2fae3f3166d6b887ae2be7b6a4b79f899208829110d880450665cd04a2a,324,498,unique_sequence,exact_0225,mmseqs_0224,ECOD_X_135;ECOD_X_2004,union_0002
1tdz_A,train,a24b84b4572f240bbeff26cad73b6c1fe5dbd4576730fd36cdffa00b5cb36393,272,799,unique_sequence,exact_0226,mmseqs_0225,ECOD_X_102;ECOD_X_3504;ECOD_X_377,union_0002
1tez_B,train,0dd57bd2957a3f0305c51d8543bfe0e637122a58940ed8860fdc6cc0b7cb942a,474,530,unique_sequence,exact_0227,mmseqs_0226,ECOD_X_182;ECOD_X_2005,union_0002
1tg7_A,train,a1410f9ad53c095e9b93d11ca672ca583f741100307319128d8bfeefc8fa7b46,971,1173,unique_sequence,exact_0228,mmseqs_0227,ECOD_X_10;ECOD_X_11;ECOD_X_12;ECOD_X_2002;ECOD_X_4077,union_0002
1tov_A,train,80ebb9d15c927f14f0838b220c9ef3e80b2dbe3c3710128d6a2a2698fa53a680,98,56,unique_sequence,exact_0230,mmseqs_0229,ECOD_X_4,union_0002
1u09_A,train,c357b97153526f21e7381bfc9d4d4180d69e9b6f5aae87c6b5e6297af92080f6,476,354,unique_sequence,exact_0234,mmseqs_0233,ECOD_X_304;ECOD_X_4967,union_0002
1u6r_B,train,689f7b68307f0f885074b6103b4e60c2d5c824c48439c9df7784e199a408c0b5,380,365,unique_sequence,exact_0236,mmseqs_0137,ECOD_X_199;ECOD_X_321,union_0002
1u8v_C,train,f7af0b8f7a9cf9de383f759832c23d953cb4911c0885bc12c3f29f346a25cf76,490,466,unique_sequence,exact_0240,mmseqs_0238,ECOD_X_4033;ECOD_X_4052;ECOD_X_633,union_0002
1uwk_B,train,e6f4dc3bf56c522660888b52520e06dc462869e8e106202a3f25ae56b87095b1,557,1100,unique_sequence,exact_0246,mmseqs_0244,ECOD_X_2003;ECOD_X_321;ECOD_X_4022,union_0002
1ux6_A,train,203ca2072c8e78c430c9fadf9fb42e8d9be6676fa8cccd201c660c1ae6ebfef7,350,773,unique_sequence,exact_0247,mmseqs_0245,ECOD_X_10;ECOD_X_921,union_0002
1uxy_A,train,f38958d0a8545241769cd4ad657c84ae06ce434686286d0ccdc2a7677a6a9a74,340,878,unique_sequence,exact_0248,mmseqs_0246,ECOD_X_217;ECOD_X_313,union_0002
1v0w_A,train,506bd23b48adb857aef4e139de498289ccbd2e89ca9cb0a9517322a62adcacf8,506,261,unique_sequence,exact_0250,mmseqs_0248,ECOD_X_300,union_0002
1vlb_A,train,104e597d7c7e6e79cb7ebe3465cbf192b5283fcf2cbf4c8ef9956b89053047f1,907,597,matched_original_atlas_neq,exact_0264,mmseqs_0262,ECOD_X_179;ECOD_X_221;ECOD_X_231;ECOD_X_325,union_0002
1wf3_A,train,2cf88b662a27c50e7153444a42009ea95f72d6f91f79ad307944f1f9dcb1e190,301,893,unique_sequence,exact_0272,mmseqs_0270,ECOD_X_2004;ECOD_X_327,union_0002
1whz_A,train,a55a7f05201329a6c9db5dce925f8bdcab7c18e43a3d72b220f0cec2f2b4aded,70,508,unique_sequence,exact_0274,mmseqs_0272,ECOD_X_330,union_0002
1wui_L,train,5b3bf443cd451a74953a0f3a8b319256a184c044ea33d6bc772a298d2c1ac403,534,390,unique_sequence,exact_0282,mmseqs_0280,ECOD_X_244;ECOD_X_4025;ECOD_X_4046,union_0002
1wui_S,train,d604ed3fae4302604003e3b8fff2dca59af3495f24859a66060e0ae83ed0df90,267,29,unique_sequence,exact_0283,mmseqs_0281,ECOD_X_2007;ECOD_X_4024,union_0002
1xkg_A,train,0b034e6221c29b78a6458f3c438cf4aceb594474bdf91cd0c73ab2aeefade71e,312,135,unique_sequence,exact_0289,mmseqs_0286,ECOD_X_219;ECOD_X_3998,union_0002
1xmk_A,train,b335fe0c574aeabecd7eb1a0fb95b01931f95ff12d067bc4f19e520de69e99ad,79,839,unique_sequence,exact_0292,mmseqs_0289,ECOD_X_101,union_0002
1xwl_A,train,8b535508bd961330175a592f2c03ff91a40573ce1b61e84564b79ef57f9c5657,580,579,unique_sequence,exact_0298,mmseqs_0294,ECOD_X_2484;ECOD_X_304;ECOD_X_4964;ECOD_X_4970,union_0002
1y6i_A,train,44ea7120066ea96c86b98c82ed571fec3b0b599af91fd8015f387c90cbf6d39c,233,846,matched_original_atlas_neq,exact_0300,mmseqs_0296,ECOD_X_109;ECOD_X_4304,union_0002
1y7t_B,train,fd4038757b927fe2959050700b3905a2256da48ee5f6c84bb6593c97b0fe2e31,327,812,unique_sequence,exact_0301,mmseqs_0297,ECOD_X_2003;ECOD_X_279,union_0002
1yqe_A,train,28f0a51b1ec3561a70a7b7af8075ef03c0e803031b7b9440d1ab45d185de7571,282,1011,unique_sequence,exact_0306,mmseqs_0301,ECOD_X_2011;ECOD_X_4978,union_0002
1zos_C,train,c7b28f8ba09847a017ee5c8cc3bb629973b08fbd8b7907f6a8236c6b6ec5efa0,230,577,unique_sequence,exact_0319,mmseqs_0313,ECOD_X_2011,union_0002
1zpe_A,train,99aaedc03591416ddf954dc88861541cbe3cb561b4c87adbea817ea96d088de0,314,546,unique_sequence,exact_0320,mmseqs_0314,ECOD_X_2006,union_0002
1zt5_A,train,4b8d0c89babb94d4578821e4540da0f774413702e1f6ccde7557624e322f7b54,80,924,unique_sequence,exact_0322,mmseqs_0316,ECOD_X_363,union_0002
1zxx_A,train,482338ae2efbb265307782fe5dca124ea60c4b15aabaa4b572cc3de4852e0c3a,319,1024,unique_sequence,exact_0323,mmseqs_0317,ECOD_X_2007;ECOD_X_7572,union_0002
2abk_A,train,8cc429e95b2168657d04ac4949331c39c71b12fde93e7f12e3558e3b051318cc,211,418,unique_sequence,exact_0325,mmseqs_0319,ECOD_X_102,union_0002
2ad6_A,train,4b581524ab762116d6060512d1fa25e89537d095bd65ab1b256c6559c6a0cb5e,571,1181,unique_sequence,exact_0326,mmseqs_0320,ECOD_X_5,union_0002
2ahn_A,train,ebae7327d93e19f432cf18bf063ca554fb7168930dc57248552828b934526616,222,1065,unique_sequence,exact_0328,mmseqs_0322,ECOD_X_11;ECOD_X_3484,union_0002
2au3_A,train,8876e04fff2c51bc5275c7407392b3fd94778c3e95a8787b07b50706159b4ae9,407,605,unique_sequence,exact_0333,mmseqs_0326,ECOD_X_2006;ECOD_X_375;ECOD_X_4023;ECOD_X_4973,union_0002
2au7_A,train,afb9930ff113cf2c2893fb0682ea3d7eed06e98294bb7283548024384a4e83c2,175,1103,unique_sequence,exact_0334,mmseqs_0327,ECOD_X_2,union_0002
2b0a_A,train,e62f176cf206ad6a1033639b760476f79b86864012b6e55255302f637c7e4f65,186,1368,unique_sequence,exact_0335,mmseqs_0328,ECOD_X_2487,union_0002
2b3y_A,train,3528fed9da3debcb7a89158c1cb59e717115f3848e321019a2bf69b3662d7430,888,63,unique_sequence,exact_0338,mmseqs_0331,ECOD_X_2487;ECOD_X_7542,union_0002
2b7r_A,train,48071b889478477162ba0650f28deeb440b22dfc5e132c76225882959879560b,571,879,unique_sequence,exact_0339,mmseqs_0332,ECOD_X_101;ECOD_X_139;ECOD_X_2003;ECOD_X_278,union_0002
2bf6_A,train,d06547449d228115a712dacf91b8e026a9dbeec751ff4ceef516961b880349bd,449,1294,unique_sequence,exact_0343,mmseqs_0336,ECOD_X_5,union_0002
2bko_A,train,459fab924a009534f3848cab193d2fc6c33e65ac0a5f7d0d13868b3152a44e8b,205,105,unique_sequence,exact_0347,mmseqs_0340,ECOD_X_4261;ECOD_X_604,union_0002
2bo1_A,train,8a608358b79df55506c923ae73e984bd2423093ddb01998073760fac9f284c5b,101,33,unique_sequence,exact_0350,mmseqs_0343,ECOD_X_301,union_0002
2cb5_A,train,594daf04700dfc893a63a7ef87938377644215e9a1cdfe2f5e7695d269c2b8a2,453,44,unique_sequence,exact_0354,mmseqs_0347,ECOD_X_219,union_0002
2cwy_A,train,9210613c612d6e10f2188a2ab5f977c519a32a3f54bcfc2670c3447531ff55cd,94,245,unique_sequence,exact_0358,mmseqs_0350,ECOD_X_4266,union_0002
2cxi_B,train,79e91fc500f072766697b2e25aa0b62ed29fe626476ebae1fd4cf85c6a1f755c,348,1105,unique_sequence,exact_0360,mmseqs_0352,ECOD_X_101;ECOD_X_865,union_0002
2d28_C,train,f55cf9c5fe937b801fe36153c6fa3385646586132badff6f6433bd6d06f0df4c,149,634,unique_sequence,exact_0363,mmseqs_0355,ECOD_X_1112;ECOD_X_327,union_0002
2d5b_A,train,a68e1718774339257df52209db15e644e205ab6007f2acb5aafc8c48830293e0,500,437,unique_sequence,exact_0364,mmseqs_0356,ECOD_X_140;ECOD_X_2005;ECOD_X_375,union_0002
2dt8_A,train,342979cab003bb0f0384fb63aed6ea72c6b4b7f69151c65bcd73e6bd1769df84,280,1074,unique_sequence,exact_0369,mmseqs_0361,ECOD_X_2010;ECOD_X_301,union_0002
2dtr_A,train,5d3061297364ef7c6a8c9129443e41bb435ce585f624ea3953cd59cc59bd440e,226,87,unique_sequence,exact_0370,mmseqs_0362,ECOD_X_101;ECOD_X_183;ECOD_X_4,union_0002
2e7z_A,train,13010d985dfdf8123e602f12e61a51b4a5a8acf33c1595ce6b9ce8c77011d031,727,906,unique_sequence,exact_0375,mmseqs_0367,ECOD_X_1;ECOD_X_1001;ECOD_X_2003,union_0002
2f5t_X,train,765fb764abd5e316cab153072b5cd0b29af6ad9c2e601e9d188d40fd2c205cff,233,919,unique_sequence,exact_0386,mmseqs_0378,ECOD_X_300;ECOD_X_4,union_0002
2fef_B,train,f9bfd80c2fc11baa5770256ea04b829058f43f71008997af52ccf6cebca33e99,294,715,unique_sequence,exact_0392,mmseqs_0384,ECOD_X_4079;ECOD_X_633,union_0002
2glz_B,train,cad490e215eee77da9c32429dc049f94d773e94bd4847af331cd96d7febfaa9f,153,37,unique_sequence,exact_0415,mmseqs_0405,ECOD_X_298,union_0002
2gno_A,train,8259ca9a8e68a0fc80e7d5cb807ead1ffbd26bc81581dfe566df6e22bc78100f,305,123,unique_sequence,exact_0416,mmseqs_0406,ECOD_X_138;ECOD_X_148;ECOD_X_2004,union_0002
2gwm_A,train,362f3a0e4969aebfb84ff88a953fa7196e08cd84b5a3d67cfdaf8dbd40c3505e,200,1278,unique_sequence,exact_0419,mmseqs_0409,ECOD_X_237,union_0002
2gwn_A,train,ced25054d30f5e35d5b6746f900995d4d10c80e4702659eb4ac0d05487613201,452,228,unique_sequence,exact_0420,mmseqs_0410,ECOD_X_2002;ECOD_X_65,union_0002
2h2z_A,train,81e6caaff95b6ebd183de448ec59114da57608f38bf1fde2ba3d7e65b9979e84,306,70,unique_sequence,exact_0422,mmseqs_0412,ECOD_X_1;ECOD_X_6001,union_0002
2hhv_A,train,57592a4e5bfe13b1d944e50e90d838b2fabde66fb65e7acb34fe5a8332fb5fd6,580,1099,unique_sequence,exact_0425,mmseqs_0294,ECOD_X_2484;ECOD_X_304;ECOD_X_4964;ECOD_X_4970,union_0002
2hu9_A,train,2163e8813cc37936bee9786f80ed0e58097d68b44cf6f882e8d498a32c37fcdd,130,16,unique_sequence,exact_0430,mmseqs_0418,ECOD_X_375;ECOD_X_6024,union_0002
2i2f_A,train,87e23edc429229686427da811996cc79653e42e6089f1b6c4395e4ac79cd5ae9,272,91,unique_sequence,exact_0434,mmseqs_0422,ECOD_X_2007;ECOD_X_4004,union_0002
2i7c_C,train,66823a1c137951bec9586afd27b8e3ca668f92482abe5330cf7afbcb9a5b1072,283,1001,unique_sequence,exact_0437,mmseqs_0425,ECOD_X_2003;ECOD_X_3699,union_0002
2id6_A,train,6548535e2367516a32ffd840503f278b3c05f567d408dda084a3372be4bef83a,202,626,unique_sequence,exact_0442,mmseqs_0430,ECOD_X_101;ECOD_X_191,union_0002
2igi_A,train,3835ee9974e946a811dcce5ab39d554d81f2be3a154bcb67d54e841539a51cac,180,506,unique_sequence,exact_0444,mmseqs_0431,ECOD_X_2484,union_0002
2ii1_D,train,087c4cf6bf9337408c1d744c4d8acb14c111b3f9054ceb11dfd118d7298fa81b,301,1317,unique_sequence,exact_0446,mmseqs_0433,ECOD_X_10;ECOD_X_3685,union_0002
2ims_A,train,405ecc727e491523e2e83343023fec867da99b52fb3dbfc5c7cd78b6b9a9bf8b,171,900,unique_sequence,exact_0448,mmseqs_0435,ECOD_X_5000,union_0002
2jdd_A,train,9dc9600b0286f12ef82588fba88fa2283e32603ae4583b14fce30f26dd5f1918,146,1197,unique_sequence,exact_0457,mmseqs_0444,ECOD_X_213,union_0002
2jh3_B,train,01e5a2ab7ab5cdc3a7e9152356be2dbeeca5b388f519e8626c690f32b94934c5,474,73,unique_sequence,exact_0460,mmseqs_0447,ECOD_X_2007;ECOD_X_6030;ECOD_X_6031,union_0002
2jhf_B,train,5d04a6a4323e04627c9d97ad2d1dc0c3c4ecbc6460eaf1f0e0bb854f5e755f97,374,957,unique_sequence,exact_0461,mmseqs_0448,ECOD_X_2003;ECOD_X_236,union_0002
2jlq_A,train,0385400349f3d6067e549501e16dd86092049e46a3efac679765cdf2737922c8,451,1336,unique_sequence,exact_0462,mmseqs_0449,ECOD_X_2004;ECOD_X_5101,union_0002
2nqw_A,train,a340012c339a8a154ae6a6a3fc0222b8262db5e72c84c0e74edd7a59eae38e68,93,974,unique_sequence,exact_0466,mmseqs_0453,ECOD_X_217,union_0002
2nug_B,train,de190e8a858486a57faef2788fa00e424404e8a5f9a13eb3239672a871be9a7f,221,831,unique_sequence,exact_0468,mmseqs_0455,ECOD_X_171;ECOD_X_330,union_0002
2o6x_A,train,65c0af0cd5b12be478d44a2beaf69dbe6ea6201178d13d12621b5a0d39abbbdc,310,1244,unique_sequence,exact_0472,mmseqs_0286,ECOD_X_219;ECOD_X_3998,union_0002
2o7o_A,train,67d06a3373e32bd4b1f7be530788574386833514a570a0cf981ec833d4fce745,207,1053,unique_sequence,exact_0474,mmseqs_0460,ECOD_X_101;ECOD_X_191,union_0002
2obl_A,train,bbc0926729e40d6e05642dc8754004eed59ad718385ae315d4add76bf2974d57,347,1062,unique_sequence,exact_0475,mmseqs_0461,ECOD_X_160;ECOD_X_2004,union_0002
2op6_A,train,f05b35db141e47e056fb2839eaab5bbfcb686a6cb91c89ed0612bed3e765039b,152,522,unique_sequence,exact_0480,mmseqs_0466,ECOD_X_511,union_0002
2pa6_B,train,411b286db7c80ca83273643d8adaa1d860649e39069d9527f2c7b8f2d4ca8c0e,427,464,unique_sequence,exact_0499,mmseqs_0482,ECOD_X_2002;ECOD_X_218,union_0002
2pcn_A,train,feb0df15eb90d9e9b4df1b823a20989bbdd3cfddd2b7cdc4632f0a764d0b4539,161,1219,unique_sequence,exact_0502,mmseqs_0485,ECOD_X_2487,union_0002
2phn_A,train,4d40e7de9150bfb94774630400c142e148d0803e5a14091efba73d21dee23f74,254,283,unique_sequence,exact_0504,mmseqs_0487,ECOD_X_101;ECOD_X_4093,union_0002
2pmk_A,train,bf54195aeb9c474f046897614968861e1a1cb7c67029dff13a3cc40750fd13b1,243,1376,unique_sequence,exact_0506,mmseqs_0489,ECOD_X_2004,union_0002
2pnw_A,train,49c3d789196db6543a821d221751fb3916c2d684f488f28d5c91c1cf5156a4f7,380,933,unique_sequence,exact_0507,mmseqs_0490,ECOD_X_1;ECOD_X_239,union_0002
2pq8_A,train,d365577ad43710bdd7a05158ef18a8bf4651f5ff82c78f4953f8efe0942f3a47,278,276,unique_sequence,exact_0509,mmseqs_0492,ECOD_X_101;ECOD_X_213;ECOD_X_386,union_0002
2psp_B,train,0494a1b0a94011b6b5e8932cd179449f3941e783e39f07355e65f92c71691411,106,612,unique_sequence,exact_0512,mmseqs_0495,ECOD_X_355,union_0002
2py5_A,train,7d3b986f6a3e4ba6aec1e540a81c48b5cd7a4a7121bdcea052322e4ad9bf38e4,575,167,unique_sequence,exact_0518,mmseqs_0501,ECOD_X_2484;ECOD_X_304;ECOD_X_4968;ECOD_X_4970,union_0002
2qcu_B,train,aa4260cf0bf8c670e86b708a7998ea8da9e9bb634ba8a45eedbad146e1f1dda6,501,1176,unique_sequence,exact_0523,mmseqs_0505,ECOD_X_2003;ECOD_X_244;ECOD_X_6058,union_0002
2qdx_A,train,22fe9ca1e482338c176a807bfa82f7d021314c7c1c15df4235fba7f00bc0adb1,257,1228,unique_sequence,exact_0524,mmseqs_0506,ECOD_X_1;ECOD_X_7514,union_0002
2qev_A,train,a1bde92d78d3c489c25ffece9c5a653c4be42ef881c4031e006d05e8c78f768c,145,837,unique_sequence,exact_0525,mmseqs_0507,ECOD_X_108,union_0002
2qia_A,train,b7a61d92308a19ed6916b1bf1694ef4fdab1776e327c2c61b840a39b2a85fdf9,262,921,unique_sequence,exact_0527,mmseqs_0509,ECOD_X_208,union_0002
2qmj_A,train,91fd07f12a3dfbe130150ea560292ae1eb0a0df7d3d8060e4f2e3709998cbdfb,870,12,unique_sequence,exact_0529,mmseqs_0511,ECOD_X_12;ECOD_X_2002;ECOD_X_355;ECOD_X_4178,union_0002
2qq4_B,train,9e96574472b2a8988ba97261a6bcd280eca9f3e81aa53334dd18c2f6f98c22df,138,826,unique_sequence,exact_0532,mmseqs_0514,ECOD_X_244,union_0002
2qtd_A,train,9564ee4a9a6f36e0d668d1f99611c8db14d3b7e6c3bd0173fb5f8f718a6c84a4,105,954,unique_sequence,exact_0535,mmseqs_0517,ECOD_X_2484,union_0002
2ra8_A,train,510a36c9534442df5511021b53118ab37dc0555d557130b2a704e2c2b57fbc86,362,183,unique_sequence,exact_0540,mmseqs_0522,ECOD_X_207;ECOD_X_4210,union_0002
2rbk_A,train,d4768b439931cddf6c24ccd616f873e94d68b012f093235d3cebc2acebb8f6ee,261,560,unique_sequence,exact_0541,mmseqs_0523,ECOD_X_2006;ECOD_X_3012,union_0002
2rdi_A,train,25e3dd71480b4486270841f0883a7b9a39b8ed5921febda1978532da5eb76f90,342,313,unique_sequence,exact_0543,mmseqs_0525,ECOD_X_102;ECOD_X_302;ECOD_X_304;ECOD_X_850,union_0002
2rij_A,train,e09a0f27e37ec98666136b2c827d6cfe0624e0a88fed009f460b3577d91e36eb,387,1291,unique_sequence,exact_0545,mmseqs_0527,ECOD_X_208;ECOD_X_3610,union_0002
2rji_A,train,1f7dc28130548aa2f8144163453906f8b56be5ebb131630aca5697de12f2df38,84,1119,unique_sequence,exact_0546,mmseqs_0528,ECOD_X_103,union_0002
2rkq_A,train,9cab37a84527856c9002e352b16f330afd7a2ada188f052a6d0067706cf1999e,169,613,unique_sequence,exact_0548,mmseqs_0529,ECOD_X_285,union_0002
2v4b_B,train,e7300223386d94ec17c50871ffa17e4f4ac173cf1fac6a82276c2e0e091b39e5,300,262,unique_sequence,exact_0555,mmseqs_0536,ECOD_X_2498;ECOD_X_3246,union_0002
2v6a_O,train,05762a86e26a856efba9948d05eeca694a0009f16b1b63c197b317be786881a1,140,621,unique_sequence,exact_0557,mmseqs_0538,ECOD_X_302,union_0002
2vac_A,train,2619388a582881d32ce988e2a1fdc357214fbde5072bef47d22372c2598179d1,134,1318,unique_sequence,exact_0559,mmseqs_0540,ECOD_X_224,union_0002
2vcc_A,train,a25a0f2042b812eece4ce84f59a990cea2a519a5e4f56221746ff1d9866e36c6,891,1014,unique_sequence,exact_0560,mmseqs_0541,ECOD_X_10;ECOD_X_2002;ECOD_X_2498;ECOD_X_4266,union_0002
2vi1_A,train,6bcad70ff1516c363ae23ab0f27390c3a4b12606b909f6d677beee43856c8034,207,23,unique_sequence,exact_0565,mmseqs_0322,ECOD_X_11;ECOD_X_3484,union_0002
2vmc_A,train,5314d61b9780e160e14c9dad7aef7ce73ce8007a87daccaf956d827a4338ab97,257,379,unique_sequence,exact_0569,mmseqs_0549,ECOD_X_10;ECOD_X_4182,union_0002
2w0i_A,train,a5ab8d8a6c39501810cc464cabb5f1543197bffde8b3358f1fff92d865f7abb9,135,598,unique_sequence,exact_0576,mmseqs_0556,ECOD_X_224,union_0002
2w39_A,train,77f9ae693f861ea029ba68730c90c69eab73d3a85f1271f17358bdd96d6364f6,298,1189,unique_sequence,exact_0577,mmseqs_0557,ECOD_X_10,union_0002
2wbf_X,train,a17b28e1bf310f118f7de17bb455bcb6ec4e8968321c307c85ae56bd64ac03cc,265,940,unique_sequence,exact_0585,mmseqs_0565,ECOD_X_219,union_0002
2wcu_A,train,6cc83ffd9bf14c7926e257716052c903fd8b166caaf74eda7f46dc8915b44a42,149,1075,unique_sequence,exact_0586,mmseqs_0566,ECOD_X_301,union_0002
2wkx_A,train,f735654fc79241602967ce9e0128f06fc647069c483d67b25d29867574bf3ced,261,1338,unique_sequence,exact_0588,mmseqs_0568,ECOD_X_144;ECOD_X_285,union_0002
2wn3_C,train,cc74ac344c03ddc46a0fc4165064290649dcf8fc6f4f04b2ffd8e2c2e2ace87f,254,252,unique_sequence,exact_0590,mmseqs_0549,ECOD_X_10;ECOD_X_4182,union_0002
2wr8_A,train,8bde280de6a255147cbbb727e0f92569187078511f3dc3d9f29f52bebc150dc3,259,307,unique_sequence,exact_0594,mmseqs_0572,ECOD_X_1;ECOD_X_7540,union_0002
2wsi_A,train,2932e6b734cd2bcaf9ce4f02dac1a5f722e134e5b8920655d5a62cd5b8f457a1,306,746,unique_sequence,exact_0595,mmseqs_0573,ECOD_X_2005,union_0002
2x96_A,train,dc0cdf4b191584705fb7c124dfaadf60323be5f6450e2d200ae4d91b215274c0,598,620,unique_sequence,exact_0602,mmseqs_0579,ECOD_X_2498,union_0002
2xeu_A,train,b0a8ab71e5ad9342e090f4ff238368b20a76915079cfd84bc47ad871f8f7b8ea,64,415,unique_sequence,exact_0605,mmseqs_0582,ECOD_X_376,union_0002
2xf2_A,train,305f22c03f98fc5f398ea0a358d61a26e4599b081c25f464f54b03bb57ee7483,688,622,unique_sequence,exact_0606,mmseqs_0583,ECOD_X_2007;ECOD_X_4028;ECOD_X_4047;ECOD_X_4048,union_0002
2xpp_A,train,ee1935592d49e5fe9cfe2ecd63da380521bac70ba4554d24b2bbc6c22013335a,145,551,unique_sequence,exact_0611,mmseqs_0588,ECOD_X_611,union_0002
2xu8_B,train,43e142613d35181e40426bf98aec49a6b6805bf1ce58712f3bab7608793d7577,116,375,unique_sequence,exact_0614,mmseqs_0591,ECOD_X_4,union_0002
2xvs_A,train,5f18764c14f5a5ce83352a602b108fc9782c02ce5643db538610bd22f69bba11,166,659,unique_sequence,exact_0615,mmseqs_0592,ECOD_X_2,union_0002
2xz2_A,train,04c85f68999064859e991cec346900ae4bff8cab6516713ab9489d1669701a4e,66,326,unique_sequence,exact_0616,mmseqs_0593,ECOD_X_558,union_0002
2y1q_A,train,707221d97dea63478c63948cec24819ea8588a9d9e7e70331f681fce175ac5ce,150,291,unique_sequence,exact_0618,mmseqs_0595,ECOD_X_148,union_0002
2y3w_A,train,c29af27c77553b69f644c60ec21e903be2527a878426ef653b5bd161920aa960,182,451,unique_sequence,exact_0622,mmseqs_0599,ECOD_X_101;ECOD_X_3939;ECOD_X_719,union_0002
2ycl_A,train,420fbcf1d571642bdc66cd9cf89cea6b5369cf57f9b158eac388f681387a3408,445,677,unique_sequence,exact_0626,mmseqs_0603,ECOD_X_2002;ECOD_X_3858;ECOD_X_7595,union_0002
2yp8_A,train,1ce19ef4e1a58b276256ece2dec15c1c83bb2043634259a41713f334e190a102,503,838,unique_sequence,exact_0629,mmseqs_0606,ECOD_X_10;ECOD_X_3847,union_0002
2yvo_A,train,f6aa0948ec2c34138d0da17e115c6985d78bcac56736f66b0300488360908aa8,182,636,unique_sequence,exact_0631,mmseqs_0608,ECOD_X_221,union_0002
2yxn_A,train,738d802df26ad606f4a20aad9226b5469e7e23b58c2e4a734534fa4e9075e0d5,322,1085,unique_sequence,exact_0633,mmseqs_0610,ECOD_X_2005,union_0002
2z6r_A,train,b23ea371e7dbc32859e83ba1cb3b940f4fc20854177208dd784742660cee2ee8,265,1374,unique_sequence,exact_0638,mmseqs_0614,ECOD_X_1137;ECOD_X_7550,union_0002
2zwd_A,train,c6e432aaa7ff150159057c828d62360341658fc24d7d77b21944a3112ff634ed,281,819,unique_sequence,exact_0643,mmseqs_0619,ECOD_X_146,union_0002
3a1u_A,train,7495376e9b652ce38dc6bcc10d61bfc0cde837aa1fea845b7c4cb33ba20e5025,258,371,unique_sequence,exact_0648,mmseqs_0624,ECOD_X_2004;ECOD_X_3290,union_0002
3a7l_A,train,874ab243d1d3fc2b824adcf67d2b7a725164e078f4a3ad0d3b4b9bcd0fea1cd2,128,1073,unique_sequence,exact_0652,mmseqs_0627,ECOD_X_325,union_0002
3apr_E,train,b825420caab03cb8afd44a623a31d1e79e2504cc0993d398dc981badb41f1d4d,325,422,unique_sequence,exact_0657,mmseqs_0632,ECOD_X_1,union_0002
3b9q_A,train,66296626eea8869e864ba60c9b51c879e73635f512a9c05d070c5efebcbf81db,302,1030,unique_sequence,exact_0661,mmseqs_0635,ECOD_X_181;ECOD_X_2004,union_0002
3c2q_B,train,747efc770e3c03658afb9d12c490fcadc8f732013ea2ad50490458e9c28b0a96,345,862,unique_sequence,exact_0679,mmseqs_0652,ECOD_X_2003;ECOD_X_6073,union_0002
3crv_A,train,8cd8c00f5044ce1b684ff5410d0c5fa03a97f93ab89092c0e501abf51b871ca5,551,951,unique_sequence,exact_0684,mmseqs_0657,ECOD_X_2004;ECOD_X_3636,union_0002
3czz_B,train,8bacb0b11961cca9349f06845028a47accad075238e838fd7799bb0caf91a6d1,101,772,unique_sequence,exact_0688,mmseqs_0661,ECOD_X_705,union_0002
3d2q_A,train,95112920eb87b8a5eff6f65cb1e6b450ad75c5853eff2cf82649e886414c2e63,70,336,unique_sequence,exact_0690,mmseqs_0663,ECOD_X_906,union_0002
3dai_A,train,90b947063061d4b396499ec38038b226dd533bd87bad1f083bdb79fc8393ec1d,130,296,unique_sequence,exact_0695,mmseqs_0668,ECOD_X_633,union_0002
3djl_A,train,3e3ac2e11714fc48faa3c6a4029203f0a875a049bf0318b4d3355ff52a59ce6b,541,156,unique_sequence,exact_0701,mmseqs_0674,ECOD_X_4033;ECOD_X_4052;ECOD_X_633,union_0002
3dnh_B,train,ee09f7638fdec917da611e2faf4037abd520bc97395e2ec8ab3db3715402911d,258,683,unique_sequence,exact_0702,mmseqs_0675,ECOD_X_1;ECOD_X_3270,union_0002
3do6_A,train,f1eac0474f3d9cbb9af3c63bcfea2f55f3d9f90ea7972da1aabfe7bc0d4ecf9a,543,52,unique_sequence,exact_0703,mmseqs_0676,ECOD_X_2004,union_0002
3e4w_B,train,464b63e14f4a482b287981124087133b13ca1ed88f8599838d4efaa41c40be65,320,236,unique_sequence,exact_0709,mmseqs_0682,ECOD_X_4028,union_0002
3ebh_A,train,f69cfae99658080776d0a488cf13537fa0f38e4794fe0a646768787d9d743708,889,206,unique_sequence,exact_0713,mmseqs_0686,ECOD_X_109;ECOD_X_11;ECOD_X_2498;ECOD_X_4081,union_0002
3eh1_A,train,c75c2f7fb22124b2207ef3c612940b379cd8ac5a99968d13d30726652ac589b0,751,877,unique_sequence,exact_0714,mmseqs_0687,ECOD_X_11;ECOD_X_2006;ECOD_X_224;ECOD_X_375;ECOD_X_610,union_0002
3eqx_A,train,45eb95311d6b6900aa9d3985a77b8d37986d4639171dbe165fab490220c33ea1,373,1145,unique_sequence,exact_0719,mmseqs_0692,ECOD_X_101;ECOD_X_4040,union_0002
3eto_A,train,a290216bb2a7cbdffdd6d360af9554b0fbb616318a91d1d3dc80b582a4c8d99e,242,545,unique_sequence,exact_0720,mmseqs_0693,ECOD_X_304;ECOD_X_917,union_0002
3ezu_A,train,d4f00e154fc3c56a2cbc10a651ddc532ae7ad0c5085854bf904f73bc23bbb709,342,66,unique_sequence,exact_0722,mmseqs_0695,ECOD_X_304;ECOD_X_3763,union_0002
3f0o_B,train,bdc2a788c02b3489ff6f18f67e70172dafdaeb6757f209dae0fd813f4c0de75d,212,1120,matched_original_atlas_neq,exact_0723,mmseqs_0696,ECOD_X_101;ECOD_X_4187,union_0002
3f0p_A,train,bdc2a788c02b3489ff6f18f67e70172dafdaeb6757f209dae0fd813f4c0de75d,212,1308,matched_original_atlas_neq,exact_0723,mmseqs_0696,ECOD_X_101;ECOD_X_4187,union_0002
3fh2_A,train,2dd52a0346fcb7c909ed6ea504702157c5a35b394901f763bbacc0a16042d714,146,103,unique_sequence,exact_0728,mmseqs_0595,ECOD_X_148,union_0002
3fhf_A,train,1a62cf357b7540f815b7ff3378b086488bdd1ce27deecaa8273cd488b3f14b2d,214,1260,unique_sequence,exact_0729,mmseqs_0701,ECOD_X_102,union_0002
3fm2_A,train,401dedf6c297fd1f648c8d6e0b95d6cd4c28b05a4ecf813f42a2de36ba17c9f9,135,223,unique_sequence,exact_0732,mmseqs_0704,ECOD_X_4216,union_0002
3fo8_D,train,ce621a074b7ef645c0de81603d82d03eef6783c417d9514c0e56303bcec58962,283,1274,unique_sequence,exact_0734,mmseqs_0706,ECOD_X_10;ECOD_X_4401,union_0002
3g06_A,train,91828cc67cc4d072e46ae704595741c50ab864799f6882104b78e749406ac857,622,1137,unique_sequence,exact_0740,mmseqs_0712,ECOD_X_207;ECOD_X_3330,union_0002
3g0m_A,train,0df8efa83d5717fa116cfcaeb424f0d5d8f86c91613a49c5e3df714e2a6f34b8,141,983,unique_sequence,exact_0741,mmseqs_0713,ECOD_X_244,union_0002
3g3s_B,train,bcf0d1df5e39d96ec94f1696a24ad55f7d300794adfc9adaf21bb6954c030481,249,366,unique_sequence,exact_0743,mmseqs_0715,ECOD_X_213,union_0002
3g5t_A,train,a971641260f07080f86b60f88c42a90368a13085901aaaba74567db5fb73a40e,299,1213,unique_sequence,exact_0745,mmseqs_0716,ECOD_X_2003,union_0002
3g98_B,train,79f36534e0bf8eb9e62babc2c4a839c263668745d301b5a799281c7657bc09d2,111,1169,unique_sequence,exact_0746,mmseqs_0717,ECOD_X_5104,union_0002
3ga3_A,train,07306fda78170cf4bd9189d6dc60fe73095bf27395616b1dfcf4df2ad2aff666,133,575,unique_sequence,exact_0747,mmseqs_0718,ECOD_X_708,union_0002
3gqv_A,train,8a0d91de1da855a2b73d1e3d7e0cbd6c63021cc13e732434e646a59db4e2216b,371,1118,unique_sequence,exact_0753,mmseqs_0724,ECOD_X_2003;ECOD_X_236,union_0002
3gs9_A,train,2b3f476acf0de2e2460bbfcb017ee0ff374223041e022f82393e614ad1ba1c8a,342,920,unique_sequence,exact_0754,mmseqs_0725,ECOD_X_1;ECOD_X_3070;ECOD_X_3071,union_0002
3h1w_A,train,31d6871e14d3553dd48ade05a18ca9c4c9ebf59ded09ae9aea09398ac12d819e,393,1178,unique_sequence,exact_0758,mmseqs_0729,ECOD_X_10;ECOD_X_3691,union_0002
3h5q_A,train,75d3e3a4fa0b84f6862d0a8ef9f2bb8546c6a57ee9c4df41a47a900c9e16e41f,436,540,unique_sequence,exact_0760,mmseqs_0731,ECOD_X_184;ECOD_X_325;ECOD_X_7544,union_0002
3hdj_B,train,997ee3b41064e2b0e6fb019516f9ba19a08a15fd9dfa7d289ddf91ac63f117d3,313,1009,unique_sequence,exact_0763,mmseqs_0734,ECOD_X_2003;ECOD_X_3692,union_0002
3ho6_A,train,ed85819ecbfd13870a80cc33bf016e14ce43ac35606719fbf17e53277b63ebc8,267,271,unique_sequence,exact_0768,mmseqs_0739,ECOD_X_7575,union_0002
3ikw_A,train,4c8d29a44d116d5a0ddac5e7441bb434863510ab07cce4303dc8464b30678ce9,374,1329,unique_sequence,exact_0780,mmseqs_0750,ECOD_X_10;ECOD_X_3299,union_0002
3ilw_A,train,c5f0fe7307410fd34a0eb6f698bdfd02c460839b5a75897c96ce3e5f6799e659,470,748,unique_sequence,exact_0781,mmseqs_0751,ECOD_X_101;ECOD_X_4014;ECOD_X_4016,union_0002
3im1_A,train,322d85476e61ca990f18924515da678d02eca290fbb1549e5678398bd960207c,328,956,unique_sequence,exact_0782,mmseqs_0752,ECOD_X_102;ECOD_X_11;ECOD_X_4156,union_0002
3it4_C,train,33414a4cff5fed2c56314e341eaa903839d39f1848b11f156bae94fc14ac8acd,199,393,unique_sequence,exact_0790,mmseqs_0760,ECOD_X_231,union_0002
3jsy_B,train,10b2caef3904ca14148f6afa61da32294ef6f78e33e655e9a826c7329dd554d6,213,1157,unique_sequence,exact_0791,mmseqs_0761,ECOD_X_304;ECOD_X_3310,union_0002
3ju4_A,train,e15edc3f78d235eebf3145ecf0e937135d6d0fe7893c9e9938dc3bbf5e63665a,670,1389,unique_sequence,exact_0795,mmseqs_0765,ECOD_X_1;ECOD_X_207;ECOD_X_5;ECOD_X_79,union_0002
3kbb_A,train,7a3ab6725798904d4c3f156959113acf36dda1e25a28e35e27f77b690248eac3,216,1044,unique_sequence,exact_0801,mmseqs_0771,ECOD_X_2006,union_0002
3kd4_A,train,92be7092e45b5ea4064a5d400dfa16274dc9f4b95c9d9b3bcbc00c0778ac7e56,506,139,unique_sequence,exact_0803,mmseqs_0773,ECOD_X_219;ECOD_X_3251;ECOD_X_4081,union_0002
3kde_C,train,cab02dc730dfa4d30bb6bad666a0d279e9cf4a3207aaa76029b31d82dbc02fd6,77,600,unique_sequence,exact_0804,mmseqs_0774,ECOD_X_377,union_0002
3klr_A,train,9e49cb15b913100ccdad800efa464bebf4eea4f2fb0099fc3db0f49303e1010f,125,926,unique_sequence,exact_0806,mmseqs_0627,ECOD_X_325,union_0002
3l4h_A,train,16ae7a06e604044a60c79300a52714096546240a10e5a65799f64476c820c03d,109,138,unique_sequence,exact_0813,mmseqs_0781,ECOD_X_3130;ECOD_X_64,union_0002
3l4p_A,train,104e597d7c7e6e79cb7ebe3465cbf192b5283fcf2cbf4c8ef9956b89053047f1,907,80,matched_original_atlas_neq,exact_0264,mmseqs_0262,ECOD_X_179;ECOD_X_221;ECOD_X_231;ECOD_X_325,union_0002
3lae_A,train,e5134ffbc418d625de0820091513d67820ed76bacc9a98effd49a690bfbfb2fc,81,1097,unique_sequence,exact_0817,mmseqs_0785,ECOD_X_217,union_0002
3ldu_A,train,64801190e89511addcc2f1e053ce52c287f0ad11e1f89428b5a58cd50cf50a42,385,128,unique_sequence,exact_0820,mmseqs_0788,ECOD_X_2003;ECOD_X_304;ECOD_X_4143,union_0002
3let_B,train,8da25cb76261c3e648b8f285d4abda232e5db2ad848067c254e93ed659dc20d8,314,894,unique_sequence,exact_0821,mmseqs_0789,ECOD_X_3229;ECOD_X_4040,union_0002
3lgb_B,train,24d9dbdbb8fcd5b01f6da1ec51ee35779c61e58f19a90a50a8aaeef5896b8870,194,266,unique_sequence,exact_0822,mmseqs_0790,ECOD_X_182,union_0002
3lk7_A,train,b8c5dd3a05da77120f3a24734a28ff10309b2f6afc9b4be5b554d74cc2d5a5b8,451,644,unique_sequence,exact_0823,mmseqs_0791,ECOD_X_2003;ECOD_X_2004;ECOD_X_7570,union_0002
3lkt_Q,train,494a554d63261fb7569a9ede1653164391a3792ea9962fb8286fcde215979df8,238,1310,unique_sequence,exact_0824,mmseqs_0792,ECOD_X_11,union_0002
3ll7_A,train,d4b5c68cbe18d434bc00fd1c4170c36f5d9ad2e9a141197c1d361b6aef43d40a,410,55,unique_sequence,exact_0825,mmseqs_0793,ECOD_X_2003;ECOD_X_304;ECOD_X_3267;ECOD_X_4143,union_0002
3lpe_B,train,bfaa36a8e0efced78db84e44bcd3fab22057315e7bed7d8a58fd110ca9e42a11,59,1084,unique_sequence,exact_0827,mmseqs_0795,ECOD_X_375,union_0002
3luu_A,train,dd9b65175015b2e0e9681d2fb79f0ab27afe7db386a46d915c2cdcb6269f0244,101,409,unique_sequence,exact_0831,mmseqs_0799,ECOD_X_719,union_0002
3lx5_A,train,2c8f8e4328d143ba57bbe709af6f83034aae5931472f4275789755b97af9f285,272,1256,unique_sequence,exact_0834,mmseqs_0802,ECOD_X_2004;ECOD_X_3290,union_0002
3m6z_A,train,89b13ae27aefa469783bfeef68c82a537bdbe3bba814777110eb8b2dd81d695c,380,712,matched_original_atlas_neq,exact_0840,mmseqs_0808,ECOD_X_101;ECOD_X_102;ECOD_X_4348,union_0002
3m7d_A,train,89b13ae27aefa469783bfeef68c82a537bdbe3bba814777110eb8b2dd81d695c,380,130,matched_original_atlas_neq,exact_0840,mmseqs_0808,ECOD_X_101;ECOD_X_102;ECOD_X_4348,union_0002
3mil_A,train,138d6d7d56aa74d4df4ee4146ad909753fbc6cdcba2db0ea594fa84d13dac1da,240,1248,unique_sequence,exact_0845,mmseqs_0813,ECOD_X_2007,union_0002
3mm6_A,train,cf34be40041c61fa110d8acee6e8886b19c618208111f25f3cb620956c81c944,418,452,unique_sequence,exact_0846,mmseqs_0814,ECOD_X_205;ECOD_X_296;ECOD_X_304,union_0002
3mxz_A,train,0bb9a3a75c489d162d7ab456e5dfccb502401ecd080a66c06a8ece34279bbd3c,116,633,unique_sequence,exact_0855,mmseqs_0822,ECOD_X_604,union_0002
3nci_A,train,c3f6c367317d5dd1f52ff22324ab6ce137d45c1d4e881ac4e5446f2ea262c7a0,903,144,unique_sequence,exact_0858,mmseqs_0824,ECOD_X_2484;ECOD_X_304;ECOD_X_4969;ECOD_X_4970,union_0002
3ncl_A,train,84a776f9673afc78acf0ffc206932ff50ce930580c2b02789f2280f68b3154a3,241,1300,unique_sequence,exact_0859,mmseqs_0825,ECOD_X_1,union_0002
3ni2_A,train,a95cb93809c16d182eadaa189497531685f8ef1d7477d210daa6060e3f984eb0,536,174,unique_sequence,exact_0860,mmseqs_0826,ECOD_X_327;ECOD_X_4011;ECOD_X_7584,union_0002
3nl9_A,train,840e1b8b8973b46e8f2b47d6679661dfe91ba04b006a4e83cc525af8ca28d10c,171,119,unique_sequence,exact_0863,mmseqs_0829,ECOD_X_159,union_0002
3nqi_A,train,551503cbbc7c3b12e5e2af0b0b37cf43cc3f2b4629b6ed5d8210c94e12bf305d,246,931,unique_sequence,exact_0864,mmseqs_0830,ECOD_X_2;ECOD_X_3233,union_0002
3nyy_A,train,ee5cab7af4ab9480c7d8e7f599e9135bd7a83ea65cdf8127e69611f5d7439487,252,566,unique_sequence,exact_0869,mmseqs_0835,ECOD_X_325;ECOD_X_6090,union_0002
3o0g_D,train,67bc03afb12c26b58794f6a14257080f18fc9da88c613b41e5fe8b8502001cc8,149,849,unique_sequence,exact_0871,mmseqs_0837,ECOD_X_101,union_0002
3ohg_A,train,1d60ad0e637e934b5a8bda5203c2d182af5d559713988a49922b9fa40bfe2ee7,285,1040,unique_sequence,exact_0877,mmseqs_0842,ECOD_X_3256;ECOD_X_4187,union_0002
3ov5_A,train,32bd5d50f0fb797af825907ea24cf0746495fd5e6aa71592d09c93b0c9b0e34d,85,533,unique_sequence,exact_0885,mmseqs_0850,ECOD_X_3070,union_0002
3p5p_A,train,44425e403d19712f9a96d4bbc65599c52d977c48f626aa35eafa8500733f6221,764,1198,unique_sequence,exact_0891,mmseqs_0856,ECOD_X_109;ECOD_X_141,union_0002
3pzw_A,train,4b1618c0d65558f81a98beb0e1a9a4ae5064d51686b746ecae310248074e1825,839,1247,unique_sequence,exact_0898,mmseqs_0863,ECOD_X_10;ECOD_X_158,union_0002
3q1n_A,train,2c39e7d52a8a3ba2eb6ef65c81b6a7b1ddf69b63d0f1cd786cd21a7f928d7454,294,1071,unique_sequence,exact_0901,mmseqs_0866,ECOD_X_12,union_0002
3qc5_X,train,32e4202b94fded10bdfb188aa311e76118e1b9725920a1654712d5ab05382cf8,360,1355,unique_sequence,exact_0902,mmseqs_0867,ECOD_X_11;ECOD_X_6107,union_0002
3rt4_A,train,315718e5ab77454613c02bd88bb3459f3e4a25ff67bff464611ae5133c76d5b9,171,895,unique_sequence,exact_0910,mmseqs_0529,ECOD_X_285,union_0002
3rv1_B,train,9fa3ba862bf3cdb318fb129d5706c9a967994a55cad339d1c14495858572e059,246,501,unique_sequence,exact_0911,mmseqs_0875,ECOD_X_171;ECOD_X_3765,union_0002
3u9g_A,train,e88a6ce5923a35224ea5f75816377e2890914059365af3b79b8d858d1106d220,229,1194,unique_sequence,exact_0926,mmseqs_0889,ECOD_X_101;ECOD_X_906,union_0002
3vkw_A,train,14b17a9f46a887e433151d401ac3c1cb07bc2eed35f635d9413d1ebd8a89a942,446,1375,unique_sequence,exact_0935,mmseqs_0898,ECOD_X_2004;ECOD_X_3590,union_0002
3vth_A,train,bfc4545aa95971cbf312f1f508a82c9730661409af99d9d1566aa0dc07531f70,761,193,unique_sequence,exact_0938,mmseqs_0901,ECOD_X_2484;ECOD_X_297;ECOD_X_304;ECOD_X_6105,union_0002
3wkx_A,train,fd3643cb494a2254bc95297fd40ba345eee029ee263edc2f9073d4d471e9e30e,669,1210,unique_sequence,exact_0940,mmseqs_0903,ECOD_X_109;ECOD_X_12;ECOD_X_3880,union_0002
3wol_A,train,eb38884038d2b5fd2af249fafb425ec3f3641996c3373229894d781769b63f3a,698,7,unique_sequence,exact_0941,mmseqs_0904,ECOD_X_1;ECOD_X_6151,union_0002
3wvz_A,train,93c9dd45d45227df387d4443b52cc870f2a2ae406644b0a572225be3eb19cf5f,201,989,unique_sequence,exact_0943,mmseqs_0906,ECOD_X_10;ECOD_X_3959,union_0002
3zl8_A,train,2ff61d4ce669e59bd90af2d56c50c6a7f6beaca03dac11de2709115e916b142e,437,755,unique_sequence,exact_0949,mmseqs_0912,ECOD_X_2004;ECOD_X_2493;ECOD_X_7570,union_0002
4a1k_A,train,ae4e229383d6d5e3068520f57fb2241d41da35537db9290f15e57db447b6f5db,165,635,unique_sequence,exact_0954,mmseqs_0917,ECOD_X_101;ECOD_X_4091,union_0002
4a3p_A,train,30394c30fbdf365193af5abda2a0bda45b762be1e744d19b32981f4ec0a3140c,217,1286,unique_sequence,exact_0955,mmseqs_0918,ECOD_X_221;ECOD_X_4309,union_0002
4af1_A,train,55a65bc93152493605968e5930570b9aa6645a742bf2c6659cb981b5f14a8f52,416,1147,unique_sequence,exact_0958,mmseqs_0921,ECOD_X_2484;ECOD_X_301;ECOD_X_832,union_0002
4bt9_B,train,900a28f990b2e90f2f94f10acd7211e3c826144ce8cf3765015b0e8b1823f8dd,239,994,unique_sequence,exact_0964,mmseqs_0927,ECOD_X_109;ECOD_X_3777,union_0002
4cdp_A,train,6d27ac5dbf9a23aa8d8c15bbb98539c3f7069d02027c23c40a1f7a973b7ea6fa,354,923,unique_sequence,exact_0967,mmseqs_0930,ECOD_X_101;ECOD_X_4216,union_0002
4d71_A,train,3fa70917b0a448a77898d1d5fda98053e3b842ae8665fb6bf630a6a536edaa05,596,1003,unique_sequence,exact_0974,mmseqs_0936,ECOD_X_12;ECOD_X_2002;ECOD_X_3823,union_0002
4dja_A,train,6bab7899748e2720fd73a5d940d5f3a0d0ac95586157c33bc282562ff41c869c,518,60,unique_sequence,exact_0976,mmseqs_0938,ECOD_X_182;ECOD_X_2005,union_0002
4e5r_A,train,d28d90af142003f2a46db2971ed471717975f13ba1507a1cd18026ca95cb6063,56,297,unique_sequence,exact_0981,mmseqs_0943,ECOD_X_64,union_0002
4ea9_A,train,8b197cee9540575a92c9fe4b6457151b54653a0d47dc3040ad57545a7f05b0a3,220,1128,unique_sequence,exact_0982,mmseqs_0944,ECOD_X_2003;ECOD_X_208,union_0002
4ehx_A,train,c633b64e7d0f1a6262f0da83cdaf51409a6dd1cb514785ed930522b4076ceadb,315,908,unique_sequence,exact_0984,mmseqs_0946,ECOD_X_2004;ECOD_X_7591,union_0002
4gv2_A,train,af8addec2ede8822dd17537922964c9d6a80b885a86e8d395e942cdce83d6335,357,899,unique_sequence,exact_1007,mmseqs_0968,ECOD_X_237;ECOD_X_609,union_0002
4h9m_A,train,5dcea59fc96b1f9f67b7b724ddda1511f7cbf8732e05451aeeb0f2794ae4f42c,840,571,unique_sequence,exact_1010,mmseqs_0970,ECOD_X_11;ECOD_X_2002;ECOD_X_525;ECOD_X_65,union_0002
4hfq_B,train,0002b35bf51fa9ddabf19c8c7ee8bcc6d1e70e6b560d15ad21aa2da44e3e56f3,203,235,unique_sequence,exact_1012,mmseqs_0972,ECOD_X_221;ECOD_X_6132,union_0002
4iu3_B,train,ed9afc90ed15a9c979c2655ed01056d99be195ae8d1881e61bc12cb166165c48,243,1005,unique_sequence,exact_1016,mmseqs_0976,ECOD_X_108;ECOD_X_3649,union_0002
4jgi_A,train,35efb310d50fc1001e55f0c414ad26a09c9766e1dd43656c8b671790dac097d4,211,47,unique_sequence,exact_1019,mmseqs_0978,ECOD_X_2007;ECOD_X_4995,union_0002
4jja_A,train,cf6b41d8975c620cd990e1b398e7da23c5afb41fc597bfe81af0929dffb15d62,371,1259,unique_sequence,exact_1020,mmseqs_0979,ECOD_X_2003;ECOD_X_3643,union_0002
4kct_B,train,61697b0bc0a1f1f29eb4d8f30f1f0d9a45572f493bf3ebd36ba919153a2ef3e7,499,749,unique_sequence,exact_1026,mmseqs_0985,ECOD_X_1;ECOD_X_2002;ECOD_X_7518,union_0002
4ljo_A,train,54ad163e854d05c0c2fa792e8a6c1b7920dfb66a0eeb3b22abd7fd2e327870ee,223,703,unique_sequence,exact_1032,mmseqs_0991,ECOD_X_376;ECOD_X_3773,union_0002
4lpq_A,train,4e6b970bacaeb25ebef1ab6d80494416eab63a50ab6ca646022f9011d5634fcd,207,1130,unique_sequence,exact_1033,mmseqs_0992,ECOD_X_144;ECOD_X_4091,union_0002
4lq4_A,train,b6e226cec49c2307b9da9ded8c182b500c6d403feab876def441de31fc3b46a3,211,234,unique_sequence,exact_1034,mmseqs_0993,ECOD_X_2007;ECOD_X_898,union_0002
4lzh_A,train,6e18aa19846f0e851ffab39aa91e61561ca35c5dd8e49d10e5bcecef09195c36,285,1249,unique_sequence,exact_1036,mmseqs_0995,ECOD_X_101;ECOD_X_3743;ECOD_X_4091,union_0002
4m37_A,train,5ac4d6f948b3d2bbfdbe904cd5545842c7d38499b263b12065f1d55ce22f0b4a,343,95,unique_sequence,exact_1038,mmseqs_0997,ECOD_X_2003;ECOD_X_3698,union_0002
4mb5_A,train,14f31716df6ffa766dcfc7250f07e08e2855b44595b6cfc50ba2b0251cbe2748,528,1061,unique_sequence,exact_1040,mmseqs_0999,ECOD_X_2002;ECOD_X_3414;ECOD_X_64,union_0002
4mp8_A,train,24ee350aae29e09c5ac5a9901f3f9b8c8d4df8cbd1ce05a8d22ea812ad6150c3,339,595,unique_sequence,exact_1042,mmseqs_1001,ECOD_X_2003;ECOD_X_3692,union_0002
4mzv_A,train,7e89d740069e1f4b59513e747b5f8dcf0cc197f09044fa87284d9f4e27ad5f81,248,593,unique_sequence,exact_1044,mmseqs_1003,ECOD_X_304;ECOD_X_363;ECOD_X_6148,union_0002
4n67_A,train,7f52052b2146d7e580528fa3e97ccdafcebfb745e7f97eeabd24ca307da748d3,227,488,unique_sequence,exact_1045,mmseqs_1004,ECOD_X_4040,union_0002
4ngd_A,train,ff8517c64b65275523436823758cc6203084c1e04b992bd66937ebb4d54a30d3,302,817,unique_sequence,exact_1048,mmseqs_1006,ECOD_X_3767;ECOD_X_4,union_0002
4npd_A,train,f753ff3c4b9f11e9895e5929709dfdee97cc543020be6a6edc8d08d9e373f9fd,58,177,unique_sequence,exact_1049,mmseqs_1007,ECOD_X_632,union_0002
4oj6_C,train,6ff172f7fd6a945bef7686f72ce70344067d6f147681b1b189f3357069ac3b0b,776,768,unique_sequence,exact_1057,mmseqs_1014,ECOD_X_207;ECOD_X_3856,union_0002
4p7x_A,train,0ad7187430eb174ae2d6fbd6be511665226f0eb80c4128ba69dcb76fd786ec39,292,534,unique_sequence,exact_1062,mmseqs_1019,ECOD_X_10;ECOD_X_6174,union_0002
4qbu_A,train,b00b6e911bb3f1035db7d9b34d67a4c537edcdf034542624a4fbc6a167b96a4b,444,2,unique_sequence,exact_1068,mmseqs_1025,ECOD_X_2007;ECOD_X_304;ECOD_X_6094,union_0002
4rnz_A,train,648c42a8b8561c8ffff9f18eb97ccd92cf6fd2ef032927e9fda6f20c8cea582b,371,484,unique_sequence,exact_1075,mmseqs_1032,ECOD_X_325;ECOD_X_3953,union_0002
4s39_A,train,6b04ae4837992081f77c3fd0da341fff9628a2fa9f5474009c5e2b49aa6364b4,406,700,unique_sequence,exact_1079,mmseqs_1036,ECOD_X_2002;ECOD_X_296,union_0002
4tkx_L,train,8354dee1e1d823a0335ab718d5187f511e66adcaec7ddb1c5110614d85205940,452,701,unique_sequence,exact_1080,mmseqs_1037,ECOD_X_11;ECOD_X_7575;ECOD_X_7576,union_0002
4ubp_C,train,fdd9c8372b094618cbcf45887cb6fd49926959003c8baaed3204cad91dbe862f,570,81,unique_sequence,exact_1084,mmseqs_1041,ECOD_X_2002;ECOD_X_65,union_0002
4v4e_M,train,51693eede0c315cf6469ad543928aa358380cb9b460ac02112812b3e77bc5aed,875,1149,unique_sequence,exact_1088,mmseqs_1045,ECOD_X_1;ECOD_X_1001;ECOD_X_2003,union_0002
4wt3_A,train,c8dcb25eca6ec3f5b93dbbdbbd092bbe9536ed5e7ed2b2d8a3b15747764af258,213,1352,unique_sequence,exact_1092,mmseqs_1049,ECOD_X_101;ECOD_X_3317,union_0002
4wyw_A,train,cd1d2b04c439edd5301ce7eeb0c3ccb2daef04aff32b5c7a351a29b8b8a5757e,481,1356,unique_sequence,exact_1093,mmseqs_0233,ECOD_X_304;ECOD_X_4967,union_0002
4xgl_A,train,51ff315b3694f43c06381dbaebae69b4117eae2482f47d4db35bbb2bc76f1e7d,379,671,unique_sequence,exact_1101,mmseqs_1057,ECOD_X_109;ECOD_X_2006;ECOD_X_3850,union_0002
4xpz_A,train,0b163d4feee0a5244299a30625674e397f94c9d25c256d9acd579fbcda1850b9,372,316,unique_sequence,exact_1103,mmseqs_1059,ECOD_X_2006;ECOD_X_7568,union_0002
4yal_A,train,4174d222f746ad3c12970e724a3c645ebd58eea52c5a3919fc372887f5243baa,622,163,unique_sequence,exact_1107,mmseqs_1063,ECOD_X_1;ECOD_X_2007;ECOD_X_3687;ECOD_X_7514,union_0002
4ys0_A,train,ff0a97c5fbd339bfaf53ec24fa3b4a9b5f18fe72c4495b634414e4ed5baa4649,824,939,unique_sequence,exact_1109,mmseqs_1065,ECOD_X_161;ECOD_X_2004;ECOD_X_570,union_0002
4ywk_A,train,0a506749d8f526a5d374c11bef1405fad7cc5f3b16dd4cb7ee6d0a62fa6b8480,206,499,unique_sequence,exact_1111,mmseqs_1067,ECOD_X_2;ECOD_X_3003,union_0002
4za9_A,train,f1cc4fd14a265baa0beaf94fb1ad0461ac7cbbc3482b2a45470200fba4504381,508,1186,unique_sequence,exact_1116,mmseqs_1072,ECOD_X_1;ECOD_X_327;ECOD_X_3688,union_0002
4zac_D,train,f05dbbdc4cf14abe1913b1f6f4344affff5b7686d56f27af7c646665cdd76261,503,38,unique_sequence,exact_1117,mmseqs_1072,ECOD_X_1;ECOD_X_327;ECOD_X_3688,union_0002
5a0n_A,train,033272442cbaa531dd2a134604565b04de238e4b66ebe2da69db10c5eb358d61,220,166,unique_sequence,exact_1123,mmseqs_1078,ECOD_X_2;ECOD_X_3678,union_0002
5c8q_B,train,cc0d366e5727e4189fbcbc291f8b5b387283a64f6255d9ccd4b76159a9a921ac,154,1196,unique_sequence,exact_1133,mmseqs_1088,ECOD_X_101;ECOD_X_705,union_0002
5ce9_A,train,229433cb9b8c05bbf23e0aed29ed65ebc431df0d5219d18cda35942f20ae7f5b,339,204,unique_sequence,exact_1134,mmseqs_1089,ECOD_X_146,union_0002
5el3_B,train,257cdb8e47fe40ed8df2d22a94bf688eb529cc47f855d48d9f762c83bd0c6583,113,1076,unique_sequence,exact_1147,mmseqs_1100,ECOD_X_327,union_0002
5ftw_A,train,e4f95d40965c3e234864fda8d1c58c428fe034ea5321ba19978dcf5412f56cfb,256,268,unique_sequence,exact_1154,mmseqs_1107,ECOD_X_2003;ECOD_X_518,union_0002
5gof_A,train,5713a90b6419a306c9c9aa534eb933c0ade82c1a6ba363d69962ce4926149c52,422,43,unique_sequence,exact_1158,mmseqs_1110,ECOD_X_2004;ECOD_X_3615,union_0002
5hkx_A,train,5bb28b4f88e088507ab6527b6ef4d37649e19558b36459ca3b25dbead025d8c6,392,1381,unique_sequence,exact_1166,mmseqs_1118,ECOD_X_108;ECOD_X_214;ECOD_X_376;ECOD_X_611,union_0002
5ij2_B,train,4b838b7550b9fde0f107fc932d8393faeef17fa9533137a5879d36a96ab41c9a,201,702,unique_sequence,exact_1173,mmseqs_1124,ECOD_X_11;ECOD_X_6107,union_0002
5j3t_B,train,8c9f746a067a7631f494854dc5ed83bc902561aaf3c029c5ce97bb4460a9697a,242,1258,unique_sequence,exact_1178,mmseqs_1129,ECOD_X_221;ECOD_X_4310,union_0002
5j47_A,train,a6bbde0ba233666b205fdfea8dff4755db40fc248697b506714adc3298f94574,372,993,unique_sequence,exact_1179,mmseqs_1130,ECOD_X_2004;ECOD_X_4271;ECOD_X_8001,union_0002
5j72_A,train,7728281d6fe78144ecdb3993630e8b9de7f896d656ea48db568fa602b9592a19,638,1026,unique_sequence,exact_1180,mmseqs_1131,ECOD_X_11;ECOD_X_2011;ECOD_X_7597,union_0002
5ja5_A,train,1b448cdb01ef17a293e87c5c26d1a8db283075fef31c7af7f65d87e16c4732d3,209,1333,unique_sequence,exact_1181,mmseqs_1132,ECOD_X_109;ECOD_X_3990;ECOD_X_558,union_0002
5jbg_A,train,e6b85ebbdc19f9bc9d2f2f72d573c0d2125d1b14241a2e8ccca9cbcf1f2d05bb,680,1088,unique_sequence,exact_1183,mmseqs_1133,ECOD_X_2004;ECOD_X_3930;ECOD_X_708,union_0002
5jca_S,train,6f305038cf182da2468ffe0dd645df4539a7ff3fe9ef009eec413b5da9397b50,284,1204,unique_sequence,exact_1184,mmseqs_1134,ECOD_X_1;ECOD_X_3695;ECOD_X_7514,union_0002
5kdv_A,train,d41d8255e3fae30139ed75c4297a5fd9f928dc5f55fb9fb1b0d706f9c32a038f,891,8,unique_sequence,exact_1187,mmseqs_1137,ECOD_X_10;ECOD_X_1142;ECOD_X_2498;ECOD_X_7603,union_0002
5kdw_B,train,608ea04900ef1f04840db8c1c581ab66409e670d0b7dd397ed373507642171e4,885,111,unique_sequence,exact_1188,mmseqs_1137,ECOD_X_10;ECOD_X_1142;ECOD_X_2498;ECOD_X_7603,union_0002
5ltj_A,train,d32b32537ae33c3d357de267bc4acff1125f750ee14c5cd47cebb8c091d2436c,714,1034,unique_sequence,exact_1197,mmseqs_1145,ECOD_X_101;ECOD_X_2;ECOD_X_2004;ECOD_X_4156,union_0002
5m45_K,train,d18f16e551998b2affcaaad632de5e8f2d7793bde19647faaefa574f235e6205,717,758,unique_sequence,exact_1199,mmseqs_1147,ECOD_X_1143;ECOD_X_2484;ECOD_X_302;ECOD_X_7604,union_0002
5mdu_A,train,5c0f750bc29e6685619eb3c2cfec457b2b8d9327c3f787506ba2c400e992347e,157,730,unique_sequence,exact_1200,mmseqs_1148,ECOD_X_1157;ECOD_X_304,union_0002
5mux_B,train,b6cbe7799c7b297740d7e5cc2c28ac9d504c17983fc4f9e8f0b22097f4ea1bf7,472,793,unique_sequence,exact_1201,mmseqs_1149,ECOD_X_298;ECOD_X_4021,union_0002
5n0n_A,train,abaf15a0b7d565114e279623c6f4e5957e06ee9aeb087da87b9be0fb6055effd,410,388,unique_sequence,exact_1203,mmseqs_1151,ECOD_X_1137;ECOD_X_159;ECOD_X_7550,union_0002
5n0s_A,train,16a83b54b9beb26811f6bd41673c84c2c13ba80316699331c10783220157c74c,410,1033,unique_sequence,exact_1204,mmseqs_1151,ECOD_X_1137;ECOD_X_1201;ECOD_X_7550,union_0002
5njl_A,train,827a1075825bed87e3c2b707f4e517f3a5f797cad64db2da0300b0ad9ae899f5,295,519,unique_sequence,exact_1210,mmseqs_1156,ECOD_X_1148;ECOD_X_302;ECOD_X_896,union_0002
5o5s_A,train,625250b705187ac8e980859b2e0bc4af132eea4c2d8b71ab4dba96abbcfd5079,131,292,unique_sequence,exact_1212,mmseqs_1158,ECOD_X_7572,union_0002
5ok6_A,train,ef150f9909f5fc0ab2494428c8e1622bef34c3cc810fad6309b11ca41ea274cc,230,554,unique_sequence,exact_1215,mmseqs_0918,ECOD_X_221;ECOD_X_4309,union_0002
5ol4_A,train,b26e73ee832781208818e0f089c95bc0a59e0e98977e719063a4fc89df366d1f,100,781,unique_sequence,exact_1216,mmseqs_1161,ECOD_X_525,union_0002
5pal_A,train,9c2677fd4acba44236585efa20a9441affdff40159a3cbc2a8e79e5cc7f8553d,109,220,unique_sequence,exact_1220,mmseqs_1164,ECOD_X_108,union_0002
5t76_A,train,46accdff48535d39d13e85a163fbe2323cca12bae2ae242c776cff4a4a809f8e,215,947,unique_sequence,exact_1222,mmseqs_1166,ECOD_X_1134;ECOD_X_5104,union_0002
5ul3_A,train,0af3073a7c236a71413178dc89485593fd423e6ef4fe0e3dbe801a5e5e561220,744,1048,unique_sequence,exact_1226,mmseqs_1170,ECOD_X_2002;ECOD_X_2007;ECOD_X_3779;ECOD_X_633,union_0002
5ws1_A,train,38def697f52a861974ac166fea16ff7ed6ff44acd0479375fc5e8607c423142b,352,239,unique_sequence,exact_1239,mmseqs_0968,ECOD_X_237;ECOD_X_609,union_0002
5wvo_C,train,69c9e3d94b259683151ecf32a3cf1ca78e69ac37576d115699717d2c27f9f5e9,250,1302,unique_sequence,exact_1240,mmseqs_1181,ECOD_X_101;ECOD_X_3497,union_0002
5xct_B,train,4402dfbe12e048c5a4e9cd43f8d1e52f70cc64fbdb4729ab952c0dd8df23d295,163,774,unique_sequence,exact_1246,mmseqs_1187,ECOD_X_11;ECOD_X_4096,union_0002
6ao8_A,train,1994edf64e1b617ee6478880f24fd3fd3f6ea2809db971a65063c40b636f5120,580,42,unique_sequence,exact_1259,mmseqs_1199,ECOD_X_140;ECOD_X_2005;ECOD_X_310,union_0002
6b1z_A,train,e261abd0a4579410e2e740b562c75e7015d8bb7b5b3617d3f5738203b9f9717a,511,370,unique_sequence,exact_1263,mmseqs_1202,ECOD_X_101;ECOD_X_2005;ECOD_X_8002,union_0002
6bwq_A,train,e82299f8af8eb3853b89dcd04020446f2d349e4efaf3dda552978344ca2220e1,149,937,unique_sequence,exact_1267,mmseqs_1205,ECOD_X_304;ECOD_X_3604,union_0002
6e5y_A,train,a5b4f3503dfd8c8d15becd45967ed8dc907a46ee38c9bc8f70b9e0cb9664221d,448,1283,unique_sequence,exact_1279,mmseqs_1217,ECOD_X_2005;ECOD_X_253,union_0002
6eof_A,train,3b8b1315edb4014405e99c89e5f67c5c03043d8b1cf131d179ddd752f3531792,522,78,unique_sequence,exact_1281,mmseqs_1219,ECOD_X_2484;ECOD_X_511,union_0002
6f45_D,train,ceeb1fa21c2ab28326b742db9ccf40e47a1371db0d2c0b7936e5facda26235cb,249,287,unique_sequence,exact_1283,mmseqs_1221,ECOD_X_207;ECOD_X_7028,union_0002
6fsw_A,train,54ec1b3eee31d213a5b6c75b147be9a71909a78554ea3e3322472bd734c269dd,236,860,unique_sequence,exact_1285,mmseqs_0222,ECOD_X_103;ECOD_X_251;ECOD_X_304,union_0002
6gfx_C,train,7f181adf4ae6669fc2426cbffd2e5e2ff3edeb2a98303ae84f8e3161c14db4e6,160,145,unique_sequence,exact_1288,mmseqs_1225,ECOD_X_11;ECOD_X_4215,union_0002
6h49_A,train,996f8e262b7a0db85acc1b9a9c16208ec6de70c785aa021c3fa9132c0dba8c56,157,535,unique_sequence,exact_1290,mmseqs_1227,ECOD_X_101;ECOD_X_7108,union_0002
6iah_A,train,1d49a11e703dd40352511907dfdbc65f2f8b7844c5fc98240627acae1e09336d,240,89,unique_sequence,exact_1294,mmseqs_1231,ECOD_X_2006;ECOD_X_3787,union_0002
6idx_A,train,a9b82355f2719e590a2f721b53616ab05bbf2e2d4b696b9fc85f6c92aa52a8d9,524,1163,unique_sequence,exact_1295,mmseqs_1232,ECOD_X_109;ECOD_X_221;ECOD_X_7060,union_0002
6irx_A,train,ce224f2dbf8534578bf99a9fe07ecf407d44fcf0b60349681b70e9a4ea3f696a,496,1346,unique_sequence,exact_1297,mmseqs_1234,ECOD_X_2003;ECOD_X_632;ECOD_X_7039,union_0002
6l8s_A,train,f01e1e21eed65829601d02c44ba85b2a7427c3c8061d9fa4dbd2173652bea5b7,650,824,unique_sequence,exact_1307,mmseqs_1244,ECOD_X_11;ECOD_X_146;ECOD_X_151,union_0002
6lrd_A,train,8b6443cd0f21586a4313a351ba53f37429790960cd94fd00b8979d407c5ea954,705,663,unique_sequence,exact_1308,mmseqs_1245,ECOD_X_2;ECOD_X_2006;ECOD_X_5104;ECOD_X_7511,union_0002
6mdw_A,train,3192e095025fc8ff4adc97ec0a009863c8290e98f9cb80c4b20935918cc3a5f0,194,1060,unique_sequence,exact_1311,mmseqs_1247,ECOD_X_2498;ECOD_X_7056,union_0002
6ovk_R,train,0ce17e80981668ea25096a2863440eea115fc74f988ef65a3516f97f14ed1c22,219,925,unique_sequence,exact_1319,mmseqs_1255,ECOD_X_3070;ECOD_X_3772,union_0002
6oz1_A,train,a4c134a6aeab6ddccaff5990c28174cf7e8c10f84f1c1f8267820e8f8f7b842d,643,800,unique_sequence,exact_1320,mmseqs_1256,ECOD_X_327;ECOD_X_4011;ECOD_X_7584,union_0002
6p5x_B,train,58b34e05c8832ee74266074101d29eb29b4af499018fb45746308ae600f40e36,457,840,unique_sequence,exact_1322,mmseqs_1258,ECOD_X_1137;ECOD_X_2003;ECOD_X_4029;ECOD_X_4049;ECOD_X_7550,union_0002
6pnv_A,train,7f343d7fe2e864c3ba068ae826537f8dc3510dd16f899797b96bc0ad865365a7,411,212,unique_sequence,exact_1324,mmseqs_1260,ECOD_X_5;ECOD_X_7503,union_0002
6q9c_B,train,bc4e2078a25227488e1862c17507b770d3a7284fb53e6f3f2a1121db2a9f8dc8,418,411,unique_sequence,exact_1328,mmseqs_1264,ECOD_X_221;ECOD_X_4335;ECOD_X_633,union_0002
6qj0_A,train,3ee64c3ddc419e426160c049f2513ad337f43587f5e1656251df47d6d5732c61,412,805,unique_sequence,exact_1329,mmseqs_1265,ECOD_X_2004;ECOD_X_3922,union_0002
6rrv_A,train,9410189af00e982b834fc0f2bb97c87d62aa29b2e30b91db3d322ad77d5c42e0,127,881,unique_sequence,exact_1331,mmseqs_1267,ECOD_X_7568,union_0002
6tly_A,train,c1d240a362511ceaaf1a420d90242adfcfcd4495e58d6758d62806a05ed20943,99,708,unique_sequence,exact_1335,mmseqs_1271,ECOD_X_386,union_0002
6xb3_H,train,2cfdad413792115d66de62def70e356f3c51fde5dc7b64199e25ad7a63976339,241,690,unique_sequence,exact_1338,mmseqs_1274,ECOD_X_1;ECOD_X_7063,union_0002
6y2x_A,train,24f9da046bcc403b0eceb347e81b8f04548f28b2691c70ea2955546d72c47b51,235,872,unique_sequence,exact_1341,mmseqs_1277,ECOD_X_3169;ECOD_X_376,union_0002
6zsl_B,train,535c201510e289ad68726a3eacb8f22a7d79558b27a9c5ece0ddb89b9065c2d9,603,569,unique_sequence,exact_1344,mmseqs_1280,ECOD_X_1;ECOD_X_1168;ECOD_X_2004;ECOD_X_376,union_0002
7asg_A,train,9e2eaa68f33470cf51e13d39390d8a5c83023955038b38bd17a20259a8ac2aff,594,935,unique_sequence,exact_1348,mmseqs_1284,ECOD_X_1181;ECOD_X_239,union_0002
7buy_A,train,50ec190141bd451b4b7efdf7378d3a516e559004b5335ab9bb341a596691c92e,306,362,unique_sequence,exact_1349,mmseqs_0412,ECOD_X_1;ECOD_X_6001,union_0002
7c45_A,train,e341f658fac6161d4fe1f05e950f22f7b5ba1844c10600dfe2b41bf6a848a445,302,1090,unique_sequence,exact_1351,mmseqs_1286,ECOD_X_2484;ECOD_X_396,union_0002
7e2s_A,train,44ea7120066ea96c86b98c82ed571fec3b0b599af91fd8015f387c90cbf6d39c,233,1066,matched_original_atlas_neq,exact_0300,mmseqs_0296,ECOD_X_109;ECOD_X_4304,union_0002
7fd1_A,train,b26a5c032edcef6ffa4961daf185cad8d1950a02d0f7497dcfc44b2fda346ced,106,876,unique_sequence,exact_1355,mmseqs_1290,ECOD_X_205,union_0002
7la6_A,train,0b3b789efe7ed89673cd4e583acf2b5408b784bb8dc8c83c22aee89b1c114fc2,221,810,unique_sequence,exact_1359,mmseqs_1294,ECOD_X_109;ECOD_X_6156,union_0002
7lp1_A,train,8cf416f19afbac788d42498d52533bae9580ebb5c748ef19b29fde63241bf6c6,39,932,unique_sequence,exact_1361,mmseqs_1295,ECOD_X_64,union_0002
7mf4_A,train,6ed8e14255cc01fecc0e6e214a4c5cdd56e5329c17bd0c39c4645d817191d839,554,1183,unique_sequence,exact_1362,mmseqs_0161,ECOD_X_2003;ECOD_X_2007;ECOD_X_7073,union_0002
7ned_A,train,c1abb9b79a705b67a8030a549aa9587fd333e50a6aabf77da0ada21c372d7c69,546,104,unique_sequence,exact_1364,mmseqs_0244,ECOD_X_2003;ECOD_X_321;ECOD_X_4022,union_0002
1ab1_A,train,ef9ea8f822d7c26debbc4e3923e167f753455563e46d045a79c0531cd10fba49,46,883,unique_sequence,exact_0003,mmseqs_0003,ECOD_X_365,union_0003
1ah7_A,train,666040cd345f80ad995462083d66c3c11c47523545ae6e9cd7d66c1d45c152f9,245,1218,unique_sequence,exact_0004,mmseqs_0004,ECOD_X_177,union_0004
1ail_A,train,151429e00d80012dea492086244fde3a18877175d07a12dc0b3ce913f18d89f5,73,227,unique_sequence,exact_0005,mmseqs_0005,ECOD_X_616,union_0005
1aol_A,train,73df2250f47e8e9e232ae1de844b5874b919bb0c49b8b04bf62c17ad6cf6c43a,228,1371,unique_sequence,exact_0006,mmseqs_0006,ECOD_X_712,union_0006
1b2s_E,train,a014502804fd3538eb83e2984404e8dae6739cf05a2e774e1427b255076ced93,90,1154,matched_original_atlas_neq,exact_0008,mmseqs_0008,ECOD_X_2489,union_0008
1b2s_F,train,a014502804fd3538eb83e2984404e8dae6739cf05a2e774e1427b255076ced93,90,710,matched_original_atlas_neq,exact_0008,mmseqs_0008,ECOD_X_2489,union_0008
1b8d_K,train,d27742ef9519d81f0720c57792ec521b3fa408313150c10df803d8fe748780e5,164,992,unique_sequence,exact_0009,mmseqs_0009,ECOD_X_106,union_0009
2bk9_A,train,729bbbb93c7a7f9a69a0e766df79b0ac796631c7422a16506ebc3fc5aa6dd257,153,537,unique_sequence,exact_0346,mmseqs_0339,ECOD_X_106,union_0009
1bgf_A,train,be7879e0807b17f2f2636d3df3998798ebf05390b1ba030f2ca7a73fc2a46550,124,1200,unique_sequence,exact_0010,mmseqs_0010,ECOD_X_515,union_0010
1bkp_A,train,4816514bbe147fb813a3cabe6b81d7835f9b16539d9f5c257954f1426ffef127,278,922,unique_sequence,exact_0011,mmseqs_0011,ECOD_X_266,union_0011
6a9a_A,train,72a346f59c1bd212330d1091891de0478ea772527e7eeacb7bc05ddcc35ef128,246,1079,unique_sequence,exact_1257,mmseqs_1197,ECOD_X_266,union_0011
1bx7_A,train,a8c12dd78dca7f3460710e0d313dc0aa71666ca56b585964a4fa28b2498d0a4b,55,589,unique_sequence,exact_0014,mmseqs_0014,ECOD_X_388,union_0013
1bxy_A,train,d8cbedf3ef2adc843d9e0f7c0c161efe24d6094a99ad9fa316383f7eebded20d,60,5,unique_sequence,exact_0015,mmseqs_0015,ECOD_X_887,union_0014
1by2_A,train,3a964ff8df32950f3e9f55d4e9a037eb87fb092a1fcb8059644c15a83ead0a9a,119,240,unique_sequence,exact_0016,mmseqs_0016,ECOD_X_358,union_0015
2oya_B,train,357d9dcad2f7a3662389491ccbebcf664843ab90162ef5bba76385b56782e578,102,1016,unique_sequence,exact_0488,mmseqs_0016,ECOD_X_358,union_0015
1c1k_A,train,ff79ffad6ac582688eafbe7573a15db97c3ba2263cd1be5c172535e1c85bd8cd,217,445,unique_sequence,exact_0017,mmseqs_0017,ECOD_X_546,union_0016
1chd_A,train,75856b24378a15ed6dc3fc8c7403e75db5ae0ee77bf1366a86cc351c58fab417,203,961,unique_sequence,exact_0020,mmseqs_0020,ECOD_X_7548,union_0018
1cuo_A,train,c992516aecab2b209ae4ac065c735265853d4196f235c9fd74c8e1f728c1edd0,129,583,unique_sequence,exact_0024,mmseqs_0024,ECOD_X_3156,union_0022
1d2t_A,train,06cc84dc09e4631e0b7b7f34563490a628491aba6418cb1658c7d5a00f6146aa,231,335,unique_sequence,exact_0025,mmseqs_0025,ECOD_X_180,union_0023
1dk8_A,train,59364ee88c41fa01a24763cd4f13334c44c8ea4dc710340b99b9901512eb6dc0,147,891,unique_sequence,exact_0032,mmseqs_0032,ECOD_X_196,union_0025
1dtd_B,train,f6944a96473fcc596396e348494d6401e2a03e800122690c63c24aac9b6a8dcd,61,462,unique_sequence,exact_0037,mmseqs_0037,ECOD_X_905,union_0027
1dvo_A,train,8ff0fef5586cf67e89a5c0e85ed2fa7074b9f1c06b95d3cc23ed82a798f62b2a,152,655,unique_sequence,exact_0038,mmseqs_0038,ECOD_X_505,union_0028
1ef1_D,train,38885c7440e2a96b364101f9718285e6e2b91d57f97cd64a6ffcd777570ff2ab,90,405,unique_sequence,exact_0042,mmseqs_0042,ECOD_X_583,union_0030
1egw_B,train,0d44d507867adb97eb9f9c782cad5c380502328e48738a2d55a90804fabd8e63,77,1129,unique_sequence,exact_0043,mmseqs_0043,ECOD_X_263,union_0031
1f3u_G,train,9de8e9aa34fb781fd89fd46bf1e722bd0479f79399adfc7a76e74e8276126b2d,118,958,unique_sequence,exact_0048,mmseqs_0048,ECOD_X_59,union_0034
1fd3_A,train,80b2e571696e504921796704db3d98f079b090d8f92db166d5fb06c46b907eca,41,6,unique_sequence,exact_0052,mmseqs_0052,ECOD_X_383,union_0037
1fk5_A,train,36dc9ce6bcb56036b40afbb94b7fda9ca6a7fcd2eafb3478e2c5715b5b682957,93,641,unique_sequence,exact_0054,mmseqs_0054,ECOD_X_185,union_0038
1fn9_A,train,fcbfcecd1e6610829a0d757a6a44f8a8bf8699e9a2286ea994da6ab94fd1ea45,365,129,unique_sequence,exact_0056,mmseqs_0056,ECOD_X_856,union_0040
1fs1_A,train,5e6cf214c3fbe084862b2498005ee52583de1c94d0bd1fee6b3ac58db6e11c61,53,10,unique_sequence,exact_0057,mmseqs_0057,ECOD_X_145,union_0041
1g6g_A,train,1f03cf481496fb9831470630d0cfdf5a132865505eeecdf6c5c6b2df8bb42af6,127,1326,unique_sequence,exact_0062,mmseqs_0062,ECOD_X_73,union_0043
3po8_A,train,14f989630e222d2e212ac65f0b8ff5205d5aa01085118b2dfc13412cbb04bcb5,100,51,unique_sequence,exact_0895,mmseqs_0860,ECOD_X_73,union_0043
1gnt_A,train,62fe5cd83e89985cfb62f4d92abb4b26e76f31d6c26431f80ec55fb8b6e67be9,553,50,unique_sequence,exact_0065,mmseqs_0065,ECOD_X_4017;ECOD_X_4044;ECOD_X_7586,union_0044
1oao_C,train,89e587c320246caba6449c222738409cc29effa5f274d7f02de1dcb76772aaf5,729,430,unique_sequence,exact_0166,mmseqs_0166,ECOD_X_4017;ECOD_X_4044;ECOD_X_4223;ECOD_X_4971;ECOD_X_7586,union_0044
1gqv_A,train,7e29d58baf7d33676c70f8971457e724e07e0270df4c9e083de874f408e19694,135,241,unique_sequence,exact_0068,mmseqs_0068,ECOD_X_372,union_0045
1h02_B,train,932a9a2ed2adb912817402aa49cb2d1d59ddc4a9fa579f7e0b9ddd2ac3f08099,70,866,unique_sequence,exact_0070,mmseqs_0070,ECOD_X_367,union_0046
1tgr_A,train,98d6539ef8f8639d6cd880079f72d3d0e806317ec7927a63e417258e6a44659b,52,745,unique_sequence,exact_0229,mmseqs_0228,ECOD_X_367,union_0046
1h16_A,train,aa326085fbd13442787de6fd38d6ee40d95f6cecdacbe8d33bd353852d891cb4,759,1112,unique_sequence,exact_0071,mmseqs_0071,ECOD_X_2500;ECOD_X_7090,union_0047
6l3r_E,train,01aae9dc52af2433beac61c41cdc831460b160399982e64c1b284caee8be69f5,669,1153,unique_sequence,exact_1304,mmseqs_1241,ECOD_X_1074;ECOD_X_2500,union_0047
1h8e_G,train,d6199cedf8202808d9e85a63152edd4ad3837f054d88e7bad0d8043afb3a2dd9,272,614,unique_sequence,exact_0073,mmseqs_0073,ECOD_X_7519,union_0049
1hq0_A,train,ce4740b8faa81bf35366a49a8f87c89cd6006aa4a3581e9e3f89d71bc8ab45d2,295,1282,unique_sequence,exact_0078,mmseqs_0078,ECOD_X_288,union_0053
1huf_A,train,1f2660bd3e79b55231d4c0c59cfb5ff972ba19c865ebd4ac9d7143ae68160b83,140,74,unique_sequence,exact_0079,mmseqs_0079,ECOD_X_847,union_0054
1i2t_A,train,f086c09a62460d1c1d4e292387dfbdf057ccb1d324ff721587d60d1e34728524,61,915,unique_sequence,exact_0082,mmseqs_0082,ECOD_X_143,union_0055
1i4m_A,train,384d56151103776a72296c50976dafa478eeae1f269a3354b8e8a56f81f322ef,108,202,unique_sequence,exact_0083,mmseqs_0083,ECOD_X_254,union_0056
3o79_A,train,137af62c399f6084934bed848b284c5d49dcf880a0e7aee7b004a6f856ab93a2,105,843,unique_sequence,exact_0874,mmseqs_0083,ECOD_X_254,union_0056
1ifg_A,train,f0c88a0a2c55481d5515c9811cc560d80d6075f2b26a5001d64fa513391717c2,140,1261,unique_sequence,exact_0084,mmseqs_0084,ECOD_X_521,union_0057
1iuq_A,train,f6bb2d2290e4256e21f4b8b77d3bfbaab69e83287c484549aaec2f3583494280,367,312,unique_sequence,exact_0094,mmseqs_0094,ECOD_X_7558,union_0063
1j2l_A,train,0d1ab7c8ca4c545d1393a73bcaec9ce6504e0b0a626df91e27790c0fb3470019,70,1050,unique_sequence,exact_0097,mmseqs_0097,ECOD_X_366,union_0064
3c05_A,train,dc81a22ef4dbc6237ce86c7cf4695793309516a09cd03994b4fe4a2d7559d3c9,62,807,unique_sequence,exact_0676,mmseqs_0097,ECOD_X_366,union_0064
1j5u_A,train,c36150b22e89965cd6f8a0a5f998400647ab3bd3cafb67911cf70c9a251cdbcd,136,1236,unique_sequence,exact_0098,mmseqs_0098,ECOD_X_256,union_0065
1juv_A,train,be28c4cba009ae26e06d5bf1bdf3243f0157068d585e0e637c968c23653ecb96,193,232,unique_sequence,exact_0108,mmseqs_0108,ECOD_X_7501,union_0071
1jyo_F,train,3a252525c9399200eb61041a10ed6bc9fa85bccf7ab822922913682aa10879e7,105,485,unique_sequence,exact_0111,mmseqs_0111,ECOD_X_853,union_0073
1k8k_E,train,2e90490e5cbfa2b315325ebac90105629c6038962f9e84819af11ad66258ab08,178,979,unique_sequence,exact_0115,mmseqs_0115,ECOD_X_533,union_0074
1l2p_A,train,21da8dd388bb47b15b3643b64d537a4a57b8fbbfdb7197e804d7ce1ff1de646d,61,308,unique_sequence,exact_0124,mmseqs_0124,ECOD_X_5046,union_0081
1l2w_I,train,55b06929a6cbf772b981f351394919257ab82eb542d83113b477d28adb0ba2c6,69,680,unique_sequence,exact_0125,mmseqs_0125,ECOD_X_854,union_0082
1lj5_A,train,6e46d8fa84bb5a40eb89c8bc39f8f84a547277919e5a447889668bac9b5c033e,379,1031,unique_sequence,exact_0130,mmseqs_0130,ECOD_X_4059,union_0085
1lln_A,train,6eb7a0e5c96985587843d9984e4cd4d781987e38634bfcd7ed35a02d9b161cd2,262,34,unique_sequence,exact_0132,mmseqs_0132,ECOD_X_292,union_0087
2z4u_A,train,cc4e413e323c2aae1142c3ce268e406c38bb6ff6559b69303f922dff5060dc3c,261,1191,unique_sequence,exact_0637,mmseqs_0132,ECOD_X_292,union_0087
1lri_A,train,492108a795068e6808906d71a060c9af8baaf5dcb5069a8a66dea107988c4758,98,552,unique_sequence,exact_0134,mmseqs_0134,ECOD_X_357,union_0089
2aib_A,train,67a686278a12377a52b23b995de02e640a8cf6bcf8b1772fdd2b6e04328e3e59,98,320,unique_sequence,exact_0329,mmseqs_0134,ECOD_X_357,union_0089
1lsl_A,train,ae809c5904cfadd39e587e59006ca77a15ec4dc93b953586c8abe43cf46b6eda,113,237,unique_sequence,exact_0135,mmseqs_0135,ECOD_X_922,union_0090
1m8s_A,train,332674f0ca0e2d315154b4195f2c9a7bd5cd76b4d98d89e1e71bcfa58a52564d,124,278,unique_sequence,exact_0140,mmseqs_0140,ECOD_X_371,union_0093
1mk0_A,train,c0e391821fe68583c654ef2f76b91c6fc77ae95be4facc2a9aa54162be7fb282,97,408,unique_sequence,exact_0143,mmseqs_0143,ECOD_X_821,union_0094
1mlw_A,train,079820e42201f44ff0a2c203ee43e62da3b10a660d76f4bcce1cd2310f71f877,301,1231,unique_sequence,exact_0144,mmseqs_0144,ECOD_X_257,union_0095
2v27_A,train,71578684f585e9f7e4504eae2702f5155d942415f28d188f9cffc171aa6e3a37,275,148,unique_sequence,exact_0554,mmseqs_0535,ECOD_X_257,union_0095
1n2m_A,train,c4ab641d4fd8935e209a2fff12a283c2d65dda0eb596d57ffba090653c28f312,165,53,unique_sequence,exact_0148,mmseqs_0148,ECOD_X_303,union_0098
1n8u_A,train,bf55b780c3cc0327f50bf92aa7f4ed4a0385fc1bda13e4fd6036cf446243dabc,112,672,unique_sequence,exact_0150,mmseqs_0150,ECOD_X_530,union_0099
1nh2_B,train,f9b2e945a1dd7ceac459d2a00fc3fe1797305a2a5b8d2667405cc0aa95bb376b,53,49,unique_sequence,exact_0153,mmseqs_0153,ECOD_X_104,union_0100
1o1x_A,train,68839821caab372484c87cb5d54835f233068bff94c97a6aa55f7e765145402c,155,465,unique_sequence,exact_0162,mmseqs_0162,ECOD_X_7560,union_0103
1ocy_A,train,6906ee0f39e6f5d06ac35f9d34ec81b76007eec7224cc89f90d2cb7c190d20d5,198,913,unique_sequence,exact_0167,mmseqs_0167,ECOD_X_877,union_0105
1oh9_A,train,811c956beb7087752a7a36a02a424531f6362aa6e516724f7c8f01900d0c06f3,258,1209,unique_sequence,exact_0168,mmseqs_0168,ECOD_X_7531,union_0106
1ois_A,train,9763601405ab526482b76fe8c5fdf89b9e4820de379636ec0cccd26c958cf881,223,971,unique_sequence,exact_0169,mmseqs_0169,ECOD_X_4039;ECOD_X_4057,union_0107
1ojh_C,train,4d2b2c4aeefd60d48e08964a46ca77b5e9a2fa8fe6fc1a7a756b8d632dccb455,65,1287,unique_sequence,exact_0170,mmseqs_0170,ECOD_X_562,union_0108
1ok0_A,train,068c69133abf89adcc78a49049cf7a54e12c0bb503b168527b80ed7f727e13b7,74,709,unique_sequence,exact_0172,mmseqs_0172,ECOD_X_701,union_0109
1pch_A,train,7c0e8b8a33a841bfb7d2633522d0cc9369c7ab731aa33252aa097adad7ff81c1,88,36,unique_sequence,exact_0177,mmseqs_0177,ECOD_X_322,union_0113
1pp0_C,train,5e6e2f7c4785e952845a3a3200c026dc8f33425562e1bc4e0164518e42702cf3,199,1142,unique_sequence,exact_0178,mmseqs_0178,ECOD_X_858,union_0114
2rci_A,train,e071c0718fbfde0e24b109b51841af412df99e5ebab1e4c979dd6a82f6271d90,204,416,unique_sequence,exact_0542,mmseqs_0524,ECOD_X_858,union_0114
1puc_A,train,ce4d87b8173abe18ea3547502e2d486a8a461e6454b3fc975e6df033f4dd5213,105,110,unique_sequence,exact_0180,mmseqs_0180,ECOD_X_811,union_0115
1pv5_A,train,90509219e8651b6778abe05b102b9eba59c0f64e140ed333db7aef6764ab9f67,264,771,unique_sequence,exact_0181,mmseqs_0181,ECOD_X_804,union_0116
1q2h_A,train,1f454a39cb34917a2da42e372d5be9e82423fc63fb01dde8cb6a868d56609e6f,69,1254,unique_sequence,exact_0182,mmseqs_0182,ECOD_X_165,union_0117
1q8f_A,train,056d324e058eba3d4b0fbed3c5f92034063650183544fb1c61f921d9db032ea7,313,444,unique_sequence,exact_0184,mmseqs_0184,ECOD_X_7517,union_0119
1yoe_A,train,fb127dfd0ad1fba03b10738184981f5a45c9dbbf75ff89b974974cfa29e8c449,322,988,unique_sequence,exact_0303,mmseqs_0184,ECOD_X_7517,union_0119
1qb7_A,train,613817438bd21c1cce307e4ff0050385782626c842dd3193d8fd4c83c8f542f3,236,1190,unique_sequence,exact_0186,mmseqs_0186,ECOD_X_7573,union_0120
1wd5_A,train,b474922e5e52ffb4eddfc63d9bc19444492f24bf9d865b433731bd6567d0e7cd,208,1051,unique_sequence,exact_0271,mmseqs_0269,ECOD_X_7573,union_0120
1qgi_A,train,3a8f178bcf77791977635a9714b19e324a349a16ed9a776f254223c4b2b98911,259,568,unique_sequence,exact_0189,mmseqs_0189,ECOD_X_235,union_0121
4epi_A,train,0c25594f99632eaca1d10d42f0ddfe9f57a85195904e47d972f5c325368967e6,330,1177,unique_sequence,exact_0986,mmseqs_0948,ECOD_X_235;ECOD_X_3612,union_0121
1qlm_A,train,7e58dd3897d181153e670c55d2e0ff8c400f318492e0dfdef35f78f014cddc16,316,27,unique_sequence,exact_0192,mmseqs_0192,ECOD_X_869,union_0124
4gvq_C,train,47da0be8b838beb03e841f4a169a4ab3a7510b536c10bdc77fb0a5b0d3f8d85f,316,1020,unique_sequence,exact_1008,mmseqs_0192,ECOD_X_869,union_0124
1qwz_A,train,73aa2038f15f9e9776a6ba5eed81d5d28be5b46902189ae210a4eb3def09b49c,235,1035,unique_sequence,exact_0195,mmseqs_0195,ECOD_X_290,union_0126
1qxo_A,train,512263a091db489d118fe7c1223530697fd3eb61e2d3765a6a3e4e8fe49783d4,388,1273,unique_sequence,exact_0196,mmseqs_0196,ECOD_X_875,union_0127
1r9f_A,train,d73d1815da0783eb3109197bf0c6cc9121b619a7bc1781e81e661e854454755d,136,740,unique_sequence,exact_0201,mmseqs_0201,ECOD_X_843,union_0128
1rl6_A,train,f8efb40301899bc8b1cd353290fe80cd00c735ee807551c5bb6cf63e161adb96,177,151,unique_sequence,exact_0204,mmseqs_0204,ECOD_X_318,union_0130
1rlk_A,train,9a5c5ce708b47aef475baee6364e851c8b0ffe22e8ac686501d7009eae818b5b,117,460,unique_sequence,exact_0205,mmseqs_0205,ECOD_X_2501,union_0131
1xty_B,train,c86f6378ed9a5ee7f7fdda66509982979609d4f9518b59b6ffdf9a53f7c4b8e5,120,1188,unique_sequence,exact_0296,mmseqs_0205,ECOD_X_2501,union_0131
1rss_A,train,9055297cede45f56eb7f7be9c89a1b32a09e4b74394d21612b6a345339279bb0,151,1223,unique_sequence,exact_0209,mmseqs_0209,ECOD_X_167,union_0132
1ryl_A,train,bc71cacb047f61b12f80a9a7cfde24031f3003c78fc2438880f2b6f3edf4a862,167,1380,unique_sequence,exact_0211,mmseqs_0211,ECOD_X_618,union_0133
1s9r_A,train,09d79dc9948b17e9b0c6cf88e2df5539b45c7223d01d68d700dfe2ceae75f411,410,686,unique_sequence,exact_0212,mmseqs_0212,ECOD_X_232,union_0134
1xkn_A,train,f261665313b595c339b43b9d69ea4cf24a5d01fdc6a0a7b24f2387070174d4f9,355,916,unique_sequence,exact_0290,mmseqs_0287,ECOD_X_232,union_0134
1sdi_A,train,83b107d5dfcc72ab43c6f216f32fe80666f73425d7ed16b6e13c2c9cd8ca85bc,213,389,unique_sequence,exact_0214,mmseqs_0214,ECOD_X_578,union_0136
1t8k_A,train,985351cbeb7795d012151d1b7eb21b9240d6860fbe4c7632385b052146110634,77,650,unique_sequence,exact_0222,mmseqs_0221,ECOD_X_132,union_0139
1tt8_A,train,bd4a517173ca7e1a19d944f79d5f935892b3b41aa0b2fd3d9a12b27eaa509192,164,500,unique_sequence,exact_0231,mmseqs_0230,ECOD_X_814,union_0141
1tzw_A,train,c65beba689ac291dc425dbcdeab8162b339b8c28fd190fa90a776134fbc5126f,142,767,unique_sequence,exact_0232,mmseqs_0231,ECOD_X_195,union_0142
1u55_A,train,daa122cff2bfc5be49cc4487087e96f44eed6ca5d380a0359d2fb6b7d0b628a0,188,513,unique_sequence,exact_0235,mmseqs_0234,ECOD_X_873,union_0143
4u9b_A,train,38c2f3c2fafe320a19d04f133ec1d5222f06014a1411f29fadfc5600219a0f03,187,357,unique_sequence,exact_1083,mmseqs_1040,ECOD_X_873,union_0143
1u7k_D,train,e3137f6b5cee21bbd4ae53134b7155e460e7f6045c0c1665b68d77d16412c65e,131,578,unique_sequence,exact_0238,mmseqs_0236,ECOD_X_170,union_0145
3g28_A,train,e0d89a85c3baec2ffe6062a84f44d6a49e599baae92fdbc15e36f29de7ff1a6c,77,376,unique_sequence,exact_0742,mmseqs_0714,ECOD_X_170,union_0145
1u84_A,train,aebb929cafab6ce31b23e0344d43fef47070f5e1b5cd625c9cf89f6d19cb7638,90,88,unique_sequence,exact_0239,mmseqs_0237,ECOD_X_592,union_0146
1ugp_A,train,81afe20109fe0ad249e54a439f714db4a14e3529c770113707b489527717e842,203,1018,unique_sequence,exact_0241,mmseqs_0239,ECOD_X_830,union_0147
1uoy_A,train,309d5c60726d55764696ba16fcee26fc79d17267e84ebda2c30f10a6e706a500,64,258,unique_sequence,exact_0243,mmseqs_0241,ECOD_X_928,union_0149
1upt_D,train,d9ff7c7584506a5b2baf15b86845c00b198d465869008ede84927f280b95a487,60,580,unique_sequence,exact_0244,mmseqs_0242,ECOD_X_548,union_0150
1uz3_A,train,ccc6a1711827adc0b6d89489dc8e5355bb990606421f469a9e605435fad61424,102,198,unique_sequence,exact_0249,mmseqs_0247,ECOD_X_4133,union_0152
1v7z_F,train,16c002c1ec20819d8c056797ef2e30d460ea1708f2969b6a282034e7edd33e27,260,1187,unique_sequence,exact_0253,mmseqs_0251,ECOD_X_7539,union_0155
1v9m_A,train,22cc6d2f0ad8877b193711fef4c52c00c18a180cc80ebf38a8f4c1947d25ee34,323,360,unique_sequence,exact_0254,mmseqs_0252,ECOD_X_5060,union_0156
3c1q_B,train,f2df294fb3301177debe5b174e6e35222f5b713fc629d21b824d6aefc2199b95,123,624,unique_sequence,exact_0678,mmseqs_0651,ECOD_X_5060,union_0156
1vaj_A,train,5420b53dce1f738cedbf4ba271abf08da621c3b6ab8bc6c793d01fba0fc88aad,214,766,unique_sequence,exact_0255,mmseqs_0253,ECOD_X_4139,union_0157
1vbi_A,train,f0bb37f71f6945837927ef56d3ac172ffa3e3c18df9ac3ad0a82248d7dee7606,344,944,unique_sequence,exact_0256,mmseqs_0254,ECOD_X_276,union_0158
1vbw_A,train,fa73ae1233d7c0a3c5d916325e045f7094a3ce115ff374492c1732b1fd07ecbb,68,859,unique_sequence,exact_0257,mmseqs_0255,ECOD_X_294,union_0159
1vcc_A,train,be5657ba37aa6997b1168f4078028027acabbd12f8f371cc016b8d7b1203447b,77,660,unique_sequence,exact_0258,mmseqs_0256,ECOD_X_818,union_0160
1vyi_A,train,25bf82574d0fc4671cafee4a961dca6df2e4923ac18f011c33f5858958c0baea,112,811,unique_sequence,exact_0266,mmseqs_0264,ECOD_X_4069,union_0165
1vzy_B,train,9213bd113d707e36148d9eeb34b1927a9d491d6125e1f7a22c1664e75a5dd879,291,1057,unique_sequence,exact_0267,mmseqs_0265,ECOD_X_4203;ECOD_X_848,union_0166
1w2w_A,train,ef2b1a16f691adb1af633c77fa5d4cf0e361578ac1147aeb4d2c161de6734c18,211,1165,unique_sequence,exact_0268,mmseqs_0266,ECOD_X_3651,union_0167
1w53_A,train,9d7fc00661a35cc01269002fe7c06b75e18d4156db537a5354bb45d6b14068e5,84,968,unique_sequence,exact_0269,mmseqs_0267,ECOD_X_4982,union_0168
1wbe_A,train,a4ab930ae88c45ce275ce8c0804825d1234e11e2a18d70079e31928ae45911df,209,384,unique_sequence,exact_0270,mmseqs_0268,ECOD_X_631,union_0169
1whi_A,train,659a5dc7301f8881d1810ba3d3edad62e40e1c7da16a6d00a8621a0c0f2500c7,122,684,unique_sequence,exact_0273,mmseqs_0271,ECOD_X_3174,union_0170
1wna_A,train,b96e8d15a545294319ec1c7a7cc6d2edbe7c50f4b0bb9917a12679b98ace5d89,131,461,unique_sequence,exact_0276,mmseqs_0274,ECOD_X_4263,union_0172
1wpb_A,train,e2193dc0392f8a77c707922f346082c45716f4e79729ccb9fe55b58d99d27911,172,789,unique_sequence,exact_0277,mmseqs_0275,ECOD_X_4359;ECOD_X_4981,union_0173
1wq6_A,train,fd3f0b207f8daf146f5432a370a412eb7ebf318fd6f95223446e62d4ae7bd1c3,72,1117,unique_sequence,exact_0279,mmseqs_0277,ECOD_X_6007,union_0175
1wq8_A,train,a6025663da7792e8e6d2256b7f6335d617f7ed3289fc83919e93daebae3036b7,110,118,unique_sequence,exact_0280,mmseqs_0278,ECOD_X_385,union_0176
2gh0_D,train,b0868ffa60d4fd84107d6d54a5958334c52ff08d5cb8fbee4e1d93fe54db3b6e,101,1305,unique_sequence,exact_0410,mmseqs_0401,ECOD_X_385,union_0176
1xo7_B,train,c6f0b5836ff4faead2ca5ac5caa87e1f175ab4f48cc7896bb179b8fe293a6fce,166,743,unique_sequence,exact_0293,mmseqs_0290,ECOD_X_75,union_0182
2cfe_A,train,b8a214617f073680261b82d72ca532423c5a76c143c4f1143d45f3f9616f9ee8,162,1058,unique_sequence,exact_0356,mmseqs_0290,ECOD_X_75,union_0182
1xvg_E,train,9741dfcf293977801e3fb27d9089df42d362524410d8b857c16c90939167091c,170,358,unique_sequence,exact_0297,mmseqs_0293,ECOD_X_640,union_0183
1y0n_A,train,57cddb09d7c5a11e7b4556442f268589669a5574050212e1c71a08c51078d687,78,275,unique_sequence,exact_0299,mmseqs_0295,ECOD_X_4137,union_0184
1yoz_B,train,160a97b82d7eb60a95e9da05a4a99ad64b7bb17fb1852b2153e398ca053ccac9,116,804,unique_sequence,exact_0304,mmseqs_0299,ECOD_X_4204,union_0186
1ypy_A,train,6dab0196632c52dd53f9f720bc4644dac834c3f85b340f1be4d67fdfbd130174,184,905,unique_sequence,exact_0305,mmseqs_0300,ECOD_X_3607,union_0187
1z1l_A,train,b7db69aef9223e38db80049061852ad69cf685d0c75215ef9a6d591f0426ae7c,345,689,unique_sequence,exact_0311,mmseqs_0305,ECOD_X_131,union_0189
3nr1_A,train,7f3867f254a725d4886660fd36831acf2bc43b1f49f250f33b94d59022e71304,178,1265,unique_sequence,exact_0865,mmseqs_0831,ECOD_X_131,union_0189
1z21_A,train,8f8402abf6a6b1a9493d4fa15df4aac4a06b2c15439f5aa26d29aff6cbe7c211,112,1182,unique_sequence,exact_0312,mmseqs_0306,ECOD_X_532,union_0190
1z2u_A,train,51ac447f9fc2af82ed522516f0d3ab01f06e631ca55cee295cca9feecd1f5b87,150,1111,unique_sequence,exact_0313,mmseqs_0307,ECOD_X_216,union_0191
1zdy_A,train,e3a14df9ad87c58b6199c7afc49c910e28678ac7241f834f18c226d9e894fce0,307,1027,unique_sequence,exact_0316,mmseqs_0310,ECOD_X_4194,union_0193
1zn6_A,train,730b6d1614828f46c4c9d12ff69aed357db6cd76d695c1aee424905673b88220,227,1347,unique_sequence,exact_0318,mmseqs_0312,ECOD_X_4188,union_0195
2ad6_D,train,613c94f45ca55321225377321bd28ebb612bb22c4ea8d19c9a804f21b7cd7e8c,69,219,unique_sequence,exact_0327,mmseqs_0321,ECOD_X_582,union_0197
2aj7_A,train,5f29e2a18dcfba760cc21f2dd42fd0a2508a8f927617f2f33418153803e764b6,163,557,unique_sequence,exact_0330,mmseqs_0323,ECOD_X_4071,union_0198
5jak_A,train,ed7aac57df35784b5ab0dabc1095e9dd754e308c8ce1079b859844789753a0e7,151,632,unique_sequence,exact_1182,mmseqs_0323,ECOD_X_4071,union_0198
2at8_X,train,2c82c0dd37e1c1a0c62add6dc3f2f8647f269ba73d289618d97d07e237495323,184,150,unique_sequence,exact_0332,mmseqs_0325,ECOD_X_9,union_0199
2b97_A,train,22919395d1f1dbbb14480e252dc9cc43e0a43a142f5f7f831feb0f2a3311e8c9,71,65,unique_sequence,exact_0340,mmseqs_0333,ECOD_X_707,union_0201
7s86_A,train,e5f17b630723b3e4c13a03da6bcd32871044e75260d84f95f9273e6f4399f83e,99,1243,unique_sequence,exact_1371,mmseqs_1303,ECOD_X_707,union_0201
2b9d_A,train,9f6067f0356fdfd144cc6f869291eb5272e3202ddb93a3530ec33d5bfa763d66,52,855,unique_sequence,exact_0341,mmseqs_0334,ECOD_X_4123,union_0202
2bjq_A,train,c76d6bba909cfb536688dabafa311925269b7c193953ed23d049e18af0f83a8e,345,726,unique_sequence,exact_0345,mmseqs_0338,ECOD_X_4184,union_0205
2bti_A,train,462f2f3c0f21d415161257df6a61aa53052af85b027d5b70f40afa8c5a7094ec,63,798,unique_sequence,exact_0351,mmseqs_0344,ECOD_X_4313,union_0207
2bw3_B,train,f38c33726556c1a2bf48122647d80228cc5ea84b8eaf735364b66f2cdd15c0f6,84,76,unique_sequence,exact_0352,mmseqs_0345,ECOD_X_4202,union_0208
2cg7_A,train,3941c8eaf7bbbffa20e48e5dc664e694a13f3a4ecd47b50dd6d7e9d2de3fa6f0,90,977,unique_sequence,exact_0357,mmseqs_0349,ECOD_X_391,union_0210
5nir_A,train,08978a255e8953a1c30474b64b7e7a92a7046e194a247ff306a51d2cb50b0394,74,720,unique_sequence,exact_1208,mmseqs_1154,ECOD_X_391,union_0210
2db7_A,train,d08ecef858553f663e5e25d873009564449d6240a20adafa52851669094ffce2,64,611,unique_sequence,exact_0365,mmseqs_0357,ECOD_X_4082,union_0213
2dlb_A,train,0d7bb165aff5a866db958673a338e8912b7dcba5c300f6e457e379454894f0bb,80,330,unique_sequence,exact_0367,mmseqs_0359,ECOD_X_4098,union_0214
2dt4_A,train,acff25a75cf5e438573a64ede610435802847a327c98d63a32605a5fdf7e8218,143,790,unique_sequence,exact_0368,mmseqs_0360,ECOD_X_4111,union_0215
2dwk_A,train,b9b9c3fc16f35345d8a7b4da1610b014bf1741d128085ed7649e7610a38525ba,180,1025,unique_sequence,exact_0371,mmseqs_0363,ECOD_X_4193,union_0216
2e6x_A,train,e02c717f44db1e0827920d6b3e2b4f241236f9d62e71e988ddc1fcefedb0143f,69,752,unique_sequence,exact_0373,mmseqs_0365,ECOD_X_6053,union_0217
2e8e_A,train,2a9dc9d359b223c23bce11939b03b010026157015b16adc19767cd83408be451,132,764,unique_sequence,exact_0376,mmseqs_0368,ECOD_X_324,union_0219
2onf_B,train,562d8f07768a31db5cb2b5dfa7a8bfac827a82ef7efbb3ed68c82c4c568c88ce,140,520,unique_sequence,exact_0479,mmseqs_0465,ECOD_X_324,union_0219
2ebb_A,train,f903393e178fce8ca10301f4ae25dece4706cc1d79274535b724a7ba9609dbc6,101,649,unique_sequence,exact_0377,mmseqs_0369,ECOD_X_305,union_0220
2ed6_A,train,9a2b657da9f7037dc03b10c58c3a4c7592064680c60d87cd4ea7477767f78591,170,478,unique_sequence,exact_0378,mmseqs_0370,ECOD_X_4242,union_0221
2end_A,train,50fba1fb2d9133329518275973e5e07134fa8d91b451825e785ad5bb79d9f90f,138,1292,unique_sequence,exact_0381,mmseqs_0373,ECOD_X_615,union_0223
2erl_A,train,8cfca45e6798a82ea246e614e53a8bdc8dd951beac2efe97e51e041337cdb7a8,40,512,unique_sequence,exact_0383,mmseqs_0375,ECOD_X_369,union_0225
2es9_A,train,31a8a960d8385a46acab3a33ed3f4c50394585a04991f5cda2c6edf11b270a29,115,402,unique_sequence,exact_0384,mmseqs_0376,ECOD_X_4254,union_0226
2f60_K,train,1278d1b830dd6d88244b4dd01e682cf73b61be128cec323530c0046b6f1bb6dd,64,1322,unique_sequence,exact_0387,mmseqs_0379,ECOD_X_147,union_0227
2f6e_A,train,11afeff633dc1706a408f2673a7f27792042085f0fa6b7a5b310e096be5a8f9b,127,62,unique_sequence,exact_0388,mmseqs_0380,ECOD_X_702,union_0228
2v05_A,train,11a088d1d7bae7e2ff631ff17f64632e019940e533f58047986e4e549ffe739c,311,1170,unique_sequence,exact_0552,mmseqs_0533,ECOD_X_702,union_0228
2fb5_A,train,8a703d3e5a8fa1e7608adb19d90b2fa16e7235880fa3a369b266aa5051e3555f,205,364,unique_sequence,exact_0389,mmseqs_0381,ECOD_X_4279,union_0229
2fhz_A,train,0e28c73f1952e962e1ab9942c8782413ed1578cc46dea165e3cdd19380f9ff14,109,682,unique_sequence,exact_0393,mmseqs_0385,ECOD_X_4222,union_0231
2fip_A,train,ac4e6d1fb0a98dbad72a9663287334f0b2b7b05400f6c09b4e4f1ba3e29b782f,115,873,unique_sequence,exact_0395,mmseqs_0387,ECOD_X_3429,union_0232
2fj8_A,train,b050e1e9b590796bf751f967bdbe004f6fa929472df2b00a0b3ca286cf49a645,125,77,unique_sequence,exact_0396,mmseqs_0388,ECOD_X_359,union_0233
2fma_A,train,4208482d0ac836a02099a8f70ff6a296d0a3fe29e18a92347160a569ffa50c8c,59,832,unique_sequence,exact_0397,mmseqs_0389,ECOD_X_872,union_0234
2fp1_A,train,6ce642a41896894d68a0d21f51f73cb56daa49f5ebb919483d8146fa489060c9,166,210,unique_sequence,exact_0399,mmseqs_0390,ECOD_X_164,union_0235
5hub_A,train,6b219d0048669b41e1f41429af59d3322aaf1196c1f85941bd812a0e0fc8be40,90,532,unique_sequence,exact_1168,mmseqs_1120,ECOD_X_164,union_0235
2ftx_A,train,ea2774a82b418b4818a2d91c14cef938696631ea86980b207baf379ea5754898,90,986,unique_sequence,exact_0400,mmseqs_0391,ECOD_X_4099,union_0236
2fyg_A,train,9d9dd370627322f65a31959973ba1ff4b522bbd33a9abd74e8086cda1445f668,128,1144,unique_sequence,exact_0401,mmseqs_0392,ECOD_X_4136,union_0237
2fzp_A,train,e30dd3965c11992f00e9351ddebfa6c72898881ccbc5bec7390390b699f8e355,144,1008,unique_sequence,exact_0402,mmseqs_0393,ECOD_X_4347,union_0238
2g64_A,train,490752c47f00cdc9f066932d0332b099fa9aa57ad138eb06dab04bf9136ba2ee,140,952,unique_sequence,exact_0403,mmseqs_0394,ECOD_X_230,union_0239
4xdu_A,train,2f34a54dfac8915b40e159ba2d0a14d0e57ee9cae2109d2432733ea668672056,340,1092,unique_sequence,exact_1100,mmseqs_1056,ECOD_X_230,union_0239
2g7o_A,train,ca87edd40c9a6152b38bca7f4f4d28098918de05a5145d97a59a3d9bc5bdaa95,70,581,unique_sequence,exact_0404,mmseqs_0395,ECOD_X_4288,union_0240
2gc4_B,train,ec2cc54c646058e910ff170dd865c33ae104d504b3058f9b12a31fe67f80fe19,131,305,unique_sequence,exact_0405,mmseqs_0396,ECOD_X_914,union_0241
2gg2_A,train,78d2ee0cbd06bad59e9a07aaffbc960469ec24a8779e38cb93fda4eb0765b28a,263,1212,unique_sequence,exact_0408,mmseqs_0399,ECOD_X_283,union_0243
2gib_B,train,dedd23f3148359478734f4befa70ef2543a8cd9e65edad54a75af7d6ecf1680b,103,242,unique_sequence,exact_0411,mmseqs_0402,ECOD_X_808,union_0244
2gke_A,train,aa5f7c14804803146b638c1c9124a0987eeb992d07661d42d2a5d390b5d8669d,274,493,unique_sequence,exact_0412,mmseqs_0403,ECOD_X_286,union_0245
6l4l_A,train,284fafb38a21c6b2e262ab1168f4d24a626ef54bcb6c9f11901c06b2936e9463,281,442,unique_sequence,exact_1305,mmseqs_1242,ECOD_X_286,union_0245
2gkp_A,train,02e6bd141de19d8954eabe41da5440b7e57107b3165185e21dc84362063b2231,167,458,unique_sequence,exact_0413,mmseqs_0404,ECOD_X_4269,union_0246
2gpi_A,train,16e2c3cc09955936df96a866788c16057c1bb19b393bb1ebfd716da1767ce401,91,314,unique_sequence,exact_0417,mmseqs_0407,ECOD_X_4152,union_0247
2gs5_A,train,1532e57e9cc437d44eee9575d6aaa7bbe02e99982d90d4e98485a3152b06269a,198,1148,unique_sequence,exact_0418,mmseqs_0408,ECOD_X_4113,union_0248
2hba_A,train,596430a5d7b79b1e659b3351169ed42070db33725d43433826136b8fb83dbcb8,52,222,unique_sequence,exact_0423,mmseqs_0413,ECOD_X_4076,union_0250
2pst_X,train,5c2b64d254c443b56c019074beea2d7ec3f31f8e1e8a81dc3bedf6b7acb3b8c6,74,592,unique_sequence,exact_0513,mmseqs_0496,ECOD_X_4076,union_0250
2hng_A,train,73ec1e3799a5865678d087d6ceb2341883a4fc5e0fbdc5aba00be90de57cafa9,127,1023,unique_sequence,exact_0426,mmseqs_0415,ECOD_X_504,union_0252
2hnu_A,train,4f8a886a462654605df7bdee20ad11f80d2a58132b21ccf2de61a66b812c6326,81,1168,unique_sequence,exact_0427,mmseqs_0416,ECOD_X_709,union_0253
2hxm_A,train,f9841119326fdefbdc84a9466d6e8b84ad4500f708915aec0eb2ec0e64a338be,223,1279,unique_sequence,exact_0431,mmseqs_0419,ECOD_X_7569,union_0255
2i5u_A,train,530c6a1e51123f8b977cf98d6d5191b812a37cb13db9fb117b5b5e4d077b90c8,83,453,unique_sequence,exact_0435,mmseqs_0423,ECOD_X_4230,union_0257
2i5v_O,train,dc04334fe09d0d8f0252be2030bb9a1526886b1bcc7a6c7a2dfdef492d57a286,251,143,unique_sequence,exact_0436,mmseqs_0424,ECOD_X_77,union_0258
2i9x_A,train,524a1fe5a4fe6e81a90543c4510759fa2f311d161bd02d2985b92c9dd65be15d,87,1303,unique_sequence,exact_0439,mmseqs_0427,ECOD_X_4180,union_0259
2ia1_A,train,2ab6d1a349418859a1eb5bf9624ce7275078bb620babc94598ba4e1beeec9a06,178,249,unique_sequence,exact_0440,mmseqs_0428,ECOD_X_4090,union_0260
2iay_A,train,1ffc00e0ff3698a39691fa3925e4aaf9ea14732fe716a750f0132b8572633dcb,114,570,unique_sequence,exact_0441,mmseqs_0429,ECOD_X_4097,union_0261
2it2_B,train,70c566ad0794957914a24ef97eede41a5e0bb80dd2e5d8733e91f7a0311514d3,200,616,unique_sequence,exact_0451,mmseqs_0438,ECOD_X_871,union_0263
2ixm_A,train,56c3d99b6cd3d160ff7887118c1c1fc304c583cca9989b97571c43a7a682ddd4,303,487,unique_sequence,exact_0452,mmseqs_0439,ECOD_X_4273,union_0264
2j6a_A,train,af4319e235d16723ca329bd8c22635072e28f5541d0b1f15d6214c5a33bd348b,141,763,unique_sequence,exact_0453,mmseqs_0440,ECOD_X_4294,union_0265
2nuk_A,train,f9c824dffd4af0314eb1c386ac1a6be025dc2dac9cd772e12be3c6f04bfcb3c5,141,844,unique_sequence,exact_0469,mmseqs_0456,ECOD_X_4294;ECOD_X_66,union_0265
2j6b_A,train,c0e920ef41c503d750bcfb82e5ae212173fe05bbc298d2cce7ca3afe1973966d,109,369,unique_sequence,exact_0454,mmseqs_0441,ECOD_X_4259,union_0266
2jek_A,train,ef02a052fb4ade584cb486b36749c55883d499a9595ba5380a8cf79b0b87dc2b,145,1220,unique_sequence,exact_0458,mmseqs_0445,ECOD_X_4240,union_0267
2jft_A,train,8ddbfaeec105545da9c26f47cb3c0767a21b10e93065d4797181af91e6e44ac8,234,674,unique_sequence,exact_0459,mmseqs_0446,ECOD_X_210,union_0268
2lis_A,train,930837192e13cf6ca6a4b4f016339c8bfd32bcb609a7d18457a9e20c8846a184,136,22,unique_sequence,exact_0463,mmseqs_0450,ECOD_X_163,union_0269
5ii7_A,train,52d3b842e119c1f53a50e220e54dcb02748d3fbc2687db2caf95d61582c83907,138,205,unique_sequence,exact_1172,mmseqs_0450,ECOD_X_163,union_0269
2nnu_A,train,49c76b2ff1ebaa04f9e65bc29ed0cf8e103550f7ff3e243645c054097b89b170,205,788,unique_sequence,exact_0465,mmseqs_0452,ECOD_X_3017;ECOD_X_52,union_0271
2nsa_A,train,f4cf7e42370535ab150cee35847df89cc9a423e5525ae788b68f0e8772f8a73c,170,349,unique_sequence,exact_0467,mmseqs_0454,ECOD_X_589,union_0272
2nwv_A,train,e1b18c16d31137276f456f4e04d9f40765209d67099140c1869baddfca792173,114,279,unique_sequence,exact_0470,mmseqs_0457,ECOD_X_4276,union_0273
2o4t_A,train,0149a8f3e5fd682b8aeaf7541f47c7d77c27b38ab01898550850db69ef04724c,100,1350,unique_sequence,exact_0471,mmseqs_0458,ECOD_X_4125,union_0274
2o74_F,train,1e1c55a60876ad1ed6fdfbf84c6fef4a462f354760934822fc212f9a22e76940,174,367,unique_sequence,exact_0473,mmseqs_0459,ECOD_X_4110,union_0275
2oeb_A,train,5d81fbc8b5f8202a74bccbdfdc054ce1b97bbeb27401d46e6e7540d9b151804d,155,559,unique_sequence,exact_0476,mmseqs_0462,ECOD_X_563,union_0276
2oez_B,train,e82a62452dc6316538b0f56e3a904b0ade2554ff0166b8b700070b9e4a8a830a,247,247,unique_sequence,exact_0477,mmseqs_0463,ECOD_X_4287;ECOD_X_4946,union_0277
2oxl_B,train,0190a0180195f34e77178257783f00ab2832bcde69533e0184190ce9eb79bf37,64,84,unique_sequence,exact_0485,mmseqs_0471,ECOD_X_639,union_0280
2oy9_B,train,3b553b62b57854f3f4563a4ad6f4a2531016f12b0fb4e183f88794937f70309e,98,140,unique_sequence,exact_0487,mmseqs_0473,ECOD_X_4296,union_0282
2p12_A,train,02ad4e0bc1a8603aabe433ef5eea12f0f4323958a02928e9d87f81202e7a0710,176,494,unique_sequence,exact_0490,mmseqs_0475,ECOD_X_4237,union_0284
2p2v_A,train,e2e1973c01d3032e59bf88ae2e1690584284f4720a2dad2fd2eaf135dfa1a6bb,288,880,unique_sequence,exact_0491,mmseqs_0476,ECOD_X_7555,union_0285
2p3p_B,train,210aa85554ede0b596c3574acf9a9af8baa88276388a24701631b0055e55a566,207,667,unique_sequence,exact_0492,mmseqs_0477,ECOD_X_4350,union_0286
2p58_A,train,30d0055913a87c5efa8b871c577d7a7f343966b59afda15ffbeea66b733bb02e,65,995,unique_sequence,exact_0494,mmseqs_0479,ECOD_X_3812,union_0287
2p6v_A,train,aa6079a9919245cd5bd682c86d1bb91fcd483a4aa96b22e52b2a6a0d154ab2e9,114,289,unique_sequence,exact_0496,mmseqs_0480,ECOD_X_4218,union_0288
2p9x_D,train,76c2db5f68eac07e71a042961cbd5c13c860b7c20557ba07f05402e79664b7db,99,429,unique_sequence,exact_0498,mmseqs_0481,ECOD_X_6049,union_0289
2pbk_B,train,51ded7739bcfee0bea939e6327c57360888c1f5e43034a6e1789a62a3fe55974,228,1323,unique_sequence,exact_0501,mmseqs_0484,ECOD_X_50,union_0291
2pfx_A,train,b640e4ff23573a298361dae3935df82d205caae6136eacd0c2bbd9fb49cb0d12,191,112,unique_sequence,exact_0503,mmseqs_0486,ECOD_X_608,union_0292
2ppv_A,train,0e40babcd22189819848212ea4d3772a7438781d9ba4cf21aa6752d60797a7c1,332,1226,unique_sequence,exact_0508,mmseqs_0491,ECOD_X_7513,union_0294
2q7x_A,train,fd9fd8f4a721c0d8fbeacbf5af151a18115f55ab8de05c226497925247691b3c,326,1316,unique_sequence,exact_0521,mmseqs_0491,ECOD_X_7513,union_0294
2pqx_A,train,1fbbcfa41ab567612e998e69a25d8b371e84eecb14f72fecf49ff9309a3bb83d,245,835,unique_sequence,exact_0510,mmseqs_0493,ECOD_X_280,union_0295
2pu9_A,train,d804549142eaca56954ec2d35cd7e4e3c1210a8076fa13cb685cd83fcd65185b,110,1364,unique_sequence,exact_0515,mmseqs_0498,ECOD_X_911,union_0296
2pv4_A,train,2ff976870d0fa1d03f5ef4975ca60444bc538770fcdd761d0552cff5694ed866,145,30,unique_sequence,exact_0516,mmseqs_0499,ECOD_X_524,union_0297
2pw8_I,train,d344c4805111b9974d0ad6df8bc36e540824b5d51b2d4e5c3b879b16829ce1e5,65,1125,unique_sequence,exact_0517,mmseqs_0500,ECOD_X_351,union_0298
2pyq_B,train,510a432b51ac94114943f1c588cbb070c627432c638becf482c50438a187389b,114,526,unique_sequence,exact_0519,mmseqs_0502,ECOD_X_4201,union_0299
2q2g_A,train,b761c1239dc8e2b754dea61bf9781bc2917abe210d9f7e12cbfa3f8f35c08b71,180,973,unique_sequence,exact_0520,mmseqs_0503,ECOD_X_67,union_0300
2q9r_A,train,ab623225c73308696e653bf351c599302f451259a34bfe6a4635d1ee596d45ce,200,653,unique_sequence,exact_0522,mmseqs_0504,ECOD_X_3813,union_0301
2qhq_B,train,1f834cf74a6615e7f1d4d7776d27be37dee2dcfeb0229e90ee3dbd124d6f0d65,125,987,unique_sequence,exact_0526,mmseqs_0508,ECOD_X_3438,union_0302
2qnl_A,train,b44381c8f42f8e80978deb9e1bee847bbd72999f4b9622dfbf172e6252e0ab99,162,1063,unique_sequence,exact_0530,mmseqs_0512,ECOD_X_620,union_0303
5cof_A,train,8b017bf131ac0681b4faafe5b516e4742fa1b7ea161273cc7c954b504972d7db,173,750,unique_sequence,exact_1136,mmseqs_1090,ECOD_X_620,union_0303
2qp2_A,train,398737272360af68860e137263c0834ee06c8cfb4aec3f502f726307c5eebe52,511,438,unique_sequence,exact_0531,mmseqs_0513,ECOD_X_3448;ECOD_X_5089,union_0304
2qsk_A,train,ef0e3bb89e4b84dd15a3ac0240869dc24509f81814bde38cb296c872e2712882,95,424,unique_sequence,exact_0534,mmseqs_0516,ECOD_X_6025,union_0306
2r2d_A,train,9e8b14504331601a9030a9535b375997d17994893d93c28040285358d9a624f0,276,14,unique_sequence,exact_0538,mmseqs_0520,ECOD_X_247,union_0307
3dha_A,train,b5054e1524bd73493e5c3837a9e1c5fbc3141c2eff61ee377275f066c19bc412,254,372,unique_sequence,exact_0700,mmseqs_0673,ECOD_X_247,union_0307
2r31_A,train,ed29d3b9f6445d1337e50e9a3bff550ee3f8b36c5675d9faaeb7f96f5265d3ae,239,162,unique_sequence,exact_0539,mmseqs_0521,ECOD_X_4351,union_0308
2rff_A,train,a8f9025b3787fdae357838ccb8466dd1b24e0062ddd1ed537297871f666db141,111,1245,unique_sequence,exact_0544,mmseqs_0526,ECOD_X_316,union_0309
5lpa_A,train,e57275d75ffc56fd8126255a757b0e6f21a29d7cb26a23d0d3034d547f1645de,270,127,unique_sequence,exact_1196,mmseqs_1144,ECOD_X_316;ECOD_X_3960,union_0309
2v4n_A,train,0c502bc6cfd65c32799d33f8f6520f9acd5a703d67f83b777d00177c4f95638c,254,246,unique_sequence,exact_0556,mmseqs_0537,ECOD_X_7527,union_0311
2vfk_A,train,8e5bf72beca0da5823b3ee6c0dcb7763e853303f3a7f430392c2a02feb611c7d,205,666,unique_sequence,exact_0561,mmseqs_0542,ECOD_X_264,union_0313
2vg3_C,train,d5101547c4afb1e3311e849d677ebdd96c60e8cfcd3f12cbb5834f2cfe07fdcb,284,134,unique_sequence,exact_0563,mmseqs_0544,ECOD_X_7534,union_0315
2vh3_A,train,7b49244b7b2adf3b1fe6c9be877b3a5347400689fa701e1b928ea1d4749aa660,113,277,unique_sequence,exact_0564,mmseqs_0545,ECOD_X_3531,union_0316
2vm5_A,train,b02f0f55bea6e5ee42a840c821126c8defab562cae044779a0e873fda277c7d4,106,299,unique_sequence,exact_0568,mmseqs_0548,ECOD_X_381,union_0318
2vnl_A,train,eaf056ae134014405efaac39f7d611ca533a5ed172752fd6705285e32b446645,151,321,unique_sequence,exact_0570,mmseqs_0550,ECOD_X_3857,union_0319
2w0g_A,train,60fd41b7901a80db6da9fc44473ed34656d4871aec48219500df5dbe28d8aeed,129,967,unique_sequence,exact_0575,mmseqs_0555,ECOD_X_551,union_0322
2w56_A,train,690febc62ac3b6709a4dc29b545c8ad28af3c98a743204a89a0c3c65cfd2e587,147,845,unique_sequence,exact_0578,mmseqs_0558,ECOD_X_3152,union_0323
2w6k_A,train,23d39cb39a2699182d56e004d9d1b235921898f6035abe9986ce5a12fcaa66c6,145,353,unique_sequence,exact_0579,mmseqs_0559,ECOD_X_4262,union_0324
2w9y_A,train,9fdaeca03744995c006f6f09c9ea761324e4bbe03c3e6e645b2663c3673d3ed7,140,39,unique_sequence,exact_0582,mmseqs_0562,ECOD_X_3065,union_0325
2wb6_A,train,da7bd0a6cb055d023f1872b7243e805ca308be5a3603eb5606ebd290fdd7c554,130,154,unique_sequence,exact_0584,mmseqs_0564,ECOD_X_3066,union_0326
2wnp_F,train,fac33fe63a05d985131ab3230c67d6878ba00107fbf0af5098c41153e8c88f7c,217,934,unique_sequence,exact_0591,mmseqs_0569,ECOD_X_269,union_0328
2wqi_D,train,c3153314f40c31401ce2170051aa8a0b35800ad5b58938f0168c10ea62af9913,51,331,unique_sequence,exact_0593,mmseqs_0571,ECOD_X_567,union_0330
2wzo_A,train,ec7c69e3e6eb9f9011bfba76091c8f358f1982bcf36a3fd3948652913c60a947,146,225,unique_sequence,exact_0597,mmseqs_0575,ECOD_X_3131,union_0332
2x5r_A,train,1790ff181cfd0a8034f72ff8e3418cc74525539130744eafa93ddeed774d3d99,127,1159,unique_sequence,exact_0601,mmseqs_0578,ECOD_X_3149,union_0334
2xf7_A,train,f4f23e4f0df22d1c419ca2b83769de9ebfd5a058628e9f332f94d3e359a5e7cd,51,808,unique_sequence,exact_0607,mmseqs_0584,ECOD_X_3151,union_0337
2xmx_A,train,3e42f44d09fe882c6728ed94406cbee56068e46d4cc528fe761e1ef8c6122361,271,648,unique_sequence,exact_0609,mmseqs_0586,ECOD_X_3173,union_0339
4g75_A,train,e5a38083ec62adcd35c4884f67b755910b952e5562f1e65b7f1d2b485e85adb6,297,561,unique_sequence,exact_0999,mmseqs_0961,ECOD_X_3173,union_0339
2xrh_A,train,11184fd393cc02806a2f9ec9f20b67bb28d0d8f1591d0c93b90fc400e54f7c7d,100,288,unique_sequence,exact_0612,mmseqs_0589,ECOD_X_3201,union_0340
2xse_A,train,d98a0343ab905e4f22bf49fbb6eafc04bee44bf81b20e7af8e174d6a92ef5331,170,727,unique_sequence,exact_0613,mmseqs_0590,ECOD_X_3277,union_0341
2y20_A,train,3b5a5b63da0ab4c0db0ac0e439a6933d3b24c0cf87503745a8079b41cafea2b3,58,286,unique_sequence,exact_0620,mmseqs_0597,ECOD_X_4168,union_0343
4gn0_A,train,aff73123ed9316c4c75b0af8d7afae71191ee2a8f8e9ff1a084bc7dc3ce69ff7,105,1351,unique_sequence,exact_1004,mmseqs_0966,ECOD_X_3757;ECOD_X_4168,union_0343
2y39_A,train,2cde063379d018026fa1c9297d753936d89e8566cfbbb72df27f2eee957d8399,118,342,unique_sequence,exact_0621,mmseqs_0598,ECOD_X_3711,union_0344
2y4x_B,train,ccc1cc8b0e612478b2228254444dd4cf63891ee668cda51ec72023da32227ea6,93,1217,unique_sequence,exact_0624,mmseqs_0601,ECOD_X_3454,union_0346
2yjg_A,train,fd9f1c3a29106e7bdad42bc85e22712d612703cf16e0975870f79a0efc0b32f0,436,1069,unique_sequence,exact_0628,mmseqs_0605,ECOD_X_7601;ECOD_X_7602,union_0347
2ysk_A,train,cb28b20d77c74d8ac86ba983f7ef881db83f034dc12456f2c31740e9d06539bc,145,1233,unique_sequence,exact_0630,mmseqs_0607,ECOD_X_4198,union_0348
2yvq_A,train,29216e40f68359302880452a5123af92f38eae4f4e65e3e3e1edcb14f9fab3e8,143,403,unique_sequence,exact_0632,mmseqs_0609,ECOD_X_7543,union_0349
2yzt_A,train,509f78770c326976a459ee53469c86eb6f9f9869d0e9f72d1e0d730d736684de,67,100,unique_sequence,exact_0634,mmseqs_0611,ECOD_X_4100,union_0350
2z0j_E,train,31332c7e80d8ab813c6a25354c81a6c9fe4b5c4763ea5147549ca713b36897a8,237,1324,unique_sequence,exact_0635,mmseqs_0612,ECOD_X_7551,union_0351
2z7f_I,train,c59a4a4cd9862f17169f7589861bd63c1d8e73ed72bb71bc5993ba4ecf350f84,50,295,unique_sequence,exact_0639,mmseqs_0615,ECOD_X_927,union_0352
2znr_A,train,8936d3a0dd43dbf76a28b11f2926a4777bfee9871102bbdff4ef10cbad8b1ebd,178,191,unique_sequence,exact_0642,mmseqs_0618,ECOD_X_2492,union_0355
6jwh_A,train,6ba3169cbfe6603217c165dbee249c7f7a0030d0e1daadf8107f171930b282d5,473,516,unique_sequence,exact_1301,mmseqs_1238,ECOD_X_2492;ECOD_X_7050;ECOD_X_7051,union_0355
2zzd_E,train,bbc924f49b1d4c64662bc128523ae47ed5bc4b97d49862196991e3b3fda295a5,157,427,unique_sequence,exact_0644,mmseqs_0620,ECOD_X_3686,union_0356
3a1g_A,train,e255f8f0c1d0f4f9c44d3b91caae4c6805844a9269462441c3850ce1a955e1cb,80,224,unique_sequence,exact_0646,mmseqs_0622,ECOD_X_3078,union_0358
3a1g_B,train,d9e8df439352bf7f0afde099d37f741e6cad26d19cfaa8588d44436a669fb896,40,631,unique_sequence,exact_0647,mmseqs_0623,ECOD_X_3079,union_0359
3a39_A,train,dee70b20a03998cab735bf0a983ba7a7274fca02533be71fcf9a0612e0d151e8,83,1271,unique_sequence,exact_0650,mmseqs_0626,ECOD_X_374,union_0361
3aa6_B,train,1bef4e0e8cbc42cf34dabb3e0e20e11fa0f6b2c82fafb4aa934ae8be0288d195,244,795,unique_sequence,exact_0653,mmseqs_0628,ECOD_X_4030;ECOD_X_4050;ECOD_X_4051,union_0362
3agn_A,train,232a426522f9aa088fb87524cffabbe71ed523f8c346ea91750b737cb945afaf,114,964,unique_sequence,exact_0654,mmseqs_0629,ECOD_X_234,union_0363
3ajf_A,train,7f0cb74d546f41c0ff5cdbb2fbc64322cdc65700a7cb3d62fe6329e6e29014ed,94,450,unique_sequence,exact_0655,mmseqs_0630,ECOD_X_3825,union_0364
3b4q_B,train,5366fd077207b4db2a6767f061e44d4d1468f2cdc97acb1cc12452ed5fe64a51,94,1372,unique_sequence,exact_0659,mmseqs_0634,ECOD_X_6040,union_0366
3bn0_A,train,a9bd8e045ed96b0debb464bc8536a1bc5394d570a13f24a4fe11e2bc42b11ae6,112,1109,unique_sequence,exact_0667,mmseqs_0641,ECOD_X_837,union_0367
3boe_A,train,31db761df7ad2b5ade8cd36208432f86d4e54b5511ec50f676269f8a88e6bad9,210,1136,unique_sequence,exact_0668,mmseqs_0642,ECOD_X_4126,union_0368
3las_B,train,6d074bc726ec853ddf2dcf219e6c0c2eda2677cc1b3789996bf3db0451aca11d,166,509,unique_sequence,exact_0818,mmseqs_0786,ECOD_X_4126,union_0368
3bpj_B,train,c07215c53a19a7a52b0ab1930ed191c7742b2b5bb9e417fd389aa39080b896a8,80,975,unique_sequence,exact_0669,mmseqs_0643,ECOD_X_6061,union_0369
3bqk_A,train,0be91cedd58d24502f1e62ab3790a3f652b70ab70bc3e943c9b9584dd9a41a7f,360,26,unique_sequence,exact_0671,mmseqs_0645,ECOD_X_4250;ECOD_X_4984,union_0370
3bwu_D,train,a06c27f9ad177cf79e2ecd13b1085bd856e9dafbcb78b04ba11bb8142547bc8e,125,132,unique_sequence,exact_0673,mmseqs_0647,ECOD_X_4212,union_0371
3bzl_D,train,bca09f86d1f3af7ed3d7398f841aa55fbb5b7595a2b2c61c9e71cbdbd2cb09ec,83,507,unique_sequence,exact_0674,mmseqs_0648,ECOD_X_4104,union_0372
3bzn_A,train,ba280341a1dda960e97fbde24bafd63f522627bd5f86b815c42a2a7be98a133a,431,267,unique_sequence,exact_0675,mmseqs_0649,ECOD_X_880,union_0373
3c0f_B,train,51e17236957efd2c2b0570f6fe82b12a0b4954bdf339ee320c4e7997f4fb65a1,91,470,unique_sequence,exact_0677,mmseqs_0650,ECOD_X_6115,union_0374
3c8w_C,train,e27247d1b3088dc72fa5826a28cdd04628aa972efcd0658f8376f7dfa721c749,255,1284,unique_sequence,exact_0680,mmseqs_0653,ECOD_X_4295,union_0375
3c9p_A,train,66ee3314f93326e173a61346d63329c95a20281051a871162d5c103d31c8f27e,123,387,unique_sequence,exact_0681,mmseqs_0654,ECOD_X_6056,union_0376
3cjs_B,train,33a333593f814f3d040bd961fa4193a633f77d206270e61965863260895d647f,72,1086,unique_sequence,exact_0682,mmseqs_0655,ECOD_X_3781,union_0377
3d1g_A,train,d75789d4440117116cb6f9c32e71fc4ba11af0335eeeebbf46978185aceadf94,366,121,unique_sequence,exact_0689,mmseqs_0662,ECOD_X_227,union_0380
5v7m_A,train,1f57cd5e21eb31eb7d07f93a3d7ecfa75a278e115e732cd0098731744ef98450,265,57,unique_sequence,exact_1230,mmseqs_1173,ECOD_X_227,union_0380
3d7a_B,train,25ddc9aa559bc0456ac5c56b82d44b35b9b93b3506afe77a3205de627fe4db8c,138,991,unique_sequence,exact_0693,mmseqs_0666,ECOD_X_882,union_0381
3dan_A,train,88f91ca001f246974c541fc8ad63d9e00a7872d5835ae43a144838a14546b02d,473,525,unique_sequence,exact_0696,mmseqs_0669,ECOD_X_149,union_0382
3dso_A,train,f4821d81b5fe046e5c0a58adec6c171d5e1781782d0c315b3c795ec87415b7e5,74,904,unique_sequence,exact_0705,mmseqs_0678,ECOD_X_3119,union_0384
3e0z_A,train,8d10d9173b055200900a1b97e7f609ec287abbf3f38c89f206052ed7c58a7698,109,1297,unique_sequence,exact_0707,mmseqs_0680,ECOD_X_3516,union_0386
3e9v_A,train,bd2c07f7df65cf17adcc14c7cfb428da30a7dd1166b160ab4eaf6536af001a75,120,209,unique_sequence,exact_0712,mmseqs_0685,ECOD_X_4072,union_0388
3emi_A,train,62bf246d89dc01a36ba8f9953aa52903340bf815275aa73e91e8a21329ab158e,116,339,unique_sequence,exact_0716,mmseqs_0689,ECOD_X_3512;ECOD_X_716,union_0389
3eoj_A,train,2b70a6633a75a7ebf3f75a63fb2b04f8bd305950b0b247594b0efbb755d762c2,366,1029,unique_sequence,exact_0718,mmseqs_0691,ECOD_X_522,union_0390
3eye_A,train,01d85581bec41ade691142dfeed05a0513c69cd7c6ada00f6391b3f2d21d61c7,168,61,unique_sequence,exact_0721,mmseqs_0694,ECOD_X_7537,union_0391
3fbl_A,train,fd0e774b9123b017b1e72ea7b9d1217758e0e568f28d2c4e5167609c907ecb4f,82,1370,unique_sequence,exact_0726,mmseqs_0699,ECOD_X_3273,union_0393
3fcn_A,train,28a6834d759c5cc79ceb89b45aba24fee39d4df142f7a8d3bd59dbb39870994b,164,1127,unique_sequence,exact_0727,mmseqs_0700,ECOD_X_3496,union_0394
3fp5_A,train,e7beb9c0851e4b2676c8ac4b802c4dd5a932f435be89d408aac730ba22f17e8a,106,936,unique_sequence,exact_0735,mmseqs_0707,ECOD_X_197,union_0397
3fpn_A,train,e605c8ae8d4773867a1d05aa4bb254f574f64041832b3a387ab32eba23cc7f8e,119,1096,unique_sequence,exact_0736,mmseqs_0708,ECOD_X_3325,union_0398
3fyb_A,train,817b1528fec364565627b4691652f3d3939bb2e3c4a50dbb642a80fad446623d,104,155,unique_sequence,exact_0739,mmseqs_0711,ECOD_X_4245,union_0401
3gmv_X,train,d3c12df472d5a9b574b7da4f0f1473cebc05e5b923852d50f8d16ad0434cb3f3,156,550,unique_sequence,exact_0750,mmseqs_0721,ECOD_X_809,union_0403
3n4i_B,train,f26ea897d1c67fa6859299d6aa622e46bf716cb6ed1711562fdf738f66decb4b,165,1056,unique_sequence,exact_0856,mmseqs_0721,ECOD_X_809,union_0403
3gwi_A,train,377f60815c7dca3f91f695e2c8290a8d4c54179613eb97490475e597a3642ac9,170,549,unique_sequence,exact_0755,mmseqs_0726,ECOD_X_267,union_0405
3h0n_A,train,0e4f1effc2b3b8e88fa0cfd83ca3ed509e983133b69c9f0f32ada7bf143e7929,188,200,unique_sequence,exact_0756,mmseqs_0727,ECOD_X_4107,union_0406
3h1d_A,train,be6b66031b04667380f850ca3a6f6094c563c2a6f0a4c5a8cbc7aef64401dbb2,405,1359,unique_sequence,exact_0757,mmseqs_0728,ECOD_X_261,union_0407
6tgk_C,train,f010d9b0c539a1e28bc7c81c2c88c0185d6e273fa97f11ef34aec59eb2a85c9a,105,969,unique_sequence,exact_1334,mmseqs_1270,ECOD_X_261,union_0407
3h8t_A,train,bd72d3216e741f87ea741c12e2aaf52f8ddbe62b489c4aa3b70bccb51f3819f0,191,782,unique_sequence,exact_0761,mmseqs_0732,ECOD_X_3077,union_0408
6eu8_A,train,950510117c6ef07fc2aca87aa25ad681d952516d94c9de7662b35f89e78c7666,196,137,unique_sequence,exact_1282,mmseqs_1220,ECOD_X_3077,union_0408
3hfw_A,train,6abdab58d8740de7621955c3d6e134bbafb5ca14f261da3c11313878d4fbe5ba,357,490,unique_sequence,exact_0764,mmseqs_0735,ECOD_X_528,union_0409
3hgl_A,train,364f7e5cd4811f70e3f1752ecb8640a757fe44fe9b4942787ecf53a05f62c8a2,85,265,unique_sequence,exact_0765,mmseqs_0736,ECOD_X_3193,union_0410
3hms_A,train,fe7c3235d339a00b9a8a820cba9d618a200c0851241c3b6adedf90178e3cacea,101,319,unique_sequence,exact_0767,mmseqs_0738,ECOD_X_390,union_0411
3ib5_A,train,ce68bdb564a769fabffce8a77636cd13af524999139d33f5c53360205c4385f9,348,433,unique_sequence,exact_0773,mmseqs_0744,ECOD_X_3535,union_0413
3ig9_C,train,e3b31142e0d081e1e787111f79e1417e351be2fb7e738d83ac9d4cf3d9633d2b,78,417,unique_sequence,exact_0775,mmseqs_0746,ECOD_X_3101,union_0415
3ii2_A,train,defce7cb4a5bbe0c4cef5c72bf695d70ef9ed2b818dbe98078aee94382a0391b,157,1280,unique_sequence,exact_0777,mmseqs_0747,ECOD_X_3123,union_0416
3iiu_M,train,a388dd649cb9d4b00df38d22ef1db6ca2575fdb0c36f4600c3946deb845293c1,151,1166,unique_sequence,exact_0778,mmseqs_0748,ECOD_X_569,union_0417
3ijw_A,train,4ca6e00e46a274b9cfde4c6e36484ff8f4807700ce965bb1b99ce0a2dc475f70,268,447,unique_sequence,exact_0779,mmseqs_0749,ECOD_X_7547,union_0418
7lao_A,train,74a3dcbbc32d4e8b10bf29edb5487246a06ed5c520ccacab13204a549b636e55,271,696,unique_sequence,exact_1360,mmseqs_0749,ECOD_X_7547,union_0418
3im3_A,train,decd44637a3963afa1383672c77a2a2f51efa812ba0e45807b91abec2d9e78ee,50,340,unique_sequence,exact_0783,mmseqs_0753,ECOD_X_541,union_0419
3ipf_A,train,127a8b98671731b46b3368701bb1b6b05af27c1c962c8db6b632751d8a389d9c,71,553,unique_sequence,exact_0787,mmseqs_0757,ECOD_X_3112,union_0420
3it4_B,train,a645e191598f847076de9565ae97516fb092f9d147d04cbc51e8f53bb70cdcba,205,618,unique_sequence,exact_0789,mmseqs_0759,ECOD_X_3117,union_0421
3jv1_A,train,9b1c9b4fe2f93c81050c79ebe18d28ddaca0753b49808d6ea6e2a07b5e0a6e15,182,1325,unique_sequence,exact_0797,mmseqs_0767,ECOD_X_897,union_0424
6gus_A,train,0ddd71bca0f6b20c9a8b847acf4d6c12aeda95af883c24884aa0308dbf8ff35e,155,511,unique_sequence,exact_1289,mmseqs_1226,ECOD_X_897,union_0424
3jz9_A,train,009e4e280e5137607401078bfe1d81721f74a25cfa7bc435764a516a1af6f2f6,197,959,unique_sequence,exact_0798,mmseqs_0768,ECOD_X_3838,union_0425
3k5j_A,train,3311000a566207e607e4a0ae0e286745bf7dca857349b78010334ba8798eed29,183,1091,unique_sequence,exact_0799,mmseqs_0769,ECOD_X_642,union_0426
3ka5_A,train,ade7be286760b76ca2b5cbd4b7d3c3214a434ee29634611e3b98c568cee5de96,65,565,unique_sequence,exact_0800,mmseqs_0770,ECOD_X_3097,union_0427
3kby_A,train,cceabbf56f069b082fbc72cabbe832a5eaccc67bc2890f894c37284ff3f8f7ea,145,573,unique_sequence,exact_0802,mmseqs_0772,ECOD_X_3302,union_0428
3kz5_E,train,86b77ccfb09d29466cbf045210cf570b4d61600be692926df92826b49e5f8eb2,52,815,unique_sequence,exact_0808,mmseqs_0777,ECOD_X_3433,union_0430
3kz7_A,train,b217e49f397547b07c0e973cf17e59108a87f52719efbb40bb3c42c446cf5e66,119,1155,unique_sequence,exact_0809,mmseqs_0778,ECOD_X_284,union_0431
3l32_A,train,6b2f8e75ff899af98f230c252dab2a7ebfd3355c6ecdf412798280944d47197c,45,439,unique_sequence,exact_0812,mmseqs_0780,ECOD_X_3839,union_0432
3l51_B,train,565ea2dd8f94565eda46ccb5e58622bece3cd72c3d79b0b051d028d4988eab59,166,75,unique_sequence,exact_0814,mmseqs_0782,ECOD_X_874,union_0433
3l9a_X,train,eb7fbb80a5e4a47f6852ab049a4aabf4cfca6d0a5fce6e77508ba7f214aaa508,88,497,unique_sequence,exact_0816,mmseqs_0784,ECOD_X_3120,union_0434
3lpc_A,train,2fb72e1bb492c4c66ce517bb821d77023982a343ce4e2e211062279c87622f7f,340,976,unique_sequence,exact_0826,mmseqs_0794,ECOD_X_2499,union_0435
3lq9_A,train,287e29b2d1b7ce3c19cd372f000068c5d87f142dcd8eccbc0af1f20484fd1d78,134,315,unique_sequence,exact_0828,mmseqs_0796,ECOD_X_3118,union_0436
3lwx_A,train,6b04510cf7b665ab7d8ec9b955dd7332f7f5c5c40954f8c5dc92ae131dbf617d,199,187,unique_sequence,exact_0833,mmseqs_0801,ECOD_X_3518,union_0437
3lyf_D,train,27155f90f7bcaaac7b9a539f98f2101d4152d61c795dbcd7b60bbf3dae9031aa,245,274,unique_sequence,exact_0835,mmseqs_0803,ECOD_X_3143,union_0438
4j4r_A,train,5705f391c048cf19b6c7c4222f239ac117edf0ff59b718734f812969802a3361,248,1101,unique_sequence,exact_1017,mmseqs_0803,ECOD_X_3143,union_0438
3lyy_A,train,4894348e33058a1735a6a75b996d1335be61fdca990d16a763617aba7801acdd,107,882,unique_sequence,exact_0836,mmseqs_0804,ECOD_X_3114,union_0439
3m5q_A,train,403bf3f6650f70a712d361a3088d93faa255a4fcdffab0cc2547a0df428f4ad4,357,481,unique_sequence,exact_0838,mmseqs_0806,ECOD_X_136,union_0440
3m66_A,train,763b1f72b9ed7b2c383f9eafe8181cdb53b3e661eb8cb8f75369939dc8240856,270,548,unique_sequence,exact_0839,mmseqs_0807,ECOD_X_3238,union_0441
3m7a_A,train,699eafe0dc526aa720f677c998149caa00ed935285b90701ca17870fa6924657,140,1320,unique_sequence,exact_0841,mmseqs_0809,ECOD_X_3127,union_0442
3mcb_B,train,e541045ae9618ccc3e236d89c0e5da427841000ce947ffa58b7f0f14afe84639,58,31,unique_sequence,exact_0842,mmseqs_0810,ECOD_X_3124,union_0443
3mmy_D,train,ca9d512cb822d402fbc7d9d04fcd8927cdaaf1a171e9ec2a6de94d88bc433d05,56,723,unique_sequence,exact_0848,mmseqs_0816,ECOD_X_3136,union_0445
3msw_A,train,84a1054bbd091696c163d96ba07a043744846bdc7e5f2113011974093e4fdf14,145,945,unique_sequence,exact_0852,mmseqs_0819,ECOD_X_3347,union_0447
3mx7_A,train,f6a5c1b7d29d9527c2e97abc5eb3fbe57ba633e0420f480f77f0d2dac088ab1c,90,1143,unique_sequence,exact_0854,mmseqs_0821,ECOD_X_3459,union_0448
3nke_B,train,06583bf01de5c23f0f541f07cddb4bfae975bcd50bdbb7c227143bbc4ea7af36,200,323,unique_sequence,exact_0862,mmseqs_0828,ECOD_X_3239,union_0451
3nrl_B,train,b1b4a88ec74f5c1a52d271d13a4b162fa58d728090a681c6da23c83b5f06715e,81,1332,unique_sequence,exact_0866,mmseqs_0832,ECOD_X_3158,union_0452
3obl_B,train,5aa3226d6eefad794223afa155ff7e1c817ad5f84ca93b78382a78e4f5edead4,132,1000,unique_sequence,exact_0875,mmseqs_0840,ECOD_X_3188,union_0453
4gk9_A,train,5c3f45967a03f1b14c8dacefd5b835228dfe1c5e8131c914013663ec4f7bd562,279,705,unique_sequence,exact_1003,mmseqs_0965,ECOD_X_3188,union_0453
3ofg_B,train,7e1ff71ccbad3e491992fe14b7089f41b5ab02b566a7db8d0270e5c56c443c5a,95,117,unique_sequence,exact_0876,mmseqs_0841,ECOD_X_3122,union_0454
3ol3_A,train,e14900bfa6e03679ecdd2099689abad8ed05e80c45d2162d87096c35dcc724e4,107,1162,unique_sequence,exact_0879,mmseqs_0844,ECOD_X_3716,union_0455
3omd_B,train,49a458cd6b003b74d39a8da27b729daaaf5d378fd9c171f6dd59034ab8d9af69,145,99,unique_sequence,exact_0880,mmseqs_0845,ECOD_X_3472,union_0456
3on9_A,train,021c6ac40875107f6acc652f6d6bb7c3151a9f13dfa51805cf20a0c68152afa1,163,1222,unique_sequence,exact_0881,mmseqs_0846,ECOD_X_527,union_0457
3pes_A,train,83826899ca9d32ee3d64a2e35c84b991ab8996515d2bd5a389201c989a91dc4d,85,1289,unique_sequence,exact_0892,mmseqs_0857,ECOD_X_3172,union_0462
3pf6_A,train,733b0756828365424cbe022495b7f3d6f969cb7dba9ff925266cbd1a50d7b87b,62,456,unique_sequence,exact_0893,mmseqs_0858,ECOD_X_6100,union_0463
3pkz_A,train,4348858dbb971a505754069ebddc22b60b434742563b1a4512d3679111eabb5c,124,912,unique_sequence,exact_0894,mmseqs_0859,ECOD_X_7565,union_0464
3pt1_A,train,09170841e27061326f26ec0e03abd1e779d69ad77cc0d2c322c68638811b5e47,471,716,unique_sequence,exact_0896,mmseqs_0861,ECOD_X_4009;ECOD_X_7583,union_0465
3pvh_A,train,849aab34e5f6b924022c0861ef7755c89cd9961b25f6afe2101825dbcf5ff97b,153,208,unique_sequence,exact_0897,mmseqs_0862,ECOD_X_3105,union_0466
3q1c_A,train,9050eae6402d3194b2e2bfe6d91fc621d4e20c0f728f826e5abd4a6c7f1c8448,360,1158,unique_sequence,exact_0900,mmseqs_0865,ECOD_X_3180;ECOD_X_3667,union_0467
3qc7_A,train,da71d416d2c70b5aa82fd53d311e07756206ef91b0a43519f49cbe01aa7726cb,179,829,unique_sequence,exact_0903,mmseqs_0868,ECOD_X_3176,union_0468
3qfl_A,train,4a111af2b53de007c7aa64ec7ed54cd705c567f3998fe86a168c6ddb6719e4a0,115,1102,unique_sequence,exact_0904,mmseqs_0869,ECOD_X_4268,union_0469
3rjs_A,train,10380612462d0f58835ad69f2a387738331d2b09ef0039c5061464bb8a38687e,89,652,unique_sequence,exact_0906,mmseqs_0871,ECOD_X_864,union_0470
3rlk_A,train,d2f4a97da9d86b980a15f1b407531624363f32e7c449b2fdebeb68182e89c481,192,978,unique_sequence,exact_0908,mmseqs_0873,ECOD_X_3200,union_0472
3rmq_A,train,bd8c82dcf2b59fd8e2de782af4990dc7c45e5ae5109beb14f870b87102b69615,116,717,unique_sequence,exact_0909,mmseqs_0874,ECOD_X_3185,union_0473
3rxy_A,train,06ebc82b7191d920b5d6f5f9c14e7f938491c0fceb61f590e6d457cfd233643e,278,990,unique_sequence,exact_0912,mmseqs_0876,ECOD_X_7509,union_0474
3se9_G,train,959476541a0047178908db249c4148019be1d2a2f01f8b8f71675a1c242ea0a1,353,1335,matched_original_atlas_neq,exact_0913,mmseqs_0877,ECOD_X_1061;ECOD_X_259,union_0475
3tgt_A,train,959476541a0047178908db249c4148019be1d2a2f01f8b8f71675a1c242ea0a1,353,396,matched_original_atlas_neq,exact_0913,mmseqs_0877,ECOD_X_1061;ECOD_X_259,union_0475
3shg_B,train,e56d360d4f0666a545e50f83624cd7e91f49f4124dbaf4cab55b440b0b219052,61,857,unique_sequence,exact_0915,mmseqs_0879,ECOD_X_3419,union_0477
3t4r_A,train,dc9cc251c3e6f5ca09ff14221bfc35449934e80003977fac443d816507134124,81,685,unique_sequence,exact_0917,mmseqs_0880,ECOD_X_3571,union_0478
3t7h_B,train,c8afd43d32eef715a756b45784ed2d8dd0b5cf0920d6753beb355e584143b3d3,291,469,unique_sequence,exact_0918,mmseqs_0881,ECOD_X_3351,union_0479
4gsj_A,train,32006ed037c6b98672a190288889772a480002b21da7edbb6f477680598c9e1e,291,351,unique_sequence,exact_1006,mmseqs_0881,ECOD_X_3351,union_0479
3t7z_A,train,f0c5fbf8bccde3172d63ddca0029405a4d27dc9a678b8db31dac1155d518f435,119,563,unique_sequence,exact_0919,mmseqs_0882,ECOD_X_3407,union_0480
3tvj_I,train,263414f30b4d96f2063fd99ae52fafc290c06db138dba7f5750d68e3663e5f46,38,9,unique_sequence,exact_0923,mmseqs_0886,ECOD_X_356,union_0483
3txs_C,train,aaf6374b08326d6cc53a4729460234b59e12a272323bd77650aebd23366a61ff,94,1253,unique_sequence,exact_0924,mmseqs_0887,ECOD_X_3713,union_0484
3u5v_A,train,fb9971c3a55416f7343ccd8a712a550aac7041c72130dcd2f59419c058377000,76,1046,unique_sequence,exact_0925,mmseqs_0888,ECOD_X_105,union_0485
3ueb_E,train,d06b88fca6d66d0b8b2bf9ddc5ff25ab5baa8e69b98230cab219796f3ed5537b,110,1021,unique_sequence,exact_0927,mmseqs_0890,ECOD_X_878,union_0486
3ush_B,train,db26840b0c967c8191147a330102333a6bf47b0452fb15fd07f3adc00a12fd2a,129,656,unique_sequence,exact_0928,mmseqs_0891,ECOD_X_3216,union_0487
3v0r_A,train,d80513b10c6257c4afc6079b29cf4359d31cc5ad36aa4638671cbfe78b83d560,133,260,unique_sequence,exact_0929,mmseqs_0892,ECOD_X_3385,union_0488
3v3l_A,train,e59b1fe138798dacc20705a67975c30fa7d1ba52fa44604e7e2f2b6d46022c06,85,1339,unique_sequence,exact_0930,mmseqs_0893,ECOD_X_4357,union_0489
3v68_A,train,a64be94108e378c01b0618f8389b7e52d20cc8d509a3a678955610f6c1413c74,252,345,unique_sequence,exact_0931,mmseqs_0894,ECOD_X_3402,union_0490
3vc8_B,train,d7e743594b0d1dc63fa88c17d4236b4436e76d1efa44e18fb5a5c8ccab49d8f9,94,910,unique_sequence,exact_0932,mmseqs_0895,ECOD_X_3084,union_0491
3vej_B,train,dc4c4c47742d1e069e63e2807633da5a091e55daf38f3771e382f9a20344da45,41,943,unique_sequence,exact_0933,mmseqs_0896,ECOD_X_3443,union_0492
3vgp_A,train,502ab6c4487318ac929e3b2746c7ee1bdd4add108357a8cda237e4887c478f61,164,203,unique_sequence,exact_0934,mmseqs_0897,ECOD_X_3110,union_0493
3wur_B,train,753e8985585867111ccbe619e036aa7b3a45eb00ff2d7299ce72e7e41dc3354c,171,1357,unique_sequence,exact_0942,mmseqs_0905,ECOD_X_3410,union_0495
3wx4_A,train,f45728898ce2d8c415b5dd473247eeea52f8fd78bb304573757d75fd69dafb1a,100,231,unique_sequence,exact_0945,mmseqs_0908,ECOD_X_6141,union_0496
3x0g_A,train,d89494f9ec4f129cd4a69969fed90ade89165e7ce98a883797fbc30fab87d344,93,1059,unique_sequence,exact_0946,mmseqs_0909,ECOD_X_576,union_0497
3zdm_A,train,0cece1d630bd4c5399ec508027b1fade9442ce095f3fc7483d5de8c95045d0ad,72,133,unique_sequence,exact_0947,mmseqs_0910,ECOD_X_6067,union_0498
3zfn_A,train,9e24545155ab0ceb09f09ce94e091102e740af1670848028c03c72ee6d0170bf,148,780,unique_sequence,exact_0948,mmseqs_0911,ECOD_X_6120,union_0499
3zoq_C,train,40a78cee8ca6fab67478e61b371bf42ab1feeccd2ddde25502202aa794db1ebc,56,41,unique_sequence,exact_0950,mmseqs_0913,ECOD_X_3115,union_0500
3zr8_X,train,a2b9e2156ecee8b7ebd12e2528de47d09180345a34d1d4d9afe6dc87c61e4db0,65,609,unique_sequence,exact_0951,mmseqs_0914,ECOD_X_3455,union_0501
3zrg_B,train,23f72b9794292146587535ba8c6c482e3af5060cd085e6f7a415b025d2f2a402,67,113,unique_sequence,exact_0952,mmseqs_0915,ECOD_X_3455,union_0501
3zzo_A,train,7f89e855e1d3416823cae9fcd4368f3ccc2ee1991d3894a4f592cfe6de133c6b,95,779,unique_sequence,exact_0953,mmseqs_0916,ECOD_X_3377,union_0502
4a56_A,train,0b812c25764a2b70eedb2f7880cbff1553a906d2e53c955b4f970f2ff4ed8b63,93,929,unique_sequence,exact_0956,mmseqs_0919,ECOD_X_3705,union_0503
4alz_A,train,308333954119c94227b5e99f0a0fd4f3abf98307efaafc60aba9e8a5f6e17e36,198,301,unique_sequence,exact_0959,mmseqs_0922,ECOD_X_3261,union_0504
4aqr_D,train,ed0e84964cd48c0ffa0228c96963718ef9f642696ebf91e1ded57791b54a4a5f,57,1199,unique_sequence,exact_0960,mmseqs_0923,ECOD_X_3356,union_0505
4b2f_A,train,63766e9dcc995722e42e62b3615a892c4c94f4d569e5b8b6915461b041ee17cc,214,1314,unique_sequence,exact_0961,mmseqs_0924,ECOD_X_3620,union_0506
4bgp_A,train,f942682ab8b5b0d5e755a368dd0e664e575a9299e111ecf245898e70cfaac80c,236,1386,unique_sequence,exact_0963,mmseqs_0926,ECOD_X_3644,union_0508
4byz_A,train,2534c40135f71c1dd6c37ae1b2ad841d488bfef8aecd5aa954218c4cda4ebbeb,194,759,unique_sequence,exact_0965,mmseqs_0928,ECOD_X_3392,union_0509
4ct7_A,train,399e06b3e3eb249643d817464d3119a52f14a59eaf94c56d66dfbafc2e09c73d,243,735,unique_sequence,exact_0971,mmseqs_0934,ECOD_X_3881,union_0512
4cv4_A,train,f72db8ec80460fa570187fc743fa439ae65eaa4dbebf784a40c46f0225ff889d,133,13,unique_sequence,exact_0972,mmseqs_0935,ECOD_X_508,union_0513
4ddp_A,train,2ee710f4103b96b70f577e04d99a42e8c7d20564cd875daf9ba35e5d92f364ef,210,491,unique_sequence,exact_0975,mmseqs_0937,ECOD_X_3409,union_0514
4dlh_B,train,5b772abda1fbdd9bcf4e97cd2e9a36fd7a17fcad6d81a8335e9d4af42971e155,197,327,unique_sequence,exact_0977,mmseqs_0939,ECOD_X_3445,union_0515
4e1p_A,train,facd21958f94fb2b2d2c00875583efaa632b1ead7f200dc0a09bdb3c2bc66d14,61,250,unique_sequence,exact_0980,mmseqs_0942,ECOD_X_3380,union_0517
4ebg_A,train,ac44d7dc2cbc8bc46707dae4494cafdca11b933ca36295f41b407fb8b7bbe23b,101,999,unique_sequence,exact_0983,mmseqs_0945,ECOD_X_3389,union_0518
4eo1_A,train,d3d4b4121a43fd4997c4aeeb9882378342b8044f1551aa314b8061186fe55551,70,1208,unique_sequence,exact_0985,mmseqs_0947,ECOD_X_392,union_0519
4erv_A,train,d9921a38e33b6020cfc6c49ff0e00567d695312b6fdfdb279bba309d434a068c,207,1255,unique_sequence,exact_0987,mmseqs_0949,ECOD_X_3191,union_0520
4ew5_A,train,91da77d818875c4f91d5982f5f68c21fc5ea611b873db1cb3bc83ca0f49e2452,102,928,unique_sequence,exact_0988,mmseqs_0950,ECOD_X_3388,union_0521
4f55_A,train,ad10f3fc88c52a58d2fcb4c84827e2cbb001b12b52508233092a0411127c1e5e,128,813,unique_sequence,exact_0991,mmseqs_0953,ECOD_X_3374,union_0522
4f87_A,train,d9b1e97b09074d309e8fd1195e0691d7cb60d2b96b5d0c70a818268bca125224,72,59,unique_sequence,exact_0992,mmseqs_0954,ECOD_X_3376,union_0523
4f98_A,train,60c5bbeff39c91144cdfd54d4301d317a8255d1ff453a9de5d3e2bb889d08703,69,325,unique_sequence,exact_0993,mmseqs_0955,ECOD_X_3372,union_0524
4fch_B,train,e0e82f55057cacec5f7b5cc8103b27a24f930ec2f93aa8db7aece29cf4f9002b,221,949,unique_sequence,exact_0995,mmseqs_0957,ECOD_X_3597,union_0525
4fhr_B,train,57ad4e74c079f686db3249ebdb5d4fddd36772fe372fa57693ee63bb8c5085a0,216,1315,unique_sequence,exact_0996,mmseqs_0958,ECOD_X_531,union_0526
4ftf_A,train,84755bea092b85c9b06551651adf991d3c1f0afd72318ed3cc1f5636ed1c8a72,112,950,unique_sequence,exact_0997,mmseqs_0959,ECOD_X_3148,union_0527
4g6d_B,train,35fde48feaf91f9b9ae5cf866f761638deabad9cea220d6da694ef5c816b2e3d,198,756,unique_sequence,exact_0998,mmseqs_0960,ECOD_X_3632,union_0528
4goq_B,train,ae6ebe6ff523177ce27e57c844f2732c404b766f20f07ea2c8e9659c9a6c6198,110,1348,unique_sequence,exact_1005,mmseqs_0967,ECOD_X_3098,union_0530
4h4n_A,train,88527b8c9923d3482762093f0ab9052d959a474fcbf2add148aa58cb9fcbe7ea,67,972,unique_sequence,exact_1009,mmseqs_0969,ECOD_X_3566,union_0531
4hfv_A,train,093d5dd77e8848c96dbbfb1419f7fe28c64b9fc1f7a6c361144d523a1e326922,190,189,unique_sequence,exact_1013,mmseqs_0973,ECOD_X_3848,union_0533
4hwx_A,train,888edf42835ed33b3525f268e0171419a752150d210f8dfc25d70997d11b22cb,114,783,unique_sequence,exact_1014,mmseqs_0974,ECOD_X_841,union_0534
4iaj_B,train,920ab7cd0ff8d3f4f9a6d21e1354c276a0ee28142ba5d5aa44a083779f30cc5d,78,328,unique_sequence,exact_1015,mmseqs_0975,ECOD_X_822,union_0535
4j8c_A,train,9a450564b90b69b70adb1386e913b60d82d56f76389d8e69a01c31f863a21e96,46,1156,unique_sequence,exact_1018,mmseqs_0977,ECOD_X_3727,union_0536
4jmu_A,train,acb5f2e681bceef272e1041268116a2b65c55a0080fb21c5791545c3d01f6368,112,1185,unique_sequence,exact_1021,mmseqs_0980,ECOD_X_612,union_0537
4jnu_B,train,302ef55fd06915b1db6e054a35016fe79705eb40751401ec645349fd94298102,40,531,unique_sequence,exact_1022,mmseqs_0981,ECOD_X_6159,union_0538
4jo7_A,train,6def68855726394786cca36b530bd1ee75607d2566b99cdb29734c4450b6c8c2,89,946,unique_sequence,exact_1023,mmseqs_0982,ECOD_X_6158,union_0539
4jqu_B,train,fa34e3d6e93c8522bff3cff36c1f7a51cb7eba10020305e76c2fba38f2bc024c,54,1080,unique_sequence,exact_1024,mmseqs_0983,ECOD_X_6124,union_0540
4ke2_C,train,96b5b3822e77b0d140222927abf0039a02dff1c210f9a2d3ecf65cf87280172d,196,1388,unique_sequence,exact_1027,mmseqs_0986,ECOD_X_3835,union_0541
4kk7_A,train,5e0c0f3d18d6823e57ea00965253a06d0cbb704a9829ec3ecd34c4ce9d14f1ae,395,734,unique_sequence,exact_1028,mmseqs_0987,ECOD_X_3708;ECOD_X_3709,union_0542
4ksn_C,train,33c183bf8214bbd32232a86b3258147307ce87bed2880cedacfe607879a06942,78,1214,unique_sequence,exact_1030,mmseqs_0989,ECOD_X_3707,union_0543
4m0q_A,train,ce299a7d3f0f6ec523edc68de66c6e1117bb443559533fd44f3df75f9a1f2559,230,536,unique_sequence,exact_1037,mmseqs_0996,ECOD_X_3400,union_0545
4myy_A,train,9a23f16aec026e777bc7466cc9d6da514a7d348e953f744dccf905cacbee4797,85,147,unique_sequence,exact_1043,mmseqs_1002,ECOD_X_6051,union_0546
4o66_D,train,520f2a03635119a334960a555286f350e820714c3e7b25396818d80a003bdc97,76,517,unique_sequence,exact_1050,mmseqs_1008,ECOD_X_3696,union_0547
4o6g_A,train,9f3420011d72f4c5c7d8b6c4c858e719971457704911806c82ead276edcbd723,174,1006,unique_sequence,exact_1051,mmseqs_1009,ECOD_X_3842,union_0548
4o87_A,train,9ddb7c1b33440e8c3aa4d50ff0b00304e6574608fb9fc976e026728e09072e97,320,157,unique_sequence,exact_1053,mmseqs_1010,ECOD_X_6167,union_0549
4oe9_B,train,ad6311665da12994a6e5e623a6bed93fb9263c17bc14880f2314e7cd0f61eb9e,121,678,unique_sequence,exact_1055,mmseqs_1012,ECOD_X_3919,union_0551
4oie_A,train,6210e8211a7c8ab6aec1eed2d4ed55e79aacc01a5ed3f5c964e21b46f1e67954,185,777,unique_sequence,exact_1056,mmseqs_1013,ECOD_X_3829,union_0552
4omf_B,train,d498f97f496c1ba147c7906d76b966bd95697396a62d6e8dadfba2fdfd136bdc,281,850,unique_sequence,exact_1058,mmseqs_1015,ECOD_X_3740,union_0553
4p5a_A,train,97c0ed088d6c00a17e6ea0cdf66d21d521b9f687c78a0c89ddb1f756a85636bd,239,651,unique_sequence,exact_1061,mmseqs_1018,ECOD_X_842,union_0555
4phr_A,train,233378e88d0785735a4cf87d3d4011b9d988698dd0153412145ab4687d06b4d7,277,1032,unique_sequence,exact_1063,mmseqs_1020,ECOD_X_7596,union_0556
4pz1_A,train,9f4f93c1f509c08fc3927b5540be2ff62a24be86e9bf1ba03ee4f78557db1455,98,675,unique_sequence,exact_1064,mmseqs_1021,ECOD_X_3886,union_0557
4q0y_A,train,40feb7c23a2125c794c82cf918836df2d9fe5d841fb985a154db8d07364782eb,134,1237,unique_sequence,exact_1065,mmseqs_1022,ECOD_X_3784,union_0558
4q7o_B,train,c69e21369525382eeedecb83340635f77c2bbcba6a2662fd7ff2adbe309f7ee9,146,83,unique_sequence,exact_1066,mmseqs_1023,ECOD_X_3884,union_0559
4qb0_A,train,6843896743297a1d992b911462a6269b1dfbea5688186d3cbf2e1cbe08a53c58,103,443,unique_sequence,exact_1067,mmseqs_1024,ECOD_X_6154,union_0560
4qmd_A,train,6e1b4a3259d31197f944106bcdffc68e4642b99803d6538ae9724440ef185b2b,193,1344,unique_sequence,exact_1069,mmseqs_1026,ECOD_X_260,union_0561
4qn8_B,train,e4722b10c4ff9cbda7f397a52280d3bd911a573f236244a8a0e21ab1c3f9f0c3,155,394,unique_sequence,exact_1070,mmseqs_1027,ECOD_X_3897,union_0562
4qtq_A,train,2ae19dd598a17495b9f462a5602e8262951be5254b5af59614523a67315e4c71,214,757,unique_sequence,exact_1071,mmseqs_1028,ECOD_X_3308,union_0563
4qx8_B,train,5bd1c30ab2ad7f2fe45d4e2f17baeb0a079dd0cf75832cc71752305e5f01c5c1,68,594,unique_sequence,exact_1072,mmseqs_1029,ECOD_X_6171,union_0564
4rgi_A,train,b863952bb7b0d274839efbb67b63d60efd026171928a76056d759aa607969d46,73,1299,unique_sequence,exact_1074,mmseqs_1031,ECOD_X_3933,union_0566
4rp5_A,train,301eef9877b384c391b07232870c09a3275b7001a55fe9005559a673ecdaab3e,98,640,unique_sequence,exact_1076,mmseqs_1033,ECOD_X_614,union_0567
4rsw_B,train,663cbacddecb80d1024810658134c3e4ea3a55f1d1d6620906b295b2307b00d9,255,1304,unique_sequence,exact_1078,mmseqs_1035,ECOD_X_317,union_0568
5gw6_A,train,3a6ad04f34be0118092e7ef630795c2098498381f55d784a08c15e8dd1205133,196,737,unique_sequence,exact_1160,mmseqs_1112,ECOD_X_317,union_0568
4tsh_A,train,cb1fe3a3453a270405351328ae2f59725ec36a07e8e6ad8d8915009e7662ab6a,121,842,unique_sequence,exact_1081,mmseqs_1038,ECOD_X_3908,union_0569
4u5h_G,train,e9be95da6abfd31febd4b53f07d8b802236fb3b88aeca292560ef256d9f372ca,90,514,unique_sequence,exact_1082,mmseqs_1039,ECOD_X_3904,union_0570
4ue8_B,train,8a66059c7c96a1bea5ab40d6348b533554008ba30cc781936756ae92c4e4b6d5,38,1,unique_sequence,exact_1085,mmseqs_1042,ECOD_X_3935,union_0571
4v23_A,train,4554cf22abcbd45da9f5cf0f06d314fbe9f6736ede0b40fa5c2f2a9edf85981c,256,786,unique_sequence,exact_1087,mmseqs_1044,ECOD_X_54,union_0573
4wlr_B,train,812ce5048ee6f6f08f1c367a35e56654e354c9f220f09363677781bdea83f70f,102,738,unique_sequence,exact_1090,mmseqs_1047,ECOD_X_3206,union_0574
4wrp_A,train,51766daa21d9a47abd71792f6b7daf740a2b33c6ce7ba871ecf341fbed4f0ea6,122,502,unique_sequence,exact_1091,mmseqs_1048,ECOD_X_3486,union_0575
4xb6_E,train,d646f7b19527e83478a6640ad13dfd9e51b78996ea8b2a8e5451915c3188c090,150,887,unique_sequence,exact_1097,mmseqs_1053,ECOD_X_3994,union_0576
4xb6_F,train,6db49dea20b9f3250608ac3e595795bc5e94c0bbcf14dfafba9cf7f55d6194a4,194,1337,unique_sequence,exact_1098,mmseqs_1054,ECOD_X_7578,union_0577
4xb6_H,train,72aca41a45d58896ad476bb34808efadc8325384ed30e78995467d1d08f8b8b7,281,691,unique_sequence,exact_1099,mmseqs_1055,ECOD_X_3993;ECOD_X_7578,union_0577
4xo1_A,train,16582b7b65c82d619e87895ea2801b1e4cf624f9eed7e340c0216f65bd5d6f52,60,102,unique_sequence,exact_1102,mmseqs_1058,ECOD_X_3976,union_0578
4y7s_A,train,1ccb0942cf1787afd546965b3d99cafd2b73aefaf48fea43d982019df356534b,111,421,unique_sequence,exact_1105,mmseqs_1061,ECOD_X_3985,union_0579
4ykd_A,train,3803053f9d98828daa18dbcf8d897fb7e7f168ee9978f509c107c31e350b0672,96,729,unique_sequence,exact_1108,mmseqs_1064,ECOD_X_509,union_0580
4yxp_A,train,923b609c746b44200a554de711960708d1a9b899d0ffcce7f136333260115e6f,275,1131,unique_sequence,exact_1112,mmseqs_1068,ECOD_X_3977,union_0582
4z9p_A,train,2eb723dabaff96bbecf821f96fe882fa4a785414837354a21840b10508fd012b,317,15,unique_sequence,exact_1115,mmseqs_1071,ECOD_X_566,union_0584
4zav_A,train,99943fc1ce08e7da2e7104dbe521a95b2ad132e6a3b2034d9c419a733933e6cc,209,1328,unique_sequence,exact_1118,mmseqs_1073,ECOD_X_7564,union_0585
4zds_B,train,db5370172ac99823b5ddcb3983f4cc379cffdc42ba687692dd76f769b36c9c90,134,617,unique_sequence,exact_1119,mmseqs_1074,ECOD_X_4996,union_0586
4zi3_D,train,b6b5d660ea6c1357a9bfcf00d718a98e18fbea6d09cc9ce71fb8991b547522cb,133,699,unique_sequence,exact_1120,mmseqs_1075,ECOD_X_3069,union_0587
4zya_A,train,a21dd60f0373973cdb955e3a234f4ac6cf507e0a59c33f0ee4b3155dc144c051,77,885,unique_sequence,exact_1122,mmseqs_1077,ECOD_X_1089,union_0589
5a5y_A,train,524d59a0562056b058f76d006a8e484fb7a97cf98253bffd615333d57886744a,212,948,matched_original_atlas_neq,exact_1124,mmseqs_1079,ECOD_X_868,union_0590
5a67_A,train,524d59a0562056b058f76d006a8e484fb7a97cf98253bffd615333d57886744a,212,254,matched_original_atlas_neq,exact_1124,mmseqs_1079,ECOD_X_868,union_0590
5b1n_A,train,a80463f529955dc80afa23067f01f7e49571e0f5a6ef6475692faf692407954d,69,1052,unique_sequence,exact_1125,mmseqs_1080,ECOD_X_605,union_0591
5b1q_B,train,c23a7579ec6725bab4dd1bc8b3cba2719d706bfd81ca91da50479c83cfa07b31,459,1216,unique_sequence,exact_1126,mmseqs_1081,ECOD_X_1063,union_0592
5b3p_A,train,3d70a7768f68250921bd44b5c56aa683be9a2fe135643bf26c9df40aa20910b3,134,1017,unique_sequence,exact_1127,mmseqs_1082,ECOD_X_4272,union_0593
5b5i_B,train,c319295731810d1e6180c3c0832545fd9cf64cd94e7306fbf910b77c52c5ee3c,74,584,unique_sequence,exact_1128,mmseqs_1083,ECOD_X_539,union_0594
5bnh_A,train,8675b7e7d8bac3aa92a0576211efcfb7ae9fcdb73396ebad92158d908d507570,123,419,unique_sequence,exact_1129,mmseqs_1084,ECOD_X_3468,union_0595
5btz_A,train,5950c4b94f4ee4a6a68acaae4dd04e722048f11426701c96668ff451d86c8fbd,139,970,unique_sequence,exact_1131,mmseqs_1086,ECOD_X_3975,union_0597
5by8_B,train,467a0c2d19e18bb50b168df2848c9d2f730319b17dd6edc68c0306c978cff73e,85,1113,unique_sequence,exact_1132,mmseqs_1087,ECOD_X_1017,union_0598
5cyz_C,train,f5a3bbab50e691a58944f287d1ee4d8baf3369d4b6dadb3457156ee5841d72ed,105,673,unique_sequence,exact_1137,mmseqs_1091,ECOD_X_4208,union_0599
5dbl_A,train,533dc5a343982ef22c32802279ed6eab9b2eb600e0e3249cd22800ac97e8e3fd,132,122,unique_sequence,exact_1138,mmseqs_1092,ECOD_X_706,union_0600
5dje_B,train,93f6eeecc2662994c568569db8488b8106b7ad35448e95e9cf2b40aaf856f131,140,1146,unique_sequence,exact_1139,mmseqs_1093,ECOD_X_1108,union_0601
5e5y_C,train,8fd6ca34b3e92748501b4d92a0c30f6e385921ffa6f95579d7df2b5e683373b0,63,399,unique_sequence,exact_1143,mmseqs_1097,ECOD_X_397,union_0603
5eqz_A,train,a9dba97a83995c6c4c2886c8070b640b8090f094557c924093e55e2874a86e99,146,646,unique_sequence,exact_1149,mmseqs_1102,ECOD_X_1026,union_0605
5exh_C,train,bc87c7381ee63b13754da0870228ac4b81c2efef6cce39180ebc84426da990d1,47,1319,unique_sequence,exact_1152,mmseqs_1105,ECOD_X_3109,union_0606
5ezu_A,train,ecc292aef60e914305db5777923897ff4a6593bb5e7ac92fd4be358a8b71c63a,89,211,unique_sequence,exact_1153,mmseqs_1106,ECOD_X_1133,union_0607
5ggl_A,train,f73fe4b6e81547aa9b155844412196a46e1bc58b403865e2f82a2c8ef08c2638,164,504,unique_sequence,exact_1157,mmseqs_1109,ECOD_X_3570,union_0608
5gv0_A,train,835155486f8db1b48ffddf54b91c200c0fa872c0f6f3c8a04d89caff07ab42fc,168,35,unique_sequence,exact_1159,mmseqs_1111,ECOD_X_3369,union_0609
5h1n_B,train,a27b76f3acdcc7f4523e4a9bebed635ebefe8b1410a11f411f5f7f9b9349b769,74,1362,unique_sequence,exact_1161,mmseqs_1113,ECOD_X_1191,union_0610
5h2d_A,train,f098e1901dcccf41113ca0950889357d9505c9512a68332ad8851cddfd2d8b1f,435,363,unique_sequence,exact_1162,mmseqs_1114,ECOD_X_4291,union_0611
5h6x_A,train,665c233574c3eaa5f29b89abc06e5da980b6bcea542c0120b6e8cb685b4cce15,100,136,unique_sequence,exact_1163,mmseqs_1115,ECOD_X_142,union_0612
5hqh_A,train,1f14fb0a017c5d0794cea572b8fc1ae84878c6e0cfb6be2da15fb83032e4df8f,109,770,unique_sequence,exact_1167,mmseqs_1119,ECOD_X_240,union_0614
5i8j_A,train,1cace83713fd3589ac1e3116c6f1fb6b8c46f39da8c0f1e631df96e1c4674148,64,309,unique_sequence,exact_1170,mmseqs_1122,ECOD_X_3986,union_0615
5iff_A,train,db8419d9cbd2e144bce378eee5702e2f8ee56cd49463362572eacf74831a3134,220,543,unique_sequence,exact_1171,mmseqs_1123,ECOD_X_6023,union_0616
5imu_A,train,f82a7fe15dd3f2fa2412efd79e459d0ef59366c85a94b20627f0ac69297fddc2,227,765,unique_sequence,exact_1174,mmseqs_1125,ECOD_X_1152;ECOD_X_1153,union_0617
5iqj_C,train,5830af0a5799faa6669040fab15e5d8e0e7c5dd85935c647109a0c4cb3762b2e,134,1174,unique_sequence,exact_1175,mmseqs_1126,ECOD_X_4070,union_0618
5j2l_B,train,e935e7ffa63b2ffb7f6215e03794f07f30936f77d4338cb2ca27fc6ddfeb6e16,81,489,unique_sequence,exact_1177,mmseqs_1128,ECOD_X_627,union_0619
5jx1_A,train,70876bc889798a4db1bc8856cd54b987af9fe6d3e9f9453c68cc478cebc412b0,75,238,unique_sequence,exact_1185,mmseqs_1135,ECOD_X_4307,union_0620
5klh_A,train,f4509d336f3c5f8cc86f5823955a2a892dc1ac2fe6d885f5c16bce0a6d35ff29,231,125,unique_sequence,exact_1190,mmseqs_1139,ECOD_X_1169,union_0622
5kwb_A,train,1ea4b029f2f07c386a71ec0828755f455cd572e4b5fb14c1331632f65769cbc7,371,474,unique_sequence,exact_1193,mmseqs_1141,ECOD_X_1043;ECOD_X_4169,union_0624
5l87_A,train,1b96c123567572c9847df1600522a40323c3412b70dd90f832992e19d4d56eb2,69,441,unique_sequence,exact_1195,mmseqs_1143,ECOD_X_3546,union_0625
5m1m_A,train,806711b91adc9d4603165dac24653bc0f4c2053b2ebcc56c31f3e2f84b21f031,155,483,unique_sequence,exact_1198,mmseqs_1146,ECOD_X_554,union_0626
5n6y_C,train,7c7c547316c2db97032b168fbfbc2b9d5c1305fb9d357af4ecaae2ea0d5230a3,113,693,unique_sequence,exact_1205,mmseqs_1152,ECOD_X_1176,union_0627
5ngd_B,train,5c3f6305ca2abbe1bedeef76e0f67475b140d60d21b9628bd00d5d21cb82dd2f,417,1268,unique_sequence,exact_1207,mmseqs_1153,ECOD_X_4038;ECOD_X_4056,union_0628
5njc_D,train,e572312c1e154356da2a0e0fd21bcdae9b0b2decadcecc8278b9b6c3a44d613a,450,368,unique_sequence,exact_1209,mmseqs_1155,ECOD_X_3053;ECOD_X_512,union_0629
5noh_A,train,e0a8d5ac26b7b349094e4d0ecae6296786fe57e2fb7ac748375ef98c004e2b58,103,1078,unique_sequence,exact_1211,mmseqs_1157,ECOD_X_3418,union_0630
5oh5_A,train,4b4abe4a7313bd17121df54d0e596189dc89eacee9b478b633ddebabd49ca3a4,283,404,unique_sequence,exact_1214,mmseqs_1160,ECOD_X_5088,union_0631
5t2p_B,train,c68ef7bd6358c69145f94501bdb13852fba1a092704c2c3c5d17e1ce6063ef8e,155,454,unique_sequence,exact_1221,mmseqs_1165,ECOD_X_625,union_0633
5v03_B,train,2e938254667ffc061a76345e736930169b181208b8c07c2e752a71717557c4d3,102,911,unique_sequence,exact_1228,mmseqs_1171,ECOD_X_5055,union_0634
5vap_A,train,fe1edfe0d31e6d767daa3f9a2a99a0ed83184d071749e6306679f0316f2cbb6c,112,1126,unique_sequence,exact_1231,mmseqs_1174,ECOD_X_3432,union_0635
6lus_A,train,8ca66df75c8ad42d6e7d22ef01710c1322a2217041cf6a5bccf831604670abbc,133,739,unique_sequence,exact_1309,mmseqs_1174,ECOD_X_3432,union_0635
5w4a_B,train,3521d2017676ed7dfcb2d5803f972e41f0dbaa20a38c8f6ef1a053203b47f01d,216,521,unique_sequence,exact_1234,mmseqs_1176,ECOD_X_7030,union_0636
5w53_B,train,4df005a85c43f845cba3441178cce36f1526d1dfebcf8ff2ff8a6ff89e0432c5,307,244,unique_sequence,exact_1235,mmseqs_1177,ECOD_X_3903,union_0637
5w5c_A,train,f6116cf7ffa4e7a9944de017c79119a9044fd8922a2d6ba187c2e18e78eb2b76,40,226,unique_sequence,exact_1236,mmseqs_1178,ECOD_X_3100,union_0638
5w82_E,train,c2af66b2d830c10051a222516ebda67331b54a3c772d8b0f411ac0621ed162f4,103,1252,unique_sequence,exact_1237,mmseqs_1179,ECOD_X_7057;ECOD_X_7058,union_0639
5wfy_A,train,bd410ba265c65c23832017640aa5c29c98ba6f5b44da083e7b299b9d14b1be71,136,903,unique_sequence,exact_1238,mmseqs_1180,ECOD_X_4095,union_0640
5x1e_D,train,298ef5c225ec987ead26b8816ba987439fe3d30fafbc933446f6bb62a61fb853,111,356,unique_sequence,exact_1243,mmseqs_1184,ECOD_X_1163,union_0642
5x1u_B,train,8d49ce85e2b9b0c40a9ff738fb1ba87b38d3df5c0239ab64b4cd19cf64bd4982,208,694,unique_sequence,exact_1244,mmseqs_1185,ECOD_X_1165,union_0643
5xbc_B,train,37ee4ab24bf3034754b0d0edbb4ac1b976ccf8f2c467d1ba2c29cd1daf8aa4cc,118,927,unique_sequence,exact_1245,mmseqs_1186,ECOD_X_4356,union_0644
7k7p_B,train,965dfead85d47edd78a71d8a407f278c09d426a77d7f0454304d3155e3fc84db,118,742,unique_sequence,exact_1358,mmseqs_1293,ECOD_X_4356,union_0644
5ydn_A,train,ec5cdd8ca6a8e80d6138512901a09e03f72349f0425edc0f70ed593c349fd095,109,761,unique_sequence,exact_1247,mmseqs_1188,ECOD_X_4275,union_0645
5ygh_A,train,1515a51b12d6e7cb19fbec405ee0ee4c50c64bf1da65ff93399e298fe77831cc,76,426,unique_sequence,exact_1248,mmseqs_1189,ECOD_X_157,union_0646
5yrv_I,train,4c06652e8aa5581bb74d5eed0fce7f4f12b079eee52733e52ffcc7c5ea9d83fb,137,868,unique_sequence,exact_1249,mmseqs_1190,ECOD_X_623,union_0647
5z42_A,train,0d1a0e0fc518c72fc5b76dbc7998912823278e565f1ba4c3f2cc12865112c829,102,0,unique_sequence,exact_1251,mmseqs_1192,ECOD_X_4337,union_0648
5z51_A,train,9e9aa04c24502084ee2e6223f24579b276cac9c5ee1f07879662cfa4c63ed715,162,576,unique_sequence,exact_1252,mmseqs_1193,ECOD_X_507,union_0649
5zlq_A,train,95aadf27ddf03e523b4099656d1d450355f545a1ebbdcdb35bd8e8c5f0bdcbcf,162,918,unique_sequence,exact_1253,mmseqs_1194,ECOD_X_4135,union_0650
5zmo_A,train,e59a77b714d825f7f0497fecae7f9ff48033f20fdefd8a2a6ce88d5924de4fc6,172,300,unique_sequence,exact_1254,mmseqs_1195,ECOD_X_7070,union_0651
6anz_A,train,38ea6f5df1a9911abc544111f8e93f4447c849b5de9f9ade5c277ff30647d856,146,861,unique_sequence,exact_1258,mmseqs_1198,ECOD_X_1185,union_0652
6bk4_A,train,e98a769058e257bfc1fc1ec862f6874110c1a860c9e383df2f7dccf62a72a29a,124,1036,unique_sequence,exact_1264,mmseqs_1203,ECOD_X_1016,union_0654
6bn0_A,train,64173c95c292f387f1ed9298177ac830e168d22169105be92f5e06e93f2bb675,79,243,unique_sequence,exact_1266,mmseqs_1204,ECOD_X_394,union_0655
6c0h_A,train,2f8f079a04c508cd75c3a1ca4649e8e307e621c0e35196104633152dd9baa42a,121,346,unique_sequence,exact_1268,mmseqs_1206,ECOD_X_7024,union_0656
6c62_C,train,1fb93952b38ec8acfbde539f288a509c6420caea6f0e4b389daa33017f2a08c1,68,888,unique_sequence,exact_1269,mmseqs_1207,ECOD_X_4993,union_0657
6cb7_A,train,98007d2268588c93ed6aa969dc840d0c7bd892f1b0d24a3c36a4a8d4c1aab905,122,440,unique_sequence,exact_1270,mmseqs_1208,ECOD_X_7034,union_0658
6cka_B,train,999c036686a4b17072f89752b0b9e41f2d0dda7354608ef4ed91645b493cfb77,68,1293,unique_sequence,exact_1271,mmseqs_1209,ECOD_X_7032,union_0659
6crk_G,train,bb5274ad0cdb9a05ae99ad6549e02111132ee9c29300afc889eb0147e210af9e,71,146,unique_sequence,exact_1272,mmseqs_1210,ECOD_X_153,union_0660
6d7y_A,train,fc038fb201e8bb8f21159dd9c31d22b1c523736d323a4411e9c3513fe4edf467,96,178,unique_sequence,exact_1273,mmseqs_1211,ECOD_X_1205,union_0661
6d7y_B,train,82e0af74741b2cad1ae713d8f55b32cd2a0d23ccbad8f8f065c69199f5ca5eb5,155,420,unique_sequence,exact_1274,mmseqs_1212,ECOD_X_7075,union_0662
6dgk_B,train,c739a3a4d019a80311e7e38ea74eb51f7f7b590cfe946e9f8db9e083e0adf5e5,120,1135,unique_sequence,exact_1275,mmseqs_1213,ECOD_X_4258,union_0663
6dlm_A,train,2a160c6e816a89ca9b7dc0ab5f491db11080b10560994c473098a2aa56cf11fe,75,538,unique_sequence,exact_1276,mmseqs_1214,ECOD_X_4992,union_0664
6dnm_A,train,94f768f84cae4a53247fb9b182d5b5cf8f0a76ae3551b3b9873f8f1e0cd8cc5a,190,248,unique_sequence,exact_1277,mmseqs_1215,ECOD_X_7059,union_0665
6e33_A,train,92923efd2ce9513778e57057cb9589347bcd641d07c7e3ebbb5426d3788a06ba,61,1369,unique_sequence,exact_1278,mmseqs_1216,ECOD_X_373,union_0666
6e7e_A,train,516014143ec73fd702d0ae1da8ed2fc693e797bbc7c4a5ebdc08ec82b09479ab,169,172,unique_sequence,exact_1280,mmseqs_1218,ECOD_X_3755,union_0667
6fc0_B,train,6c301e12f560b23fb00f3f12b7513e1ff395858de5197e39dccbd8ac4e9548a3,81,1242,unique_sequence,exact_1284,mmseqs_1222,ECOD_X_542,union_0668
6fub_B,train,5ed580384d69e4afe7be88779dff17f2f0b243aea43eab7736177097fddcc367,93,153,unique_sequence,exact_1286,mmseqs_1223,ECOD_X_3363,union_0669
6h86_A,train,ce90fc41848e5faa0a88eb7df8f40c69663fcd18d655130fe2fa25922487a6ae,88,428,unique_sequence,exact_1291,mmseqs_1228,ECOD_X_3920,union_0670
6hem_A,train,2efe640a5fc747df21eb57fb0fd92dfe137e29c1294bb4ffb7445ea30d0abda3,303,1054,unique_sequence,exact_1292,mmseqs_1229,ECOD_X_7071,union_0671
6in7_A,train,2d63591510df0d0f6429d007b198ed8fdab59e272470da0b7545fbb2b13ea237,81,797,unique_sequence,exact_1296,mmseqs_1233,ECOD_X_564,union_0672
6jpt_A,train,79d2463c8acf45633d510db5e7e97e62956456a45077c80daec252c1dd5b3e37,122,830,unique_sequence,exact_1299,mmseqs_1236,ECOD_X_3662,union_0674
6jv8_A,train,fe82205469d5222acaf2befa8610f50c4d2983ebb7097dd55e365d13f68b0c89,76,890,unique_sequence,exact_1300,mmseqs_1237,ECOD_X_529,union_0675
6l34_A,train,09da78b6d97aaeb0d4790af09d1b4734664629709b54731d23e215653d5cae0d,68,714,unique_sequence,exact_1303,mmseqs_1240,ECOD_X_190,union_0676
6l4p_B,train,d1826971b6df4af23e011fe204268ecd5341b4aef0207ce8b1b7456f1519a2c8,145,1043,unique_sequence,exact_1306,mmseqs_1243,ECOD_X_3187,union_0677
6o2v_A,train,2493cd9616022a7870648525d810035d02bd296eb801505ad2b9db800ff10a01,135,562,unique_sequence,exact_1314,mmseqs_1250,ECOD_X_7080,union_0678
6odd_B,train,82a6152b43250d28a5f67ebcceb9711378171d1874a3f771a1e37b4139628595,74,625,unique_sequence,exact_1316,mmseqs_1252,ECOD_X_1128,union_0679
6okd_C,train,2cce27e8aea25299162f1746474774a9d0f24715606dd0c8bde3562a42a98835,51,181,unique_sequence,exact_1317,mmseqs_1253,ECOD_X_5071,union_0680
6ono_C,train,b25b03cd04078da6dc319ca2f6bd5009e6e384860ee1e3e3ffadb799e237c302,76,96,unique_sequence,exact_1318,mmseqs_1254,ECOD_X_1022,union_0681
6p5h_A,train,d6ba2a7261fc8ef11945c9b7045c24e83cfd432418b378f1d25b4b53b496e9bf,105,213,unique_sequence,exact_1321,mmseqs_1257,ECOD_X_1103,union_0682
6pce_B,train,8dc884e0f5d15796499473ca0f5b8e2badb04c4d4eb7bd34ee8d297e07645bcd,70,383,unique_sequence,exact_1323,mmseqs_1259,ECOD_X_540,union_0683
6pxz_B,train,7b5a32211e2a7e4a96e41a7e52eca4016a41a623abe15d530226c5333f42f2be,104,85,unique_sequence,exact_1325,mmseqs_1261,ECOD_X_3855,union_0684
6ro6_A,train,603ee7dc24b0e4e4ded288482470bf9bb251846eaca3487f2db704b8e82d4695,58,1340,unique_sequence,exact_1330,mmseqs_1266,ECOD_X_7112,union_0685
6rwt_A,train,6b23b4d95736664b773e72e67b5c6374fd606a8e8712f8b80c3c3573599570c1,184,171,unique_sequence,exact_1332,mmseqs_1268,ECOD_X_7111,union_0686
6vjg_A,train,2ede6dcbd8d69b79497e3a539e8bb75bcc2f9f6443ea3962736abe3fc57cba33,110,449,unique_sequence,exact_1337,mmseqs_1273,ECOD_X_3983,union_0687
6yhu_B,train,c26df6dd0f9d06c13f9ee45e5118e486fc5786cd4363712ffba44afc29d88d2f,117,630,unique_sequence,exact_1342,mmseqs_1278,ECOD_X_4315,union_0688
7a66_B,train,b54208c5ec889de034557fb0a799c052c4b8f58038ecdf30d10e961045bf67dd,86,1211,unique_sequence,exact_1345,mmseqs_1281,ECOD_X_3501,union_0689
7aqx_A,train,0c6f58c3dabdd9ddffc2839e16e04ef6e477f8a4859f4d5ffcea4496538fee42,364,828,unique_sequence,exact_1347,mmseqs_1283,ECOD_X_1189,union_0690
7bwf_B,train,149155f6f5c2304d27f08d202efa4d40f834cea07a21ff5343d634cc467bc5df,92,476,unique_sequence,exact_1350,mmseqs_1285,ECOD_X_4267,union_0691
7dmn_A,train,e4a975b7debcd2714211e7443d8ee6b20ce64f1847a4726d8b5b1a8b1f8bb237,377,215,unique_sequence,exact_1352,mmseqs_1287,ECOD_X_4252,union_0692
7ead_A,train,8afaeb3dce617fd9602039aae5dd5761e595e7ee613eaa698278751a11b746e1,135,468,unique_sequence,exact_1353,mmseqs_1288,ECOD_X_3437,union_0693
7jfl_C,train,052578e186430048a32709a16d3237c5bdeb40e5383b94772f7cf9ac91b15bca,47,1230,unique_sequence,exact_1356,mmseqs_1291,ECOD_X_587,union_0694
7jrq_A,train,0e42ba3a61142b747abb450689aa427c19887b5519679c8864146ced548ae903,131,169,unique_sequence,exact_1357,mmseqs_1292,ECOD_X_3684,union_0695
7n0j_E,train,74d60c409ec15fe13f8bf736f218eb9d05d61d505d55b8889728fb2ebe32e0fb,101,1106,unique_sequence,exact_1363,mmseqs_1296,ECOD_X_3982,union_0696
7nmq_A,train,334cd0c10ee14b4e88236d513c93c26a8a1f928d428698507e257a8162cef172,365,333,unique_sequence,exact_1365,mmseqs_1297,ECOD_X_3758,union_0697
7p41_D,train,b6202f3e3bd9c5e85f790a15cd2e2535f61ffb1e9e8b8d257caa1a1258006be6,448,1028,unique_sequence,exact_1367,mmseqs_1299,ECOD_X_4161,union_0698
7p46_A,train,da64a49b9729a424e75b5a4ed48ba34794c443367a71f50bb87295462eb85e04,282,259,unique_sequence,exact_1368,mmseqs_1300,ECOD_X_4229,union_0699
7rm7_A,train,34c10d608834e796a0d705c11e73e966e6ae6262e208ab563f26097e5b235ce5,228,1124,unique_sequence,exact_1370,mmseqs_1302,ECOD_X_590,union_0700
1b25_D,validation,6e5de0e5c01324540b4f0697863ca252b9caeea1da88df90bf4686db57394af3,619,664,unique_sequence,exact_0007,mmseqs_0007,ECOD_X_169;ECOD_X_806,union_0007
4z3x_A,validation,13184fe1716277952874f48cef0e2c2089472d1ae079824fe2ebe7490c5fe24d,653,865,unique_sequence,exact_1113,mmseqs_1069,ECOD_X_169;ECOD_X_806,union_0007
1c52_A,validation,1b2147980e1a8a08be3928ae4deb425116f1c908db1f562e5cebe87f100e760b,131,251,unique_sequence,exact_0018,mmseqs_0018,ECOD_X_107,union_0017
2gc4_L,validation,bf797cb9fee451606bc31ffd2e44316ca18812c37cb9f31fb7dc9882ab7e17dc,147,1022,unique_sequence,exact_0406,mmseqs_0397,ECOD_X_107,union_0017
1coj_A,validation,373e83a60cf1ecbae87fd7d26db8b68f23aff6870473f9a02d351619959e7e30,212,94,unique_sequence,exact_0021,mmseqs_0021,ECOD_X_192;ECOD_X_228,union_0019
1ix9_A,validation,d7eb06830cce990a3ae437027435fea78d9324cef45b3261c3b915630de2f1b7,205,544,unique_sequence,exact_0095,mmseqs_0095,ECOD_X_192;ECOD_X_228,union_0019
2e5y_B,validation,e65ce372c3d3e242cdb926a99895331fa18efd214adeffcb5ab2322accc9d19a,133,637,unique_sequence,exact_0372,mmseqs_0364,ECOD_X_192;ECOD_X_56,union_0019
6ypi_A,validation,b137104dceac04c52bddd040a23ec174d562230700985b713efeb562326a7fa8,97,423,unique_sequence,exact_1343,mmseqs_1279,ECOD_X_192,union_0019
1ctf_A,validation,068338b1883385d54fba253debf64270d25d45e2802add7af2c1430f95203dcb,74,687,unique_sequence,exact_0023,mmseqs_0023,ECOD_X_308,union_0021
1dd3_B,validation,4663d164e1bce2412cc88503c9a0544b5019660618c2a6ecdb77f8d37b121f3d,128,784,unique_sequence,exact_0029,mmseqs_0029,ECOD_X_156;ECOD_X_308,union_0021
1jke_C,validation,67c201851e1493d9fa9cdc1641caa4bf82e5aeb786d8a8e5c8e5aae554cf90b0,145,607,unique_sequence,exact_0104,mmseqs_0104,ECOD_X_2494,union_0021
1rgz_A,validation,7791e6484b71c5c0ea0da7f370f1fad895ff3e3212106d4024c2cc40c1fa1dba,363,322,unique_sequence,exact_0202,mmseqs_0202,ECOD_X_223;ECOD_X_4019,union_0021
2bmo_B,validation,71377389be8d404e88927b393aee4760970fa35506f67622411b07de822b7c3f,194,870,unique_sequence,exact_0349,mmseqs_0342,ECOD_X_243,union_0021
2ex2_A,validation,434fcbee74c0733de4823b2ecfd2376539bc586026a4df30b78355493ae265ce,458,965,unique_sequence,exact_0385,mmseqs_0377,ECOD_X_223;ECOD_X_2494;ECOD_X_4019;ECOD_X_4334,union_0021
2i9w_A,validation,12dc7ee251fd0117371a768cceb1c33031e49e43fbeaa2bcab25d20968566897,184,574,unique_sequence,exact_0438,mmseqs_0426,ECOD_X_243;ECOD_X_4236,union_0021
2v0u_A,validation,4a6ddb6feb45d4f878f6452df1e11bed600d81f74096f5ab64ba8e92251302ef,146,602,unique_sequence,exact_0553,mmseqs_0534,ECOD_X_223,union_0021
3a3d_B,validation,89b3def1e0fd066c9feb983094707f37a89e3fd9d991404e02862bfb49d7b4cc,453,1342,unique_sequence,exact_0651,mmseqs_0377,ECOD_X_223;ECOD_X_2494;ECOD_X_4019;ECOD_X_4334,union_0021
3bec_A,validation,d3c21777872cb309a5085a679e42ad4590e3eefb54188841bc9eb57f66716ccb,363,816,unique_sequence,exact_0662,mmseqs_0636,ECOD_X_223;ECOD_X_4019;ECOD_X_51,union_0021
3mfd_A,validation,4600b015c0926e76c87762cfcfa4acf018edfa06f95b7ef1f5c046a5d6fc85be,334,436,unique_sequence,exact_0843,mmseqs_0811,ECOD_X_223;ECOD_X_4019;ECOD_X_51,union_0021
3mmh_B,validation,099b9fc7b9095d7b6bbdae6c4f8aa4f7b2bac5681549fe0bffcd07862a97fc5c,167,719,unique_sequence,exact_0847,mmseqs_0815,ECOD_X_223,union_0021
3mwz_A,validation,682d3c3b1ea6f14a8aae20fa320707ba8f25c1b5381d8ae6010d094b4285d70e,115,272,unique_sequence,exact_0853,mmseqs_0820,ECOD_X_243,union_0021
4cjn_A,validation,e193e85714e3f60103c7a13f82193d305a3a04d974c79321e599cbd2dd891270,642,547,unique_sequence,exact_0969,mmseqs_0932,ECOD_X_223;ECOD_X_243;ECOD_X_308;ECOD_X_3702;ECOD_X_4019,union_0021
4rr9_A,validation,1e6713d4e081f4f5db58346884fe0b5fa0d838afd288701974de4daaf9954eeb,136,572,unique_sequence,exact_1077,mmseqs_1034,ECOD_X_2494,union_0021
4xb4_A,validation,ed38ec7101f0139beb19365bf254f38a303119d569f9272a1ff74883d434a178,152,1215,unique_sequence,exact_1095,mmseqs_1051,ECOD_X_565,union_0021
4xb5_A,validation,5531933c634ab598afa5c10e32b5b0d3cc9c7e963a0187e0113c653dbc27665c,326,898,unique_sequence,exact_1096,mmseqs_1052,ECOD_X_243;ECOD_X_565,union_0021
7onn_A,validation,94c81315d858a4497407aca31d6f79dac725142ab2218f60f0e4b96b1e63ebe2,410,160,unique_sequence,exact_1366,mmseqs_1298,ECOD_X_223;ECOD_X_3702;ECOD_X_4019,union_0021
1ewf_A,validation,3d5bab96efca350e833f0afd70177069141aa7556d70cd2a49aa8c7bfd8e569b,456,1180,unique_sequence,exact_0045,mmseqs_0045,ECOD_X_883,union_0032
3e8t_A,validation,e98001d8b460e326b0565c0904fc60c181960bbc1d875ea7106c36f3f690406f,220,92,unique_sequence,exact_0711,mmseqs_0684,ECOD_X_883,union_0032
1fcz_A,validation,4eab90fd71acfe8ce19a5b45b36e9026b5f18059631adef9b8e6f25998a1f9b9,235,668,unique_sequence,exact_0051,mmseqs_0051,ECOD_X_188,union_0036
2p54_A,validation,80f8f2fa4a42bd6216cb10fdb248ff5487feb6080c28afef0ea43aca1ebb8af1,267,1235,unique_sequence,exact_0493,mmseqs_0478,ECOD_X_188,union_0036
1fm4_A,validation,175e75d86bd2433e82e818660271e762d105f3b6d0aabb7247890c42cc844502,159,1264,unique_sequence,exact_0055,mmseqs_0055,ECOD_X_331,union_0039
1p5g_X,validation,314c39044225f390e14bdb94f885f888c88b6b3149a80065f7aac45df178614d,463,448,unique_sequence,exact_0174,mmseqs_0174,ECOD_X_331;ECOD_X_7528,union_0039
1r8m_E,validation,1965c402f6d6a913ddd264dfaab7e3ea50cf35a454bae85976c553ca3bf80487,203,1202,unique_sequence,exact_0200,mmseqs_0200,ECOD_X_168,union_0039
1xsz_A,validation,a90d735d80ad961f74bf07b9640410994aab6ccd0101c3ad7c3247e35b8d21f0,356,350,unique_sequence,exact_0294,mmseqs_0291,ECOD_X_168;ECOD_X_331,union_0039
2dka_A,validation,f8a8d909024cada380162b4cad0779e429d71688d57b85fa7e006c957e1a913a,544,733,unique_sequence,exact_0366,mmseqs_0358,ECOD_X_331;ECOD_X_7528,union_0039
7aex_A,validation,3dd2999c8448752908945ffb181454d78e0932beee60931c9b22a885ce778316,275,1298,unique_sequence,exact_1346,mmseqs_1282,ECOD_X_331;ECOD_X_3783,union_0039
1h2e_A,validation,f72a6bd72d0b06d3e509f09802b07ff0d58f1f5accbb99c6f2f875b3fadcf680,207,985,unique_sequence,exact_0072,mmseqs_0072,ECOD_X_7525,union_0048
3d4i_A,validation,3963d1546ecd002ff2fd9fe043e26355531dc0396c8348351e5def9519834f85,273,1358,unique_sequence,exact_0692,mmseqs_0665,ECOD_X_7525,union_0048
1hc9_B,validation,01c59909cda3dfa2ba40c952a1ca375e8b8d464c7bd62c5abff8a3d9bcab8325,74,997,unique_sequence,exact_0076,mmseqs_0076,ECOD_X_382,union_0051
1m9z_A,validation,41f1c975b8037a0c5fb16def915075f58cf27df2eba5520930ccc6b237311e2b,111,338,unique_sequence,exact_0141,mmseqs_0141,ECOD_X_382,union_0051
1hp1_A,validation,93b2ddb1c0be3135de79f572db7383e1d460d72f695428674b26474c8f9d0366,516,69,unique_sequence,exact_0077,mmseqs_0077,ECOD_X_246;ECOD_X_805,union_0052
2jc5_A,validation,71b29c6c0e1a8104a51ab9273ad275190f1b8162c6ff5528608224f6708e3026,259,1042,unique_sequence,exact_0456,mmseqs_0443,ECOD_X_246,union_0052
2uxy_A,validation,24ad44204827fb282caba9f4f126ac027b624d74088ecfe1d57ef19c4c72a021,341,599,unique_sequence,exact_0551,mmseqs_0532,ECOD_X_246,union_0052
4lty_A,validation,ed42b5d3fba23b0f8295ae57b7fc77f122a32acbee023e71de84d6e42a7caaa1,354,984,unique_sequence,exact_1035,mmseqs_0994,ECOD_X_246;ECOD_X_3979,union_0052
5h7w_B,validation,dbe04fc7eb0f421331ccbd736ee6750366c80ac1ca62f815f1fb2971d5f56b24,529,697,unique_sequence,exact_1164,mmseqs_1116,ECOD_X_246;ECOD_X_805,union_0052
5uki_A,validation,1fa20bb99f335f7fc2a3ca8397166b7853f9de38b28b3240e4f1df404176bf3a,351,833,unique_sequence,exact_1225,mmseqs_1169,ECOD_X_246;ECOD_X_6147,union_0052
1ijt_A,validation,9950e82248a021d9041e2b11526aeb083bed73c9781ee8ea6c916d141ffcc7b5,128,676,unique_sequence,exact_0087,mmseqs_0087,ECOD_X_6,union_0058
1md6_A,validation,14091e80916984c97cb28911a4ecdacae72a3604e2465bba74076c1747389aa5,154,302,unique_sequence,exact_0142,mmseqs_0142,ECOD_X_6,union_0058
1vcl_A,validation,a115b4834a4698a8a95dffbb06bf0fb0483b3451adcd56ceb433b344da498e99,432,1295,unique_sequence,exact_0259,mmseqs_0257,ECOD_X_6;ECOD_X_825,union_0058
3wa1_A,validation,2b30e09b3c950cb5693268e6193fdc4d6f520eb0c24e6b8db8080e92c46a6d30,389,960,unique_sequence,exact_0939,mmseqs_0902,ECOD_X_6;ECOD_X_825,union_0058
1j77_A,validation,aa1b42b4fa4ff4801e1f076c3e134acfa2ad2af33f12222c7c490a759a4c7a5c,209,814,unique_sequence,exact_0099,mmseqs_0099,ECOD_X_150,union_0066
2inc_A,validation,c955f03b6edec340b5b776337613a674e6955fe971257ce7c200f52aecd637bf,491,897,unique_sequence,exact_0450,mmseqs_0437,ECOD_X_150,union_0066
3bjd_B,validation,a920316c7899503d63b2c3e0cf2a7b0e6d3aca4a644e07081daed8100990dc18,332,1307,unique_sequence,exact_0664,mmseqs_0638,ECOD_X_1051;ECOD_X_150,union_0066
1ka1_A,validation,15796657d5760fb386fcb316b5883a7800ad428b32b20661293d59353f140685,357,217,unique_sequence,exact_0116,mmseqs_0116,ECOD_X_4018;ECOD_X_7587,union_0075
5iz3_B,validation,ebb08f25f081bb933c7517713358147839361d26ba9c91df3b5df3298fca56bf,316,1104,unique_sequence,exact_1176,mmseqs_1127,ECOD_X_4018;ECOD_X_7587,union_0075
1koe_A,validation,a9f70be0694edec06e05960b346d461a0c4b2490d7b7160a6f160560a9a7fbc3,172,195,unique_sequence,exact_0120,mmseqs_0120,ECOD_X_209,union_0077
1qdd_A,validation,cf1cd888faeb25ea7bb6aa587f42b64af2d2c8208ff6fdb824c06250afce3ebd,144,809,unique_sequence,exact_0188,mmseqs_0188,ECOD_X_209,union_0077
1yu0_A,validation,1d067223c246e823eae484e9b4b6991ce1b49a97196474da6a507e0faa981b15,381,820,unique_sequence,exact_0308,mmseqs_0303,ECOD_X_209;ECOD_X_3761;ECOD_X_4166,union_0077
1kop_A,validation,dd44b3a666abfe1a1dfc3c4df1129128abcdee025054ba99396a9bbc5003be3e,223,253,unique_sequence,exact_0121,mmseqs_0121,ECOD_X_62,union_0078
2fos_A,validation,e6a24c903c1ef211037c64a6835a8a484f48b17be1cae50d6998913f21acf7d4,260,981,unique_sequence,exact_0398,mmseqs_0121,ECOD_X_62,union_0078
1kpt_A,validation,db7a9b0ed0ffb38df26c44be2c813d910f8fdbb752cbf1b9c11aab4628c5bbb9,105,201,unique_sequence,exact_0122,mmseqs_0122,ECOD_X_3887,union_0079
4ndt_A,validation,5863980f5a3ae26ac1250be33898bb2990c792f69450589c6941e947cd4a47f0,94,802,unique_sequence,exact_1047,mmseqs_1005,ECOD_X_3887,union_0079
1krn_A,validation,8e5835dbfd4013b10ce32c6986bab26f41c04a2261393c6728545c119e51bab1,88,1361,unique_sequence,exact_0123,mmseqs_0123,ECOD_X_380,union_0080
1nl1_A,validation,1c8cf9067b8505cd108fd683411489575c3983ea4d7fc30195186a066d6940e8,147,11,unique_sequence,exact_0156,mmseqs_0156,ECOD_X_380;ECOD_X_393,union_0080
1nnh_A,validation,73ebd63d63e555f9625cf3e2a5213d5b239b318b9a557a2ed198fe60f87f185b,294,884,unique_sequence,exact_0157,mmseqs_0157,ECOD_X_314,union_0101
2z0x_A,validation,182b4c3702b748ee5b9a3e073232737f1e83f5ce36afd927d0abfe9bb9b606a7,158,503,unique_sequence,exact_0636,mmseqs_0613,ECOD_X_299,union_0101
3hxw_A,validation,5748f7b81092bb29d20fea144dc9022c407d5f763fcb313b1dfcd8c29acf2a29,441,473,unique_sequence,exact_0771,mmseqs_0742,ECOD_X_314;ECOD_X_613,union_0101
5o9e_A,validation,71fdb3efbfb96309eb32ac316e91b03047be3c3c91c4143b9ef6dc32dafaa092,201,406,unique_sequence,exact_1213,mmseqs_1159,ECOD_X_7502,union_0101
5znj_A,validation,e4870d1ac4a8ce8eb6002ce5bb3aa43cacb82a1150ac376b9c77781f591537c8,567,343,unique_sequence,exact_1255,mmseqs_1196,ECOD_X_299;ECOD_X_314;ECOD_X_7502,union_0101
1nns_A,validation,6e1a1ce4cfba1e97c28bfd4cab5f1caed267d26a615e6f5666c3de9d000d0b1e,326,642,unique_sequence,exact_0158,mmseqs_0158,ECOD_X_7507;ECOD_X_7546,union_0102
2wlt_A,validation,8bef656ae54426b9fac1df1d7a2a800f471ee4ff68dddce495a87dae2d8e356f,332,1206,unique_sequence,exact_0589,mmseqs_0158,ECOD_X_7507;ECOD_X_7546,union_0102
1pcf_C,validation,4cbc14515764f01b46c07e77d406c73300003edb2e3f98e25f8ba75cd5c4ccf3,66,1039,unique_sequence,exact_0176,mmseqs_0176,ECOD_X_295,union_0112
4koq_A,validation,08326813c86b8bcdb4943378cc763911b55f568b353ab06e79758290cb80de86,180,754,unique_sequence,exact_1029,mmseqs_0988,ECOD_X_295,union_0112
1ql0_B,validation,91b30e546aad9c2c94b0ec927eb1b341a817dfd22f27b6a6e376236bb4b0f86b,241,149,unique_sequence,exact_0191,mmseqs_0191,ECOD_X_378,union_0123
2pu3_A,validation,92afd934064c291c6a0d014018847be35ce939ea71223729e1f16813886deba9,211,725,unique_sequence,exact_0514,mmseqs_0497,ECOD_X_378,union_0123
1s9u_A,validation,4ddafb3939fab1864d56f4f889b362c0f8bfe19199da03b4d64a0d1c4de11964,207,116,unique_sequence,exact_0213,mmseqs_0213,ECOD_X_629,union_0135
2xol_B,validation,0410aec94f8f57b76bd68e9513dbad1f9ac4616bfb808500e0a8e79b4325008c,176,221,unique_sequence,exact_0610,mmseqs_0587,ECOD_X_629,union_0135
1sei_A,validation,676109c43503455546637191c065628510de7c50f88b08faf87a430968ad2243,130,1251,unique_sequence,exact_0215,mmseqs_0215,ECOD_X_320;ECOD_X_4988,union_0137
2ccq_A,validation,364f748ba1ae79888802349086a8e0e3b2ad1c88190921efb3ef0ca071094a0e,99,1002,unique_sequence,exact_0355,mmseqs_0348,ECOD_X_320,union_0137
1u6t_A,validation,c01a5901aff5d48ba531c8fbeed265e9b7d75563f9a160f3cca820406ba43d0c,121,382,unique_sequence,exact_0237,mmseqs_0235,ECOD_X_2485,union_0144
2imf_A,validation,c3747247e683536c94ea47ead0b55ee305c0224c848457d777176f8f59ff9576,203,955,unique_sequence,exact_0447,mmseqs_0434,ECOD_X_2485;ECOD_X_3009,union_0144
2x49_A,validation,234769ad30b6a864f0019d09ad6e71bc27bb32d360d2c2c41fa6352b0296c22e,333,1383,unique_sequence,exact_0598,mmseqs_0576,ECOD_X_2485;ECOD_X_3253;ECOD_X_3254;ECOD_X_3255,union_0144
3h93_A,validation,de6289539df16f452eb90ad7fe043205a774820dc3a4508e12abaa0b1f6602f7,192,1288,unique_sequence,exact_0762,mmseqs_0733,ECOD_X_2485;ECOD_X_3009,union_0144
3hvv_A,validation,3d055498aab14daeb3eaf3ace437b232b7c8360ea82219c950fcad9e0575bcce,167,1275,unique_sequence,exact_0770,mmseqs_0741,ECOD_X_2485,union_0144
6q9c_A,validation,932115d7dbb43f02f53bcc6cbcf60d4e54ddcb8fc215d1f56ffb3d1a8a9288dd,155,108,unique_sequence,exact_1327,mmseqs_1263,ECOD_X_2485;ECOD_X_3697,union_0144
1uha_A,validation,5cdcb53dbe3289469ccc5afcd1f7caf5fded97cf6c158981cb7d4a0d09ced08b,82,431,unique_sequence,exact_0242,mmseqs_0240,ECOD_X_387,union_0148
5k6d_B,validation,e8997bb7c67784581f6dd30914a2ed85819571f0c4fafecfea921f0dbe9df751,78,724,unique_sequence,exact_1186,mmseqs_1136,ECOD_X_387,union_0148
1utg_A,validation,816b4dd2abb80dfe6f492a91c1cb018d19eb581fe74c1773b6a91fdf2d38ba7e,70,207,unique_sequence,exact_0245,mmseqs_0243,ECOD_X_173,union_0151
2ejn_B,validation,01374454f23b2f44eec3074b8b90e21906709bfed9587d8b3b26885f0cda15eb,153,486,unique_sequence,exact_0380,mmseqs_0372,ECOD_X_173,union_0151
1v7r_A,validation,1f8412baac0ea9132757bcfb33f0443a95bd3058b67aeb58d8fdb1dc2c2ef4e5,186,966,unique_sequence,exact_0252,mmseqs_0250,ECOD_X_7504,union_0154
2amh_A,validation,46141a28d02aebfc122f864d0606c8998df4d1f82d1fe12ac7b4dee63efbe576,207,1195,unique_sequence,exact_0331,mmseqs_0324,ECOD_X_7504,union_0154
1vdk_B,validation,e5ec34fad6ad22b3cd635aa62657ac83794552e88cc9196375108ac67c2cd6e1,466,942,unique_sequence,exact_0260,mmseqs_0258,ECOD_X_4952;ECOD_X_4953;ECOD_X_602,union_0161
3bhg_A,validation,0085baee9761fbdf409db2d2e68da47c0037523536c39d5332569ab0eabbf31a,459,190,unique_sequence,exact_0663,mmseqs_0637,ECOD_X_4952;ECOD_X_4953;ECOD_X_602,union_0161
1ve0_A,validation,e3cd974b666ae4d4130196f17e8fa0989f296d9dca48d53e2f90555931b63262,134,341,unique_sequence,exact_0261,mmseqs_0259,ECOD_X_846,union_0162
2p6h_B,validation,2f8640055473309656012af4880eaa8d9b47aaed95e3d3cac9bab9d22b243fbd,134,482,unique_sequence,exact_0495,mmseqs_0259,ECOD_X_846,union_0162
1vkm_C,validation,519e5c2bc8121b98f296ec41030743e84ce24f405700eff1fbc333bcc4f97d31,297,1285,unique_sequence,exact_0263,mmseqs_0261,ECOD_X_7549,union_0164
1x6i_A,validation,4e20556655a67d28fcb10c48f19aa9d969bb48220d2fd5592fb04930831999ec,91,199,matched_original_atlas_neq,exact_0285,mmseqs_0282,ECOD_X_516,union_0177
1x6j_A,validation,4e20556655a67d28fcb10c48f19aa9d969bb48220d2fd5592fb04930831999ec,91,1281,matched_original_atlas_neq,exact_0285,mmseqs_0282,ECOD_X_516,union_0177
1xeo_A,validation,a2b46e4cd6c0b61e8d25da87be04fbc54114195c266375c6d1911c79a1486b9b,168,158,unique_sequence,exact_0286,mmseqs_0283,ECOD_X_289,union_0178
3g5k_D,validation,ad423abf82cb12f856b1256826f97fafedfabcc01e5802429c857bf810e3c13c,183,463,unique_sequence,exact_0744,mmseqs_0283,ECOD_X_289,union_0178
1xhk_B,validation,0f10073a4a0a134b68c2a4136a5679e0ce5cf9383c4d6f0bb2e81275effcc089,187,1360,unique_sequence,exact_0288,mmseqs_0285,ECOD_X_212;ECOD_X_3010,union_0180
1z0b_A,validation,dca28afa7520a5e864a7edea75245a7d46ffc686ed7c25794a4b2b234acd4527,207,28,unique_sequence,exact_0310,mmseqs_0285,ECOD_X_212;ECOD_X_3010,union_0180
3dd6_A,validation,a3fdb47a3653a316e2376f964c59c39ba551631461ffb5e831c6ca4708b1156f,255,1072,unique_sequence,exact_0697,mmseqs_0670,ECOD_X_212;ECOD_X_245,union_0180
3p3g_A,validation,99a399e1ff9b8cba6808d813f82bb3f41e09776d8cf4525ba300fd1279aacc41,300,736,unique_sequence,exact_0889,mmseqs_0854,ECOD_X_212,union_0180
1yoc_B,validation,751e09d474a0c36f124cc5038ff34224ea7ef660ceff0a2046005a69b294e35d,147,1095,unique_sequence,exact_0302,mmseqs_0298,ECOD_X_222,union_0185
2ov9_C,validation,6e4f08c969b732841fb24567a41efc7b5c9705c90db5a16a0ad401e7541f3afb,216,679,unique_sequence,exact_0482,mmseqs_0468,ECOD_X_222;ECOD_X_3768,union_0185
6mbg_A,validation,65980df457297793dba67088893f316f29329767416aad78f7eaa0428798ba97,285,1343,unique_sequence,exact_1310,mmseqs_1246,ECOD_X_222,union_0185
2a6s_B,validation,f880ead32a24d0051d455f9f3e1294d3f9c5d93b631190da42d3515d337fcc4f,84,590,unique_sequence,exact_0324,mmseqs_0318,ECOD_X_4312,union_0196
4mmj_A,validation,ed408e9265e4ab71321b977222f47211512d9b9603445b82c3f498bf15886539,95,523,unique_sequence,exact_1041,mmseqs_1000,ECOD_X_4312,union_0196
2b1y_A,validation,9b21327fea5fdcca1944f0a3286448d858906331323a8241d16caa7c60e88197,104,395,unique_sequence,exact_0337,mmseqs_0330,ECOD_X_4150,union_0200
2bbr_A,validation,1c72bcab08f09708063fe66cb2271384e77052598506a4bacc96c5f2a26cfe2d,195,582,unique_sequence,exact_0342,mmseqs_0335,ECOD_X_110,union_0203
2ygs_A,validation,a7ff2c78463f98a09d7f5a00540a16fd7e31167dd1d29fee193236c116521cd4,92,863,unique_sequence,exact_0627,mmseqs_0604,ECOD_X_110,union_0203
2bfw_A,validation,a5a52f061a4e6d1d1bb196cc9fc5a270cc9a96ff06d0bfc412ad93c470bec10d,200,168,unique_sequence,exact_0344,mmseqs_0337,ECOD_X_7512,union_0204
5l0s_A,validation,018f8691cb590bb8380daf864dba46d39b04014daa4c6dbef96757c9f38790c6,357,670,unique_sequence,exact_1194,mmseqs_1142,ECOD_X_7508;ECOD_X_7512,union_0204
7ec1_A,validation,1849a8963a141f7cc89ea95c729c0e98ad8702f96bfd705d9f216d1a543d07c5,505,874,unique_sequence,exact_1354,mmseqs_1289,ECOD_X_3894;ECOD_X_7512,union_0204
2c9i_D,validation,1c723c390888e6a6b6d7a43726e9fdf698e5441e756d955f84532f74e4f2fef3,228,1114,unique_sequence,exact_0353,mmseqs_0346,ECOD_X_271,union_0209
2hqk_A,validation,f080aaaf65ddcd836c343b7f505e41c4c31b59813dd51c119440df5b201f1590,221,377,unique_sequence,exact_0429,mmseqs_0346,ECOD_X_271,union_0209
2cyj_A,validation,819539d126f5c20b3762d82657b53878706300c186337dc127e6547cdcab9a8d,118,1321,unique_sequence,exact_0361,mmseqs_0353,ECOD_X_7538,union_0211
2fi9_A,validation,8124873b0c1b336310b64b8e2214d2922f31bff3293f9150627373f84c2b8c17,128,902,unique_sequence,exact_0394,mmseqs_0386,ECOD_X_7538,union_0211
2d1l_A,validation,7e962b0528ae65654d276f1a8b2c58803105d0e80b3b15104a7811d1bc75a272,253,20,unique_sequence,exact_0362,mmseqs_0354,ECOD_X_4177,union_0212
2e7u_A,validation,d4cc763956fa209f98fd97db3a7ddc792a6bd1897980ed6df89959002c0ea7ae,424,359,unique_sequence,exact_0374,mmseqs_0366,ECOD_X_3016;ECOD_X_7577,union_0218
2vlf_B,validation,42490cdd8db1f9831aa95f7b81b76a21f7e5f53e7669395dc5085f843c4b50da,456,475,unique_sequence,exact_0567,mmseqs_0547,ECOD_X_3016;ECOD_X_7577,union_0218
4k2m_A,validation,27631e6756a88cd5260cb50d0a498cdb2ce03a44c0fb6f8ea83154b473258f32,443,1193,unique_sequence,exact_1025,mmseqs_0984,ECOD_X_1055;ECOD_X_3016;ECOD_X_7577,union_0218
5txr_B,validation,174b1dd700cc2737e5bf7e4eb99d2b6c100c8d8bdf76d35ff2985d0c26287b63,491,1004,unique_sequence,exact_1223,mmseqs_1167,ECOD_X_3016;ECOD_X_7006;ECOD_X_7577,union_0218
2eo4_A,validation,eab5e3110a874ea8e7ed23623b1ca9bf82716a68e4c9fd956c2d0aa365b0fd42,149,93,unique_sequence,exact_0382,mmseqs_0374,ECOD_X_312,union_0224
3bl9_A,validation,013b0d3d0fcdecce57f5539bef908ebd782423a629a21b513779e9d98339722b,301,329,unique_sequence,exact_0666,mmseqs_0640,ECOD_X_312;ECOD_X_519,union_0224
2gec_A,validation,58f986e2c49a4c695296160096b66e3e792c182c61b82991d961202fc4578d6a,139,744,unique_sequence,exact_0407,mmseqs_0398,ECOD_X_704,union_0242
2ofz_A,validation,3e07fec25cc6d9e5279733dd00414e798fd699cbac0b3ac5d8a7bd39390d0f6d,138,791,unique_sequence,exact_0478,mmseqs_0464,ECOD_X_704,union_0242
2hgx_B,validation,dc66024979587cfdf817a6e47a8d17113f09b6910e95fea04334d9a1adb24298,365,159,unique_sequence,exact_0424,mmseqs_0414,ECOD_X_4020;ECOD_X_4045,union_0251
3wwh_A,validation,bedfd38df27f76af6357be2e46c3a49ee2d18894fcf9942a0f709a492c55f300,330,662,unique_sequence,exact_0944,mmseqs_0907,ECOD_X_4020;ECOD_X_4045,union_0251
2nml_A,validation,a152f86cd23fb3bc70b244caf93195fce22d5b27ff0d5da3c8ff75211cfaa941,104,196,unique_sequence,exact_0464,mmseqs_0451,ECOD_X_4326,union_0270
2ovj_A,validation,93f5c4738ee2daef966daa2ba3b5bf74e78a4ad3cd7dcaef92f409869dd6b5e1,201,747,unique_sequence,exact_0483,mmseqs_0469,ECOD_X_189,union_0278
2ox7_B,validation,6671a12f06f3d6e78a861e272334c4bc37e5d0a62cea2bab2b289084c407f687,155,606,unique_sequence,exact_0484,mmseqs_0470,ECOD_X_4112;ECOD_X_4999,union_0279
2p84_A,validation,9d163cec0574816b3d6aa62f8344856c214e45fd1e34b94f85a2d32faea19402,145,1330,unique_sequence,exact_0497,mmseqs_0470,ECOD_X_4112;ECOD_X_4999,union_0279
2oxo_A,validation,b32c1808a39a341bb9d5bed6b5aeb8bf2298564687711d728f6b73137dc41075,103,801,unique_sequence,exact_0486,mmseqs_0472,ECOD_X_186,union_0281
3nrw_A,validation,a276d7f1c067cc4c3c04644b406582f183e0818a2204d76a9b3e6ae098b39441,117,639,unique_sequence,exact_0867,mmseqs_0833,ECOD_X_186,union_0281
2pmb_C,validation,4d668435a1d91fc3fe3fcff0e500d8930eb1569ea2ccd3fe37d6395f5dd7b8eb,462,257,unique_sequence,exact_0505,mmseqs_0488,ECOD_X_3623;ECOD_X_7563,union_0293
3imk_A,validation,1ba09fd5a7ef06f31153b0541e4a4b3f55a268873fe6e8881957911f13477735,158,806,unique_sequence,exact_0784,mmseqs_0754,ECOD_X_7563,union_0293
2qsa_A,validation,5b5b98f6265edf9b20eaad004f30442b37465d2557c008b940e8d55333ea6b35,109,318,unique_sequence,exact_0533,mmseqs_0515,ECOD_X_650,union_0305
2qwo_B,validation,21f07d44c759d723604cbded160b805d65db2a9fd432534c68cfbe3b30b392e5,92,284,unique_sequence,exact_0537,mmseqs_0519,ECOD_X_650,union_0305
5e7x_A,validation,e98150996b6353e4bd33584b297bbeedc192206d98550224f17c980f209a10de,155,270,unique_sequence,exact_1144,mmseqs_1098,ECOD_X_622;ECOD_X_650,union_0305
2vy8_A,validation,356ee4de739f6d744e8a9b0a942de2e25f55940029a02d2d2be6f23284d126cd,157,413,unique_sequence,exact_0573,mmseqs_0553,ECOD_X_3232,union_0321
5ef9_A,validation,76d6a00021251d19989630bc907a20a4cb051199a41c1406c72af44d2e0ce26b,174,722,unique_sequence,exact_1145,mmseqs_1099,ECOD_X_3521,union_0321
5eg7_A,validation,cef75a27789836cfad9ba2d2216343a532d84c81f32127bc89fa9f33ade0c099,161,1367,unique_sequence,exact_1146,mmseqs_1099,ECOD_X_3521,union_0321
5muy_B,validation,ba415f95a488d8ef195e9ad03746f1a4978384859fa720c915f0b32aeab67f0b,328,1150,unique_sequence,exact_1202,mmseqs_1150,ECOD_X_3232;ECOD_X_3521;ECOD_X_3916,union_0321
2wya_A,validation,1958276a9826b2f8642120e083daf0a1881bede671e3725bbc42b9a7ef8b4aee,460,126,unique_sequence,exact_0596,mmseqs_0574,ECOD_X_7581,union_0331
3o04_A,validation,1ac5e21c667d96ec5a47dd9928b1ad4349fbd13b9ab0c5ea81e849f436a5a078,413,1334,unique_sequence,exact_0870,mmseqs_0836,ECOD_X_7581,union_0331
2x5g_A,validation,23c954af27cb6ee1d0038093f98759cb0217561aaf19a38a97a66035b2182226,96,1201,unique_sequence,exact_0599,mmseqs_0577,ECOD_X_4221,union_0333
2x5h_B,validation,71e65dbd132913341dda9d47408e7f44e1b5278109f88308369813a01df068a0,97,109,unique_sequence,exact_0600,mmseqs_0577,ECOD_X_4221,union_0333
2y1y_A,validation,7c04d81707797c1f6bb04b212b7a55fe011a0d034488c834ce23cbda6e585d74,90,1070,unique_sequence,exact_0619,mmseqs_0596,ECOD_X_319,union_0342
3l1e_A,validation,b6493e9a0afd2ea4190718b0cd1790e2c401bb20c97ecc7b9b3c331c1fd53f7e,106,303,unique_sequence,exact_0810,mmseqs_0779,ECOD_X_319,union_0342
2zca_B,validation,19b2f93daa0c2b2b6ce69e38286a3180374b08e05c239313f474507dc573d777,169,380,unique_sequence,exact_0640,mmseqs_0616,ECOD_X_3663,union_0353
3a0y_B,validation,86c71595d59a8441e85f3ab6856ab587fcc6f48ac7c478a2391ebb1b0d10a3d2,152,1250,unique_sequence,exact_0645,mmseqs_0621,ECOD_X_225,union_0357
3ehg_A,validation,5ef5cb9ce3867bbd13e273e7f7ec87699ff59c4d019c0aecae0691c2c3f71c32,128,1122,unique_sequence,exact_0715,mmseqs_0688,ECOD_X_225,union_0357
3a2q_A,validation,1a14aa7c9b4b09dd1441ca937cee1c66ba2a9ae0d178d36d80aa0db801ea4861,493,86,unique_sequence,exact_0649,mmseqs_0625,ECOD_X_7552,union_0360
3ip4_A,validation,f1d02a0bc8e9ed96ed5d23b4480c0483a86329d523d065f9bbd95264f77d99c6,485,996,unique_sequence,exact_0786,mmseqs_0756,ECOD_X_7552,union_0360
3b49_A,validation,109a93e7ea5aa9bd0ea82fb1d017793f7266df80f0c01f0d6b13641c8ce1f5a3,211,1270,unique_sequence,exact_0658,mmseqs_0633,ECOD_X_886,union_0365
3lur_B,validation,8409f56364b5357faf5cf9e8ad1df95730998788c670d190a4a0afb8ea9d6cea,158,706,unique_sequence,exact_0830,mmseqs_0798,ECOD_X_886,union_0365
3cw3_A,validation,cbe3b3e4b67e4620fa26019ccfc9f97b78f4efa9cac792410b15ef96a731d090,96,1093,unique_sequence,exact_0685,mmseqs_0658,ECOD_X_72,union_0378
3enu_A,validation,62edb9a9318cc776dcec2593cae9e1092e47fb3ba6e1069961f7a8c1e0d37a0e,114,596,unique_sequence,exact_0717,mmseqs_0690,ECOD_X_72,union_0378
3cy4_A,validation,8d6ab40ecc2e825c821d1a9c01fff3fe4911f3bc7f4e83f7af520caef9a9cde0,154,518,unique_sequence,exact_0686,mmseqs_0659,ECOD_X_63,union_0379
4xqm_A,validation,4e55fff0bedc181f78bb85865a7108e9758ec634e8af4318f498d4b74ae4511e,94,115,unique_sequence,exact_1104,mmseqs_1060,ECOD_X_63,union_0379
3dgp_B,validation,6182dbc1811c743c267bb8f2861004584aa0d0d4ddb40222d4080d142153aa9c,71,1224,unique_sequence,exact_0699,mmseqs_0672,ECOD_X_4340,union_0383
3f4m_A,validation,14fc9956bd38d04c46ed4192bbbaa350eeb4d7777be074ffef279e2bb0e11189,161,871,unique_sequence,exact_0724,mmseqs_0697,ECOD_X_3832,union_0392
5z1n_A,validation,e2d4efb9490a99bae191446ad528a960469f8650922f9534be273488420a57aa,168,344,unique_sequence,exact_1250,mmseqs_1191,ECOD_X_3832,union_0392
3fke_A,validation,471ba93233aa6fa89d6245bea3bc6043e8a5b1f249cd5659b18d2bc5932f7938,129,1082,unique_sequence,exact_0731,mmseqs_0703,ECOD_X_3288,union_0395
3l2a_A,validation,071c89792ce545c017e35cd7e2fe3a3c7f97846db6694b55ed322349910449ea,129,695,unique_sequence,exact_0811,mmseqs_0703,ECOD_X_3288,union_0395
3fn2_B,validation,4978d8a0a1c9400be830fb20a31987c16e4be68d45cf2f1f5e7284aed0aca301,106,869,unique_sequence,exact_0733,mmseqs_0705,ECOD_X_3488,union_0396
4exo_A,validation,a14ec9ac9bf2a845a0841fb5f6a599cf5b099374f41d46ad9873d664fb5f4fe1,146,1134,unique_sequence,exact_0989,mmseqs_0951,ECOD_X_3488,union_0396
3frr_A,validation,54030fc55242349a0bb8f65463df39c0944d67efe683845f63af0f1f24a7a22b,191,347,unique_sequence,exact_0738,mmseqs_0710,ECOD_X_3291,union_0400
4whe_A,validation,c3af74f721490949c79d5f96e30fd9767110a3e7aa1c112d5ec8f2a0e29c0494,150,1098,unique_sequence,exact_1089,mmseqs_1046,ECOD_X_3291,union_0400
3hol_A,validation,c1e2162fd578a5a82c26c45a67324cc89cfc80150877618dd0d25e32119a1f3d,509,45,unique_sequence,exact_0769,mmseqs_0740,ECOD_X_3335;ECOD_X_5084,union_0412
3kvd_D,validation,e52e74453df4b3472be2e1766fac9b3a85f79b3e1192d56732d5fde4b5508a84,242,64,unique_sequence,exact_0807,mmseqs_0776,ECOD_X_1053;ECOD_X_5084,union_0412
3qra_A,validation,25a2f21ee8a68da1656cb8e997d6f1c074cbc0772daeedf7e63b95dad63ff83c,157,1013,unique_sequence,exact_0905,mmseqs_0870,ECOD_X_5084,union_0412
5g38_A,validation,147e094b1eeb4453a9b5500b283a83399862bb59c58162b9ba8a6f89cb196f4d,172,1110,unique_sequence,exact_1155,mmseqs_1108,ECOD_X_5084,union_0412
3jtz_A,validation,3e179c8f17df006dab9610d86d3de513b29e33cf4b3676a06685ddaf57c30f21,88,290,unique_sequence,exact_0793,mmseqs_0763,ECOD_X_252,union_0422
5wx9_A,validation,12b8230e800b153232cfe2a63ac0876f8a7f920656f6325f5333dfb7eb012dde,131,176,unique_sequence,exact_1241,mmseqs_1182,ECOD_X_252,union_0422
3kef_B,validation,be9c2f57aa6067c6aa74c1fb319da6008a244ec5e032371b3e2dd8b5415e9472,326,324,unique_sequence,exact_0805,mmseqs_0775,ECOD_X_7588,union_0429
4p3x_A,validation,79d6a7719372c0d0c423ff0acaf2e1d81654860f137766b0120cb103ef262f6d,305,1301,unique_sequence,exact_1060,mmseqs_1017,ECOD_X_7588,union_0429
5kts_A,validation,e254cdcf6cef02440a352a105ec7dcd2b419f48fdf3d8159a4769b3c46123d6d,304,97,unique_sequence,exact_1191,mmseqs_1017,ECOD_X_7588,union_0429
3mhs_B,validation,63f85042758415a09a1604f0f0428a93b4cfbc8d0fc8f0e68c139d898ed18881,96,527,unique_sequence,exact_0844,mmseqs_0812,ECOD_X_4336,union_0444
3n4j_A,validation,b54a486d66c5a398f7b74067d076ca9f09d2e73be1dbfd2b93ae08f1aa88a4ac,165,492,unique_sequence,exact_0857,mmseqs_0823,ECOD_X_2488,union_0449
3nis_B,validation,24d592f94dacd6ffc39e4316e0b47980e69f3e9f29449b46f07ce9da85b86269,82,1007,unique_sequence,exact_0861,mmseqs_0827,ECOD_X_904,union_0450
5um3_A,validation,6c766a5f1bc2f0a2714199f7019fd9545eda3d595e87c4bdf2398f8e6002b0c4,75,555,unique_sequence,exact_1227,mmseqs_0827,ECOD_X_904,union_0450
3p4h_A,validation,46f37b2bd20ec8fcbae1135ae6fa69ccca9487ffa3e4b2a64346a173fb86f2da,118,542,unique_sequence,exact_0890,mmseqs_0855,ECOD_X_58,union_0461
3sfv_B,validation,5eec5dcf91411668fe5fd28dfee17f8af45425c2983d5ae33d55c15ebd05c206,344,1116,unique_sequence,exact_0914,mmseqs_0878,ECOD_X_3282,union_0476
3t92_A,validation,3bd233d9c94c8e96e991632fb2298dde61b0676d9fcb3ffee7f77d873b6c9978,121,1205,unique_sequence,exact_0920,mmseqs_0883,ECOD_X_364,union_0481
3vor_A,validation,fea96637ca6893ee3a93cb083cd92b3efd1b050ccdb6f915d417d8bff1b00cb6,182,753,unique_sequence,exact_0937,mmseqs_0900,ECOD_X_274,union_0494
5v0m_A,validation,26dbff29c07272a9260be745580180b4d442b94795f4109458c26f95a9b81b81,98,657,unique_sequence,exact_1229,mmseqs_1172,ECOD_X_274,union_0494
4b6i_D,validation,749028b48696248729f99ff9e33a073936d2d169d0423891855da048a9163d4f,102,18,unique_sequence,exact_0962,mmseqs_0925,ECOD_X_3368,union_0507
4csb_A,validation,35f191504d7f50e3a976f2b4af79bdf266a6139599e4cc5b1620d40a8c54a35c,124,412,unique_sequence,exact_0970,mmseqs_0933,ECOD_X_3863,union_0511
4cv7_A,validation,e502fc06dcf61486bcd24012b35a201441731b8a34598828ba107747319ddb9a,113,1115,unique_sequence,exact_0973,mmseqs_0933,ECOD_X_3863,union_0511
5uc0_A,validation,4891928403fd2c6aed708a48ed45959d14b4057b9eb79fdba67ba20da931d31c,163,459,unique_sequence,exact_1224,mmseqs_1168,ECOD_X_3863,union_0511
4dok_A,validation,8d00438518abb9ef3f72d186ab9ded06ad16e611035d790e58102adcda8aecba,208,373,unique_sequence,exact_0978,mmseqs_0940,ECOD_X_813,union_0516
4dol_A,validation,f01cc68ecf5a79ee29de08e9faabbe77241c1fc9bbb3258e60253c04a6599f08,217,280,unique_sequence,exact_0979,mmseqs_0941,ECOD_X_813,union_0516
4h9n_C,validation,0c22c897f92ea245f8a3521cd0ab42f204663d1b7cc9dedb99bafb842657585f,212,1049,unique_sequence,exact_1011,mmseqs_0971,ECOD_X_6103,union_0532
4lim_A,validation,74c1f05748be877c4ff521856ad924106e45f96d20c3d2ba5ad602ff43638238,391,164,unique_sequence,exact_1031,mmseqs_0990,ECOD_X_3054;ECOD_X_862,union_0544
5dmu_A,validation,0db25298108ce8cbe5f5bb811c281319ce4fd509af7cbfaad5c520f6956e3b61,301,114,unique_sequence,exact_1140,mmseqs_1094,ECOD_X_862,union_0544
5op0_B,validation,84a10dd2cb11d2a238066983f38212ee8875933d04e3b4c3592b98843d59b777,331,192,unique_sequence,exact_1217,mmseqs_1094,ECOD_X_862,union_0544
4obi_A,validation,7a0d89ba7e6c8f435e343f9e2c4dcc1b39e2c424182babe71074c6312315e110,106,58,unique_sequence,exact_1054,mmseqs_1011,ECOD_X_714,union_0550
4z8q_B,validation,8419c35d7f467ec187ea77380a0b13c5d1844da12197515788f2cf940d15b0a2,98,980,unique_sequence,exact_1114,mmseqs_1070,ECOD_X_1010,union_0583
5e3e_A,validation,e53792b6453f5d9dbb60be7bfc279f04d818fbd2d43a42035766cb8e8df3aa84,104,374,unique_sequence,exact_1142,mmseqs_1096,ECOD_X_1024,union_0602
5en2_C,validation,677e3d5114c141f32e09757a4b442cac4522b67f6004caf187b7fa43194bd880,141,1353,unique_sequence,exact_1148,mmseqs_1101,ECOD_X_3081,union_0604
6hj6_A,validation,5c5ee4243447fe88eede3cad15c54631b995a40f79bea1ff6fbedf86438deae6,171,1377,unique_sequence,exact_1293,mmseqs_1230,ECOD_X_3081,union_0604
5hee_B,validation,cf26396f5c8ce2ab6a007423ac93b80123fe39212d8e0591ec6b877b93ac1ae7,262,953,unique_sequence,exact_1165,mmseqs_1117,ECOD_X_2012,union_0613
5ori_A,validation,23279f0a5668c49f1b1720eaf46ffa61892126c1bf551ec310de3a5ccd893e47,583,1161,matched_original_atlas_neq,exact_1219,mmseqs_1163,ECOD_X_194,union_0632
5osw_A,validation,23279f0a5668c49f1b1720eaf46ffa61892126c1bf551ec310de3a5ccd893e47,583,385,matched_original_atlas_neq,exact_1219,mmseqs_1163,ECOD_X_194,union_0632
5x1e_B,validation,87c64e0e7c11780ceb5fc4385db8fbdbcffd8bbe69c62bc8458679adb79a570f,148,778,unique_sequence,exact_1242,mmseqs_1183,ECOD_X_1162,union_0641
