condition,split,sign,label,target,unit_type,detection_method,n_proteins_total,n_proteins_with_target,n_proteins_with_prediction,total_target_units,total_detected_target_units,micro_coverage,macro_coverage,macro_coverage_ci95_low,macro_coverage_ci95_high,macro_precision,macro_precision_ci95_low,macro_precision_ci95_high,macro_recall,macro_recall_ci95_low,macro_recall_ci95_high,macro_specificity,macro_specificity_ci95_low,macro_specificity_ci95_high,macro_f1,macro_f1_ci95_low,macro_f1_ci95_high,macro_balanced_accuracy,macro_balanced_accuracy_ci95_low,macro_balanced_accuracy_ci95_high,macro_mcc,macro_mcc_ci95_low,macro_mcc_ci95_high,macro_target_prevalence,macro_target_prevalence_ci95_low,macro_target_prevalence_ci95_high,micro_tp,micro_fp,micro_fn,micro_tn,micro_precision,micro_recall,micro_specificity,micro_f1,micro_balanced_accuracy,micro_mcc
esm2_frozen_bilstm_attn,train,-1,rigidity_supporting,q8_loop_turn_bend_CTS,residue,apex_exact,967,967,952,92205,153,0.0016593460224499756,0.0014576793901091613,0.001162190614757128,0.0017607496988549206,0.032132342953076855,0.024893074737332672,0.04013682474174507,0.0014576793901091613,0.0011658044538629473,0.0017648775762914338,0.9567100403457791,0.9555117713389953,0.9577675145401771,0.002771434303536709,0.002209047853007293,0.00336439931331922,0.47908385986794405,0.47846513265993984,0.47966308216869813,-0.12770155601831465,-0.13050779613171087,-0.12468234349307736,0.41236833872113504,0.40455542210150436,0.41992304570815536,153.0,5637.0,92052.0,123797.0,0.026424870466321245,0.0016593460224499756,0.9564488465163713,0.0031226082963416502,0.47905409626941065,-0.1294542219682728
esm2_frozen_bilstm_attn,train,-1,rigidity_supporting,q8_loop_turn_bend_CTS,residue,band_interval,967,967,952,92205,20894,0.22660376335339733,0.1922306055472454,0.18102323706673154,0.203083679395568,0.19501973655339458,0.18390269788169153,0.20550937407818684,0.1922306055472454,0.18118762300264996,0.20347760955630623,0.4640095804545534,0.4528152613405654,0.4759373371230009,0.18586752577541657,0.17581165027214798,0.19617053690061526,0.3281200930008995,0.3236335658067544,0.33291652254507564,-0.3533263539534005,-0.36197305197512536,-0.344739241161817,0.41236833872113504,0.40439226971832964,0.41981686010237995,20894.0,70799.0,71311.0,58635.0,0.22786908488107052,0.22660376335339733,0.45301080087148665,0.22723466269344963,0.339807282112442,-0.32064512328612166
esm2_frozen_bilstm_attn,train,-1,rigidity_supporting,neq_peak,residue,apex_exact,967,967,952,16230,21,0.0012939001848428836,0.0011166505246118614,0.0005858912771143392,0.0017322766269083814,0.003360266461403655,0.001707624611679576,0.0055206546028642505,0.0011166505246118614,0.0005925040260010554,0.0017832514167335323,0.9729011236373848,0.9724142262953083,0.9733911735367706,0.0016544817684658192,0.0008731228164461834,0.002604281777588736,0.4870088870809983,0.48665793943614394,0.48742482835705214,-0.04268653373534277,-0.04373948951582196,-0.041443528608332204,0.07197259418148319,0.07107552882103199,0.0728844698344191,21.0,5769.0,16209.0,199640.0,0.003626943005181347,0.0012939001848428836,0.9719145704423857,0.0019073569482288828,0.4866042353136143,-0.043757469362370634
esm2_frozen_bilstm_attn,train,-1,rigidity_supporting,neq_peak,residue,apex_within1,967,967,952,16230,84,0.005175600739371534,0.0044849840026336945,0.003364208476786465,0.005717884764770816,0.004291911806808784,0.0031839706984576927,0.00549426127649274,0.0044849840026336945,0.0033728756375978794,0.005688665350970889,0.9187940500715281,0.9174497824340159,0.9201638979967542,0.004274634520876523,0.0032235534449098083,0.00538863649205905,0.46163951703708095,0.46078450281820804,0.4624968446561606,-0.07492089308747452,-0.07632990329312996,-0.07349785508598776,0.07197259418148319,0.07098316524145838,0.07290515305812797,84.0,17286.0,16146.0,188123.0,0.004835924006908463,0.005175600739371534,0.9158459463801488,0.005,0.46051077355976017,-0.07655551377760349
esm2_frozen_bilstm_attn,train,-1,rigidity_supporting,neq_peak,residue,apex_within2,967,967,952,16230,188,0.011583487369069624,0.010248040924932008,0.008520376198651192,0.012211739379325796,0.005968546769607314,0.004812044870038066,0.007148827734891577,0.010248040924932008,0.00830962139187376,0.012165366890362352,0.8648752953351955,0.8626045303573078,0.8672389485500269,0.007334524164635782,0.006132948790233368,0.008677753397291075,0.4375616681300637,0.4361284903970495,0.43895088256364867,-0.09725651055151228,-0.09913137396167342,-0.09537389591315691,0.07197259418148319,0.07096488684065053,0.07290186836817382,188.0,28762.0,16042.0,176647.0,0.006493955094991365,0.011583487369069624,0.8599769240880389,0.008322266489597167,0.4357802057285543,-0.09929220476345657
esm2_frozen_bilstm_attn,train,-1,rigidity_supporting,neq_peak,residue,apex_within5,967,967,952,16230,1805,0.11121380160197165,0.09739270574283981,0.09110711749530272,0.10376453737916613,0.025545113571508734,0.023933960826065793,0.027240049704623334,0.09739270574283981,0.09097527836820056,0.10426973610129066,0.709143963686353,0.7041909628378085,0.7140468819105261,0.039506986059337564,0.036855839861100775,0.04227083267652582,0.4032683347145964,0.3999696083621375,0.4064950374754845,-0.11185074092738283,-0.11546597160190714,-0.10842026686156898,0.07197259418148319,0.0710453475873311,0.0728939123755718,1805.0,61871.0,14425.0,143538.0,0.02834662981343049,0.11121380160197165,0.698791192206768,0.04517808424899256,0.40500249690436985,-0.1093819361802873
esm2_frozen_bilstm_attn,train,-1,rigidity_supporting,neq_peak,residue,band_interval,967,967,952,16230,3197,0.19698089956869994,0.1730546351329562,0.1618357126229248,0.18495028331624166,0.028710490676542494,0.027048111120276126,0.030402390713395736,0.1730546351329562,0.161477494461881,0.18461503412836824,0.5855239691109853,0.5756659867200465,0.5955613691658677,0.04775408700292337,0.04500002753964794,0.05031570530907813,0.37928930212197076,0.37531152501137954,0.38328806382182,-0.13213091328692425,-0.13615309382774424,-0.12824653662057794,0.07197259418148319,0.07105864104245818,0.0729166275404742,3197.0,88496.0,13033.0,116913.0,0.0348663474856314,0.19698089956869994,0.5691717500206904,0.059245943867386935,0.38307632479469517,-0.12369492987705037
esm2_frozen_bilstm_attn,train,-1,rigidity_supporting,q8_loop_turn_bend_CTS,segment,apex_any,967,967,0,16731,145,0.00866654712808559,0.010678837112227954,0.00812868400720485,0.013287766206538465,,,,,,,,,,,,,,,,,,,,,,,,,,,,,,,
esm2_frozen_bilstm_attn,train,-1,rigidity_supporting,q8_loop_turn_bend_CTS,segment,band_interval_any,967,967,0,16731,6672,0.39878070647301417,0.3592535077762672,0.3435174671369189,0.3762132417128526,,,,,,,,,,,,,,,,,,,,,,,,,,,,,,,
esm2_frozen_bilstm_attn,train,1,flexibility_supporting,q8_loop_turn_bend_CTS,residue,apex_exact,967,967,963,92205,5874,0.06370587278347162,0.06933154825899125,0.06780755183745671,0.07087359948518081,0.9198066954173182,0.9102899369040859,0.9288672168348775,0.06933154825899125,0.06775331621049498,0.07088879227554008,0.9961348136582883,0.9956311926599929,0.996603086801911,0.12786468504053208,0.12503528413377463,0.13074668575992676,0.5327331809586399,0.5317879834128401,0.5336402650812048,0.18381820551575906,0.17977509657097887,0.187839737209214,0.41236833872113504,0.4047959408834984,0.42029019029700687,5874.0,487.0,86331.0,128947.0,0.9234397107373055,0.06370587278347162,0.9962374646538004,0.11918917273704929,0.529971668718636,0.17696191889137175
esm2_frozen_bilstm_attn,train,1,flexibility_supporting,q8_loop_turn_bend_CTS,residue,band_interval,967,967,963,92205,48232,0.5230952768288054,0.5205223669596857,0.5110709400916247,0.5298058398572341,0.6591771845688108,0.6484962001806457,0.6694909248260015,0.5205223669596857,0.5116021724411647,0.5301204455502785,0.8101514940540832,0.8030572394576165,0.8172531515859377,0.5561919642385267,0.5497965044360545,0.5628334976721293,0.6653369305068842,0.6611695806974103,0.6698181806386204,0.3440992984905349,0.3352232375749211,0.3521261873607088,0.41236833872113504,0.40447655776382374,0.4200644230927114,48232.0,28275.0,43973.0,101159.0,0.6304259740938738,0.5230952768288054,0.78154889750761,0.5717672720375552,0.6523220871682077,0.31583635842730823
esm2_frozen_bilstm_attn,train,1,flexibility_supporting,neq_peak,residue,apex_exact,967,967,963,16230,1343,0.08274799753542822,0.08505147888287912,0.07971234805991104,0.09055776970159167,0.20606319987990143,0.19337227617567634,0.21878032354224133,0.08505147888287912,0.07963710443584987,0.09087699504514826,0.9747984142930329,0.9741751991764658,0.9753681077044042,0.11800068005249963,0.11080623852319896,0.12527825914414376,0.529924946587956,0.5271045256696784,0.5328126280101714,0.09018989260240147,0.08177878178179888,0.09844163280562537,0.07197259418148319,0.07099436799924894,0.07293595814395665,1343.0,5018.0,14887.0,200391.0,0.21113032542053137,0.08274799753542822,0.975570690670808,0.11889690584746138,0.5291593441031182,0.09099430616938714
esm2_frozen_bilstm_attn,train,1,flexibility_supporting,neq_peak,residue,apex_within1,967,967,963,16230,3787,0.23333333333333334,0.25475799564245033,0.245981829358397,0.264161253627922,0.20019352316629502,0.1951438742080287,0.2055346086743022,0.25475799564245033,0.24650904210698585,0.2639232530261367,0.924066029217451,0.922773998841797,0.9253556866640883,0.2181767901852679,0.21230048388298625,0.22396610284811083,0.5894120124299507,0.584817009944565,0.5937727512827204,0.1571104426229454,0.15074790718195716,0.16409912280949163,0.07197259418148319,0.07101579605223877,0.07284492729250011,3787.0,15296.0,12443.0,190113.0,0.19844888120316512,0.23333333333333334,0.9255339347350895,0.21448191884008722,0.5794336340342114,0.14753923938388724
esm2_frozen_bilstm_attn,train,1,flexibility_supporting,neq_peak,residue,apex_within2,967,967,963,16230,5235,0.32255083179297594,0.35046996975518724,0.3414085336827338,0.35964007795786357,0.16668045541160975,0.16406589389178391,0.16932108666279272,0.35046996975518724,0.3412468757131189,0.3597085641696352,0.8678916787880606,0.8656321392342388,0.8699467452983582,0.22060162224778415,0.21666270088953674,0.2242979573935741,0.6091808242716238,0.6050661242147118,0.6136388342426269,0.1543586859352379,0.14966914569439477,0.159347132629641,0.07197259418148319,0.0709899066902363,0.07293181050624668,5235.0,26570.0,10995.0,178839.0,0.164596761515485,0.32255083179297594,0.8706483162860439,0.21796606640990945,0.5965995740395099,0.14356200057480648
esm2_frozen_bilstm_attn,train,1,flexibility_supporting,neq_peak,residue,apex_within5,967,967,963,16230,6986,0.43043746149106593,0.4488524584528834,0.4398585759765231,0.45775052753109324,0.10122096937542628,0.09986236032270039,0.10254220883038015,0.4488524584528834,0.43989539967437125,0.45852662233034547,0.6954202158943449,0.6904302054981568,0.7003335966768522,0.16248723132405257,0.16026365230151562,0.1646489580933567,0.5721363371736141,0.5679363970063331,0.5764374059091085,0.07755161979154893,0.07375974754543756,0.08147959069282805,0.07197259418148319,0.07102370552872479,0.07285948308930432,6986.0,61716.0,9244.0,143693.0,0.10168554045005967,0.43043746149106593,0.6995457842645648,0.1645080770498752,0.5649916228778153,0.07321758464161864
esm2_frozen_bilstm_attn,train,1,flexibility_supporting,neq_peak,residue,band_interval,967,967,963,16230,8509,0.5242760320394332,0.5188282210656373,0.5086647007935725,0.5295361819692628,0.11599225313737578,0.11429946922764847,0.11759430596719014,0.5188282210656373,0.5086385753218078,0.5294227211977993,0.6919169846767904,0.6854433233995146,0.6980027981252512,0.1853650777018096,0.18276231809045107,0.18780541690753622,0.605372602871214,0.6014283174643624,0.6092076558335318,0.11573954520258056,0.11185626198668522,0.11957983126758844,0.07197259418148319,0.07103026190547788,0.07283990246324613,8509.0,67998.0,7721.0,137411.0,0.1112185813062857,0.5242760320394332,0.6689628984124357,0.18350820061032813,0.5966194652259345,0.10588426900580425
esm2_frozen_bilstm_attn,train,1,flexibility_supporting,q8_loop_turn_bend_CTS,segment,apex_any,967,967,0,16731,5839,0.3489928874544259,0.37095236163977485,0.36338422720567864,0.37931590565817147,,,,,,,,,,,,,,,,,,,,,,,,,,,,,,,
esm2_frozen_bilstm_attn,train,1,flexibility_supporting,q8_loop_turn_bend_CTS,segment,band_interval_any,967,967,0,16731,8365,0.49997011535473074,0.49606283636709764,0.48631690427761276,0.5054885672802734,,,,,,,,,,,,,,,,,,,,,,,,,,,,,,,
esm2_frozen_bilstm_attn,validation,-1,rigidity_supporting,q8_loop_turn_bend_CTS,residue,apex_exact,208,208,207,19379,30,0.0015480674957428144,0.0018057366531383965,0.0010814773838838977,0.002585712923350342,0.029698032777742918,0.01801562249478916,0.042173708269722755,0.0018057366531383965,0.0010798861793376374,0.0026103360883420927,0.9560740112030726,0.9539265835403861,0.9579865816191425,0.0033766733421141,0.002026012368221943,0.004835373407946305,0.47893987392810544,0.47783975176092064,0.48008107056936694,-0.12787428026450048,-0.13365633178937447,-0.1220786306087801,0.41067693071209754,0.39529323196816657,0.4264958859658705,30.0,1191.0,19349.0,26889.0,0.02457002457002457,0.0015480674957428144,0.9575854700854701,0.002912621359223301,0.47956676879060645,-0.126874377868225
esm2_frozen_bilstm_attn,validation,-1,rigidity_supporting,q8_loop_turn_bend_CTS,residue,band_interval,208,208,207,19379,4313,0.22256050363795862,0.20578851148938912,0.1829438668745709,0.23083451101247032,0.20416981598361325,0.18324361169928202,0.22694871209854764,0.20578851148938912,0.1840052071755497,0.23003232775138752,0.46111401002746616,0.43885419334404885,0.4847914270677416,0.1976235977067355,0.1766916809504631,0.2187604973981027,0.3334512607584277,0.32494543612836146,0.34200040533839404,-0.34019308907085777,-0.3573692024339074,-0.32239579172065735,0.41067693071209754,0.3951274974235835,0.4267343980046263,4313.0,15089.0,15066.0,12991.0,0.22229667044634574,0.22256050363795862,0.46264245014245015,0.22242850880585854,0.34260147689020437,-0.314739329689015
esm2_frozen_bilstm_attn,validation,-1,rigidity_supporting,neq_peak,residue,apex_exact,208,208,207,3497,6,0.0017157563625965113,0.0017148316427162585,0.00036982248520710064,0.0033402895181741336,0.004115570419918247,0.0009661835748792271,0.008001207729468588,0.0017148316427162585,0.00036982248520710064,0.0034870077838827836,0.9725629428037977,0.9716411084962587,0.9734426881776764,0.002405097369026337,0.0005341880341880341,0.0048713606808778835,0.48713888722325704,0.4862676379841658,0.48816574853177575,-0.042105142510510986,-0.04459542240791246,-0.039045507081211024,0.07262432419660286,0.07049939328479508,0.0746657264691252,6.0,1215.0,3491.0,42747.0,0.004914004914004914,0.0017157563625965113,0.9723624948819435,0.002543450614667232,0.48703912562227,-0.042775341136687746
esm2_frozen_bilstm_attn,validation,-1,rigidity_supporting,neq_peak,residue,apex_within1,208,208,207,3497,18,0.005147269087789534,0.005442433240183475,0.0026416240730504606,0.008890861529449595,0.00478736686466155,0.002458813328378546,0.0073704566367609825,0.005442433240183475,0.0026408995134231373,0.008537481358589245,0.9177678024587078,0.9150954194907366,0.9205131524268337,0.004995633478381746,0.0025719952250340735,0.007900098383364595,0.4616051178494457,0.45973750002838887,0.4636248841924128,-0.07443941733850341,-0.07765682200429533,-0.07099030110420408,0.07262432419660286,0.07053342371500265,0.0746683218754099,18.0,3645.0,3479.0,40317.0,0.004914004914004914,0.005147269087789534,0.9170874846458305,0.005027932960893855,0.46111737686681,-0.07612659514783136
esm2_frozen_bilstm_attn,validation,-1,rigidity_supporting,neq_peak,residue,apex_within2,208,208,207,3497,43,0.012296253931941665,0.014227500560892446,0.009233092170122905,0.019760410210133066,0.006973343350154944,0.0046926667669421294,0.00928551326558573,0.014227500560892446,0.009218788573376829,0.02007305903141628,0.8632617239836576,0.8586826653207765,0.8677998926328894,0.008950649063668327,0.006106966880667846,0.012018713904618132,0.438744612272275,0.4357839582251112,0.442009571405007,-0.09542246409422915,-0.09969333943761922,-0.09099796801444306,0.07262432419660286,0.07049149695566115,0.07463372661644818,43.0,6062.0,3454.0,37900.0,0.007043407043407043,0.012296253931941665,0.8621081843410218,0.008956467402624454,0.4372022191364817,-0.09800748255074673
esm2_frozen_bilstm_attn,validation,-1,rigidity_supporting,neq_peak,residue,apex_within5,208,208,207,3497,385,0.1100943665999428,0.10740667401317279,0.09272205330054706,0.12343262949242527,0.02736477502071218,0.023502419889899547,0.031169036087667055,0.10740667401317279,0.09253730324860164,0.12192935953601781,0.705849276256469,0.696559003653257,0.7152928254710564,0.04282514653439584,0.03711749462892545,0.04869003724623963,0.4066279751348211,0.3996904592791639,0.41403522109797364,-0.10763876861447275,-0.11602206052212252,-0.0995753696628002,0.07262432419660286,0.07049147812023747,0.0746129846036473,385.0,13039.0,3112.0,30923.0,0.028679976162097734,0.1100943665999428,0.7034029389017789,0.04550558477631346,0.4067486527508608,-0.10818518661747237
esm2_frozen_bilstm_attn,validation,-1,rigidity_supporting,neq_peak,residue,band_interval,208,208,207,3497,695,0.19874177866742923,0.1870032029676403,0.16313405399340708,0.21090756231417868,0.030736839949565276,0.02722167333290854,0.034424086597034095,0.1870032029676403,0.1633194633400931,0.21007478392447637,0.579893434555123,0.5598712455759844,0.5983459208630625,0.05161531055794012,0.045467167957407455,0.05777854847365567,0.38344831876138163,0.37615651737207717,0.39115353264136504,-0.12689028760946208,-0.13464904812696457,-0.11922421486626493,0.07262432419660286,0.07058023609772524,0.07471263599342738,695.0,18707.0,2802.0,25255.0,0.035821049376352956,0.19874177866742923,0.5744734088531004,0.06070134066989825,0.3866075937602648,-0.12051931036795692
esm2_frozen_bilstm_attn,validation,-1,rigidity_supporting,q8_loop_turn_bend_CTS,segment,apex_any,208,208,0,3587,30,0.008363534987454697,0.010460603406938187,0.0062279558304489295,0.01526451275216201,,,,,,,,,,,,,,,,,,,,,,,,,,,,,,,
esm2_frozen_bilstm_attn,validation,-1,rigidity_supporting,q8_loop_turn_bend_CTS,segment,band_interval_any,208,208,0,3587,1392,0.388068023417898,0.37592487164579746,0.34444220559902516,0.4097061803450524,,,,,,,,,,,,,,,,,,,,,,,,,,,,,,,
esm2_frozen_bilstm_attn,validation,1,flexibility_supporting,q8_loop_turn_bend_CTS,residue,apex_exact,208,208,208,19379,1236,0.06378038082460395,0.06958846299117818,0.06663263960257437,0.07259858408750104,0.919911511128356,0.9043002831974304,0.9352256350810741,0.06958846299117818,0.06636263335232644,0.07256052607485441,0.9960054350943266,0.9951378626764641,0.996800332674405,0.12856529832118996,0.12322375283819875,0.13388113422285441,0.5327969490427524,0.5311688006982583,0.5345198593227155,0.18424679433884458,0.17652103350596116,0.1922460924700273,0.41067693071209754,0.3947406331662298,0.4269789103978452,1236.0,119.0,18143.0,27961.0,0.9121771217712177,0.06378038082460395,0.9957621082621083,0.11922446223594096,0.5297712445433561,0.17573257304179263
esm2_frozen_bilstm_attn,validation,1,flexibility_supporting,q8_loop_turn_bend_CTS,residue,band_interval,208,208,208,19379,10241,0.5284586407967388,0.5204010887090196,0.5010709577920256,0.5397038830779678,0.659678804753707,0.6414052658963733,0.6784009002535369,0.5204010887090196,0.5010159410826198,0.5395081846643935,0.8087866490678248,0.7943471584669162,0.8225006090975343,0.5601806720330227,0.5467026575679934,0.572767211833722,0.6645938688884221,0.6561234703120794,0.6731193021013927,0.34490577936336525,0.32852741074113934,0.3612885373085147,0.41067693071209754,0.3942320463787962,0.4254314206161291,10241.0,6070.0,9138.0,22010.0,0.6278585003985041,0.5284586407967388,0.7838319088319088,0.5738862426449985,0.6561452748143237,0.3231972808350423
esm2_frozen_bilstm_attn,validation,1,flexibility_supporting,neq_peak,residue,apex_exact,208,208,208,3497,292,0.08350014297969688,0.08889018440089431,0.07759567291341843,0.10050195337894251,0.21105466646257606,0.18694642274707843,0.23520011212016562,0.08889018440089431,0.07777406946136836,0.09986256016755778,0.9751237392517247,0.9740741927296714,0.9760989138751314,0.12259775882391083,0.10823695316283284,0.1384696387179114,0.5320069618263095,0.5261118781123888,0.5381810693196523,0.0945293677317819,0.0788817714998296,0.11047540896069413,0.07262432419660286,0.07069842279694495,0.07458861561671118,292.0,1063.0,3205.0,42899.0,0.2154981549815498,0.08350014297969688,0.9758200263864246,0.12036273701566365,0.5296600846830608,0.09305719735292706
esm2_frozen_bilstm_attn,validation,1,flexibility_supporting,neq_peak,residue,apex_within1,208,208,208,3497,791,0.2261938804689734,0.24323125797490122,0.22540342162222735,0.26048614684079857,0.1944511335528914,0.18347758740020573,0.2056400391118572,0.24323125797490122,0.2274325069707775,0.2602243778314188,0.9233779876516619,0.9206015111121392,0.925850666155088,0.2111394959038207,0.19934837616346737,0.22314882550112833,0.5833046228132815,0.5744508278458884,0.591437702728719,0.14762829047623144,0.13340601390519935,0.16117991028319154,0.07262432419660286,0.07058606747222133,0.07466737503414247,791.0,3274.0,2706.0,40688.0,0.1945879458794588,0.2261938804689734,0.9255265911468996,0.20920391430838403,0.5758602358079365,0.14163989751320952
esm2_frozen_bilstm_attn,validation,1,flexibility_supporting,neq_peak,residue,apex_within2,208,208,208,3497,1116,0.3191306834429511,0.3408346965572767,0.3249900203362211,0.357088016238019,0.16435157034228245,0.15866321532759597,0.1697841093240909,0.3408346965572767,0.3243247663743738,0.3573175579284134,0.8674964352998651,0.863039527769848,0.8718576389461432,0.21724848263643837,0.2104616775766338,0.224448402597349,0.604165565928571,0.5964438757100662,0.6116945269145561,0.14806696994047494,0.1391862723588799,0.1569715649587641,0.07262432419660286,0.07053243742054065,0.07458622435428054,1116.0,5659.0,2381.0,38303.0,0.16472324723247234,0.3191306834429511,0.8712751922114553,0.21728971962616822,0.5952029378272032,0.14220026655705467
esm2_frozen_bilstm_attn,validation,1,flexibility_supporting,neq_peak,residue,apex_within5,208,208,208,3497,1484,0.4243637403488705,0.43920304117691783,0.4229736749263104,0.455606452730099,0.10017177370759435,0.09706021821757935,0.1031854504272004,0.43920304117691783,0.42213162076353344,0.4565681581550348,0.6935595830036407,0.6839195983735976,0.7030019637454543,0.16098002894453156,0.15649567021491745,0.16545106018736794,0.5663813120902793,0.5595362010829049,0.5732294944432628,0.07220757544723112,0.06528290226168301,0.07949164970241657,0.07262432419660286,0.07051822489164349,0.07464331541478074,1484.0,13163.0,2013.0,30799.0,0.10131767597460231,0.4243637403488705,0.7005823210954916,0.16358024691358025,0.562473030722181,0.0706672865384437
esm2_frozen_bilstm_attn,validation,1,flexibility_supporting,neq_peak,residue,band_interval,208,208,208,3497,1830,0.523305690591936,0.5118224374135014,0.49103672914173924,0.5321534557643596,0.11755390603146877,0.1134546400786878,0.12169096132776477,0.5118224374135014,0.49171602651744145,0.531953358778556,0.6926980910608125,0.6785304992674892,0.7063791395722249,0.18675672748893166,0.18116648882368186,0.19242290088758066,0.602260264237157,0.5945352630883743,0.6094975416236178,0.11447760811095488,0.10653732373428641,0.12175179828021847,0.07262432419660286,0.07056005024026091,0.0746458609580798,1830.0,14481.0,1667.0,29481.0,0.11219422475629943,0.523305690591936,0.6706018834447932,0.18477382875605816,0.5969537870183645,0.10666598132396907
esm2_frozen_bilstm_attn,validation,1,flexibility_supporting,q8_loop_turn_bend_CTS,segment,apex_any,208,208,0,3587,1233,0.3437412879843881,0.37070922006280477,0.3532084190896332,0.38801295594761714,,,,,,,,,,,,,,,,,,,,,,,,,,,,,,,
esm2_frozen_bilstm_attn,validation,1,flexibility_supporting,q8_loop_turn_bend_CTS,segment,band_interval_any,208,208,0,3587,1829,0.5098968497351547,0.49988097199023956,0.47885496998706045,0.5202088549018681,,,,,,,,,,,,,,,,,,,,,,,,,,,,,,,
esm2_frozen_bilstm_attn,test,-1,rigidity_supporting,q8_loop_turn_bend_CTS,residue,apex_exact,208,208,207,19451,21,0.0010796360084314432,0.001085306613492164,0.000555596859428826,0.0017411757867366161,0.01981697378116815,0.009765061711992658,0.031563755680869915,0.001085306613492164,0.0005403273339476347,0.0016626710213258132,0.9564775824752462,0.9546531326040428,0.9582441703191807,0.0020433107686018154,0.0010510074942220748,0.0032380535602465257,0.47878144454436905,0.4777576731734628,0.47976476202231466,-0.1300911108252746,-0.13544856329399924,-0.12468294962983796,0.4139743765456635,0.398566457805781,0.42944018590266536,21.0,1202.0,19430.0,26682.0,0.017170891251022075,0.0010796360084314432,0.9568928417730598,0.0020315371964786688,0.4789862388907456,-0.1303353079161366
esm2_frozen_bilstm_attn,test,-1,rigidity_supporting,q8_loop_turn_bend_CTS,residue,band_interval,208,208,207,19451,4175,0.21464192072387023,0.1920163975532137,0.16833936877582942,0.21613858140790876,0.19372104407768612,0.17319311847484373,0.21588851234161346,0.1920163975532137,0.16988447822523262,0.21502015306541122,0.46427716612511855,0.44151242060144485,0.48686151426955443,0.18550008627761624,0.16445259144761673,0.20590620666204854,0.3281467818391661,0.3186394568708857,0.3379578914092315,-0.3493617382550641,-0.3678195126266556,-0.3308907051886347,0.4139743765456635,0.3974157083733408,0.43062445502878616,4175.0,15021.0,15276.0,12863.0,0.21749322775578245,0.21464192072387023,0.46130397360493475,0.21605816751623672,0.3379729471644025,-0.3247179763618427
esm2_frozen_bilstm_attn,test,-1,rigidity_supporting,neq_peak,residue,apex_exact,208,208,207,3498,4,0.0011435105774728416,0.0005380837111606343,7.396449704142012e-05,0.001212825635902557,0.0018115942028985507,0.00024154589371980678,0.0042874396135265695,0.0005380837111606343,7.396449704142012e-05,0.0011854071409359865,0.9728850422838723,0.971900067687719,0.9737902988660775,0.0008237764601861965,0.00011312217194570136,0.0018604794039631769,0.4867115629975166,0.4861692916821798,0.48731946131677184,-0.04351443553397044,-0.04500325866701027,-0.04174453392928082,0.07254445246022237,0.07033411487329186,0.07462395112709704,4.0,1219.0,3494.0,42618.0,0.003270645952575634,0.0011435105774728416,0.972192440176107,0.0016945562380851515,0.4866679753767899,-0.043967949269183765
esm2_frozen_bilstm_attn,test,-1,rigidity_supporting,neq_peak,residue,apex_within1,208,208,207,3498,15,0.004288164665523156,0.003321777231757338,0.0014745355288500184,0.005723938889451987,0.0034200412219735888,0.0014428700102009282,0.005668162241229872,0.003321777231757338,0.0014866064113826054,0.005596983559102255,0.9187926080473642,0.9157228768643362,0.9218189318368168,0.003331103777789728,0.0015789958512386665,0.0055561187013849515,0.4610571926395607,0.45936944338762964,0.46283561916231253,-0.07570452160741376,-0.0786591019764462,-0.0729246485561011,0.07254445246022237,0.07038102620820123,0.07466170658291656,15.0,3654.0,3483.0,40183.0,0.004088307440719542,0.004288164665523156,0.9166457558683304,0.004185851820845542,0.4604669602669268,-0.07735260763388424
esm2_frozen_bilstm_attn,test,-1,rigidity_supporting,neq_peak,residue,apex_within2,208,208,207,3498,51,0.014579759862778732,0.011860358443319665,0.008156226048979188,0.015962119943172468,0.0065529938313399535,0.004454791563540499,0.008667863553200296,0.011860358443319665,0.008039659687860856,0.016014027495419796,0.8651971825783136,0.8603788334294401,0.8703229520775176,0.008325425301121011,0.0057549941768312235,0.011179264771072768,0.4385287705108167,0.43595754080553634,0.44123598963260213,-0.09561884442074035,-0.09906437128260476,-0.09192234078707961,0.07254445246022237,0.07046391472638618,0.0746544665903158,51.0,6064.0,3447.0,37773.0,0.008340147179067866,0.014579759862778732,0.8616693660606337,0.010610631436596275,0.4381245629617062,-0.09652201195434049
esm2_frozen_bilstm_attn,test,-1,rigidity_supporting,neq_peak,residue,apex_within5,208,208,207,3498,353,0.10091480846197827,0.09121846446042409,0.07918084084154674,0.10404716877092342,0.02369916654897312,0.020740532352763606,0.02693662569344032,0.09121846446042409,0.07920709911063702,0.1036998922862065,0.7089996260614935,0.6990186813538621,0.7189953655028419,0.037011877333470306,0.03237328113076792,0.04194039989150213,0.4001090452609588,0.39401921983993016,0.40599055878633067,-0.11545740401170329,-0.12196809737833406,-0.10942554652493605,0.07254445246022237,0.07034330624277868,0.07475502917386302,353.0,13095.0,3145.0,30742.0,0.026249256395002973,0.10091480846197827,0.7012797408581791,0.04166174908532987,0.4010972746600787,-0.11474219628407922
esm2_frozen_bilstm_attn,test,-1,rigidity_supporting,neq_peak,residue,band_interval,208,208,207,3498,618,0.17667238421955403,0.15972266029328366,0.13781425513928433,0.18238380701565968,0.026771990580648924,0.023678408268082006,0.029972445034773084,0.15972266029328366,0.1371383166318171,0.1836875846483277,0.5845349864353048,0.564546408852846,0.6049502137453859,0.04504367390102562,0.03950799169907554,0.05048643534010649,0.3721288233642942,0.36303689776216075,0.38067000619058233,-0.1375395679834823,-0.14529134802514346,-0.12990045261491112,0.07254445246022237,0.07037758797040716,0.07473273077327619,618.0,18578.0,2880.0,25259.0,0.032194207126484686,0.17667238421955403,0.5762027511006684,0.054463734907905174,0.3764375676601112,-0.13167006786789262
esm2_frozen_bilstm_attn,test,-1,rigidity_supporting,q8_loop_turn_bend_CTS,segment,apex_any,208,208,0,3581,19,0.005305780508237923,0.00637578399608632,0.003112246650239246,0.0102046412568534,,,,,,,,,,,,,,,,,,,,,,,,,,,,,,,
esm2_frozen_bilstm_attn,test,-1,rigidity_supporting,q8_loop_turn_bend_CTS,segment,band_interval_any,208,208,0,3581,1365,0.3811784417760402,0.3557795015707377,0.32438325457704803,0.38660297123895215,,,,,,,,,,,,,,,,,,,,,,,,,,,,,,,
esm2_frozen_bilstm_attn,test,1,flexibility_supporting,q8_loop_turn_bend_CTS,residue,apex_exact,208,208,208,19451,1253,0.06441828183640944,0.07047088377544505,0.0664381261568392,0.07466398816168361,0.9239128035070894,0.9042765820363352,0.9418660410395981,0.07047088377544505,0.06671506803127915,0.07469718933485478,0.9961306576541159,0.9950945803365322,0.9970313371205173,0.1294590909409516,0.12299719892130802,0.13612825886908606,0.5333007707147804,0.5311990128755444,0.5355271763392336,0.18532134758389868,0.17682288924977857,0.19434255292945446,0.4139743765456635,0.39947802099102264,0.42995369044466064,1253.0,107.0,18198.0,27777.0,0.9213235294117647,0.06441828183640944,0.996162673934873,0.12041708711738984,0.5302904778856412,0.17842442326584315
esm2_frozen_bilstm_attn,test,1,flexibility_supporting,q8_loop_turn_bend_CTS,residue,band_interval,208,208,208,19451,10011,0.514677908590818,0.5260142228385235,0.5043460352259592,0.5462393382185632,0.6531765307305375,0.6328407430656336,0.673817037801792,0.5260142228385235,0.5056206927190126,0.5454446465327616,0.7963641436203562,0.779918289042761,0.8126613851359638,0.5553185736299765,0.5426796386352635,0.568440276916656,0.6611891832294398,0.6523797858171598,0.6699259686943956,0.3339774551756293,0.3158606334660531,0.3507878739934011,0.4139743765456635,0.3969362480771352,0.42956832755791646,10011.0,6176.0,9440.0,21708.0,0.6184592574288009,0.514677908590818,0.778510974035289,0.5618160390594309,0.6465944413130535,0.30408691729971626
esm2_frozen_bilstm_attn,test,1,flexibility_supporting,neq_peak,residue,apex_exact,208,208,208,3498,272,0.07775871926815323,0.08153247684700597,0.07119257790215473,0.09341174499221616,0.18865154529803105,0.1651426262921094,0.2126960484995368,0.08153247684700597,0.07082614650145781,0.09294691519116087,0.9742910577341485,0.9731673078481528,0.9753962186190885,0.11134399771279437,0.09787474352413648,0.12589967279826178,0.5279117672905772,0.5220831652219926,0.5338058152017039,0.0808308656879751,0.06458304485115578,0.09784428419883891,0.07254445246022237,0.07044111095920397,0.0746465736249662,272.0,1088.0,3226.0,42749.0,0.2,0.07775871926815323,0.9751807833565254,0.11198023878139152,0.5264697513123393,0.08290483300671804
esm2_frozen_bilstm_attn,test,1,flexibility_supporting,neq_peak,residue,apex_within1,208,208,208,3498,820,0.23441966838193254,0.2533199354179972,0.2332239208629489,0.27475877965440276,0.19656096285371857,0.18589670985676263,0.20784638239482864,0.2533199354179972,0.23390160328712092,0.2752996066843558,0.9234355289901319,0.9205828073792524,0.9261230737712579,0.21467919004655758,0.20172589763074356,0.2268313005376655,0.5883777322040645,0.5784406032042393,0.598519366855503,0.15262066550688577,0.1384647294929714,0.16732351895412909,0.07254445246022237,0.0704076636291661,0.07467847887981477,820.0,3260.0,2678.0,40577.0,0.20098039215686275,0.23441966838193254,0.9256335971895887,0.21641594088149907,0.5800266327857606,0.14919237070068478
esm2_frozen_bilstm_attn,test,1,flexibility_supporting,neq_peak,residue,apex_within2,208,208,208,3498,1141,0.3261863922241281,0.35457577010105806,0.3362518081107229,0.3727630735964386,0.16717053397073936,0.1615596833129114,0.17286161750461193,0.35457577010105806,0.3360807466751836,0.3738080245388942,0.8674950001522508,0.8631662352070363,0.8719316716400278,0.2217288729263219,0.21447247225225358,0.22881339620103033,0.6110353851266545,0.6025113192365437,0.6201985001039239,0.15483001831785226,0.1453082251446525,0.16447176113521056,0.07254445246022237,0.07030360193401483,0.07460042323847117,1141.0,5659.0,2357.0,38178.0,0.16779411764705882,0.3261863922241281,0.8709081369619271,0.2215964264905807,0.5985472645930277,0.14700609449102026
esm2_frozen_bilstm_attn,test,1,flexibility_supporting,neq_peak,residue,apex_within5,208,208,208,3498,1489,0.4256718124642653,0.451485887527463,0.43421144416726565,0.4691711463393288,0.10128205779889263,0.09840845211442742,0.10418918091109045,0.451485887527463,0.4343089659707904,0.4687158572778015,0.6933796142266442,0.6828989429337056,0.7037419001895169,0.16291783420780487,0.15871507555753883,0.1674898075234446,0.5724327508770536,0.5645528867064524,0.5806540484467574,0.07658891938751791,0.06990507351020993,0.08371445825311423,0.07254445246022237,0.07037923477353715,0.07462426606461504,1489.0,13188.0,2009.0,30649.0,0.10145125025550181,0.4256718124642653,0.6991582453178822,0.16385144429160936,0.5624150288910738,0.07060509591643721
esm2_frozen_bilstm_attn,test,1,flexibility_supporting,neq_peak,residue,band_interval,208,208,208,3498,1810,0.5174385363064609,0.524620326469171,0.5035256116790127,0.5470878753384276,0.11602936017455583,0.11194815500527719,0.12031882176015528,0.524620326469171,0.5032746052402197,0.5477642939710682,0.6830478283924032,0.6673572408038626,0.6980724758243677,0.18550987173311798,0.17977779490970588,0.19114030743932156,0.6038340774307872,0.5955782369069896,0.6126834147572583,0.11369180193103406,0.10568875631110301,0.12197740934535707,0.07254445246022237,0.07040771362766131,0.0745734567008738,1810.0,14377.0,1688.0,29460.0,0.11181812565639093,0.5174385363064609,0.6720350388940849,0.18389636779273558,0.5947367876002729,0.10449143629667651
esm2_frozen_bilstm_attn,test,1,flexibility_supporting,q8_loop_turn_bend_CTS,segment,apex_any,208,208,0,3581,1245,0.34766824909243227,0.36683173376448447,0.3509913377446294,0.3849451394524496,,,,,,,,,,,,,,,,,,,,,,,,,,,,,,,
esm2_frozen_bilstm_attn,test,1,flexibility_supporting,q8_loop_turn_bend_CTS,segment,band_interval_any,208,208,0,3581,1804,0.5037698966769059,0.50741918227591,0.4863132149428454,0.5286192082432053,,,,,,,,,,,,,,,,,,,,,,,,,,,,,,,
esm2_top4_bilstm_attn,train,-1,rigidity_supporting,q8_loop_turn_bend_CTS,residue,apex_exact,967,967,936,92205,88,0.0009543950978797245,0.0007307965599271409,0.0005449177894368343,0.0009220121655751209,0.017513018342556128,0.012343639714939056,0.0233333720810104,0.0007307965599271409,0.0005593511551128395,0.0009295629421364548,0.9594946170230773,0.9582919990709976,0.9606444770194724,0.001387233666044841,0.0010601274114574188,0.0017560117453729264,0.48011270679150225,0.4795171055996459,0.48070090566374635,-0.12737981400919884,-0.1301741721584042,-0.12465517052323612,0.41236833872113504,0.40475823996290644,0.4203403981603015,88.0,5303.0,92117.0,124131.0,0.01632350213318494,0.0009543950978797245,0.9590293122363521,0.001803352596417886,0.47999185366711594,-0.128034661451957
esm2_top4_bilstm_attn,train,-1,rigidity_supporting,q8_loop_turn_bend_CTS,residue,band_interval,967,967,936,92205,23197,0.2515807168808633,0.19634654415334035,0.18659771807450554,0.2066566129995372,0.20286364016661135,0.1932967375376362,0.2124959770537213,0.19634654415334035,0.18664966770112046,0.2064676034092994,0.4737233283311682,0.46210844138232204,0.4858050965082941,0.1883111226108686,0.17957485881121282,0.19703654496028508,0.3350349362422543,0.3305190992602061,0.3396761250105011,-0.34274984273496906,-0.3508586060316342,-0.3345702067175309,0.41236833872113504,0.40426842959521203,0.4199855620587783,23197.0,73323.0,69008.0,56111.0,0.24033360961458766,0.2515807168808633,0.43351051501151167,0.24582858656775733,0.3425456159461875,-0.3130515702322077
esm2_top4_bilstm_attn,train,-1,rigidity_supporting,neq_peak,residue,apex_exact,967,967,936,16230,17,0.0010474430067775723,0.0006980517654748704,0.0003767338116635039,0.0010843741301012958,0.0023225616975616975,0.0012217315863149196,0.003588505437463771,0.0006980517654748704,0.00036991354003299676,0.0010768078688361527,0.9750163369509262,0.9745076045803726,0.975544613519984,0.0010615373088401266,0.0005444959272441774,0.0016435460474201477,0.4878571943582006,0.48755176232240144,0.4881691869885695,-0.04186684750549484,-0.04270596686432506,-0.0409941839227535,0.07197259418148319,0.07097941531947406,0.07288174303092314,17.0,5374.0,16213.0,200035.0,0.003153403821183454,0.0010474430067775723,0.9738375631058035,0.0015725452106748069,0.48744250305629055,-0.04247088933760875
esm2_top4_bilstm_attn,train,-1,rigidity_supporting,neq_peak,residue,apex_within1,967,967,936,16230,69,0.004251386321626617,0.0029877669484104155,0.0021895009621417548,0.003865963460625194,0.003409484866081674,0.0024561769486693744,0.0044523395688636745,0.0029877669484104155,0.0021844402027445826,0.0038513259831340525,0.9251264600174561,0.9235856501459526,0.9266922264362604,0.0030891949414376405,0.0022679406209892587,0.003977402750823554,0.4640571134829333,0.4631800266876417,0.4649504842647884,-0.07339661795736568,-0.07478632123012616,-0.07208172971360874,0.07197259418148319,0.07103604008519546,0.07292837164986767,69.0,16104.0,16161.0,189305.0,0.004266369875718791,0.004251386321626617,0.9216003193628322,0.0042588649199148225,0.46292585284222937,-0.07426853937197371
esm2_top4_bilstm_attn,train,-1,rigidity_supporting,neq_peak,residue,apex_within2,967,967,936,16230,145,0.008934072704867528,0.0070741320883624965,0.005754097231647431,0.008564685636612219,0.004623429391874518,0.0036136866371703335,0.005649645235132107,0.0070741320883624965,0.005688357442836247,0.008506702138503103,0.875386704150152,0.8727996185128004,0.8780446882390534,0.005378486734609258,0.00430044207602771,0.006561942005394105,0.4412304181192573,0.4398296811648612,0.44276149391694203,-0.09566134296094797,-0.09739654670555059,-0.09393684383344948,0.07197259418148319,0.07100277277004338,0.07291225308588319,145.0,26810.0,16085.0,178599.0,0.005379335930254127,0.008934072704867528,0.8694799156804229,0.006715294662498553,0.43920699419264525,-0.09690982473930898
esm2_top4_bilstm_attn,train,-1,rigidity_supporting,neq_peak,residue,apex_within5,967,967,936,16230,1490,0.0918052988293284,0.07831940100616477,0.07279847354439245,0.08414990563550497,0.023085963770881554,0.021362054646343727,0.024886268337303917,0.07831940100616477,0.07259989746965181,0.08409492536976011,0.7312247188905208,0.7258360979550619,0.7369708065753862,0.03417022586116002,0.031724796225333626,0.036767825122966544,0.4047720599483428,0.40149081613810117,0.4080095074985297,-0.11406799561468337,-0.11754008883502522,-0.11059914187498014,0.07197259418148319,0.0710396731101856,0.07298035042226467,1490.0,57804.0,14740.0,147605.0,0.025129018113131178,0.0918052988293284,0.7185907141361868,0.03945765584449976,0.4051980064827576,-0.11158135379902903
esm2_top4_bilstm_attn,train,-1,rigidity_supporting,neq_peak,residue,band_interval,967,967,936,16230,3749,0.23099199014171287,0.1804586565675791,0.17008427146340718,0.19122290413536103,0.03108488797057911,0.02949228905153298,0.03276409928581147,0.1804586565675791,0.1705511113181189,0.1911705473288703,0.5913966665528111,0.5814191941262286,0.6011251381379095,0.050626559122529564,0.0479015502769979,0.05324032204116142,0.3859276615601951,0.38204980433018043,0.38977319992830584,-0.12604574042080738,-0.12969613136323463,-0.12220637615291387,0.07197259418148319,0.07106167571217961,0.07290737264843163,3749.0,92771.0,12481.0,112638.0,0.03884169084127642,0.23099199014171287,0.5483596142330667,0.06650110864745011,0.3896758021873898,-0.11593097251552811
esm2_top4_bilstm_attn,train,-1,rigidity_supporting,q8_loop_turn_bend_CTS,segment,apex_any,967,967,0,16731,84,0.00502062040523579,0.0046553418782415016,0.0034795135219618726,0.00601387654880023,,,,,,,,,,,,,,,,,,,,,,,,,,,,,,,
esm2_top4_bilstm_attn,train,-1,rigidity_supporting,q8_loop_turn_bend_CTS,segment,band_interval_any,967,967,0,16731,7353,0.4394835933297472,0.3697316739532213,0.3549534180874166,0.3842641061739699,,,,,,,,,,,,,,,,,,,,,,,,,,,,,,,
esm2_top4_bilstm_attn,train,1,flexibility_supporting,q8_loop_turn_bend_CTS,residue,apex_exact,967,967,958,92205,5352,0.05804457458923052,0.06140657066396939,0.05986369947993965,0.06294400803553966,0.9336611247900822,0.9245524751959131,0.9419393438839472,0.06140657066396939,0.05992105831953832,0.06298673025126374,0.9972307116141083,0.99687578592751,0.997554477569911,0.11430388213831094,0.11159446729810252,0.11694222927894674,0.5293186411390389,0.5284852771235863,0.5301285937182646,0.1760140591862277,0.17241915764517468,0.17995674084523566,0.41236833872113504,0.40454295781444005,0.4205413144051356,5352.0,371.0,86853.0,129063.0,0.9351738598637078,0.05804457458923052,0.9971336743050512,0.10930479535985622,0.5275891244471409,0.17148062208006787
esm2_top4_bilstm_attn,train,1,flexibility_supporting,q8_loop_turn_bend_CTS,residue,band_interval,967,967,958,92205,43202,0.46854292066590747,0.446195011087173,0.4371566408664105,0.454853698288744,0.690569598148094,0.6806853631319986,0.70127177062788,0.446195011087173,0.4370208931672713,0.4554325514943674,0.8569384738630303,0.8513109375025917,0.8628318766361233,0.5184010719250314,0.5105886450147226,0.5261076175127573,0.6515667424751017,0.6475828230593146,0.6556992979879791,0.3367585508536089,0.3281975870841388,0.34529234559532435,0.41236833872113504,0.40493490420709977,0.42010588389365305,43202.0,22167.0,49003.0,107267.0,0.6608943076993682,0.46854292066590747,0.8287389712131279,0.548339193014076,0.6486409459395177,0.32132621019081287
esm2_top4_bilstm_attn,train,1,flexibility_supporting,neq_peak,residue,apex_exact,967,967,958,16230,1263,0.077818853974122,0.08390174812700232,0.07825693735302648,0.08983499452976788,0.22791606916553242,0.21374389308001263,0.24344322471923274,0.08390174812700232,0.07815735279465394,0.08950776410680376,0.9785671504671606,0.9780403056471021,0.9791047595761196,0.12034571746089777,0.11233273985703618,0.12814301221224605,0.5312344492970814,0.5283579932038799,0.5342303548059747,0.09947824138163729,0.09031115546620477,0.10896492742141577,0.07197259418148319,0.07100987976480433,0.07291646285107875,1263.0,4460.0,14967.0,200949.0,0.2206884501135768,0.077818853974122,0.9782872220788768,0.11506400036441489,0.5280530380264994,0.0921562096721999
esm2_top4_bilstm_attn,train,1,flexibility_supporting,neq_peak,residue,apex_within1,967,967,958,16230,3405,0.2097966728280961,0.21414715381492286,0.20697913065709347,0.22162577181782836,0.19708559380688312,0.19157838450685405,0.20275562185746898,0.21414715381492286,0.20692307010218192,0.22140607796459744,0.9328776859283078,0.9315561348279324,0.934189086081938,0.19974850457379034,0.19377492759195877,0.20586737541831496,0.5735124198716152,0.5697955695833903,0.5772817334067118,0.14032786180389467,0.1342069892156083,0.1465328675897494,0.07197259418148319,0.07103921403498133,0.07293409145848245,3405.0,13764.0,12825.0,191645.0,0.19832255809889918,0.2097966728280961,0.9329922252676368,0.2038983203089913,0.5713944490478664,0.13914773371169042
esm2_top4_bilstm_attn,train,1,flexibility_supporting,neq_peak,residue,apex_within2,967,967,958,16230,4707,0.2900184842883549,0.2957162583391544,0.2878219695713725,0.30311968778209003,0.1635463566425423,0.16037636298314661,0.16654687632452372,0.2957162583391544,0.2880058555594551,0.303323379294847,0.8835978244455656,0.8814444410873573,0.885744208851802,0.20502891161724296,0.20077868480896618,0.20897438749296518,0.5896570413923601,0.5861216754692086,0.5932366316364106,0.1366060130064262,0.13191737827533437,0.14115712831229493,0.07197259418148319,0.07105224817011939,0.0729002072052951,4707.0,23908.0,11523.0,181501.0,0.1644941464266993,0.2900184842883549,0.8836078263367233,0.20992306834652694,0.5868131553125391,0.13489069751523566
esm2_top4_bilstm_attn,train,1,flexibility_supporting,neq_peak,residue,apex_within5,967,967,958,16230,6542,0.4030807147258164,0.40075473789417576,0.3927370482155924,0.4092463431589858,0.1023589497905736,0.10075370550534536,0.10391132119100115,0.40075473789417576,0.39276293042506716,0.40887536893088444,0.7259311150452887,0.7210514997915658,0.7311855051534307,0.1595011181674452,0.15693469013591646,0.1619906828539609,0.5633429264697323,0.560090677939371,0.5664075064038364,0.07259000290983628,0.06929555719155867,0.07607029919444949,0.07197259418148319,0.07106825018673814,0.0729070549342609,6542.0,56286.0,9688.0,149123.0,0.10412554911822754,0.4030807147258164,0.7259808479667396,0.16549874775481294,0.564530781346278,0.07460174834850326
esm2_top4_bilstm_attn,train,1,flexibility_supporting,neq_peak,residue,band_interval,967,967,958,16230,7544,0.4648182378311768,0.43692847979658306,0.42739451660893374,0.44643333773205374,0.12048279853025677,0.11841036435186954,0.12249934717348213,0.43692847979658306,0.4279984985988533,0.44669952578641436,0.7466689807049794,0.7403427969730079,0.7526285484646218,0.18319501968163054,0.18003137638025613,0.18608853682769358,0.5917987302507812,0.5881516040616565,0.5951473627023971,0.10901807335491581,0.10535838465585476,0.11240745314150032,0.07197259418148319,0.07104500150111787,0.07289581731900449,7544.0,57825.0,8686.0,147584.0,0.1154063852896633,0.4648182378311768,0.718488479083195,0.18490422676748489,0.5916533584571859,0.1047185563666204
esm2_top4_bilstm_attn,train,1,flexibility_supporting,q8_loop_turn_bend_CTS,segment,apex_any,967,967,0,16731,5317,0.3177933177933178,0.3252193186634107,0.31820261919048703,0.3321166309405653,,,,,,,,,,,,,,,,,,,,,,,,,,,,,,,
esm2_top4_bilstm_attn,train,1,flexibility_supporting,q8_loop_turn_bend_CTS,segment,band_interval_any,967,967,0,16731,7433,0.4442651365728289,0.42065611356291926,0.41229023633994755,0.42962059978534,,,,,,,,,,,,,,,,,,,,,,,,,,,,,,,
esm2_top4_bilstm_attn,validation,-1,rigidity_supporting,q8_loop_turn_bend_CTS,residue,apex_exact,208,208,207,19379,15,0.0007740337478714072,0.000554324449311363,0.0002434794542713879,0.0009017910847431517,0.011421549465027728,0.004665508605725997,0.019275473922213043,0.000554324449311363,0.0002478422759712698,0.0009051422239853823,0.9585225596648652,0.9564441742272746,0.9604370983463861,0.0010531265976629616,0.0004834211213062014,0.001752025702388019,0.47953844205708823,0.4784673991704557,0.4804721409161163,-0.12853396702054595,-0.13366943158687491,-0.12365970112927235,0.41067693071209754,0.3948181594651734,0.42713192960213997,15.0,1130.0,19364.0,26950.0,0.013100436681222707,0.0007740337478714072,0.9597578347578347,0.001461703371662444,0.4802659342528531,-0.12643051603571512
esm2_top4_bilstm_attn,validation,-1,rigidity_supporting,q8_loop_turn_bend_CTS,residue,band_interval,208,208,207,19379,4777,0.24650394757211413,0.21433684797599667,0.192920496181447,0.23487636585487878,0.20783253401361237,0.18786628410454947,0.22697983316222167,0.21433684797599667,0.1943915383798909,0.23528945773590482,0.44633821991412426,0.4241907614261517,0.46829776376178905,0.20287783144808474,0.18437923047619675,0.22210479885126627,0.3303375339450605,0.32191554580407483,0.33902808168775445,-0.34362331130190465,-0.3604225390444594,-0.3275234543545329,0.41067693071209754,0.39556346353248256,0.4262318491654784,4777.0,15895.0,14602.0,12185.0,0.23108552631578946,0.24650394757211413,0.4339387464387464,0.23854585403610395,0.3402213470054303,-0.3167814171240423
esm2_top4_bilstm_attn,validation,-1,rigidity_supporting,neq_peak,residue,apex_exact,208,208,207,3497,2,0.0005719187875321705,0.00035589410589410587,0.0,0.0009303196803196803,0.0011732229123533472,0.0,0.0032436162870945473,0.00035589410589410587,0.0,0.0009303196803196803,0.9744685669007583,0.9735738741175913,0.9754556598856002,0.0005452402004126142,0.0,0.0014220453875626292,0.48741223050332627,0.4868672166392073,0.48797259336909954,-0.04241942204700602,-0.043748699358864766,-0.04096940266160643,0.07262432419660286,0.07051511026515644,0.074646815941055,2.0,1143.0,3495.0,42819.0,0.0017467248908296944,0.0005719187875321705,0.9740002729630135,0.0008616975441619991,0.48728609587527283,-0.043294883552508094
esm2_top4_bilstm_attn,validation,-1,rigidity_supporting,neq_peak,residue,apex_within1,208,208,207,3497,13,0.0037174721189591076,0.0031914213843922063,0.001367122419468242,0.005695576481799955,0.0030933505571186727,0.0013499068028053536,0.005147898934130814,0.0031914213843922063,0.0013071359315971385,0.0056095737448522585,0.9235842133491183,0.9207176265357515,0.9263134499745547,0.003078315125370953,0.0013124313594780627,0.005255716659705298,0.4633878173667553,0.4617886874374219,0.4650090489700064,-0.07323202606460916,-0.07573459261084341,-0.07064322345271332,0.07262432419660286,0.07060074966837794,0.07465813874446672,13.0,3422.0,3484.0,40540.0,0.003784570596797671,0.0037174721189591076,0.922160047313589,0.0037507212925562607,0.4629387597162741,-0.0747357438455039
esm2_top4_bilstm_attn,validation,-1,rigidity_supporting,neq_peak,residue,apex_within2,208,208,207,3497,32,0.009150700600514728,0.006953326855267127,0.00435558442320932,0.010072657021305552,0.004231034665817274,0.002664882353288151,0.0059873321123321095,0.006953326855267127,0.004301219789059246,0.010038005608048609,0.8727722773880887,0.8681532741265692,0.877688897182142,0.005135737207454856,0.003267075144620938,0.007186137347309808,0.43986280212167794,0.4373823079934276,0.44239999218238063,-0.09569171104893093,-0.09889683746783448,-0.09242423181587842,0.07262432419660286,0.07059185243530275,0.07459883058301683,32.0,5693.0,3465.0,38269.0,0.0055895196506550214,0.009150700600514728,0.8705017970065057,0.006939926263283452,0.4398262488035102,-0.09653634847122289
esm2_top4_bilstm_attn,validation,-1,rigidity_supporting,neq_peak,residue,apex_within5,208,208,207,3497,282,0.08064054904203603,0.0759194541211578,0.06385141261342828,0.08939166115117907,0.021252371345695898,0.01767073089811342,0.024863558362131048,0.0759194541211578,0.06345746070686702,0.09018212769712117,0.7251873217638667,0.7157214156011809,0.7357213737310208,0.032361787687751414,0.0268787510788657,0.03821846058995545,0.4005533879425123,0.3937065912784353,0.4075073246353594,-0.11682360350237678,-0.12409306939205347,-0.10899752794356753,0.07262432419660286,0.07066330314638947,0.0746373991301097,282.0,12311.0,3215.0,31651.0,0.02239339315492734,0.08064054904203603,0.71996269505482,0.035052827843380985,0.400301622048428,-0.11798830462125667
esm2_top4_bilstm_attn,validation,-1,rigidity_supporting,neq_peak,residue,band_interval,208,208,207,3497,802,0.22933943380040034,0.20070568186188592,0.178456681430529,0.22368215061699906,0.03298847438595071,0.029654348757158205,0.03670085870606341,0.20070568186188592,0.17711571955627475,0.22351615086871437,0.5679096366669281,0.5481831065435662,0.5870434209103613,0.055602465756135463,0.04936612386772399,0.061765828664911,0.38430765926440696,0.37547125631366457,0.39266142261340214,-0.12370423978172151,-0.1318722970635395,-0.11607572233548835,0.07262432419660286,0.07052742651101855,0.07473824780838084,802.0,19870.0,2695.0,24092.0,0.03879643962848297,0.22933943380040034,0.5480187434602611,0.06636600604079607,0.38867908863033074,-0.11731134091304316
esm2_top4_bilstm_attn,validation,-1,rigidity_supporting,q8_loop_turn_bend_CTS,segment,apex_any,208,208,0,3587,15,0.004181767493727348,0.003771165811463303,0.0017864527129332476,0.0063481986912604284,,,,,,,,,,,,,,,,,,,,,,,,,,,,,,,
esm2_top4_bilstm_attn,validation,-1,rigidity_supporting,q8_loop_turn_bend_CTS,segment,band_interval_any,208,208,0,3587,1519,0.4234736548647895,0.3904497152048353,0.35968220732483175,0.4203006820744224,,,,,,,,,,,,,,,,,,,,,,,,,,,,,,,
esm2_top4_bilstm_attn,validation,1,flexibility_supporting,q8_loop_turn_bend_CTS,residue,apex_exact,208,208,208,19379,1146,0.05913617833737551,0.06355415743562376,0.06064697567360022,0.06632199710941286,0.9337828971242431,0.9174624220597778,0.9502210883400787,0.06355415743562376,0.0606839665163325,0.0665622461790707,0.9966921440424896,0.9956673674031133,0.9975863342649238,0.11826084783594314,0.11309623252382027,0.12376317865265239,0.5301231507390567,0.5285341678200659,0.5318277727091544,0.17836594107710313,0.17013670558133193,0.18676819984604642,0.41067693071209754,0.3959346559870443,0.4262790457105375,1146.0,90.0,18233.0,27990.0,0.9271844660194175,0.05913617833737551,0.9967948717948718,0.11118117875333496,0.5279655250661237,0.17261514869991917
esm2_top4_bilstm_attn,validation,1,flexibility_supporting,q8_loop_turn_bend_CTS,residue,band_interval,208,208,208,19379,9078,0.46844522421177565,0.4462510672172408,0.4282825802476302,0.4644457231452378,0.6821736614907448,0.6612667213014543,0.7023877805326476,0.4462510672172408,0.4284329355424915,0.4649337807321842,0.8525120724995319,0.8410288918183283,0.8637069825959924,0.5211695653536866,0.5063846511460898,0.5352268085441051,0.6493815698583864,0.6412089873128554,0.6578756739904941,0.32963956486791013,0.3121662527118339,0.34678129575826955,0.41067693071209754,0.39492847638302075,0.4270728797062192,9078.0,4752.0,10301.0,23328.0,0.6563991323210412,0.46844522421177565,0.8307692307692308,0.5467192628504322,0.6496072274905033,0.32365232918126013
esm2_top4_bilstm_attn,validation,1,flexibility_supporting,neq_peak,residue,apex_exact,208,208,208,3497,265,0.07577923934801258,0.08059024515455324,0.0706456203966123,0.09097084881799793,0.21415775063611603,0.1883317435435825,0.2403974836261495,0.08059024515455324,0.0706963725988103,0.09094324088865952,0.9774110221760156,0.9762519305418974,0.9784915113418482,0.11493152204092746,0.10097819356414661,0.1295495623252302,0.5290006336652844,0.5236876177137236,0.5347613591356162,0.09094785756071017,0.07475379379910949,0.10853790842347888,0.07262432419660286,0.07042440034255448,0.07463354108704774,265.0,971.0,3232.0,42991.0,0.21440129449838188,0.07577923934801258,0.9779127428233474,0.11197971688147053,0.52684599108568,0.0880760186123451
esm2_top4_bilstm_attn,validation,1,flexibility_supporting,neq_peak,residue,apex_within1,208,208,208,3497,747,0.21361166714326565,0.22745236864850094,0.2110868142821477,0.24405616017808815,0.20214526170055017,0.18988142989044432,0.213981546742965,0.22745236864850094,0.21041973786103568,0.2440270478797958,0.9313126914200645,0.9283965274206686,0.9342365223111881,0.20920316089866478,0.19554311714873765,0.2214427266233371,0.5793825300342828,0.5714925684375409,0.5870123871234663,0.14803941882525978,0.13380608787445847,0.16196087485612148,0.07262432419660286,0.07051297650442279,0.07466424328904243,747.0,2961.0,2750.0,41001.0,0.20145631067961164,0.21361166714326565,0.9326463764159957,0.20735600277585012,0.5731290217796307,0.14237785380408885
esm2_top4_bilstm_attn,validation,1,flexibility_supporting,neq_peak,residue,apex_within2,208,208,208,3497,1013,0.2896768658850443,0.29945269610156067,0.2844988442937332,0.31347959584206136,0.16273000370356142,0.15633780722482646,0.16894539294839775,0.29945269610156067,0.28481759038669285,0.3135294814052863,0.8796938745820283,0.8745151613071779,0.8846482966366461,0.20613165508954043,0.19829308750308502,0.21412965296777803,0.5895732853417945,0.582684390620148,0.5967301398989318,0.13484225328912333,0.1253287844101072,0.14422056912839668,0.07262432419660286,0.07054930840002248,0.07454597213194512,1013.0,5167.0,2484.0,38795.0,0.163915857605178,0.2896768658850443,0.8824666757654338,0.2093624057042472,0.5860717708252391,0.1336344558240946
esm2_top4_bilstm_attn,validation,1,flexibility_supporting,neq_peak,residue,apex_within5,208,208,208,3497,1413,0.4040606233914784,0.4165819280703148,0.3998857593649086,0.4346636961903945,0.10331958946717892,0.099951941253117,0.1066139055567626,0.4165819280703148,0.3992574942840222,0.43550486545154204,0.718109604236714,0.7074924117950411,0.7289001461632754,0.162826756433081,0.1578970625475294,0.16744930055095822,0.5673457661535144,0.5605755398495655,0.5746274871738871,0.07573406144337422,0.06866447835804149,0.08298488599537907,0.07262432419660286,0.07070023628898335,0.07463283513960789,1413.0,12158.0,2084.0,31804.0,0.10411907744455089,0.4040606233914784,0.7234429734770939,0.16557300210921022,0.5637517984342861,0.07371910925526791
esm2_top4_bilstm_attn,validation,1,flexibility_supporting,neq_peak,residue,band_interval,208,208,208,3497,1631,0.466399771232485,0.44888238940720926,0.4293962669597515,0.4682081309347352,0.12363042289920192,0.11929102546557113,0.12826856081047083,0.44888238940720926,0.4295559427877639,0.4685725703739378,0.7469763780252932,0.7352995123223316,0.7591668758010733,0.18894232130622468,0.1827654629279506,0.19484396595744974,0.5979293837162513,0.5904803014016025,0.6052712729962644,0.11490313276242158,0.10638519160302673,0.1229947861863502,0.07262432419660286,0.07070685046376818,0.07459277957633775,1631.0,12199.0,1866.0,31763.0,0.11793203181489516,0.466399771232485,0.7225103498475957,0.18826109540024238,0.5944550605400403,0.10861097111296382
esm2_top4_bilstm_attn,validation,1,flexibility_supporting,q8_loop_turn_bend_CTS,segment,apex_any,208,208,0,3587,1142,0.31837189852244213,0.3350724979245579,0.3204410670137663,0.350578046059949,,,,,,,,,,,,,,,,,,,,,,,,,,,,,,,
esm2_top4_bilstm_attn,validation,1,flexibility_supporting,q8_loop_turn_bend_CTS,segment,band_interval_any,208,208,0,3587,1636,0.4560914413158628,0.4393337686080201,0.42161947426786234,0.458273372483766,,,,,,,,,,,,,,,,,,,,,,,,,,,,,,,
esm2_top4_bilstm_attn,test,-1,rigidity_supporting,q8_loop_turn_bend_CTS,residue,apex_exact,208,208,205,19451,15,0.0007711685774510308,0.0005824509039533814,0.000292096060306497,0.0009186162985333004,0.012213468317447778,0.005794942523601059,0.020213970079984194,0.0005824509039533814,0.0002916922069263563,0.0009424181833684854,0.9593791139978164,0.9574989932172742,0.9611544453043032,0.001106132273539182,0.0005414651092365551,0.001755573407343828,0.4799807824508849,0.4789793588987017,0.4809567801128655,-0.1277287698220044,-0.13282713667501683,-0.1224759034969896,0.4139743765456635,0.39732298121474197,0.4304750258456911,15.0,1126.0,19436.0,26758.0,0.013146362839614373,0.0007711685774510308,0.9596184191651126,0.001456876456876457,0.48019479387128183,-0.12706392285721635
esm2_top4_bilstm_attn,test,-1,rigidity_supporting,q8_loop_turn_bend_CTS,residue,band_interval,208,208,205,19451,4879,0.25083543262557195,0.21222494179230364,0.1920314882477595,0.23447011421084799,0.21446372079175058,0.19465993242994423,0.23426284583291748,0.21222494179230364,0.19211001520487514,0.23324573478035768,0.46551202933012775,0.44510939042768144,0.48796926582856254,0.2047844451599357,0.18583364801649394,0.22381110135615973,0.33886848556121574,0.3285192855065503,0.3486527572588773,-0.32560117797639904,-0.34578593472798724,-0.3059297210629694,0.4139743765456635,0.39766467751252416,0.42980423594934564,4879.0,15581.0,14572.0,12303.0,0.2384652981427175,0.25083543262557195,0.4412207717687563,0.24449399914810455,0.3460281021971641,-0.30583903256003786
esm2_top4_bilstm_attn,test,-1,rigidity_supporting,neq_peak,residue,apex_exact,208,208,205,3498,4,0.0011435105774728416,0.0007472256228887529,7.396449704142012e-05,0.001595778710127185,0.0028990158322635858,0.0002567394094993581,0.006611039794608472,0.0007472256228887529,7.396449704142012e-05,0.0015957627695028227,0.9749396704960709,0.9739186931338464,0.975960003060677,0.0011812295466141621,0.00011446886446886447,0.0025705843013535323,0.4878434480594799,0.48719984419274165,0.48857416541770166,-0.04142969907963019,-0.043253125873286856,-0.03938226923759262,0.07254445246022237,0.07040378324683053,0.07471786690249142,4.0,1137.0,3494.0,42700.0,0.0035056967572304996,0.0011435105774728416,0.9740630061363689,0.0017245095925846087,0.48760325835692087,-0.04228947113952763
esm2_top4_bilstm_attn,test,-1,rigidity_supporting,neq_peak,residue,apex_within1,208,208,205,3498,18,0.005145797598627788,0.003630849009839457,0.001760896599296576,0.005858226859191215,0.004057775771511329,0.001811731290389827,0.006692406046385506,0.003630849009839457,0.0018164818928377,0.0059662490789698,0.9249171524466114,0.9218732999496458,0.9279832416459001,0.003750057131141876,0.0017842136628441706,0.006140506798688694,0.46427400072822544,0.4623971407990864,0.46620067432378104,-0.07228362253449988,-0.07532990227404143,-0.06894552935223698,0.07254445246022237,0.07040169150661962,0.07472890928720752,18.0,3405.0,3480.0,40432.0,0.0052585451358457495,0.005145797598627788,0.9223258890891256,0.005201560468140442,0.4637358433438767,-0.07325593817083768
esm2_top4_bilstm_attn,test,-1,rigidity_supporting,neq_peak,residue,apex_within2,208,208,205,3498,37,0.010577472841623786,0.009404827610642767,0.006009259848653274,0.013327308158334664,0.00608332118601695,0.0038825581778084988,0.008455194976183422,0.009404827610642767,0.005860462656489171,0.013246710397634804,0.8751741724481218,0.8701173335147111,0.8803306659197729,0.007247268438523663,0.004691616850251118,0.010276188779670094,0.4422895000293823,0.43933156580608995,0.4452358738537934,-0.09297608569330393,-0.09676218979546207,-0.08899634126929619,0.07254445246022237,0.07033688676730758,0.07455288566465565,37.0,5668.0,3461.0,38169.0,0.006485539000876424,0.010577472841623786,0.8707028309418984,0.00804085624252961,0.4406401518917611,-0.09539422017495915
esm2_top4_bilstm_attn,test,-1,rigidity_supporting,neq_peak,residue,apex_within5,208,208,205,3498,316,0.0903373356203545,0.07809443711858403,0.06705165328337641,0.09039155214321336,0.022557609991095254,0.019263442415112415,0.02592710436000612,0.07809443711858403,0.06688402534919534,0.09013512054211413,0.7302077339395759,0.7191519978735426,0.7408424611755736,0.034020600703989615,0.029118112307307816,0.03916276829734467,0.40415108552908,0.39811402145451064,0.41046250961168035,-0.11383810227908799,-0.12054046742535218,-0.10723508587620219,0.07254445246022237,0.07035725877574786,0.07462880609154605,316.0,12234.0,3182.0,31603.0,0.025179282868525898,0.0903373356203545,0.7209206834409289,0.03938185443668993,0.4056290095306417,-0.11186158208995
esm2_top4_bilstm_attn,test,-1,rigidity_supporting,neq_peak,residue,band_interval,208,208,205,3498,784,0.22412807318467695,0.18989708790332807,0.16889337426994497,0.21104137657070152,0.032816732272733656,0.029759650552275675,0.03598950170063658,0.18989708790332807,0.1698783048221785,0.210832724907664,0.5808335065465309,0.5631585029580621,0.5990156791218743,0.05462608496841307,0.049201632154056624,0.05976486291210013,0.3853652972249295,0.37786608676759553,0.39266135327635593,-0.12292452089648036,-0.12979503774837384,-0.11605540295377349,0.07254445246022237,0.0703456610682609,0.07462934223312076,784.0,19676.0,2714.0,24161.0,0.038318670576735096,0.22412807318467695,0.5511554166571617,0.06544786710075966,0.38764174492091935,-0.11866926316809528
esm2_top4_bilstm_attn,test,-1,rigidity_supporting,q8_loop_turn_bend_CTS,segment,apex_any,208,208,0,3581,15,0.004188774085450991,0.003759109405280075,0.0017414599712618005,0.006054799886334369,,,,,,,,,,,,,,,,,,,,,,,,,,,,,,,
esm2_top4_bilstm_attn,test,-1,rigidity_supporting,q8_loop_turn_bend_CTS,segment,band_interval_any,208,208,0,3581,1536,0.4289304663501815,0.38576902421683346,0.35578800060297794,0.4150002000217235,,,,,,,,,,,,,,,,,,,,,,,,,,,,,,,
esm2_top4_bilstm_attn,test,1,flexibility_supporting,q8_loop_turn_bend_CTS,residue,apex_exact,208,208,204,19451,1131,0.05814611073980772,0.06097135203959533,0.057562266586015355,0.06464612755531286,0.9224833921525097,0.8981751699077067,0.9432275105069222,0.06097135203959533,0.05759575012823737,0.06470316386453795,0.9969403869676198,0.9961042461470195,0.9977245907265935,0.11332863107743675,0.10745473566731362,0.1194412157228915,0.5289558695036077,0.5270909035084587,0.5309399546072178,0.1740960973621294,0.16548495656702,0.18309684388195344,0.4139743765456635,0.39786577131631806,0.429521228026095,1131.0,82.0,18320.0,27802.0,0.93239901071723,0.05814611073980772,0.9970592454454167,0.109465737514518,0.5276026780926122,0.17188787956472534
esm2_top4_bilstm_attn,test,1,flexibility_supporting,q8_loop_turn_bend_CTS,residue,band_interval,208,208,204,19451,8826,0.45375559097218654,0.4391081010037201,0.4196686801728115,0.4582404954118004,0.6752476443238623,0.6533499613127471,0.6966292208910625,0.4391081010037201,0.4206580432677711,0.45820252212634244,0.8472786675155068,0.8347306118888606,0.8600027574623893,0.507068771477493,0.49029513268590874,0.5231829014174468,0.6431933842596134,0.6347801833917488,0.6515345637948448,0.3189343722737209,0.3017021939942282,0.3356033509766104,0.4139743765456635,0.3982550474718679,0.4307035270932386,8826.0,4800.0,10625.0,23084.0,0.647732276530163,0.45375559097218654,0.8278582699756133,0.5336638752002902,0.6408069304738999,0.3060168947800768
esm2_top4_bilstm_attn,test,1,flexibility_supporting,neq_peak,residue,apex_exact,208,208,204,3498,288,0.0823327615780446,0.09192994668458748,0.07792757580351094,0.10630490381761812,0.24500945677416266,0.2151035854804237,0.2764669739302092,0.09192994668458748,0.07835108524064333,0.10610518951799504,0.9789439312464316,0.9778097308563753,0.98008530658407,0.13024829155863654,0.11241899535806389,0.1489620980181771,0.5354369389655095,0.5284281031555355,0.542917018845717,0.11164776684887638,0.09151008062249978,0.13385111119539003,0.07254445246022237,0.0703923422956545,0.07463731754728539,288.0,925.0,3210.0,42912.0,0.23742786479802144,0.0823327615780446,0.9788991034970459,0.12226703459987263,0.5306159325375452,0.10137324228247797
esm2_top4_bilstm_attn,test,1,flexibility_supporting,neq_peak,residue,apex_within1,208,208,204,3498,734,0.20983419096626643,0.22056010235207063,0.2010972745218382,0.24102090125191525,0.19893881536038402,0.1863780593498731,0.21073541518394462,0.22056010235207063,0.20136223209860996,0.2394685323293416,0.9332681103545316,0.9306104281180383,0.9358260144090632,0.20193369210653983,0.18814369964218977,0.2161645282034878,0.5769141063533011,0.5676176973874241,0.5865188456256623,0.1447981438049289,0.12970787327598726,0.15950378603689966,0.07254445246022237,0.07046207316249262,0.07470883723755899,734.0,2905.0,2764.0,40932.0,0.20170376477054136,0.20983419096626643,0.9337317790907225,0.20568866470505814,0.5717829850284945,0.14098404143346463
esm2_top4_bilstm_attn,test,1,flexibility_supporting,neq_peak,residue,apex_within2,208,208,204,3498,1017,0.29073756432247,0.30248793363557414,0.2843471157752536,0.32179968989489205,0.1648092362430598,0.15861241464826023,0.17089892844764162,0.30248793363557414,0.2849522745393158,0.3220168143735618,0.8839144737120234,0.8792294039207718,0.8884521619131234,0.20633152588033943,0.19674608131581195,0.21540136772360208,0.5932012036737988,0.5847294773040398,0.6017389795048252,0.14038621279993407,0.12959338554521638,0.15146354998394831,0.07254445246022237,0.07043013506093966,0.0745645768985464,1017.0,5048.0,2481.0,38789.0,0.16768342951360263,0.29073756432247,0.8848461345438785,0.2126947610582453,0.5877918494331742,0.1374301029772404
esm2_top4_bilstm_attn,test,1,flexibility_supporting,neq_peak,residue,apex_within5,208,208,204,3498,1394,0.3985134362492853,0.4063157504933824,0.38776920567945944,0.4238629028787895,0.10271712002639036,0.09981727677188078,0.10569926908235028,0.4063157504933824,0.38839791944836405,0.4238616441130348,0.7263190712578089,0.7161101183182524,0.7364958838037939,0.15925300648000268,0.15383200399598032,0.16452828170054917,0.5663174108755957,0.5592317632116398,0.5735335952211548,0.07446338848813368,0.06770578298845412,0.08174246034666886,0.07254445246022237,0.07036165796272831,0.07468148166726417,1394.0,11930.0,2104.0,31907.0,0.10462323626538576,0.3985134362492853,0.7278554645618998,0.1657353465699679,0.5631844504055925,0.07350950706341502
esm2_top4_bilstm_attn,test,1,flexibility_supporting,neq_peak,residue,band_interval,208,208,204,3498,1587,0.45368782161234994,0.43845386798798575,0.4161402838275284,0.4593462058668594,0.11945152209420358,0.11523620490260073,0.1236341592325894,0.43845386798798575,0.41710486328113383,0.45933886556609704,0.7458588777300369,0.7334184110343053,0.7584382300798497,0.18085532879297916,0.17406591417068634,0.187254360502308,0.5921563728590115,0.5844767576926754,0.6003168976849342,0.1082881465214638,0.10060017167268949,0.1162714048397223,0.07254445246022237,0.0703488729438896,0.07464743004340743,1587.0,12039.0,1911.0,31798.0,0.11646851607221488,0.45368782161234994,0.7253689805415516,0.18535388927820604,0.5895284010769508,0.10345798423909267
esm2_top4_bilstm_attn,test,1,flexibility_supporting,q8_loop_turn_bend_CTS,segment,apex_any,208,208,0,3581,1126,0.3144373080145211,0.3203093547906533,0.3042645224110692,0.3367932516973427,,,,,,,,,,,,,,,,,,,,,,,,,,,,,,,
esm2_top4_bilstm_attn,test,1,flexibility_supporting,q8_loop_turn_bend_CTS,segment,band_interval_any,208,208,0,3581,1578,0.44065903378944427,0.4276106365940525,0.40854960818250113,0.44642135736508487,,,,,,,,,,,,,,,,,,,,,,,,,,,,,,,
esm2_top28_bilstm_attn,train,-1,rigidity_supporting,q8_loop_turn_bend_CTS,residue,apex_exact,967,967,931,92205,82,0.0008893227048424705,0.0009129707481284065,0.0006604826343151767,0.001205282667126422,0.022265851698906384,0.015608830298709112,0.029574560171714937,0.0009129707481284065,0.000652303995480805,0.001186796008901089,0.96270401255118,0.9617476424782357,0.9636563487392681,0.0017374118189041208,0.0012568547045405329,0.0022755501007963586,0.4818084916496542,0.4813056623979958,0.4823327210806204,-0.12115229341941254,-0.12370270748599982,-0.11849135756237422,0.41236833872113504,0.4050580546475849,0.42016923117500105,82.0,4964.0,92123.0,124470.0,0.016250495441934205,0.0008893227048424705,0.96164840768268,0.001686357980894798,0.4812688651937612,-0.12379402284664077
esm2_top28_bilstm_attn,train,-1,rigidity_supporting,q8_loop_turn_bend_CTS,residue,band_interval,967,967,931,92205,19584,0.21239629087359688,0.17146834525568805,0.16216134273502894,0.18142629970672705,0.19167916197649254,0.18193856763474656,0.20162567062559736,0.17146834525568805,0.16284721319238118,0.1805303900822294,0.5096974403207947,0.49853203382002886,0.5212461673161203,0.1711307948855114,0.16253475746992263,0.1803242947457962,0.3405828927882414,0.3361632423218543,0.3452332075224737,-0.33722918292839243,-0.34491848213601356,-0.32939856427050823,0.41236833872113504,0.4046344621694436,0.4203786659413909,19584.0,67790.0,72621.0,61644.0,0.22413990431936273,0.21239629087359688,0.4762581701871224,0.21811013537217602,0.34432723053035963,-0.3140302989376141
esm2_top28_bilstm_attn,train,-1,rigidity_supporting,neq_peak,residue,apex_exact,967,967,931,16230,6,0.0003696857670979667,0.00028921440503653533,4.924410301866351e-05,0.0006104942971540693,0.0008566871724766462,0.0001288936627282492,0.001802973342447026,0.00028921440503653533,4.924410301866351e-05,0.0006166876901106479,0.9764501538426256,0.9759355255167671,0.9770006653733366,0.00042374932771166375,6.463288521199587e-05,0.0008872902249392199,0.488369684123831,0.4880696386018745,0.48866564551889197,-0.04148173070477353,-0.04218795415978188,-0.04072604944164091,0.07197259418148319,0.0710331804515212,0.07291672041847252,6.0,5040.0,16224.0,200369.0,0.0011890606420927466,0.0003696857670979667,0.9754635872819594,0.0005640157924421884,0.48791663652452866,-0.04220763301841547
esm2_top28_bilstm_attn,train,-1,rigidity_supporting,neq_peak,residue,apex_within1,967,967,931,16230,35,0.0021565003080714724,0.0012562377190153315,0.0007899188253817723,0.0017674219342949265,0.001432953163093732,0.0009005398650853516,0.0019969211914642256,0.0012562377190153315,0.0008053967729963513,0.001777827827280135,0.9293850873574282,0.9277129053818105,0.9310360593675132,0.0013001057177688103,0.0008384708103569244,0.0018113138462342096,0.4653206625382218,0.46453233063430804,0.4661746822915538,-0.07315549462708053,-0.07426894612947439,-0.0719606088329617,0.07197259418148319,0.07105198396672753,0.07290736758115124,35.0,15103.0,16195.0,190306.0,0.0023120623596247854,0.0021565003080714724,0.926473523555443,0.0022315735781688346,0.4643150119317572,-0.07370368730178961
esm2_top28_bilstm_attn,train,-1,rigidity_supporting,neq_peak,residue,apex_within2,967,967,931,16230,83,0.0051139864448552065,0.0038818859833186716,0.002909059545460571,0.00495242885539259,0.002433003127653696,0.001818071973857595,0.003088711658419956,0.0038818859833186716,0.0028372505984633053,0.0050617336611443004,0.882448598690179,0.8797020703000311,0.8850210004076579,0.002869675772206375,0.0021771693799743953,0.0036541643345353396,0.4431652423367488,0.4418212175513087,0.4445292971929666,-0.09549246097208368,-0.09702611341728626,-0.09389795720655435,0.07197259418148319,0.07104876594961676,0.07291373324148619,83.0,25147.0,16147.0,180262.0,0.003289734443123266,0.0051139864448552065,0.877575958210205,0.004003859141341052,0.44134497232753006,-0.09621990333227123
esm2_top28_bilstm_attn,train,-1,rigidity_supporting,neq_peak,residue,apex_within5,967,967,931,16230,1137,0.07005545286506469,0.060450285471163046,0.0552335575408742,0.06565913992428273,0.018014270513927403,0.016526833577247223,0.019574370354885465,0.060450285471163046,0.05535198526237644,0.06577803119662808,0.7459197857094111,0.7402819958942431,0.7514326113160804,0.026553109044131506,0.024393475406983875,0.0288003985724827,0.40318503559028707,0.4000767581245092,0.40621610122937996,-0.11968653918200176,-0.12275181565406523,-0.11642914667904893,0.07197259418148319,0.07101609244329278,0.07292974457856709,1137.0,54367.0,15093.0,151042.0,0.020485010089362928,0.07005545286506469,0.7353231844758507,0.03170044888058661,0.40268931867045765,-0.11702180535262455
esm2_top28_bilstm_attn,train,-1,rigidity_supporting,neq_peak,residue,band_interval,967,967,931,16230,2926,0.1802834257547751,0.143816730570818,0.13435997962161395,0.15358449355495607,0.026596796175123266,0.02495359695748967,0.028349517207343675,0.143816730570818,0.1348870830936266,0.15330909287408168,0.6223014520606768,0.6126913611805613,0.6316035538451509,0.042787554259927134,0.04033098791439838,0.04542121639833943,0.38305909131574734,0.3793539909214853,0.3868825042066293,-0.1313805105340133,-0.13467260292281488,-0.12787761841152398,0.07197259418148319,0.07098665103738047,0.07291615583970684,2926.0,84448.0,13304.0,120961.0,0.0334882230411793,0.1802834257547751,0.588878773568831,0.056484305625265435,0.38458109966180304,-0.12305617304452654
esm2_top28_bilstm_attn,train,-1,rigidity_supporting,q8_loop_turn_bend_CTS,segment,apex_any,967,967,0,16731,79,0.0047217739525431835,0.006676125402474079,0.004326279651825844,0.009754367223407225,,,,,,,,,,,,,,,,,,,,,,,,,,,,,,,
esm2_top28_bilstm_attn,train,-1,rigidity_supporting,q8_loop_turn_bend_CTS,segment,band_interval_any,967,967,0,16731,6530,0.3902934672165441,0.3328145368318757,0.318517375739172,0.347267687346145,,,,,,,,,,,,,,,,,,,,,,,,,,,,,,,
esm2_top28_bilstm_attn,train,1,flexibility_supporting,q8_loop_turn_bend_CTS,residue,apex_exact,967,967,954,92205,4927,0.053435280082425034,0.055861583990615686,0.0545240401989002,0.0572354028435456,0.9064428394349288,0.8952308619388185,0.9172277130841919,0.055861583990615686,0.05446908383166245,0.0572514589809655,0.9963180270251125,0.9958863325257121,0.9967253894295008,0.1043708631861512,0.10178295614244622,0.10688934313716676,0.5260898055078641,0.5252884074350089,0.526853728501633,0.16164963430911317,0.1575830703128757,0.16552918064184582,0.41236833872113504,0.4049445769000364,0.41998851109369273,4927.0,462.0,87278.0,128972.0,0.9142698088699202,0.053435280082425034,0.9964306132855355,0.10096932188454208,0.5249329466839803,0.15957794813885626
esm2_top28_bilstm_attn,train,1,flexibility_supporting,q8_loop_turn_bend_CTS,residue,band_interval,967,967,954,92205,44008,0.4772843121305786,0.45041069820057406,0.4400707811698644,0.4599747717120824,0.6662828538173912,0.6561900689991705,0.6766849617623072,0.45041069820057406,0.44063133181626846,0.4598251835136595,0.8403948047067562,0.8341752549512056,0.8464156672069665,0.5129992435362438,0.5047444524586396,0.5213033326377208,0.645402751453665,0.6411148723666066,0.649436873131564,0.31965784802709923,0.311334948868978,0.32776648764289285,0.41236833872113504,0.40444020624364024,0.4201178215899445,44008.0,24179.0,48197.0,105255.0,0.6454016161438397,0.4772843121305786,0.8131943693310877,0.5487555489051823,0.6452393407308331,0.3102263040152666
esm2_top28_bilstm_attn,train,1,flexibility_supporting,neq_peak,residue,apex_exact,967,967,954,16230,1190,0.07332101047443007,0.07426157554563143,0.06918198204469576,0.07957881662256502,0.218487306745808,0.20398726242944754,0.2330475341657176,0.07426157554563143,0.06935770861078105,0.07930081210480139,0.9792670802416951,0.978702400250271,0.9798512889865263,0.10814136668084963,0.10113298002082478,0.11522502224091456,0.5267643278936632,0.5242533917740599,0.5295219211638094,0.08890892215638485,0.08085978419349528,0.09755555225521008,0.07197259418148319,0.07101815674284828,0.07287209714524619,1190.0,4199.0,15040.0,201210.0,0.22082018927444794,0.07332101047443007,0.9795578577374896,0.11008834821222073,0.5264394341059598,0.0894373649643444
esm2_top28_bilstm_attn,train,1,flexibility_supporting,neq_peak,residue,apex_within1,967,967,954,16230,3158,0.19457794208256315,0.199443859341365,0.1919376765150611,0.20684830290659764,0.19437943202258548,0.18866406346383394,0.20051485650149703,0.199443859341365,0.19212102446875223,0.20667469087397924,0.9360797372663732,0.9347488518727461,0.9375599443068244,0.19040848133126564,0.1844692734379788,0.19626897583806352,0.5677617983038691,0.5640420600861278,0.571576655688696,0.13297626221700487,0.12660048038802466,0.1393016796553152,0.07197259418148319,0.07099544732538629,0.07287095946166791,3158.0,13009.0,13072.0,192400.0,0.19533617863549205,0.19457794208256315,0.9366678188394861,0.19495632311633793,0.5656228804610246,0.1314810718692461
esm2_top28_bilstm_attn,train,1,flexibility_supporting,neq_peak,residue,apex_within2,967,967,954,16230,4466,0.2751694393099199,0.2801453312463681,0.2725642129067737,0.28842047440774543,0.16303248678768237,0.15974581853929787,0.16613212561245969,0.2801453312463681,0.2720136296764044,0.2881637031289859,0.8896022510253556,0.8871646901754426,0.8919137030286789,0.19927732538189374,0.19512446791382682,0.20345310102058542,0.5848737911358618,0.5814480849738929,0.5884368856529538,0.13214928179754118,0.12719015934480474,0.13702206645314066,0.07197259418148319,0.07104190977996591,0.07293535510527205,4466.0,22479.0,11764.0,182930.0,0.16574503618482092,0.2751694393099199,0.8905646782760249,0.20687898089171974,0.5828670587929724,0.1321190786812388
esm2_top28_bilstm_attn,train,1,flexibility_supporting,neq_peak,residue,apex_within5,967,967,954,16230,6369,0.3924214417744917,0.39344908270945206,0.38434821635163297,0.4026818274212541,0.10560193613924217,0.10389446604964753,0.10724376302058142,0.39344908270945206,0.3843309004998374,0.40270295605222184,0.7408543460985856,0.7353696911677349,0.7465489219037357,0.1617842473025629,0.15907413176711638,0.16439052587844996,0.5671517144040188,0.5638213107148665,0.5705036344619367,0.07814254835289167,0.07456615225002615,0.08159000625640465,0.07197259418148319,0.07106050532507671,0.0729291030726473,6369.0,52825.0,9861.0,152584.0,0.10759536439504004,0.3924214417744917,0.7428301583669654,0.16888523546881629,0.5676258000707286,0.07963782448643988
esm2_top28_bilstm_attn,train,1,flexibility_supporting,neq_peak,residue,band_interval,967,967,954,16230,7794,0.4802218114602588,0.4508768510570715,0.4412585566333668,0.4609514210498125,0.11792946496988004,0.11607557539405759,0.11986053857085527,0.4508768510570715,0.4406308312413977,0.4605216763028591,0.7345421172970023,0.7284699932151735,0.7402073132400493,0.18066696094575482,0.17769316046495254,0.1835984292854077,0.5927094841770368,0.5893617477445161,0.5959337287964945,0.10822708621254608,0.10484754674012464,0.11181523760720095,0.07197259418148319,0.07104116697806424,0.0728633366897679,7794.0,60393.0,8436.0,145016.0,0.11430331294821594,0.4802218114602588,0.7059865926030505,0.1846547496357369,0.5931042020316546,0.1051068942978589
esm2_top28_bilstm_attn,train,1,flexibility_supporting,q8_loop_turn_bend_CTS,segment,apex_any,967,967,0,16731,4902,0.29298906221983145,0.2978225001048204,0.29058356387396156,0.30546759815621166,,,,,,,,,,,,,,,,,,,,,,,,,,,,,,,
esm2_top28_bilstm_attn,train,1,flexibility_supporting,q8_loop_turn_bend_CTS,segment,band_interval_any,967,967,0,16731,7353,0.4394835933297472,0.4135690179748005,0.40461664818538207,0.4218362504683303,,,,,,,,,,,,,,,,,,,,,,,,,,,,,,,
esm2_top28_bilstm_attn,validation,-1,rigidity_supporting,q8_loop_turn_bend_CTS,residue,apex_exact,208,208,208,19379,15,0.0007740337478714072,0.0005446751085669417,0.0002467258158665864,0.0008892993536746211,0.012117189701324317,0.005680462366159481,0.020488220713581286,0.0005446751085669417,0.0002557794365414151,0.0008817364348977155,0.9593228204203824,0.9572939610726087,0.9613168607972409,0.0010367337715027603,0.000501614541203468,0.0016603316541464093,0.4799337477644746,0.4788988088680928,0.48093462806408427,-0.12646820640824424,-0.13144425836819476,-0.12137776734651129,0.41067693071209754,0.3952876050111646,0.42707584844467633,15.0,1097.0,19364.0,26983.0,0.013489208633093525,0.0007740337478714072,0.9609330484330484,0.0014640573910497292,0.4808535410904599,-0.12442839099340519
esm2_top28_bilstm_attn,validation,-1,rigidity_supporting,q8_loop_turn_bend_CTS,residue,band_interval,208,208,208,19379,4181,0.21574900665669022,0.19120300340342133,0.17207646506079174,0.2113154908109993,0.19473167896755506,0.17578858935465902,0.21571852374215691,0.19120300340342133,0.1712736518826321,0.2114950219707591,0.46722442023210375,0.4470312947598404,0.48749501443511994,0.18604459052869723,0.16755963809305727,0.2048419062262804,0.32921371181776254,0.321592412106616,0.3372054982209661,-0.34630183755521887,-0.3618031922551602,-0.3301028026144486,0.41067693071209754,0.39500041110062756,0.42670043627669435,4181.0,15312.0,15198.0,12768.0,0.2144872518339917,0.21574900665669022,0.4547008547008547,0.21511627906976744,0.33522493067877246,-0.3292541167165561
esm2_top28_bilstm_attn,validation,-1,rigidity_supporting,neq_peak,residue,apex_exact,208,208,208,3497,6,0.0017157563625965113,0.00217458823228054,0.0004762865339788417,0.004424629857322164,0.006343482905982906,0.0016025641025641025,0.01295405982905983,0.00217458823228054,0.0004753059440559441,0.004536601219293526,0.9749883189040051,0.9739980515214435,0.9760105320355277,0.003219436813186813,0.0006868131868131868,0.006611292353479849,0.4885814535681427,0.4875179567878018,0.48990146032413456,-0.0387676146939263,-0.042001488994279204,-0.03472500440934899,0.07262432419660286,0.07059386860912145,0.07462607035867383,6.0,1106.0,3491.0,42856.0,0.00539568345323741,0.0017157563625965113,0.9748419089213411,0.002603601648947711,0.4882788326419688,-0.04048780122849103
esm2_top28_bilstm_attn,validation,-1,rigidity_supporting,neq_peak,residue,apex_within1,208,208,208,3497,14,0.004003431512725193,0.0038868964096183635,0.001772030877305199,0.0065231729980764494,0.003841066341066341,0.0017156974969474968,0.00643044744607244,0.0038868964096183635,0.0017368696594077897,0.0065194679780613595,0.9247859120815215,0.9218097072143735,0.9277544256608932,0.003817088156164351,0.0015774456339853183,0.006432773611458786,0.4643364042455699,0.4624707693567133,0.4662559155180958,-0.07164818803521,-0.07471459651808673,-0.06827214996424977,0.07262432419660286,0.07054771901300118,0.07463700403829547,14.0,3322.0,3483.0,40640.0,0.004196642685851319,0.004003431512725193,0.9244347390928529,0.004097760866383726,0.46421908530278905,-0.0731345231050174
esm2_top28_bilstm_attn,validation,-1,rigidity_supporting,neq_peak,residue,apex_within2,208,208,208,3497,34,0.009722619388046897,0.008641227363580905,0.005079986208331997,0.01283614303557773,0.004865173555077401,0.00296109819667512,0.007101724764284859,0.008641227363580905,0.004899657629353029,0.01287770393383165,0.8748100443596526,0.8696327321862666,0.8798851005528595,0.006138549000587517,0.003633488041562021,0.00886605797382462,0.44172563586161673,0.4386910619353034,0.44465703485602776,-0.09339197259832642,-0.09711506092677054,-0.08936153845662288,0.07262432419660286,0.07043257317204923,0.07464205916623715,34.0,5526.0,3463.0,38436.0,0.006115107913669065,0.009722619388046897,0.8743005322778763,0.00750800485812079,0.4420115758329616,-0.09421468817246498
esm2_top28_bilstm_attn,validation,-1,rigidity_supporting,neq_peak,residue,apex_within5,208,208,208,3497,263,0.0752073205604804,0.07207749012895533,0.05976574078706931,0.08479114076997891,0.020331325978114854,0.016832969712796686,0.023836996466307644,0.07207749012895533,0.06024302699729118,0.08462584863640374,0.7291200351437171,0.7184502069690603,0.7395387782899664,0.031163452711310137,0.026197945245811927,0.03652630375398283,0.4005987626363362,0.39322158116775097,0.40762166777627784,-0.1172417289261747,-0.1243712485991595,-0.10946935658884714,0.07262432419660286,0.07059883276499807,0.07461324078358396,263.0,11969.0,3234.0,31993.0,0.021500981033355133,0.0752073205604804,0.7277421409399026,0.033441413948757076,0.4014747307501915,-0.11770030744379777
esm2_top28_bilstm_attn,validation,-1,rigidity_supporting,neq_peak,residue,band_interval,208,208,208,3497,691,0.1975979410923649,0.17373373418369495,0.15159971245992804,0.19644443940412162,0.029222911155511143,0.025899104764133707,0.032681850234176815,0.17373373418369495,0.1513796110161804,0.19790718326278922,0.5883365938462416,0.5710075623768278,0.6073374705466482,0.049406030464546655,0.04362657705474935,0.05514453847185628,0.3810351640149683,0.37303012180763395,0.3893531768046435,-0.1278673012463732,-0.13569934850650253,-0.11945390662873512,0.07262432419660286,0.0705965077088096,0.07463879749637771,691.0,18802.0,2806.0,25160.0,0.0354486225824655,0.1975979410923649,0.5723124516627996,0.060113092648977816,0.38495519637758224,-0.12218813099490222
esm2_top28_bilstm_attn,validation,-1,rigidity_supporting,q8_loop_turn_bend_CTS,segment,apex_any,208,208,0,3587,15,0.004181767493727348,0.0035663056787185545,0.0016268725242295722,0.005895252687175377,,,,,,,,,,,,,,,,,,,,,,,,,,,,,,,
esm2_top28_bilstm_attn,validation,-1,rigidity_supporting,q8_loop_turn_bend_CTS,segment,band_interval_any,208,208,0,3587,1438,0.40089211039866185,0.3733510592526557,0.3435124315032773,0.4053612412075562,,,,,,,,,,,,,,,,,,,,,,,,,,,,,,,
esm2_top28_bilstm_attn,validation,1,flexibility_supporting,q8_loop_turn_bend_CTS,residue,apex_exact,208,208,208,19379,1126,0.05810413334021363,0.0630009496435784,0.05969311651619449,0.0663148344154887,0.9265542016743941,0.908062814088956,0.9445799329543321,0.0630009496435784,0.05964192885052898,0.0665091006760386,0.9964164587644414,0.9954442799075516,0.9972981473377958,0.11697441253779207,0.11123645710306232,0.12303357628394343,0.5297087042040098,0.5277909230064101,0.5315802595008514,0.17531599900768052,0.1665884934737191,0.18415574686474342,0.41067693071209754,0.39546564385936867,0.42601505837744585,1126.0,93.0,18253.0,27987.0,0.9237079573420837,0.05810413334021363,0.9966880341880342,0.10933100301000097,0.527396083764124,0.1702440524732068
esm2_top28_bilstm_attn,validation,1,flexibility_supporting,q8_loop_turn_bend_CTS,residue,band_interval,208,208,208,19379,9541,0.49233706589607307,0.47252244220225503,0.45477199626710424,0.4908084524618314,0.6829068558946189,0.6615790079807765,0.7039010834168502,0.47252244220225503,0.4530939403340308,0.4913865425256369,0.8451333408858316,0.832379949055961,0.8577200379425437,0.5371785237235126,0.522891410107356,0.5520727789597545,0.6588278915440433,0.6501785898891026,0.6674551621793797,0.3437339752598466,0.32625581166890233,0.3603068977367368,0.41067693071209754,0.39538106123828665,0.4264281432558844,9541.0,5053.0,9838.0,23027.0,0.653761819925997,0.49233706589607307,0.8200498575498576,0.5616813351779354,0.6561934617229653,0.3327385270669373
esm2_top28_bilstm_attn,validation,1,flexibility_supporting,neq_peak,residue,apex_exact,208,208,208,3497,265,0.07577923934801258,0.08331036007528524,0.07158045286380077,0.09555142176467586,0.2172940440969287,0.18739853445833013,0.24606464915960108,0.08331036007528524,0.07196498568437881,0.09538064463217905,0.9776751117130894,0.9764567529199802,0.9788234980436696,0.11755723650472787,0.10199008248728654,0.1331497927205288,0.5304927358941873,0.5242260298113348,0.5367013862473169,0.09390507597527538,0.076868710789324,0.11343367533985603,0.07262432419660286,0.07055592936392042,0.07464990358163938,265.0,954.0,3232.0,43008.0,0.21739130434782608,0.07577923934801258,0.9782994404258223,0.11238337574215437,0.5270393398869174,0.08931036251777659
esm2_top28_bilstm_attn,validation,1,flexibility_supporting,neq_peak,residue,apex_within1,208,208,208,3497,713,0.20388904775521877,0.21412867458194468,0.1986894979884727,0.22873590389590667,0.19271542871302486,0.18080586241794178,0.20483051131338392,0.21412867458194468,0.19885737770953799,0.22948164073622185,0.9312084162640039,0.9282768926387706,0.9341842514806856,0.19734547432187208,0.18490468743314623,0.20990023870260374,0.5726685454229743,0.5647655605098393,0.5803196701629003,0.13594457098253684,0.12273460332487177,0.15014834311500141,0.07262432419660286,0.07045045951424839,0.07449941482740631,713.0,2944.0,2784.0,41018.0,0.1949685534591195,0.20388904775521877,0.9330330740184705,0.19932904668716803,0.5684610608868446,0.1341376541477692
esm2_top28_bilstm_attn,validation,1,flexibility_supporting,neq_peak,residue,apex_within2,208,208,208,3497,985,0.2816700028595939,0.2890462732409277,0.27385854546677857,0.30522646915261936,0.15847792698754237,0.15128985854556767,0.16549886274916326,0.2890462732409277,0.27288650465909897,0.30438657569349836,0.8802957504248776,0.8753247013525723,0.8851577935924161,0.19961608385571383,0.19098648760567993,0.20795716477350523,0.5846710118329026,0.5774209467247591,0.5920666444098586,0.1277259140802278,0.11717855389871318,0.13756011855707817,0.07262432419660286,0.07051490164036563,0.07469344699041769,985.0,5110.0,2512.0,38852.0,0.1616078753076292,0.2816700028595939,0.8837632500796142,0.20537948290241867,0.5827166264696041,0.12918474337975686
esm2_top28_bilstm_attn,validation,1,flexibility_supporting,neq_peak,residue,apex_within5,208,208,208,3497,1411,0.40348870460394626,0.41504110195003163,0.39734119230388193,0.43280078710205283,0.10410440298487676,0.1004797732184422,0.10778735982222608,0.41504110195003163,0.3967303533795044,0.43383892175123284,0.7208270834965488,0.7101481197260435,0.7315356476908016,0.1633202413238369,0.1583074138380996,0.168540318785757,0.5679340927232901,0.5603523772861433,0.5757113706977252,0.07656834359251413,0.06873458999385185,0.08374562119519201,0.07262432419660286,0.07067844328365003,0.07465369612619263,1411.0,11976.0,2086.0,31986.0,0.10540076193321879,0.40348870460394626,0.7275829125153541,0.16714048803601042,0.5655358085596502,0.07609475963371651
esm2_top28_bilstm_attn,validation,1,flexibility_supporting,neq_peak,residue,band_interval,208,208,208,3497,1682,0.48098370031455534,0.45929478794451045,0.43860217351304664,0.4792015102463163,0.11938378371860921,0.11499861069542454,0.12379624538439167,0.45929478794451045,0.43879878315345305,0.4795192731651195,0.7313561951365196,0.7188666188604522,0.7430116603401761,0.18524887188091751,0.1788091669642915,0.19155851180187397,0.5953254915405151,0.5875483309924964,0.6028970991781786,0.1099658969685715,0.10160969321779706,0.11825428034954824,0.07262432419660286,0.0706423034530923,0.07461211907384221,1682.0,12912.0,1815.0,31050.0,0.11525284363437029,0.48098370031455534,0.706291797461444,0.1859488143275662,0.5936377488879997,0.10602627603750665
esm2_top28_bilstm_attn,validation,1,flexibility_supporting,q8_loop_turn_bend_CTS,segment,apex_any,208,208,0,3587,1122,0.3127962085308057,0.3295931495526437,0.31408668392270167,0.3457936550689527,,,,,,,,,,,,,,,,,,,,,,,,,,,,,,,
esm2_top28_bilstm_attn,validation,1,flexibility_supporting,q8_loop_turn_bend_CTS,segment,band_interval_any,208,208,0,3587,1649,0.4597156398104265,0.4412876627804669,0.4231324287364962,0.4610852436711667,,,,,,,,,,,,,,,,,,,,,,,,,,,,,,,
esm2_top28_bilstm_attn,test,-1,rigidity_supporting,q8_loop_turn_bend_CTS,residue,apex_exact,208,208,205,19451,15,0.0007711685774510308,0.0007401928876325028,0.0003002075019656748,0.0012571511164791924,0.01864410657093584,0.006684141062189843,0.035684893358673836,0.0007401928876325028,0.0002843159759528018,0.0012819133315779294,0.9607479063079667,0.9589002177806731,0.9625671686377179,0.0014124884599119284,0.0005366379264379326,0.002447468954418728,0.4807440495977996,0.479826610319868,0.4818297010426163,-0.12395811477820529,-0.12944281051011586,-0.11815965192653394,0.4139743765456635,0.39733895735696595,0.4310327450808785,15.0,1111.0,19436.0,26773.0,0.013321492007104795,0.0007711685774510308,0.9601563620714388,0.0014579384749963552,0.48046376532444496,-0.12614989193320164
esm2_top28_bilstm_attn,test,-1,rigidity_supporting,q8_loop_turn_bend_CTS,residue,band_interval,208,208,205,19451,4264,0.21921752095007968,0.18925889536911944,0.17149504798178855,0.20819544618406513,0.19873063067124822,0.18016907145172023,0.21864273503352555,0.18925889536911944,0.1708959017048388,0.20715793507088107,0.4659635024353853,0.4426471641104418,0.4879893595282704,0.1854598709060803,0.16792166642203954,0.20279428095321825,0.3276111989022524,0.3184288133282317,0.3374433143760707,-0.34858943299016715,-0.3659959875479461,-0.32990791121033397,0.4139743765456635,0.3978857292858127,0.4304687983779572,4264.0,15379.0,15187.0,12505.0,0.21707478491065518,0.21921752095007968,0.4484650695739492,0.21814089118534813,0.33384129526201445,-0.3318337293208935
esm2_top28_bilstm_attn,test,-1,rigidity_supporting,neq_peak,residue,apex_exact,208,208,205,3498,1,0.0002858776443682104,0.0001717032967032967,0.0,0.0005151098901098901,0.0006968641114982578,0.0,0.0020905923344947735,0.0001717032967032967,0.0,0.0005151098901098901,0.9753567590270819,0.9743065117767568,0.976414879143839,0.0002747252747252747,0.0,0.0008241758241758242,0.48776423116189255,0.48718396131304403,0.48833297385942176,-0.04205706436182873,-0.043474880359997546,-0.040641875157618704,0.07254445246022237,0.07036675478715791,0.07458032396469619,1.0,1125.0,3497.0,42712.0,0.0008880994671403197,0.0002858776443682104,0.9743367474964072,0.00043252595155709344,0.4873113125703877,-0.04356568327514176
esm2_top28_bilstm_attn,test,-1,rigidity_supporting,neq_peak,residue,apex_within1,208,208,205,3498,14,0.004002287021154946,0.00222725046025967,0.0009231079348016126,0.003815371712377157,0.002339301691034682,0.0010216653977886327,0.004055341374500552,0.00222725046025967,0.0009723755500964552,0.0037575557668690462,0.9262104202064528,0.9229575945373849,0.9295402514020268,0.0022440993773179814,0.0009244411991988395,0.003867830223422873,0.4642188353333563,0.46244190392750256,0.4659619859369084,-0.07291496179193585,-0.07537117426663645,-0.07036139727935445,0.07254445246022237,0.07040385173459175,0.07462419976599756,14.0,3364.0,3484.0,40473.0,0.0041444641799881585,0.004002287021154946,0.9232611720692566,0.004072134962187318,0.46363172954520576,-0.07391611184929515
esm2_top28_bilstm_attn,test,-1,rigidity_supporting,neq_peak,residue,apex_within2,208,208,205,3498,40,0.011435105774728416,0.010550762508796226,0.006459068766065917,0.01504959802737128,0.006441380613396018,0.004150838432000177,0.009027212849196161,0.010550762508796226,0.0064804020862556915,0.015086889977731211,0.8775649538429812,0.8722486513616466,0.8828144930240548,0.007831136913583924,0.004952031307633988,0.011008919514889077,0.4440578581758886,0.44097971008444203,0.4475215748384039,-0.09083853103333145,-0.09506994630596272,-0.08632022845462368,0.07254445246022237,0.0704170257733854,0.07459663432851715,40.0,5590.0,3458.0,38247.0,0.007104795737122558,0.011435105774728416,0.8724821497821476,0.008764241893076249,0.441958627778438,-0.09381012664752789
esm2_top28_bilstm_attn,test,-1,rigidity_supporting,neq_peak,residue,apex_within5,208,208,205,3498,295,0.08433390508862207,0.07328454569251466,0.061686800703228455,0.08515043940848042,0.021244440554453393,0.017920412046039308,0.024603714928825793,0.07328454569251466,0.062044021166052704,0.0852334538371025,0.7348792730221122,0.7235947045521215,0.746030325431156,0.03184560100438623,0.027293236300240345,0.036827610088152316,0.4040819093573135,0.39757646133061336,0.41081352402238736,-0.11469798821565087,-0.12174410543931555,-0.10775953011499792,0.07254445246022237,0.07034500903596523,0.07466543776451931,295.0,12091.0,3203.0,31746.0,0.023817212982399482,0.08433390508862207,0.7241827679813856,0.03714429614706623,0.4042583365350038,-0.11396680286725629
esm2_top28_bilstm_attn,test,-1,rigidity_supporting,neq_peak,residue,band_interval,208,208,205,3498,685,0.19582618639222413,0.17407762309959646,0.1552443273461883,0.19255894850539387,0.031188839621377435,0.028031851976701563,0.034402576380620865,0.17407762309959646,0.15644797108361622,0.19291981918832463,0.5885991459542473,0.5707867988602154,0.607966298425727,0.051378557393320944,0.046368279236120136,0.0566132741430004,0.38133838452692187,0.37340637500073603,0.3891468679382698,-0.12678138318527246,-0.1333978801972435,-0.11982258976950153,0.07254445246022237,0.07045489945236778,0.07471164936690541,685.0,18958.0,2813.0,24879.0,0.03487247365473706,0.19582618639222413,0.5675342746994548,0.05920228166457802,0.3816802305458395,-0.1256424961311109
esm2_top28_bilstm_attn,test,-1,rigidity_supporting,q8_loop_turn_bend_CTS,segment,apex_any,208,208,0,3581,14,0.003909522479754258,0.004784094925457903,0.0017225229750769022,0.008936607316042509,,,,,,,,,,,,,,,,,,,,,,,,,,,,,,,
esm2_top28_bilstm_attn,test,-1,rigidity_supporting,q8_loop_turn_bend_CTS,segment,band_interval_any,208,208,0,3581,1448,0.40435632504886904,0.3684538776946213,0.33936481195703877,0.3970859443241792,,,,,,,,,,,,,,,,,,,,,,,,,,,,,,,
esm2_top28_bilstm_attn,test,1,flexibility_supporting,q8_loop_turn_bend_CTS,residue,apex_exact,208,208,206,19451,1138,0.05850598940928487,0.06237542116790698,0.05876652302207618,0.06610891489596253,0.9292073854751589,0.9087534872790213,0.9476694278565417,0.06237542116790698,0.05863349992526116,0.06613325599564338,0.9972455998462958,0.9965776449895334,0.9978736154556562,0.11575711082092452,0.10946897789944963,0.12232037311191733,0.5298105105071014,0.5279360186628018,0.5318351496181524,0.1767696134779881,0.16848057345150208,0.18562687619884802,0.4139743765456635,0.3982600671746154,0.42981429990235487,1138.0,76.0,18313.0,27808.0,0.9373970345963756,0.05850598940928487,0.9972744226079472,0.11013791434793128,0.527890206008616,0.17360871430574
esm2_top28_bilstm_attn,test,1,flexibility_supporting,q8_loop_turn_bend_CTS,residue,band_interval,208,208,206,19451,9499,0.48835535448048945,0.47980220092822623,0.45905841904462025,0.5003175441687541,0.6796439927867338,0.6578395404938338,0.7024349050626895,0.47980220092822623,0.4596261582740685,0.5004111459012206,0.836878908461332,0.8224818187630084,0.8507450286541577,0.5368955433319501,0.5211231542669212,0.5523471805419174,0.658340554694779,0.6494280267979534,0.6671894006818556,0.3424873450179274,0.32541948196625686,0.3589845814382638,0.4139743765456635,0.39825968431687236,0.43002021783306144,9499.0,5122.0,9952.0,22762.0,0.6496819642979277,0.48835535448048945,0.8163104289198106,0.5575839398919934,0.6523328917001501,0.3244268745406371
esm2_top28_bilstm_attn,test,1,flexibility_supporting,neq_peak,residue,apex_exact,208,208,206,3498,278,0.07947398513436249,0.08668806727446589,0.07391914185299996,0.10136144375020054,0.22900842397816665,0.1985475810045025,0.26084388736582786,0.08668806727446589,0.07343864008107046,0.10042092696253803,0.9784438461723247,0.9772538380239532,0.9796815639431231,0.1225640850761386,0.10601614270899537,0.14028875834591525,0.5325659567233952,0.525954004068999,0.5401006715232325,0.10145720670991953,0.08142793141589946,0.12282431085692976,0.07254445246022237,0.07029612961093558,0.07462363411718255,278.0,936.0,3220.0,42901.0,0.22899505766062603,0.07947398513436249,0.9786481739170108,0.11799660441426146,0.5290610795256866,0.09618632964688054
esm2_top28_bilstm_attn,test,1,flexibility_supporting,neq_peak,residue,apex_within1,208,208,206,3498,716,0.20468839336763864,0.21658490938145955,0.1994816500406169,0.23442724961499595,0.19374628349571732,0.1826532448431693,0.20489020952378273,0.21658490938145955,0.19835666620223094,0.23491543369258494,0.9322490776329495,0.9296439315182015,0.9351143282292242,0.19754871151559497,0.18502492063577938,0.21002535361009647,0.5744169935072045,0.5658678848616447,0.583560976142619,0.13863630864446128,0.12495591527180915,0.1527896997229274,0.07254445246022237,0.07043720415916391,0.07457264142688085,716.0,2926.0,2782.0,40911.0,0.19659527732015375,0.20468839336763864,0.9332527317106554,0.20056022408963586,0.568970562539147,0.13540920116819585
esm2_top28_bilstm_attn,test,1,flexibility_supporting,neq_peak,residue,apex_within2,208,208,206,3498,990,0.2830188679245283,0.297399026435225,0.27884575020998725,0.3159622430918549,0.15939170308920775,0.15322148490708434,0.16561285194339057,0.297399026435225,0.27945884965544937,0.3160231429382109,0.8824673052649279,0.8780646862151426,0.8869936584343813,0.20084475558702392,0.19217112003577805,0.2096521329167449,0.5899331658500764,0.5818247897997693,0.5986094495658199,0.13308852007824087,0.12300239333176645,0.144402732008122,0.07254445246022237,0.07032230541494523,0.07460540561671052,990.0,5080.0,2508.0,38757.0,0.1630971993410214,0.2830188679245283,0.8841161575837763,0.20693979933110368,0.5835675127541523,0.13077132285612497
esm2_top28_bilstm_attn,test,1,flexibility_supporting,neq_peak,residue,apex_within5,208,208,206,3498,1390,0.39736992567181245,0.4130939733149101,0.3920648435815225,0.43394708757815165,0.10218705004164677,0.09911330338187961,0.1052565005329804,0.4130939733149101,0.39210033619619467,0.43471818968263315,0.724378193849219,0.7139000942804447,0.7355715980468178,0.15981707002399081,0.1543775440288137,0.16508028511575124,0.5687360835820645,0.5606405449383955,0.5776532303842701,0.07543431460276835,0.06733759458521782,0.0837266902865399,0.07254445246022237,0.07053602688629092,0.07466465395370658,1390.0,11939.0,2108.0,31898.0,0.10428389226498612,0.39736992567181245,0.727650158541871,0.16521067332263623,0.5625100421068417,0.07271659643650111
esm2_top28_bilstm_attn,test,1,flexibility_supporting,neq_peak,residue,band_interval,208,208,206,3498,1663,0.4754145225843339,0.46719015295779126,0.44555982088191104,0.4900777682875311,0.11615304626869188,0.11226387213949313,0.12039146227126998,0.46719015295779126,0.4456115428075677,0.4898107373571964,0.7230857687544101,0.7095429570177677,0.7358195322550817,0.18056634190218254,0.17391089553203437,0.1870121296350933,0.5951379608561007,0.5874212303145323,0.6034076057897417,0.10778324595210564,0.0996180613465609,0.11569913139256847,0.07254445246022237,0.07038676590884445,0.07454038162637258,1663.0,12958.0,1835.0,30879.0,0.11374051022501881,0.4754145225843339,0.7044049547186166,0.18356421436061593,0.5899097386514753,0.10181498063007546
esm2_top28_bilstm_attn,test,1,flexibility_supporting,q8_loop_turn_bend_CTS,segment,apex_any,208,208,0,3581,1132,0.31611281764870147,0.3251383278705138,0.3101388801299494,0.34125382389733566,,,,,,,,,,,,,,,,,,,,,,,,,,,,,,,
esm2_top28_bilstm_attn,test,1,flexibility_supporting,q8_loop_turn_bend_CTS,segment,band_interval_any,208,208,0,3581,1608,0.4490365819603463,0.4371908756348807,0.41703593175841835,0.45902645304087686,,,,,,,,,,,,,,,,,,,,,,,,,,,,,,,
esm3_frozen_bilstm_attn,train,-1,rigidity_supporting,q8_loop_turn_bend_CTS,residue,apex_exact,967,967,942,92205,115,0.0012472208665473673,0.0011709807966932986,0.0009077771192006103,0.0014537175363153172,0.02672462181815804,0.019905331146122956,0.034383276304010994,0.0011709807966932986,0.000907771848233553,0.001467076864828444,0.9584483771717371,0.957416115478047,0.9594304400556408,0.0022227660939710204,0.0017252244116131162,0.002773492241132365,0.47980967898421517,0.47926925271099674,0.48034384636148475,-0.12668288958770887,-0.12934604842309758,-0.12400392047322407,0.41236833872113504,0.40468193880297265,0.4201248713997908,115.0,5477.0,92090.0,123957.0,0.020565092989985694,0.0012472208665473673,0.9576849977594759,0.0023518103827315767,0.47946610931301165,-0.12907584069981676
esm3_frozen_bilstm_attn,train,-1,rigidity_supporting,q8_loop_turn_bend_CTS,residue,band_interval,967,967,942,92205,28131,0.3050919147551651,0.24077067795002532,0.22905060795417342,0.25304580617044825,0.2268152948962854,0.21630226437758487,0.2368248877807096,0.24077067795002532,0.22909780496241483,0.25231261068402966,0.45050309805488437,0.43822698880263117,0.463004166861725,0.22076434616231394,0.21081994565772666,0.23058584737191604,0.3456368880024549,0.34120830174794897,0.3500405253401414,-0.31945631030861166,-0.3271838064110881,-0.31127556773864634,0.41236833872113504,0.4044931790211004,0.4197616946806398,28131.0,76042.0,64074.0,53392.0,0.270041181496165,0.3050919147551651,0.412503669824003,0.28649848761062846,0.3587977922895841,-0.27889403738863067
esm3_frozen_bilstm_attn,train,-1,rigidity_supporting,neq_peak,residue,apex_exact,967,967,942,16230,13,0.0008009858287122613,0.0006144302933009258,0.00026835187556239516,0.0010880467671723917,0.001646212951945436,0.0007419939844302901,0.0027282450829425337,0.0006144302933009258,0.0002592291447080402,0.0010568651912664139,0.9738467602764661,0.9732919412972223,0.9743807153134979,0.0008788589817141187,0.00037937714847118085,0.0014351792847755174,0.48723059528488355,0.48690784076811405,0.48759041571920286,-0.04304396084876127,-0.04385190744726707,-0.04217730202675781,0.07197259418148319,0.0710058463277313,0.07290338353758037,13.0,5579.0,16217.0,199830.0,0.002324749642346209,0.0008009858287122613,0.972839554255169,0.0011914581614884063,0.4868202700419406,-0.04378726306065553
esm3_frozen_bilstm_attn,train,-1,rigidity_supporting,neq_peak,residue,apex_within1,967,967,942,16230,56,0.003450400492914356,0.0029536725207754276,0.0020314727987859097,0.0039944680462651126,0.003082885208681387,0.0020578335765437674,0.004249511791974637,0.0029536725207754276,0.002057798131785161,0.003989600725607005,0.9216445201777029,0.9200393286010172,0.9231808385095432,0.0029305092616303584,0.001994900565842384,0.003947708245290917,0.4622990963492391,0.4613649172594492,0.463204801880577,-0.07525225788062215,-0.07658676230387503,-0.07380962478746372,0.07197259418148319,0.07098789950130263,0.07289206529161016,56.0,16720.0,16174.0,188689.0,0.0033381020505484026,0.003450400492914356,0.9186014244750716,0.0033933224262255347,0.461025912483993,-0.0767713138172872
esm3_frozen_bilstm_attn,train,-1,rigidity_supporting,neq_peak,residue,apex_within2,967,967,942,16230,138,0.008502772643253234,0.007356319272843284,0.005830037824455965,0.008893333304263808,0.004547077095503472,0.003598465444086463,0.00553844138390785,0.007356319272843284,0.005939761265224546,0.008967385327308368,0.8696200640057618,0.8670442197331164,0.8722911522286816,0.00544493022467474,0.0043416730785448485,0.006689647148017043,0.4384881916393025,0.4370434220546459,0.44000241361901526,-0.09791926012556236,-0.09980053790127241,-0.09602255314703961,0.07197259418148319,0.0710151550470081,0.07290734694404247,138.0,27822.0,16092.0,177587.0,0.004935622317596567,0.008502772643253234,0.8645531597933879,0.0062457569585879155,0.4365279662183206,-0.0996028013949189
esm3_frozen_bilstm_attn,train,-1,rigidity_supporting,neq_peak,residue,apex_within5,967,967,942,16230,1587,0.0977818853974122,0.08692215127263543,0.08059554990348108,0.09339504345858506,0.024302270658249553,0.02247950154729134,0.02612536987601137,0.08692215127263543,0.08081856915277284,0.09374286915890535,0.7192371880886644,0.7140048839550086,0.7249375892365986,0.0365863981217529,0.0339968796847226,0.03926492436086664,0.4030796696806499,0.3997212702191664,0.40628309932324397,-0.11410256344417867,-0.11772300918661625,-0.11024341147242396,0.07197259418148319,0.07108149528900307,0.07288080920705983,1587.0,59913.0,14643.0,145496.0,0.025804878048780486,0.0977818853974122,0.7083233938142924,0.04083365495947511,0.4030526396058523,-0.1128103287114996
esm3_frozen_bilstm_attn,train,-1,rigidity_supporting,neq_peak,residue,band_interval,967,967,942,16230,4634,0.28552064078866296,0.22691799446384422,0.21481155056294848,0.2385205868502947,0.03590059137222193,0.03427771905488075,0.03762515868826305,0.22691799446384422,0.21463807942376079,0.23898878643476354,0.559697475505765,0.5492528793862018,0.5705730239658577,0.05959486152403216,0.0568304392019759,0.06257996474006047,0.3933077349848046,0.38939819847713203,0.3971047689134861,-0.11728944529752436,-0.12110437019925493,-0.11332699824174382,0.07197259418148319,0.07107303139747545,0.072899332749089,4634.0,99539.0,11596.0,105870.0,0.04448369539132021,0.28552064078866296,0.5154107171545551,0.07697482620864929,0.400465678971609,-0.1039054128394301
esm3_frozen_bilstm_attn,train,-1,rigidity_supporting,q8_loop_turn_bend_CTS,segment,apex_any,967,967,0,16731,110,0.006574621959237344,0.008537354395117405,0.006123189351875823,0.01123969063121645,,,,,,,,,,,,,,,,,,,,,,,,,,,,,,,
esm3_frozen_bilstm_attn,train,-1,rigidity_supporting,q8_loop_turn_bend_CTS,segment,band_interval_any,967,967,0,16731,7897,0.47199808738270277,0.40657004983380624,0.39087035603485404,0.4223055708026449,,,,,,,,,,,,,,,,,,,,,,,,,,,,,,,
esm3_frozen_bilstm_attn,train,1,flexibility_supporting,q8_loop_turn_bend_CTS,residue,apex_exact,967,967,962,92205,5573,0.060441407732769376,0.06495701045522832,0.06326724107770862,0.06662910803163719,0.9245578444155745,0.9151722401304682,0.9335734750293843,0.06495701045522832,0.06333121436395923,0.06673605613042143,0.9966771843393781,0.9962697478904601,0.997049703313513,0.12022333286973787,0.11741314477315408,0.12322686600957083,0.5308170973973032,0.5299134970323824,0.5317565328967607,0.17863007988958118,0.1747147615417865,0.18264655822780734,0.41236833872113504,0.40485254212919236,0.4205924860710162,5573.0,438.0,86632.0,128996.0,0.9271335884212277,0.060441407732769376,0.9966160359720012,0.11348456463305368,0.5285287218523853,0.17313616418514655
esm3_frozen_bilstm_attn,train,1,flexibility_supporting,q8_loop_turn_bend_CTS,residue,band_interval,967,967,962,92205,44014,0.47734938452361586,0.4599186094895787,0.450567045017448,0.46946035303662575,0.6828760292507494,0.6726053827567984,0.6935485384130144,0.4599186094895787,0.45087447711972806,0.4691378639902215,0.8420446529146103,0.8355591304213177,0.8488697987330422,0.5239604908819429,0.5169312213436648,0.5310165776362711,0.6509816312020945,0.6469883552235567,0.6550605812627301,0.3320429115739482,0.32411856096744185,0.34033706564202876,0.41236833872113504,0.40468240648137865,0.4201489985058711,44014.0,25107.0,48191.0,104327.0,0.6367674078789369,0.47734938452361586,0.806024692121081,0.5456529015781709,0.6416870383223484,0.3015060168473685
esm3_frozen_bilstm_attn,train,1,flexibility_supporting,neq_peak,residue,apex_exact,967,967,962,16230,1300,0.08009858287122612,0.08109300471964508,0.07551688809128088,0.08671513694620325,0.2075442321198557,0.19434925742497033,0.22100116540695233,0.08109300471964508,0.07545885200871395,0.08642989449830903,0.9767243088788737,0.9761658693743734,0.9772842781343993,0.11443512848923809,0.10717448139391965,0.12179566779296909,0.5289086567992594,0.526211979795754,0.5318333374714261,0.08920760691308284,0.08094606197660045,0.09784696893727372,0.07197259418148319,0.07107074495840543,0.07289558705350961,1300.0,4711.0,14930.0,200698.0,0.21627017135252039,0.08009858287122612,0.9770652697788315,0.11690121847039252,0.5285819263250288,0.09167787617366523
esm3_frozen_bilstm_attn,train,1,flexibility_supporting,neq_peak,residue,apex_within1,967,967,962,16230,3511,0.21632778804682687,0.2206992548700295,0.21238985776173103,0.2290447010796006,0.18815383287193346,0.18255455160779893,0.19373246263106003,0.2206992548700295,0.21222827452538964,0.22915190715281739,0.928089462927684,0.9267057535399307,0.9294610179905104,0.1977189974906799,0.19146583787121144,0.2038230423591279,0.5743943588988568,0.5703021826436583,0.5785293320048495,0.13621134662328088,0.12975725540911826,0.14269792198967146,0.07197259418148319,0.07099369673154983,0.07288487361266775,3511.0,14522.0,12719.0,190887.0,0.19469860810735873,0.21632778804682687,0.9293020266882172,0.2049441088054169,0.572814907367522,0.13876821878646828
esm3_frozen_bilstm_attn,train,1,flexibility_supporting,neq_peak,residue,apex_within2,967,967,962,16230,4894,0.3015403573629082,0.30579112552040644,0.2977927405244724,0.3136932685458968,0.15870057910274007,0.15552756735062834,0.16177603920198197,0.30579112552040644,0.2977182321067427,0.3142550316357474,0.8755798457812229,0.873139016789591,0.8779414408113277,0.20373160601743798,0.19958915750256406,0.20787190735172445,0.5906854856508146,0.5867404172682823,0.594321047782856,0.1340756217519844,0.12897311533070588,0.1389238136237041,0.07197259418148319,0.07105562426191835,0.07295099507156651,4894.0,25161.0,11336.0,180248.0,0.16283480286142074,0.3015403573629082,0.8775078015082104,0.21147239926542077,0.5895240794355593,0.13623881868960283
esm3_frozen_bilstm_attn,train,1,flexibility_supporting,neq_peak,residue,apex_within5,967,967,962,16230,6921,0.4264325323475046,0.4276218913385592,0.4191450352318719,0.43664753184830424,0.10244975017617619,0.10089227972012305,0.10401166349470299,0.4276218913385592,0.41871160418494413,0.43622152288803295,0.7102077371459403,0.7045614228078714,0.7154350836732334,0.16220714986017643,0.15985001661067216,0.16464395378041077,0.5689148142422498,0.5652768722746012,0.5725513831311354,0.07685529052137077,0.0734362495013842,0.08034611452557368,0.07197259418148319,0.07101867299693038,0.07290901708746793,6921.0,58855.0,9309.0,146554.0,0.1052207492094381,0.4264325323475046,0.7134740931507383,0.16879252737604566,0.5699533127491214,0.07978146933577888
esm3_frozen_bilstm_attn,train,1,flexibility_supporting,neq_peak,residue,band_interval,967,967,962,16230,7827,0.4822550831792976,0.4560195580958007,0.4462313352701234,0.4663730609295823,0.12002804424675723,0.11790594093377811,0.12218488191525452,0.4560195580958007,0.44609762150253185,0.465918494772869,0.7338280272905117,0.7275547710043817,0.7400109957163198,0.18444628839326901,0.18146244044150664,0.18736158503890427,0.5949237926931561,0.5914296147973528,0.5985704295762204,0.11098168114531803,0.10711908673973143,0.11496154788139448,0.07197259418148319,0.07102221321923581,0.07289069523326021,7827.0,61294.0,8403.0,144115.0,0.11323620896688416,0.4822550831792976,0.701600221996115,0.18340734144884066,0.5919276525877063,0.10339025416464596
esm3_frozen_bilstm_attn,train,1,flexibility_supporting,q8_loop_turn_bend_CTS,segment,apex_any,967,967,0,16731,5515,0.329627637319945,0.34299316321123585,0.3351005450780385,0.3504951326825589,,,,,,,,,,,,,,,,,,,,,,,,,,,,,,,
esm3_frozen_bilstm_attn,train,1,flexibility_supporting,q8_loop_turn_bend_CTS,segment,band_interval_any,967,967,0,16731,7900,0.47217739525431834,0.4509787474997577,0.44160858702267286,0.46025409912925247,,,,,,,,,,,,,,,,,,,,,,,,,,,,,,,
esm3_frozen_bilstm_attn,validation,-1,rigidity_supporting,q8_loop_turn_bend_CTS,residue,apex_exact,208,208,206,19379,24,0.0012384539965942516,0.0011221313987449773,0.0006548282868974712,0.0016618085887164069,0.026817498844197873,0.015301351325319769,0.040113461242102015,0.0011221313987449773,0.0006175330181287191,0.0016822807710735732,0.9576907178108832,0.9557269819124642,0.9596537781776354,0.0021410512620497453,0.00121477725711196,0.003221895864322751,0.47940642460481403,0.4784125580570027,0.48038019103453006,-0.12680550798771004,-0.1318363977437913,-0.12164277136451818,0.41067693071209754,0.3943395799762933,0.42629981867001104,24.0,1158.0,19355.0,26922.0,0.02030456852791878,0.0012384539965942516,0.9587606837606838,0.0023345168036574097,0.47999956887863904,-0.12616597526208057
esm3_frozen_bilstm_attn,validation,-1,rigidity_supporting,q8_loop_turn_bend_CTS,residue,band_interval,208,208,206,19379,5070,0.26162340678053564,0.23318933017814855,0.2083133589627915,0.2574293520901577,0.21563740811831808,0.19480688897485593,0.2376476618209687,0.23318933017814855,0.20857810550323075,0.25795058816646,0.44783236294669315,0.4240458185808754,0.47184633289568184,0.2156648646163632,0.19481497597625871,0.23621273049493152,0.34051084656242087,0.331785790796995,0.3494607472915301,-0.3276266094399337,-0.34402536732765654,-0.31148083366986706,0.41067693071209754,0.3948161862613783,0.42592760848189104,5070.0,15691.0,14309.0,12389.0,0.24420788979336255,0.26162340678053564,0.4412037037037037,0.2526158445440957,0.3514135552421197,-0.29444889007717806
esm3_frozen_bilstm_attn,validation,-1,rigidity_supporting,neq_peak,residue,apex_exact,208,208,206,3497,1,0.00028595939376608524,0.0004807692307692308,0.0,0.0014423076923076926,0.0009708737864077671,0.0,0.0029126213592233015,0.0004807692307692308,0.0,0.0014423076923076926,0.9733638503863709,0.9722980306469098,0.9744581515395343,0.000641025641025641,0.0,0.0019230769230769232,0.48692230980857004,0.4862652538307011,0.48770461450649133,-0.04352253861937729,-0.045133803035981995,-0.04151913282237861,0.07262432419660286,0.07037357151959138,0.07456337831544102,1.0,1181.0,3496.0,42781.0,0.0008460236886632825,0.00028595939376608524,0.9731358900868933,0.00042744176106005556,0.4867109247403297,-0.044557411880118844
esm3_frozen_bilstm_attn,validation,-1,rigidity_supporting,neq_peak,residue,apex_within1,208,208,206,3497,14,0.004003431512725193,0.0035504100713913086,0.0014226503437963884,0.006161351955002116,0.00383212616222325,0.0015203613807982738,0.006561456567524526,0.0035504100713913086,0.001549863196549619,0.006427463956027913,0.9202865931265658,0.9170531918492679,0.9236681305679523,0.0035903353362332943,0.0013735774973729013,0.006224088732150256,0.4619185015989787,0.45996183201717555,0.46399550752424445,-0.07481857172033957,-0.0782936924226015,-0.071150313165912,0.07262432419660286,0.07060535012165581,0.07456860820572947,14.0,3532.0,3483.0,40430.0,0.003948110547095319,0.004003431512725193,0.9196578863563987,0.003975578588669601,0.46183065893456193,-0.07585169251564068
esm3_frozen_bilstm_attn,validation,-1,rigidity_supporting,neq_peak,residue,apex_within2,208,208,206,3497,34,0.009722619388046897,0.008330557631060106,0.005143480395696518,0.011712081793048017,0.004996960016948595,0.0030986179408509507,0.0072611664146501375,0.008330557631060106,0.005285154195521861,0.012022092132817769,0.8673569886895548,0.8622011080245027,0.8725479803860727,0.006088823459516728,0.003756011686828698,0.008920038719569185,0.43784377316030754,0.4347624995934329,0.44097174211632933,-0.09756912244613042,-0.10159452204652035,-0.09337369957623322,0.07262432419660286,0.07049569895565751,0.07463790711869289,34.0,5876.0,3463.0,38086.0,0.005752961082910322,0.009722619388046897,0.8663391110504527,0.007228659508876368,0.4380308652192498,-0.0980658816221453
esm3_frozen_bilstm_attn,validation,-1,rigidity_supporting,neq_peak,residue,apex_within5,208,208,206,3497,316,0.09036316843008292,0.08835225852669588,0.07569623461762556,0.10231930013539714,0.023443775785619406,0.01972981807885402,0.027263059681580264,0.08835225852669588,0.07489315744269959,0.1033707412067177,0.7141991844908456,0.7031115622698082,0.7252446117690636,0.0362942987868575,0.030746212096751716,0.042357599678485805,0.4012757215087708,0.3936426470802431,0.40871598472895354,-0.11534647027519263,-0.1229418730868403,-0.10747528812558327,0.07262432419660286,0.07053644590109542,0.07460865649371902,316.0,12683.0,3181.0,31279.0,0.02430956227402108,0.09036316843008292,0.7115008416359583,0.03831231813773036,0.4009320050330206,-0.11607462726823271
esm3_frozen_bilstm_attn,validation,-1,rigidity_supporting,neq_peak,residue,band_interval,208,208,206,3497,862,0.24649699742636547,0.22177105496354146,0.1940655681800424,0.25091028272502297,0.03435578830403754,0.030697676034967702,0.03803518721982703,0.22177105496354146,0.19425299198970816,0.25016659866377006,0.5605940695191014,0.537731329477091,0.5834730921126594,0.05809639476706606,0.0519192275096363,0.06448626863392665,0.3911825622413214,0.38313527332065817,0.3995799643892024,-0.11864624510787584,-0.1270582527967605,-0.11011124340768749,0.07262432419660286,0.0706873466720161,0.07456446283387778,862.0,19899.0,2635.0,24063.0,0.0415201579885362,0.24649699742636547,0.5473590828442746,0.07106933795036689,0.39692804013532,-0.10856593281092428
esm3_frozen_bilstm_attn,validation,-1,rigidity_supporting,q8_loop_turn_bend_CTS,segment,apex_any,208,208,0,3587,24,0.006690827989963758,0.00810494812096823,0.0045614344920792095,0.012351342331876998,,,,,,,,,,,,,,,,,,,,,,,,,,,,,,,
esm3_frozen_bilstm_attn,validation,-1,rigidity_supporting,q8_loop_turn_bend_CTS,segment,band_interval_any,208,208,0,3587,1511,0.42124337886813495,0.4105459571326169,0.37526975587527805,0.444379263442243,,,,,,,,,,,,,,,,,,,,,,,,,,,,,,,
esm3_frozen_bilstm_attn,validation,1,flexibility_supporting,q8_loop_turn_bend_CTS,residue,apex_exact,208,208,207,19379,1184,0.06109706383198307,0.06525084710737758,0.06239973441546941,0.06811024420880749,0.9305237080812528,0.9146665359442427,0.946114914378981,0.06525084710737758,0.06244571215138654,0.06837981618193875,0.9965072041803639,0.995593559965004,0.9973630949258216,0.12106974496384026,0.1162215146281987,0.1259708692692376,0.5308790256438707,0.5293495691815123,0.5325256121071233,0.180244157015551,0.17275347569034666,0.187463164629874,0.41067693071209754,0.3949374811262248,0.427172777654344,1184.0,90.0,18195.0,27990.0,0.9293563579277865,0.06109706383198307,0.9967948717948718,0.11465646637292402,0.5289459678134274,0.17605449408129506
esm3_frozen_bilstm_attn,validation,1,flexibility_supporting,q8_loop_turn_bend_CTS,residue,band_interval,208,208,207,19379,9760,0.5036379586149956,0.4746277191498783,0.4557664021144695,0.49392658139152085,0.6755980139365164,0.654289305659537,0.6963200255728734,0.4746277191498783,0.4556042405504157,0.49475116518492634,0.826470523114809,0.810129817826624,0.8437701781433065,0.5328058193406549,0.517927572153466,0.546554325548135,0.6505491211323435,0.6420446072115825,0.658600833550638,0.33060220868188467,0.31361793699598445,0.3482390354178765,0.41067693071209754,0.39544487765302505,0.4258597099212988,9760.0,5878.0,9619.0,22202.0,0.6241207315513493,0.5036379586149956,0.7906695156695157,0.5574435274295342,0.6471537371422557,0.30776413515213263
esm3_frozen_bilstm_attn,validation,1,flexibility_supporting,neq_peak,residue,apex_exact,208,208,207,3497,273,0.07806691449814127,0.0774956427749472,0.06708096118898249,0.08807915679779892,0.20047730875735986,0.17409093520266797,0.22628049530116875,0.0774956427749472,0.06754935948447686,0.08804246921888312,0.9760533258747829,0.97484100123798,0.9773029603609927,0.1095500648911118,0.09585984723241245,0.12394396283172744,0.526774484324865,0.521376074005953,0.5324712634370512,0.08316191582026058,0.06694431028871924,0.09971195008324192,0.07262432419660286,0.0706166442551258,0.07463961623353545,273.0,1001.0,3224.0,42961.0,0.21428571428571427,0.07806691449814127,0.9772303352895683,0.11444141689373297,0.5276486248938548,0.08938299060127664
esm3_frozen_bilstm_attn,validation,1,flexibility_supporting,neq_peak,residue,apex_within1,208,208,207,3497,764,0.2184729768372891,0.2274331628946072,0.21257207441005913,0.2423473400710249,0.20036342205992674,0.1882472586918097,0.2123216349289097,0.2274331628946072,0.21214376960852366,0.24363228725212702,0.9278176540728652,0.9246206270442899,0.9308396654392851,0.2080339837093083,0.1955331304772022,0.21999736782807838,0.5776254084837362,0.5696686244621955,0.5854004873554839,0.14584881985858938,0.13219677214473866,0.15874122041645375,0.07262432419660286,0.07058984477740755,0.07452280536316964,764.0,3058.0,2733.0,40904.0,0.1998953427524856,0.2184729768372891,0.9304399253901097,0.20877169012160132,0.5744564511136994,0.14297038306703339
esm3_frozen_bilstm_attn,validation,1,flexibility_supporting,neq_peak,residue,apex_within2,208,208,207,3497,1031,0.2948241349728339,0.305217442009444,0.2883881616917971,0.32187032570300766,0.1590530050291346,0.15214404943592924,0.16566375256677898,0.305217442009444,0.28736350583387166,0.32274147636122286,0.8738839962865449,0.8688971758095471,0.8790985324235004,0.20420084072211206,0.19527579855462932,0.2128250983267695,0.5895507191479946,0.5812495721693538,0.5973273713942102,0.13294665875820594,0.12270251878996903,0.1437182626772372,0.07262432419660286,0.07069474767941032,0.07461796715269003,1031.0,5339.0,2466.0,38623.0,0.1618524332810047,0.2948241349728339,0.8785542059050998,0.20897942637073072,0.5866891704389668,0.13287671343598084
esm3_frozen_bilstm_attn,validation,1,flexibility_supporting,neq_peak,residue,apex_within5,208,208,207,3497,1427,0.4080640549042036,0.4127174550494139,0.39515177935461654,0.43046412086464986,0.09971285158932962,0.09621834553024801,0.10326709572789247,0.4127174550494139,0.3956223306988157,0.42954934369805164,0.7060934479343709,0.6943419396500976,0.7174387491440037,0.15781683088800136,0.1524417676237601,0.16289108444516529,0.5594054514918925,0.5527440379035887,0.5656164352238642,0.06709920175374465,0.05966989027814764,0.07471926997712376,0.07262432419660286,0.07067916247244893,0.07454951975878235,1427.0,12486.0,2070.0,31476.0,0.10256594551857974,0.4080640549042036,0.7159819844411083,0.16392877656519242,0.5620230196726559,0.07119322646088326
esm3_frozen_bilstm_attn,validation,1,flexibility_supporting,neq_peak,residue,band_interval,208,208,207,3497,1729,0.4944237918215613,0.4644823597985032,0.4430464316197448,0.4845146081166833,0.11963416138925334,0.11496066876117961,0.12421125639979917,0.4644823597985032,0.44309105924118447,0.48514949872106455,0.7184090990484991,0.7024891139040126,0.7347491664496644,0.18458263909174508,0.17764746664807976,0.19088566698918003,0.5914457294235012,0.5839665582809214,0.5992987333731149,0.10783663746105052,0.09846002385547901,0.11663936088060524,0.07262432419660286,0.0705227419564872,0.07469339484715729,1729.0,13909.0,1768.0,30053.0,0.11056401074306177,0.4944237918215613,0.6836131204221828,0.180715965508231,0.5890184561218721,0.09895758190847162
esm3_frozen_bilstm_attn,validation,1,flexibility_supporting,q8_loop_turn_bend_CTS,segment,apex_any,208,208,0,3587,1174,0.3272930025090605,0.3429254736388941,0.32767525150707366,0.35751961103671964,,,,,,,,,,,,,,,,,,,,,,,,,,,,,,,
esm3_frozen_bilstm_attn,validation,1,flexibility_supporting,q8_loop_turn_bend_CTS,segment,band_interval_any,208,208,0,3587,1775,0.4948424867577363,0.46512418333608685,0.44482228885022834,0.4861008684600663,,,,,,,,,,,,,,,,,,,,,,,,,,,,,,,
esm3_frozen_bilstm_attn,test,-1,rigidity_supporting,q8_loop_turn_bend_CTS,residue,apex_exact,208,208,208,19451,26,0.00133669220091512,0.0011747962581961713,0.0006280904223512745,0.0018425874546320036,0.02998501624067235,0.014480639866669276,0.049161389570396896,0.0011747962581961713,0.0006229903965329665,0.0018143697585829574,0.9567382620228272,0.9548427002764981,0.9586282559697294,0.002249271812389695,0.001171241752137155,0.0034836809631895484,0.4789565291405116,0.47785013369282797,0.48002780126807637,-0.12769642022398162,-0.1333969142806721,-0.1215497764491634,0.4139743765456635,0.3968477896110715,0.4299973042779193,26.0,1183.0,19425.0,26701.0,0.021505376344086023,0.00133669220091512,0.9575742361210731,0.0025169409486931267,0.4794554641609941,-0.1281411996727204
esm3_frozen_bilstm_attn,test,-1,rigidity_supporting,q8_loop_turn_bend_CTS,residue,band_interval,208,208,208,19451,5217,0.2682124312374685,0.24529163768718412,0.22213768586584953,0.2695386749147261,0.2228620722609339,0.20299478153494968,0.24350944755599216,0.24529163768718412,0.2185742208827135,0.26922612093384934,0.43046858523366754,0.40681831446516187,0.4532963288078686,0.22535607922676615,0.2049731749962359,0.24668978273063932,0.33788011146042574,0.3285356090753569,0.34683130013855396,-0.32567946033420203,-0.34382861651236907,-0.3084375742003375,0.4139743765456635,0.39740221179214624,0.4305957583196062,5217.0,15711.0,14234.0,12173.0,0.24928325688073394,0.2682124312374685,0.43655859991392915,0.2584016444191288,0.35238551557569886,-0.29247185361777905
esm3_frozen_bilstm_attn,test,-1,rigidity_supporting,neq_peak,residue,apex_exact,208,208,208,3498,5,0.001429388221841052,0.0008415645994392678,0.00016578249336870026,0.0017441392818547976,0.0027243589743589742,0.0005862713675213676,0.005503472222222214,0.0008415645994392678,0.00016578249336870026,0.0017504195926568266,0.9727923570865962,0.9718704731954336,0.973741502258864,0.0012727929143591793,0.00023169601482854495,0.0026468423644628427,0.48681696084301773,0.48624163742843163,0.48745940840493285,-0.04295381402050598,-0.04474385094507922,-0.04090070724128596,0.07254445246022237,0.0703786935976996,0.07469085593279752,5.0,1204.0,3493.0,42633.0,0.0041356492969396195,0.001429388221841052,0.9725346168761548,0.0021244954323348204,0.4869820025489979,-0.043173618076847546
esm3_frozen_bilstm_attn,test,-1,rigidity_supporting,neq_peak,residue,apex_within1,208,208,208,3498,17,0.004859919954259577,0.004028851774765843,0.0020724658371790335,0.006195931115743943,0.0044412941047556435,0.0021896572978303747,0.007183493589743588,0.004028851774765843,0.0019869569942857937,0.006162266086492618,0.9185163493845329,0.9156623151939501,0.921420388794515,0.004175137186804196,0.0021104512862119783,0.0064724915892408795,0.46127260057964936,0.45950573084503527,0.46304588037246375,-0.07475911751621761,-0.07803099791135017,-0.07154338806339064,0.07254445246022237,0.07021231652369588,0.07460397913170243,17.0,3610.0,3481.0,40227.0,0.0046870692031982355,0.004859919954259577,0.917649474188471,0.004771929824561404,0.4612546970713653,-0.07621231024236019
esm3_frozen_bilstm_attn,test,-1,rigidity_supporting,neq_peak,residue,apex_within2,208,208,208,3498,42,0.012006861063464836,0.011811926724684266,0.007622710399131418,0.01608581854226391,0.0062838523655831344,0.0042827138139638135,0.008504525522554362,0.011811926724684266,0.007616607321630868,0.016136226982973324,0.8645738924562043,0.8600252572271273,0.8690162256310688,0.008025437212555418,0.005375580427169431,0.010973942226220642,0.43819290959044427,0.43547882498116386,0.4409691643017614,-0.0958851518345655,-0.09964748777598763,-0.0917933408836248,0.07254445246022237,0.07040395785949255,0.07471187804742653,42.0,6003.0,3456.0,37834.0,0.006947890818858561,0.012006861063464836,0.8630608846408285,0.008802263439170073,0.4375338728521467,-0.09792290700633001
esm3_frozen_bilstm_attn,test,-1,rigidity_supporting,neq_peak,residue,apex_within5,208,208,208,3498,351,0.10034305317324185,0.09383179810968369,0.0810133913314911,0.10668849978219097,0.024808413368933732,0.02144628149649553,0.028250256356006302,0.09383179810968369,0.08152285460058542,0.10722825898391751,0.70798257519503,0.6984534122239232,0.7176151566292174,0.03864739397707739,0.03366522063780541,0.043990710741427914,0.40090718665235686,0.394731999645215,0.406819879442259,-0.11351206383417464,-0.12018485624405598,-0.1069087914149697,0.07254445246022237,0.07043867868089182,0.0746306151129498,351.0,12943.0,3147.0,30894.0,0.026402888521137355,0.10034305317324185,0.7047471314186646,0.04180562172463077,0.40254509229595326,-0.11345797642151662
esm3_frozen_bilstm_attn,test,-1,rigidity_supporting,neq_peak,residue,band_interval,208,208,208,3498,870,0.24871355060034306,0.23062443692341905,0.2039485818119678,0.25697853516529445,0.03498977638037385,0.03160786845111345,0.03834893396535802,0.23062443692341905,0.20479247362214875,0.25623648032746055,0.5479180378700698,0.5272542266350434,0.5670184892370259,0.05989068975199547,0.05406016373624575,0.06567992663471764,0.38927123739674446,0.38182571337932736,0.3973044157580715,-0.11822351239610968,-0.1256654600360413,-0.11064270996708839,0.07254445246022237,0.07038197911046867,0.07467839613243005,870.0,20058.0,2628.0,23779.0,0.04157110091743119,0.24871355060034306,0.5424413166959418,0.0712355686563498,0.3955774336481424,-0.11000977524056497
esm3_frozen_bilstm_attn,test,-1,rigidity_supporting,q8_loop_turn_bend_CTS,segment,apex_any,208,208,0,3581,26,0.007260541748115051,0.01001496498634611,0.0046604429899683095,0.01697120290657722,,,,,,,,,,,,,,,,,,,,,,,,,,,,,,,
esm3_frozen_bilstm_attn,test,-1,rigidity_supporting,q8_loop_turn_bend_CTS,segment,band_interval_any,208,208,0,3581,1551,0.4331192404356325,0.41996550281812883,0.3857340987072233,0.45096862650461644,,,,,,,,,,,,,,,,,,,,,,,,,,,,,,,
esm3_frozen_bilstm_attn,test,1,flexibility_supporting,q8_loop_turn_bend_CTS,residue,apex_exact,208,208,207,19451,1199,0.06164207495758573,0.0649570810884936,0.06168043965381761,0.06863778299459933,0.9241669022146431,0.9049984084542907,0.9423340182637925,0.0649570810884936,0.06148756309952088,0.06831151232118411,0.9967004637440176,0.9958607282389343,0.9974582207876559,0.12042504293949562,0.11483084732151085,0.12616222228882837,0.5308287724162556,0.5290527376374885,0.5326432071052595,0.17841058613123487,0.17009565825718526,0.18692571680236983,0.4139743765456635,0.3972410796175153,0.4297155840525819,1199.0,92.0,18252.0,27792.0,0.9287374128582494,0.06164207495758573,0.9967006168411993,0.1156108379134124,0.5291713458993925,0.1762322243562278
esm3_frozen_bilstm_attn,test,1,flexibility_supporting,q8_loop_turn_bend_CTS,residue,band_interval,208,208,207,19451,9602,0.4936507120456532,0.4715882151489009,0.45226421953540163,0.49053894669631376,0.6745898051083404,0.6519011029310583,0.6975113114886629,0.4715882151489009,0.4532565331698873,0.49091211265084034,0.8267663920333337,0.8101554509129091,0.8432855022701514,0.5282642453712708,0.5132260628022302,0.5424664230274224,0.6491773035911172,0.6408929698569478,0.6576329032095579,0.3252828833114521,0.3094124110618205,0.34324462815115736,0.4139743765456635,0.3977176018421689,0.43065797391030225,9602.0,6024.0,9849.0,21860.0,0.6144886727249456,0.4936507120456532,0.7839621288193946,0.5474812555235624,0.6388064204325239,0.2904509968406083
esm3_frozen_bilstm_attn,test,1,flexibility_supporting,neq_peak,residue,apex_exact,208,208,207,3498,292,0.08347627215551744,0.08644420731636279,0.07506964361822337,0.09899164326734383,0.2206739686066199,0.1940998876324963,0.24948853313889546,0.08644420731636279,0.07473533725794496,0.09819237347880073,0.9766423921027099,0.975472961824964,0.9778286172994182,0.12139045883387099,0.1053755499265133,0.13638722427489755,0.5315432997095363,0.5255804697322525,0.5380644873581137,0.09695247640115386,0.07891170389743726,0.11593561932843095,0.07254445246022237,0.07044403297455121,0.07470930970570716,292.0,999.0,3206.0,42838.0,0.22618125484120838,0.08347627215551744,0.9772110317768096,0.12194612653998747,0.5303436519661635,0.09747169439248148
esm3_frozen_bilstm_attn,test,1,flexibility_supporting,neq_peak,residue,apex_within1,208,208,207,3498,786,0.22469982847341338,0.23278107638695633,0.21676623565540276,0.24861522516805912,0.19906650136829165,0.1871835776602756,0.2105103528251084,0.23278107638695633,0.216287652007504,0.24882703198378894,0.9278621940921543,0.924780617327515,0.9308809702207198,0.2088994199932762,0.1964719179607665,0.22170866894445565,0.5803216352395554,0.5719262984357671,0.5888016665317061,0.14734816943774173,0.1337405817461902,0.1607367703363669,0.07254445246022237,0.07033487736755864,0.07462054085014881,786.0,3087.0,2712.0,40750.0,0.2029434546862897,0.22469982847341338,0.9295800351301412,0.21326821326821327,0.5771399318017773,0.1472519176533535
esm3_frozen_bilstm_attn,test,1,flexibility_supporting,neq_peak,residue,apex_within2,208,208,207,3498,1071,0.30617495711835335,0.3162818596228881,0.2985206316619046,0.33427147694998344,0.16155833998971253,0.15456950504265082,0.167711896191649,0.3162818596228881,0.2977319586572519,0.33394602247376826,0.8745254718464873,0.8695873515477488,0.8791536809742619,0.20879284813519058,0.19998078815567344,0.21763931748825044,0.5954036657346877,0.5872434820872209,0.6038511218398022,0.1392809620626374,0.12874848543725897,0.1501980940032229,0.07254445246022237,0.07037341948693265,0.0747606866885596,1071.0,5384.0,2427.0,38453.0,0.1659178931061193,0.30617495711835335,0.8771813764628054,0.21521149402190295,0.5916781667905794,0.13977279977652868
esm3_frozen_bilstm_attn,test,1,flexibility_supporting,neq_peak,residue,apex_within5,208,208,207,3498,1473,0.42109777015437394,0.4329751740960936,0.4146559528203842,0.4511311726784212,0.10287378660032627,0.10004594799499521,0.10590502063605485,0.4329751740960936,0.4150424498130047,0.45022778593810914,0.7073214847417433,0.695901835072404,0.7179783503314885,0.1631516418685573,0.1582447797024122,0.16758063631150832,0.5701483294189185,0.5630159193482229,0.5780989909710419,0.07688510655030377,0.06978485172025024,0.08403385383640721,0.07254445246022237,0.07034702305580907,0.07469632130313585,1473.0,12630.0,2025.0,31207.0,0.10444586258242927,0.42109777015437394,0.7118872185596642,0.16737685358786433,0.5664924943570191,0.07606746502681835
esm3_frozen_bilstm_attn,test,1,flexibility_supporting,neq_peak,residue,band_interval,208,208,207,3498,1768,0.505431675242996,0.4812466284560183,0.4603650888921716,0.5018938198482288,0.12232044243205402,0.11825465069616287,0.12636656405059182,0.4812466284560183,0.46170908447873343,0.5011446545806142,0.7199317023066106,0.7045583518419818,0.7349556885079088,0.18898499463370388,0.18350199782622842,0.1943275215030577,0.6005891653813145,0.5937238529134636,0.6079526428268858,0.11640489379929628,0.10908668091380835,0.12327190054693167,0.07254445246022237,0.07034156962894893,0.07470098528770894,1768.0,13858.0,1730.0,29979.0,0.11314475873544093,0.505431675242996,0.6838743527157424,0.184898556787283,0.5946530139793692,0.10531241583215054
esm3_frozen_bilstm_attn,test,1,flexibility_supporting,q8_loop_turn_bend_CTS,segment,apex_any,208,208,0,3581,1190,0.33230941077911197,0.3433663330712506,0.32578639693628614,0.361916941889637,,,,,,,,,,,,,,,,,,,,,,,,,,,,,,,
esm3_frozen_bilstm_attn,test,1,flexibility_supporting,q8_loop_turn_bend_CTS,segment,band_interval_any,208,208,0,3581,1770,0.494275342083217,0.46634834925903895,0.44502597922796483,0.4886079935948088,,,,,,,,,,,,,,,,,,,,,,,,,,,,,,,
esm3_top4_bilstm_attn,train,-1,rigidity_supporting,q8_loop_turn_bend_CTS,residue,apex_exact,967,967,939,92205,122,0.0013231386584241635,0.0012748337972633644,0.0009920592127865852,0.0015757325868200965,0.02967908605405772,0.02200323701795032,0.037996738236528466,0.0012748337972633644,0.000988333511382344,0.0016004027121672743,0.9596747709186487,0.9584702399455706,0.9608857321225933,0.0024247196444684865,0.0018902044113011402,0.003036526469026784,0.48047480235795614,0.4797966993671666,0.4810781661390651,-0.12429332178011498,-0.12732167463123253,-0.12142758859121927,0.41236833872113504,0.4049811198261597,0.4200552297215885,122.0,5284.0,92083.0,124150.0,0.022567517573066964,0.0013231386584241635,0.9591761051964708,0.002499718269457336,0.48024962192744747,-0.12621408527023298
esm3_top4_bilstm_attn,train,-1,rigidity_supporting,q8_loop_turn_bend_CTS,residue,band_interval,967,967,939,92205,28011,0.30379046689442,0.23737240836922743,0.22581329709694284,0.24924299449017734,0.2259839764284841,0.21634762424282983,0.2366346560999652,0.23737240836922743,0.2259391178119737,0.2494458706613097,0.4568709560463707,0.4447352549462323,0.46912235215835973,0.21785769708031533,0.20828848140604134,0.22789292076795728,0.34712168220779904,0.34252105665851146,0.3514492070087551,-0.31765158192049314,-0.32578120232503377,-0.3093644673966982,0.41236833872113504,0.40488560701031906,0.41990582384655345,28011.0,76428.0,64194.0,53006.0,0.26820440639990806,0.30379046689442,0.40952145495001313,0.28489046195154694,0.3566559609222166,-0.283084374091614
esm3_top4_bilstm_attn,train,-1,rigidity_supporting,neq_peak,residue,apex_exact,967,967,939,16230,12,0.0007393715341959334,0.0008737337484787897,0.0003075054692308365,0.0016307020262657267,0.0030446907843073977,0.0009317314518991835,0.0060793101408117296,0.0008737337484787897,0.0003026742578252046,0.0016183933553976398,0.9748382832905677,0.9743204527495642,0.9753877035350434,0.0013352952381436918,0.0004710049182180877,0.0025047766708395005,0.4878560085195232,0.487436980039231,0.488340538914689,-0.041629272309376616,-0.04288651233269585,-0.03992486646197939,0.07197259418148319,0.07100905788915636,0.07295543350960376,12.0,5394.0,16218.0,200015.0,0.0022197558268590455,0.0007393715341959334,0.9737401963886685,0.0011092623405435386,0.4872397839614322,-0.04309808858832751
esm3_top4_bilstm_attn,train,-1,rigidity_supporting,neq_peak,residue,apex_within1,967,967,939,16230,40,0.0024645717806531116,0.0020728711731623473,0.0012639053491610343,0.002977100156599831,0.002283148374314789,0.0013892502820218476,0.0033764096227838444,0.0020728711731623473,0.0013089705789143477,0.0030039404811459673,0.9244688961186814,0.9228411085896594,0.9260700215121943,0.00210954927610563,0.0013183595838856014,0.003103542796286282,0.4632708836459219,0.4623834111522974,0.46414049178736344,-0.07476664653430107,-0.07609636062727382,-0.07333866281211804,0.07197259418148319,0.07104124078798116,0.07286491006333552,40.0,16178.0,16190.0,189231.0,0.002466395363176717,0.0024645717806531116,0.9212400625094324,0.002465483234714004,0.4618523171450427,-0.07632135735556382
esm3_top4_bilstm_attn,train,-1,rigidity_supporting,neq_peak,residue,apex_within2,967,967,939,16230,106,0.006531115218730746,0.0056650416204392295,0.004280603535093378,0.0071860076193917734,0.003555411729485184,0.0027053679610116706,0.004487993307197239,0.0056650416204392295,0.004353641688291334,0.007142230086678843,0.8742961628619408,0.8715983497273904,0.8769076349020419,0.00421556104817006,0.00318450104439345,0.005319105849807039,0.43998060224119007,0.4384939719553617,0.4414379692579763,-0.09741723935633191,-0.09908546348777697,-0.0955543968515856,0.07197259418148319,0.07104924395440128,0.07292280808157842,106.0,26924.0,16124.0,178485.0,0.00392156862745098,0.006531115218730746,0.868924925392753,0.0049006010171058715,0.43772802030574187,-0.09914873532353413
esm3_top4_bilstm_attn,train,-1,rigidity_supporting,neq_peak,residue,apex_within5,967,967,939,16230,1566,0.09648798521256932,0.08720803046846148,0.08089275418731334,0.09364093662063042,0.024596008504075343,0.022709515850010013,0.02646784599092042,0.08720803046846148,0.08094054987614761,0.09357448490911147,0.729838848209119,0.7243058946134776,0.7351802714075861,0.036832198661329106,0.03406632794560647,0.039667000085395795,0.4085234393387902,0.4050404777020238,0.41189049371810615,-0.10984242030239018,-0.11355520855228973,-0.10602863444935358,0.07197259418148319,0.07109782935126294,0.07291410345764242,1566.0,57883.0,14664.0,147526.0,0.02634190650809938,0.09648798521256932,0.7182061156035032,0.041385324858943695,0.40734705040803626,-0.10896171383677597
esm3_top4_bilstm_attn,train,-1,rigidity_supporting,neq_peak,residue,band_interval,967,967,939,16230,4501,0.2773259396179914,0.2141332716011331,0.20279361631683274,0.22661956695549718,0.03408827697446968,0.03243242921608822,0.03578983579069697,0.2141332716011331,0.20223434192702264,0.22577354970862273,0.5650265407753292,0.553697297605933,0.5760817866733199,0.05641482080252694,0.053536705961170716,0.05932736425468104,0.3895799061882312,0.3854454128076904,0.393333006719414,-0.12203155103198511,-0.1259072657566091,-0.11809032242510996,0.07197259418148319,0.07100754522012777,0.07289078174694939,4501.0,99938.0,11729.0,105471.0,0.043096927393023676,0.2773259396179914,0.5134682511477102,0.07460076738847592,0.39539709538285084,-0.10918112769695372
esm3_top4_bilstm_attn,train,-1,rigidity_supporting,q8_loop_turn_bend_CTS,segment,apex_any,967,967,0,16731,117,0.006993006993006993,0.008246948996767048,0.006119970144520437,0.010683417629810723,,,,,,,,,,,,,,,,,,,,,,,,,,,,,,,
esm3_top4_bilstm_attn,train,-1,rigidity_supporting,q8_loop_turn_bend_CTS,segment,band_interval_any,967,967,0,16731,8079,0.48287609826071365,0.4075471771724252,0.3918710765861021,0.4232000857001937,,,,,,,,,,,,,,,,,,,,,,,,,,,,,,,
esm3_top4_bilstm_attn,train,1,flexibility_supporting,q8_loop_turn_bend_CTS,residue,apex_exact,967,967,961,92205,5294,0.057415541456537066,0.0617058518713773,0.060072511919663195,0.06337292248182147,0.9208720059187057,0.9110439476333383,0.9306430114235724,0.0617058518713773,0.06004721136610148,0.0633295091224881,0.9965676348125421,0.9961211456967369,0.9970013016307048,0.11459989597333378,0.1115547214813304,0.11755083074197709,0.5291367433419597,0.528277041888156,0.5300867613961414,0.17311053158652046,0.1688769605361169,0.1771749722334291,0.41236833872113504,0.404873221445531,0.4200116598070728,5294.0,445.0,86911.0,128989.0,0.9224603589475519,0.057415541456537066,0.9965619543551153,0.1081025892346647,0.5269887479058262,0.16752117916032697
esm3_top4_bilstm_attn,train,1,flexibility_supporting,q8_loop_turn_bend_CTS,residue,band_interval,967,967,961,92205,40865,0.4431972235778971,0.426241534612193,0.4171133238312665,0.43547906549356474,0.6818579929039665,0.6713758369101182,0.6923827000252182,0.426241534612193,0.4173285271124546,0.4356497430509581,0.8588854198862957,0.853184055001238,0.8645043309670845,0.5012359435913668,0.4931579107171559,0.5095304538098812,0.6425634772492443,0.6382180825196812,0.6468233687942663,0.31926074198807125,0.3103795888397779,0.3280889524534716,0.41236833872113504,0.4046803604122367,0.4202257738523943,40865.0,21598.0,51340.0,107836.0,0.6542273025631173,0.4431972235778971,0.8331350340714186,0.5284221687744071,0.6381661288246578,0.30274905400849605
esm3_top4_bilstm_attn,train,1,flexibility_supporting,neq_peak,residue,apex_exact,967,967,961,16230,1405,0.08656808379544054,0.09079654914094036,0.0852964444492561,0.09686001627781433,0.24887616841858476,0.23446990177598842,0.26306671473123744,0.09079654914094036,0.08497853066146006,0.09632987331912284,0.9788103249039993,0.9782301897098515,0.9793877796971431,0.1302773550494079,0.12260287141839248,0.13778869897342358,0.5348034370224699,0.5318409313303114,0.5376357398329857,0.11147014492812354,0.102791239684224,0.1199022528732159,0.07197259418148319,0.071032431962333,0.07289326718131614,1405.0,4334.0,14825.0,201075.0,0.24481617006447115,0.08656808379544054,0.9789006323968278,0.12790750603122583,0.5327343580961341,0.10738865059616837
esm3_top4_bilstm_attn,train,1,flexibility_supporting,neq_peak,residue,apex_within1,967,967,961,16230,3648,0.22476894639556377,0.23148223476377522,0.22327519902617826,0.23954416277612717,0.20934193960573796,0.2039968481252119,0.21481567598600235,0.23148223476377522,0.22326147625032444,0.2395833655237325,0.9332666050937957,0.9318733527769226,0.9346577038299293,0.21330648508947214,0.20722975103716526,0.21935918698641296,0.5823744199287854,0.5785857231410109,0.5862871752514751,0.15527815691166624,0.14877361478801635,0.16165620706308167,0.07197259418148319,0.07100751872152196,0.0728930521344989,3648.0,13569.0,12582.0,191840.0,0.21188360341522913,0.22476894639556377,0.9339415507597039,0.2181361557090322,0.5793552485776339,0.15446571174884466
esm3_top4_bilstm_attn,train,1,flexibility_supporting,neq_peak,residue,apex_within2,967,967,961,16230,4817,0.29679605668515097,0.3006347619995148,0.2925676157153531,0.30845191098256586,0.16406614254958368,0.16085230359407265,0.1670582495168224,0.3006347619995148,0.29262300675302566,0.3087186080787622,0.8824000928038885,0.8800039756391013,0.8847748428461683,0.2063502263167892,0.20196853858525704,0.21027992335189413,0.5915174274017015,0.5877876886193238,0.5951996252644085,0.13815030433405787,0.13328970879160273,0.14277892797024302,0.07197259418148319,0.07107297505735696,0.07289196659997327,4817.0,23878.0,11413.0,181531.0,0.16786896671894058,0.29679605668515097,0.883753876412426,0.21444629938786866,0.5902749665487885,0.1401030443883605
esm3_top4_bilstm_attn,train,1,flexibility_supporting,neq_peak,residue,apex_within5,967,967,961,16230,6547,0.403388786198398,0.4033953417466769,0.3943981624987164,0.41202369251932464,0.10162099907971084,0.10010714076383777,0.10318554249522036,0.4033953417466769,0.3950259284987151,0.4118977618824972,0.723484283375851,0.7180344339293745,0.729145598018056,0.15881226585605476,0.15649830018474387,0.16121577311957355,0.5634398125612641,0.5602833492994972,0.5667931858790654,0.07181159474544754,0.0683361468854511,0.07533181142143246,0.07197259418148319,0.07105291817207737,0.07285199038076458,6547.0,56361.0,9683.0,149048.0,0.1040726139759649,0.403388786198398,0.725615722777483,0.165457807879906,0.5645022544879406,0.07454011679706764
esm3_top4_bilstm_attn,train,1,flexibility_supporting,neq_peak,residue,band_interval,967,967,961,16230,7407,0.45637707948243994,0.43247146255220403,0.4228790863326765,0.44248036716790795,0.12405780940817823,0.1219446464522978,0.12618043858631584,0.43247146255220403,0.4234450602392029,0.4420728090021291,0.7578945842265337,0.7522965970967136,0.7632074277991403,0.18682914436750647,0.1839640157495071,0.1896423679085972,0.5951830233893689,0.5917438308934252,0.5987043877664999,0.1138846471967021,0.11027731856937259,0.11743339929766737,0.07197259418148319,0.07106075621616875,0.07291924857547688,7407.0,55056.0,8823.0,150353.0,0.11858220066279238,0.45637707948243994,0.731968901070547,0.18825054325035265,0.5941729902764935,0.10906242189473538
esm3_top4_bilstm_attn,train,1,flexibility_supporting,q8_loop_turn_bend_CTS,segment,apex_any,967,967,0,16731,5250,0.31378877532723687,0.32334255671498313,0.31602353614576933,0.3304690932456987,,,,,,,,,,,,,,,,,,,,,,,,,,,,,,,
esm3_top4_bilstm_attn,train,1,flexibility_supporting,q8_loop_turn_bend_CTS,segment,band_interval_any,967,967,0,16731,7302,0.4364353595122826,0.4164967141403589,0.40771530515842896,0.4250543471983109,,,,,,,,,,,,,,,,,,,,,,,,,,,,,,,
esm3_top4_bilstm_attn,validation,-1,rigidity_supporting,q8_loop_turn_bend_CTS,residue,apex_exact,208,208,208,19379,24,0.0012384539965942516,0.00124193106173892,0.0006407328070647054,0.0018786715439432229,0.02601018772893773,0.012322144001831504,0.042527043269230735,0.00124193106173892,0.0006571795615431083,0.0019409938528410116,0.957905026034799,0.9556140550046421,0.9601267321145205,0.002359169246989142,0.0013073247197055,0.00366406905085627,0.4795734785482689,0.4784274970042168,0.48079994203097637,-0.1257135450139599,-0.13184851510325496,-0.1190467869987412,0.41067693071209754,0.39529062284653993,0.4258884544206718,24.0,1144.0,19355.0,26936.0,0.02054794520547945,0.0012384539965942516,0.9592592592592593,0.0023361074609432033,0.48024885662792677,-0.12531895579778118
esm3_top4_bilstm_attn,validation,-1,rigidity_supporting,q8_loop_turn_bend_CTS,residue,band_interval,208,208,208,19379,5447,0.281077454977037,0.24833529175711772,0.22424253035025318,0.27255834293109615,0.22496079084359677,0.20497354973385448,0.24697614042261168,0.24833529175711772,0.2252536394714344,0.2720090736394959,0.43317809914070915,0.4100021723322482,0.4552576206379335,0.2285185859763424,0.20728640006314963,0.249278022488656,0.3407566954489134,0.3326635973870604,0.34907701353593035,-0.3221233694020134,-0.3382731757511496,-0.30595136143729984,0.41067693071209754,0.3947325215240098,0.4269038319773055,5447.0,16162.0,13932.0,11918.0,0.2520708963857652,0.281077454977037,0.42443019943019944,0.26578510783643994,0.35275382720361825,-0.29066359169204736
esm3_top4_bilstm_attn,validation,-1,rigidity_supporting,neq_peak,residue,apex_exact,208,208,208,3497,1,0.00028595939376608524,0.00028280542986425336,0.0,0.0008484162895927601,0.0006868131868131868,0.0,0.0020604395604395605,0.00028280542986425336,0.0,0.0008484162895927601,0.9737125767881195,0.9726496225968307,0.9747250611610331,0.00040064102564102563,0.0,0.001201923076923077,0.4869976911089919,0.48643133369221264,0.4875679448119575,-0.04331266326543369,-0.04474489404039038,-0.041811305333970705,0.07262432419660286,0.07058062306569649,0.0746739611514275,1.0,1167.0,3496.0,42795.0,0.0008561643835616438,0.00028595939376608524,0.9734543469359902,0.00042872454448017146,0.48687015316487814,-0.044279885574947005
esm3_top4_bilstm_attn,validation,-1,rigidity_supporting,neq_peak,residue,apex_within1,208,208,208,3497,8,0.002287675150128682,0.001812154911799942,0.0004248034441049147,0.003461377970125434,0.0015503193387808774,0.00046668075514229356,0.0028962457147553287,0.001812154911799942,0.00042016806722689073,0.003719780209226202,0.9211997955884499,0.9181303184869893,0.9243850857572846,0.0015969195684107965,0.00047071212778449623,0.003029489242482662,0.46150597525012493,0.4598439419380286,0.4631650678062859,-0.07613485878931642,-0.07871886355598028,-0.07347015730750053,0.07262432419660286,0.07043666750568525,0.07456457985809142,8.0,3496.0,3489.0,40466.0,0.00228310502283105,0.002287675150128682,0.9204767753969337,0.0022853878017426083,0.46138222527353123,-0.07716450713975127
esm3_top4_bilstm_attn,validation,-1,rigidity_supporting,neq_peak,residue,apex_within2,208,208,208,3497,31,0.008864741206748641,0.008336159968295693,0.004951175028148871,0.012133870850261064,0.0050982671174978865,0.003022835070911994,0.0074837300119752,0.008336159968295693,0.005045096318553499,0.01183803912345028,0.8691417145093916,0.8640686585700351,0.8740955710786908,0.00616936768131487,0.003747519573228482,0.00894739352370865,0.43873893723884366,0.43595675956670604,0.44174490130347377,-0.09633695060652141,-0.10016354662314671,-0.09221311069353749,0.07262432419660286,0.07042679472685456,0.07464676272218698,31.0,5809.0,3466.0,38153.0,0.005308219178082192,0.008864741206748641,0.8678631545425595,0.0066402484738138584,0.43836394787465405,-0.09803905185541816
esm3_top4_bilstm_attn,validation,-1,rigidity_supporting,neq_peak,residue,apex_within5,208,208,208,3497,294,0.08407206176722905,0.08244123668912458,0.06993499259720161,0.09661913865718517,0.02228756806451497,0.018642127860858934,0.026106124542403304,0.08244123668912458,0.06972763855867956,0.09617652256447234,0.7178509519034264,0.7073080501750744,0.7278695637126275,0.03466098928928811,0.028989660789003703,0.0406265455452247,0.40014609429627546,0.39301591176007133,0.4070085131677885,-0.11646973780203942,-0.12349535720663574,-0.10877839708201699,0.07262432419660286,0.07059229846230537,0.07458023070491225,294.0,12548.0,3203.0,31414.0,0.022893630275657998,0.08407206176722905,0.7145716755379646,0.035987514535773306,0.39932186865259683,-0.11841061373405311
esm3_top4_bilstm_attn,validation,-1,rigidity_supporting,neq_peak,residue,band_interval,208,208,208,3497,893,0.2553617386331141,0.22650271185903856,0.2015771054809465,0.2530076876913785,0.03507657117715402,0.0314970882394049,0.03850674209402911,0.22650271185903856,0.20061200660512618,0.2519651716311209,0.5460057873873201,0.5253234701626012,0.5677597771019974,0.05989418328618139,0.05360482467069096,0.06584422845138788,0.38625424962317934,0.3778735615524879,0.39436053187258563,-0.12191990987833787,-0.12997080637719505,-0.11370027483581674,0.07262432419660286,0.07056703362355796,0.07451051708271474,893.0,20716.0,2604.0,23246.0,0.041325373686889724,0.2553617386331141,0.5287748510076885,0.07113837329721978,0.3920682948204013,-0.113244720105475
esm3_top4_bilstm_attn,validation,-1,rigidity_supporting,q8_loop_turn_bend_CTS,segment,apex_any,208,208,0,3587,24,0.006690827989963758,0.008751518425682687,0.00457222772834303,0.01356489546736538,,,,,,,,,,,,,,,,,,,,,,,,,,,,,,,
esm3_top4_bilstm_attn,validation,-1,rigidity_supporting,q8_loop_turn_bend_CTS,segment,band_interval_any,208,208,0,3587,1630,0.4544187343183719,0.4278805705731102,0.3958906926579031,0.4610757277010593,,,,,,,,,,,,,,,,,,,,,,,,,,,,,,,
esm3_top4_bilstm_attn,validation,1,flexibility_supporting,q8_loop_turn_bend_CTS,residue,apex_exact,208,208,208,19379,1152,0.05944579183652407,0.062476408182791245,0.05960960812414548,0.06541571710532461,0.9237887166996033,0.9068080401245758,0.9401134934520674,0.062476408182791245,0.05955889806761269,0.06542319562407399,0.9962589581322638,0.9952743431050441,0.9971576878979774,0.11627384404873399,0.11142443672683186,0.1213519779919925,0.5293676831575275,0.5277298910633687,0.5310488789703499,0.17410681679443954,0.16633662391134946,0.18174408878640066,0.41067693071209754,0.39374813677848014,0.42620337659451035,1152.0,92.0,18227.0,27988.0,0.9260450160771704,0.05944579183652407,0.9967236467236468,0.11171992435630122,0.5280847192800854,0.17280752380499007
esm3_top4_bilstm_attn,validation,1,flexibility_supporting,q8_loop_turn_bend_CTS,residue,band_interval,208,208,208,19379,8941,0.4613757159812168,0.4311047860428792,0.4118607365267515,0.44963403418386727,0.672563236959806,0.6524922816466538,0.6928305047629236,0.4311047860428792,0.41214702639422696,0.4499151828565069,0.8512167540848119,0.8392866445771776,0.8622102461639838,0.5067930320288819,0.49210667585043344,0.5211141395273889,0.6411607700638455,0.6327361604602688,0.648840617293474,0.3133104177343379,0.2967028995572534,0.33003721218088433,0.41067693071209754,0.39431735025726694,0.42591814277094575,8941.0,4815.0,10438.0,23265.0,0.649970921779587,0.4613757159812168,0.8285256410256411,0.5396710427040893,0.6449506785034289,0.3140755417661105
esm3_top4_bilstm_attn,validation,1,flexibility_supporting,neq_peak,residue,apex_exact,208,208,208,3497,294,0.08407206176722905,0.08531993462371731,0.07477013236852402,0.09597020810371264,0.23148175203296215,0.20320173830611585,0.25926425624239646,0.08531993462371731,0.07466117972562163,0.09597305453667311,0.9778260223573905,0.9767218600097985,0.978965413844901,0.1225239525041178,0.10822018519084949,0.13811610788828882,0.531572978490554,0.5260869218999482,0.5372312063610114,0.10050373431205742,0.08336665887587748,0.11904419837086813,0.07262432419660286,0.07051814128255295,0.07461006846142189,294.0,950.0,3203.0,43012.0,0.23633440514469453,0.08407206176722905,0.9783904280969928,0.12402446741193841,0.5312312449321109,0.10214195364103568
esm3_top4_bilstm_attn,validation,1,flexibility_supporting,neq_peak,residue,apex_within1,208,208,208,3497,788,0.22533600228767514,0.2296756073841448,0.2155962312215013,0.2440811583683103,0.20981799991776326,0.1986660074463439,0.22073561459716923,0.2296756073841448,0.2157215924151923,0.2449315361855249,0.9312233739105812,0.9281280993366484,0.9343484314630996,0.21403758903748946,0.20238550724944082,0.22497287069822566,0.580449490647363,0.5733304220441923,0.5874165586718911,0.1530194916831126,0.14076237851161122,0.16487760213762254,0.07262432419660286,0.07057027139865839,0.07459779327947426,788.0,2944.0,2709.0,41018.0,0.21114683815648447,0.22533600228767514,0.9330330740184705,0.21801078987411812,0.5791845381530728,0.15371323476179874
esm3_top4_bilstm_attn,validation,1,flexibility_supporting,neq_peak,residue,apex_within2,208,208,208,3497,1018,0.29110666285387476,0.2969810013710595,0.2819189873370929,0.3117057554265029,0.16206972049988988,0.15560390664904294,0.16896055694783996,0.2969810013710595,0.28201886750141375,0.3118393610532812,0.8788647715929437,0.8740370007032116,0.8839089612902147,0.2051159481482518,0.1974623910138054,0.21266090249422184,0.5879228864820016,0.5809889063400325,0.5947995447840174,0.13320797454222671,0.1237708054821883,0.1424064226240432,0.07262432419660286,0.07069240282637924,0.07461512144638587,1018.0,5202.0,2479.0,38760.0,0.16366559485530546,0.29110666285387476,0.8816705336426914,0.2095296902336112,0.586388598248283,0.13375921298502022
esm3_top4_bilstm_attn,validation,1,flexibility_supporting,neq_peak,residue,apex_within5,208,208,208,3497,1393,0.3983414355161567,0.4008562518686889,0.38350459508250834,0.4174943436629177,0.09991899731908448,0.09651458495293098,0.10310673061133835,0.4008562518686889,0.38329158084790177,0.41780335104148447,0.7162441128452515,0.7047211583458922,0.7276697077619139,0.15757797580768518,0.15278914920969125,0.1625880884826603,0.5585501823569702,0.5518441449007844,0.5656074841995212,0.06631634683207834,0.059047161425406086,0.0736714004573456,0.07262432419660286,0.07063105471629336,0.07456406816368669,1393.0,12218.0,2104.0,31744.0,0.10234369260157226,0.3983414355161567,0.7220781584095355,0.16284779050736498,0.5602097969628461,0.0695620179825533
esm3_top4_bilstm_attn,validation,1,flexibility_supporting,neq_peak,residue,band_interval,208,208,208,3497,1614,0.46153846153846156,0.4319700361711089,0.4119427975230311,0.45209570155001017,0.12212223634961507,0.1174732630114213,0.12666775134420263,0.4319700361711089,0.4118944796048447,0.45236855936767056,0.750952773152764,0.7384555746830657,0.7637133257183966,0.18560969159405014,0.17946643552564748,0.19174196989446435,0.5914614046619364,0.5839138246113664,0.5992257916958675,0.10893575350563678,0.10021386416648037,0.11768359155024899,0.07262432419660286,0.07058014974326494,0.07464864460796823,1614.0,12142.0,1883.0,31820.0,0.11733061936609479,0.46153846153846156,0.723806924161776,0.1870978960180838,0.5926726928501188,0.10673035446944285
esm3_top4_bilstm_attn,validation,1,flexibility_supporting,q8_loop_turn_bend_CTS,segment,apex_any,208,208,0,3587,1142,0.31837189852244213,0.32932825561347967,0.31521094001000727,0.3446723950190697,,,,,,,,,,,,,,,,,,,,,,,,,,,,,,,
esm3_top4_bilstm_attn,validation,1,flexibility_supporting,q8_loop_turn_bend_CTS,segment,band_interval_any,208,208,0,3587,1635,0.455812656816281,0.43334320932906645,0.4144247962258132,0.4525271764120442,,,,,,,,,,,,,,,,,,,,,,,,,,,,,,,
esm3_top4_bilstm_attn,test,-1,rigidity_supporting,q8_loop_turn_bend_CTS,residue,apex_exact,208,208,205,19451,30,0.0015423371549020616,0.0014798707152607516,0.0008611956146623525,0.0021969084562735034,0.03110289880968566,0.015621374464759938,0.0485220649357712,0.0014798707152607516,0.0008566349107576278,0.002165234931920681,0.9596602268920827,0.9575591923009514,0.9617448677927639,0.002801462796610088,0.0016425715773921916,0.004081266547680379,0.48057004880367177,0.4794934101006486,0.481610819927524,-0.12261476408802283,-0.1279853370757296,-0.11668190704985054,0.4139743765456635,0.3973792807382663,0.4297877171759518,30.0,1120.0,19421.0,26764.0,0.02608695652173913,0.0015423371549020616,0.9598335963276431,0.0029124799767001604,0.48068796674127257,-0.1234261283395415
esm3_top4_bilstm_attn,test,-1,rigidity_supporting,q8_loop_turn_bend_CTS,residue,band_interval,208,208,205,19451,5288,0.2718626291707367,0.23929201548835013,0.21589250624617692,0.26282444533935295,0.22688254132186889,0.20685140229754903,0.2469272855829561,0.23929201548835013,0.2165488055925452,0.26393065929633397,0.45465746807142376,0.43070380598397623,0.47854221704845273,0.22246837881275242,0.20260524236247274,0.24299291416344732,0.34697474177988685,0.3374335317057121,0.35609223369585963,-0.3121723195821939,-0.33091182929963875,-0.2931428771353015,0.4139743765456635,0.39817461756368305,0.4292721878214488,5288.0,15723.0,14163.0,12161.0,0.25167769263719003,0.2718626291707367,0.43612824558886815,0.26138104888537395,0.35399543737980244,-0.2891649328933947
esm3_top4_bilstm_attn,test,-1,rigidity_supporting,neq_peak,residue,apex_exact,208,208,205,3498,0,0.0,0.0,0.0,0.0,0.0,0.0,0.0,0.0,0.0,0.0,0.974379911646049,0.9732227557288693,0.9755806331930583,0.0,0.0,0.0,0.4871899558230245,0.4866032117425326,0.4877553844650056,-0.04337973503987791,-0.044648835281541156,-0.04204795969728681,0.07254445246022237,0.07042787940759486,0.07466553587400686,0.0,1150.0,3498.0,42687.0,0.0,0.0,0.9737664529963274,0.0,0.4868832264981637,-0.04457464941346571
esm3_top4_bilstm_attn,test,-1,rigidity_supporting,neq_peak,residue,apex_within1,208,208,205,3498,12,0.003430531732418525,0.002863328377810085,0.0011734744500340184,0.0048843148170730835,0.002733059525212229,0.001125124139440152,0.004760120520459862,0.002863328377810085,0.0012878831238206238,0.004772786107580313,0.9233931413042177,0.9199954472680395,0.9269192598940043,0.0027444030070069496,0.0011320659139346424,0.004572346669749344,0.4631282348410139,0.46139680850511705,0.46488971099926324,-0.07412642054682966,-0.07688126703957472,-0.07136482077151853,0.07254445246022237,0.0703729559376196,0.0745710564950926,12.0,3438.0,3486.0,40399.0,0.0034782608695652175,0.003430531732418525,0.9215731003490202,0.0034542314335060447,0.4625018160407193,-0.07547496970384528
esm3_top4_bilstm_attn,test,-1,rigidity_supporting,neq_peak,residue,apex_within2,208,208,205,3498,35,0.010005717552887363,0.008878861880393168,0.0056271771216486206,0.012615068409596468,0.005121677177818404,0.003026956098261694,0.0072672206433216325,0.008878861880393168,0.0054999982977803445,0.012743039589310693,0.8726742900090307,0.8673083539095792,0.8785607622942209,0.006320298841442044,0.003927375327399611,0.008993206064441173,0.440776575944712,0.43789296093550967,0.443711993717533,-0.09495615632249513,-0.09876510807016466,-0.09085939766979922,0.07254445246022237,0.0702685070527853,0.07458095456362397,35.0,5715.0,3463.0,38122.0,0.00608695652173913,0.010005717552887363,0.8696306772817483,0.007569204152249135,0.4398181974173178,-0.09638805735204042
esm3_top4_bilstm_attn,test,-1,rigidity_supporting,neq_peak,residue,apex_within5,208,208,205,3498,324,0.09262435677530018,0.08515588001031799,0.07340616192423663,0.09756944318464539,0.023428104351924755,0.02015716021423026,0.026806376490537895,0.08515588001031799,0.0731756767951848,0.09721417853955457,0.7255421696460522,0.7136215698540405,0.7378379372507572,0.03577213437291346,0.03088445959069284,0.040989740796292536,0.40534902482818513,0.3993948354283176,0.4114953946303811,-0.11230366592354234,-0.11868575998780279,-0.10587465335064203,0.07254445246022237,0.07023760868810883,0.07462020511572931,324.0,12323.0,3174.0,31514.0,0.02561872380801771,0.09262435677530018,0.7188904350206446,0.04013626509755342,0.40575739589797244,-0.11143566250895486
esm3_top4_bilstm_attn,test,-1,rigidity_supporting,neq_peak,residue,band_interval,208,208,205,3498,824,0.23556317895940537,0.21168693873693234,0.18784758916503264,0.23514837559629853,0.03405472700598573,0.030651667720331163,0.03725537836503838,0.21168693873693234,0.18802088383466206,0.23667963230151323,0.563401650747768,0.5411558343060862,0.5853384886562204,0.056997583548162506,0.05117431536797819,0.062490417503978136,0.38754429474235014,0.3798147397430932,0.39594070712477697,-0.12251329783023637,-0.13040263748551875,-0.11472230056750012,0.07254445246022237,0.07042829959803174,0.07460238072329729,824.0,20187.0,2674.0,23650.0,0.039217552710484986,0.23556317895940537,0.5394985970755298,0.06724060549186013,0.3875308880174676,-0.1184388752855632
esm3_top4_bilstm_attn,test,-1,rigidity_supporting,q8_loop_turn_bend_CTS,segment,apex_any,208,208,0,3581,30,0.008377548170901982,0.011197752720247202,0.005708253156864858,0.018409732798627156,,,,,,,,,,,,,,,,,,,,,,,,,,,,,,,
esm3_top4_bilstm_attn,test,-1,rigidity_supporting,q8_loop_turn_bend_CTS,segment,band_interval_any,208,208,0,3581,1593,0.4448478078748953,0.40775939713151094,0.375041234186816,0.44337417707739196,,,,,,,,,,,,,,,,,,,,,,,,,,,,,,,
esm3_top4_bilstm_attn,test,1,flexibility_supporting,q8_loop_turn_bend_CTS,residue,apex_exact,208,208,207,19451,1109,0.05701506349287954,0.05958665677283824,0.05592632075346121,0.06308496468274896,0.9167238223397643,0.8924338334437971,0.9358823860318427,0.05958665677283824,0.05596559318809558,0.06314743833611179,0.9967971720325787,0.9960571349314087,0.9975024321697522,0.11087940092135119,0.10483927661658834,0.11720525948420006,0.5281919144027084,0.5262622005276452,0.5302338598026082,0.1686466671474952,0.15947108461191878,0.17779241632224302,0.4139743765456635,0.39782939705368603,0.42957022437203446,1109.0,91.0,18342.0,27793.0,0.9241666666666667,0.05701506349287954,0.996736479701621,0.10740399980630477,0.5268757715972503,0.1682416642397687
esm3_top4_bilstm_attn,test,1,flexibility_supporting,q8_loop_turn_bend_CTS,residue,band_interval,208,208,207,19451,8544,0.43925762171610716,0.4194590433757763,0.4008170526231064,0.43782559875584287,0.6752768257902908,0.6544077846576547,0.6987485300427407,0.4194590433757763,0.401499623623162,0.4384188703879183,0.8538957566515512,0.8409765637250249,0.8668944050641265,0.4937353357684007,0.4780842311950977,0.5090630821053426,0.6366774000136637,0.6284748026724832,0.6450028337516232,0.3057257764569276,0.2887287747881701,0.3222942034700883,0.4139743765456635,0.3968994402283041,0.43105684884180373,8544.0,4858.0,10907.0,23026.0,0.637516788539024,0.43925762171610716,0.8257782240711519,0.5201351474751165,0.6325179228936295,0.2894390901622417
esm3_top4_bilstm_attn,test,1,flexibility_supporting,neq_peak,residue,apex_exact,208,208,207,3498,315,0.09005145797598628,0.08939483349574033,0.07818727809498059,0.10095582095145256,0.2546737589349436,0.22255590346110987,0.28665083798176894,0.08939483349574033,0.07819418832361857,0.10095039002171201,0.979460801398859,0.9782577937326168,0.9806495304908396,0.12949968809294127,0.11269384844766223,0.14564696040689962,0.5344278174472997,0.528499226029693,0.5404288023038415,0.11217604096413131,0.09410446627692555,0.1314561148942012,0.07254445246022237,0.07034137262006318,0.0746813871968927,315.0,885.0,3183.0,42952.0,0.2625,0.09005145797598628,0.9798115746971736,0.13409961685823754,0.53493151633658,0.11627112209071308
esm3_top4_bilstm_attn,test,1,flexibility_supporting,neq_peak,residue,apex_within1,208,208,207,3498,793,0.22670097198399086,0.22996972448453484,0.21489848276462692,0.2458610541213396,0.21709717523097063,0.20496362302232915,0.22909434029596545,0.22996972448453484,0.21483434661503004,0.245881167637465,0.9355803770931106,0.9323550073853271,0.9384867988853122,0.2167363298214014,0.20425399193293117,0.2293388792692008,0.5827750507888227,0.5748314308790053,0.5903766545700978,0.15926086632752945,0.14504933475559675,0.17341617897991224,0.07254445246022237,0.07042803172379579,0.07461576266543328,793.0,2807.0,2705.0,41030.0,0.22027777777777777,0.22670097198399086,0.9359673335310355,0.22344322344322345,0.5813341527575131,0.16053415344358812
esm3_top4_bilstm_attn,test,1,flexibility_supporting,neq_peak,residue,apex_within2,208,208,207,3498,1027,0.2935963407661521,0.29739560184608976,0.280790601483528,0.31458662668413195,0.1681318132846173,0.16113291712925454,0.1745286471766465,0.29739560184608976,0.2803671010072897,0.31440958503135297,0.8858370368625631,0.8809552364380888,0.8907396777344647,0.2083380230121894,0.19954910826976824,0.21629744863436706,0.5916163193543265,0.5838784021325134,0.5996477034942419,0.1400135380381916,0.12951453819774164,0.1505669824467503,0.07254445246022237,0.07034711923121223,0.07463346160118406,1027.0,4973.0,2471.0,38864.0,0.17116666666666666,0.2935963407661521,0.886557018044118,0.2162560539060855,0.5900766794051351,0.1416570138907054
esm3_top4_bilstm_attn,test,1,flexibility_supporting,neq_peak,residue,apex_within5,208,208,207,3498,1380,0.39451114922813035,0.4007848487890144,0.38135237921571047,0.4189859203261309,0.103677141686114,0.10054800889531051,0.10683657139276904,0.4007848487890144,0.3830389996795247,0.41969617855428903,0.7304908844254783,0.7186931119131439,0.7432815210345115,0.160958796009668,0.15637658843986796,0.16573479508558253,0.5656378666072464,0.5586969218347078,0.5732969104217667,0.0739799353695495,0.06689505630624325,0.0810933260838523,0.07254445246022237,0.07041522059391768,0.0746583252996583,1380.0,11777.0,2118.0,32060.0,0.1048871323249981,0.39451114922813035,0.7313456669023884,0.1657160012008406,0.5629284080652595,0.07349457725697944
esm3_top4_bilstm_attn,test,1,flexibility_supporting,neq_peak,residue,band_interval,208,208,207,3498,1603,0.4582618639222413,0.4346543489638763,0.4150493131319615,0.4541403172793769,0.1252345084240413,0.12101548654543853,0.12938795825364732,0.4346543489638763,0.4147829328673545,0.4556965803855575,0.7563631106124421,0.7440179841671188,0.7692690759984636,0.18821012855646876,0.18254051902703386,0.1937461008572304,0.5955087297881592,0.5882470605576874,0.6028258416119994,0.11426808688850361,0.10693000981258517,0.12113739867474091,0.07254445246022237,0.07035370309520525,0.0747359902349929,1603.0,11799.0,1895.0,32038.0,0.11960901358006268,0.4582618639222413,0.7308438077423182,0.18970414201183433,0.5945528358322797,0.10980925228183765
esm3_top4_bilstm_attn,test,1,flexibility_supporting,q8_loop_turn_bend_CTS,segment,apex_any,208,208,0,3581,1102,0.3077352694777995,0.3104537859728263,0.2940596472211321,0.3266068579205897,,,,,,,,,,,,,,,,,,,,,,,,,,,,,,,
esm3_top4_bilstm_attn,test,1,flexibility_supporting,q8_loop_turn_bend_CTS,segment,band_interval_any,208,208,0,3581,1566,0.4373080145210835,0.4131827826325051,0.3941322264619845,0.43332707226679223,,,,,,,,,,,,,,,,,,,,,,,,,,,,,,,
esm3_top28_bilstm_attn,train,-1,rigidity_supporting,q8_loop_turn_bend_CTS,residue,apex_exact,967,967,938,92205,147,0.0015942736294127216,0.00144482964717804,0.001132582969034027,0.0017968623573003672,0.03000035492410968,0.02286834740331985,0.03733939377135275,0.00144482964717804,0.0011265097005071594,0.0017734605569294285,0.9589927570704861,0.9578916617679507,0.960087137567438,0.0027319859906164414,0.002128815888044064,0.0033847839962676367,0.4802187933588321,0.47966597059419286,0.480812505098343,-0.12484408281239827,-0.12766303882922297,-0.12206051007585118,0.41236833872113504,0.40462836468643076,0.4198920654513177,147.0,5463.0,92058.0,123971.0,0.026203208556149733,0.0015942736294127216,0.9577931609932475,0.00300567397638399,0.4796937173113301,-0.1274454654214555
esm3_top28_bilstm_attn,train,-1,rigidity_supporting,q8_loop_turn_bend_CTS,residue,band_interval,967,967,938,92205,30137,0.32684778482728705,0.24778952585539707,0.2359070124666616,0.26017880903312685,0.22151097175413761,0.21191927191898566,0.2309070412908419,0.24778952585539707,0.23512347108402856,0.260143201850916,0.4406169150889514,0.4269312940085162,0.453726376416696,0.22159777261953356,0.21176999608202943,0.23176607845632455,0.3442032204721743,0.34005475305418925,0.3484531845061701,-0.3261749672031226,-0.3342632219619994,-0.31757998363739265,0.41236833872113504,0.4048823928476228,0.42003033098552134,30137.0,79044.0,62068.0,50390.0,0.27602788030884495,0.32684778482728705,0.38931038212525304,0.299295879554686,0.35807908347627004,-0.27983956280050676
esm3_top28_bilstm_attn,train,-1,rigidity_supporting,neq_peak,residue,apex_exact,967,967,938,16230,13,0.0008009858287122613,0.0009730896720662773,0.0003744652543365007,0.0017279604216523736,0.0024938429256126486,0.0011071026669374215,0.004253072354085146,0.0009730896720662773,0.0003610182364231065,0.001743164431996113,0.9740618520264307,0.9734869231360295,0.9746288731064698,0.0013649256147618624,0.0005626339908197,0.0023901775020393127,0.4875174708492485,0.4871049635105519,0.487969391171135,-0.0423773327149199,-0.04347641869386036,-0.04104862426935661,0.07197259418148319,0.070992858486298,0.072890237363715,13.0,5597.0,16217.0,199812.0,0.0023172905525846704,0.0008009858287122613,0.9727519242097474,0.0011904761904761906,0.48677645501922984,-0.04386412073850151
esm3_top28_bilstm_attn,train,-1,rigidity_supporting,neq_peak,residue,apex_within1,967,967,938,16230,41,0.0025261860751694394,0.002227914655898127,0.0014083902105028819,0.003190395756082825,0.0019470363619997924,0.0013197783727322816,0.0027371797164856427,0.002227914655898127,0.0014293609895220025,0.0031390642203353836,0.9221157661157419,0.9204832759656393,0.9238073197569772,0.00201497520131174,0.0012869966069925956,0.0028026928565731313,0.46217184038581993,0.4613046111137541,0.4631182119339023,-0.07612692367245058,-0.07735076334614467,-0.07482482923521404,0.07197259418148319,0.07101948855130191,0.07288270555917643,41.0,16789.0,16189.0,188620.0,0.0024361259655377304,0.0025261860751694394,0.9182655093009556,0.002480338777979431,0.4603958476880625,-0.0778974310135479
esm3_top28_bilstm_attn,train,-1,rigidity_supporting,neq_peak,residue,apex_within2,967,967,938,16230,104,0.00640788662969809,0.005485918836423533,0.004201712123538321,0.006851734544255882,0.0031903135703824155,0.002443942204693755,0.004080523650284309,0.005485918836423533,0.004221457851905468,0.0069295813994849085,0.8703394164031928,0.8674462936972072,0.8731613968515427,0.0038854050200662366,0.002971806714779804,0.004936002061014975,0.4379126676198082,0.4364319908296015,0.43939278838616064,-0.09955664110337419,-0.1012491076266884,-0.09791275380219701,0.07197259418148319,0.07105884322839047,0.0729070714146192,104.0,27946.0,16126.0,177463.0,0.0037076648841354726,0.00640788662969809,0.8639494861471503,0.004697380307136405,0.43517868638842416,-0.10158042990960416
esm3_top28_bilstm_attn,train,-1,rigidity_supporting,neq_peak,residue,apex_within5,967,967,938,16230,1641,0.1011090573012939,0.08992471463521763,0.0831335449375857,0.09694388633549422,0.023917701884009067,0.022197356925074668,0.025663192784232573,0.08992471463521763,0.08341044197628225,0.09662433395846334,0.7214593763991732,0.7151889193935231,0.7275298253634382,0.03627384554115782,0.03368502817343224,0.038909408520175236,0.40569204551719545,0.40256097215245545,0.40886077385465985,-0.11273251241933747,-0.11634652930314876,-0.10921059335693623,0.07197259418148319,0.07105453105661234,0.0728716344874086,1641.0,60040.0,14589.0,145369.0,0.026604627032635657,0.1011090573012939,0.7077051151604847,0.04212498876923669,0.40440708623088933,-0.11113375882640573
esm3_top28_bilstm_attn,train,-1,rigidity_supporting,neq_peak,residue,band_interval,967,967,938,16230,4676,0.2881084411583487,0.21622851646895155,0.204152351999612,0.22867151589350077,0.03264677136660463,0.031015690428790238,0.03433460068595465,0.21622851646895155,0.20427869753058753,0.2290281917078608,0.5506745195391552,0.5395012180799359,0.5614402147243266,0.054354218278933615,0.05152816533993935,0.057231668391433385,0.38345151800405336,0.379599844896992,0.38716331851853736,-0.12969466598520799,-0.13347705921775088,-0.12610090593440051,0.07197259418148319,0.07099973040564735,0.07289862523144801,4676.0,104505.0,11554.0,100904.0,0.04282796457259047,0.2881084411583487,0.4912345612899143,0.07457081117286363,0.3896715012241315,-0.11497885696909556
esm3_top28_bilstm_attn,train,-1,rigidity_supporting,q8_loop_turn_bend_CTS,segment,apex_any,967,967,0,16731,141,0.008427469965931505,0.008894075342701407,0.00693259282318102,0.010963115015984624,,,,,,,,,,,,,,,,,,,,,,,,,,,,,,,
esm3_top28_bilstm_attn,train,-1,rigidity_supporting,q8_loop_turn_bend_CTS,segment,band_interval_any,967,967,0,16731,8525,0.5095332018408941,0.41539685793290393,0.3994421784705463,0.43249225905645083,,,,,,,,,,,,,,,,,,,,,,,,,,,,,,,
esm3_top28_bilstm_attn,train,1,flexibility_supporting,q8_loop_turn_bend_CTS,residue,apex_exact,967,967,953,92205,5423,0.058814597906838025,0.061781012350784995,0.06013480547244512,0.06339815705388117,0.9229770353575438,0.9134900332605825,0.9322522334702065,0.061781012350784995,0.060149329436450155,0.0635391689689722,0.9966588743661148,0.996252779397841,0.9970480937761177,0.11468766884196507,0.11181939226441288,0.1176549240235849,0.5292199433584499,0.5283281530994894,0.5301100679754794,0.17412385380987902,0.17006532697581012,0.17800551486877503,0.41236833872113504,0.40463401207780764,0.4203497958485407,5423.0,464.0,86782.0,128970.0,0.9211822660098522,0.058814597906838025,0.9964151613949966,0.11056966929005424,0.5276148796509174,0.16929734210423306
esm3_top28_bilstm_attn,train,1,flexibility_supporting,q8_loop_turn_bend_CTS,residue,band_interval,967,967,953,92205,41158,0.446374925437883,0.4248609636264652,0.41575792891472413,0.4340275901867362,0.685167020682699,0.6740840220652021,0.695674112217178,0.4248609636264652,0.41546054101673074,0.43421367559214863,0.8628173736870499,0.857381449086622,0.8684160078991398,0.5012717776535607,0.4926035445460136,0.5098872449952699,0.6438391686567576,0.6397176945727573,0.6480731612795712,0.3242859518316875,0.3158001852853804,0.332635680645419,0.41236833872113504,0.40453837474091026,0.42015566644191843,41158.0,21143.0,51047.0,108291.0,0.6606314505385146,0.446374925437883,0.8366503391689973,0.5327689539564806,0.6415126323034401,0.3103269106125567
esm3_top28_bilstm_attn,train,1,flexibility_supporting,neq_peak,residue,apex_exact,967,967,953,16230,1514,0.09328404189772027,0.09497254827770764,0.08885483579496808,0.10108761674360003,0.2539419117216579,0.23869439689678798,0.2700423101096022,0.09497254827770764,0.08898063452179493,0.10111293479817199,0.9788719735276192,0.9782396741862103,0.9794693803934407,0.1347495738561245,0.1263626892599753,0.14292251068096937,0.5369222609026636,0.5338729763883275,0.5402098262424453,0.11678847155669742,0.10727202082207275,0.12605716914190554,0.07197259418148319,0.07100256156959549,0.07287515054327065,1514.0,4373.0,14716.0,201036.0,0.2571768303040598,0.09328404189772027,0.9787107672984143,0.13690826061400732,0.5359974045980673,0.11663952599733396
esm3_top28_bilstm_attn,train,1,flexibility_supporting,neq_peak,residue,apex_within1,967,967,953,16230,3814,0.2349969192852742,0.2347453917799151,0.2268637203960027,0.24297687683984304,0.21138740675540255,0.2057778978719572,0.2170854241067514,0.2347453917799151,0.22669509208696587,0.24243382179794362,0.9327550281548589,0.9312180034081653,0.9342767498287684,0.21469574151070814,0.20874061684301584,0.22065512537917112,0.5837502099673869,0.5798420381316035,0.5875609550536686,0.15840030444698686,0.15185565163098358,0.16474045669437462,0.07197259418148319,0.07105562098335537,0.07289513781630487,3814.0,13847.0,12416.0,191562.0,0.2159560613781779,0.2349969192852742,0.9325881533915261,0.22507450355551623,0.5837925363384001,0.16121483987384927
esm3_top28_bilstm_attn,train,1,flexibility_supporting,neq_peak,residue,apex_within2,967,967,953,16230,5043,0.310720887245841,0.3079441332804868,0.2998634170328334,0.3162794390146719,0.16700690109893124,0.16400242162799403,0.16999324257753912,0.3079441332804868,0.2994305034276366,0.31671828141514247,0.8816544717730922,0.8789195779051577,0.8842378013811091,0.20913235181329007,0.20492052024877444,0.21330449749381025,0.5947993025267895,0.5910299539506343,0.5980151732598821,0.14356666869239562,0.13901930938118046,0.1481363292948147,0.07197259418148319,0.07106842759412478,0.07290920767765163,5043.0,24390.0,11187.0,181019.0,0.17133829375191112,0.310720887245841,0.8812612884537678,0.22087904868274094,0.5959910878498045,0.14737681534322583
esm3_top28_bilstm_attn,train,1,flexibility_supporting,neq_peak,residue,apex_within5,967,967,953,16230,6743,0.41546518792359827,0.4060909202709207,0.3964615522403281,0.41551754960200643,0.10224749740484032,0.10069417185641173,0.10388648660973336,0.4060909202709207,0.3966936312639658,0.4147549169756496,0.721645470847722,0.7157055046991413,0.7276236554166666,0.15857430652584117,0.15587725377341796,0.1611494847067419,0.5638681955593216,0.5606816462247841,0.5671423646591175,0.07317656770212645,0.06961687114612494,0.07653562747026368,0.07197259418148319,0.07105651500682016,0.07292064520781891,6743.0,57659.0,9487.0,147750.0,0.10470171733797087,0.41546518792359827,0.7192966228354162,0.16725369580315508,0.5673809053795072,0.07732301504660387
esm3_top28_bilstm_attn,train,1,flexibility_supporting,neq_peak,residue,band_interval,967,967,953,16230,7595,0.46796056685150955,0.4376291181837661,0.4272546606791769,0.44759390533720234,0.12594609209745655,0.1237835667859042,0.12810113684209284,0.4376291181837661,0.42796559038800935,0.4477366812578348,0.7596458559994147,0.7541276959045786,0.7651355650769995,0.1886018141413117,0.18540871600252118,0.19182116682898503,0.5986374870915905,0.5950581544625715,0.6021349609911505,0.11885206287832681,0.11515663533756863,0.12267322361183462,0.07197259418148319,0.07104322630061108,0.07293699896618243,7595.0,54706.0,8635.0,150703.0,0.12190815556732637,0.46796056685150955,0.733672818620411,0.19342679960779818,0.6008166927359603,0.11684879726676489
esm3_top28_bilstm_attn,train,1,flexibility_supporting,q8_loop_turn_bend_CTS,segment,apex_any,967,967,0,16731,5374,0.3212001673540135,0.32352131155921593,0.3164817285373903,0.331110192814297,,,,,,,,,,,,,,,,,,,,,,,,,,,,,,,
esm3_top28_bilstm_attn,train,1,flexibility_supporting,q8_loop_turn_bend_CTS,segment,band_interval_any,967,967,0,16731,7345,0.439005439005439,0.41134232041906077,0.40259742962308737,0.4200301455598752,,,,,,,,,,,,,,,,,,,,,,,,,,,,,,,
esm3_top28_bilstm_attn,validation,-1,rigidity_supporting,q8_loop_turn_bend_CTS,residue,apex_exact,208,208,207,19379,29,0.0014964652458847206,0.001449133101984189,0.0007779242768801356,0.0021799306234576384,0.029536771523131285,0.01484515644202345,0.047702612738844616,0.001449133101984189,0.0008197973844325225,0.002226593940465982,0.9561264288325731,0.9536642590721036,0.9584795445823889,0.0027416731780838532,0.001461828309775489,0.004181899103063693,0.47878778096727864,0.4775326535597927,0.4800294112806571,-0.12768602124245212,-0.13378174363429415,-0.12116400660125601,0.41067693071209754,0.39580925465757805,0.42667754770058136,29.0,1191.0,19350.0,26889.0,0.023770491803278688,0.0014964652458847206,0.9575854700854701,0.0028156706636244476,0.47954096766567744,-0.1270852611113491
esm3_top28_bilstm_attn,validation,-1,rigidity_supporting,q8_loop_turn_bend_CTS,residue,band_interval,208,208,207,19379,5861,0.3024407864182878,0.26484896032899674,0.2398865196889941,0.2914844441580955,0.22831545951743693,0.20691887368579642,0.24901285309899937,0.26484896032899674,0.23949592437246478,0.2914449079648613,0.40781967394612423,0.38497480140563356,0.4294137939028158,0.23777670823885286,0.21605913965949974,0.2596534141813847,0.33633431713756046,0.32737725102522885,0.34538065833572357,-0.3287620806477803,-0.3468514575611969,-0.3115635534071945,0.41067693071209754,0.3948083646252665,0.4258923148025517,5861.0,16849.0,13518.0,11231.0,0.25808014090708936,0.3024407864182878,0.39996438746438745,0.2785050725842857,0.35120258694133766,-0.2928209967308553
esm3_top28_bilstm_attn,validation,-1,rigidity_supporting,neq_peak,residue,apex_exact,208,208,207,3497,0,0.0,0.0,0.0,0.0,0.0,0.0,0.0,0.0,0.0,0.0,0.9722350002658616,0.9711494709964159,0.9732750124762053,0.0,0.0,0.0,0.4861175001329308,0.485582181247944,0.4866807230962912,-0.045148283970190814,-0.0464357717284106,-0.04386258727628042,0.07262432419660286,0.07064044399989956,0.07455140251083943,0.0,1220.0,3497.0,42742.0,0.0,0.0,0.9722487602929804,0.0,0.4861243801464902,-0.04581258459877749
esm3_top28_bilstm_attn,validation,-1,rigidity_supporting,neq_peak,residue,apex_within1,208,208,207,3497,10,0.0028595939376608523,0.0028868903615353924,0.0010021543339558045,0.005090708243281769,0.0023662551440329217,0.000948227385425453,0.004074345653451934,0.0028868903615353924,0.001035219628335754,0.005110456016262304,0.9169348656671589,0.9136520318821476,0.920140987828539,0.0024955459921818203,0.0009613753902547006,0.004221945612715166,0.4599108780143472,0.458170794080976,0.46183965925540527,-0.07767387035788235,-0.08035541866842941,-0.07468839436967646,0.07262432419660286,0.0706264470035444,0.07463972210409141,10.0,3650.0,3487.0,40312.0,0.00273224043715847,0.0028595939376608523,0.9169737500568673,0.002794466955428252,0.4599166719972641,-0.07850687043244242
esm3_top28_bilstm_attn,validation,-1,rigidity_supporting,neq_peak,residue,apex_within2,208,208,207,3497,28,0.008006863025450386,0.007605559034628507,0.0045311523665510734,0.010795776436512364,0.004037730921788893,0.0024673166339833005,0.005963468362019084,0.007605559034628507,0.004654427461753463,0.010931794816691175,0.8618234065584931,0.8566420844153181,0.8673639500631911,0.0051637284964315315,0.003068986953901864,0.0074013917770025285,0.4347144827965609,0.4318077639026018,0.4375258081057712,-0.10092140728996606,-0.10442183476186297,-0.09738541139979717,0.07262432419660286,0.07066629292306177,0.07466024394293966,28.0,6072.0,3469.0,37890.0,0.0045901639344262295,0.008006863025450386,0.8618807151630954,0.005835156819839533,0.4349437890942729,-0.1015676409254548
esm3_top28_bilstm_attn,validation,-1,rigidity_supporting,neq_peak,residue,apex_within5,208,208,207,3497,373,0.10666285387474979,0.10449777733070184,0.0907483107617906,0.11870795667601698,0.02608118687953946,0.0225724638140224,0.029944674314521563,0.10449777733070184,0.09004430374690998,0.11904196959199341,0.7035357384058067,0.6927441341495286,0.7143794870090819,0.04113427165145871,0.035783757304184864,0.046563322577064144,0.40401675786825425,0.3973656419534678,0.41068697305539914,-0.11114344368306223,-0.11841944310580389,-0.10346571391723777,0.07262432419660286,0.07054928799396254,0.07464789274311567,373.0,13040.0,3124.0,30922.0,0.027808842168045925,0.10666285387474979,0.7033801919839862,0.044115907746895326,0.405021522929368,-0.11021627390764377
esm3_top28_bilstm_attn,validation,-1,rigidity_supporting,neq_peak,residue,band_interval,208,208,207,3497,940,0.2688018301401201,0.23630687348619586,0.21094763654100962,0.2638469421473187,0.035015594531042124,0.03179100047048427,0.038292831607073606,0.23630687348619586,0.20866711625897755,0.263978388214683,0.5221671647258852,0.5007926410541904,0.5417575321727639,0.05988610057381251,0.05438207461934061,0.06588750556258527,0.3792370191060405,0.3707228350474344,0.3874311509846858,-0.12825190950487753,-0.13645067258471627,-0.12003674572089111,0.07262432419660286,0.07051777742068616,0.07472626646255012,940.0,21770.0,2557.0,22192.0,0.041391457507705856,0.2688018301401201,0.5047995996542468,0.07173655893463579,0.3868007148971835,-0.11840575788687245
esm3_top28_bilstm_attn,validation,-1,rigidity_supporting,q8_loop_turn_bend_CTS,segment,apex_any,208,208,0,3587,29,0.008084750487872874,0.008523874020663359,0.0045091014981186285,0.01310969792728803,,,,,,,,,,,,,,,,,,,,,,,,,,,,,,,
esm3_top28_bilstm_attn,validation,-1,rigidity_supporting,q8_loop_turn_bend_CTS,segment,band_interval_any,208,208,0,3587,1716,0.47839420128240867,0.4471961885908829,0.413971795962945,0.47937879914958553,,,,,,,,,,,,,,,,,,,,,,,,,,,,,,,
esm3_top28_bilstm_attn,validation,1,flexibility_supporting,q8_loop_turn_bend_CTS,residue,apex_exact,208,208,208,19379,1175,0.06063264358326023,0.06457736856069435,0.061057436127055324,0.06818060912877495,0.9121394771445378,0.8922028199182173,0.9312404977395805,0.06457736856069435,0.06117162332117313,0.06801529895109207,0.9957869357651759,0.9948582571202245,0.996672465729783,0.11955175793382154,0.11364370820478338,0.1252525217016774,0.5301821521629351,0.5283592365927277,0.5320949279361852,0.17440861938513585,0.16575070356579455,0.1832510695258768,0.41067693071209754,0.3951594677154241,0.42616406613259333,1175.0,109.0,18204.0,27971.0,0.9151090342679128,0.06063264358326023,0.9961182336182336,0.11372985529690752,0.5283754386007469,0.17192967728419653
esm3_top28_bilstm_attn,validation,1,flexibility_supporting,q8_loop_turn_bend_CTS,residue,band_interval,208,208,208,19379,8944,0.46153052273079104,0.438977537818096,0.42071971071744857,0.4583996614990795,0.6762504506162335,0.6564375989696276,0.6964343144365834,0.438977537818096,0.41963451683917014,0.4590829518619639,0.8504172150952967,0.8379107325310066,0.8617624691670305,0.5101052065311176,0.4940064613026185,0.5251728886081337,0.6446973764566963,0.6366738485360165,0.6527120861052595,0.31988032702362906,0.3036105550235099,0.3359611738952042,0.41067693071209754,0.39577058873444654,0.42736406515033787,8944.0,4775.0,10435.0,23305.0,0.6519425614111816,0.46153052273079104,0.8299501424501424,0.5404556166535742,0.6457403325904667,0.3160386644638468
esm3_top28_bilstm_attn,validation,1,flexibility_supporting,neq_peak,residue,apex_exact,208,208,208,3497,318,0.0909350872176151,0.09181813251484178,0.08056995035277176,0.10311719534198412,0.2376919144030733,0.21062012361022353,0.26877041144619274,0.09181813251484178,0.08108213591377032,0.10327033702017344,0.9771481537903638,0.9759151993341588,0.9783435455051643,0.12966681772204033,0.11393058628630717,0.1453700175105482,0.5344831431526027,0.5286911234445468,0.5403706580500877,0.10679477487139419,0.08909237390001416,0.12530330951350094,0.07262432419660286,0.07058436290117048,0.07458146592712162,318.0,966.0,3179.0,42996.0,0.24766355140186916,0.0909350872176151,0.9780264774123106,0.13302656348044342,0.5344807823149629,0.11104721715226032
esm3_top28_bilstm_attn,validation,1,flexibility_supporting,neq_peak,residue,apex_within1,208,208,208,3497,827,0.23648841864455247,0.24048287436391474,0.22549431580738524,0.25592675870765,0.20956946962450507,0.19757285387567522,0.2213190294842781,0.24048287436391474,0.22470400055477863,0.256391547582648,0.9293886505657423,0.9264263813736945,0.9323889609971614,0.21878665514008352,0.20660081278666756,0.2311006219852243,0.5849357624648285,0.5776079551290564,0.5924938668918921,0.15750066657296402,0.14442504859927796,0.1703460310500377,0.07262432419660286,0.07060567630574385,0.0746771563534598,827.0,3025.0,2670.0,40937.0,0.21469366562824507,0.23648841864455247,0.9311905736772668,0.2250646346441693,0.5838394961609096,0.16041462055900318
esm3_top28_bilstm_attn,validation,1,flexibility_supporting,neq_peak,residue,apex_within2,208,208,208,3497,1090,0.3116957392050329,0.3169909469962246,0.30108459329592924,0.3328535811095637,0.16667005684654976,0.16023141245457476,0.17300997314370287,0.3169909469962246,0.3009908709425321,0.33226895764589054,0.8759801383620456,0.8709119685343861,0.8810623051373212,0.21369808560704626,0.20547068874618596,0.2216048101903405,0.5964855426791351,0.5892662616531982,0.6034590309023207,0.14347238231330298,0.1342032646230887,0.1527243019556672,0.07262432419660286,0.07065733160925142,0.07454632068814286,1090.0,5330.0,2407.0,38632.0,0.16978193146417445,0.3116957392050329,0.8787589281652336,0.21982454371281637,0.5952273336851333,0.14548300345321113
esm3_top28_bilstm_attn,validation,1,flexibility_supporting,neq_peak,residue,apex_within5,208,208,208,3497,1460,0.4175007148984844,0.4215806285673181,0.4025956587305169,0.4401796832710364,0.1012831402466369,0.0982692012056089,0.1043131167172695,0.4215806285673181,0.40428290694439556,0.4399342100238368,0.708406457886156,0.6969283609349427,0.7202527023626015,0.16097608352274895,0.15613570904153543,0.16562091362583148,0.564993543226737,0.5580760755441649,0.5721588047887984,0.07226625435652295,0.06497426205125721,0.07927074500237204,0.07262432419660286,0.07056656706336607,0.07460294806373523,1460.0,12578.0,2037.0,31384.0,0.10400341929049722,0.4175007148984844,0.7138892680041854,0.16652409466780724,0.565694991451335,0.07521188165118599
esm3_top28_bilstm_attn,validation,1,flexibility_supporting,neq_peak,residue,band_interval,208,208,208,3497,1649,0.4715470403202745,0.44905837732329307,0.42830012569291015,0.4711095922723242,0.12521474185663387,0.12084498370843831,0.12975947261098333,0.44905837732329307,0.42902732464455584,0.4692451645877438,0.7482104796902076,0.7346066378311805,0.7610065672902886,0.1907966572501472,0.18463763445297135,0.19677595335291925,0.5986344285067502,0.5909709532238901,0.6065437739724535,0.11689603520664506,0.1087522867396669,0.12522027670269414,0.07262432419660286,0.07062044025322424,0.0746144002296928,1649.0,12070.0,1848.0,31892.0,0.12019826517967781,0.4715470403202745,0.7254447022428461,0.19156598513011153,0.5984958712815602,0.11352742616471112
esm3_top28_bilstm_attn,validation,1,flexibility_supporting,q8_loop_turn_bend_CTS,segment,apex_any,208,208,0,3587,1162,0.3239475885140786,0.33477796007836613,0.3201235843324785,0.34931765695070094,,,,,,,,,,,,,,,,,,,,,,,,,,,,,,,
esm3_top28_bilstm_attn,validation,1,flexibility_supporting,q8_loop_turn_bend_CTS,segment,band_interval_any,208,208,0,3587,1629,0.4541399498187901,0.43496922278324957,0.4163232070865656,0.45385405325322575,,,,,,,,,,,,,,,,,,,,,,,,,,,,,,,
esm3_top28_bilstm_attn,test,-1,rigidity_supporting,q8_loop_turn_bend_CTS,residue,apex_exact,208,208,206,19451,31,0.001593748393398797,0.001258909389899675,0.000783631849010385,0.0017729311210522355,0.02097566593568878,0.012520851566575437,0.02965308578565287,0.001258909389899675,0.0007772931452835485,0.001787119868013338,0.9567129567869948,0.9545518714815424,0.9587093209834999,0.0023632027649429237,0.0014614302302450363,0.0033603705890016566,0.4789859330884472,0.47792805173457364,0.48000494728537585,-0.12941100506869346,-0.13479478135542056,-0.12374160092235313,0.4139743765456635,0.39817248506494035,0.43010415223683135,31.0,1178.0,19420.0,26706.0,0.02564102564102564,0.001593748393398797,0.9577535504231818,0.003000968054211036,0.47967364940829027,-0.12678032593195945
esm3_top28_bilstm_attn,test,-1,rigidity_supporting,q8_loop_turn_bend_CTS,residue,band_interval,208,208,206,19451,5524,0.28399568145596626,0.24304795579602465,0.21907258780330405,0.26806066866687,0.22125505798968786,0.20298557545897172,0.24146149072174564,0.24304795579602465,0.21965804435474648,0.26749794080839995,0.4310148797762785,0.4071038934342805,0.4553756046097679,0.22274517238010708,0.20274294254341813,0.2426679580196098,0.3370314177861516,0.3272540069168831,0.34620306478312546,-0.33023926110896323,-0.3474826082898695,-0.31327951126613035,0.4139743765456635,0.3976229702106034,0.43054606475833845,5524.0,16391.0,13927.0,11493.0,0.2520647958019621,0.28399568145596626,0.412171854827141,0.26707924382342985,0.3480837681415536,-0.29979485036067177
esm3_top28_bilstm_attn,test,-1,rigidity_supporting,neq_peak,residue,apex_exact,208,208,206,3498,0,0.0,0.0,0.0,0.0,0.0,0.0,0.0,0.0,0.0,0.0,0.9731295160952518,0.9720213876631794,0.9742772308679274,0.0,0.0,0.0,0.4865647580476259,0.4859486398036216,0.4871544275406554,-0.044433730059277185,-0.04569237118559358,-0.043092596195047676,0.07254445246022237,0.0703627091035003,0.07463023149427458,0.0,1209.0,3498.0,42628.0,0.0,0.0,0.9724205579761389,0.0,0.48621027898806946,-0.04573300544851028
esm3_top28_bilstm_attn,test,-1,rigidity_supporting,neq_peak,residue,apex_within1,208,208,206,3498,15,0.004288164665523156,0.0035666134307401685,0.0016590009667463003,0.005736645692942859,0.0035552552094341877,0.001729134516637155,0.005766054495080454,0.0035666134307401685,0.0016875568328995577,0.005700787169487681,0.9196893725340641,0.9163140812912184,0.9230746186324842,0.0035042197702381886,0.001663007416901693,0.005605471030705681,0.4616279929824022,0.4597730845653557,0.46354007793416374,-0.07528743165687582,-0.07836659214558493,-0.07201251173362698,0.07254445246022237,0.07047854980162375,0.0745301426380969,15.0,3612.0,3483.0,40225.0,0.0041356492969396195,0.004288164665523156,0.9176038506284645,0.004210526315789474,0.46094600764699384,-0.07681950472531628
esm3_top28_bilstm_attn,test,-1,rigidity_supporting,neq_peak,residue,apex_within2,208,208,206,3498,35,0.010005717552887363,0.010383225284823742,0.006412701176552548,0.014879876622693479,0.006490761009545306,0.0038093078038466386,0.009460667728278008,0.010383225284823742,0.006523673253252632,0.014984199020164303,0.8664918961764253,0.8610365531113714,0.8718179418316644,0.007797020045095531,0.004749476692822791,0.011341073689513662,0.43843756073062445,0.4349059096878878,0.44189795654777336,-0.0961963939801157,-0.10098571882114148,-0.09122880571319791,0.07254445246022237,0.0704579049560917,0.07465015757184773,35.0,6010.0,3463.0,37827.0,0.005789909015715467,0.010005717552887363,0.8629012021808061,0.007335219532641727,0.43645345986684675,-0.09961657980338912
esm3_top28_bilstm_attn,test,-1,rigidity_supporting,neq_peak,residue,apex_within5,208,208,206,3498,353,0.10091480846197827,0.09470774367698617,0.08090767112245316,0.10923422889737722,0.024965494679097356,0.021610240876350887,0.028485631758876532,0.09470774367698617,0.08136201708949028,0.10888568948235003,0.7124723511448473,0.7009108010486023,0.7239282120779974,0.03866836515328685,0.03328735946538427,0.04409468872719257,0.40359004741091675,0.3966981459479418,0.41012028048801596,-0.11262237080675333,-0.12003586820017488,-0.10472360340491167,0.07254445246022237,0.07038886164678888,0.07459967758453706,353.0,12940.0,3145.0,30897.0,0.026555329872865418,0.10091480846197827,0.7048155667586742,0.04204633434578048,0.40286518761032625,-0.11308791070528201
esm3_top28_bilstm_attn,test,-1,rigidity_supporting,neq_peak,residue,band_interval,208,208,206,3498,876,0.2504288164665523,0.2198475118223304,0.19714875553099293,0.24557366348219647,0.034265973992782715,0.030907972170010664,0.03756108655411677,0.2198475118223304,0.1954857152168943,0.24408864898129168,0.5484177688243205,0.5262473599620605,0.5701003299349223,0.05799440743066082,0.05214057309011615,0.0640674612160925,0.38413264032332545,0.3757418587326812,0.3923177304622898,-0.12512718927232525,-0.13308418050506407,-0.1168686620458858,0.07254445246022237,0.07040624011409731,0.07465066964536675,876.0,21039.0,2622.0,22798.0,0.03997262149212868,0.2504288164665523,0.5200629605128089,0.06894109314130563,0.38524588848968055,-0.12041207906670366
esm3_top28_bilstm_attn,test,-1,rigidity_supporting,q8_loop_turn_bend_CTS,segment,apex_any,208,208,0,3581,30,0.008377548170901982,0.007506475894013944,0.004503877949774959,0.010975659805932545,,,,,,,,,,,,,,,,,,,,,,,,,,,,,,,
esm3_top28_bilstm_attn,test,-1,rigidity_supporting,q8_loop_turn_bend_CTS,segment,band_interval_any,208,208,0,3581,1648,0.4602066461882156,0.4195145879290629,0.387503407424701,0.4517883047487334,,,,,,,,,,,,,,,,,,,,,,,,,,,,,,,
esm3_top28_bilstm_attn,test,1,flexibility_supporting,q8_loop_turn_bend_CTS,residue,apex_exact,208,208,206,19451,1163,0.05979127037170325,0.0613669402067741,0.057986148618266536,0.06497170206757301,0.9109851971086546,0.88421325397059,0.9334579277409383,0.0613669402067741,0.057795078907176715,0.06490678579021092,0.9966721799626911,0.9958761121207884,0.9974194833122244,0.11397606475526663,0.10775077343451057,0.12039401205654486,0.5290195600847325,0.5271453704865366,0.5308732598151582,0.17125925963042188,0.1617410684062434,0.18057468684488218,0.4139743765456635,0.3976879691290152,0.429098765030316,1163.0,94.0,18288.0,27790.0,0.9252187748607796,0.05979127037170325,0.9966288911203558,0.11232373961753911,0.5282100807460295,0.17265071443399072
esm3_top28_bilstm_attn,test,1,flexibility_supporting,q8_loop_turn_bend_CTS,residue,band_interval,208,208,206,19451,8547,0.43941185543159733,0.41918449383672285,0.3988335429961449,0.4385572914480113,0.6584315880747319,0.6353724732779232,0.6805222044497734,0.41918449383672285,0.3993909223316516,0.4382368041054769,0.8458805945123005,0.8327900582319934,0.858552466561435,0.48816692681785084,0.47035505579442843,0.5061933418102469,0.6325325441745117,0.6238446997943816,0.6410077509329825,0.29513421799203066,0.27810299225397506,0.3128777686818415,0.4139743765456635,0.39840198569984037,0.429895462979117,8547.0,4964.0,10904.0,22920.0,0.6325956627932795,0.43941185543159733,0.8219767608664467,0.5185971725016686,0.6306943081490219,0.28475997353814037
esm3_top28_bilstm_attn,test,1,flexibility_supporting,neq_peak,residue,apex_exact,208,208,206,3498,325,0.09291023441966838,0.09110490058724771,0.08040199375036934,0.10247319281401508,0.24943061505243366,0.21915927241741062,0.27907668369787836,0.09110490058724771,0.0805566564726194,0.10316839330407694,0.9785907049481868,0.9773401651561714,0.9798245428920891,0.13076713499647485,0.11540177443940197,0.14656552160808048,0.5348478027677172,0.5292065419273648,0.5405741152875514,0.11192372151928226,0.09345351760121261,0.13060773261632558,0.07254445246022237,0.07059818455383027,0.0745842964004425,325.0,932.0,3173.0,42905.0,0.25855210819411295,0.09291023441966838,0.9787394210370235,0.1366982124079916,0.5358248277283459,0.11658158957059447
esm3_top28_bilstm_attn,test,1,flexibility_supporting,neq_peak,residue,apex_within1,208,208,206,3498,847,0.24213836477987422,0.24458705223956928,0.2292454881156496,0.2609623830924987,0.22203924548392304,0.21020402058025747,0.23371746402841986,0.24458705223956928,0.2283255342810302,0.2600458127569902,0.9336397689465502,0.930680169531485,0.9364109396304534,0.22608175404486971,0.2140246584549739,0.23857093391777112,0.5891134105930598,0.5813403381650034,0.5962074998683653,0.16923867528999395,0.15625328791639514,0.1825286270999254,0.07254445246022237,0.07033093057122777,0.07462141296484447,847.0,2924.0,2651.0,40913.0,0.22460885706709097,0.24213836477987422,0.9332983552706617,0.23304443527307744,0.587718360025268,0.16949569558961758
esm3_top28_bilstm_attn,test,1,flexibility_supporting,neq_peak,residue,apex_within2,208,208,206,3498,1083,0.3096054888507719,0.3077109712324947,0.29040540368587325,0.3254277969868577,0.16645141342295763,0.15962209362162183,0.1727081960095238,0.3077109712324947,0.2896964895073631,0.3254992364579227,0.8815296009276792,0.876495588435133,0.8866427916138805,0.20994216759344292,0.2008106002648468,0.2190418202073521,0.5946202860800869,0.5867993745254473,0.6028504248341153,0.14253501955841774,0.13183878979995994,0.15290727530119835,0.07254445246022237,0.07038181308269689,0.0746291875509594,1083.0,5202.0,2415.0,38635.0,0.17231503579952268,0.3096054888507719,0.8813331204233866,0.22140447715424716,0.5954693046370793,0.14720238566352675
esm3_top28_bilstm_attn,test,1,flexibility_supporting,neq_peak,residue,apex_within5,208,208,206,3498,1430,0.4088050314465409,0.40725257916547564,0.38835151629756565,0.42628783106817103,0.10186968017693418,0.0985547725973877,0.10527578971222484,0.40725257916547564,0.3884603231832677,0.4257833798912859,0.7204932126916597,0.7090484330496595,0.7328633645171317,0.1589640825851422,0.1539983468965531,0.1639706598628667,0.5638728959285675,0.5566137791302448,0.5714436770321827,0.07198147285416086,0.06496148502857246,0.07940444645109113,0.07254445246022237,0.07035060592230451,0.07457182836907342,1430.0,12337.0,2068.0,31500.0,0.10387157695939565,0.4088050314465409,0.7185710701006,0.16565305531421953,0.5636880507735704,0.0733729327906831
esm3_top28_bilstm_attn,test,1,flexibility_supporting,neq_peak,residue,band_interval,208,208,206,3498,1593,0.4554030874785592,0.43206529137554733,0.4115412703673465,0.45200924744682197,0.12163122603315883,0.11744761864170773,0.1260760677940874,0.43206529137554733,0.41088080481498096,0.4531079244704357,0.7508422479778498,0.7377014996985005,0.7646286698172052,0.18348399071774193,0.1770656507058102,0.18984212915853732,0.5914537696766986,0.5840619243187676,0.5992485436971905,0.10912146790825984,0.10135376580702897,0.1164916096444113,0.07254445246022237,0.07032147867640294,0.07454975292729074,1593.0,11918.0,1905.0,31919.0,0.11790393013100436,0.4554030874785592,0.7281292059219381,0.1873125992121818,0.5917661467002486,0.1063130498204016
esm3_top28_bilstm_attn,test,1,flexibility_supporting,q8_loop_turn_bend_CTS,segment,apex_any,208,208,0,3581,1155,0.32253560457972635,0.32086761494409133,0.30438352124517654,0.3376850561494694,,,,,,,,,,,,,,,,,,,,,,,,,,,,,,,
esm3_top28_bilstm_attn,test,1,flexibility_supporting,q8_loop_turn_bend_CTS,segment,band_interval_any,208,208,0,3581,1592,0.44456855626919856,0.4217553434091628,0.40308405888551735,0.443051393919692,,,,,,,,,,,,,,,,,,,,,,,,,,,,,,,
