condition,split,sign,label,metric,metric_kind,directional_hypothesis,n_proteins,observed_macro_protein_mean,null_mean,delta,ratio_observed_to_null,null_std,null_z,p_upper,p_lower,p_two_sided,p_upper_q_bh,p_lower_q_bh,p_two_sided_q_bh
esm2_frozen_bilstm_attn,test,-1,rigidity_supporting,neq,continuous,flexibility-supporting higher,207,1.0219992215550755,1.366552152210789,-0.3445529306557136,0.747866973025288,0.0264815043186207,-13.011078468583758,1.0,0.000999000999000999,0.000999000999000999,1.0,0.002147106624718565,0.0010981385027186554
esm2_frozen_bilstm_attn,test,-1,rigidity_supporting,flexible_neq_gt1,binary,flexibility-supporting higher,207,0.1475380288146699,0.5896083423108892,-0.4420703134962193,0.25023056532140436,0.017632774044482803,-25.070945296582,1.0,0.000999000999000999,0.000999000999000999,1.0,0.002147106624718565,0.0010981385027186554
esm2_frozen_bilstm_attn,test,-1,rigidity_supporting,neq_top10_within_protein,binary,flexibility-supporting higher,207,0.0018978605935127675,0.1037794616347152,-0.10188160104120243,0.018287439187080107,0.010819989018978514,-9.416054014703686,1.0,0.000999000999000999,0.000999000999000999,1.0,0.002147106624718565,0.0010981385027186554
esm2_frozen_bilstm_attn,test,-1,rigidity_supporting,neq_peak,binary,flexibility-supporting higher,207,0.0018115942028985507,0.07223738512284972,-0.07042579091995117,0.025078346895000183,0.008652882562049238,-8.138997659442685,1.0,0.000999000999000999,0.000999000999000999,1.0,0.002147106624718565,0.0010981385027186554
esm2_frozen_bilstm_attn,test,-1,rigidity_supporting,distance_to_neq_peak,distance,flexibility-supporting lower,207,7.846284006322369,5.289151661834345,2.557132344488024,1.4834673890975512,0.19036205289011754,13.432994158578834,0.000999000999000999,1.0,0.000999000999000999,0.0022419139302256186,1.0,0.0010981385027186554
esm2_frozen_bilstm_attn,test,-1,rigidity_supporting,distance_to_neq_top10,distance,flexibility-supporting lower,207,9.643495227894205,7.964087828747142,1.6794073991470624,1.2108725362225514,0.24051677832655102,6.982495819343303,0.000999000999000999,1.0,0.000999000999000999,0.0022419139302256186,1.0,0.0010981385027186554
esm2_frozen_bilstm_attn,test,-1,rigidity_supporting,q3_is_H,binary,two-sided,207,0.7249788062021651,0.37866614680628957,0.3463126593958756,1.9145593349622438,0.01561885761224306,22.17272658433185,0.000999000999000999,1.0,0.000999000999000999,0.0022419139302256186,1.0,0.0010981385027186554
esm2_frozen_bilstm_attn,test,-1,rigidity_supporting,q3_is_E,binary,two-sided,207,0.2505709306007686,0.18478652526509518,0.06578440533567345,1.356002177330295,0.011928680966211613,5.51480968616815,0.000999000999000999,1.0,0.000999000999000999,0.0022419139302256186,1.0,0.0010981385027186554
esm2_frozen_bilstm_attn,test,-1,rigidity_supporting,q3_is_C,binary,two-sided,207,0.024450263197066262,0.4365473279286152,-0.41209706473154895,0.05600827592527242,0.01715191364342385,-24.026302446406586,1.0,0.000999000999000999,0.000999000999000999,1.0,0.002147106624718565,0.0010981385027186554
esm2_frozen_bilstm_attn,test,-1,rigidity_supporting,q8_is_T,binary,upper,207,0.0029522275899087494,0.08756564269143123,-0.08461341510152248,0.03371445122959899,0.009934544635051152,-8.517090436434161,1.0,0.000999000999000999,0.000999000999000999,1.0,0.002147106624718565,0.0010981385027186554
esm2_frozen_bilstm_attn,test,-1,rigidity_supporting,q8_is_S,binary,upper,207,0.0,0.03195058931982418,-0.03195058931982418,0.0,0.0061981867875733464,-5.154828406249623,1.0,0.000999000999000999,0.000999000999000999,1.0,0.002147106624718565,0.0010981385027186554
esm2_frozen_bilstm_attn,test,-1,rigidity_supporting,q8_turn_or_bend_TS,binary,upper,207,0.0029522275899087494,0.11951623201125541,-0.11656400442134666,0.024701478119145557,0.011441112082893296,-10.188170833116187,1.0,0.000999000999000999,0.000999000999000999,1.0,0.002147106624718565,0.0010981385027186554
esm2_frozen_bilstm_attn,test,-1,rigidity_supporting,q8_loop_turn_bend_CTS,binary,upper,207,0.01981697378116815,0.4144909118008543,-0.39467393801968614,0.0478103939482499,0.01698259636418651,-23.239905698517823,1.0,0.000999000999000999,0.000999000999000999,1.0,0.002147106624718565,0.0010981385027186554
esm2_frozen_bilstm_attn,test,-1,rigidity_supporting,structured_linker_loop,binary,upper,207,0.010637778753720782,0.29010868018660013,-0.27947090143287934,0.036668253934623675,0.015134563849290262,-18.465738703529617,1.0,0.000999000999000999,0.000999000999000999,1.0,0.002147106624718565,0.0010981385027186554
esm2_frozen_bilstm_attn,test,-1,rigidity_supporting,q3_boundary_within2,binary,upper,207,0.24509297852221976,0.6490460059804579,-0.40395302745823813,0.37762034780874876,0.01706505056488234,-23.67136422610555,1.0,0.000999000999000999,0.000999000999000999,1.0,0.002147106624718565,0.0010981385027186554
esm2_frozen_bilstm_attn,test,-1,rigidity_supporting,q8_boundary_within2,binary,upper,207,0.2349680209121812,0.7072288252399931,-0.4722608043278119,0.3322376188957604,0.015873728546408606,-29.751094895386743,1.0,0.000999000999000999,0.000999000999000999,1.0,0.002147106624718565,0.0010981385027186554
esm2_frozen_bilstm_attn,test,-1,rigidity_supporting,distance_to_q3_boundary,distance,lower,207,4.136769427093382,2.717193852026301,1.419575575067081,1.5224417735261901,0.1414663000304814,10.034726113294887,0.000999000999000999,1.0,0.000999000999000999,0.0022419139302256186,1.0,0.0010981385027186554
esm2_frozen_bilstm_attn,test,-1,rigidity_supporting,distance_to_q8_boundary,distance,lower,207,4.2587375303487836,2.2963313272290997,1.9624062031196838,1.854583212731609,0.1359692231130183,14.432723510441198,0.000999000999000999,1.0,0.000999000999000999,0.0022419139302256186,1.0,0.0010981385027186554
esm2_frozen_bilstm_attn,test,-1,rigidity_supporting,rsa,continuous,two-sided,207,0.18642515274036223,0.33974725438370423,-0.153322101643342,0.5487171723537083,0.008070675454553393,-18.997431194787946,1.0,0.000999000999000999,0.000999000999000999,1.0,0.002147106624718565,0.0010981385027186554
esm2_frozen_bilstm_attn,test,-1,rigidity_supporting,exposed_rsa_ge025,binary,two-sided,207,0.3188903077756446,0.5913595724556615,-0.2724692646800169,0.5392494222278851,0.017214990697236084,-15.827441877372761,1.0,0.000999000999000999,0.000999000999000999,1.0,0.002147106624718565,0.0010981385027186554
esm2_frozen_bilstm_attn,test,-1,rigidity_supporting,disorder,continuous,upper,207,0.010828955553964324,0.05468861847178193,-0.04385966291781761,0.19801113753772764,0.004966604661515524,-8.830914861750673,1.0,0.000999000999000999,0.000999000999000999,1.0,0.002147106624718565,0.0010981385027186554
esm2_frozen_bilstm_attn,test,-1,rigidity_supporting,disorder_ge05,binary,upper,207,0.0,0.030547052346157205,-0.030547052346157205,0.0,0.006626198171248388,-4.610042071893254,1.0,0.000999000999000999,0.000999000999000999,1.0,0.002147106624718565,0.0010981385027186554
esm2_frozen_bilstm_attn,test,-1,rigidity_supporting,interface,binary,two-sided,207,0.0,0.0,0.0,,0.0,,1.0,1.0,1.0,1.0,1.0,1.0
esm2_frozen_bilstm_attn,test,-1,rigidity_supporting,torsion_change_from_previous,continuous,upper,207,7.974013942752964,47.33558006678306,-39.3615661240301,0.1684570872798619,2.219290756438074,-17.736101504430533,1.0,0.000999000999000999,0.000999000999000999,1.0,0.002147106624718565,0.0010981385027186554
esm2_frozen_bilstm_attn,test,1,flexibility_supporting,neq,continuous,flexibility-supporting higher,208,2.028562882453145,1.3655851280454103,0.6629777544077349,1.4854898759454627,0.023190158607404115,28.58875463646292,0.000999000999000999,1.0,0.000999000999000999,0.0022419139302256186,1.0,0.0010981385027186554
esm2_frozen_bilstm_attn,test,1,flexibility_supporting,flexible_neq_gt1,binary,flexibility-supporting higher,208,0.9420697153326946,0.5890925863635476,0.352977128969147,1.599187864760046,0.01536749201743417,22.969078400606957,0.000999000999000999,1.0,0.000999000999000999,0.0022419139302256186,1.0,0.0010981385027186554
esm2_frozen_bilstm_attn,test,1,flexibility_supporting,neq_top10_within_protein,binary,flexibility-supporting higher,208,0.35545684888776247,0.10345474432560005,0.25200210456216243,3.4358680329733713,0.009936901738756245,25.36022909226275,0.000999000999000999,1.0,0.000999000999000999,0.0022419139302256186,1.0,0.0010981385027186554
esm2_frozen_bilstm_attn,test,1,flexibility_supporting,neq_peak,binary,flexibility-supporting higher,208,0.18865154529803105,0.07243249272473358,0.11621905257329747,2.6045154350129396,0.008466214865130625,13.727392279159258,0.000999000999000999,1.0,0.000999000999000999,0.0022419139302256186,1.0,0.0010981385027186554
esm2_frozen_bilstm_attn,test,1,flexibility_supporting,distance_to_neq_peak,distance,flexibility-supporting lower,208,2.5970033376413615,5.283965219162287,-2.6869618815209253,0.49148759121716684,0.17088928532305914,-15.723407564384946,1.0,0.000999000999000999,0.000999000999000999,1.0,0.002147106624718565,0.0010981385027186554
esm2_frozen_bilstm_attn,test,1,flexibility_supporting,distance_to_neq_top10,distance,flexibility-supporting lower,208,5.284763325174732,7.956194841324219,-2.671431516149487,0.6642325169974272,0.21618463915066138,-12.357175452635826,1.0,0.000999000999000999,0.000999000999000999,1.0,0.002147106624718565,0.0010981385027186554
esm2_frozen_bilstm_attn,test,1,flexibility_supporting,q3_is_H,binary,two-sided,208,0.03625231556435415,0.3796137063936922,-0.34336139082933803,0.09549790999052434,0.013722922984341874,-25.02100982575798,1.0,0.000999000999000999,0.000999000999000999,1.0,0.002147106624718565,0.0010981385027186554
esm2_frozen_bilstm_attn,test,1,flexibility_supporting,q3_is_E,binary,two-sided,208,0.02372895905693893,0.1852988080989069,-0.16156984904196797,0.12805780728105456,0.011592652243515461,-13.937263505195258,1.0,0.000999000999000999,0.000999000999000999,1.0,0.002147106624718565,0.0010981385027186554
esm2_frozen_bilstm_attn,test,1,flexibility_supporting,q3_is_C,binary,two-sided,208,0.9400187253787069,0.43508748550740095,0.504931239871306,2.1605280700787173,0.01568299064553441,32.19610667912249,0.000999000999000999,1.0,0.000999000999000999,0.0022419139302256186,1.0,0.0010981385027186554
esm2_frozen_bilstm_attn,test,1,flexibility_supporting,q8_is_T,binary,upper,208,0.20088807100242118,0.087440241689359,0.11344782931306217,2.2974327051393333,0.008832114750846314,12.844922480450261,0.000999000999000999,1.0,0.000999000999000999,0.0022419139302256186,1.0,0.0010981385027186554
esm2_frozen_bilstm_attn,test,1,flexibility_supporting,q8_is_S,binary,upper,208,0.1237083250749079,0.03233842676745041,0.09136989830745748,3.825428056983403,0.005637645916803751,16.207101271670393,0.000999000999000999,1.0,0.000999000999000999,0.0022419139302256186,1.0,0.0010981385027186554
esm2_frozen_bilstm_attn,test,1,flexibility_supporting,q8_turn_or_bend_TS,binary,upper,208,0.32459639607732904,0.11977866845680941,0.20481772762051964,2.709968312883476,0.010170530100263125,20.138353222632983,0.000999000999000999,1.0,0.000999000999000999,0.0022419139302256186,1.0,0.0010981385027186554
esm2_frozen_bilstm_attn,test,1,flexibility_supporting,q8_loop_turn_bend_CTS,binary,upper,208,0.9239128035070894,0.41287466225714414,0.5110381412499452,2.237756123023271,0.015604728213585389,32.748929315221154,0.000999000999000999,1.0,0.000999000999000999,0.0022419139302256186,1.0,0.0010981385027186554
esm2_frozen_bilstm_attn,test,1,flexibility_supporting,structured_linker_loop,binary,upper,208,0.6692088037975824,0.28907156619601926,0.38013723760156315,2.3150281177907077,0.014137810215021418,26.887985608808602,0.000999000999000999,1.0,0.000999000999000999,0.0022419139302256186,1.0,0.0010981385027186554
esm2_frozen_bilstm_attn,test,1,flexibility_supporting,q3_boundary_within2,binary,upper,208,0.6342822686503845,0.6493855928082369,-0.015103324157852427,0.9767421323707863,0.01442499190088564,-1.0470247929168779,0.8601398601398601,0.14085914085914086,0.2997002997002997,1.0,0.29611264647761,0.3212668225075173
esm2_frozen_bilstm_attn,test,1,flexibility_supporting,q8_boundary_within2,binary,upper,208,0.8307938790341594,0.7081435693812673,0.12265030965289203,1.1731997789093198,0.013440304907872205,9.125560059359499,0.000999000999000999,1.0,0.000999000999000999,0.0022419139302256186,1.0,0.0010981385027186554
esm2_frozen_bilstm_attn,test,1,flexibility_supporting,distance_to_q3_boundary,distance,lower,208,2.8407450202537206,2.710519704680466,0.13022531557325445,1.0480444083650764,0.12183681440934345,1.0688502995139677,0.14285714285714285,0.8581418581418582,0.2707292707292707,0.3132704858593183,1.0,0.29093294764936556
esm2_frozen_bilstm_attn,test,1,flexibility_supporting,distance_to_q8_boundary,distance,lower,208,1.5441466925821459,2.2894283869884893,-0.7452816944063434,0.6744682215691901,0.11609042715599288,-6.41983764436403,1.0,0.000999000999000999,0.000999000999000999,1.0,0.002147106624718565,0.0010981385027186554
esm2_frozen_bilstm_attn,test,1,flexibility_supporting,rsa,continuous,two-sided,208,0.5265052957427797,0.33966317124503115,0.18684212449774856,1.5500806101906224,0.007578658823025485,24.65371893112337,0.000999000999000999,1.0,0.000999000999000999,0.0022419139302256186,1.0,0.0010981385027186554
esm2_frozen_bilstm_attn,test,1,flexibility_supporting,exposed_rsa_ge025,binary,two-sided,208,0.893024996304237,0.5910512198906458,0.30197377641359124,1.5109096576595533,0.015384501268915498,19.62844106124724,0.000999000999000999,1.0,0.000999000999000999,0.0022419139302256186,1.0,0.0010981385027186554
esm2_frozen_bilstm_attn,test,1,flexibility_supporting,disorder,continuous,upper,208,0.11787060461290817,0.05426233462332276,0.06360826998958541,2.172236145590493,0.004003507172541752,15.888136888038023,0.000999000999000999,1.0,0.000999000999000999,0.0022419139302256186,1.0,0.0010981385027186554
esm2_frozen_bilstm_attn,test,1,flexibility_supporting,disorder_ge05,binary,upper,208,0.07488973042136741,0.029976076415228783,0.04491365400613863,2.498316637040633,0.005192877100180378,8.6490885764615,0.000999000999000999,1.0,0.000999000999000999,0.0022419139302256186,1.0,0.0010981385027186554
esm2_frozen_bilstm_attn,test,1,flexibility_supporting,interface,binary,two-sided,208,0.0,0.0,0.0,,0.0,,1.0,1.0,1.0,1.0,1.0,1.0
esm2_frozen_bilstm_attn,test,1,flexibility_supporting,torsion_change_from_previous,continuous,upper,208,90.6189027040056,47.43355376150698,43.18534894249863,1.910438824795459,1.9154150034915467,22.54621001912248,0.000999000999000999,1.0,0.000999000999000999,0.0022419139302256186,1.0,0.0010981385027186554
esm2_frozen_bilstm_attn,train,-1,rigidity_supporting,neq,continuous,flexibility-supporting higher,952,1.0272365052158694,1.3632753037786725,-0.33603879856280305,0.7535062817969459,0.01326604620697535,-25.330742356838186,1.0,0.000999000999000999,0.000999000999000999,1.0,0.002147106624718565,0.0010981385027186554
esm2_frozen_bilstm_attn,train,-1,rigidity_supporting,flexible_neq_gt1,binary,flexibility-supporting higher,952,0.1278668169401103,0.5836546526947676,-0.4557878357546573,0.2190795813067569,0.008321506987173,-54.772270990966085,1.0,0.000999000999000999,0.000999000999000999,1.0,0.002147106624718565,0.0010981385027186554
esm2_frozen_bilstm_attn,train,-1,rigidity_supporting,neq_top10_within_protein,binary,flexibility-supporting higher,952,0.002751439491267001,0.10444219485843823,-0.10169075536717122,0.02634413701278802,0.0052853027135860466,-19.240289701055673,1.0,0.000999000999000999,0.000999000999000999,1.0,0.002147106624718565,0.0010981385027186554
esm2_frozen_bilstm_attn,train,-1,rigidity_supporting,neq_peak,binary,flexibility-supporting higher,952,0.003360266461403655,0.07167903168824588,-0.06831876522684223,0.0468793506588996,0.004464387247218822,-15.303055367654935,1.0,0.000999000999000999,0.000999000999000999,1.0,0.002147106624718565,0.0010981385027186554
esm2_frozen_bilstm_attn,train,-1,rigidity_supporting,distance_to_neq_peak,distance,flexibility-supporting lower,952,7.836994906063443,5.1146058218420425,2.7223890842214002,1.532277399090146,0.07630980196483615,35.67548354372467,0.000999000999000999,1.0,0.000999000999000999,0.0022419139302256186,1.0,0.0010981385027186554
esm2_frozen_bilstm_attn,train,-1,rigidity_supporting,distance_to_neq_top10,distance,flexibility-supporting lower,952,10.16413991721227,8.31662808951175,1.8475118277005187,1.2221467411811344,0.1271897661442767,14.525632711713678,0.000999000999000999,1.0,0.000999000999000999,0.0022419139302256186,1.0,0.0010981385027186554
esm2_frozen_bilstm_attn,train,-1,rigidity_supporting,q3_is_H,binary,two-sided,952,0.7217856035741602,0.3882092698300913,0.3335763337440689,1.8592693674987881,0.007636464285640436,43.68203939240886,0.000999000999000999,1.0,0.000999000999000999,0.0022419139302256186,1.0,0.0010981385027186554
esm2_frozen_bilstm_attn,train,-1,rigidity_supporting,q3_is_E,binary,two-sided,952,0.2438236509698853,0.1743833735679006,0.06944027740198472,1.3982046910851074,0.005738024899615949,12.10177345285351,0.000999000999000999,1.0,0.000999000999000999,0.0022419139302256186,1.0,0.0010981385027186554
esm2_frozen_bilstm_attn,train,-1,rigidity_supporting,q3_is_C,binary,two-sided,952,0.03439074545595443,0.4374073566020081,-0.40301661114605364,0.07862406732963609,0.00848412871521072,-47.502415943255045,1.0,0.000999000999000999,0.000999000999000999,1.0,0.002147106624718565,0.0010981385027186554
esm2_frozen_bilstm_attn,train,-1,rigidity_supporting,q8_is_T,binary,upper,952,0.005035122440584625,0.08472239574475027,-0.07968727330416564,0.059430831674712414,0.0045478075177460405,-17.52212972805406,1.0,0.000999000999000999,0.000999000999000999,1.0,0.002147106624718565,0.0010981385027186554
esm2_frozen_bilstm_attn,train,-1,rigidity_supporting,q8_is_S,binary,upper,952,0.0005021895121685038,0.028239035105782406,-0.027736845593613904,0.01778352235787519,0.00249044920805469,-11.137286198773506,1.0,0.000999000999000999,0.000999000999000999,1.0,0.002147106624718565,0.0010981385027186554
esm2_frozen_bilstm_attn,train,-1,rigidity_supporting,q8_turn_or_bend_TS,binary,upper,952,0.005537311952753129,0.11296143085053273,-0.1074241188977796,0.049019491972263865,0.005090270484158734,-21.103813487336424,1.0,0.000999000999000999,0.000999000999000999,1.0,0.002147106624718565,0.0010981385027186554
esm2_frozen_bilstm_attn,train,-1,rigidity_supporting,q8_loop_turn_bend_CTS,binary,upper,952,0.032132342953076855,0.4120525997801535,-0.37992025682707664,0.07798116786599754,0.008266970308318416,-45.95640756623888,1.0,0.000999000999000999,0.000999000999000999,1.0,0.002147106624718565,0.0010981385027186554
esm2_frozen_bilstm_attn,train,-1,rigidity_supporting,structured_linker_loop,binary,upper,952,0.01440493509696849,0.2763589680119626,-0.2619540329149941,0.05212400089851599,0.007130229973935017,-36.73851108205244,1.0,0.000999000999000999,0.000999000999000999,1.0,0.002147106624718565,0.0010981385027186554
esm2_frozen_bilstm_attn,train,-1,rigidity_supporting,q3_boundary_within2,binary,upper,952,0.2495718407714926,0.6359573974764171,-0.38638555670492447,0.39243484195927975,0.007983584325459989,-48.39750429800366,1.0,0.000999000999000999,0.000999000999000999,1.0,0.002147106624718565,0.0010981385027186554
esm2_frozen_bilstm_attn,train,-1,rigidity_supporting,q8_boundary_within2,binary,upper,952,0.23314347696589538,0.6862134945351713,-0.45307001756927595,0.3397535589471649,0.007753001122243299,-58.43801779796235,1.0,0.000999000999000999,0.000999000999000999,1.0,0.002147106624718565,0.0010981385027186554
esm2_frozen_bilstm_attn,train,-1,rigidity_supporting,distance_to_q3_boundary,distance,lower,952,4.275648721789052,2.816149946595456,1.459498775193596,1.5182603209598395,0.06496099350474141,22.467309941727866,0.000999000999000999,1.0,0.000999000999000999,0.0022419139302256186,1.0,0.0010981385027186554
esm2_frozen_bilstm_attn,train,-1,rigidity_supporting,distance_to_q8_boundary,distance,lower,952,4.379700846477754,2.425998741879401,1.9537021045983534,1.8053186800438472,0.06398593985459794,30.53330323877337,0.000999000999000999,1.0,0.000999000999000999,0.0022419139302256186,1.0,0.0010981385027186554
esm2_frozen_bilstm_attn,train,-1,rigidity_supporting,rsa,continuous,two-sided,952,0.18583737999549693,0.3486208054434849,-0.16278342544798796,0.5330645133444943,0.0036131172151241966,-45.05345820683331,1.0,0.000999000999000999,0.000999000999000999,1.0,0.002147106624718565,0.0010981385027186554
esm2_frozen_bilstm_attn,train,-1,rigidity_supporting,exposed_rsa_ge025,binary,two-sided,952,0.3093807606846179,0.6169486477285447,-0.30756788704392685,0.5014692257186766,0.007863660195442893,-39.11256074139203,1.0,0.000999000999000999,0.000999000999000999,1.0,0.002147106624718565,0.0010981385027186554
esm2_frozen_bilstm_attn,train,-1,rigidity_supporting,disorder,continuous,upper,952,0.01711494737409019,0.06389769062149216,-0.04678274324740196,0.2678492322277064,0.002446557118519245,-19.121868397545022,1.0,0.000999000999000999,0.000999000999000999,1.0,0.002147106624718565,0.0010981385027186554
esm2_frozen_bilstm_attn,train,-1,rigidity_supporting,disorder_ge05,binary,upper,952,0.0025301388497982924,0.032479948529502034,-0.029949809679703742,0.07789848704655823,0.003395996716300219,-8.819151542741382,1.0,0.000999000999000999,0.000999000999000999,1.0,0.002147106624718565,0.0010981385027186554
esm2_frozen_bilstm_attn,train,-1,rigidity_supporting,interface,binary,two-sided,952,0.0,0.0,0.0,,0.0,,1.0,1.0,1.0,1.0,1.0,1.0
esm2_frozen_bilstm_attn,train,-1,rigidity_supporting,torsion_change_from_previous,continuous,upper,952,8.39942947000928,45.434979561558684,-37.0355500915494,0.18486702428531107,1.0584619519697551,-34.98996824838884,1.0,0.000999000999000999,0.000999000999000999,1.0,0.002147106624718565,0.0010981385027186554
esm2_frozen_bilstm_attn,train,1,flexibility_supporting,neq,continuous,flexibility-supporting higher,963,2.025236685412789,1.3660572360961964,0.6591794493165923,1.4825416036009882,0.011830505487279154,55.71862081678423,0.000999000999000999,1.0,0.000999000999000999,0.0022419139302256186,1.0,0.0010981385027186554
esm2_frozen_bilstm_attn,train,1,flexibility_supporting,flexible_neq_gt1,binary,flexibility-supporting higher,963,0.9585663005650141,0.5839060202639849,0.37466028030102927,1.64164483204274,0.007564811425719144,49.526717748342605,0.000999000999000999,1.0,0.000999000999000999,0.0022419139302256186,1.0,0.0010981385027186554
esm2_frozen_bilstm_attn,train,1,flexibility_supporting,neq_top10_within_protein,binary,flexibility-supporting higher,963,0.35088483576662394,0.10461016570599455,0.2462746700606294,3.35421355466333,0.00488671202267285,50.39680441941129,0.000999000999000999,1.0,0.000999000999000999,0.0022419139302256186,1.0,0.0010981385027186554
esm2_frozen_bilstm_attn,train,1,flexibility_supporting,neq_peak,binary,flexibility-supporting higher,963,0.20606319987990143,0.07207663787439354,0.1339865620055079,2.858945782668213,0.0041530847394522395,32.26193791152446,0.000999000999000999,1.0,0.000999000999000999,0.0022419139302256186,1.0,0.0010981385027186554
esm2_frozen_bilstm_attn,train,1,flexibility_supporting,distance_to_neq_peak,distance,flexibility-supporting lower,963,2.1274019168753875,5.139072908452916,-3.0116709915775286,0.41396608975447047,0.07284087442694545,-41.34589288323322,1.0,0.000999000999000999,0.000999000999000999,1.0,0.002147106624718565,0.0010981385027186554
esm2_frozen_bilstm_attn,train,1,flexibility_supporting,distance_to_neq_top10,distance,flexibility-supporting lower,963,5.476452742421627,8.326483698861129,-2.850030956439501,0.6577149419232851,0.11464389100192997,-24.85985892079956,1.0,0.000999000999000999,0.000999000999000999,1.0,0.002147106624718565,0.0010981385027186554
esm2_frozen_bilstm_attn,train,1,flexibility_supporting,q3_is_H,binary,two-sided,963,0.042569878606023896,0.38895301297361456,-0.34638313436759066,0.10944735530024474,0.006957982893985712,-49.78211927870571,1.0,0.000999000999000999,0.000999000999000999,1.0,0.002147106624718565,0.0010981385027186554
esm2_frozen_bilstm_attn,train,1,flexibility_supporting,q3_is_E,binary,two-sided,963,0.020161062023926632,0.17380030809585562,-0.15363924607192897,0.11600130198162396,0.005023081736180719,-30.5866506143593,1.0,0.000999000999000999,0.000999000999000999,1.0,0.002147106624718565,0.0010981385027186554
esm2_frozen_bilstm_attn,train,1,flexibility_supporting,q3_is_C,binary,two-sided,963,0.9372690593700495,0.4372466789305294,0.5000223804395201,2.1435704478362996,0.007688729283679704,65.0331624369817,0.000999000999000999,1.0,0.000999000999000999,0.0022419139302256186,1.0,0.0010981385027186554
esm2_frozen_bilstm_attn,train,1,flexibility_supporting,q8_is_T,binary,upper,963,0.21737272117963222,0.08444085434437562,0.1329318668352566,2.5742600885244458,0.004014119171348033,33.11607382862404,0.000999000999000999,1.0,0.000999000999000999,0.0022419139302256186,1.0,0.0010981385027186554
esm2_frozen_bilstm_attn,train,1,flexibility_supporting,q8_is_S,binary,upper,963,0.1135859204785707,0.02778656075862893,0.08579935971994178,4.087800626542001,0.0022604321104386653,37.957061096292485,0.000999000999000999,1.0,0.000999000999000999,0.0022419139302256186,1.0,0.0010981385027186554
esm2_frozen_bilstm_attn,train,1,flexibility_supporting,q8_turn_or_bend_TS,binary,upper,963,0.3309586416582029,0.11222741510300459,0.21873122655519828,2.9489999511656073,0.004659508237352635,46.9429852707962,0.000999000999000999,1.0,0.000999000999000999,0.0022419139302256186,1.0,0.0010981385027186554
esm2_frozen_bilstm_attn,train,1,flexibility_supporting,q8_loop_turn_bend_CTS,binary,upper,963,0.9198066954173182,0.4122725403298765,0.5075341550874417,2.2310646609675784,0.007688504038492458,66.01208148509443,0.000999000999000999,1.0,0.000999000999000999,0.0022419139302256186,1.0,0.0010981385027186554
esm2_frozen_bilstm_attn,train,1,flexibility_supporting,structured_linker_loop,binary,upper,963,0.6503736197536595,0.275485243556267,0.37488837619739246,2.3608292457262694,0.006586913128605484,56.91412181668777,0.000999000999000999,1.0,0.000999000999000999,0.0022419139302256186,1.0,0.0010981385027186554
esm2_frozen_bilstm_attn,train,1,flexibility_supporting,q3_boundary_within2,binary,upper,963,0.6258624031127734,0.6347566982862337,-0.008894295173460298,0.9859878671663114,0.007267178979165856,-1.2238992873244476,0.8941058941058941,0.1068931068931069,0.21678321678321677,1.0,0.2252576691601082,0.23325118219265165
esm2_frozen_bilstm_attn,train,1,flexibility_supporting,q8_boundary_within2,binary,upper,963,0.8148020131432098,0.6847599369340478,0.13004207620916197,1.1899090019655851,0.007001394687163811,18.573738807723267,0.000999000999000999,1.0,0.000999000999000999,0.0022419139302256186,1.0,0.0010981385027186554
esm2_frozen_bilstm_attn,train,1,flexibility_supporting,distance_to_q3_boundary,distance,lower,963,2.8832552008055954,2.8354645284583753,0.04779067234722012,1.0168546183059477,0.06173393983397501,0.7741393547171393,0.2137862137862138,0.7872127872127872,0.43756243756243757,0.465267729751357,1.0,0.4661577633217584
esm2_frozen_bilstm_attn,train,1,flexibility_supporting,distance_to_q8_boundary,distance,lower,963,1.6172532605056382,2.4492985257028788,-0.8320452651972405,0.660292423946784,0.06033527476037285,-13.790361749437384,1.0,0.000999000999000999,0.000999000999000999,1.0,0.002147106624718565,0.0010981385027186554
esm2_frozen_bilstm_attn,train,1,flexibility_supporting,rsa,continuous,two-sided,963,0.530617254684212,0.3498546468396468,0.18076260784456516,1.5166791679843439,0.003321862361617486,54.416043823244976,0.000999000999000999,1.0,0.000999000999000999,0.0022419139302256186,1.0,0.0010981385027186554
esm2_frozen_bilstm_attn,train,1,flexibility_supporting,exposed_rsa_ge025,binary,two-sided,963,0.8944728792706894,0.6196889767340802,0.2747839025366092,1.4434222857808297,0.006986632094388175,39.3299516597306,0.000999000999000999,1.0,0.000999000999000999,0.0022419139302256186,1.0,0.0010981385027186554
esm2_frozen_bilstm_attn,train,1,flexibility_supporting,disorder,continuous,upper,963,0.1367337102526789,0.06527272837131144,0.07146098188136747,2.0948061106754023,0.002194772207579389,32.559634951903135,0.000999000999000999,1.0,0.000999000999000999,0.0022419139302256186,1.0,0.0010981385027186554
esm2_frozen_bilstm_attn,train,1,flexibility_supporting,disorder_ge05,binary,upper,963,0.08475187554244998,0.033663132726170095,0.05108874281627988,2.517646715528734,0.0030247380018457604,16.890303485824038,0.000999000999000999,1.0,0.000999000999000999,0.0022419139302256186,1.0,0.0010981385027186554
esm2_frozen_bilstm_attn,train,1,flexibility_supporting,interface,binary,two-sided,963,0.0,0.0,0.0,,0.0,,1.0,1.0,1.0,1.0,1.0,1.0
esm2_frozen_bilstm_attn,train,1,flexibility_supporting,torsion_change_from_previous,continuous,upper,963,89.65583865418209,45.40232709911863,44.25351155506346,1.974696989836068,0.9440739518080509,46.87504773361344,0.000999000999000999,1.0,0.000999000999000999,0.0022419139302256186,1.0,0.0010981385027186554
esm2_frozen_bilstm_attn,validation,-1,rigidity_supporting,neq,continuous,flexibility-supporting higher,207,1.0311552242666977,1.3624308956296431,-0.33127567136294545,0.7568495602781766,0.024020299782865878,-13.791487798135245,1.0,0.000999000999000999,0.000999000999000999,1.0,0.002147106624718565,0.0010981385027186554
esm2_frozen_bilstm_attn,validation,-1,rigidity_supporting,flexible_neq_gt1,binary,flexibility-supporting higher,207,0.13735722141519244,0.5887108356686254,-0.4513536142534329,0.2333186567887606,0.016302913516750325,-27.685457190807796,1.0,0.000999000999000999,0.000999000999000999,1.0,0.002147106624718565,0.0010981385027186554
esm2_frozen_bilstm_attn,validation,-1,rigidity_supporting,neq_top10_within_protein,binary,flexibility-supporting higher,207,0.0020933977455716585,0.1039413363139812,-0.10184793856840954,0.02014018502944795,0.010288313874660187,-9.899380968465398,1.0,0.000999000999000999,0.000999000999000999,1.0,0.002147106624718565,0.0010981385027186554
esm2_frozen_bilstm_attn,validation,-1,rigidity_supporting,neq_peak,binary,flexibility-supporting higher,207,0.004115570419918247,0.07244077227120704,-0.06832520185128879,0.05681290095183121,0.009183668824425752,-7.439859075663164,1.0,0.000999000999000999,0.000999000999000999,1.0,0.002147106624718565,0.0010981385027186554
esm2_frozen_bilstm_attn,validation,-1,rigidity_supporting,distance_to_neq_peak,distance,flexibility-supporting lower,207,7.658124732218935,5.093608045906053,2.5645166863128823,1.5034774295941542,0.1365904557211638,18.775226078373258,0.000999000999000999,1.0,0.000999000999000999,0.0022419139302256186,1.0,0.0010981385027186554
esm2_frozen_bilstm_attn,validation,-1,rigidity_supporting,distance_to_neq_top10,distance,flexibility-supporting lower,207,9.709763840560942,7.974565265136099,1.7351985754248433,1.2175916200737533,0.21133006335105697,8.210845858416125,0.000999000999000999,1.0,0.000999000999000999,0.0022419139302256186,1.0,0.0010981385027186554
esm2_frozen_bilstm_attn,validation,-1,rigidity_supporting,q3_is_H,binary,two-sided,207,0.6636658094991428,0.3639856437510424,0.29968016574810036,1.8233296309704854,0.014869607507703353,20.153871956125805,0.000999000999000999,1.0,0.000999000999000999,0.0022419139302256186,1.0,0.0010981385027186554
esm2_frozen_bilstm_attn,validation,-1,rigidity_supporting,q3_is_E,binary,two-sided,207,0.3011992838079795,0.19991283432750834,0.10128644948047116,1.506653061176343,0.012474524964758118,8.119463447835997,0.000999000999000999,1.0,0.000999000999000999,0.0022419139302256186,1.0,0.0010981385027186554
esm2_frozen_bilstm_attn,validation,-1,rigidity_supporting,q3_is_C,binary,two-sided,207,0.03513490669287771,0.43610152192144946,-0.40096661522857174,0.08056588873635301,0.016918659197388695,-23.699668546456614,1.0,0.000999000999000999,0.000999000999000999,1.0,0.002147106624718565,0.0010981385027186554
esm2_frozen_bilstm_attn,validation,-1,rigidity_supporting,q8_is_T,binary,upper,207,0.00582010582010582,0.08856399256942732,-0.0827438867493215,0.06571638937284029,0.009360317627273393,-8.839858864215094,1.0,0.000999000999000999,0.000999000999000999,1.0,0.002147106624718565,0.0010981385027186554
esm2_frozen_bilstm_attn,validation,-1,rigidity_supporting,q8_is_S,binary,upper,207,0.0009661835748792271,0.03395635854349622,-0.03299017496861699,0.02845368632922165,0.00590274724109915,-5.5889526725650365,1.0,0.000999000999000999,0.000999000999000999,1.0,0.002147106624718565,0.0010981385027186554
esm2_frozen_bilstm_attn,validation,-1,rigidity_supporting,q8_turn_or_bend_TS,binary,upper,207,0.0067862893949850464,0.12252035111292352,-0.11573406171793847,0.05538907890273932,0.010905929159973309,-10.612031310702344,1.0,0.000999000999000999,0.000999000999000999,1.0,0.002147106624718565,0.0010981385027186554
esm2_frozen_bilstm_attn,validation,-1,rigidity_supporting,q8_loop_turn_bend_CTS,binary,upper,207,0.029698032777742918,0.4113118789624225,-0.3816138461846796,0.07220319737095687,0.016922484094185314,-22.550699061717825,1.0,0.000999000999000999,0.000999000999000999,1.0,0.002147106624718565,0.0010981385027186554
esm2_frozen_bilstm_attn,validation,-1,rigidity_supporting,structured_linker_loop,binary,upper,207,0.021495841785696856,0.2813876495820337,-0.25989180779633686,0.07639227172061834,0.01507762895408859,-17.23691494118259,1.0,0.000999000999000999,0.000999000999000999,1.0,0.002147106624718565,0.0010981385027186554
esm2_frozen_bilstm_attn,validation,-1,rigidity_supporting,q3_boundary_within2,binary,upper,207,0.28574631219558755,0.6443577379879915,-0.3586114257924039,0.4434591149441785,0.015910774150567703,-22.538904920576005,1.0,0.000999000999000999,0.000999000999000999,1.0,0.002147106624718565,0.0010981385027186554
esm2_frozen_bilstm_attn,validation,-1,rigidity_supporting,q8_boundary_within2,binary,upper,207,0.26197448552521013,0.6984891119347639,-0.4365146264095538,0.3750587962632086,0.01517814828250799,-28.759412431924503,1.0,0.000999000999000999,0.000999000999000999,1.0,0.002147106624718565,0.0010981385027186554
esm2_frozen_bilstm_attn,validation,-1,rigidity_supporting,distance_to_q3_boundary,distance,lower,207,3.9345551389029656,2.624769723868456,1.3097854150345096,1.499009647636484,0.10192633030056303,12.850314645609041,0.000999000999000999,1.0,0.000999000999000999,0.0022419139302256186,1.0,0.0010981385027186554
esm2_frozen_bilstm_attn,validation,-1,rigidity_supporting,distance_to_q8_boundary,distance,lower,207,4.060140456698428,2.1606361490830697,1.8995043076153584,1.8791412234871057,0.09738255941219397,19.505590313921324,0.000999000999000999,1.0,0.000999000999000999,0.0022419139302256186,1.0,0.0010981385027186554
esm2_frozen_bilstm_attn,validation,-1,rigidity_supporting,rsa,continuous,two-sided,207,0.16006750439194387,0.3374566374889969,-0.17738913309705304,0.47433503037012575,0.007680163960312627,-23.097050273108007,1.0,0.000999000999000999,0.000999000999000999,1.0,0.002147106624718565,0.0010981385027186554
esm2_frozen_bilstm_attn,validation,-1,rigidity_supporting,exposed_rsa_ge025,binary,two-sided,207,0.2535388122344644,0.5915772924606258,-0.33803848022616145,0.42858104167569855,0.016350630435316836,-20.67433922890271,1.0,0.000999000999000999,0.000999000999000999,1.0,0.002147106624718565,0.0010981385027186554
esm2_frozen_bilstm_attn,validation,-1,rigidity_supporting,disorder,continuous,upper,207,0.009978098887662915,0.05516989372952563,-0.04519179484186272,0.1808613033873377,0.004616149683237404,-9.789932723795202,1.0,0.000999000999000999,0.000999000999000999,1.0,0.002147106624718565,0.0010981385027186554
esm2_frozen_bilstm_attn,validation,-1,rigidity_supporting,disorder_ge05,binary,upper,207,0.00040257648953301127,0.02950880580771885,-0.02910622931818584,0.013642588322828915,0.005693641105993664,-5.112059010453939,1.0,0.000999000999000999,0.000999000999000999,1.0,0.002147106624718565,0.0010981385027186554
esm2_frozen_bilstm_attn,validation,-1,rigidity_supporting,interface,binary,two-sided,207,0.0,0.0,0.0,,0.0,,1.0,1.0,1.0,1.0,1.0,1.0
esm2_frozen_bilstm_attn,validation,-1,rigidity_supporting,torsion_change_from_previous,continuous,upper,207,8.437749166545558,47.79472919142225,-39.35698002487669,0.17654141595303538,2.0813998530197546,-18.90889920443516,1.0,0.000999000999000999,0.000999000999000999,1.0,0.002147106624718565,0.0010981385027186554
esm2_frozen_bilstm_attn,validation,1,flexibility_supporting,neq,continuous,flexibility-supporting higher,208,2.0336757524763707,1.363334856617093,0.6703408958592776,1.4916920392709874,0.024123161241575555,27.78826908904314,0.000999000999000999,1.0,0.000999000999000999,0.0022419139302256186,1.0,0.0010981385027186554
esm2_frozen_bilstm_attn,validation,1,flexibility_supporting,flexible_neq_gt1,binary,flexibility-supporting higher,208,0.9473062065758988,0.5894087980304183,0.35789740854548047,1.6072142284632305,0.015048837719871668,23.782395372161172,0.000999000999000999,1.0,0.000999000999000999,0.0022419139302256186,1.0,0.0010981385027186554
esm2_frozen_bilstm_attn,validation,1,flexibility_supporting,neq_top10_within_protein,binary,flexibility-supporting higher,208,0.36050617529317813,0.10424898452250458,0.25625719077067355,3.458126493456197,0.009890683112788344,25.90894762762554,0.000999000999000999,1.0,0.000999000999000999,0.0022419139302256186,1.0,0.0010981385027186554
esm2_frozen_bilstm_attn,validation,1,flexibility_supporting,neq_peak,binary,flexibility-supporting higher,208,0.21105466646257606,0.07295254277350963,0.13810212368906644,2.893040577321916,0.008276788133317864,16.685472850651102,0.000999000999000999,1.0,0.000999000999000999,0.0022419139302256186,1.0,0.0010981385027186554
esm2_frozen_bilstm_attn,validation,1,flexibility_supporting,distance_to_neq_peak,distance,flexibility-supporting lower,208,2.4005843322153755,5.083772114399213,-2.683187782183838,0.4722053385154677,0.1344082300778106,-19.962972361368845,1.0,0.000999000999000999,0.000999000999000999,1.0,0.002147106624718565,0.0010981385027186554
esm2_frozen_bilstm_attn,validation,1,flexibility_supporting,distance_to_neq_top10,distance,flexibility-supporting lower,208,5.229290685941265,7.9516482143490546,-2.722357528407789,0.6576360705324978,0.21463655590372338,-12.683568821468233,1.0,0.000999000999000999,0.000999000999000999,1.0,0.002147106624718565,0.0010981385027186554
esm2_frozen_bilstm_attn,validation,1,flexibility_supporting,q3_is_H,binary,two-sided,208,0.03514838948163847,0.36347877445799986,-0.3283303849763614,0.09669997796721382,0.013235721127543095,-24.80638431502737,1.0,0.000999000999000999,0.000999000999000999,1.0,0.002147106624718565,0.0010981385027186554
esm2_frozen_bilstm_attn,validation,1,flexibility_supporting,q3_is_E,binary,two-sided,208,0.02546698436400598,0.2015175887608413,-0.17605060439683531,0.1263759879254505,0.011493453858224423,-15.317467366074471,1.0,0.000999000999000999,0.000999000999000999,1.0,0.002147106624718565,0.0010981385027186554
esm2_frozen_bilstm_attn,validation,1,flexibility_supporting,q3_is_C,binary,two-sided,208,0.9393846261543556,0.435003636781159,0.5043809893731965,2.1594868335018997,0.01538743476579932,32.77875728150948,0.000999000999000999,1.0,0.000999000999000999,0.0022419139302256186,1.0,0.0010981385027186554
esm2_frozen_bilstm_attn,validation,1,flexibility_supporting,q8_is_T,binary,upper,208,0.24769470841005733,0.08883061774630283,0.1588640906637545,2.7883934018951084,0.008745335708259546,18.16557945439591,0.000999000999000999,1.0,0.000999000999000999,0.0022419139302256186,1.0,0.0010981385027186554
esm2_frozen_bilstm_attn,validation,1,flexibility_supporting,q8_is_S,binary,upper,208,0.13363764579883744,0.03387769166717074,0.0997599541316667,3.9447093123035692,0.005645304823065757,17.67131399602453,0.000999000999000999,1.0,0.000999000999000999,0.0022419139302256186,1.0,0.0010981385027186554
esm2_frozen_bilstm_attn,validation,1,flexibility_supporting,q8_turn_or_bend_TS,binary,upper,208,0.3813323542088947,0.12270830941347356,0.25862404479542117,3.107632694408418,0.009977200296160475,25.921504742662872,0.000999000999000999,1.0,0.000999000999000999,0.0022419139302256186,1.0,0.0010981385027186554
esm2_frozen_bilstm_attn,validation,1,flexibility_supporting,q8_loop_turn_bend_CTS,binary,upper,208,0.919911511128356,0.41061817592885974,0.5092933351994963,2.240308795506734,0.015176007709827103,33.55911152243995,0.000999000999000999,1.0,0.000999000999000999,0.0022419139302256186,1.0,0.0010981385027186554
esm2_frozen_bilstm_attn,validation,1,flexibility_supporting,structured_linker_loop,binary,upper,208,0.6685882684195155,0.2809440675388126,0.38764420088070284,2.379791373694515,0.013666507943990066,28.364539242167698,0.000999000999000999,1.0,0.000999000999000999,0.0022419139302256186,1.0,0.0010981385027186554
esm2_frozen_bilstm_attn,validation,1,flexibility_supporting,q3_boundary_within2,binary,upper,208,0.6486463312675655,0.6436065982454383,0.005039733022127235,1.0078304558030733,0.014447252338891525,0.3488367825181845,0.36663336663336665,0.6343656343656343,0.7272727272727273,0.786032825735059,1.0,0.7653637470933452
esm2_frozen_bilstm_attn,validation,1,flexibility_supporting,q8_boundary_within2,binary,upper,208,0.8448670732283646,0.6974035063602828,0.14746356686808182,1.2114465521369222,0.013938699094296536,10.57943541721345,0.000999000999000999,1.0,0.000999000999000999,0.0022419139302256186,1.0,0.0010981385027186554
esm2_frozen_bilstm_attn,validation,1,flexibility_supporting,distance_to_q3_boundary,distance,lower,208,2.610413872333377,2.620237383304801,-0.009823510971424199,0.9962509080154279,0.09309429282367197,-0.1055221611708326,0.5254745254745254,0.4755244755244755,0.9150849150849151,1.0,0.9735856560501109,0.9560258363160419
esm2_frozen_bilstm_attn,validation,1,flexibility_supporting,distance_to_q8_boundary,distance,lower,208,1.2722180159352698,2.1636970886057187,-0.8914790726704489,0.5879834208933026,0.0868903494873587,-10.25981686033092,1.0,0.000999000999000999,0.000999000999000999,1.0,0.002147106624718565,0.0010981385027186554
esm2_frozen_bilstm_attn,validation,1,flexibility_supporting,rsa,continuous,two-sided,208,0.5383927855816174,0.33711235670286555,0.20128042887875186,1.5970722368274461,0.007510239623390255,26.80079983758099,0.000999000999000999,1.0,0.000999000999000999,0.0022419139302256186,1.0,0.0010981385027186554
esm2_frozen_bilstm_attn,validation,1,flexibility_supporting,exposed_rsa_ge025,binary,two-sided,208,0.8942174016842094,0.5904771735157192,0.3037402281684902,1.5143979171286361,0.015737059874258087,19.30095142265638,0.000999000999000999,1.0,0.000999000999000999,0.0022419139302256186,1.0,0.0010981385027186554
esm2_frozen_bilstm_attn,validation,1,flexibility_supporting,disorder,continuous,upper,208,0.12271255340732284,0.05525820230629321,0.06745435110102962,2.2207120080949037,0.0040821032896037985,16.524410656834853,0.000999000999000999,1.0,0.000999000999000999,0.0022419139302256186,1.0,0.0010981385027186554
esm2_frozen_bilstm_attn,validation,1,flexibility_supporting,disorder_ge05,binary,upper,208,0.07377778471528472,0.02973202939869017,0.04404575531659455,2.4814244505803886,0.005166423329534118,8.525386424454377,0.000999000999000999,1.0,0.000999000999000999,0.0022419139302256186,1.0,0.0010981385027186554
esm2_frozen_bilstm_attn,validation,1,flexibility_supporting,interface,binary,two-sided,208,0.0,0.0,0.0,,0.0,,1.0,1.0,1.0,1.0,1.0,1.0
esm2_frozen_bilstm_attn,validation,1,flexibility_supporting,torsion_change_from_previous,continuous,upper,208,93.90330757851963,47.7472788065895,46.15602877193013,1.966673492721856,1.9439704251235763,23.743174369021606,0.000999000999000999,1.0,0.000999000999000999,0.0022419139302256186,1.0,0.0010981385027186554
esm2_top28_bilstm_attn,test,-1,rigidity_supporting,neq,continuous,flexibility-supporting higher,205,1.0186284455657497,1.3633389390818573,-0.3447104935161076,0.7471571568635358,0.0299002307896838,-11.528690060647955,1.0,0.000999000999000999,0.000999000999000999,1.0,0.002147106624718565,0.0010981385027186554
esm2_top28_bilstm_attn,test,-1,rigidity_supporting,flexible_neq_gt1,binary,flexibility-supporting higher,205,0.12283266369915921,0.5887946433804393,-0.46596197968128006,0.20861715553990365,0.017587832241634543,-26.493428711370026,1.0,0.000999000999000999,0.000999000999000999,1.0,0.002147106624718565,0.0010981385027186554
esm2_top28_bilstm_attn,test,-1,rigidity_supporting,neq_top10_within_protein,binary,flexibility-supporting higher,205,0.004120473022912047,0.10327369157372365,-0.0991532185508116,0.039898573974869275,0.01212902856580856,-8.174868911622662,1.0,0.000999000999000999,0.000999000999000999,1.0,0.002147106624718565,0.0010981385027186554
esm2_top28_bilstm_attn,test,-1,rigidity_supporting,neq_peak,binary,flexibility-supporting higher,205,0.0006968641114982578,0.07175510503902033,-0.07105824092752207,0.009711700806783073,0.009808100896671473,-7.244852156000634,1.0,0.000999000999000999,0.000999000999000999,1.0,0.002147106624718565,0.0010981385027186554
esm2_top28_bilstm_attn,test,-1,rigidity_supporting,distance_to_neq_peak,distance,flexibility-supporting lower,205,8.371833575068491,5.325214004018731,3.04661957104976,1.5721121383573684,0.17993971186197202,16.931335165117737,0.000999000999000999,1.0,0.000999000999000999,0.0022419139302256186,1.0,0.0010981385027186554
esm2_top28_bilstm_attn,test,-1,rigidity_supporting,distance_to_neq_top10,distance,flexibility-supporting lower,205,10.083199012868459,7.9692891455078945,2.1139098673605643,1.2652570171270705,0.2526217318809119,8.367886054858811,0.000999000999000999,1.0,0.000999000999000999,0.0022419139302256186,1.0,0.0010981385027186554
esm2_top28_bilstm_attn,test,-1,rigidity_supporting,q3_is_H,binary,two-sided,205,0.7612202253601483,0.3787278054106071,0.38249241994954125,2.0099401588295125,0.0168631371922692,22.682162612357356,0.000999000999000999,1.0,0.000999000999000999,0.0022419139302256186,1.0,0.0010981385027186554
esm2_top28_bilstm_attn,test,-1,rigidity_supporting,q3_is_E,binary,two-sided,205,0.22013566806891582,0.18720795003491733,0.03292771803399849,1.175888460013888,0.01440370035806797,2.2860596385257788,0.011988011988011988,0.989010989010989,0.023976023976023976,0.0264901339070137,1.0,0.026024227029252153
esm2_top28_bilstm_attn,test,-1,rigidity_supporting,q3_is_C,binary,two-sided,205,0.01864410657093584,0.43406424455447556,-0.4154201379835397,0.042952412701194015,0.018864265536529135,-22.02153787430059,1.0,0.000999000999000999,0.000999000999000999,1.0,0.002147106624718565,0.0010981385027186554
esm2_top28_bilstm_attn,test,-1,rigidity_supporting,q8_is_T,binary,upper,205,0.0012388695315524584,0.08743478622183692,-0.08619591669028447,0.014169069143821496,0.010997553581757689,-7.837735551774249,1.0,0.000999000999000999,0.000999000999000999,1.0,0.002147106624718565,0.0010981385027186554
esm2_top28_bilstm_attn,test,-1,rigidity_supporting,q8_is_S,binary,upper,205,0.0,0.032670934176720436,-0.032670934176720436,0.0,0.006494606405199939,-5.030471769707598,1.0,0.000999000999000999,0.000999000999000999,1.0,0.002147106624718565,0.0010981385027186554
esm2_top28_bilstm_attn,test,-1,rigidity_supporting,q8_turn_or_bend_TS,binary,upper,205,0.0012388695315524584,0.12010572039855737,-0.11886685086700491,0.010314825367529612,0.012481193783025295,-9.523676415365532,1.0,0.000999000999000999,0.000999000999000999,1.0,0.002147106624718565,0.0010981385027186554
esm2_top28_bilstm_attn,test,-1,rigidity_supporting,q8_loop_turn_bend_CTS,binary,upper,205,0.01864410657093584,0.4124613552358353,-0.3938172486648995,0.045202068834486554,0.018950934869244464,-20.780887665021044,1.0,0.000999000999000999,0.000999000999000999,1.0,0.002147106624718565,0.0010981385027186554
esm2_top28_bilstm_attn,test,-1,rigidity_supporting,structured_linker_loop,binary,upper,205,0.012824235385210995,0.29020347014524495,-0.27737923476003395,0.04419049633966316,0.0168684992516554,-16.443622554793258,1.0,0.000999000999000999,0.000999000999000999,1.0,0.002147106624718565,0.0010981385027186554
esm2_top28_bilstm_attn,test,-1,rigidity_supporting,q3_boundary_within2,binary,upper,205,0.2077503857574461,0.6471706693331628,-0.4394202835757167,0.3210132900051074,0.01741154710530057,-25.237291144676323,1.0,0.000999000999000999,0.000999000999000999,1.0,0.002147106624718565,0.0010981385027186554
esm2_top28_bilstm_attn,test,-1,rigidity_supporting,q8_boundary_within2,binary,upper,205,0.20029290243346726,0.7048789625856955,-0.5045860601522283,0.2841521921703213,0.01579569125252532,-31.94453804429471,1.0,0.000999000999000999,0.000999000999000999,1.0,0.002147106624718565,0.0010981385027186554
esm2_top28_bilstm_attn,test,-1,rigidity_supporting,distance_to_q3_boundary,distance,lower,205,4.605665804385317,2.730639463801781,1.8750263405835357,1.6866619945399153,0.14295921721332527,13.115812867005289,0.000999000999000999,1.0,0.000999000999000999,0.0022419139302256186,1.0,0.0010981385027186554
esm2_top28_bilstm_attn,test,-1,rigidity_supporting,distance_to_q8_boundary,distance,lower,205,4.74128911524932,2.315170203465056,2.4261189117842643,2.0479224845556296,0.1374496805393161,17.650960717149847,0.000999000999000999,1.0,0.000999000999000999,0.0022419139302256186,1.0,0.0010981385027186554
esm2_top28_bilstm_attn,test,-1,rigidity_supporting,rsa,continuous,two-sided,205,0.1784632302564447,0.3378041172938635,-0.1593408870374188,0.5283038930552627,0.008806335800657056,-18.093891789310383,1.0,0.000999000999000999,0.000999000999000999,1.0,0.002147106624718565,0.0010981385027186554
esm2_top28_bilstm_attn,test,-1,rigidity_supporting,exposed_rsa_ge025,binary,two-sided,205,0.29004421160069427,0.587754720814416,-0.2977105092137218,0.49347831898108385,0.01817573260379389,-16.379560356845232,1.0,0.000999000999000999,0.000999000999000999,1.0,0.002147106624718565,0.0010981385027186554
esm2_top28_bilstm_attn,test,-1,rigidity_supporting,disorder,continuous,upper,205,0.009762854340216872,0.05368268238910276,-0.04391982804888589,0.18186226741528602,0.005519322084777224,-7.957467850992178,1.0,0.000999000999000999,0.000999000999000999,1.0,0.002147106624718565,0.0010981385027186554
esm2_top28_bilstm_attn,test,-1,rigidity_supporting,disorder_ge05,binary,upper,205,0.0,0.02986841569000106,-0.02986841569000106,0.0,0.0069947219958864815,-4.2701362123564515,1.0,0.000999000999000999,0.000999000999000999,1.0,0.002147106624718565,0.0010981385027186554
esm2_top28_bilstm_attn,test,-1,rigidity_supporting,interface,binary,two-sided,205,0.0,0.0,0.0,,0.0,,1.0,1.0,1.0,1.0,1.0,1.0
esm2_top28_bilstm_attn,test,-1,rigidity_supporting,torsion_change_from_previous,continuous,upper,205,6.89228981197971,47.156942698360865,-40.26465288638116,0.1461564176470516,2.274566397718097,-17.702122447063175,1.0,0.000999000999000999,0.000999000999000999,1.0,0.002147106624718565,0.0010981385027186554
esm2_top28_bilstm_attn,test,1,flexibility_supporting,neq,continuous,flexibility-supporting higher,206,2.0284767436126234,1.3684188772961539,0.6600578663164696,1.482350746008906,0.026515499100406195,24.893284633905232,0.000999000999000999,1.0,0.000999000999000999,0.0022419139302256186,1.0,0.0010981385027186554
esm2_top28_bilstm_attn,test,1,flexibility_supporting,flexible_neq_gt1,binary,flexibility-supporting higher,206,0.9541070928772317,0.590708927812114,0.3633981650651177,1.6151898980282609,0.01608920239672729,22.58646240531082,0.000999000999000999,1.0,0.000999000999000999,0.0022419139302256186,1.0,0.0010981385027186554
esm2_top28_bilstm_attn,test,1,flexibility_supporting,neq_top10_within_protein,binary,flexibility-supporting higher,206,0.3412693811517318,0.10413390770434239,0.2371354734473894,3.2772166979526576,0.01105777095785702,21.445142456933826,0.000999000999000999,1.0,0.000999000999000999,0.0022419139302256186,1.0,0.0010981385027186554
esm2_top28_bilstm_attn,test,1,flexibility_supporting,neq_peak,binary,flexibility-supporting higher,206,0.22900842397816665,0.07297246940545468,0.15603595457271197,3.1382852443396727,0.008965813592959705,17.403435054152506,0.000999000999000999,1.0,0.000999000999000999,0.0022419139302256186,1.0,0.0010981385027186554
esm2_top28_bilstm_attn,test,1,flexibility_supporting,distance_to_neq_peak,distance,flexibility-supporting lower,206,2.3812716136378684,5.298694042639752,-2.917422429001884,0.44940726799382147,0.1865921375191778,-15.635291324652055,1.0,0.000999000999000999,0.000999000999000999,1.0,0.002147106624718565,0.0010981385027186554
esm2_top28_bilstm_attn,test,1,flexibility_supporting,distance_to_neq_top10,distance,flexibility-supporting lower,206,4.723395302239632,7.938392346229493,-3.214997043989861,0.5950065323343596,0.21507925528730068,-14.947964366416002,1.0,0.000999000999000999,0.000999000999000999,1.0,0.002147106624718565,0.0010981385027186554
esm2_top28_bilstm_attn,test,1,flexibility_supporting,q3_is_H,binary,two-sided,206,0.038130948847079356,0.3780666578161088,-0.33993570896902947,0.10085774045069641,0.014278559642171519,-23.807422981589422,1.0,0.000999000999000999,0.000999000999000999,1.0,0.002147106624718565,0.0010981385027186554
esm2_top28_bilstm_attn,test,1,flexibility_supporting,q3_is_E,binary,two-sided,206,0.01553975959315765,0.18595585772599693,-0.17041609813283928,0.08356692702875348,0.012383487062968615,-13.761559830950112,1.0,0.000999000999000999,0.000999000999000999,1.0,0.002147106624718565,0.0010981385027186554
esm2_top28_bilstm_attn,test,1,flexibility_supporting,q3_is_C,binary,two-sided,206,0.9463292915597632,0.4359774844578942,0.510351807101869,2.170592118389907,0.017329436661689616,29.449994080310155,0.000999000999000999,1.0,0.000999000999000999,0.0022419139302256186,1.0,0.0010981385027186554
esm2_top28_bilstm_attn,test,1,flexibility_supporting,q8_is_T,binary,upper,206,0.25556332970087714,0.08728518043514132,0.1682781492657358,2.927912028443106,0.009450824274251233,17.80565846771795,0.000999000999000999,1.0,0.000999000999000999,0.0022419139302256186,1.0,0.0010981385027186554
esm2_top28_bilstm_attn,test,1,flexibility_supporting,q8_is_S,binary,upper,206,0.12285792455356398,0.03300668097125279,0.0898512435823112,3.7222138348465648,0.005894206473792092,15.243993229932538,0.000999000999000999,1.0,0.000999000999000999,0.0022419139302256186,1.0,0.0010981385027186554
esm2_top28_bilstm_attn,test,1,flexibility_supporting,q8_turn_or_bend_TS,binary,upper,206,0.3784212542544412,0.12029186140639407,0.2581293928480471,3.145859161460497,0.010980539817499024,23.5078964366289,0.000999000999000999,1.0,0.000999000999000999,0.0022419139302256186,1.0,0.0010981385027186554
esm2_top28_bilstm_attn,test,1,flexibility_supporting,q8_loop_turn_bend_CTS,binary,upper,206,0.9292073854751589,0.4137490202810747,0.5154583651940843,2.2458237722083663,0.017047476598361352,30.236637206683803,0.000999000999000999,1.0,0.000999000999000999,0.0022419139302256186,1.0,0.0010981385027186554
esm2_top28_bilstm_attn,test,1,flexibility_supporting,structured_linker_loop,binary,upper,206,0.7456126758291377,0.29010726182943164,0.45550541399970607,2.57012758359534,0.015314602213696448,29.74320897426443,0.000999000999000999,1.0,0.000999000999000999,0.0022419139302256186,1.0,0.0010981385027186554
esm2_top28_bilstm_attn,test,1,flexibility_supporting,q3_boundary_within2,binary,upper,206,0.5573156335768775,0.6467558031297737,-0.08944016955289613,0.8617095213988367,0.01530027237204254,-5.845658650909111,1.0,0.000999000999000999,0.000999000999000999,1.0,0.002147106624718565,0.0010981385027186554
esm2_top28_bilstm_attn,test,1,flexibility_supporting,q8_boundary_within2,binary,upper,206,0.824679115819819,0.7058060605822402,0.11887305523757885,1.1684216980788136,0.014268269535429,8.331287472696648,0.000999000999000999,1.0,0.000999000999000999,0.0022419139302256186,1.0,0.0010981385027186554
esm2_top28_bilstm_attn,test,1,flexibility_supporting,distance_to_q3_boundary,distance,lower,206,3.071163350555668,2.73875119603774,0.33241215451792794,1.121373622766041,0.13112268451865175,2.5351231614743477,0.005994005994005994,0.995004995004995,0.01098901098901099,0.013416635178293208,1.0,0.01197289469672824
esm2_top28_bilstm_attn,test,1,flexibility_supporting,distance_to_q8_boundary,distance,lower,206,1.5300544487502137,2.3162574434718852,-0.7862029947216715,0.6605718431957995,0.12639125873706555,-6.2203905758801445,1.0,0.000999000999000999,0.000999000999000999,1.0,0.002147106624718565,0.0010981385027186554
esm2_top28_bilstm_attn,test,1,flexibility_supporting,rsa,continuous,two-sided,206,0.5454942570804593,0.3386752085849758,0.2068190484954835,1.6106707643573837,0.007825161167482497,26.430004963338167,0.000999000999000999,1.0,0.000999000999000999,0.0022419139302256186,1.0,0.0010981385027186554
esm2_top28_bilstm_attn,test,1,flexibility_supporting,exposed_rsa_ge025,binary,two-sided,206,0.9175179538754146,0.5887905924196277,0.32872736145578685,1.5583094663671269,0.016126096282680785,20.384807066347218,0.000999000999000999,1.0,0.000999000999000999,0.0022419139302256186,1.0,0.0010981385027186554
esm2_top28_bilstm_attn,test,1,flexibility_supporting,disorder,continuous,upper,206,0.10334442943488767,0.05393041687002216,0.04941401256486551,1.9162549713635322,0.00471899861582055,10.471292023524633,0.000999000999000999,1.0,0.000999000999000999,0.0022419139302256186,1.0,0.0010981385027186554
esm2_top28_bilstm_attn,test,1,flexibility_supporting,disorder_ge05,binary,upper,206,0.0614898268810319,0.03018467361390365,0.03130515326712825,2.0371208139454087,0.006248984365601984,5.009638596545365,0.000999000999000999,1.0,0.000999000999000999,0.0022419139302256186,1.0,0.0010981385027186554
esm2_top28_bilstm_attn,test,1,flexibility_supporting,interface,binary,two-sided,206,0.0,0.0,0.0,,0.0,,1.0,1.0,1.0,1.0,1.0,1.0
esm2_top28_bilstm_attn,test,1,flexibility_supporting,torsion_change_from_previous,continuous,upper,206,92.61170188661353,47.52032278531742,45.09137910129611,1.9488862124317938,2.0982719785982917,21.48976851486074,0.000999000999000999,1.0,0.000999000999000999,0.0022419139302256186,1.0,0.0010981385027186554
esm2_top28_bilstm_attn,train,-1,rigidity_supporting,neq,continuous,flexibility-supporting higher,931,1.0096249197151255,1.3569432375869228,-0.34731831787179734,0.7440435913226261,0.01425146620411479,-24.370707750162367,1.0,0.000999000999000999,0.000999000999000999,1.0,0.002147106624718565,0.0010981385027186554
esm2_top28_bilstm_attn,train,-1,rigidity_supporting,flexible_neq_gt1,binary,flexibility-supporting higher,931,0.06957357667455363,0.5819163637988425,-0.5123427871242888,0.119559409225694,0.009007512999795674,-56.8794946103226,1.0,0.000999000999000999,0.000999000999000999,1.0,0.002147106624718565,0.0010981385027186554
esm2_top28_bilstm_attn,train,-1,rigidity_supporting,neq_top10_within_protein,binary,flexibility-supporting higher,931,0.0010148015250056066,0.1046417686895442,-0.10362696716453859,0.009697862887011823,0.005753329761462522,-18.011650898000354,1.0,0.000999000999000999,0.000999000999000999,1.0,0.002147106624718565,0.0010981385027186554
esm2_top28_bilstm_attn,train,-1,rigidity_supporting,neq_peak,binary,flexibility-supporting higher,931,0.0008566871724766462,0.07229126626370026,-0.07143457909122361,0.011850493382584667,0.004877174670990043,-14.64671329409712,1.0,0.000999000999000999,0.000999000999000999,1.0,0.002147106624718565,0.0010981385027186554
esm2_top28_bilstm_attn,train,-1,rigidity_supporting,distance_to_neq_peak,distance,flexibility-supporting lower,931,8.483957064861112,5.086564215218488,3.3973928496426247,1.667915061305619,0.08494645352496039,39.99452253347276,0.000999000999000999,1.0,0.000999000999000999,0.0022419139302256186,1.0,0.0010981385027186554
esm2_top28_bilstm_attn,train,-1,rigidity_supporting,distance_to_neq_top10,distance,flexibility-supporting lower,931,10.843035374794205,8.2909828743244,2.552052500469806,1.307810610533647,0.14222993465218176,17.94314612258495,0.000999000999000999,1.0,0.000999000999000999,0.0022419139302256186,1.0,0.0010981385027186554
esm2_top28_bilstm_attn,train,-1,rigidity_supporting,q3_is_H,binary,two-sided,931,0.7646807264578538,0.38812732736710837,0.3765533990907454,1.9701800737534365,0.00846862480245486,44.464527343517595,0.000999000999000999,1.0,0.000999000999000999,0.0022419139302256186,1.0,0.0010981385027186554
esm2_top28_bilstm_attn,train,-1,rigidity_supporting,q3_is_E,binary,two-sided,931,0.21026719888911583,0.17611897544846145,0.03414822344065438,1.1938929258116615,0.005998843405386612,5.692467886391444,0.000999000999000999,1.0,0.000999000999000999,0.0022419139302256186,1.0,0.0010981385027186554
esm2_top28_bilstm_attn,train,-1,rigidity_supporting,q3_is_C,binary,two-sided,931,0.02505207465303029,0.4357536971844301,-0.4107016225313998,0.057491364536666575,0.009527164197875656,-43.10848579926617,1.0,0.000999000999000999,0.000999000999000999,1.0,0.002147106624718565,0.0010981385027186554
esm2_top28_bilstm_attn,train,-1,rigidity_supporting,q8_is_T,binary,upper,931,0.0032516052573961316,0.08520757899718229,-0.08195597373978615,0.038160986330848086,0.0049597846113039685,-16.52409936370992,1.0,0.000999000999000999,0.000999000999000999,1.0,0.002147106624718565,0.0010981385027186554
esm2_top28_bilstm_attn,train,-1,rigidity_supporting,q8_is_S,binary,upper,931,0.0,0.02850142223851639,-0.02850142223851639,0.0,0.002783697284647965,-10.238693120728739,1.0,0.000999000999000999,0.000999000999000999,1.0,0.002147106624718565,0.0010981385027186554
esm2_top28_bilstm_attn,train,-1,rigidity_supporting,q8_turn_or_bend_TS,binary,upper,931,0.0032516052573961316,0.11370900123569873,-0.11045739597830259,0.02859584748841586,0.005546964260486576,-19.913125592883006,1.0,0.000999000999000999,0.000999000999000999,1.0,0.002147106624718565,0.0010981385027186554
esm2_top28_bilstm_attn,train,-1,rigidity_supporting,q8_loop_turn_bend_CTS,binary,upper,931,0.022265851698906384,0.410332248804812,-0.3880663971059056,0.05426298265310818,0.009423695261196734,-41.17985422383282,1.0,0.000999000999000999,0.000999000999000999,1.0,0.002147106624718565,0.0010981385027186554
esm2_top28_bilstm_attn,train,-1,rigidity_supporting,structured_linker_loop,binary,upper,931,0.012544794464656232,0.27972276224909265,-0.2671779677844364,0.044847242190055,0.007895847361873558,-33.83778276598287,1.0,0.000999000999000999,0.000999000999000999,1.0,0.002147106624718565,0.0010981385027186554
esm2_top28_bilstm_attn,train,-1,rigidity_supporting,q3_boundary_within2,binary,upper,931,0.21987131236954194,0.6399917742337523,-0.42012046186421037,0.343553341185969,0.00897451393516146,-46.812614577176205,1.0,0.000999000999000999,0.000999000999000999,1.0,0.002147106624718565,0.0010981385027186554
esm2_top28_bilstm_attn,train,-1,rigidity_supporting,q8_boundary_within2,binary,upper,931,0.2088459046075448,0.6898268853934512,-0.48098098078590634,0.30275118153509917,0.008572440920663938,-56.10782100889116,1.0,0.000999000999000999,0.000999000999000999,1.0,0.002147106624718565,0.0010981385027186554
esm2_top28_bilstm_attn,train,-1,rigidity_supporting,distance_to_q3_boundary,distance,lower,931,4.522605278366641,2.7385970035448572,1.784008274821784,1.6514314711191724,0.06849652931060965,26.045236054689465,0.000999000999000999,1.0,0.000999000999000999,0.0022419139302256186,1.0,0.0010981385027186554
esm2_top28_bilstm_attn,train,-1,rigidity_supporting,distance_to_q8_boundary,distance,lower,931,4.636273969402105,2.3675435725167153,2.26873039688539,1.9582634183470227,0.06553163356812641,34.62038519956667,0.000999000999000999,1.0,0.000999000999000999,0.0022419139302256186,1.0,0.0010981385027186554
esm2_top28_bilstm_attn,train,-1,rigidity_supporting,rsa,continuous,two-sided,931,0.18737426966940035,0.3459886846651383,-0.15861441499573797,0.5415618428410416,0.00388564077405016,-40.82065847543796,1.0,0.000999000999000999,0.000999000999000999,1.0,0.002147106624718565,0.0010981385027186554
esm2_top28_bilstm_attn,train,-1,rigidity_supporting,exposed_rsa_ge025,binary,two-sided,931,0.30928453273583123,0.611730816160548,-0.3024462834247168,0.5055892633904189,0.008201707750061972,-36.87601322083581,1.0,0.000999000999000999,0.000999000999000999,1.0,0.002147106624718565,0.0010981385027186554
esm2_top28_bilstm_attn,train,-1,rigidity_supporting,disorder,continuous,upper,931,0.015475962075284335,0.06231439721791021,-0.046838435142625874,0.24835291307024443,0.0027711341822644854,-16.90226169573317,1.0,0.000999000999000999,0.000999000999000999,1.0,0.002147106624718565,0.0010981385027186554
esm2_top28_bilstm_attn,train,-1,rigidity_supporting,disorder_ge05,binary,upper,931,0.0006564029120420099,0.031552650609415055,-0.030896247697373046,0.020803415857751886,0.0037297172980970935,-8.283804167446243,1.0,0.000999000999000999,0.000999000999000999,1.0,0.002147106624718565,0.0010981385027186554
esm2_top28_bilstm_attn,train,-1,rigidity_supporting,interface,binary,two-sided,931,0.0,0.0,0.0,,0.0,,1.0,1.0,1.0,1.0,1.0,1.0
esm2_top28_bilstm_attn,train,-1,rigidity_supporting,torsion_change_from_previous,continuous,upper,931,8.042498074483877,45.53645140462915,-37.493953330145274,0.1766167065373542,1.1443591683370178,-32.76414815169565,1.0,0.000999000999000999,0.000999000999000999,1.0,0.002147106624718565,0.0010981385027186554
esm2_top28_bilstm_attn,train,1,flexibility_supporting,neq,continuous,flexibility-supporting higher,954,2.0288892903122924,1.364691927745726,0.6641973625665665,1.4867013199555776,0.013750867868325129,48.302214007636046,0.000999000999000999,1.0,0.000999000999000999,0.0022419139302256186,1.0,0.0010981385027186554
esm2_top28_bilstm_attn,train,1,flexibility_supporting,flexible_neq_gt1,binary,flexibility-supporting higher,954,0.9739865076849589,0.5847992992657648,0.3891872084191941,1.6655055997977968,0.008712437563470291,44.67030100175262,0.000999000999000999,1.0,0.000999000999000999,0.0022419139302256186,1.0,0.0010981385027186554
esm2_top28_bilstm_attn,train,1,flexibility_supporting,neq_top10_within_protein,binary,flexibility-supporting higher,954,0.358559532072684,0.10480918989765417,0.2537503421750298,3.4210695877223762,0.005768950274580513,43.98553117941048,0.000999000999000999,1.0,0.000999000999000999,0.0022419139302256186,1.0,0.0010981385027186554
esm2_top28_bilstm_attn,train,1,flexibility_supporting,neq_peak,binary,flexibility-supporting higher,954,0.218487306745808,0.07243912357648927,0.14604818316931872,3.016150609761379,0.004662316416006824,31.32524053234592,0.000999000999000999,1.0,0.000999000999000999,0.0022419139302256186,1.0,0.0010981385027186554
esm2_top28_bilstm_attn,train,1,flexibility_supporting,distance_to_neq_peak,distance,flexibility-supporting lower,954,1.9348869431633628,5.075683253445648,-3.140796310282285,0.38120718857896757,0.08451399399605451,-37.16303255563702,1.0,0.000999000999000999,0.000999000999000999,1.0,0.002147106624718565,0.0010981385027186554
esm2_top28_bilstm_attn,train,1,flexibility_supporting,distance_to_neq_top10,distance,flexibility-supporting lower,954,4.915080802624205,8.312185914233764,-3.3971051116095587,0.5913102586177282,0.13456476459352112,-25.24513101086433,1.0,0.000999000999000999,0.000999000999000999,1.0,0.002147106624718565,0.0010981385027186554
esm2_top28_bilstm_attn,train,1,flexibility_supporting,q3_is_H,binary,two-sided,954,0.05955775690907334,0.3874420781278896,-0.3278843212188163,0.15372041466650946,0.008178442581897311,-40.09129096835337,1.0,0.000999000999000999,0.000999000999000999,1.0,0.002147106624718565,0.0010981385027186554
esm2_top28_bilstm_attn,train,1,flexibility_supporting,q3_is_E,binary,two-sided,954,0.01120943350240233,0.1746346288227256,-0.16342519532032326,0.06418791953216338,0.005748952479103866,-28.42695185154803,1.0,0.000999000999000999,0.000999000999000999,1.0,0.002147106624718565,0.0010981385027186554
esm2_top28_bilstm_attn,train,1,flexibility_supporting,q3_is_C,binary,two-sided,954,0.9292328095885244,0.4379232930493846,0.4913095165391398,2.1219077046987196,0.009351270082699195,52.53933553348145,0.000999000999000999,1.0,0.000999000999000999,0.0022419139302256186,1.0,0.0010981385027186554
esm2_top28_bilstm_attn,train,1,flexibility_supporting,q8_is_T,binary,upper,954,0.2625293359001939,0.08531416857581567,0.17721516732437823,3.0772067557206912,0.004785456108218418,37.03203275023952,0.000999000999000999,1.0,0.000999000999000999,0.0022419139302256186,1.0,0.0010981385027186554
esm2_top28_bilstm_attn,train,1,flexibility_supporting,q8_is_S,binary,upper,954,0.10200281206869644,0.028136400694803044,0.0738664113738934,3.625297108010583,0.00263009580066595,28.08506494523513,0.000999000999000999,1.0,0.000999000999000999,0.0022419139302256186,1.0,0.0010981385027186554
esm2_top28_bilstm_attn,train,1,flexibility_supporting,q8_turn_or_bend_TS,binary,upper,954,0.36453214796889033,0.11345056927061872,0.25108157869827163,3.2131363492708043,0.005432704736759003,46.2166804316444,0.000999000999000999,1.0,0.000999000999000999,0.0022419139302256186,1.0,0.0010981385027186554
esm2_top28_bilstm_attn,train,1,flexibility_supporting,q8_loop_turn_bend_CTS,binary,upper,954,0.9064428394349288,0.4126326884792495,0.49381015095567926,2.196730566295191,0.00920043106231596,53.67250160465589,0.000999000999000999,1.0,0.000999000999000999,0.0022419139302256186,1.0,0.0010981385027186554
esm2_top28_bilstm_attn,train,1,flexibility_supporting,structured_linker_loop,binary,upper,954,0.7185194040751229,0.277406691882999,0.44111271219212395,2.590130033265999,0.007816118514056421,56.436287576606176,0.000999000999000999,1.0,0.000999000999000999,0.0022419139302256186,1.0,0.0010981385027186554
esm2_top28_bilstm_attn,train,1,flexibility_supporting,q3_boundary_within2,binary,upper,954,0.5797787484796868,0.6383188761887005,-0.058540127709013734,0.908290151062824,0.008652062638953498,-6.766031425321997,1.0,0.000999000999000999,0.000999000999000999,1.0,0.002147106624718565,0.0010981385027186554
esm2_top28_bilstm_attn,train,1,flexibility_supporting,q8_boundary_within2,binary,upper,954,0.8328806094649635,0.6885198570646022,0.14436075240036128,1.209668248372416,0.008279601465724238,17.435712696798706,0.000999000999000999,1.0,0.000999000999000999,0.0022419139302256186,1.0,0.0010981385027186554
esm2_top28_bilstm_attn,train,1,flexibility_supporting,distance_to_q3_boundary,distance,lower,954,2.796266196995662,2.742545253444001,0.053720943551661016,1.019587988013762,0.06589059503779787,0.8153051815793166,0.21578421578421578,0.7852147852147852,0.4255744255744256,0.4684360865265388,1.0,0.45450717391384887
esm2_top28_bilstm_attn,train,1,flexibility_supporting,distance_to_q8_boundary,distance,lower,954,1.320797002937803,2.361488134110501,-1.0406911311726978,0.5593070673782176,0.06448107213392418,-16.13948243619819,1.0,0.000999000999000999,0.000999000999000999,1.0,0.002147106624718565,0.0010981385027186554
esm2_top28_bilstm_attn,train,1,flexibility_supporting,rsa,continuous,two-sided,954,0.5360749046832101,0.3481857120288165,0.18788919265439358,1.5396235002280723,0.0037593300623597237,49.979435042331964,0.000999000999000999,1.0,0.000999000999000999,0.0022419139302256186,1.0,0.0010981385027186554
esm2_top28_bilstm_attn,train,1,flexibility_supporting,exposed_rsa_ge025,binary,two-sided,954,0.9058492647176334,0.6160866988494755,0.28976256586815785,1.4703275795586583,0.008076123108018802,35.87891888131967,0.000999000999000999,1.0,0.000999000999000999,0.0022419139302256186,1.0,0.0010981385027186554
esm2_top28_bilstm_attn,train,1,flexibility_supporting,disorder,continuous,upper,954,0.10740066904354853,0.06388099590948161,0.04351967313406692,1.6812616571559658,0.0025064431031447936,17.36312030361411,0.000999000999000999,1.0,0.000999000999000999,0.0022419139302256186,1.0,0.0010981385027186554
esm2_top28_bilstm_attn,train,1,flexibility_supporting,disorder_ge05,binary,upper,954,0.05294217208890476,0.03267816280913462,0.020264009279770144,1.6201085843817906,0.003445498769654405,5.881299235466769,0.000999000999000999,1.0,0.000999000999000999,0.0022419139302256186,1.0,0.0010981385027186554
esm2_top28_bilstm_attn,train,1,flexibility_supporting,interface,binary,two-sided,954,0.0,0.0,0.0,,0.0,,1.0,1.0,1.0,1.0,1.0,1.0
esm2_top28_bilstm_attn,train,1,flexibility_supporting,torsion_change_from_previous,continuous,upper,954,91.48202842686081,45.58589472037164,45.89613370648917,2.0068055916862124,1.0731768871504397,42.76660656413799,0.000999000999000999,1.0,0.000999000999000999,0.0022419139302256186,1.0,0.0010981385027186554
esm2_top28_bilstm_attn,validation,-1,rigidity_supporting,neq,continuous,flexibility-supporting higher,208,1.0261526989533636,1.3637426341934515,-0.33758993524008796,0.7524533392330685,0.028151142917686646,-11.992050774890167,1.0,0.000999000999000999,0.000999000999000999,1.0,0.002147106624718565,0.0010981385027186554
esm2_top28_bilstm_attn,validation,-1,rigidity_supporting,flexible_neq_gt1,binary,flexibility-supporting higher,208,0.12785261338711565,0.5892099885357697,-0.46135737514865405,0.21698989473148417,0.018168767886648764,-25.392881786314216,1.0,0.000999000999000999,0.000999000999000999,1.0,0.002147106624718565,0.0010981385027186554
esm2_top28_bilstm_attn,validation,-1,rigidity_supporting,neq_top10_within_protein,binary,flexibility-supporting higher,208,0.003538995726495727,0.1042068336660354,-0.10066783793953968,0.033961263402720654,0.01156803511646056,-8.702241731294185,1.0,0.000999000999000999,0.000999000999000999,1.0,0.002147106624718565,0.0010981385027186554
esm2_top28_bilstm_attn,validation,-1,rigidity_supporting,neq_peak,binary,flexibility-supporting higher,208,0.006343482905982906,0.07245911273908655,-0.06611562983310364,0.08754568840533217,0.009984428180931466,-6.621874446387734,1.0,0.000999000999000999,0.000999000999000999,1.0,0.002147106624718565,0.0010981385027186554
esm2_top28_bilstm_attn,validation,-1,rigidity_supporting,distance_to_neq_peak,distance,flexibility-supporting lower,208,8.497027186457334,5.091242780326056,3.4057844061312785,1.6689495184343113,0.18224828148372285,18.687607797473028,0.000999000999000999,1.0,0.000999000999000999,0.0022419139302256186,1.0,0.0010981385027186554
esm2_top28_bilstm_attn,validation,-1,rigidity_supporting,distance_to_neq_top10,distance,flexibility-supporting lower,208,10.434949339247982,7.956974465460382,2.4779748737876,1.3114217451047492,0.2434323662456027,10.17931556105211,0.000999000999000999,1.0,0.000999000999000999,0.0022419139302256186,1.0,0.0010981385027186554
esm2_top28_bilstm_attn,validation,-1,rigidity_supporting,q3_is_H,binary,two-sided,208,0.7080386642957345,0.3635641704559267,0.34447449383980777,1.9474929650185837,0.016794244635349793,20.51146099865259,0.000999000999000999,1.0,0.000999000999000999,0.0022419139302256186,1.0,0.0010981385027186554
esm2_top28_bilstm_attn,validation,-1,rigidity_supporting,q3_is_E,binary,two-sided,208,0.27485711914091443,0.201058486070318,0.07379863307059642,1.3670505757453388,0.013737345137489813,5.372117562162484,0.000999000999000999,1.0,0.000999000999000999,0.0022419139302256186,1.0,0.0010981385027186554
esm2_top28_bilstm_attn,validation,-1,rigidity_supporting,q3_is_C,binary,two-sided,208,0.01710421656335118,0.43537734347375545,-0.41827312691040425,0.039285959225350046,0.019041092715580833,-21.966865723422593,1.0,0.000999000999000999,0.000999000999000999,1.0,0.002147106624718565,0.0010981385027186554
esm2_top28_bilstm_attn,validation,-1,rigidity_supporting,q8_is_T,binary,upper,208,0.0008012820512820513,0.08853297092982115,-0.0877316888785391,0.009050662627341584,0.010332659410632312,-8.490717190219504,1.0,0.000999000999000999,0.000999000999000999,1.0,0.002147106624718565,0.0010981385027186554
esm2_top28_bilstm_attn,validation,-1,rigidity_supporting,q8_is_S,binary,upper,208,0.0,0.033675879511859436,-0.033675879511859436,0.0,0.006291873336412331,-5.352281858086744,1.0,0.000999000999000999,0.000999000999000999,1.0,0.002147106624718565,0.0010981385027186554
esm2_top28_bilstm_attn,validation,-1,rigidity_supporting,q8_turn_or_bend_TS,binary,upper,208,0.0008012820512820513,0.12220885044168056,-0.12140756839039851,0.006556661390612066,0.011814800337070268,-10.27588828644599,1.0,0.000999000999000999,0.000999000999000999,1.0,0.002147106624718565,0.0010981385027186554
esm2_top28_bilstm_attn,validation,-1,rigidity_supporting,q8_loop_turn_bend_CTS,binary,upper,208,0.012117189701324317,0.4106609993623144,-0.3985438096609901,0.02950655095112567,0.018616633964266764,-21.40794143699474,1.0,0.000999000999000999,0.000999000999000999,1.0,0.002147106624718565,0.0010981385027186554
esm2_top28_bilstm_attn,validation,-1,rigidity_supporting,structured_linker_loop,binary,upper,208,0.00729739010989011,0.2805302430844357,-0.2732328529745456,0.02601284635002329,0.016903238442975928,-16.16452692756555,1.0,0.000999000999000999,0.000999000999000999,1.0,0.002147106624718565,0.0010981385027186554
esm2_top28_bilstm_attn,validation,-1,rigidity_supporting,q3_boundary_within2,binary,upper,208,0.2182806960981452,0.6442884128319045,-0.4260077167337593,0.33879345297972147,0.017837185115440458,-23.883124718204158,1.0,0.000999000999000999,0.000999000999000999,1.0,0.002147106624718565,0.0010981385027186554
esm2_top28_bilstm_attn,validation,-1,rigidity_supporting,q8_boundary_within2,binary,upper,208,0.19671367000269713,0.6980198115476466,-0.5013061415449495,0.2818167432333252,0.017293051020170865,-28.988877726678695,1.0,0.000999000999000999,0.000999000999000999,1.0,0.002147106624718565,0.0010981385027186554
esm2_top28_bilstm_attn,validation,-1,rigidity_supporting,distance_to_q3_boundary,distance,lower,208,4.532452006264223,2.6190018681689886,1.9134501380952345,1.730602815275186,0.11990946705121289,15.957456780939632,0.000999000999000999,1.0,0.000999000999000999,0.0022419139302256186,1.0,0.0010981385027186554
esm2_top28_bilstm_attn,validation,-1,rigidity_supporting,distance_to_q8_boundary,distance,lower,208,4.588876587370648,2.159320709468228,2.4295558779024202,2.125148231686595,0.11076709658438791,21.93391316392827,0.000999000999000999,1.0,0.000999000999000999,0.0022419139302256186,1.0,0.0010981385027186554
esm2_top28_bilstm_attn,validation,-1,rigidity_supporting,rsa,continuous,two-sided,208,0.1631894511629042,0.33727326165905275,-0.17408381049614854,0.4838493581144636,0.00839501359428655,-20.73657279300011,1.0,0.000999000999000999,0.000999000999000999,1.0,0.002147106624718565,0.0010981385027186554
esm2_top28_bilstm_attn,validation,-1,rigidity_supporting,exposed_rsa_ge025,binary,two-sided,208,0.26307633848994144,0.5914685774985761,-0.3283922390086346,0.4447849784388162,0.01793808539998571,-18.306983810484937,1.0,0.000999000999000999,0.000999000999000999,1.0,0.002147106624718565,0.0010981385027186554
esm2_top28_bilstm_attn,validation,-1,rigidity_supporting,disorder,continuous,upper,208,0.008795850282075458,0.055352332510701964,-0.0465564822286265,0.158906587728256,0.005228045372470194,-8.905141197469959,1.0,0.000999000999000999,0.000999000999000999,1.0,0.002147106624718565,0.0010981385027186554
esm2_top28_bilstm_attn,validation,-1,rigidity_supporting,disorder_ge05,binary,upper,208,0.0,0.029703485819421907,-0.029703485819421907,0.0,0.006831806427577324,-4.347823102762481,1.0,0.000999000999000999,0.000999000999000999,1.0,0.002147106624718565,0.0010981385027186554
esm2_top28_bilstm_attn,validation,-1,rigidity_supporting,interface,binary,two-sided,208,0.0,0.0,0.0,,0.0,,1.0,1.0,1.0,1.0,1.0,1.0
esm2_top28_bilstm_attn,validation,-1,rigidity_supporting,torsion_change_from_previous,continuous,upper,208,6.767621212591111,47.76885381062524,-41.00123259803413,0.14167434787991057,2.2790078494103763,-17.990825529030953,1.0,0.000999000999000999,0.000999000999000999,1.0,0.002147106624718565,0.0010981385027186554
esm2_top28_bilstm_attn,validation,1,flexibility_supporting,neq,continuous,flexibility-supporting higher,208,2.0337875117159374,1.3623180959136638,0.6714694158022736,1.4928873937859133,0.025584587771428607,26.24507464420169,0.000999000999000999,1.0,0.000999000999000999,0.0022419139302256186,1.0,0.0010981385027186554
esm2_top28_bilstm_attn,validation,1,flexibility_supporting,flexible_neq_gt1,binary,flexibility-supporting higher,208,0.9436529416096723,0.5899081222530139,0.35374481935665836,1.59966087262134,0.01656878111253085,21.350081032160155,0.000999000999000999,1.0,0.000999000999000999,0.0022419139302256186,1.0,0.0010981385027186554
esm2_top28_bilstm_attn,validation,1,flexibility_supporting,neq_top10_within_protein,binary,flexibility-supporting higher,208,0.35662639977543825,0.10382574255338677,0.2528006572220515,3.434855277746388,0.010874144388857419,23.247866515465134,0.000999000999000999,1.0,0.000999000999000999,0.0022419139302256186,1.0,0.0010981385027186554
esm2_top28_bilstm_attn,validation,1,flexibility_supporting,neq_peak,binary,flexibility-supporting higher,208,0.2172940440969287,0.07309444443777374,0.14419959965915496,2.9727846728750222,0.008685552189300578,16.602237430199235,0.000999000999000999,1.0,0.000999000999000999,0.0022419139302256186,1.0,0.0010981385027186554
esm2_top28_bilstm_attn,validation,1,flexibility_supporting,distance_to_neq_peak,distance,flexibility-supporting lower,208,2.2160658118590812,5.0788742829419515,-2.8628084710828703,0.43633011734549554,0.1607706116618073,-17.806789695525925,1.0,0.000999000999000999,0.000999000999000999,1.0,0.002147106624718565,0.0010981385027186554
esm2_top28_bilstm_attn,validation,1,flexibility_supporting,distance_to_neq_top10,distance,flexibility-supporting lower,208,4.795966733586925,7.950977884395252,-3.1550111508083267,0.6031920605639698,0.22345158626402215,-14.119439488249961,1.0,0.000999000999000999,0.000999000999000999,1.0,0.002147106624718565,0.0010981385027186554
esm2_top28_bilstm_attn,validation,1,flexibility_supporting,q3_is_H,binary,two-sided,208,0.037212513714917565,0.3632367516631339,-0.32602423794821633,0.10244699509213892,0.014753451557945725,-22.098167108064306,1.0,0.000999000999000999,0.000999000999000999,1.0,0.002147106624718565,0.0010981385027186554
esm2_top28_bilstm_attn,validation,1,flexibility_supporting,q3_is_E,binary,two-sided,208,0.018317586526721143,0.20133328080173032,-0.1830156942750092,0.09098141377212245,0.012394108666395528,-14.766345785818745,1.0,0.000999000999000999,0.000999000999000999,1.0,0.002147106624718565,0.0010981385027186554
esm2_top28_bilstm_attn,validation,1,flexibility_supporting,q3_is_C,binary,two-sided,208,0.9444698997583614,0.4354299675351358,0.5090399322232255,2.1690512141476574,0.017299413946929815,29.425270346430814,0.000999000999000999,1.0,0.000999000999000999,0.0022419139302256186,1.0,0.0010981385027186554
esm2_top28_bilstm_attn,validation,1,flexibility_supporting,q8_is_T,binary,upper,208,0.2967563619606889,0.08868448417901541,0.20807187778167346,3.346203845101775,0.009509440511466977,21.880559379993972,0.000999000999000999,1.0,0.000999000999000999,0.0022419139302256186,1.0,0.0010981385027186554
esm2_top28_bilstm_attn,validation,1,flexibility_supporting,q8_is_S,binary,upper,208,0.12808536282093974,0.03396068278676451,0.09412468003417523,3.7715779634106306,0.005793790154578204,16.24578687231168,0.000999000999000999,1.0,0.000999000999000999,0.0022419139302256186,1.0,0.0010981385027186554
esm2_top28_bilstm_attn,validation,1,flexibility_supporting,q8_turn_or_bend_TS,binary,upper,208,0.4248417247816286,0.1226451669657799,0.30219655781584875,3.4639907571748565,0.010793667799275819,27.997578157456733,0.000999000999000999,1.0,0.000999000999000999,0.0022419139302256186,1.0,0.0010981385027186554
esm2_top28_bilstm_attn,validation,1,flexibility_supporting,q8_loop_turn_bend_CTS,binary,upper,208,0.9265542016743941,0.4108775940205628,0.5156766076538313,2.255061398232447,0.017037116441041923,30.267833728692562,0.000999000999000999,1.0,0.000999000999000999,0.0022419139302256186,1.0,0.0010981385027186554
esm2_top28_bilstm_attn,validation,1,flexibility_supporting,structured_linker_loop,binary,upper,208,0.7446000580615966,0.28131236814734417,0.4632876899142524,2.646879918452765,0.015107199525588892,30.66668240725397,0.000999000999000999,1.0,0.000999000999000999,0.0022419139302256186,1.0,0.0010981385027186554
esm2_top28_bilstm_attn,validation,1,flexibility_supporting,q3_boundary_within2,binary,upper,208,0.5752962248755519,0.6441845490914,-0.06888832421584812,0.893061197582257,0.015897907188773458,-4.333169353541995,1.0,0.000999000999000999,0.000999000999000999,1.0,0.002147106624718565,0.0010981385027186554
esm2_top28_bilstm_attn,validation,1,flexibility_supporting,q8_boundary_within2,binary,upper,208,0.8461832838635724,0.6985229783837955,0.14766030547977693,1.2113893315598943,0.015497871788715567,9.527779523075711,0.000999000999000999,1.0,0.000999000999000999,0.0022419139302256186,1.0,0.0010981385027186554
esm2_top28_bilstm_attn,validation,1,flexibility_supporting,distance_to_q3_boundary,distance,lower,208,2.6528019523211834,2.6180590543270834,0.03474289799410002,1.0132704791118738,0.1039027628496397,0.3343789620337367,0.3826173826173826,0.6183816183816184,0.7532467532467533,0.8182708380728183,1.0,0.7917338136316239
esm2_top28_bilstm_attn,validation,1,flexibility_supporting,distance_to_q8_boundary,distance,lower,208,1.1139048651668846,2.1562641241837754,-1.0423592590168909,0.5165901768126565,0.09610949231779439,-10.845539122922837,1.0,0.000999000999000999,0.000999000999000999,1.0,0.002147106624718565,0.0010981385027186554
esm2_top28_bilstm_attn,validation,1,flexibility_supporting,rsa,continuous,two-sided,208,0.550995072721789,0.33729905124726745,0.2136960214745216,1.6335506153495378,0.007551054947119451,28.300154477890747,0.000999000999000999,1.0,0.000999000999000999,0.0022419139302256186,1.0,0.0010981385027186554
esm2_top28_bilstm_attn,validation,1,flexibility_supporting,exposed_rsa_ge025,binary,two-sided,208,0.9157860168677476,0.5912082170500439,0.32457779981770374,1.5490075923458102,0.015932287696490462,20.372328569562626,0.000999000999000999,1.0,0.000999000999000999,0.0022419139302256186,1.0,0.0010981385027186554
esm2_top28_bilstm_attn,validation,1,flexibility_supporting,disorder,continuous,upper,208,0.10206327665803354,0.05504344320068692,0.047019833457346616,1.8542313257169172,0.0046885231113200825,10.02870890063884,0.000999000999000999,1.0,0.000999000999000999,0.0022419139302256186,1.0,0.0010981385027186554
esm2_top28_bilstm_attn,validation,1,flexibility_supporting,disorder_ge05,binary,upper,208,0.04552319341982803,0.029607123151954882,0.015916070267873148,1.5375757106215924,0.0060841915781764625,2.61597125326607,0.006993006993006993,0.994005994005994,0.007992007992007992,0.01557205680917021,1.0,0.00874062646214545
esm2_top28_bilstm_attn,validation,1,flexibility_supporting,interface,binary,two-sided,208,0.0,0.0,0.0,,0.0,,1.0,1.0,1.0,1.0,1.0,1.0
esm2_top28_bilstm_attn,validation,1,flexibility_supporting,torsion_change_from_previous,continuous,upper,208,97.1792239091863,47.82520547773598,49.35401843145033,2.0319666782075,2.094627984791938,23.562188030421417,0.000999000999000999,1.0,0.000999000999000999,0.0022419139302256186,1.0,0.0010981385027186554
esm2_top4_bilstm_attn,test,-1,rigidity_supporting,neq,continuous,flexibility-supporting higher,205,1.025092290952047,1.3679914988124509,-0.34289920786040384,0.7493411266385255,0.029255066299736086,-11.721019680734656,1.0,0.000999000999000999,0.000999000999000999,1.0,0.002147106624718565,0.0010981385027186554
esm2_top4_bilstm_attn,test,-1,rigidity_supporting,flexible_neq_gt1,binary,flexibility-supporting higher,205,0.12963268973217626,0.5906213780261244,-0.4609886882939481,0.21948526510403818,0.01720407908468964,-26.795313252436394,1.0,0.000999000999000999,0.000999000999000999,1.0,0.002147106624718565,0.0010981385027186554
esm2_top4_bilstm_attn,test,-1,rigidity_supporting,neq_top10_within_protein,binary,flexibility-supporting higher,205,0.002708600770218229,0.10414444038524588,-0.10143583961502765,0.026008116805839167,0.011489382886842979,-8.828658650691022,1.0,0.000999000999000999,0.000999000999000999,1.0,0.002147106624718565,0.0010981385027186554
esm2_top4_bilstm_attn,test,-1,rigidity_supporting,neq_peak,binary,flexibility-supporting higher,205,0.0028990158322635858,0.07236081806404977,-0.06946180223178619,0.04006333689729071,0.010224408501010892,-6.793723297041435,1.0,0.000999000999000999,0.000999000999000999,1.0,0.002147106624718565,0.0010981385027186554
esm2_top4_bilstm_attn,test,-1,rigidity_supporting,distance_to_neq_peak,distance,flexibility-supporting lower,205,8.236815379385982,5.29493535580594,2.941880023580042,1.5556026326845043,0.17433293783296555,16.87506709947583,0.000999000999000999,1.0,0.000999000999000999,0.0022419139302256186,1.0,0.0010981385027186554
esm2_top4_bilstm_attn,test,-1,rigidity_supporting,distance_to_neq_top10,distance,flexibility-supporting lower,205,9.94871941245176,7.94400360144491,2.00471581100685,1.2523558537463677,0.24151066290130344,8.30073416603599,0.000999000999000999,1.0,0.000999000999000999,0.0022419139302256186,1.0,0.0010981385027186554
esm2_top4_bilstm_attn,test,-1,rigidity_supporting,q3_is_H,binary,two-sided,205,0.7439337342161477,0.37849548654027476,0.36543824767587296,1.9655022600566403,0.01610077769597222,22.696931451161593,0.000999000999000999,1.0,0.000999000999000999,0.0022419139302256186,1.0,0.0010981385027186554
esm2_top4_bilstm_attn,test,-1,rigidity_supporting,q3_is_E,binary,two-sided,205,0.24010715286710146,0.18659958928997122,0.05350756357713024,1.2867507039041806,0.012891775239487523,4.150519426776579,0.000999000999000999,1.0,0.000999000999000999,0.0022419139302256186,1.0,0.0010981385027186554
esm2_top4_bilstm_attn,test,-1,rigidity_supporting,q3_is_C,binary,two-sided,205,0.015959112916750912,0.4349049241697541,-0.41894581125300323,0.036695636286982296,0.01714047357337454,-24.441904096732788,1.0,0.000999000999000999,0.000999000999000999,1.0,0.002147106624718565,0.0010981385027186554
esm2_top4_bilstm_attn,test,-1,rigidity_supporting,q8_is_T,binary,upper,205,0.0016724738675958188,0.08734988658324985,-0.08567741271565403,0.019146835021953322,0.01009582436414472,-8.486420684965264,1.0,0.000999000999000999,0.000999000999000999,1.0,0.002147106624718565,0.0010981385027186554
esm2_top4_bilstm_attn,test,-1,rigidity_supporting,q8_is_S,binary,upper,205,0.0,0.03295488135562911,-0.03295488135562911,0.0,0.00650572189672302,-5.065522608986517,1.0,0.000999000999000999,0.000999000999000999,1.0,0.002147106624718565,0.0010981385027186554
esm2_top4_bilstm_attn,test,-1,rigidity_supporting,q8_turn_or_bend_TS,binary,upper,205,0.0016724738675958188,0.12030476793887894,-0.11863229407128312,0.01390197492792241,0.011754271702272034,-10.092696261934474,1.0,0.000999000999000999,0.000999000999000999,1.0,0.002147106624718565,0.0010981385027186554
esm2_top4_bilstm_attn,test,-1,rigidity_supporting,q8_loop_turn_bend_CTS,binary,upper,205,0.012213468317447778,0.41253767984155343,-0.40032421152410563,0.029605703707207304,0.01723127604000466,-23.23241822571356,1.0,0.000999000999000999,0.000999000999000999,1.0,0.002147106624718565,0.0010981385027186554
esm2_top4_bilstm_attn,test,-1,rigidity_supporting,structured_linker_loop,binary,upper,205,0.006492152833616248,0.28905744948889367,-0.2825652966552774,0.02245973194980984,0.015509619991835042,-18.21871179332778,1.0,0.000999000999000999,0.000999000999000999,1.0,0.002147106624718565,0.0010981385027186554
esm2_top4_bilstm_attn,test,-1,rigidity_supporting,q3_boundary_within2,binary,upper,205,0.22301702077696947,0.6474611774465016,-0.42444415666953206,0.34444848362417363,0.017737786159571917,-23.92881235860922,1.0,0.000999000999000999,0.000999000999000999,1.0,0.002147106624718565,0.0010981385027186554
esm2_top4_bilstm_attn,test,-1,rigidity_supporting,q8_boundary_within2,binary,upper,205,0.21378120809443021,0.7058520479317429,-0.4920708398373127,0.30286971429897047,0.01656346420313276,-29.708208005439104,1.0,0.000999000999000999,0.000999000999000999,1.0,0.002147106624718565,0.0010981385027186554
esm2_top4_bilstm_attn,test,-1,rigidity_supporting,distance_to_q3_boundary,distance,lower,205,4.3796266474218974,2.7329526747190194,1.646673972702878,1.6025256082680526,0.13543836651730456,12.15810567600494,0.000999000999000999,1.0,0.000999000999000999,0.0022419139302256186,1.0,0.0010981385027186554
esm2_top4_bilstm_attn,test,-1,rigidity_supporting,distance_to_q8_boundary,distance,lower,205,4.491195103213717,2.3130007383751607,2.178194364838556,1.9417179721130122,0.1325109859346851,16.43783984757454,0.000999000999000999,1.0,0.000999000999000999,0.0022419139302256186,1.0,0.0010981385027186554
esm2_top4_bilstm_attn,test,-1,rigidity_supporting,rsa,continuous,two-sided,205,0.1727161885257412,0.33852677592012065,-0.16581058739437946,0.5101994902952539,0.008020844109363432,-20.67246104444472,1.0,0.000999000999000999,0.000999000999000999,1.0,0.002147106624718565,0.0010981385027186554
esm2_top4_bilstm_attn,test,-1,rigidity_supporting,exposed_rsa_ge025,binary,two-sided,205,0.26731408193860057,0.5890260362309206,-0.3217119542923201,0.45382388128222445,0.016836649262085737,-19.107837271206904,1.0,0.000999000999000999,0.000999000999000999,1.0,0.002147106624718565,0.0010981385027186554
esm2_top4_bilstm_attn,test,-1,rigidity_supporting,disorder,continuous,upper,205,0.010281825166765297,0.0538212578480764,-0.0435394326813111,0.19103650820997628,0.005091128739866567,-8.552019582685356,1.0,0.000999000999000999,0.000999000999000999,1.0,0.002147106624718565,0.0010981385027186554
esm2_top4_bilstm_attn,test,-1,rigidity_supporting,disorder_ge05,binary,upper,205,0.0,0.030107812508415845,-0.030107812508415845,0.0,0.007125462467900125,-4.225383635665773,1.0,0.000999000999000999,0.000999000999000999,1.0,0.002147106624718565,0.0010981385027186554
esm2_top4_bilstm_attn,test,-1,rigidity_supporting,interface,binary,two-sided,205,0.0,0.0,0.0,,0.0,,1.0,1.0,1.0,1.0,1.0,1.0
esm2_top4_bilstm_attn,test,-1,rigidity_supporting,torsion_change_from_previous,continuous,upper,205,8.04487235514787,47.39542127499893,-39.350548919851065,0.1697394418855295,2.1555978972523007,-18.255050707745845,1.0,0.000999000999000999,0.000999000999000999,1.0,0.002147106624718565,0.0010981385027186554
esm2_top4_bilstm_attn,test,1,flexibility_supporting,neq,continuous,flexibility-supporting higher,204,2.033428211458113,1.3702155777676412,0.6632126336904718,1.4840206493426236,0.0260006905413005,25.507500757989455,0.000999000999000999,1.0,0.000999000999000999,0.0022419139302256186,1.0,0.0010981385027186554
esm2_top4_bilstm_attn,test,1,flexibility_supporting,flexible_neq_gt1,binary,flexibility-supporting higher,204,0.9499364742011801,0.5929020099181864,0.3570344642829937,1.6021812345218063,0.017038295372375525,20.95482303129101,0.000999000999000999,1.0,0.000999000999000999,0.0022419139302256186,1.0,0.0010981385027186554
esm2_top4_bilstm_attn,test,1,flexibility_supporting,neq_top10_within_protein,binary,flexibility-supporting higher,204,0.3642459732533262,0.10362232221754278,0.26062365103578344,3.5151303836699874,0.010270204467680219,25.376675981082172,0.000999000999000999,1.0,0.000999000999000999,0.0022419139302256186,1.0,0.0010981385027186554
esm2_top4_bilstm_attn,test,1,flexibility_supporting,neq_peak,binary,flexibility-supporting higher,204,0.24500945677416266,0.07271730629120336,0.17229215048295932,3.369341760171905,0.008840291365121992,19.48941990336557,0.000999000999000999,1.0,0.000999000999000999,0.0022419139302256186,1.0,0.0010981385027186554
esm2_top4_bilstm_attn,test,1,flexibility_supporting,distance_to_neq_peak,distance,flexibility-supporting lower,204,2.074175647337412,5.105208913220494,-3.031033265883082,0.4062861447189964,0.15757313963951425,-19.2357229970621,1.0,0.000999000999000999,0.000999000999000999,1.0,0.002147106624718565,0.0010981385027186554
esm2_top4_bilstm_attn,test,1,flexibility_supporting,distance_to_neq_top10,distance,flexibility-supporting lower,204,4.790945519621991,7.901292030253244,-3.1103465106312536,0.6063496326015982,0.20570613175804828,-15.120339311468099,1.0,0.000999000999000999,0.000999000999000999,1.0,0.002147106624718565,0.0010981385027186554
esm2_top4_bilstm_attn,test,1,flexibility_supporting,q3_is_H,binary,two-sided,204,0.040568024023906385,0.375106991082175,-0.3345389670582686,0.10815054101462779,0.014976722902165321,-22.337260911056934,1.0,0.000999000999000999,0.000999000999000999,1.0,0.002147106624718565,0.0010981385027186554
esm2_top4_bilstm_attn,test,1,flexibility_supporting,q3_is_E,binary,two-sided,204,0.01757703081232493,0.18873609850797352,-0.1711590676956486,0.09313020111826861,0.011731755880527288,-14.589381967940827,1.0,0.000999000999000999,0.000999000999000999,1.0,0.002147106624718565,0.0010981385027186554
esm2_top4_bilstm_attn,test,1,flexibility_supporting,q3_is_C,binary,two-sided,204,0.9418549451637688,0.43615691040985155,0.5056980347539173,2.159440611129418,0.016920617107711273,29.886500683444595,0.000999000999000999,1.0,0.000999000999000999,0.0022419139302256186,1.0,0.0010981385027186554
esm2_top4_bilstm_attn,test,1,flexibility_supporting,q8_is_T,binary,upper,204,0.2942488815650581,0.08851557910363056,0.20573330246142751,3.3242609328755908,0.00929024119162967,22.14509808924975,0.000999000999000999,1.0,0.000999000999000999,0.0022419139302256186,1.0,0.0010981385027186554
esm2_top4_bilstm_attn,test,1,flexibility_supporting,q8_is_S,binary,upper,204,0.1292624382697912,0.03310179999738823,0.09616063827240297,3.904997259363242,0.005872475290062545,16.3748050903044,0.000999000999000999,1.0,0.000999000999000999,0.0022419139302256186,1.0,0.0010981385027186554
esm2_top4_bilstm_attn,test,1,flexibility_supporting,q8_turn_or_bend_TS,binary,upper,204,0.42351131983484924,0.12161737910101877,0.30189394073383047,3.4823256590907863,0.010544591861703905,28.63021581994614,0.000999000999000999,1.0,0.000999000999000999,0.0022419139302256186,1.0,0.0010981385027186554
esm2_top4_bilstm_attn,test,1,flexibility_supporting,q8_loop_turn_bend_CTS,binary,upper,204,0.9224833921525097,0.4141434515647751,0.5083399405877347,2.2274489398952295,0.016564974317820915,30.687638316520232,0.000999000999000999,1.0,0.000999000999000999,0.0022419139302256186,1.0,0.0010981385027186554
esm2_top4_bilstm_attn,test,1,flexibility_supporting,structured_linker_loop,binary,upper,204,0.7770829184432125,0.29246065694925993,0.4846222614939526,2.6570511280019162,0.01472291208780139,32.91619610331603,0.000999000999000999,1.0,0.000999000999000999,0.0022419139302256186,1.0,0.0010981385027186554
esm2_top4_bilstm_attn,test,1,flexibility_supporting,q3_boundary_within2,binary,upper,204,0.6096381287557758,0.6506357887550901,-0.04099765999931426,0.9369883109600255,0.015213030284680764,-2.6949042519555184,0.994005994005994,0.006993006993006993,0.01098901098901099,1.0,0.014918414918414918,0.01197289469672824
esm2_top4_bilstm_attn,test,1,flexibility_supporting,q8_boundary_within2,binary,upper,204,0.8607589850236909,0.7091590803123891,0.1515999047113018,1.2137741853978956,0.014525669861375223,10.436689402835501,0.000999000999000999,1.0,0.000999000999000999,0.0022419139302256186,1.0,0.0010981385027186554
esm2_top4_bilstm_attn,test,1,flexibility_supporting,distance_to_q3_boundary,distance,lower,204,2.5522734822367177,2.632398651763541,-0.08012516952682347,0.969561916667468,0.11864052915999841,-0.6753608576607645,0.7592407592407593,0.24175824175824176,0.4885114885114885,1.0,0.5033231828412551,0.5185183367001549
esm2_top4_bilstm_attn,test,1,flexibility_supporting,distance_to_q8_boundary,distance,lower,204,1.0562736079280197,2.2095387979259304,-1.1532651899979107,0.47805162277283025,0.11468473137193472,-10.05596103510719,1.0,0.000999000999000999,0.000999000999000999,1.0,0.002147106624718565,0.0010981385027186554
esm2_top4_bilstm_attn,test,1,flexibility_supporting,rsa,continuous,two-sided,204,0.5512045573866023,0.3369326766763607,0.21427188071024167,1.6359486495162938,0.008185411157478482,26.17728988658991,0.000999000999000999,1.0,0.000999000999000999,0.0022419139302256186,1.0,0.0010981385027186554
esm2_top4_bilstm_attn,test,1,flexibility_supporting,exposed_rsa_ge025,binary,two-sided,204,0.9195533701048406,0.585558979242435,0.33399439086240557,1.5703855678116485,0.017241676334783757,19.371340951842225,0.000999000999000999,1.0,0.000999000999000999,0.0022419139302256186,1.0,0.0010981385027186554
esm2_top4_bilstm_attn,test,1,flexibility_supporting,disorder,continuous,upper,204,0.08181279478662994,0.05336395093757253,0.02844884384905741,1.5331097744681257,0.004761053705395119,5.9753251295652925,0.000999000999000999,1.0,0.000999000999000999,0.0022419139302256186,1.0,0.0010981385027186554
esm2_top4_bilstm_attn,test,1,flexibility_supporting,disorder_ge05,binary,upper,204,0.036321072718131536,0.03002930694033635,0.006291765777795187,1.209520845429299,0.006448807605086843,0.9756479279723308,0.16083916083916083,0.8401598401598401,0.33466533466533466,0.35181021510135435,1.0,0.35830340663054416
esm2_top4_bilstm_attn,test,1,flexibility_supporting,interface,binary,two-sided,204,0.0,0.0,0.0,,0.0,,1.0,1.0,1.0,1.0,1.0,1.0
esm2_top4_bilstm_attn,test,1,flexibility_supporting,torsion_change_from_previous,continuous,upper,204,96.83677122095736,47.53776287962671,49.29900834133065,2.0370493972584214,2.1264007542253145,23.18425077839626,0.000999000999000999,1.0,0.000999000999000999,0.0022419139302256186,1.0,0.0010981385027186554
esm2_top4_bilstm_attn,train,-1,rigidity_supporting,neq,continuous,flexibility-supporting higher,936,1.015578296336523,1.3562508539740405,-0.3406725576375176,0.7488130188900598,0.013512296814878044,-25.212039248753904,1.0,0.000999000999000999,0.000999000999000999,1.0,0.002147106624718565,0.0010981385027186554
esm2_top4_bilstm_attn,train,-1,rigidity_supporting,flexible_neq_gt1,binary,flexibility-supporting higher,936,0.11430358654896243,0.5801178453599687,-0.46581425881100624,0.1970351153015056,0.008939099895453962,-52.109749780053264,1.0,0.000999000999000999,0.000999000999000999,1.0,0.002147106624718565,0.0010981385027186554
esm2_top4_bilstm_attn,train,-1,rigidity_supporting,neq_top10_within_protein,binary,flexibility-supporting higher,936,0.002759040469408017,0.1043271295607793,-0.10156808909137129,0.026446049853222933,0.005616409113010789,-18.0841685581775,1.0,0.000999000999000999,0.000999000999000999,1.0,0.002147106624718565,0.0010981385027186554
esm2_top4_bilstm_attn,train,-1,rigidity_supporting,neq_peak,binary,flexibility-supporting higher,936,0.0023225616975616975,0.07221795795763802,-0.06989539626007632,0.03216044545214194,0.004642780025379504,-15.054643097023108,1.0,0.000999000999000999,0.000999000999000999,1.0,0.002147106624718565,0.0010981385027186554
esm2_top4_bilstm_attn,train,-1,rigidity_supporting,distance_to_neq_peak,distance,flexibility-supporting lower,936,8.16926900239274,5.117200985566385,3.0520680168263548,1.596433094075265,0.08429017079087243,36.20906196048253,0.000999000999000999,1.0,0.000999000999000999,0.0022419139302256186,1.0,0.0010981385027186554
esm2_top4_bilstm_attn,train,-1,rigidity_supporting,distance_to_neq_top10,distance,flexibility-supporting lower,936,10.52861974101826,8.328633324188202,2.1999864168300576,1.264147349414556,0.1401327736427689,15.699299740104593,0.000999000999000999,1.0,0.000999000999000999,0.0022419139302256186,1.0,0.0010981385027186554
esm2_top4_bilstm_attn,train,-1,rigidity_supporting,q3_is_H,binary,two-sided,936,0.7489275029779314,0.3888959079524899,0.3600315950254415,1.925778820664334,0.008026931693220548,44.8529536297811,0.000999000999000999,1.0,0.000999000999000999,0.0022419139302256186,1.0,0.0010981385027186554
esm2_top4_bilstm_attn,train,-1,rigidity_supporting,q3_is_E,binary,two-sided,936,0.23209268514541123,0.17502610903743027,0.057066576107980965,1.3260460763358282,0.005765306172733363,9.898273291689797,0.000999000999000999,1.0,0.000999000999000999,0.0022419139302256186,1.0,0.0010981385027186554
esm2_top4_bilstm_attn,train,-1,rigidity_supporting,q3_is_C,binary,two-sided,936,0.018979811876657354,0.4360779830100798,-0.4170981711334224,0.04352389392751948,0.008672684568700254,-48.09331733783228,1.0,0.000999000999000999,0.000999000999000999,1.0,0.002147106624718565,0.0010981385027186554
esm2_top4_bilstm_attn,train,-1,rigidity_supporting,q8_is_T,binary,upper,936,0.0019751586257996515,0.08488783979213693,-0.08291268116633728,0.02326786298998986,0.004721315414571191,-17.56135184496411,1.0,0.000999000999000999,0.000999000999000999,1.0,0.002147106624718565,0.0010981385027186554
esm2_top4_bilstm_attn,train,-1,rigidity_supporting,q8_is_S,binary,upper,936,0.00010683760683760684,0.028376169004803005,-0.0282693313979654,0.003765046889152771,0.0025710373716450272,-10.995301627948654,1.0,0.000999000999000999,0.000999000999000999,1.0,0.002147106624718565,0.0010981385027186554
esm2_top4_bilstm_attn,train,-1,rigidity_supporting,q8_turn_or_bend_TS,binary,upper,936,0.002081996232637258,0.11326400879693996,-0.1111820125643027,0.018381798902861252,0.005175527416873772,-21.48225748004271,1.0,0.000999000999000999,0.000999000999000999,1.0,0.002147106624718565,0.0010981385027186554
esm2_top4_bilstm_attn,train,-1,rigidity_supporting,q8_loop_turn_bend_CTS,binary,upper,936,0.017513018342556128,0.4108134212890488,-0.39330040294649266,0.04263010270600178,0.008533332071575674,-46.08989778524698,1.0,0.000999000999000999,0.000999000999000999,1.0,0.002147106624718565,0.0010981385027186554
esm2_top4_bilstm_attn,train,-1,rigidity_supporting,structured_linker_loop,binary,upper,936,0.009000319777563368,0.2793926066041569,-0.2703922868265935,0.03221387955449734,0.0071580180450982,-37.774742271257296,1.0,0.000999000999000999,0.000999000999000999,1.0,0.002147106624718565,0.0010981385027186554
esm2_top4_bilstm_attn,train,-1,rigidity_supporting,q3_boundary_within2,binary,upper,936,0.22714294134465238,0.6386944871014307,-0.4115515457567783,0.35563629549315323,0.008379159835683138,-49.11608727215851,1.0,0.000999000999000999,0.000999000999000999,1.0,0.002147106624718565,0.0010981385027186554
esm2_top4_bilstm_attn,train,-1,rigidity_supporting,q8_boundary_within2,binary,upper,936,0.21318224390932677,0.6883499611483226,-0.4751677172389958,0.30970037908288806,0.008111756590385264,-58.57765971456842,1.0,0.000999000999000999,0.000999000999000999,1.0,0.002147106624718565,0.0010981385027186554
esm2_top4_bilstm_attn,train,-1,rigidity_supporting,distance_to_q3_boundary,distance,lower,936,4.382543703615058,2.784504270167683,1.5980394334473749,1.5739044649951788,0.07077884097181988,22.57792599462915,0.000999000999000999,1.0,0.000999000999000999,0.0022419139302256186,1.0,0.0010981385027186554
esm2_top4_bilstm_attn,train,-1,rigidity_supporting,distance_to_q8_boundary,distance,lower,936,4.5238791985032325,2.405999123023649,2.1178800754795835,1.8802497287771316,0.0693532296192293,30.537584004485456,0.000999000999000999,1.0,0.000999000999000999,0.0022419139302256186,1.0,0.0010981385027186554
esm2_top4_bilstm_attn,train,-1,rigidity_supporting,rsa,continuous,two-sided,936,0.17618108555548653,0.3469470402279428,-0.17076595467245628,0.5078039733088262,0.0038341244415750477,-44.538448679643295,1.0,0.000999000999000999,0.000999000999000999,1.0,0.002147106624718565,0.0010981385027186554
esm2_top4_bilstm_attn,train,-1,rigidity_supporting,exposed_rsa_ge025,binary,two-sided,936,0.28514078428536255,0.6136341239091405,-0.32849333962377797,0.46467556671861804,0.008036566372289583,-40.874836890097335,1.0,0.000999000999000999,0.000999000999000999,1.0,0.002147106624718565,0.0010981385027186554
esm2_top4_bilstm_attn,train,-1,rigidity_supporting,disorder,continuous,upper,936,0.015588361823023316,0.06337797983872577,-0.04778961801570245,0.24595864151382082,0.002596854740434479,-18.4028845632339,1.0,0.000999000999000999,0.000999000999000999,1.0,0.002147106624718565,0.0010981385027186554
esm2_top4_bilstm_attn,train,-1,rigidity_supporting,disorder_ge05,binary,upper,936,0.0011246063877642825,0.03270238344445603,-0.03157777705669175,0.03438912609150924,0.0035970483513451013,-8.778802499244518,1.0,0.000999000999000999,0.000999000999000999,1.0,0.002147106624718565,0.0010981385027186554
esm2_top4_bilstm_attn,train,-1,rigidity_supporting,interface,binary,two-sided,936,0.0,0.0,0.0,,0.0,,1.0,1.0,1.0,1.0,1.0,1.0
esm2_top4_bilstm_attn,train,-1,rigidity_supporting,torsion_change_from_previous,continuous,upper,936,7.6619202390391115,45.47862561628054,-37.816705377241426,0.16847299440588812,1.0329826488930327,-36.609235806396796,1.0,0.000999000999000999,0.000999000999000999,1.0,0.002147106624718565,0.0010981385027186554
esm2_top4_bilstm_attn,train,1,flexibility_supporting,neq,continuous,flexibility-supporting higher,958,1.9726535549341253,1.3659415708199587,0.6067119841141666,1.4441712567177851,0.013544456338280091,44.794118638741054,0.000999000999000999,1.0,0.000999000999000999,0.0022419139302256186,1.0,0.0010981385027186554
esm2_top4_bilstm_attn,train,1,flexibility_supporting,flexible_neq_gt1,binary,flexibility-supporting higher,958,0.9631857810543418,0.5854683578576142,0.37771742319672763,1.6451542907953165,0.008374933702116996,45.10094487091273,0.000999000999000999,1.0,0.000999000999000999,0.0022419139302256186,1.0,0.0010981385027186554
esm2_top4_bilstm_attn,train,1,flexibility_supporting,neq_top10_within_protein,binary,flexibility-supporting higher,958,0.3370322003504773,0.10469986961170051,0.2323323307387768,3.219031710358625,0.005403142163112863,42.99948506350706,0.000999000999000999,1.0,0.000999000999000999,0.0022419139302256186,1.0,0.0010981385027186554
esm2_top4_bilstm_attn,train,1,flexibility_supporting,neq_peak,binary,flexibility-supporting higher,958,0.22791606916553242,0.07229028109623399,0.15562578806929844,3.152789914623888,0.004356611402859915,35.721751076338194,0.000999000999000999,1.0,0.000999000999000999,0.0022419139302256186,1.0,0.0010981385027186554
esm2_top4_bilstm_attn,train,1,flexibility_supporting,distance_to_neq_peak,distance,flexibility-supporting lower,958,2.055089651491165,5.0712297951417185,-3.0161401436505533,0.40524482906689785,0.08425317136608274,-35.798535470496745,1.0,0.000999000999000999,0.000999000999000999,1.0,0.002147106624718565,0.0010981385027186554
esm2_top4_bilstm_attn,train,1,flexibility_supporting,distance_to_neq_top10,distance,flexibility-supporting lower,958,5.40680034438958,8.268576230729575,-2.861775886339996,0.6538973813043641,0.1300873461781029,-21.998879755929003,1.0,0.000999000999000999,0.000999000999000999,1.0,0.002147106624718565,0.0010981385027186554
esm2_top4_bilstm_attn,train,1,flexibility_supporting,q3_is_H,binary,two-sided,958,0.034393475022389076,0.3867231889232732,-0.3523297139008841,0.08893564184280872,0.0073845620916695685,-47.71165974734545,1.0,0.000999000999000999,0.000999000999000999,1.0,0.002147106624718565,0.0010981385027186554
esm2_top4_bilstm_attn,train,1,flexibility_supporting,q3_is_E,binary,two-sided,958,0.009158285463087132,0.1744038591562761,-0.16524557369318896,0.052511942725308444,0.005324025498412032,-31.037712674831454,1.0,0.000999000999000999,0.000999000999000999,1.0,0.002147106624718565,0.0010981385027186554
esm2_top4_bilstm_attn,train,1,flexibility_supporting,q3_is_C,binary,two-sided,958,0.9564482395145238,0.4388729519204505,0.5175752875940733,2.1793282892673878,0.008301591760512574,62.34651167213216,0.000999000999000999,1.0,0.000999000999000999,0.0022419139302256186,1.0,0.0010981385027186554
esm2_top4_bilstm_attn,train,1,flexibility_supporting,q8_is_T,binary,upper,958,0.28247236819367183,0.08531165115219264,0.1971607170414792,3.3110643666918627,0.004567053758206108,43.17022033892632,0.000999000999000999,1.0,0.000999000999000999,0.0022419139302256186,1.0,0.0010981385027186554
esm2_top4_bilstm_attn,train,1,flexibility_supporting,q8_is_S,binary,upper,958,0.12368135652427188,0.027973972784817083,0.0957073837394548,4.421301095688494,0.002513982639203927,38.070025722119276,0.000999000999000999,1.0,0.000999000999000999,0.0022419139302256186,1.0,0.0010981385027186554
esm2_top4_bilstm_attn,train,1,flexibility_supporting,q8_turn_or_bend_TS,binary,upper,958,0.4061537247179437,0.11328562393700975,0.29286810078093395,3.5852185882277308,0.0051711509014189,56.634994097846686,0.000999000999000999,1.0,0.000999000999000999,0.0022419139302256186,1.0,0.0010981385027186554
esm2_top4_bilstm_attn,train,1,flexibility_supporting,q8_loop_turn_bend_CTS,binary,upper,958,0.9336611247900822,0.4136970192859246,0.5199641055041576,2.256871771524143,0.008308201664996467,62.584434811547,0.000999000999000999,1.0,0.000999000999000999,0.0022419139302256186,1.0,0.0010981385027186554
esm2_top4_bilstm_attn,train,1,flexibility_supporting,structured_linker_loop,binary,upper,958,0.7579938793518544,0.2772438908498393,0.48074998850201506,2.734032757325566,0.007154299961846861,67.19734859676066,0.000999000999000999,1.0,0.000999000999000999,0.0022419139302256186,1.0,0.0010981385027186554
esm2_top4_bilstm_attn,train,1,flexibility_supporting,q3_boundary_within2,binary,upper,958,0.5868635825510768,0.6375916140932999,-0.05072803154222305,0.9204380509076144,0.007728653153612178,-6.563631532424773,1.0,0.000999000999000999,0.000999000999000999,1.0,0.002147106624718565,0.0010981385027186554
esm2_top4_bilstm_attn,train,1,flexibility_supporting,q8_boundary_within2,binary,upper,958,0.8438230167844825,0.6880114961491539,0.15581152063532855,1.2264664493361173,0.007593799985688123,20.518254487737796,0.000999000999000999,1.0,0.000999000999000999,0.0022419139302256186,1.0,0.0010981385027186554
esm2_top4_bilstm_attn,train,1,flexibility_supporting,distance_to_q3_boundary,distance,lower,958,2.6604223349487723,2.753712773771176,-0.09329043882240384,0.9661219428144484,0.059249470871803246,-1.5745362355092467,0.945054945054945,0.055944055944055944,0.12487512487512488,1.0,0.11818010840015729,0.13452881283305224
esm2_top4_bilstm_attn,train,1,flexibility_supporting,distance_to_q8_boundary,distance,lower,958,1.1804377610024934,2.3677377066325103,-1.1872999456300168,0.4985508984782603,0.05961164754966776,-19.917247625822988,1.0,0.000999000999000999,0.000999000999000999,1.0,0.002147106624718565,0.0010981385027186554
esm2_top4_bilstm_attn,train,1,flexibility_supporting,rsa,continuous,two-sided,958,0.5491503263377785,0.3487534393731663,0.20039688696461222,1.574609062851958,0.0036810508760557327,54.440129656490555,0.000999000999000999,1.0,0.000999000999000999,0.0022419139302256186,1.0,0.0010981385027186554
esm2_top4_bilstm_attn,train,1,flexibility_supporting,exposed_rsa_ge025,binary,two-sided,958,0.9259170248407873,0.6171667170676712,0.3087503077731161,1.5002705091422843,0.007955001584421355,38.812098840779115,0.000999000999000999,1.0,0.000999000999000999,0.0022419139302256186,1.0,0.0010981385027186554
esm2_top4_bilstm_attn,train,1,flexibility_supporting,disorder,continuous,upper,958,0.09740353386477024,0.06471631498592306,0.03268721887884718,1.5050846743353237,0.0024539010633650694,13.320512129377674,0.000999000999000999,1.0,0.000999000999000999,0.0022419139302256186,1.0,0.0010981385027186554
esm2_top4_bilstm_attn,train,1,flexibility_supporting,disorder_ge05,binary,upper,958,0.042415186492686614,0.03352166319606614,0.008893523296620472,1.2653067434214944,0.00336695042659277,2.6414179509082913,0.006993006993006993,0.994005994005994,0.00999000999000999,0.01557205680917021,1.0,0.010911970456850356
esm2_top4_bilstm_attn,train,1,flexibility_supporting,interface,binary,two-sided,958,0.0,0.0,0.0,,0.0,,1.0,1.0,1.0,1.0,1.0,1.0
esm2_top4_bilstm_attn,train,1,flexibility_supporting,torsion_change_from_previous,continuous,upper,958,95.0436372389825,45.537021257470656,49.50661598151184,2.087172911499782,1.0151385488071702,48.768334174368775,0.000999000999000999,1.0,0.000999000999000999,0.0022419139302256186,1.0,0.0010981385027186554
esm2_top4_bilstm_attn,validation,-1,rigidity_supporting,neq,continuous,flexibility-supporting higher,207,1.0217740399607549,1.3627866031483076,-0.3410125631875527,0.749768186449921,0.027587481152114963,-12.361134432942217,1.0,0.000999000999000999,0.000999000999000999,1.0,0.002147106624718565,0.0010981385027186554
esm2_top4_bilstm_attn,validation,-1,rigidity_supporting,flexible_neq_gt1,binary,flexibility-supporting higher,207,0.1241542676325285,0.5882532039820082,-0.4640989363494797,0.2110558290071392,0.01781541313036306,-26.05041673485019,1.0,0.000999000999000999,0.000999000999000999,1.0,0.002147106624718565,0.0010981385027186554
esm2_top4_bilstm_attn,validation,-1,rigidity_supporting,neq_top10_within_protein,binary,flexibility-supporting higher,207,0.0006901311249137336,0.10424379020067426,-0.10355365907576053,0.00662035717988763,0.01111807189196091,-9.313994376186447,1.0,0.000999000999000999,0.000999000999000999,1.0,0.002147106624718565,0.0010981385027186554
esm2_top4_bilstm_attn,validation,-1,rigidity_supporting,neq_peak,binary,flexibility-supporting higher,207,0.0011732229123533472,0.07282211387646169,-0.07164889096410834,0.01611080549438113,0.009796616649100604,-7.313636281836771,1.0,0.000999000999000999,0.000999000999000999,1.0,0.002147106624718565,0.0010981385027186554
esm2_top4_bilstm_attn,validation,-1,rigidity_supporting,distance_to_neq_peak,distance,flexibility-supporting lower,207,8.214135455258644,5.099665171590352,3.1144702836682923,1.6107205431875504,0.15321071711916986,20.32801844564049,0.000999000999000999,1.0,0.000999000999000999,0.0022419139302256186,1.0,0.0010981385027186554
esm2_top4_bilstm_attn,validation,-1,rigidity_supporting,distance_to_neq_top10,distance,flexibility-supporting lower,207,10.335011827946612,7.969634049015932,2.3653777789306805,1.2967987945723494,0.22767903018276006,10.389089311527592,0.000999000999000999,1.0,0.000999000999000999,0.0022419139302256186,1.0,0.0010981385027186554
esm2_top4_bilstm_attn,validation,-1,rigidity_supporting,q3_is_H,binary,two-sided,207,0.697258397801876,0.36391184457651854,0.3333465532253575,1.9160090780042358,0.015990412196695853,20.84665167632376,0.000999000999000999,1.0,0.000999000999000999,0.0022419139302256186,1.0,0.0010981385027186554
esm2_top4_bilstm_attn,validation,-1,rigidity_supporting,q3_is_E,binary,two-sided,207,0.2894221921395835,0.19962246076521442,0.08979973137436906,1.4498478329048696,0.012868142761647617,6.978453148810981,0.000999000999000999,1.0,0.000999000999000999,0.0022419139302256186,1.0,0.0010981385027186554
esm2_top4_bilstm_attn,validation,-1,rigidity_supporting,q3_is_C,binary,two-sided,207,0.013319410058540492,0.4364656946582671,-0.42314628459972664,0.030516510739679065,0.018167592259214733,-23.291269341709484,1.0,0.000999000999000999,0.000999000999000999,1.0,0.002147106624718565,0.0010981385027186554
esm2_top4_bilstm_attn,validation,-1,rigidity_supporting,q8_is_T,binary,upper,207,0.0006901311249137336,0.08879527419038287,-0.08810514306546914,0.0077721605255032765,0.010256649509132486,-8.590051067555796,1.0,0.000999000999000999,0.000999000999000999,1.0,0.002147106624718565,0.0010981385027186554
esm2_top4_bilstm_attn,validation,-1,rigidity_supporting,q8_is_S,binary,upper,207,0.0,0.03384528987518118,-0.03384528987518118,0.0,0.006436383591728431,-5.2584326886105215,1.0,0.000999000999000999,0.000999000999000999,1.0,0.002147106624718565,0.0010981385027186554
esm2_top4_bilstm_attn,validation,-1,rigidity_supporting,q8_turn_or_bend_TS,binary,upper,207,0.0006901311249137336,0.12264056406556403,-0.1219504329406503,0.005627266395682813,0.011824577444936198,-10.313301554202669,1.0,0.000999000999000999,0.000999000999000999,1.0,0.002147106624718565,0.0010981385027186554
esm2_top4_bilstm_attn,validation,-1,rigidity_supporting,q8_loop_turn_bend_CTS,binary,upper,207,0.011421549465027728,0.411611287558389,-0.4001897380933613,0.027748387399136928,0.018049931185850278,-22.171261151792006,1.0,0.000999000999000999,0.000999000999000999,1.0,0.002147106624718565,0.0010981385027186554
esm2_top4_bilstm_attn,validation,-1,rigidity_supporting,structured_linker_loop,binary,upper,207,0.004600874166091557,0.28096059971965776,-0.2763597255535662,0.016375513757737936,0.01632668322928097,-16.92687496122488,1.0,0.000999000999000999,0.000999000999000999,1.0,0.002147106624718565,0.0010981385027186554
esm2_top4_bilstm_attn,validation,-1,rigidity_supporting,q3_boundary_within2,binary,upper,207,0.24059074312697504,0.6430260516322109,-0.4024353085052359,0.37415395926226763,0.016886504771591832,-23.831770632739396,1.0,0.000999000999000999,0.000999000999000999,1.0,0.002147106624718565,0.0010981385027186554
esm2_top4_bilstm_attn,validation,-1,rigidity_supporting,q8_boundary_within2,binary,upper,207,0.22516727100060432,0.6971157312561296,-0.4719484602555253,0.3229984074450256,0.016735899949123834,-28.199765873972794,1.0,0.000999000999000999,0.000999000999000999,1.0,0.002147106624718565,0.0010981385027186554
esm2_top4_bilstm_attn,validation,-1,rigidity_supporting,distance_to_q3_boundary,distance,lower,207,4.162263762807241,2.6312322076072077,1.531031555200033,1.5818686586359187,0.11069613075138682,13.8309401133323,0.000999000999000999,1.0,0.000999000999000999,0.0022419139302256186,1.0,0.0010981385027186554
esm2_top4_bilstm_attn,validation,-1,rigidity_supporting,distance_to_q8_boundary,distance,lower,207,4.247790621884825,2.1690498480585436,2.078740773826281,1.958364684742909,0.10582178309371346,19.643788953975513,0.000999000999000999,1.0,0.000999000999000999,0.0022419139302256186,1.0,0.0010981385027186554
esm2_top4_bilstm_attn,validation,-1,rigidity_supporting,rsa,continuous,two-sided,207,0.15996655696787695,0.33708010055890897,-0.177113543591032,0.47456541250177064,0.008232300465763056,-21.514465407041634,1.0,0.000999000999000999,0.000999000999000999,1.0,0.002147106624718565,0.0010981385027186554
esm2_top4_bilstm_attn,validation,-1,rigidity_supporting,exposed_rsa_ge025,binary,two-sided,207,0.25189316185693,0.5902587198630677,-0.33836555800613766,0.42675042888882003,0.017459035844358057,-19.38054088568021,1.0,0.000999000999000999,0.000999000999000999,1.0,0.002147106624718565,0.0010981385027186554
esm2_top4_bilstm_attn,validation,-1,rigidity_supporting,disorder,continuous,upper,207,0.008642197523124107,0.055619726230598895,-0.04697752870747479,0.15538008021279415,0.005089722846801441,-9.229879528115584,1.0,0.000999000999000999,0.000999000999000999,1.0,0.002147106624718565,0.0010981385027186554
esm2_top4_bilstm_attn,validation,-1,rigidity_supporting,disorder_ge05,binary,upper,207,0.0,0.030038069733540746,-0.030038069733540746,0.0,0.006450127267837368,-4.656973186144909,1.0,0.000999000999000999,0.000999000999000999,1.0,0.002147106624718565,0.0010981385027186554
esm2_top4_bilstm_attn,validation,-1,rigidity_supporting,interface,binary,two-sided,207,0.0,0.0,0.0,,0.0,,1.0,1.0,1.0,1.0,1.0,1.0
esm2_top4_bilstm_attn,validation,-1,rigidity_supporting,torsion_change_from_previous,continuous,upper,207,6.622557065512744,47.64980627682025,-41.027249211307506,0.1389839242375757,2.337755442903998,-17.549846514459524,1.0,0.000999000999000999,0.000999000999000999,1.0,0.002147106624718565,0.0010981385027186554
esm2_top4_bilstm_attn,validation,1,flexibility_supporting,neq,continuous,flexibility-supporting higher,208,1.9813944548595992,1.3638482145028161,0.6175462403567831,1.4527968976239092,0.02572167298771487,24.008789811290043,0.000999000999000999,1.0,0.000999000999000999,0.0022419139302256186,1.0,0.0010981385027186554
esm2_top4_bilstm_attn,validation,1,flexibility_supporting,flexible_neq_gt1,binary,flexibility-supporting higher,208,0.9499464544536659,0.5890601079876319,0.360886346466034,1.612647744385385,0.016623090901429806,21.709942429238176,0.000999000999000999,1.0,0.000999000999000999,0.0022419139302256186,1.0,0.0010981385027186554
esm2_top4_bilstm_attn,validation,1,flexibility_supporting,neq_top10_within_protein,binary,flexibility-supporting higher,208,0.3464962788280096,0.10469931987083425,0.24179695895717535,3.3094415441807654,0.01085771399416551,22.26960104927309,0.000999000999000999,1.0,0.000999000999000999,0.0022419139302256186,1.0,0.0010981385027186554
esm2_top4_bilstm_attn,validation,1,flexibility_supporting,neq_peak,binary,flexibility-supporting higher,208,0.21415775063611603,0.07268743911003522,0.1414703115260808,2.9462827863824055,0.009187436495083382,15.398235579836447,0.000999000999000999,1.0,0.000999000999000999,0.0022419139302256186,1.0,0.0010981385027186554
esm2_top4_bilstm_attn,validation,1,flexibility_supporting,distance_to_neq_peak,distance,flexibility-supporting lower,208,2.2652417827898597,5.084238983926063,-2.8189972011362037,0.4455419562202864,0.13916940822688503,-20.255868276312928,1.0,0.000999000999000999,0.000999000999000999,1.0,0.002147106624718565,0.0010981385027186554
esm2_top4_bilstm_attn,validation,1,flexibility_supporting,distance_to_neq_top10,distance,flexibility-supporting lower,208,5.041769581913813,7.9327860612077545,-2.891016479293942,0.6355610176566656,0.2185708330867591,-13.226908816998412,1.0,0.000999000999000999,0.000999000999000999,1.0,0.002147106624718565,0.0010981385027186554
esm2_top4_bilstm_attn,validation,1,flexibility_supporting,q3_is_H,binary,two-sided,208,0.03186188811188811,0.3634283893857212,-0.3315665012738331,0.08767033353047111,0.0155732534641633,-21.290766379473876,1.0,0.000999000999000999,0.000999000999000999,1.0,0.002147106624718565,0.0010981385027186554
esm2_top4_bilstm_attn,validation,1,flexibility_supporting,q3_is_E,binary,two-sided,208,0.017519686510071127,0.20130814308554698,-0.18378845657547585,0.08702919932367585,0.011790226583402532,-15.588203948022556,1.0,0.000999000999000999,0.000999000999000999,1.0,0.002147106624718565,0.0010981385027186554
esm2_top4_bilstm_attn,validation,1,flexibility_supporting,q3_is_C,binary,two-sided,208,0.9506184253780408,0.435263467528732,0.5153549578493087,2.1840069206251265,0.017063422590323195,30.202320497036197,0.000999000999000999,1.0,0.000999000999000999,0.0022419139302256186,1.0,0.0010981385027186554
esm2_top4_bilstm_attn,validation,1,flexibility_supporting,q8_is_T,binary,upper,208,0.32591099472109086,0.08859763692504075,0.23731335779605012,3.6785517766893983,0.009141319624217391,25.960514187399617,0.000999000999000999,1.0,0.000999000999000999,0.0022419139302256186,1.0,0.0010981385027186554
esm2_top4_bilstm_attn,validation,1,flexibility_supporting,q8_is_S,binary,upper,208,0.15292275833141217,0.03384723412938557,0.1190755242020266,4.518028201265856,0.005962104181283728,19.972063650921967,0.000999000999000999,1.0,0.000999000999000999,0.0022419139302256186,1.0,0.0010981385027186554
esm2_top4_bilstm_attn,validation,1,flexibility_supporting,q8_turn_or_bend_TS,binary,upper,208,0.4788337530525031,0.12244487105442627,0.35638888199807683,3.910606862737953,0.010631727477755017,33.521258209802376,0.000999000999000999,1.0,0.000999000999000999,0.0022419139302256186,1.0,0.0010981385027186554
esm2_top4_bilstm_attn,validation,1,flexibility_supporting,q8_loop_turn_bend_CTS,binary,upper,208,0.9337828971242431,0.41059548618448866,0.5231874109397545,2.274216177585245,0.016710351377470217,31.30918070610673,0.000999000999000999,1.0,0.000999000999000999,0.0022419139302256186,1.0,0.0010981385027186554
esm2_top4_bilstm_attn,validation,1,flexibility_supporting,structured_linker_loop,binary,upper,208,0.7848274521952406,0.2805773282006456,0.504250123994595,2.7971877030420544,0.0150574139495161,33.48849448419396,0.000999000999000999,1.0,0.000999000999000999,0.0022419139302256186,1.0,0.0010981385027186554
esm2_top4_bilstm_attn,validation,1,flexibility_supporting,q3_boundary_within2,binary,upper,208,0.6274076084172239,0.644155609201162,-0.016748000783938122,0.974000069944733,0.015567697578197308,-1.0758174546886008,0.8541458541458542,0.14685314685314685,0.2827172827172827,1.0,0.3079638807794148,0.30343817673010215
esm2_top4_bilstm_attn,validation,1,flexibility_supporting,q8_boundary_within2,binary,upper,208,0.8812470982543099,0.6978178299865196,0.18342926826779027,1.2628612517271647,0.015696205961177483,11.686216957236585,0.000999000999000999,1.0,0.000999000999000999,0.0022419139302256186,1.0,0.0010981385027186554
esm2_top4_bilstm_attn,validation,1,flexibility_supporting,distance_to_q3_boundary,distance,lower,208,2.4086470954259416,2.6223763251638856,-0.21372922973794406,0.918497880076542,0.10426925727760285,-2.0497818371230823,0.983016983016983,0.017982017982017984,0.04395604395604396,1.0,0.038173129082219995,0.04753194240052813
esm2_top4_bilstm_attn,validation,1,flexibility_supporting,distance_to_q8_boundary,distance,lower,208,0.8662264818514819,2.161471821988108,-1.295245340136626,0.4007577027095973,0.09939301347245467,-13.031553173459061,1.0,0.000999000999000999,0.000999000999000999,1.0,0.002147106624718565,0.0010981385027186554
esm2_top4_bilstm_attn,validation,1,flexibility_supporting,rsa,continuous,two-sided,208,0.5517578502134565,0.33757941399602637,0.2141784362174301,1.6344534866096758,0.007867206343961776,27.224204737151194,0.000999000999000999,1.0,0.000999000999000999,0.0022419139302256186,1.0,0.0010981385027186554
esm2_top4_bilstm_attn,validation,1,flexibility_supporting,exposed_rsa_ge025,binary,two-sided,208,0.9107086423192192,0.5913247318987103,0.31938391042050895,1.5401159349364355,0.01647275163154229,19.388619312935397,0.000999000999000999,1.0,0.000999000999000999,0.0022419139302256186,1.0,0.0010981385027186554
esm2_top4_bilstm_attn,validation,1,flexibility_supporting,disorder,continuous,upper,208,0.0846957838774747,0.05522443893691735,0.02947134494055735,1.5336649046669781,0.00463307300180613,6.361079337422142,0.000999000999000999,1.0,0.000999000999000999,0.0022419139302256186,1.0,0.0010981385027186554
esm2_top4_bilstm_attn,validation,1,flexibility_supporting,disorder_ge05,binary,upper,208,0.03485183352971814,0.029565923673015016,0.005285909856703127,1.178783856549275,0.005922276821164584,0.8925469065905097,0.1848151848151848,0.8161838161838162,0.36863136863136864,0.40323313050585774,1.0,0.3941800773483942
esm2_top4_bilstm_attn,validation,1,flexibility_supporting,interface,binary,two-sided,208,0.0,0.0,0.0,,0.0,,1.0,1.0,1.0,1.0,1.0,1.0
esm2_top4_bilstm_attn,validation,1,flexibility_supporting,torsion_change_from_previous,continuous,upper,208,99.86578919037206,47.67897400874654,52.18681518162551,2.0945456832198617,2.1144427049790995,24.681120495124205,0.000999000999000999,1.0,0.000999000999000999,0.0022419139302256186,1.0,0.0010981385027186554
esm3_frozen_bilstm_attn,test,-1,rigidity_supporting,neq,continuous,flexibility-supporting higher,208,1.0233904711338393,1.3661992199922515,-0.34280874885841217,0.7490785063833103,0.026573303326598727,-12.900494328654858,1.0,0.000999000999000999,0.000999000999000999,1.0,0.002147106624718565,0.0010981385027186554
esm3_frozen_bilstm_attn,test,-1,rigidity_supporting,flexible_neq_gt1,binary,flexibility-supporting higher,208,0.13903797779646196,0.5892069920534782,-0.45016901425701616,0.2359747587378299,0.01715106873316712,-26.247286467138302,1.0,0.000999000999000999,0.000999000999000999,1.0,0.002147106624718565,0.0010981385027186554
esm3_frozen_bilstm_attn,test,-1,rigidity_supporting,neq_top10_within_protein,binary,flexibility-supporting higher,208,0.005368589743589744,0.10395203389731808,-0.09858344415372834,0.051644874489831905,0.010967844928953764,-8.988406090013195,1.0,0.000999000999000999,0.000999000999000999,1.0,0.002147106624718565,0.0010981385027186554
esm3_frozen_bilstm_attn,test,-1,rigidity_supporting,neq_peak,binary,flexibility-supporting higher,208,0.0027243589743589742,0.0724491566518574,-0.06972479767749842,0.037603736195997925,0.009306357513444437,-7.492168399588178,1.0,0.000999000999000999,0.000999000999000999,1.0,0.002147106624718565,0.0010981385027186554
esm3_frozen_bilstm_attn,test,-1,rigidity_supporting,distance_to_neq_peak,distance,flexibility-supporting lower,208,8.159991632142368,5.300849709232132,2.8591419229102364,1.5393742663427454,0.16413394360727174,17.419565143401368,0.000999000999000999,1.0,0.000999000999000999,0.0022419139302256186,1.0,0.0010981385027186554
esm3_frozen_bilstm_attn,test,-1,rigidity_supporting,distance_to_neq_top10,distance,flexibility-supporting lower,208,9.905647071788191,7.963146028053614,1.9425010437345778,1.243936383546312,0.23059086190466457,8.424015712026286,0.000999000999000999,1.0,0.000999000999000999,0.0022419139302256186,1.0,0.0010981385027186554
esm3_frozen_bilstm_attn,test,-1,rigidity_supporting,q3_is_H,binary,two-sided,208,0.736662546383983,0.37936292942069244,0.35729961696329054,1.941841148023889,0.01579578805592173,22.61992980016856,0.000999000999000999,1.0,0.000999000999000999,0.0022419139302256186,1.0,0.0010981385027186554
esm3_frozen_bilstm_attn,test,-1,rigidity_supporting,q3_is_E,binary,two-sided,208,0.23255115532406256,0.18480085704501,0.047750298279052555,1.2583878616289237,0.012240313352610808,3.901068289960699,0.000999000999000999,1.0,0.000999000999000999,0.0022419139302256186,1.0,0.0010981385027186554
esm3_frozen_bilstm_attn,test,-1,rigidity_supporting,q3_is_C,binary,two-sided,208,0.0307862982919544,0.4358362135342976,-0.4050499152423432,0.07063731130164957,0.017717534472750245,-22.861528271064703,1.0,0.000999000999000999,0.000999000999000999,1.0,0.002147106624718565,0.0010981385027186554
esm3_frozen_bilstm_attn,test,-1,rigidity_supporting,q8_is_T,binary,upper,208,0.003098290598290598,0.08765358003060914,-0.08455528943231853,0.035346994352183414,0.009679339910105994,-8.735646254558757,1.0,0.000999000999000999,0.000999000999000999,1.0,0.002147106624718565,0.0010981385027186554
esm3_frozen_bilstm_attn,test,-1,rigidity_supporting,q8_is_S,binary,upper,208,0.0,0.03289678953682064,-0.03289678953682064,0.0,0.006286482628191024,-5.232940498284158,1.0,0.000999000999000999,0.000999000999000999,1.0,0.002147106624718565,0.0010981385027186554
esm3_frozen_bilstm_attn,test,-1,rigidity_supporting,q8_turn_or_bend_TS,binary,upper,208,0.003098290598290598,0.12055036956742976,-0.11745207896913916,0.02570121194491711,0.011133843154292085,-10.549104863567393,1.0,0.000999000999000999,0.000999000999000999,1.0,0.002147106624718565,0.0010981385027186554
esm3_frozen_bilstm_attn,test,-1,rigidity_supporting,q8_loop_turn_bend_CTS,binary,upper,208,0.02998501624067235,0.41395652881165473,-0.3839715125709824,0.07243518136252218,0.017691346116545124,-21.703917273535698,1.0,0.000999000999000999,0.000999000999000999,1.0,0.002147106624718565,0.0010981385027186554
esm3_frozen_bilstm_attn,test,-1,rigidity_supporting,structured_linker_loop,binary,upper,208,0.01939517009511353,0.2903625341452477,-0.27096736405013416,0.06679639352304147,0.01558105289534196,-17.390824989185507,1.0,0.000999000999000999,0.000999000999000999,1.0,0.002147106624718565,0.0010981385027186554
esm3_frozen_bilstm_attn,test,-1,rigidity_supporting,q3_boundary_within2,binary,upper,208,0.2624263721760894,0.6492845037307775,-0.3868581315546881,0.40417778441991453,0.016545140643094477,-23.381979029362494,1.0,0.000999000999000999,0.000999000999000999,1.0,0.002147106624718565,0.0010981385027186554
esm3_frozen_bilstm_attn,test,-1,rigidity_supporting,q8_boundary_within2,binary,upper,208,0.2498955536356554,0.7077411122397899,-0.45784555860413445,0.3530889322577438,0.015779047712600563,-29.016045007489012,1.0,0.000999000999000999,0.000999000999000999,1.0,0.002147106624718565,0.0010981385027186554
esm3_frozen_bilstm_attn,test,-1,rigidity_supporting,distance_to_q3_boundary,distance,lower,208,4.362195727537922,2.7140985644618705,1.6480971630760517,1.6072355605120858,0.11987248082936819,13.748753272421435,0.000999000999000999,1.0,0.000999000999000999,0.0022419139302256186,1.0,0.0010981385027186554
esm3_frozen_bilstm_attn,test,-1,rigidity_supporting,distance_to_q8_boundary,distance,lower,208,4.475450524368794,2.2911036447346333,2.1843468796341607,1.9534037819084182,0.11299715534871149,19.330989996104083,0.000999000999000999,1.0,0.000999000999000999,0.0022419139302256186,1.0,0.0010981385027186554
esm3_frozen_bilstm_attn,test,-1,rigidity_supporting,rsa,continuous,two-sided,208,0.2086526724478601,0.33954286652108884,-0.13089019407322874,0.6145105464464258,0.007610445305539423,-17.198756290641438,1.0,0.000999000999000999,0.000999000999000999,1.0,0.002147106624718565,0.0010981385027186554
esm3_frozen_bilstm_attn,test,-1,rigidity_supporting,exposed_rsa_ge025,binary,two-sided,208,0.36030400516401645,0.5902632741355238,-0.22995926897150737,0.6104123718212071,0.0167620904502334,-13.719008953820873,1.0,0.000999000999000999,0.000999000999000999,1.0,0.002147106624718565,0.0010981385027186554
esm3_frozen_bilstm_attn,test,-1,rigidity_supporting,disorder,continuous,upper,208,0.01222641021442859,0.05421025753189389,-0.041983847317465295,0.2255368406474613,0.004588075274113653,-9.150644836701364,1.0,0.000999000999000999,0.000999000999000999,1.0,0.002147106624718565,0.0010981385027186554
esm3_frozen_bilstm_attn,test,-1,rigidity_supporting,disorder_ge05,binary,upper,208,0.0,0.030056123083647118,-0.030056123083647118,0.0,0.006200743511786271,-4.847180507711202,1.0,0.000999000999000999,0.000999000999000999,1.0,0.002147106624718565,0.0010981385027186554
esm3_frozen_bilstm_attn,test,-1,rigidity_supporting,interface,binary,two-sided,208,0.0,0.0,0.0,,0.0,,1.0,1.0,1.0,1.0,1.0,1.0
esm3_frozen_bilstm_attn,test,-1,rigidity_supporting,torsion_change_from_previous,continuous,upper,208,8.413369337251357,47.42750772542999,-39.01413838817864,0.17739429585797573,2.120004064257139,-18.402860185954125,1.0,0.000999000999000999,0.000999000999000999,1.0,0.002147106624718565,0.0010981385027186554
esm3_frozen_bilstm_attn,test,1,flexibility_supporting,neq,continuous,flexibility-supporting higher,207,2.040158860694261,1.3692046300076481,0.670954230686613,1.4900321076790874,0.02554835413934923,26.26213129139377,0.000999000999000999,1.0,0.000999000999000999,0.0022419139302256186,1.0,0.0010981385027186554
esm3_frozen_bilstm_attn,test,1,flexibility_supporting,flexible_neq_gt1,binary,flexibility-supporting higher,207,0.9528780406231385,0.5914797106346339,0.36139832998850463,1.6110071461297275,0.01678796367281616,21.527228497265416,0.000999000999000999,1.0,0.000999000999000999,0.0022419139302256186,1.0,0.0010981385027186554
esm3_frozen_bilstm_attn,test,1,flexibility_supporting,neq_top10_within_protein,binary,flexibility-supporting higher,207,0.3596211538453653,0.10382026705415448,0.2558008867912108,3.463881995774299,0.010705725995600535,23.89383839043993,0.000999000999000999,1.0,0.000999000999000999,0.0022419139302256186,1.0,0.0010981385027186554
esm3_frozen_bilstm_attn,test,1,flexibility_supporting,neq_peak,binary,flexibility-supporting higher,207,0.2206739686066199,0.07268179695332293,0.14799217165329698,3.036165558046662,0.008615201548117147,17.178027795024793,0.000999000999000999,1.0,0.000999000999000999,0.0022419139302256186,1.0,0.0010981385027186554
esm3_frozen_bilstm_attn,test,1,flexibility_supporting,distance_to_neq_peak,distance,flexibility-supporting lower,207,2.0562292992599898,5.0829746472915485,-3.0267453480315587,0.4045326687505016,0.1461602811563345,-20.708398506664896,1.0,0.000999000999000999,0.000999000999000999,1.0,0.002147106624718565,0.0010981385027186554
esm3_frozen_bilstm_attn,test,1,flexibility_supporting,distance_to_neq_top10,distance,flexibility-supporting lower,207,4.655726326655569,7.894317276566381,-3.2385909499108125,0.5897566773096011,0.2016996678120912,-16.056501158583814,1.0,0.000999000999000999,0.000999000999000999,1.0,0.002147106624718565,0.0010981385027186554
esm3_frozen_bilstm_attn,test,1,flexibility_supporting,q3_is_H,binary,two-sided,207,0.03290444833496837,0.3763266487561885,-0.3434222004212201,0.08743587105436756,0.015266160553939586,-22.495649721998802,1.0,0.000999000999000999,0.000999000999000999,1.0,0.002147106624718565,0.0010981385027186554
esm3_frozen_bilstm_attn,test,1,flexibility_supporting,q3_is_E,binary,two-sided,207,0.022613645077413192,0.18611948333785505,-0.16350583826044185,0.12150068693433654,0.011169246978450084,-14.638931216751638,1.0,0.000999000999000999,0.000999000999000999,1.0,0.002147106624718565,0.0010981385027186554
esm3_frozen_bilstm_attn,test,1,flexibility_supporting,q3_is_C,binary,two-sided,207,0.9444819065876183,0.4375538679059566,0.5069280386816617,2.158550011471081,0.017485061463907797,28.992065010926567,0.000999000999000999,1.0,0.000999000999000999,0.0022419139302256186,1.0,0.0010981385027186554
esm3_frozen_bilstm_attn,test,1,flexibility_supporting,q8_is_T,binary,upper,207,0.23174305723325325,0.08751349013305534,0.1442295671001979,2.6480838197735177,0.009158361591897694,15.748402774115872,0.000999000999000999,1.0,0.000999000999000999,0.0022419139302256186,1.0,0.0010981385027186554
esm3_frozen_bilstm_attn,test,1,flexibility_supporting,q8_is_S,binary,upper,207,0.12436618510787309,0.03272805751051701,0.09163812759735608,3.799986756559218,0.005673748343606562,16.151249940547345,0.000999000999000999,1.0,0.000999000999000999,0.0022419139302256186,1.0,0.0010981385027186554
esm3_frozen_bilstm_attn,test,1,flexibility_supporting,q8_turn_or_bend_TS,binary,upper,207,0.35610924234112634,0.12024154764357234,0.235867694697554,2.961615592280366,0.01051021014982003,22.441767703530918,0.000999000999000999,1.0,0.000999000999000999,0.0022419139302256186,1.0,0.0010981385027186554
esm3_frozen_bilstm_attn,test,1,flexibility_supporting,q8_loop_turn_bend_CTS,binary,upper,207,0.9241669022146431,0.4152137958509868,0.5089531063636563,2.225761550915112,0.01690839769680616,30.100611275531616,0.000999000999000999,1.0,0.000999000999000999,0.0022419139302256186,1.0,0.0010981385027186554
esm3_frozen_bilstm_attn,test,1,flexibility_supporting,structured_linker_loop,binary,upper,207,0.7285159151101178,0.2905349893310253,0.43798092577909253,2.5074980359080694,0.015156683145172562,28.896884732896883,0.000999000999000999,1.0,0.000999000999000999,0.0022419139302256186,1.0,0.0010981385027186554
esm3_frozen_bilstm_attn,test,1,flexibility_supporting,q3_boundary_within2,binary,upper,207,0.6101669446085474,0.6515353910022279,-0.041368446393680536,0.9365062175209772,0.01504162833724068,-2.7502638322247894,0.998001998001998,0.002997002997002997,0.004995004995004995,1.0,0.006409432152006409,0.005469815355746915
esm3_frozen_bilstm_attn,test,1,flexibility_supporting,q8_boundary_within2,binary,upper,207,0.8412496986452656,0.7101417446892722,0.1311079539559934,1.1846222320212434,0.014481043610673178,9.053764181703103,0.000999000999000999,1.0,0.000999000999000999,0.0022419139302256186,1.0,0.0010981385027186554
esm3_frozen_bilstm_attn,test,1,flexibility_supporting,distance_to_q3_boundary,distance,lower,207,2.665674675329407,2.6195555527340266,0.046119122595380535,1.0176057051156049,0.10623214861351381,0.43413527070009494,0.3336663336663337,0.6673326673326674,0.6663336663336663,0.7171336126560008,1.0,0.7020881557466923
esm3_frozen_bilstm_attn,test,1,flexibility_supporting,distance_to_q8_boundary,distance,lower,207,1.2937708497810798,2.1992361386490114,-0.9054652888679315,0.5882819161819712,0.10124862713074138,-8.942988310337412,1.0,0.000999000999000999,0.000999000999000999,1.0,0.002147106624718565,0.0010981385027186554
esm3_frozen_bilstm_attn,test,1,flexibility_supporting,rsa,continuous,two-sided,207,0.523238306823905,0.3388637396100414,0.18437456721386364,1.5440964779118556,0.007851910489832662,23.481491218297496,0.000999000999000999,1.0,0.000999000999000999,0.0022419139302256186,1.0,0.0010981385027186554
esm3_frozen_bilstm_attn,test,1,flexibility_supporting,exposed_rsa_ge025,binary,two-sided,207,0.889012395832515,0.5883958527090667,0.3006165431234483,1.5109086709897133,0.016364844858822548,18.369654324060466,0.000999000999000999,1.0,0.000999000999000999,0.0022419139302256186,1.0,0.0010981385027186554
esm3_frozen_bilstm_attn,test,1,flexibility_supporting,disorder,continuous,upper,207,0.0967089697463037,0.05463332821172379,0.04207564153457991,1.7701460429341165,0.00442692025214002,9.504495029979386,0.000999000999000999,1.0,0.000999000999000999,0.0022419139302256186,1.0,0.0010981385027186554
esm3_frozen_bilstm_attn,test,1,flexibility_supporting,disorder_ge05,binary,upper,207,0.05483572582890571,0.030631851661647055,0.024203874167258655,1.7901538057382076,0.006032519938894772,4.012232767139944,0.000999000999000999,1.0,0.000999000999000999,0.0022419139302256186,1.0,0.0010981385027186554
esm3_frozen_bilstm_attn,test,1,flexibility_supporting,interface,binary,two-sided,207,0.0,0.0,0.0,,0.0,,1.0,1.0,1.0,1.0,1.0,1.0
esm3_frozen_bilstm_attn,test,1,flexibility_supporting,torsion_change_from_previous,continuous,upper,207,94.12236019357897,47.49082445547995,46.63153573809902,1.9819062160483976,2.133271749847978,21.859163391359814,0.000999000999000999,1.0,0.000999000999000999,0.0022419139302256186,1.0,0.0010981385027186554
esm3_frozen_bilstm_attn,train,-1,rigidity_supporting,neq,continuous,flexibility-supporting higher,942,1.019833305540783,1.3582621685853355,-0.33842886304455244,0.7508368628149051,0.013606750353905274,-24.87212995330806,1.0,0.000999000999000999,0.000999000999000999,1.0,0.002147106624718565,0.0010981385027186554
esm3_frozen_bilstm_attn,train,-1,rigidity_supporting,flexible_neq_gt1,binary,flexibility-supporting higher,942,0.101688271277807,0.5830639777683463,-0.4813757064905393,0.17440328189543577,0.008616589942959286,-55.866150028861114,1.0,0.000999000999000999,0.000999000999000999,1.0,0.002147106624718565,0.0010981385027186554
esm3_frozen_bilstm_attn,train,-1,rigidity_supporting,neq_top10_within_protein,binary,flexibility-supporting higher,942,0.004067249688268796,0.10411507667794828,-0.10004782698967948,0.0390649444638045,0.005539369119402133,-18.061231312290253,1.0,0.000999000999000999,0.000999000999000999,1.0,0.002147106624718565,0.0010981385027186554
esm3_frozen_bilstm_attn,train,-1,rigidity_supporting,neq_peak,binary,flexibility-supporting higher,942,0.001646212951945436,0.07229346228999811,-0.07064724933805268,0.022771256207674975,0.0045906684561839994,-15.389316395281204,1.0,0.000999000999000999,0.000999000999000999,1.0,0.002147106624718565,0.0010981385027186554
esm3_frozen_bilstm_attn,train,-1,rigidity_supporting,distance_to_neq_peak,distance,flexibility-supporting lower,942,8.072260860196065,5.095389532028896,2.976871328167169,1.584228410694605,0.0814896235978313,36.53067957288237,0.000999000999000999,1.0,0.000999000999000999,0.0022419139302256186,1.0,0.0010981385027186554
esm3_frozen_bilstm_attn,train,-1,rigidity_supporting,distance_to_neq_top10,distance,flexibility-supporting lower,942,10.444732072351748,8.298012405066542,2.146719667285206,1.2587028751577278,0.1352607687337287,15.870970477117352,0.000999000999000999,1.0,0.000999000999000999,0.0022419139302256186,1.0,0.0010981385027186554
esm3_frozen_bilstm_attn,train,-1,rigidity_supporting,q3_is_H,binary,two-sided,942,0.7335743080247683,0.38784925237697043,0.3457250556477979,1.8913902850888316,0.008163858854401454,42.34824019053245,0.000999000999000999,1.0,0.000999000999000999,0.0022419139302256186,1.0,0.0010981385027186554
esm3_frozen_bilstm_attn,train,-1,rigidity_supporting,q3_is_E,binary,two-sided,942,0.23680426773797839,0.1757780513713218,0.06102621636665659,1.3471776816875842,0.006031591187308755,10.117764031332829,0.000999000999000999,1.0,0.000999000999000999,0.0022419139302256186,1.0,0.0010981385027186554
esm3_frozen_bilstm_attn,train,-1,rigidity_supporting,q3_is_C,binary,two-sided,942,0.02962142423725345,0.43637269625170766,-0.4067512720144542,0.06788102118141524,0.009080195610515145,-44.79543056797409,1.0,0.000999000999000999,0.000999000999000999,1.0,0.002147106624718565,0.0010981385027186554
esm3_frozen_bilstm_attn,train,-1,rigidity_supporting,q8_is_T,binary,upper,942,0.004616195455461097,0.08548425730688422,-0.08086806185142312,0.0540005329740327,0.00466707739333651,-17.32734536754923,1.0,0.000999000999000999,0.000999000999000999,1.0,0.002147106624718565,0.0010981385027186554
esm3_frozen_bilstm_attn,train,-1,rigidity_supporting,q8_is_S,binary,upper,942,0.0005349981464631146,0.02828481741594157,-0.027749819269478455,0.018914675622462566,0.0025843696760395433,-10.73755799209194,1.0,0.000999000999000999,0.000999000999000999,1.0,0.002147106624718565,0.0010981385027186554
esm3_frozen_bilstm_attn,train,-1,rigidity_supporting,q8_turn_or_bend_TS,binary,upper,942,0.005151193601924213,0.11376907472282582,-0.10861788112090161,0.045277625879211914,0.005236118176500743,-20.743970525411267,1.0,0.000999000999000999,0.000999000999000999,1.0,0.002147106624718565,0.0010981385027186554
esm3_frozen_bilstm_attn,train,-1,rigidity_supporting,q8_loop_turn_bend_CTS,binary,upper,942,0.02672462181815804,0.41114243694759867,-0.3844178151294406,0.06500088391888423,0.008874138449736233,-43.31888862302647,1.0,0.000999000999000999,0.000999000999000999,1.0,0.002147106624718565,0.0010981385027186554
esm3_frozen_bilstm_attn,train,-1,rigidity_supporting,structured_linker_loop,binary,upper,942,0.0120942068844312,0.27931910724771297,-0.2672249003632818,0.043298888513579215,0.007668010166009235,-34.84931482587707,1.0,0.000999000999000999,0.000999000999000999,1.0,0.002147106624718565,0.0010981385027186554
esm3_frozen_bilstm_attn,train,-1,rigidity_supporting,q3_boundary_within2,binary,upper,942,0.2487554592263426,0.6394534217357275,-0.39069796250938493,0.3890126329312973,0.00838235700600029,-46.609558890144385,1.0,0.000999000999000999,0.000999000999000999,1.0,0.002147106624718565,0.0010981385027186554
esm3_frozen_bilstm_attn,train,-1,rigidity_supporting,q8_boundary_within2,binary,upper,942,0.23767165827914913,0.6899089708823251,-0.4522373126031759,0.34449712688210254,0.00814430780011096,-55.52802321604477,1.0,0.000999000999000999,0.000999000999000999,1.0,0.002147106624718565,0.0010981385027186554
esm3_frozen_bilstm_attn,train,-1,rigidity_supporting,distance_to_q3_boundary,distance,lower,942,4.236019104368233,2.779915888164559,1.4561032162036738,1.5237939832651075,0.06746472534357205,21.583178598716543,0.000999000999000999,1.0,0.000999000999000999,0.0022419139302256186,1.0,0.0010981385027186554
esm3_frozen_bilstm_attn,train,-1,rigidity_supporting,distance_to_q8_boundary,distance,lower,942,4.328855352678839,2.39343908555238,1.9354162671264588,1.8086340190603953,0.06376471711745292,30.35246378591272,0.000999000999000999,1.0,0.000999000999000999,0.0022419139302256186,1.0,0.0010981385027186554
esm3_frozen_bilstm_attn,train,-1,rigidity_supporting,rsa,continuous,two-sided,942,0.20080661158922286,0.34708502948341113,-0.14627841789418827,0.5785516358573465,0.003790978376031254,-38.58592779611843,1.0,0.000999000999000999,0.000999000999000999,1.0,0.002147106624718565,0.0010981385027186554
esm3_frozen_bilstm_attn,train,-1,rigidity_supporting,exposed_rsa_ge025,binary,two-sided,942,0.3387078043385611,0.6135262408402391,-0.274818436501678,0.552067347396083,0.007938940205820248,-34.61651421687258,1.0,0.000999000999000999,0.000999000999000999,1.0,0.002147106624718565,0.0010981385027186554
esm3_frozen_bilstm_attn,train,-1,rigidity_supporting,disorder,continuous,upper,942,0.015419064337037217,0.06271109391957788,-0.04729202958254067,0.24587458730684833,0.0025028637341072708,-18.895167538718976,1.0,0.000999000999000999,0.000999000999000999,1.0,0.002147106624718565,0.0010981385027186554
esm3_frozen_bilstm_attn,train,-1,rigidity_supporting,disorder_ge05,binary,upper,942,0.0010833469432195545,0.032111661378583414,-0.03102831443536386,0.03373686993168417,0.0034990591031839402,-8.867616556442245,1.0,0.000999000999000999,0.000999000999000999,1.0,0.002147106624718565,0.0010981385027186554
esm3_frozen_bilstm_attn,train,-1,rigidity_supporting,interface,binary,two-sided,942,0.0,0.0,0.0,,0.0,,1.0,1.0,1.0,1.0,1.0,1.0
esm3_frozen_bilstm_attn,train,-1,rigidity_supporting,torsion_change_from_previous,continuous,upper,942,7.671362980494724,45.63707403781364,-37.96571105731891,0.16809497852860683,1.070032562871504,-35.48089317528374,1.0,0.000999000999000999,0.000999000999000999,1.0,0.002147106624718565,0.0010981385027186554
esm3_frozen_bilstm_attn,train,1,flexibility_supporting,neq,continuous,flexibility-supporting higher,962,2.000234573555944,1.3657101372115394,0.6345244363444045,1.4646113542365256,0.012627601609405362,50.24900657871518,0.000999000999000999,1.0,0.000999000999000999,0.0022419139302256186,1.0,0.0010981385027186554
esm3_frozen_bilstm_attn,train,1,flexibility_supporting,flexible_neq_gt1,binary,flexibility-supporting higher,962,0.9641354880637655,0.5838031422548365,0.38033234580892894,1.6514736188982513,0.008251334272509823,46.09343570967009,0.000999000999000999,1.0,0.000999000999000999,0.0022419139302256186,1.0,0.0010981385027186554
esm3_frozen_bilstm_attn,train,1,flexibility_supporting,neq_top10_within_protein,binary,flexibility-supporting higher,962,0.3460539563240258,0.10457888971912807,0.24147506660489773,3.3090230471315722,0.0052161192845016765,46.294007754457844,0.000999000999000999,1.0,0.000999000999000999,0.0022419139302256186,1.0,0.0010981385027186554
esm3_frozen_bilstm_attn,train,1,flexibility_supporting,neq_peak,binary,flexibility-supporting higher,962,0.2075442321198557,0.07211738795691632,0.13542684416293937,2.8778667392092014,0.004368708104137382,30.99928879081747,0.000999000999000999,1.0,0.000999000999000999,0.0022419139302256186,1.0,0.0010981385027186554
esm3_frozen_bilstm_attn,train,1,flexibility_supporting,distance_to_neq_peak,distance,flexibility-supporting lower,962,2.251071215481971,5.138693305815701,-2.8876220903337297,0.4380629629976803,0.07939606750226202,-36.369837715847325,1.0,0.000999000999000999,0.000999000999000999,1.0,0.002147106624718565,0.0010981385027186554
esm3_frozen_bilstm_attn,train,1,flexibility_supporting,distance_to_neq_top10,distance,flexibility-supporting lower,962,5.253619720033359,8.313715172193604,-3.060095452160245,0.6319220241757659,0.11321302509296507,-27.029535246915646,1.0,0.000999000999000999,0.000999000999000999,1.0,0.002147106624718565,0.0010981385027186554
esm3_frozen_bilstm_attn,train,1,flexibility_supporting,q3_is_H,binary,two-sided,962,0.040557879005956705,0.3888818601063984,-0.3483239811004417,0.1042935738757782,0.007317263403494247,-47.603039810498686,1.0,0.000999000999000999,0.000999000999000999,1.0,0.002147106624718565,0.0010981385027186554
esm3_frozen_bilstm_attn,train,1,flexibility_supporting,q3_is_E,binary,two-sided,962,0.015713286904279585,0.1740054720431654,-0.15829218513888582,0.0903034066674731,0.00524606304546694,-30.17351941198347,1.0,0.000999000999000999,0.000999000999000999,1.0,0.002147106624718565,0.0010981385027186554
esm3_frozen_bilstm_attn,train,1,flexibility_supporting,q3_is_C,binary,two-sided,962,0.9437288340897638,0.43711266785043584,0.506616166239328,2.1590059119784506,0.008405736590676817,60.2702881269488,0.000999000999000999,1.0,0.000999000999000999,0.0022419139302256186,1.0,0.0010981385027186554
esm3_frozen_bilstm_attn,train,1,flexibility_supporting,q8_is_T,binary,upper,962,0.2378754610308707,0.08499345313268619,0.1528820078981845,2.7987504009222355,0.004540050918291684,33.674073407905844,0.000999000999000999,1.0,0.000999000999000999,0.0022419139302256186,1.0,0.0010981385027186554
esm3_frozen_bilstm_attn,train,1,flexibility_supporting,q8_is_S,binary,upper,962,0.11767061223022528,0.027918666683290946,0.08975194554693433,4.21476475094887,0.0025072524401564987,35.79693217541835,0.000999000999000999,1.0,0.000999000999000999,0.0022419139302256186,1.0,0.0010981385027186554
esm3_frozen_bilstm_attn,train,1,flexibility_supporting,q8_turn_or_bend_TS,binary,upper,962,0.35554607326109594,0.11291211981597718,0.24263395344511876,3.148874308980831,0.005064517601384322,47.90860108350652,0.000999000999000999,1.0,0.000999000999000999,0.0022419139302256186,1.0,0.0010981385027186554
esm3_frozen_bilstm_attn,train,1,flexibility_supporting,q8_loop_turn_bend_CTS,binary,upper,962,0.9245578444155745,0.4122153387626924,0.5123425056528821,2.242900148234978,0.008309189385149374,61.65974584338731,0.000999000999000999,1.0,0.000999000999000999,0.0022419139302256186,1.0,0.0010981385027186554
esm3_frozen_bilstm_attn,train,1,flexibility_supporting,structured_linker_loop,binary,upper,962,0.7224695696146973,0.27572410118757223,0.4467454684271251,2.620262670194394,0.006989335104917414,63.91816413449872,0.000999000999000999,1.0,0.000999000999000999,0.0022419139302256186,1.0,0.0010981385027186554
esm3_frozen_bilstm_attn,train,1,flexibility_supporting,q3_boundary_within2,binary,upper,962,0.5956292141071644,0.6355389775802426,-0.039909763473078175,0.9372032796083869,0.00784268908508299,-5.088785624434308,1.0,0.000999000999000999,0.000999000999000999,1.0,0.002147106624718565,0.0010981385027186554
esm3_frozen_bilstm_attn,train,1,flexibility_supporting,q8_boundary_within2,binary,upper,962,0.828736073608507,0.6859397254307056,0.1427963481778014,1.2081762331058152,0.007432586413147054,19.2122015460483,0.000999000999000999,1.0,0.000999000999000999,0.0022419139302256186,1.0,0.0010981385027186554
esm3_frozen_bilstm_attn,train,1,flexibility_supporting,distance_to_q3_boundary,distance,lower,962,2.9677866384933806,2.8262207751952846,0.14156586329809606,1.050090164413399,0.05839331553354491,2.4243504929390665,0.007992007992007992,0.993006993006993,0.015984015984015984,0.017750886645488188,1.0,0.017393186158929232
esm3_frozen_bilstm_attn,train,1,flexibility_supporting,distance_to_q8_boundary,distance,lower,962,1.5397755503933346,2.4384517015220952,-0.8986761511287606,0.6314562430874469,0.055728046460714775,-16.12610181414269,1.0,0.000999000999000999,0.000999000999000999,1.0,0.002147106624718565,0.0010981385027186554
esm3_frozen_bilstm_attn,train,1,flexibility_supporting,rsa,continuous,two-sided,962,0.528170081668872,0.349650987918491,0.17851909375038105,1.510563676119218,0.0036287704244331595,49.195477495181315,0.000999000999000999,1.0,0.000999000999000999,0.0022419139302256186,1.0,0.0010981385027186554
esm3_frozen_bilstm_attn,train,1,flexibility_supporting,exposed_rsa_ge025,binary,two-sided,962,0.8988707315029059,0.6189260840818991,0.2799446474210068,1.4523070761127646,0.0077124591124272945,36.2977155976003,0.000999000999000999,1.0,0.000999000999000999,0.0022419139302256186,1.0,0.0010981385027186554
esm3_frozen_bilstm_attn,train,1,flexibility_supporting,disorder,continuous,upper,962,0.10473196199309627,0.0649460902352098,0.039785871757886476,1.612598412218462,0.002412484111696975,16.491661671463007,0.000999000999000999,1.0,0.000999000999000999,0.0022419139302256186,1.0,0.0010981385027186554
esm3_frozen_bilstm_attn,train,1,flexibility_supporting,disorder_ge05,binary,upper,962,0.05037271152961224,0.033690722620003895,0.016681988909608342,1.4951508193446523,0.003181233159789619,5.243874960335052,0.000999000999000999,1.0,0.000999000999000999,0.0022419139302256186,1.0,0.0010981385027186554
esm3_frozen_bilstm_attn,train,1,flexibility_supporting,interface,binary,two-sided,962,0.0,0.0,0.0,,0.0,,1.0,1.0,1.0,1.0,1.0,1.0
esm3_frozen_bilstm_attn,train,1,flexibility_supporting,torsion_change_from_previous,continuous,upper,962,93.85422730964953,45.416640732659026,48.437586576990505,2.066516276756663,0.992241252000668,48.81634025931215,0.000999000999000999,1.0,0.000999000999000999,0.0022419139302256186,1.0,0.0010981385027186554
esm3_frozen_bilstm_attn,validation,-1,rigidity_supporting,neq,continuous,flexibility-supporting higher,206,1.0266987703296027,1.361724351282929,-0.33502558095332624,0.7539696043199295,0.02726218638144262,-12.289021000215092,1.0,0.000999000999000999,0.000999000999000999,1.0,0.002147106624718565,0.0010981385027186554
esm3_frozen_bilstm_attn,validation,-1,rigidity_supporting,flexible_neq_gt1,binary,flexibility-supporting higher,206,0.12786357108530153,0.5875644347910481,-0.4597008637057466,0.21761625366377535,0.017966888147714556,-25.586003537525333,1.0,0.000999000999000999,0.000999000999000999,1.0,0.002147106624718565,0.0010981385027186554
esm3_frozen_bilstm_attn,validation,-1,rigidity_supporting,neq_top10_within_protein,binary,flexibility-supporting higher,206,0.002311604253351826,0.10363612809552271,-0.10132452384217089,0.02230500401579256,0.010959388940455814,-9.24545377417335,1.0,0.000999000999000999,0.000999000999000999,1.0,0.002147106624718565,0.0010981385027186554
esm3_frozen_bilstm_attn,validation,-1,rigidity_supporting,neq_peak,binary,flexibility-supporting higher,206,0.0009708737864077671,0.07255059642432571,-0.07157972263791794,0.013382023501632302,0.009650128547482118,-7.417489029883887,1.0,0.000999000999000999,0.000999000999000999,1.0,0.002147106624718565,0.0010981385027186554
esm3_frozen_bilstm_attn,validation,-1,rigidity_supporting,distance_to_neq_peak,distance,flexibility-supporting lower,206,8.069640822246475,5.1064645384626,2.9631762837838753,1.5802794206176936,0.18262023756444964,16.22589217549409,0.000999000999000999,1.0,0.000999000999000999,0.0022419139302256186,1.0,0.0010981385027186554
esm3_frozen_bilstm_attn,validation,-1,rigidity_supporting,distance_to_neq_top10,distance,flexibility-supporting lower,206,10.089925719705132,7.9875894741727915,2.1023362455323404,1.2632003375148497,0.24990662685269452,8.41248698367469,0.000999000999000999,1.0,0.000999000999000999,0.0022419139302256186,1.0,0.0010981385027186554
esm3_frozen_bilstm_attn,validation,-1,rigidity_supporting,q3_is_H,binary,two-sided,206,0.6956289344103448,0.364969473488866,0.3306594609214788,1.9059921032863207,0.015975301026994362,20.698167775539563,0.000999000999000999,1.0,0.000999000999000999,0.0022419139302256186,1.0,0.0010981385027186554
esm3_frozen_bilstm_attn,validation,-1,rigidity_supporting,q3_is_E,binary,two-sided,206,0.27348899593331344,0.20096071389703962,0.07252828203627382,1.360907764656096,0.01272975986715595,5.697537329310038,0.000999000999000999,1.0,0.000999000999000999,0.0022419139302256186,1.0,0.0010981385027186554
esm3_frozen_bilstm_attn,validation,-1,rigidity_supporting,q3_is_C,binary,two-sided,206,0.0308820696563415,0.43406981261409455,-0.40318774295775306,0.07114539817998562,0.0179662331386404,-22.441417733281426,1.0,0.000999000999000999,0.000999000999000999,1.0,0.002147106624718565,0.0010981385027186554
esm3_frozen_bilstm_attn,validation,-1,rigidity_supporting,q8_is_T,binary,upper,206,0.0025071274464478345,0.0885856703516041,-0.08607854290515626,0.028301726865042974,0.009831397078104612,-8.75547414282155,1.0,0.000999000999000999,0.000999000999000999,1.0,0.002147106624718565,0.0010981385027186554
esm3_frozen_bilstm_attn,validation,-1,rigidity_supporting,q8_is_S,binary,upper,206,0.0,0.03408912368169935,-0.03408912368169935,0.0,0.006319916594614671,-5.3939198676684095,1.0,0.000999000999000999,0.000999000999000999,1.0,0.002147106624718565,0.0010981385027186554
esm3_frozen_bilstm_attn,validation,-1,rigidity_supporting,q8_turn_or_bend_TS,binary,upper,206,0.0025071274464478345,0.12267479403330343,-0.1201676665868556,0.020437184885488423,0.01135612985189689,-10.58174467481835,1.0,0.000999000999000999,0.000999000999000999,1.0,0.002147106624718565,0.0010981385027186554
esm3_frozen_bilstm_attn,validation,-1,rigidity_supporting,q8_loop_turn_bend_CTS,binary,upper,206,0.026817498844197873,0.4096502650603094,-0.3828327662161115,0.06546437566749715,0.017972306958866643,-21.301259047728475,1.0,0.000999000999000999,0.000999000999000999,1.0,0.002147106624718565,0.0010981385027186554
esm3_frozen_bilstm_attn,validation,-1,rigidity_supporting,structured_linker_loop,binary,upper,206,0.01309138542148251,0.2794547981929551,-0.2663634127714726,0.04684616441061536,0.015656943514430047,-17.012478363096967,1.0,0.000999000999000999,0.000999000999000999,1.0,0.002147106624718565,0.0010981385027186554
esm3_frozen_bilstm_attn,validation,-1,rigidity_supporting,q3_boundary_within2,binary,upper,206,0.23418030704938186,0.6430567140031267,-0.40887640695374483,0.36416742403881225,0.016744863884445876,-24.41801914756355,1.0,0.000999000999000999,0.000999000999000999,1.0,0.002147106624718565,0.0010981385027186554
esm3_frozen_bilstm_attn,validation,-1,rigidity_supporting,q8_boundary_within2,binary,upper,206,0.2263486248030794,0.6970969284934875,-0.4707483036904081,0.32470179619389045,0.016071741264736324,-29.29043567440303,1.0,0.000999000999000999,0.000999000999000999,1.0,0.002147106624718565,0.0010981385027186554
esm3_frozen_bilstm_attn,validation,-1,rigidity_supporting,distance_to_q3_boundary,distance,lower,206,4.202672202868519,2.631775710874965,1.5708964919935542,1.5968960369617862,0.11450670996328242,13.718816063244468,0.000999000999000999,1.0,0.000999000999000999,0.0022419139302256186,1.0,0.0010981385027186554
esm3_frozen_bilstm_attn,validation,-1,rigidity_supporting,distance_to_q8_boundary,distance,lower,206,4.257567802224427,2.1721975900055748,2.0853702122188524,1.9600278638618231,0.1046103415067029,19.93464682538325,0.000999000999000999,1.0,0.000999000999000999,0.0022419139302256186,1.0,0.0010981385027186554
esm3_frozen_bilstm_attn,validation,-1,rigidity_supporting,rsa,continuous,two-sided,206,0.18177044037558474,0.33631503279429326,-0.15454459241870852,0.5404767038372752,0.007968279206441655,-19.394977060263244,1.0,0.000999000999000999,0.000999000999000999,1.0,0.002147106624718565,0.0010981385027186554
esm3_frozen_bilstm_attn,validation,-1,rigidity_supporting,exposed_rsa_ge025,binary,two-sided,206,0.2865330177151993,0.5881339014775123,-0.30160088376231303,0.4871901058506743,0.017224022284918886,-17.510479188498877,1.0,0.000999000999000999,0.000999000999000999,1.0,0.002147106624718565,0.0010981385027186554
esm3_frozen_bilstm_attn,validation,-1,rigidity_supporting,disorder,continuous,upper,206,0.009809575110176744,0.05488910225063067,-0.04507952714045393,0.17871626075035746,0.004660021828988996,-9.673672955783998,1.0,0.000999000999000999,0.000999000999000999,1.0,0.002147106624718565,0.0010981385027186554
esm3_frozen_bilstm_attn,validation,-1,rigidity_supporting,disorder_ge05,binary,upper,206,0.0,0.029642081032743513,-0.029642081032743513,0.0,0.006267504798507655,-4.729486771163149,1.0,0.000999000999000999,0.000999000999000999,1.0,0.002147106624718565,0.0010981385027186554
esm3_frozen_bilstm_attn,validation,-1,rigidity_supporting,interface,binary,two-sided,206,0.0,0.0,0.0,,0.0,,1.0,1.0,1.0,1.0,1.0,1.0
esm3_frozen_bilstm_attn,validation,-1,rigidity_supporting,torsion_change_from_previous,continuous,upper,206,6.772333888221466,47.675731328456706,-40.90339744023524,0.142049921406852,2.331180358512573,-17.54621743052689,1.0,0.000999000999000999,0.000999000999000999,1.0,0.002147106624718565,0.0010981385027186554
esm3_frozen_bilstm_attn,validation,1,flexibility_supporting,neq,continuous,flexibility-supporting higher,207,2.0398043201562315,1.3655088122071262,0.6742955079491053,1.4938053141225904,0.024189945706835733,27.875031888085594,0.000999000999000999,1.0,0.000999000999000999,0.0022419139302256186,1.0,0.0010981385027186554
esm3_frozen_bilstm_attn,validation,1,flexibility_supporting,flexible_neq_gt1,binary,flexibility-supporting higher,207,0.9565925983018907,0.5911253945716435,0.3654672037302472,1.618256645859516,0.016086935776060594,22.718260880615244,0.000999000999000999,1.0,0.000999000999000999,0.0022419139302256186,1.0,0.0010981385027186554
esm3_frozen_bilstm_attn,validation,1,flexibility_supporting,neq_top10_within_protein,binary,flexibility-supporting higher,207,0.36330596166487045,0.10481614417480782,0.2584898174900626,3.466125991612175,0.010142335714163257,25.48622179101158,0.000999000999000999,1.0,0.000999000999000999,0.0022419139302256186,1.0,0.0010981385027186554
esm3_frozen_bilstm_attn,validation,1,flexibility_supporting,neq_peak,binary,flexibility-supporting higher,207,0.20047730875735986,0.07303330091808351,0.12744400783927634,2.7450122921627442,0.00827812689359528,15.39527111355091,0.000999000999000999,1.0,0.000999000999000999,0.0022419139302256186,1.0,0.0010981385027186554
esm3_frozen_bilstm_attn,validation,1,flexibility_supporting,distance_to_neq_peak,distance,flexibility-supporting lower,207,2.285585768940415,4.974686574678124,-2.689100805737709,0.45944316986207295,0.14708913645243077,-18.282117025055587,1.0,0.000999000999000999,0.000999000999000999,1.0,0.002147106624718565,0.0010981385027186554
esm3_frozen_bilstm_attn,validation,1,flexibility_supporting,distance_to_neq_top10,distance,flexibility-supporting lower,207,5.0144987736206845,7.929750879154236,-2.9152521055335514,0.6323652344240499,0.2180772295004777,-13.367980289419284,1.0,0.000999000999000999,0.000999000999000999,1.0,0.002147106624718565,0.0010981385027186554
esm3_frozen_bilstm_attn,validation,1,flexibility_supporting,q3_is_H,binary,two-sided,207,0.03242840958100975,0.3610241213354705,-0.3285957117544608,0.08982338759264413,0.014727687944642782,-22.31142545860282,1.0,0.000999000999000999,0.000999000999000999,1.0,0.002147106624718565,0.0010981385027186554
esm3_frozen_bilstm_attn,validation,1,flexibility_supporting,q3_is_E,binary,two-sided,207,0.02181441746659138,0.20257656172408953,-0.18076214425749815,0.10768480460391437,0.0115541436156473,-15.644789460008047,1.0,0.000999000999000999,0.000999000999000999,1.0,0.002147106624718565,0.0010981385027186554
esm3_frozen_bilstm_attn,validation,1,flexibility_supporting,q3_is_C,binary,two-sided,207,0.9457571729523989,0.43639931694044015,0.5093578560119587,2.1671829818227604,0.016277622160182196,31.291908056321258,0.000999000999000999,1.0,0.000999000999000999,0.0022419139302256186,1.0,0.0010981385027186554
esm3_frozen_bilstm_attn,validation,1,flexibility_supporting,q8_is_T,binary,upper,207,0.2663667842056589,0.08886332983189331,0.17750345437376558,2.9974882182510685,0.009013674631394578,19.6926849073875,0.000999000999000999,1.0,0.000999000999000999,0.0022419139302256186,1.0,0.0010981385027186554
esm3_frozen_bilstm_attn,validation,1,flexibility_supporting,q8_is_S,binary,upper,207,0.14750804790233604,0.03415463858786535,0.11335340931447069,4.318829125445454,0.005515491539407624,20.55182362343812,0.000999000999000999,1.0,0.000999000999000999,0.0022419139302256186,1.0,0.0010981385027186554
esm3_frozen_bilstm_attn,validation,1,flexibility_supporting,q8_turn_or_bend_TS,binary,upper,207,0.41387483210799486,0.12301796841975866,0.2908568636882362,3.364344554088083,0.010432155386838553,27.880802471097002,0.000999000999000999,1.0,0.000999000999000999,0.0022419139302256186,1.0,0.0010981385027186554
esm3_frozen_bilstm_attn,validation,1,flexibility_supporting,q8_loop_turn_bend_CTS,binary,upper,207,0.9305237080812528,0.4114124182087844,0.5191112898724685,2.2617783686077964,0.016161908851325228,32.11942937234811,0.000999000999000999,1.0,0.000999000999000999,0.0022419139302256186,1.0,0.0010981385027186554
esm3_frozen_bilstm_attn,validation,1,flexibility_supporting,structured_linker_loop,binary,upper,207,0.7443909414604214,0.2820085183019753,0.4623824231584461,2.639604455718341,0.015008545022460091,30.8079445720086,0.000999000999000999,1.0,0.000999000999000999,0.0022419139302256186,1.0,0.0010981385027186554
esm3_frozen_bilstm_attn,validation,1,flexibility_supporting,q3_boundary_within2,binary,upper,207,0.5888263003139388,0.6463611513596913,-0.05753485104575251,0.9109865267664654,0.01564195535104846,-3.6782390535270273,1.0,0.000999000999000999,0.000999000999000999,1.0,0.002147106624718565,0.0010981385027186554
esm3_frozen_bilstm_attn,validation,1,flexibility_supporting,q8_boundary_within2,binary,upper,207,0.8549985516204611,0.7007257996731567,0.1542727519473044,1.2201613698528906,0.014959853266052396,10.312450877936577,0.000999000999000999,1.0,0.000999000999000999,0.0022419139302256186,1.0,0.0010981385027186554
esm3_frozen_bilstm_attn,validation,1,flexibility_supporting,distance_to_q3_boundary,distance,lower,207,2.631738119952101,2.5802954775111853,0.05144264244091579,1.0199367254212819,0.09848066217534714,0.5223628812458729,0.2947052947052947,0.7062937062937062,0.5794205794205795,0.6349759965720065,1.0,0.6135041429159077
esm3_frozen_bilstm_attn,validation,1,flexibility_supporting,distance_to_q8_boundary,distance,lower,207,1.1012374016530027,2.1205312789027304,-1.0192938772497278,0.5193214609042873,0.0874703634789583,-11.653019796755814,1.0,0.000999000999000999,0.000999000999000999,1.0,0.002147106624718565,0.0010981385027186554
esm3_frozen_bilstm_attn,validation,1,flexibility_supporting,rsa,continuous,two-sided,207,0.5440756843277303,0.3368207973672274,0.20725488696050293,1.6153268698979357,0.007299289826386418,28.393842673747674,0.000999000999000999,1.0,0.000999000999000999,0.0022419139302256186,1.0,0.0010981385027186554
esm3_frozen_bilstm_attn,validation,1,flexibility_supporting,exposed_rsa_ge025,binary,two-sided,207,0.9017228587774196,0.5905282599142041,0.31119459886321554,1.5269766410644394,0.01601667422209046,19.429414280900517,0.000999000999000999,1.0,0.000999000999000999,0.0022419139302256186,1.0,0.0010981385027186554
esm3_frozen_bilstm_attn,validation,1,flexibility_supporting,disorder,continuous,upper,207,0.09864496776848292,0.05524471435462706,0.04340025341385586,1.7856001052926223,0.0043196663526446095,10.047130928823965,0.000999000999000999,1.0,0.000999000999000999,0.0022419139302256186,1.0,0.0010981385027186554
esm3_frozen_bilstm_attn,validation,1,flexibility_supporting,disorder_ge05,binary,upper,207,0.05066395627989831,0.029720009099943028,0.02094394717995528,1.704708639540606,0.005629936626862975,3.7201035407791685,0.000999000999000999,1.0,0.000999000999000999,0.0022419139302256186,1.0,0.0010981385027186554
esm3_frozen_bilstm_attn,validation,1,flexibility_supporting,interface,binary,two-sided,207,0.0,0.0,0.0,,0.0,,1.0,1.0,1.0,1.0,1.0,1.0
esm3_frozen_bilstm_attn,validation,1,flexibility_supporting,torsion_change_from_previous,continuous,upper,207,97.73075350834942,47.8900369662461,49.84071654210332,2.040732471708721,2.0543027727891365,24.26162160820839,0.000999000999000999,1.0,0.000999000999000999,0.0022419139302256186,1.0,0.0010981385027186554
esm3_top28_bilstm_attn,test,-1,rigidity_supporting,neq,continuous,flexibility-supporting higher,206,1.0270757330537241,1.3666102260993815,-0.3395344930456574,0.7515498665520991,0.02711162412318667,-12.523576289746412,1.0,0.000999000999000999,0.000999000999000999,1.0,0.002147106624718565,0.0010981385027186554
esm3_top28_bilstm_attn,test,-1,rigidity_supporting,flexible_neq_gt1,binary,flexibility-supporting higher,206,0.1394768212499695,0.5894601316344922,-0.44998331038452266,0.23661790469733615,0.016900101722319382,-26.626071119456352,1.0,0.000999000999000999,0.000999000999000999,1.0,0.002147106624718565,0.0010981385027186554
esm3_top28_bilstm_attn,test,-1,rigidity_supporting,neq_top10_within_protein,binary,flexibility-supporting higher,206,0.005177993527508091,0.10390322545301778,-0.0987252319255097,0.04983477177856658,0.011057708913152527,-8.928181479626538,1.0,0.000999000999000999,0.000999000999000999,1.0,0.002147106624718565,0.0010981385027186554
esm3_top28_bilstm_attn,test,-1,rigidity_supporting,neq_peak,binary,flexibility-supporting higher,206,0.0,0.07209752023831648,-0.07209752023831648,0.0,0.009299842193959105,-7.752553079357501,1.0,0.000999000999000999,0.000999000999000999,1.0,0.002147106624718565,0.0010981385027186554
esm3_top28_bilstm_attn,test,-1,rigidity_supporting,distance_to_neq_peak,distance,flexibility-supporting lower,206,8.324047953914581,5.304597508245109,3.019450445669472,1.5692138641953968,0.21485919581049562,14.053159020164104,0.000999000999000999,1.0,0.000999000999000999,0.0022419139302256186,1.0,0.0010981385027186554
esm3_top28_bilstm_attn,test,-1,rigidity_supporting,distance_to_neq_top10,distance,flexibility-supporting lower,206,10.013371183157082,7.954783234995012,2.05858794816207,1.2587861777434544,0.2567128613593828,8.019029265854229,0.000999000999000999,1.0,0.000999000999000999,0.0022419139302256186,1.0,0.0010981385027186554
esm3_top28_bilstm_attn,test,-1,rigidity_supporting,q3_is_H,binary,two-sided,206,0.7424598026036955,0.37901184306181324,0.36344795954188225,1.9589356274616656,0.016256357949961216,22.357280804262146,0.000999000999000999,1.0,0.000999000999000999,0.0022419139302256186,1.0,0.0010981385027186554
esm3_top28_bilstm_attn,test,-1,rigidity_supporting,q3_is_E,binary,two-sided,206,0.23599580882593074,0.18660700381324574,0.049388805012685,1.2646674776586242,0.012283909135592687,4.02060976416544,0.000999000999000999,1.0,0.000999000999000999,0.0022419139302256186,1.0,0.0010981385027186554
esm3_top28_bilstm_attn,test,-1,rigidity_supporting,q3_is_C,binary,two-sided,206,0.02154438857037372,0.43438115312494124,-0.4128367645545675,0.049597889814931496,0.01784618754252983,-23.133050886679456,1.0,0.000999000999000999,0.000999000999000999,1.0,0.002147106624718565,0.0010981385027186554
esm3_top28_bilstm_attn,test,-1,rigidity_supporting,q8_is_T,binary,upper,206,0.005601962762156938,0.08697126845599751,-0.08136930569384057,0.06441164837087791,0.009639492459300547,-8.441243772677304,1.0,0.000999000999000999,0.000999000999000999,1.0,0.002147106624718565,0.0010981385027186554
esm3_top28_bilstm_attn,test,-1,rigidity_supporting,q8_is_S,binary,upper,206,0.0,0.03274663824868273,-0.03274663824868273,0.0,0.006684249302743093,-4.899074939536457,1.0,0.000999000999000999,0.000999000999000999,1.0,0.002147106624718565,0.0010981385027186554
esm3_top28_bilstm_attn,test,-1,rigidity_supporting,q8_turn_or_bend_TS,binary,upper,206,0.005601962762156938,0.11971790670468023,-0.11411594394252329,0.046793023001779024,0.011368600561616244,-10.03781805192562,1.0,0.000999000999000999,0.000999000999000999,1.0,0.002147106624718565,0.0010981385027186554
esm3_top28_bilstm_attn,test,-1,rigidity_supporting,q8_loop_turn_bend_CTS,binary,upper,206,0.02097566593568878,0.4122845054672916,-0.39130883953160284,0.050876677773554785,0.017836479494573648,-21.938681321650375,1.0,0.000999000999000999,0.000999000999000999,1.0,0.002147106624718565,0.0010981385027186554
esm3_top28_bilstm_attn,test,-1,rigidity_supporting,structured_linker_loop,binary,upper,206,0.00937628508302409,0.28893332572317787,-0.2795570406401538,0.03245137977613337,0.014998360089050464,-18.639173815025558,1.0,0.000999000999000999,0.000999000999000999,1.0,0.002147106624718565,0.0010981385027186554
esm3_top28_bilstm_attn,test,-1,rigidity_supporting,q3_boundary_within2,binary,upper,206,0.2580550193418927,0.6479885131519764,-0.3899334938100837,0.3982401139900602,0.016363592885467328,-23.8293323806893,1.0,0.000999000999000999,0.000999000999000999,1.0,0.002147106624718565,0.0010981385027186554
esm3_top28_bilstm_attn,test,-1,rigidity_supporting,q8_boundary_within2,binary,upper,206,0.25188641001204626,0.7057640713005159,-0.4538776612884696,0.3568988848467358,0.015267975393073518,-29.727429446498594,1.0,0.000999000999000999,0.000999000999000999,1.0,0.002147106624718565,0.0010981385027186554
esm3_top28_bilstm_attn,test,-1,rigidity_supporting,distance_to_q3_boundary,distance,lower,206,4.261821579279306,2.7243139058971586,1.537507673382147,1.564365093924748,0.14703877361478865,10.456477809112453,0.000999000999000999,1.0,0.000999000999000999,0.0022419139302256186,1.0,0.0010981385027186554
esm3_top28_bilstm_attn,test,-1,rigidity_supporting,distance_to_q8_boundary,distance,lower,206,4.383842872331128,2.303844514306739,2.0799983580243886,1.9028379932359676,0.1461515345273469,14.23179280841005,0.000999000999000999,1.0,0.000999000999000999,0.0022419139302256186,1.0,0.0010981385027186554
esm3_top28_bilstm_attn,test,-1,rigidity_supporting,rsa,continuous,two-sided,206,0.24114466756206215,0.3388594292778343,-0.09771476171577215,0.7116362914143528,0.007988828773169521,-12.231425217667343,1.0,0.000999000999000999,0.000999000999000999,1.0,0.002147106624718565,0.0010981385027186554
esm3_top28_bilstm_attn,test,-1,rigidity_supporting,exposed_rsa_ge025,binary,two-sided,206,0.41814804856234594,0.589496251103531,-0.17134820254118505,0.7093311412576027,0.016831447117459326,-10.180241861880365,1.0,0.000999000999000999,0.000999000999000999,1.0,0.002147106624718565,0.0010981385027186554
esm3_top28_bilstm_attn,test,-1,rigidity_supporting,disorder,continuous,upper,206,0.011057368299222504,0.05389320721111133,-0.04283583891188882,0.20517183651565596,0.005135111092163189,-8.341755055165521,1.0,0.000999000999000999,0.000999000999000999,1.0,0.002147106624718565,0.0010981385027186554
esm3_top28_bilstm_attn,test,-1,rigidity_supporting,disorder_ge05,binary,upper,206,0.0,0.0299244314097831,-0.0299244314097831,0.0,0.006839533028761229,-4.375215571581645,1.0,0.000999000999000999,0.000999000999000999,1.0,0.002147106624718565,0.0010981385027186554
esm3_top28_bilstm_attn,test,-1,rigidity_supporting,interface,binary,two-sided,206,0.0,0.0,0.0,,0.0,,1.0,1.0,1.0,1.0,1.0,1.0
esm3_top28_bilstm_attn,test,-1,rigidity_supporting,torsion_change_from_previous,continuous,upper,206,9.487689443084276,47.38456232453,-37.896872881445724,0.20022743648246588,2.224269400993545,-17.03789696720991,1.0,0.000999000999000999,0.000999000999000999,1.0,0.002147106624718565,0.0010981385027186554
esm3_top28_bilstm_attn,test,1,flexibility_supporting,neq,continuous,flexibility-supporting higher,206,2.0852387583802687,1.3691311371415436,0.7161076212387252,1.5230380069609741,0.02754107293808319,26.001442385656198,0.000999000999000999,1.0,0.000999000999000999,0.0022419139302256186,1.0,0.0010981385027186554
esm3_top28_bilstm_attn,test,1,flexibility_supporting,flexible_neq_gt1,binary,flexibility-supporting higher,206,0.9588531573707747,0.5921512437798022,0.3667019135909725,1.6192706972128468,0.01579045146381656,23.2230164179448,0.000999000999000999,1.0,0.000999000999000999,0.0022419139302256186,1.0,0.0010981385027186554
esm3_top28_bilstm_attn,test,1,flexibility_supporting,neq_top10_within_protein,binary,flexibility-supporting higher,206,0.3748064298271632,0.10447510566929157,0.27033132415787164,3.5875190307400695,0.011319402436952845,23.882119719973854,0.000999000999000999,1.0,0.000999000999000999,0.0022419139302256186,1.0,0.0010981385027186554
esm3_top28_bilstm_attn,test,1,flexibility_supporting,neq_peak,binary,flexibility-supporting higher,206,0.24943061505243366,0.07296125118119008,0.17646936387124357,3.4186723913629735,0.009122525795465774,19.344353507770318,0.000999000999000999,1.0,0.000999000999000999,0.0022419139302256186,1.0,0.0010981385027186554
esm3_top28_bilstm_attn,test,1,flexibility_supporting,distance_to_neq_peak,distance,flexibility-supporting lower,206,2.1886882471548375,5.289641693080527,-3.1009534459256893,0.413768715188762,0.20461966865096626,-15.154718343402253,1.0,0.000999000999000999,0.000999000999000999,1.0,0.002147106624718565,0.0010981385027186554
esm3_top28_bilstm_attn,test,1,flexibility_supporting,distance_to_neq_top10,distance,flexibility-supporting lower,206,4.78400877405949,7.925942349597035,-3.1419335755375446,0.6035886413307959,0.22905964507865023,-13.716661328357189,1.0,0.000999000999000999,0.000999000999000999,1.0,0.002147106624718565,0.0010981385027186554
esm3_top28_bilstm_attn,test,1,flexibility_supporting,q3_is_H,binary,two-sided,206,0.04447980076906405,0.3767594683168756,-0.3322796675478116,0.11805887976159385,0.015012018917241573,-22.134242527910914,1.0,0.000999000999000999,0.000999000999000999,1.0,0.002147106624718565,0.0010981385027186554
esm3_top28_bilstm_attn,test,1,flexibility_supporting,q3_is_E,binary,two-sided,206,0.02259917571758011,0.18646514360350308,-0.16386596788592298,0.12119785650467031,0.011676421432976881,-14.033920309104984,1.0,0.000999000999000999,0.000999000999000999,1.0,0.002147106624718565,0.0010981385027186554
esm3_top28_bilstm_attn,test,1,flexibility_supporting,q3_is_C,binary,two-sided,206,0.9329210235133558,0.4367753880796214,0.4961456354337344,2.135928554983712,0.01712182371211624,28.97738253680521,0.000999000999000999,1.0,0.000999000999000999,0.0022419139302256186,1.0,0.0010981385027186554
esm3_top28_bilstm_attn,test,1,flexibility_supporting,q8_is_T,binary,upper,206,0.26125270777581255,0.08783410582136307,0.17341860195444947,2.974387970740524,0.009335568094727706,18.576116653510162,0.000999000999000999,1.0,0.000999000999000999,0.0022419139302256186,1.0,0.0010981385027186554
esm3_top28_bilstm_attn,test,1,flexibility_supporting,q8_is_S,binary,upper,206,0.11257794679131555,0.032706555125329176,0.07987139166598638,3.442060662149374,0.005541311040376577,14.413807686304947,0.000999000999000999,1.0,0.000999000999000999,0.0022419139302256186,1.0,0.0010981385027186554
esm3_top28_bilstm_attn,test,1,flexibility_supporting,q8_turn_or_bend_TS,binary,upper,206,0.37383065456712816,0.12054066094669225,0.2532899936204359,3.101282601498681,0.010786363697940555,23.482426581703034,0.000999000999000999,1.0,0.000999000999000999,0.0022419139302256186,1.0,0.0010981385027186554
esm3_top28_bilstm_attn,test,1,flexibility_supporting,q8_loop_turn_bend_CTS,binary,upper,206,0.9109851971086546,0.4146388704583035,0.49634632665035106,2.1970569138916853,0.017130356309817033,28.974664488788587,0.000999000999000999,1.0,0.000999000999000999,0.0022419139302256186,1.0,0.0010981385027186554
esm3_top28_bilstm_attn,test,1,flexibility_supporting,structured_linker_loop,binary,upper,206,0.7524850426158373,0.29126425626964797,0.4612207863461893,2.5835131720357687,0.014905421472481372,30.943156300390598,0.000999000999000999,1.0,0.000999000999000999,0.0022419139302256186,1.0,0.0010981385027186554
esm3_top28_bilstm_attn,test,1,flexibility_supporting,q3_boundary_within2,binary,upper,206,0.6392693105003463,0.6480351753915514,-0.008765864891205122,0.9864731650007907,0.01627837419284396,-0.5384975666094856,0.7082917082917083,0.29270729270729273,0.5964035964035964,1.0,0.6064726640266209,0.6299421849544099
esm3_top28_bilstm_attn,test,1,flexibility_supporting,q8_boundary_within2,binary,upper,206,0.85336716151499,0.7069772307858545,0.14638993072913553,1.207064562130824,0.015430443371940729,9.487085186115666,0.000999000999000999,1.0,0.000999000999000999,0.0022419139302256186,1.0,0.0010981385027186554
esm3_top28_bilstm_attn,test,1,flexibility_supporting,distance_to_q3_boundary,distance,lower,206,2.752599928130371,2.7292304960281184,0.023369432102252397,1.0085626450885194,0.14165192955894448,0.16497785928519854,0.4115884115884116,0.5894105894105894,0.8631368631368631,0.8780552780552782,1.0,0.9028453386806897
esm3_top28_bilstm_attn,test,1,flexibility_supporting,distance_to_q8_boundary,distance,lower,206,1.3672797351865833,2.306845803824958,-0.9395660686383749,0.5927053004234224,0.13759398624763805,-6.828540216484233,1.0,0.000999000999000999,0.000999000999000999,1.0,0.002147106624718565,0.0010981385027186554
esm3_top28_bilstm_attn,test,1,flexibility_supporting,rsa,continuous,two-sided,206,0.5234063839489768,0.33899559863082185,0.1844107853181549,1.5439916803137752,0.00786777757887615,23.438739017390542,0.000999000999000999,1.0,0.000999000999000999,0.0022419139302256186,1.0,0.0010981385027186554
esm3_top28_bilstm_attn,test,1,flexibility_supporting,exposed_rsa_ge025,binary,two-sided,206,0.8884369968132662,0.5899868068814388,0.29845018993182737,1.5058590911708347,0.016295538952617445,18.314840079829903,0.000999000999000999,1.0,0.000999000999000999,0.0022419139302256186,1.0,0.0010981385027186554
esm3_top28_bilstm_attn,test,1,flexibility_supporting,disorder,continuous,upper,206,0.08182661976165369,0.05409832165818982,0.027728298103463868,1.5125537586666729,0.005395143902652809,5.139491847442619,0.000999000999000999,1.0,0.000999000999000999,0.0022419139302256186,1.0,0.0010981385027186554
esm3_top28_bilstm_attn,test,1,flexibility_supporting,disorder_ge05,binary,upper,206,0.035449115260651524,0.03020172161070871,0.005247393649942814,1.1737448519518248,0.006973060270712845,0.7525237766812507,0.23276723276723277,0.7682317682317682,0.4695304695304695,0.5040373160673912,1.0,0.49898441042352476
esm3_top28_bilstm_attn,test,1,flexibility_supporting,interface,binary,two-sided,206,0.0,0.0,0.0,,0.0,,1.0,1.0,1.0,1.0,1.0,1.0
esm3_top28_bilstm_attn,test,1,flexibility_supporting,torsion_change_from_previous,continuous,upper,206,90.44459610902827,47.410317471723744,43.034278637304524,1.9076985966814257,2.0479228703814463,21.01362275879509,0.000999000999000999,1.0,0.000999000999000999,0.0022419139302256186,1.0,0.0010981385027186554
esm3_top28_bilstm_attn,train,-1,rigidity_supporting,neq,continuous,flexibility-supporting higher,938,1.0168131257932318,1.355649397597007,-0.3388362718037752,0.7500561189313486,0.014493098756220468,-23.379145999287832,1.0,0.000999000999000999,0.000999000999000999,1.0,0.002147106624718565,0.0010981385027186554
esm3_top28_bilstm_attn,train,-1,rigidity_supporting,flexible_neq_gt1,binary,flexibility-supporting higher,938,0.08680682256891695,0.5821653501282419,-0.49535852755932497,0.14911025286852742,0.00863708236368726,-57.35253025280302,1.0,0.000999000999000999,0.000999000999000999,1.0,0.002147106624718565,0.0010981385027186554
esm3_top28_bilstm_attn,train,-1,rigidity_supporting,neq_top10_within_protein,binary,flexibility-supporting higher,938,0.0013783125190374656,0.10395160101239254,-0.10257328849335506,0.013259175477952963,0.00572431595016567,-17.9188726454532,1.0,0.000999000999000999,0.000999000999000999,1.0,0.002147106624718565,0.0010981385027186554
esm3_top28_bilstm_attn,train,-1,rigidity_supporting,neq_peak,binary,flexibility-supporting higher,938,0.0024938429256126486,0.07189473903317259,-0.06940089610755994,0.034687418845236746,0.0045199907415846095,-15.354212005139972,1.0,0.000999000999000999,0.000999000999000999,1.0,0.002147106624718565,0.0010981385027186554
esm3_top28_bilstm_attn,train,-1,rigidity_supporting,distance_to_neq_peak,distance,flexibility-supporting lower,938,8.185476988307803,5.111850536921389,3.0736264513864144,1.6012747104373488,0.08407868415981742,36.556547977654375,0.000999000999000999,1.0,0.000999000999000999,0.0022419139302256186,1.0,0.0010981385027186554
esm3_top28_bilstm_attn,train,-1,rigidity_supporting,distance_to_neq_top10,distance,flexibility-supporting lower,938,10.53508584543539,8.285693470479698,2.2493923749556917,1.2714790720861007,0.1355182677564033,16.59844397508842,0.000999000999000999,1.0,0.000999000999000999,0.0022419139302256186,1.0,0.0010981385027186554
esm3_top28_bilstm_attn,train,-1,rigidity_supporting,q3_is_H,binary,two-sided,938,0.7381842668174962,0.388337634021757,0.34984663279573913,1.9008826396056648,0.00784860654946701,44.57436241589876,0.000999000999000999,1.0,0.000999000999000999,0.0022419139302256186,1.0,0.0010981385027186554
esm3_top28_bilstm_attn,train,-1,rigidity_supporting,q3_is_E,binary,two-sided,938,0.2301168172352868,0.17655553493888257,0.05356128229640422,1.3033679024276712,0.005795987807139184,9.241096440960474,0.000999000999000999,1.0,0.000999000999000999,0.0022419139302256186,1.0,0.0010981385027186554
esm3_top28_bilstm_attn,train,-1,rigidity_supporting,q3_is_C,binary,two-sided,938,0.03169891594721706,0.4351068310393603,-0.40340791509214324,0.07285317923300896,0.008847777684802589,-45.59426439760777,1.0,0.000999000999000999,0.000999000999000999,1.0,0.002147106624718565,0.0010981385027186554
esm3_top28_bilstm_attn,train,-1,rigidity_supporting,q8_is_T,binary,upper,938,0.008639499888121524,0.08530126615641029,-0.07666176626828876,0.10128219987121817,0.004727391734618657,-16.216503850716492,1.0,0.000999000999000999,0.000999000999000999,1.0,0.002147106624718565,0.0010981385027186554
esm3_top28_bilstm_attn,train,-1,rigidity_supporting,q8_is_S,binary,upper,938,0.0005926346811208218,0.028329493392928205,-0.027736858711807384,0.02091935330085215,0.0026270027793990187,-10.558366717127251,1.0,0.000999000999000999,0.000999000999000999,1.0,0.002147106624718565,0.0010981385027186554
esm3_top28_bilstm_attn,train,-1,rigidity_supporting,q8_turn_or_bend_TS,binary,upper,938,0.009232134569242345,0.1136307595493385,-0.10439862498009615,0.08124679097329936,0.005412882853147419,-19.28706528710328,1.0,0.000999000999000999,0.000999000999000999,1.0,0.002147106624718565,0.0010981385027186554
esm3_top28_bilstm_attn,train,-1,rigidity_supporting,q8_loop_turn_bend_CTS,binary,upper,938,0.03000035492410968,0.409733672112945,-0.3797333171888353,0.07321915909278734,0.008667207883715925,-43.81264673509028,1.0,0.000999000999000999,0.000999000999000999,1.0,0.002147106624718565,0.0010981385027186554
esm3_top28_bilstm_attn,train,-1,rigidity_supporting,structured_linker_loop,binary,upper,938,0.017856785098907826,0.27957641231081326,-0.26171962721190545,0.06387085717036785,0.007884418479232868,-33.19453779644761,1.0,0.000999000999000999,0.000999000999000999,1.0,0.002147106624718565,0.0010981385027186554
esm3_top28_bilstm_attn,train,-1,rigidity_supporting,q3_boundary_within2,binary,upper,938,0.26279110578600046,0.6403401230370455,-0.377549017251045,0.410393002611828,0.008328972390867372,-45.329603645345664,1.0,0.000999000999000999,0.000999000999000999,1.0,0.002147106624718565,0.0010981385027186554
esm3_top28_bilstm_attn,train,-1,rigidity_supporting,q8_boundary_within2,binary,upper,938,0.2489237232498295,0.69005090604699,-0.44112718279716057,0.36073240549136915,0.008235860570562305,-53.561759456430735,1.0,0.000999000999000999,0.000999000999000999,1.0,0.002147106624718565,0.0010981385027186554
esm3_top28_bilstm_attn,train,-1,rigidity_supporting,distance_to_q3_boundary,distance,lower,938,4.295532123719227,2.764468581434439,1.5310635422847882,1.553836477855843,0.06559600588397604,23.340804392768682,0.000999000999000999,1.0,0.000999000999000999,0.0022419139302256186,1.0,0.0010981385027186554
esm3_top28_bilstm_attn,train,-1,rigidity_supporting,distance_to_q8_boundary,distance,lower,938,4.381839814375083,2.3773169565916468,2.0045228577834364,1.8431870442119405,0.0629093219135601,31.863685648014613,0.000999000999000999,1.0,0.000999000999000999,0.0022419139302256186,1.0,0.0010981385027186554
esm3_top28_bilstm_attn,train,-1,rigidity_supporting,rsa,continuous,two-sided,938,0.22479385508257346,0.34648389163670845,-0.12169003655413499,0.648785875789781,0.0038648249190080426,-31.486558668062074,1.0,0.000999000999000999,0.000999000999000999,1.0,0.002147106624718565,0.0010981385027186554
esm3_top28_bilstm_attn,train,-1,rigidity_supporting,exposed_rsa_ge025,binary,two-sided,938,0.3932326250491111,0.6126855222759233,-0.21945289722681222,0.6418180465377775,0.00838704135133052,-26.165710652183467,1.0,0.000999000999000999,0.000999000999000999,1.0,0.002147106624718565,0.0010981385027186554
esm3_top28_bilstm_attn,train,-1,rigidity_supporting,disorder,continuous,upper,938,0.015141163187063574,0.06191283667451861,-0.04677167348745504,0.2445561211588808,0.002561182295675568,-18.261751053967043,1.0,0.000999000999000999,0.000999000999000999,1.0,0.002147106624718565,0.0010981385027186554
esm3_top28_bilstm_attn,train,-1,rigidity_supporting,disorder_ge05,binary,upper,938,0.0010051781906792567,0.031346799398671965,-0.03034162120799271,0.032066373918922066,0.003461502139230924,-8.765449214696718,1.0,0.000999000999000999,0.000999000999000999,1.0,0.002147106624718565,0.0010981385027186554
esm3_top28_bilstm_attn,train,-1,rigidity_supporting,interface,binary,two-sided,938,0.0,0.0,0.0,,0.0,,1.0,1.0,1.0,1.0,1.0,1.0
esm3_top28_bilstm_attn,train,-1,rigidity_supporting,torsion_change_from_previous,continuous,upper,938,8.921524824061024,45.61253981944008,-36.69101499537906,0.19559368672249788,1.0915486946924142,-33.613722570313875,1.0,0.000999000999000999,0.000999000999000999,1.0,0.002147106624718565,0.0010981385027186554
esm3_top28_bilstm_attn,train,1,flexibility_supporting,neq,continuous,flexibility-supporting higher,953,2.0478676693335256,1.3636238550114457,0.6842438143220799,1.5017834000244419,0.0131736173424885,51.94046529006179,0.000999000999000999,1.0,0.000999000999000999,0.0022419139302256186,1.0,0.0010981385027186554
esm3_top28_bilstm_attn,train,1,flexibility_supporting,flexible_neq_gt1,binary,flexibility-supporting higher,953,0.9772406525535721,0.5850179463009378,0.3922227062526342,1.6704455969815186,0.008533875458143056,45.960678495533216,0.000999000999000999,1.0,0.000999000999000999,0.0022419139302256186,1.0,0.0010981385027186554
esm3_top28_bilstm_attn,train,1,flexibility_supporting,neq_top10_within_protein,binary,flexibility-supporting higher,953,0.37413690436254793,0.1048208677090563,0.26931603665349163,3.569297913093151,0.005419447945198277,49.69436728183914,0.000999000999000999,1.0,0.000999000999000999,0.0022419139302256186,1.0,0.0010981385027186554
esm3_top28_bilstm_attn,train,1,flexibility_supporting,neq_peak,binary,flexibility-supporting higher,953,0.2539419117216579,0.0726068816672419,0.18133503005441604,3.497490952517096,0.004578626644349276,39.60467715318329,0.000999000999000999,1.0,0.000999000999000999,0.0022419139302256186,1.0,0.0010981385027186554
esm3_top28_bilstm_attn,train,1,flexibility_supporting,distance_to_neq_peak,distance,flexibility-supporting lower,953,1.954968588578037,5.092895285320361,-3.1379266967423236,0.38386192510436873,0.08418249825682639,-37.27528597653453,1.0,0.000999000999000999,0.000999000999000999,1.0,0.002147106624718565,0.0010981385027186554
esm3_top28_bilstm_attn,train,1,flexibility_supporting,distance_to_neq_top10,distance,flexibility-supporting lower,953,5.012929225550557,8.290128989384014,-3.2771997638334573,0.6046865171784299,0.12427343199967138,-26.370880011120345,1.0,0.000999000999000999,0.000999000999000999,1.0,0.002147106624718565,0.0010981385027186554
esm3_top28_bilstm_attn,train,1,flexibility_supporting,q3_is_H,binary,two-sided,953,0.04321828761782782,0.3870532306014761,-0.3438349429836483,0.11165980335745322,0.0073876873418230165,-46.54162081780821,1.0,0.000999000999000999,0.000999000999000999,1.0,0.002147106624718565,0.0010981385027186554
esm3_top28_bilstm_attn,train,1,flexibility_supporting,q3_is_E,binary,two-sided,953,0.010358035755419904,0.17521188736812474,-0.16485385161270483,0.059117197531565885,0.005636384521494464,-29.248155618913398,1.0,0.000999000999000999,0.000999000999000999,1.0,0.002147106624718565,0.0010981385027186554
esm3_top28_bilstm_attn,train,1,flexibility_supporting,q3_is_C,binary,two-sided,953,0.9464236766267522,0.4377348820303989,0.5086887945963533,2.162093348002883,0.008180951158973476,62.17966404045642,0.000999000999000999,1.0,0.000999000999000999,0.0022419139302256186,1.0,0.0010981385027186554
esm3_top28_bilstm_attn,train,1,flexibility_supporting,q8_is_T,binary,upper,953,0.250184958956799,0.08525766832867233,0.16492729062812667,2.934456968636817,0.004443765416300411,37.11431076517859,0.000999000999000999,1.0,0.000999000999000999,0.0022419139302256186,1.0,0.0010981385027186554
esm3_top28_bilstm_attn,train,1,flexibility_supporting,q8_is_S,binary,upper,953,0.12543944571132767,0.02814511575887221,0.09729432995245546,4.456881498943037,0.0024058291486679013,40.441080367792104,0.000999000999000999,1.0,0.000999000999000999,0.0022419139302256186,1.0,0.0010981385027186554
esm3_top28_bilstm_attn,train,1,flexibility_supporting,q8_turn_or_bend_TS,binary,upper,953,0.3756244046681267,0.11340278408754458,0.2622216205805821,3.3123032004060193,0.004988271331163071,52.56763378976866,0.000999000999000999,1.0,0.000999000999000999,0.0022419139302256186,1.0,0.0010981385027186554
esm3_top28_bilstm_attn,train,1,flexibility_supporting,q8_loop_turn_bend_CTS,binary,upper,953,0.9229770353575438,0.41249237215528206,0.5104846632022617,2.2375614621307243,0.008185161661408808,62.36708379372418,0.000999000999000999,1.0,0.000999000999000999,0.0022419139302256186,1.0,0.0010981385027186554
esm3_top28_bilstm_attn,train,1,flexibility_supporting,structured_linker_loop,binary,upper,953,0.7401619146772698,0.27760100035648905,0.4625609143207807,2.6662797098237045,0.007109686175557214,65.06066553416164,0.000999000999000999,1.0,0.000999000999000999,0.0022419139302256186,1.0,0.0010981385027186554
esm3_top28_bilstm_attn,train,1,flexibility_supporting,q3_boundary_within2,binary,upper,953,0.635300940236147,0.6376844265260195,-0.002383486289872505,0.9962622792862337,0.007950837739859898,-0.29977800677825234,0.6103896103896104,0.3906093906093906,0.7772227772227772,1.0,0.8054570727601753,0.8159422594416519
esm3_top28_bilstm_attn,train,1,flexibility_supporting,q8_boundary_within2,binary,upper,953,0.8546001478243106,0.6887623403721718,0.16583780745213883,1.2407765316589878,0.007747204152063212,21.406149134197452,0.000999000999000999,1.0,0.000999000999000999,0.0022419139302256186,1.0,0.0010981385027186554
esm3_top28_bilstm_attn,train,1,flexibility_supporting,distance_to_q3_boundary,distance,lower,953,2.7444098137152015,2.789983646340111,-0.04557383262490955,0.9836651972190973,0.06329378549813104,-0.7200364501228208,0.7682317682317682,0.23276723276723277,0.4565434565434565,1.0,0.4857750944707466,0.48578022962259415
esm3_top28_bilstm_attn,train,1,flexibility_supporting,distance_to_q8_boundary,distance,lower,953,1.3397123044480537,2.3891892258378205,-1.0494769213897668,0.5607393043463331,0.06158956870720986,-17.039848523357364,1.0,0.000999000999000999,0.000999000999000999,1.0,0.002147106624718565,0.0010981385027186554
esm3_top28_bilstm_attn,train,1,flexibility_supporting,rsa,continuous,two-sided,953,0.5247122175996288,0.3485604306621725,0.1761517869374563,1.505369432218151,0.0036748910912317704,47.93387955298908,0.000999000999000999,1.0,0.000999000999000999,0.0022419139302256186,1.0,0.0010981385027186554
esm3_top28_bilstm_attn,train,1,flexibility_supporting,exposed_rsa_ge025,binary,two-sided,953,0.8981227895337303,0.6172476776391455,0.2808751118945848,1.455044420691672,0.007982225744840935,35.18756808852716,0.000999000999000999,1.0,0.000999000999000999,0.0022419139302256186,1.0,0.0010981385027186554
esm3_top28_bilstm_attn,train,1,flexibility_supporting,disorder,continuous,upper,953,0.0958701781895796,0.06346737761392603,0.032402800575653576,1.510542609350599,0.0024551764966792068,13.197747949884894,0.000999000999000999,1.0,0.000999000999000999,0.0022419139302256186,1.0,0.0010981385027186554
esm3_top28_bilstm_attn,train,1,flexibility_supporting,disorder_ge05,binary,upper,953,0.039844866858613784,0.03190790437244117,0.007936962486172615,1.2487459656870403,0.003384744107134043,2.3449224623639457,0.00999000999000999,0.991008991008991,0.01898101898101898,0.02213171443940675,1.0,0.020628428175597985
esm3_top28_bilstm_attn,train,1,flexibility_supporting,interface,binary,two-sided,953,0.0,0.0,0.0,,0.0,,1.0,1.0,1.0,1.0,1.0,1.0
esm3_top28_bilstm_attn,train,1,flexibility_supporting,torsion_change_from_previous,continuous,upper,953,93.00658794194689,45.61231757684212,47.39427036510477,2.039067359058452,1.0194623807107608,46.48947451308784,0.000999000999000999,1.0,0.000999000999000999,0.0022419139302256186,1.0,0.0010981385027186554
esm3_top28_bilstm_attn,validation,-1,rigidity_supporting,neq,continuous,flexibility-supporting higher,207,1.0180383605609025,1.3630609326463003,-0.3450225720853979,0.7468766334491317,0.025996242446127,-13.27201701555143,1.0,0.000999000999000999,0.000999000999000999,1.0,0.002147106624718565,0.0010981385027186554
esm3_top28_bilstm_attn,validation,-1,rigidity_supporting,flexible_neq_gt1,binary,flexibility-supporting higher,207,0.1204772312402321,0.5887643371673634,-0.4682871059271313,0.20462725684077054,0.0166915037991443,-28.055417388524234,1.0,0.000999000999000999,0.000999000999000999,1.0,0.002147106624718565,0.0010981385027186554
esm3_top28_bilstm_attn,validation,-1,rigidity_supporting,neq_top10_within_protein,binary,flexibility-supporting higher,207,0.0015029522275899088,0.1042877762428913,-0.1027848240153014,0.014411585726878095,0.010935367417306927,-9.399302290714838,1.0,0.000999000999000999,0.000999000999000999,1.0,0.002147106624718565,0.0010981385027186554
esm3_top28_bilstm_attn,validation,-1,rigidity_supporting,neq_peak,binary,flexibility-supporting higher,207,0.0,0.07261715630048962,-0.07261715630048962,0.0,0.009047851198194607,-8.025900814436419,1.0,0.000999000999000999,0.000999000999000999,1.0,0.002147106624718565,0.0010981385027186554
esm3_top28_bilstm_attn,validation,-1,rigidity_supporting,distance_to_neq_peak,distance,flexibility-supporting lower,207,8.08726042042325,5.088028578528132,2.999231841895119,1.58946835608434,0.16642150802794536,18.021900398784336,0.000999000999000999,1.0,0.000999000999000999,0.0022419139302256186,1.0,0.0010981385027186554
esm3_top28_bilstm_attn,validation,-1,rigidity_supporting,distance_to_neq_top10,distance,flexibility-supporting lower,207,10.0576021173421,7.9499474985420004,2.1076546188000993,1.2651155393399311,0.22974817724299434,9.173759914408059,0.000999000999000999,1.0,0.000999000999000999,0.0022419139302256186,1.0,0.0010981385027186554
esm3_top28_bilstm_attn,validation,-1,rigidity_supporting,q3_is_H,binary,two-sided,207,0.686721356222635,0.364369324867769,0.32235203135486595,1.8846848770045301,0.014444430645721523,22.316700412857564,0.000999000999000999,1.0,0.000999000999000999,0.0022419139302256186,1.0,0.0010981385027186554
esm3_top28_bilstm_attn,validation,-1,rigidity_supporting,q3_is_E,binary,two-sided,207,0.28251718443534296,0.2024143392208184,0.08010284521452457,1.3957370091608903,0.012611894499634901,6.351372921557776,0.000999000999000999,1.0,0.000999000999000999,0.0022419139302256186,1.0,0.0010981385027186554
esm3_top28_bilstm_attn,validation,-1,rigidity_supporting,q3_is_C,binary,two-sided,207,0.030761459342021995,0.4332163359114127,-0.40245487656939066,0.07100715460626658,0.016590402078945937,-24.258295528601224,1.0,0.000999000999000999,0.000999000999000999,1.0,0.002147106624718565,0.0010981385027186554
esm3_top28_bilstm_attn,validation,-1,rigidity_supporting,q8_is_T,binary,upper,207,0.002124521306106984,0.0884264715132362,-0.08630195020712922,0.02402585187161938,0.009473314443867245,-9.110005871598473,1.0,0.000999000999000999,0.000999000999000999,1.0,0.002147106624718565,0.0010981385027186554
esm3_top28_bilstm_attn,validation,-1,rigidity_supporting,q8_is_S,binary,upper,207,0.0019323671497584543,0.034275567162779436,-0.03234320001302098,0.05637739386138744,0.005706573693523494,-5.66770916315826,1.0,0.000999000999000999,0.000999000999000999,1.0,0.002147106624718565,0.0010981385027186554
esm3_top28_bilstm_attn,validation,-1,rigidity_supporting,q8_turn_or_bend_TS,binary,upper,207,0.004056888455865438,0.12270203867601563,-0.1186451502201502,0.03306292625322477,0.010647361333719043,-11.14315054232393,1.0,0.000999000999000999,0.000999000999000999,1.0,0.002147106624718565,0.0010981385027186554
esm3_top28_bilstm_attn,validation,-1,rigidity_supporting,q8_loop_turn_bend_CTS,binary,upper,207,0.029536771523131285,0.4087475730349346,-0.3792108015118033,0.0722616437911103,0.01631494453675546,-23.243156031422014,1.0,0.000999000999000999,0.000999000999000999,1.0,0.002147106624718565,0.0010981385027186554
esm3_top28_bilstm_attn,validation,-1,rigidity_supporting,structured_linker_loop,binary,upper,207,0.018559401509103127,0.27871926647994427,-0.26015986497084115,0.06658815425103955,0.014669486003542762,-17.734763502143913,1.0,0.000999000999000999,0.000999000999000999,1.0,0.002147106624718565,0.0010981385027186554
esm3_top28_bilstm_attn,validation,-1,rigidity_supporting,q3_boundary_within2,binary,upper,207,0.2362590883903757,0.6443989208007109,-0.40813983241033525,0.3666348293954422,0.01576634468349543,-25.88677595242386,1.0,0.000999000999000999,0.000999000999000999,1.0,0.002147106624718565,0.0010981385027186554
esm3_top28_bilstm_attn,validation,-1,rigidity_supporting,q8_boundary_within2,binary,upper,207,0.23057274180462584,0.6978742336663051,-0.46730149186167924,0.330392971514802,0.015239569284835578,-30.663694171900016,1.0,0.000999000999000999,0.000999000999000999,1.0,0.002147106624718565,0.0010981385027186554
esm3_top28_bilstm_attn,validation,-1,rigidity_supporting,distance_to_q3_boundary,distance,lower,207,4.2270700732124435,2.6223945606294503,1.6046755125829932,1.6119123097165915,0.10525982652365577,15.24489984051383,0.000999000999000999,1.0,0.000999000999000999,0.0022419139302256186,1.0,0.0010981385027186554
esm3_top28_bilstm_attn,validation,-1,rigidity_supporting,distance_to_q8_boundary,distance,lower,207,4.2441794494224165,2.165143501478945,2.0790359479434715,1.9602300939976236,0.10119636865585323,20.544570675394677,0.000999000999000999,1.0,0.000999000999000999,0.0022419139302256186,1.0,0.0010981385027186554
esm3_top28_bilstm_attn,validation,-1,rigidity_supporting,rsa,continuous,two-sided,207,0.21163601665583787,0.3370105930720755,-0.12537457641623762,0.6279803098372516,0.007582159759986217,-16.535470154280357,1.0,0.000999000999000999,0.000999000999000999,1.0,0.002147106624718565,0.0010981385027186554
esm3_top28_bilstm_attn,validation,-1,rigidity_supporting,exposed_rsa_ge025,binary,two-sided,207,0.3547211069376457,0.5899171405738967,-0.23519603363625097,0.6013066624790013,0.01630486418395329,-14.424899893844144,1.0,0.000999000999000999,0.000999000999000999,1.0,0.002147106624718565,0.0010981385027186554
esm3_top28_bilstm_attn,validation,-1,rigidity_supporting,disorder,continuous,upper,207,0.008199433020338664,0.05496633969653081,-0.04676690667619214,0.14917189439223602,0.004559105691520034,-10.257912371537886,1.0,0.000999000999000999,0.000999000999000999,1.0,0.002147106624718565,0.0010981385027186554
esm3_top28_bilstm_attn,validation,-1,rigidity_supporting,disorder_ge05,binary,upper,207,0.0,0.029897609796821222,-0.029897609796821222,0.0,0.005935400014901223,-5.03716846745986,1.0,0.000999000999000999,0.000999000999000999,1.0,0.002147106624718565,0.0010981385027186554
esm3_top28_bilstm_attn,validation,-1,rigidity_supporting,interface,binary,two-sided,207,0.0,0.0,0.0,,0.0,,1.0,1.0,1.0,1.0,1.0,1.0
esm3_top28_bilstm_attn,validation,-1,rigidity_supporting,torsion_change_from_previous,continuous,upper,207,8.678905587194672,47.7018978973603,-39.02299231016563,0.1819404671459611,2.1579161482556124,-18.083646272219852,1.0,0.000999000999000999,0.000999000999000999,1.0,0.002147106624718565,0.0010981385027186554
esm3_top28_bilstm_attn,validation,1,flexibility_supporting,neq,continuous,flexibility-supporting higher,208,2.0939185949442627,1.3632335338837025,0.7306850610605602,1.5359940486344397,0.025191933614306126,29.00472318828337,0.000999000999000999,1.0,0.000999000999000999,0.0022419139302256186,1.0,0.0010981385027186554
esm3_top28_bilstm_attn,validation,1,flexibility_supporting,flexible_neq_gt1,binary,flexibility-supporting higher,208,0.9597273902435846,0.5893664664827272,0.3703609237608574,1.6284051516726592,0.016276987302886264,22.753653171135934,0.000999000999000999,1.0,0.000999000999000999,0.0022419139302256186,1.0,0.0010981385027186554
esm3_top28_bilstm_attn,validation,1,flexibility_supporting,neq_top10_within_protein,binary,flexibility-supporting higher,208,0.3856856074087855,0.10463539467694641,0.28105021273183906,3.685995628912756,0.010366078991483006,27.112489974536754,0.000999000999000999,1.0,0.000999000999000999,0.0022419139302256186,1.0,0.0010981385027186554
esm3_top28_bilstm_attn,validation,1,flexibility_supporting,neq_peak,binary,flexibility-supporting higher,208,0.2376919144030733,0.07245715157817889,0.1652347628248944,3.280447950629297,0.008758156341503376,18.866386529534267,0.000999000999000999,1.0,0.000999000999000999,0.0022419139302256186,1.0,0.0010981385027186554
esm3_top28_bilstm_attn,validation,1,flexibility_supporting,distance_to_neq_peak,distance,flexibility-supporting lower,208,2.0171006705704326,5.092711743707821,-3.0756110731373885,0.39607595561688985,0.1673669532493457,-18.376453734897705,1.0,0.000999000999000999,0.000999000999000999,1.0,0.002147106624718565,0.0010981385027186554
esm3_top28_bilstm_attn,validation,1,flexibility_supporting,distance_to_neq_top10,distance,flexibility-supporting lower,208,4.74908209234816,7.952187612071282,-3.203105519723122,0.5972044830958384,0.21561182431140494,-14.855889884299318,1.0,0.000999000999000999,0.000999000999000999,1.0,0.002147106624718565,0.0010981385027186554
esm3_top28_bilstm_attn,validation,1,flexibility_supporting,q3_is_H,binary,two-sided,208,0.0361108393686835,0.3622573558775767,-0.3261465165088932,0.09968283261275446,0.014589365370659883,-22.35508592887762,1.0,0.000999000999000999,0.000999000999000999,1.0,0.002147106624718565,0.0010981385027186554
esm3_top28_bilstm_attn,validation,1,flexibility_supporting,q3_is_E,binary,two-sided,208,0.020600277337372477,0.2019039642505072,-0.1813036869131347,0.10203007857643255,0.011900880880612728,-15.23447623179639,1.0,0.000999000999000999,0.000999000999000999,1.0,0.002147106624718565,0.0010981385027186554
esm3_top28_bilstm_attn,validation,1,flexibility_supporting,q3_is_C,binary,two-sided,208,0.9432888832939441,0.4358386798719162,0.5074502034220278,2.1643074074360653,0.017083502347012985,29.70410827442269,0.000999000999000999,1.0,0.000999000999000999,0.0022419139302256186,1.0,0.0010981385027186554
esm3_top28_bilstm_attn,validation,1,flexibility_supporting,q8_is_T,binary,upper,208,0.25820786908210996,0.08899870667491808,0.1692091624071919,2.901254172437081,0.00936642374218875,18.065503661235276,0.000999000999000999,1.0,0.000999000999000999,0.0022419139302256186,1.0,0.0010981385027186554
esm3_top28_bilstm_attn,validation,1,flexibility_supporting,q8_is_S,binary,upper,208,0.1534002550671326,0.03409216342446352,0.11930809164266906,4.499575258901204,0.005808171876623941,20.541418914072857,0.000999000999000999,1.0,0.000999000999000999,0.0022419139302256186,1.0,0.0010981385027186554
esm3_top28_bilstm_attn,validation,1,flexibility_supporting,q8_turn_or_bend_TS,binary,upper,208,0.4116081241492425,0.12309087009938156,0.28851725404986095,3.343937075243004,0.010972952247408962,26.293493997295794,0.000999000999000999,1.0,0.000999000999000999,0.0022419139302256186,1.0,0.0010981385027186554
esm3_top28_bilstm_attn,validation,1,flexibility_supporting,q8_loop_turn_bend_CTS,binary,upper,208,0.9121394771445378,0.4113031792407014,0.5008362979038363,2.217681562365796,0.016688115689110168,30.01155476352894,0.000999000999000999,1.0,0.000999000999000999,0.0022419139302256186,1.0,0.0010981385027186554
esm3_top28_bilstm_attn,validation,1,flexibility_supporting,structured_linker_loop,binary,upper,208,0.7467028617047595,0.2810231224199216,0.4656797392848379,2.6570869161043316,0.014806630151152606,31.450757838277443,0.000999000999000999,1.0,0.000999000999000999,0.0022419139302256186,1.0,0.0010981385027186554
esm3_top28_bilstm_attn,validation,1,flexibility_supporting,q3_boundary_within2,binary,upper,208,0.6364042987208473,0.6440865682499853,-0.007682269529138086,0.9880726133600158,0.01588138945332877,-0.48372779672170735,0.6853146853146853,0.3156843156843157,0.6473526473526473,1.0,0.652514949165667,0.6829214741302653
esm3_top28_bilstm_attn,validation,1,flexibility_supporting,q8_boundary_within2,binary,upper,208,0.8622739847309686,0.698829014606064,0.16344497012490466,1.2338840642113866,0.015225003989373747,10.73529900149653,0.000999000999000999,1.0,0.000999000999000999,0.0022419139302256186,1.0,0.0010981385027186554
esm3_top28_bilstm_attn,validation,1,flexibility_supporting,distance_to_q3_boundary,distance,lower,208,2.393550105357418,2.6185710940501803,-0.2250209886927621,0.9140672601160051,0.10652364616544552,-2.112404116765533,0.986013986013986,0.014985014985014986,0.03896103896103896,1.0,0.03188929297303682,0.04218338052924519
esm3_top28_bilstm_attn,validation,1,flexibility_supporting,distance_to_q8_boundary,distance,lower,208,1.018550815609267,2.15780712531817,-1.139256309708903,0.47203051823229153,0.10209415474571859,-11.158878904932397,1.0,0.000999000999000999,0.000999000999000999,1.0,0.002147106624718565,0.0010981385027186554
esm3_top28_bilstm_attn,validation,1,flexibility_supporting,rsa,continuous,two-sided,208,0.5322280767436409,0.3377305475775313,0.19449752916610963,1.5758955787718898,0.007628649991583784,25.495668221859265,0.000999000999000999,1.0,0.000999000999000999,0.0022419139302256186,1.0,0.0010981385027186554
esm3_top28_bilstm_attn,validation,1,flexibility_supporting,exposed_rsa_ge025,binary,two-sided,208,0.8898694535334213,0.5919094480277931,0.2979600055056282,1.5033878180157676,0.01598968415564192,18.63451476622781,0.000999000999000999,1.0,0.000999000999000999,0.0022419139302256186,1.0,0.0010981385027186554
esm3_top28_bilstm_attn,validation,1,flexibility_supporting,disorder,continuous,upper,208,0.09489143668450674,0.055487064131263204,0.039404372553243534,1.7101542164859618,0.00450476358749488,8.747267595269408,0.000999000999000999,1.0,0.000999000999000999,0.0022419139302256186,1.0,0.0010981385027186554
esm3_top28_bilstm_attn,validation,1,flexibility_supporting,disorder_ge05,binary,upper,208,0.04117547291889397,0.029649818238020407,0.011525654680873566,1.3887259809941783,0.0058665990702948985,1.9646228662928216,0.025974025974025976,0.975024975024975,0.030969030969030968,0.05724887357540419,1.0,0.03357245013455804
esm3_top28_bilstm_attn,validation,1,flexibility_supporting,interface,binary,two-sided,208,0.0,0.0,0.0,,0.0,,1.0,1.0,1.0,1.0,1.0,1.0
esm3_top28_bilstm_attn,validation,1,flexibility_supporting,torsion_change_from_previous,continuous,upper,208,97.41160670226216,47.88243706848602,49.52916963377614,2.034391160227179,2.1440283348800833,23.10098650657354,0.000999000999000999,1.0,0.000999000999000999,0.0022419139302256186,1.0,0.0010981385027186554
esm3_top4_bilstm_attn,test,-1,rigidity_supporting,neq,continuous,flexibility-supporting higher,205,1.0158108041263036,1.3633125646876678,-0.34750176056136417,0.7451048500818475,0.02845243323700393,-12.213428555186603,1.0,0.000999000999000999,0.000999000999000999,1.0,0.002147106624718565,0.0010981385027186554
esm3_top4_bilstm_attn,test,-1,rigidity_supporting,flexible_neq_gt1,binary,flexibility-supporting higher,205,0.12965327658500259,0.589316104149214,-0.4596628275642114,0.220006335601809,0.018674475722118868,-24.614497049561965,1.0,0.000999000999000999,0.000999000999000999,1.0,0.002147106624718565,0.0010981385027186554
esm3_top4_bilstm_attn,test,-1,rigidity_supporting,neq_top10_within_protein,binary,flexibility-supporting higher,205,0.002574525745257453,0.10366729321439583,-0.10109276746913838,0.024834503394749963,0.011796398466823675,-8.569799312345443,1.0,0.000999000999000999,0.000999000999000999,1.0,0.002147106624718565,0.0010981385027186554
esm3_top4_bilstm_attn,test,-1,rigidity_supporting,neq_peak,binary,flexibility-supporting higher,205,0.0,0.07244618012233676,-0.07244618012233676,0.0,0.0097952174747104,-7.396076739427235,1.0,0.000999000999000999,0.000999000999000999,1.0,0.002147106624718565,0.0010981385027186554
esm3_top4_bilstm_attn,test,-1,rigidity_supporting,distance_to_neq_peak,distance,flexibility-supporting lower,205,8.288737482082096,5.2836854816927055,3.005052000389391,1.5687416502745124,0.1836157500793568,16.365981671455955,0.000999000999000999,1.0,0.000999000999000999,0.0022419139302256186,1.0,0.0010981385027186554
esm3_top4_bilstm_attn,test,-1,rigidity_supporting,distance_to_neq_top10,distance,flexibility-supporting lower,205,10.165494131853217,7.988640626448801,2.1768535054044165,1.2724936077606606,0.25801518135511237,8.436920238458224,0.000999000999000999,1.0,0.000999000999000999,0.0022419139302256186,1.0,0.0010981385027186554
esm3_top4_bilstm_attn,test,-1,rigidity_supporting,q3_is_H,binary,two-sided,205,0.7269218581098688,0.37886859283829516,0.3480532652715736,1.9186648665283432,0.015941147583879555,21.833639230813066,0.000999000999000999,1.0,0.000999000999000999,0.0022419139302256186,1.0,0.0010981385027186554
esm3_top4_bilstm_attn,test,-1,rigidity_supporting,q3_is_E,binary,two-sided,205,0.24082348156283032,0.18700469947573342,0.053818782087096895,1.2877937412160096,0.013106999871242845,4.106109911939264,0.000999000999000999,1.0,0.000999000999000999,0.0022419139302256186,1.0,0.0010981385027186554
esm3_top4_bilstm_attn,test,-1,rigidity_supporting,q3_is_C,binary,two-sided,205,0.03225466032730083,0.4341267076859715,-0.40187204735867066,0.07429780236103893,0.018602294857942486,-21.603358640833836,1.0,0.000999000999000999,0.000999000999000999,1.0,0.002147106624718565,0.0010981385027186554
esm3_top4_bilstm_attn,test,-1,rigidity_supporting,q8_is_T,binary,upper,205,0.005249709639953543,0.08727684767363575,-0.08202713803368221,0.06015008309631416,0.010795152272639674,-7.598516071105369,1.0,0.000999000999000999,0.000999000999000999,1.0,0.002147106624718565,0.0010981385027186554
esm3_top4_bilstm_attn,test,-1,rigidity_supporting,q8_is_S,binary,upper,205,0.0,0.032912670036802025,-0.032912670036802025,0.0,0.006437325826987313,-5.112786104258024,1.0,0.000999000999000999,0.000999000999000999,1.0,0.002147106624718565,0.0010981385027186554
esm3_top4_bilstm_attn,test,-1,rigidity_supporting,q8_turn_or_bend_TS,binary,upper,205,0.005249709639953543,0.12018951771043775,-0.1149398080704842,0.04367859810038689,0.01211017507457295,-9.491176416748658,1.0,0.000999000999000999,0.000999000999000999,1.0,0.002147106624718565,0.0010981385027186554
esm3_top4_bilstm_attn,test,-1,rigidity_supporting,q8_loop_turn_bend_CTS,binary,upper,205,0.03110289880968566,0.4121496431170733,-0.38104674430738766,0.07546506306412284,0.018666406103577872,-20.413503391761672,1.0,0.000999000999000999,0.000999000999000999,1.0,0.002147106624718565,0.0010981385027186554
esm3_top4_bilstm_attn,test,-1,rigidity_supporting,structured_linker_loop,binary,upper,205,0.018452753208850772,0.2893402577192387,-0.27088750451038796,0.06377527052165827,0.016017913067510554,-16.9115354396469,1.0,0.000999000999000999,0.000999000999000999,1.0,0.002147106624718565,0.0010981385027186554
esm3_top4_bilstm_attn,test,-1,rigidity_supporting,q3_boundary_within2,binary,upper,205,0.27624057052118306,0.6509308402993329,-0.37469026977814984,0.4243777578492868,0.01770894901487892,-21.158244312710938,1.0,0.000999000999000999,0.000999000999000999,1.0,0.002147106624718565,0.0010981385027186554
esm3_top4_bilstm_attn,test,-1,rigidity_supporting,q8_boundary_within2,binary,upper,205,0.26501079794760785,0.7080008102869966,-0.44299001233938873,0.37430860826300827,0.016661238077431875,-26.58806088002736,1.0,0.000999000999000999,0.000999000999000999,1.0,0.002147106624718565,0.0010981385027186554
esm3_top4_bilstm_attn,test,-1,rigidity_supporting,distance_to_q3_boundary,distance,lower,205,4.421791895439515,2.7065868257487598,1.7152050696907555,1.633715147570134,0.12631301504982867,13.579005053549958,0.000999000999000999,1.0,0.000999000999000999,0.0022419139302256186,1.0,0.0010981385027186554
esm3_top4_bilstm_attn,test,-1,rigidity_supporting,distance_to_q8_boundary,distance,lower,205,4.558291715735107,2.2910030571277225,2.267288658607385,1.9896489014073735,0.12132828951534734,18.687221814996292,0.000999000999000999,1.0,0.000999000999000999,0.0022419139302256186,1.0,0.0010981385027186554
esm3_top4_bilstm_attn,test,-1,rigidity_supporting,rsa,continuous,two-sided,205,0.22765479035470434,0.3384172316613052,-0.11076244130660087,0.672704487407857,0.008317977410540899,-13.316030549233993,1.0,0.000999000999000999,0.000999000999000999,1.0,0.002147106624718565,0.0010981385027186554
esm3_top4_bilstm_attn,test,-1,rigidity_supporting,exposed_rsa_ge025,binary,two-sided,205,0.3910530354666716,0.5883674056379962,-0.19731437017132458,0.6646408888722061,0.017442174912433103,-11.312486611441747,1.0,0.000999000999000999,0.000999000999000999,1.0,0.002147106624718565,0.0010981385027186554
esm3_top4_bilstm_attn,test,-1,rigidity_supporting,disorder,continuous,upper,205,0.010303872408990482,0.053511391854354,-0.043207519445363524,0.1925547449230121,0.005101815003592535,-8.469048645420928,1.0,0.000999000999000999,0.000999000999000999,1.0,0.002147106624718565,0.0010981385027186554
esm3_top4_bilstm_attn,test,-1,rigidity_supporting,disorder_ge05,binary,upper,205,0.0,0.029976071054653174,-0.029976071054653174,0.0,0.0069493329854845125,-4.313517731452211,1.0,0.000999000999000999,0.001998001998001998,1.0,0.002147106624718565,0.0021934863103859293
esm3_top4_bilstm_attn,test,-1,rigidity_supporting,interface,binary,two-sided,205,0.0,0.0,0.0,,0.0,,1.0,1.0,1.0,1.0,1.0,1.0
esm3_top4_bilstm_attn,test,-1,rigidity_supporting,torsion_change_from_previous,continuous,upper,205,9.180127293337906,47.49840274929967,-38.31827545596177,0.1932723367939622,2.2600822117774007,-16.954372392421536,1.0,0.000999000999000999,0.000999000999000999,1.0,0.002147106624718565,0.0010981385027186554
esm3_top4_bilstm_attn,test,1,flexibility_supporting,neq,continuous,flexibility-supporting higher,207,2.0678885153361732,1.368916518819315,0.6989719965168582,1.5106023536918953,0.02757284539376903,25.350013266124986,0.000999000999000999,1.0,0.000999000999000999,0.0022419139302256186,1.0,0.0010981385027186554
esm3_top4_bilstm_attn,test,1,flexibility_supporting,flexible_neq_gt1,binary,flexibility-supporting higher,207,0.9682417200060552,0.5916873243710593,0.37655439563499593,1.6364077446398884,0.01702998481531385,22.111258449061413,0.000999000999000999,1.0,0.000999000999000999,0.0022419139302256186,1.0,0.0010981385027186554
esm3_top4_bilstm_attn,test,1,flexibility_supporting,neq_top10_within_protein,binary,flexibility-supporting higher,207,0.38158397065139354,0.1037493239849021,0.27783464666649144,3.677941754173962,0.011353488708554375,24.47130162354015,0.000999000999000999,1.0,0.000999000999000999,0.0022419139302256186,1.0,0.0010981385027186554
esm3_top4_bilstm_attn,test,1,flexibility_supporting,neq_peak,binary,flexibility-supporting higher,207,0.2546737589349436,0.07345136322521324,0.18122239570973037,3.467243462236017,0.009763266811757633,18.56165556097363,0.000999000999000999,1.0,0.000999000999000999,0.0022419139302256186,1.0,0.0010981385027186554
esm3_top4_bilstm_attn,test,1,flexibility_supporting,distance_to_neq_peak,distance,flexibility-supporting lower,207,1.7614338047072768,5.095256524795071,-3.3338227200877943,0.3457007112665678,0.1682524438728333,-19.81440889267277,1.0,0.000999000999000999,0.000999000999000999,1.0,0.002147106624718565,0.0010981385027186554
esm3_top4_bilstm_attn,test,1,flexibility_supporting,distance_to_neq_top10,distance,flexibility-supporting lower,207,4.536688668690875,7.904159784760328,-3.367471116069453,0.5739621657747697,0.24547778588316083,-13.71802790201251,1.0,0.000999000999000999,0.000999000999000999,1.0,0.002147106624718565,0.0010981385027186554
esm3_top4_bilstm_attn,test,1,flexibility_supporting,q3_is_H,binary,two-sided,207,0.04349382501556415,0.3753327010605209,-0.33183887604495677,0.11588072366908136,0.01565009511033167,-21.20363318596625,1.0,0.000999000999000999,0.000999000999000999,1.0,0.002147106624718565,0.0010981385027186554
esm3_top4_bilstm_attn,test,1,flexibility_supporting,q3_is_E,binary,two-sided,207,0.020372046096683773,0.18606780997159852,-0.16569576387491475,0.10948721382700947,0.012356244174893468,-13.40988099050279,1.0,0.000999000999000999,0.000999000999000999,1.0,0.002147106624718565,0.0010981385027186554
esm3_top4_bilstm_attn,test,1,flexibility_supporting,q3_is_C,binary,two-sided,207,0.9361341288877522,0.4385994889678806,0.49753463991987157,2.1343712257638012,0.01750261836734185,28.426297681735544,0.000999000999000999,1.0,0.000999000999000999,0.0022419139302256186,1.0,0.0010981385027186554
esm3_top4_bilstm_attn,test,1,flexibility_supporting,q8_is_T,binary,upper,207,0.26166048734574254,0.08818868736575097,0.17347179997999157,2.9670527497539463,0.009703842942220021,17.87660837184831,0.000999000999000999,1.0,0.000999000999000999,0.0022419139302256186,1.0,0.0010981385027186554
esm3_top4_bilstm_attn,test,1,flexibility_supporting,q8_is_S,binary,upper,207,0.12133786042891272,0.033257933694464885,0.08807992673444784,3.648388427964993,0.006239586136333602,14.11630912850958,0.000999000999000999,1.0,0.000999000999000999,0.0022419139302256186,1.0,0.0010981385027186554
esm3_top4_bilstm_attn,test,1,flexibility_supporting,q8_turn_or_bend_TS,binary,upper,207,0.3829983477746553,0.12144662106021585,0.26155172671443944,3.153635271456062,0.011290714719562623,23.165205499459415,0.000999000999000999,1.0,0.000999000999000999,0.0022419139302256186,1.0,0.0010981385027186554
esm3_top4_bilstm_attn,test,1,flexibility_supporting,q8_loop_turn_bend_CTS,binary,upper,207,0.9167238223397643,0.4164697160350909,0.5002541063046735,2.201177629593896,0.017310941655779028,28.898145245476595,0.000999000999000999,1.0,0.000999000999000999,0.0022419139302256186,1.0,0.0010981385027186554
esm3_top4_bilstm_attn,test,1,flexibility_supporting,structured_linker_loop,binary,upper,207,0.7648624101050063,0.2916569173323585,0.47320549277264784,2.622473065617042,0.015592529378583039,30.348218770882323,0.000999000999000999,1.0,0.000999000999000999,0.0022419139302256186,1.0,0.0010981385027186554
esm3_top4_bilstm_attn,test,1,flexibility_supporting,q3_boundary_within2,binary,upper,207,0.6389048380147939,0.6517811084105979,-0.012876270395803968,0.9802444866387683,0.01683332329312375,-0.7649274104456723,0.7912087912087912,0.2097902097902098,0.42857142857142855,1.0,0.4388831507475575,0.45714285714285713
esm3_top4_bilstm_attn,test,1,flexibility_supporting,q8_boundary_within2,binary,upper,207,0.8763398617998492,0.7107966500983669,0.16554321170148234,1.2328981315240763,0.01608261058102539,10.293304738522599,0.000999000999000999,1.0,0.000999000999000999,0.0022419139302256186,1.0,0.0010981385027186554
esm3_top4_bilstm_attn,test,1,flexibility_supporting,distance_to_q3_boundary,distance,lower,207,2.597380142087137,2.6196540478052137,-0.022273905718076747,0.9914973865588328,0.11956032078063451,-0.18629847739321648,0.5724275724275725,0.42857142857142855,0.8471528471528471,1.0,0.8816326530612245,0.8872000726546181
esm3_top4_bilstm_attn,test,1,flexibility_supporting,distance_to_q8_boundary,distance,lower,207,1.1095041889544095,2.194960443921408,-1.0854562549669986,0.505477988009763,0.1160296805549503,-9.35498787702806,1.0,0.000999000999000999,0.000999000999000999,1.0,0.002147106624718565,0.0010981385027186554
esm3_top4_bilstm_attn,test,1,flexibility_supporting,rsa,continuous,two-sided,207,0.5315298310409458,0.3390829867222209,0.19244684431872483,1.5675508705966972,0.007784437671291914,24.721996943780027,0.000999000999000999,1.0,0.000999000999000999,0.0022419139302256186,1.0,0.0010981385027186554
esm3_top4_bilstm_attn,test,1,flexibility_supporting,exposed_rsa_ge025,binary,two-sided,207,0.9060917299811441,0.5897353298260118,0.3163564001551322,1.5364379309756906,0.016819168890817603,18.809276618171452,0.000999000999000999,1.0,0.000999000999000999,0.0022419139302256186,1.0,0.0010981385027186554
esm3_top4_bilstm_attn,test,1,flexibility_supporting,disorder,continuous,upper,207,0.07684789376428323,0.0543945834642954,0.022453310299987837,1.4127857751631867,0.0050686798711969214,4.429814245634278,0.000999000999000999,1.0,0.000999000999000999,0.0022419139302256186,1.0,0.0010981385027186554
esm3_top4_bilstm_attn,test,1,flexibility_supporting,disorder_ge05,binary,upper,207,0.02903463954188592,0.030323842531537866,-0.001289202989651947,0.9574855004503097,0.00665583250381496,-0.19369522729320598,0.5554445554445554,0.44555444555444557,0.8351648351648352,1.0,0.9143920212803823,0.8757068174543904
esm3_top4_bilstm_attn,test,1,flexibility_supporting,interface,binary,two-sided,207,0.0,0.0,0.0,,0.0,,1.0,1.0,1.0,1.0,1.0,1.0
esm3_top4_bilstm_attn,test,1,flexibility_supporting,torsion_change_from_previous,continuous,upper,207,95.11566793739088,47.73972092161136,47.37594701577952,1.9923800579724973,2.225143465513713,21.291187624543554,0.000999000999000999,1.0,0.000999000999000999,0.0022419139302256186,1.0,0.0010981385027186554
esm3_top4_bilstm_attn,train,-1,rigidity_supporting,neq,continuous,flexibility-supporting higher,939,1.015171868423453,1.3572597909832043,-0.3420879225597513,0.7479569314346656,0.013928723175654585,-24.559890971031145,1.0,0.000999000999000999,0.000999000999000999,1.0,0.002147106624718565,0.0010981385027186554
esm3_top4_bilstm_attn,train,-1,rigidity_supporting,flexible_neq_gt1,binary,flexibility-supporting higher,939,0.10254977583518442,0.5820529962341209,-0.47950322039893645,0.17618632065925405,0.00887900092315082,-54.00418634361162,1.0,0.000999000999000999,0.000999000999000999,1.0,0.002147106624718565,0.0010981385027186554
esm3_top4_bilstm_attn,train,-1,rigidity_supporting,neq_top10_within_protein,binary,flexibility-supporting higher,939,0.0010049913404545992,0.10416341716990973,-0.10315842582945513,0.009648217846149124,0.00561714760098808,-18.364912791557966,1.0,0.000999000999000999,0.000999000999000999,1.0,0.002147106624718565,0.0010981385027186554
esm3_top4_bilstm_attn,train,-1,rigidity_supporting,neq_peak,binary,flexibility-supporting higher,939,0.0030446907843073977,0.07222937579904772,-0.06918468501474032,0.04215308177074873,0.004624430717454358,-14.96069229745643,1.0,0.000999000999000999,0.000999000999000999,1.0,0.002147106624718565,0.0010981385027186554
esm3_top4_bilstm_attn,train,-1,rigidity_supporting,distance_to_neq_peak,distance,flexibility-supporting lower,939,8.134004595799583,5.091603463751929,3.0424011320476536,1.5975330077660352,0.07988440597175642,38.085044196527065,0.000999000999000999,1.0,0.000999000999000999,0.0022419139302256186,1.0,0.0010981385027186554
esm3_top4_bilstm_attn,train,-1,rigidity_supporting,distance_to_neq_top10,distance,flexibility-supporting lower,939,10.492854296854782,8.275413350387558,2.2174409464672244,1.2679553096116192,0.1359393466877982,16.311987665792277,0.000999000999000999,1.0,0.000999000999000999,0.0022419139302256186,1.0,0.0010981385027186554
esm3_top4_bilstm_attn,train,-1,rigidity_supporting,q3_is_H,binary,two-sided,939,0.7362037571847843,0.3864291833261223,0.34977457385866195,1.9051453382688073,0.00811156226099519,43.12049425306992,0.000999000999000999,1.0,0.000999000999000999,0.0022419139302256186,1.0,0.0010981385027186554
esm3_top4_bilstm_attn,train,-1,rigidity_supporting,q3_is_E,binary,two-sided,939,0.23134734354289055,0.17612097163940013,0.05522637190349042,1.3135706746869644,0.005958420792042608,9.268625669614423,0.000999000999000999,1.0,0.000999000999000999,0.0022419139302256186,1.0,0.0010981385027186554
esm3_top4_bilstm_attn,train,-1,rigidity_supporting,q3_is_C,binary,two-sided,939,0.03244889927232504,0.4374498450344776,-0.40500094576215256,0.07417741631561804,0.00920179885600242,-44.01323611827992,1.0,0.000999000999000999,0.000999000999000999,1.0,0.002147106624718565,0.0010981385027186554
esm3_top4_bilstm_attn,train,-1,rigidity_supporting,q8_is_T,binary,upper,939,0.0061231406331420215,0.08559119344505828,-0.07946805281191625,0.07153937673590821,0.004838359314940991,-16.424586856647178,1.0,0.000999000999000999,0.000999000999000999,1.0,0.002147106624718565,0.0010981385027186554
esm3_top4_bilstm_attn,train,-1,rigidity_supporting,q8_is_S,binary,upper,939,0.00037696299677130346,0.028383262295988865,-0.028006299299217562,0.01328117229232582,0.0026502796083104126,-10.567299846928957,1.0,0.000999000999000999,0.000999000999000999,1.0,0.002147106624718565,0.0010981385027186554
esm3_top4_bilstm_attn,train,-1,rigidity_supporting,q8_turn_or_bend_TS,binary,upper,939,0.006500103629913326,0.11397445574104716,-0.10747435211113383,0.057031232021688485,0.005414143303619451,-19.850666316734785,1.0,0.000999000999000999,0.000999000999000999,1.0,0.002147106624718565,0.0010981385027186554
esm3_top4_bilstm_attn,train,-1,rigidity_supporting,q8_loop_turn_bend_CTS,binary,upper,939,0.02967908605405772,0.4124325905678675,-0.3827535045138098,0.07196105917137482,0.00898745463660735,-42.587531174265195,1.0,0.000999000999000999,0.000999000999000999,1.0,0.002147106624718565,0.0010981385027186554
esm3_top4_bilstm_attn,train,-1,rigidity_supporting,structured_linker_loop,binary,upper,939,0.016630399443070792,0.27913597832810105,-0.26250557888503023,0.05957812942165107,0.00784095612381426,-33.4787715604935,1.0,0.000999000999000999,0.000999000999000999,1.0,0.002147106624718565,0.0010981385027186554
esm3_top4_bilstm_attn,train,-1,rigidity_supporting,q3_boundary_within2,binary,upper,939,0.24836295709228806,0.6396012474744627,-0.3912382903821746,0.3883090567333586,0.008359946795931593,-46.79913639792212,1.0,0.000999000999000999,0.000999000999000999,1.0,0.002147106624718565,0.0010981385027186554
esm3_top4_bilstm_attn,train,-1,rigidity_supporting,q8_boundary_within2,binary,upper,939,0.23648604664297093,0.690269027071419,-0.4537829804284481,0.34259982321139665,0.008215599772975484,-55.23430948049935,1.0,0.000999000999000999,0.000999000999000999,1.0,0.002147106624718565,0.0010981385027186554
esm3_top4_bilstm_attn,train,-1,rigidity_supporting,distance_to_q3_boundary,distance,lower,939,4.2567947236056565,2.7625815079150766,1.4942132156905799,1.540875703181791,0.0661994071575218,22.571398745839105,0.000999000999000999,1.0,0.000999000999000999,0.0022419139302256186,1.0,0.0010981385027186554
esm3_top4_bilstm_attn,train,-1,rigidity_supporting,distance_to_q8_boundary,distance,lower,939,4.362426721296218,2.3814469187927085,1.980979802503509,1.8318387392433593,0.06564408098817755,30.1775845237331,0.000999000999000999,1.0,0.000999000999000999,0.0022419139302256186,1.0,0.0010981385027186554
esm3_top4_bilstm_attn,train,-1,rigidity_supporting,rsa,continuous,two-sided,939,0.21910570649691016,0.3467153760538553,-0.1276096695569451,0.6319468983194921,0.003700385939934201,-34.48550276331831,1.0,0.000999000999000999,0.000999000999000999,1.0,0.002147106624718565,0.0010981385027186554
esm3_top4_bilstm_attn,train,-1,rigidity_supporting,exposed_rsa_ge025,binary,two-sided,939,0.3791979604045113,0.6130444616455399,-0.23384650124102863,0.6185488722737409,0.007978228724148531,-29.310578742023427,1.0,0.000999000999000999,0.000999000999000999,1.0,0.002147106624718565,0.0010981385027186554
esm3_top4_bilstm_attn,train,-1,rigidity_supporting,disorder,continuous,upper,939,0.01628574369892436,0.06311999924595611,-0.04683425554703175,0.25801241909817885,0.0026347432903846444,-17.775642780057883,1.0,0.000999000999000999,0.000999000999000999,1.0,0.002147106624718565,0.0010981385027186554
esm3_top4_bilstm_attn,train,-1,rigidity_supporting,disorder_ge05,binary,upper,939,0.001501870511455176,0.03259408444217529,-0.031092213930720116,0.04607800885217756,0.003649845923097934,-8.518774377283716,1.0,0.000999000999000999,0.000999000999000999,1.0,0.002147106624718565,0.0010981385027186554
esm3_top4_bilstm_attn,train,-1,rigidity_supporting,interface,binary,two-sided,939,0.0,0.0,0.0,,0.0,,1.0,1.0,1.0,1.0,1.0,1.0
esm3_top4_bilstm_attn,train,-1,rigidity_supporting,torsion_change_from_previous,continuous,upper,939,8.313271044295448,45.69434497666813,-37.38107393237268,0.18193216356510342,1.0895961813054447,-34.307273257498416,1.0,0.000999000999000999,0.000999000999000999,1.0,0.002147106624718565,0.0010981385027186554
esm3_top4_bilstm_attn,train,1,flexibility_supporting,neq,continuous,flexibility-supporting higher,961,2.057347691680507,1.3653508777180094,0.6919968139624977,1.5068270913034987,0.012787751422216281,54.11403389968037,0.000999000999000999,1.0,0.000999000999000999,0.0022419139302256186,1.0,0.0010981385027186554
esm3_top4_bilstm_attn,train,1,flexibility_supporting,flexible_neq_gt1,binary,flexibility-supporting higher,961,0.9730674402127573,0.5835491999345657,0.3895182402781916,1.667498542234089,0.008103443491281863,48.06823675604786,0.000999000999000999,1.0,0.000999000999000999,0.0022419139302256186,1.0,0.0010981385027186554
esm3_top4_bilstm_attn,train,1,flexibility_supporting,neq_top10_within_protein,binary,flexibility-supporting higher,961,0.37562697205112,0.10477477498801045,0.27085219706310953,3.5850897517470557,0.005176633429655587,52.32207393930343,0.000999000999000999,1.0,0.000999000999000999,0.0022419139302256186,1.0,0.0010981385027186554
esm3_top4_bilstm_attn,train,1,flexibility_supporting,neq_peak,binary,flexibility-supporting higher,961,0.24887616841858476,0.07207745430844292,0.17679871411014184,3.4528989793890683,0.004428355357824214,39.924238193252954,0.000999000999000999,1.0,0.000999000999000999,0.0022419139302256186,1.0,0.0010981385027186554
esm3_top4_bilstm_attn,train,1,flexibility_supporting,distance_to_neq_peak,distance,flexibility-supporting lower,961,2.026274407440379,5.121772917484626,-3.095498510044247,0.39561972779447446,0.07866491743792323,-39.35043232565514,1.0,0.000999000999000999,0.000999000999000999,1.0,0.002147106624718565,0.0010981385027186554
esm3_top4_bilstm_attn,train,1,flexibility_supporting,distance_to_neq_top10,distance,flexibility-supporting lower,961,5.044544462344468,8.326037868312717,-3.2814934059682495,0.6058757529248124,0.12566823912572336,-26.112352880868464,1.0,0.000999000999000999,0.000999000999000999,1.0,0.002147106624718565,0.0010981385027186554
esm3_top4_bilstm_attn,train,1,flexibility_supporting,q3_is_H,binary,two-sided,961,0.043489389366925285,0.3890958556838493,-0.34560646631692404,0.11177037414210232,0.0077216425192052195,-44.75815416957388,1.0,0.000999000999000999,0.000999000999000999,1.0,0.002147106624718565,0.0010981385027186554
esm3_top4_bilstm_attn,train,1,flexibility_supporting,q3_is_E,binary,two-sided,961,0.013365355075623314,0.1736426295231975,-0.1602772744475742,0.07697047155023526,0.005431342382927369,-29.509698182788547,1.0,0.000999000999000999,0.000999000999000999,1.0,0.002147106624718565,0.0010981385027186554
esm3_top4_bilstm_attn,train,1,flexibility_supporting,q3_is_C,binary,two-sided,961,0.9431452555574514,0.4372615147929531,0.5058837407644983,2.1569363496443046,0.00853688443882431,59.25859069426129,0.000999000999000999,1.0,0.000999000999000999,0.0022419139302256186,1.0,0.0010981385027186554
esm3_top4_bilstm_attn,train,1,flexibility_supporting,q8_is_T,binary,upper,961,0.26184972209157104,0.08468928755195829,0.17716043453961275,3.0918871755878437,0.0044462230945967,39.84515188968094,0.000999000999000999,1.0,0.000999000999000999,0.0022419139302256186,1.0,0.0010981385027186554
esm3_top4_bilstm_attn,train,1,flexibility_supporting,q8_is_S,binary,upper,961,0.12226353492011469,0.027930639431202154,0.09433289548891254,4.37739834855089,0.002506407275390009,37.63669871818174,0.000999000999000999,1.0,0.000999000999000999,0.0022419139302256186,1.0,0.0010981385027186554
esm3_top4_bilstm_attn,train,1,flexibility_supporting,q8_turn_or_bend_TS,binary,upper,961,0.38411325701168575,0.11261992698316049,0.27149333002852527,3.410704191533709,0.005052531220762978,53.73412219856156,0.000999000999000999,1.0,0.000999000999000999,0.0022419139302256186,1.0,0.0010981385027186554
esm3_top4_bilstm_attn,train,1,flexibility_supporting,q8_loop_turn_bend_CTS,binary,upper,961,0.9208720059187057,0.4120106295138729,0.5088613764048328,2.235068563656314,0.008310962751133827,61.227729162353796,0.000999000999000999,1.0,0.000999000999000999,0.0022419139302256186,1.0,0.0010981385027186554
esm3_top4_bilstm_attn,train,1,flexibility_supporting,structured_linker_loop,binary,upper,961,0.7425915381086227,0.27625061987965494,0.4663409182289677,2.688108133231061,0.007233618799896227,64.46855040739192,0.000999000999000999,1.0,0.000999000999000999,0.0022419139302256186,1.0,0.0010981385027186554
esm3_top4_bilstm_attn,train,1,flexibility_supporting,q3_boundary_within2,binary,upper,961,0.6306172664835116,0.6353831358101336,-0.004765869326622041,0.9924992196707497,0.008133099924930718,-0.585984356593607,0.7332667332667333,0.2677322677322677,0.5404595404595405,1.0,0.5560593252900945,0.572953426941157
esm3_top4_bilstm_attn,train,1,flexibility_supporting,q8_boundary_within2,binary,upper,961,0.8559914033127213,0.6855672379331348,0.1704241653795865,1.2485885496707596,0.00790810558142413,21.550567784515554,0.000999000999000999,1.0,0.000999000999000999,0.0022419139302256186,1.0,0.0010981385027186554
esm3_top4_bilstm_attn,train,1,flexibility_supporting,distance_to_q3_boundary,distance,lower,961,2.6998343304333776,2.821700634845138,-0.1218663044117605,0.9568110440537755,0.06609796612401735,-1.8437224555912497,0.972027972027972,0.028971028971028972,0.06393606393606394,1.0,0.061350414291590764,0.06905094905094905
esm3_top4_bilstm_attn,train,1,flexibility_supporting,distance_to_q8_boundary,distance,lower,961,1.3193059435641625,2.43661256039186,-1.1173066168276973,0.5414508506645758,0.0665707466031697,-16.78374772462741,1.0,0.000999000999000999,0.000999000999000999,1.0,0.002147106624718565,0.0010981385027186554
esm3_top4_bilstm_attn,train,1,flexibility_supporting,rsa,continuous,two-sided,961,0.5285008044804559,0.34941437293182,0.1790864315486359,1.5125330994428796,0.003655905183272511,48.98552412355789,0.000999000999000999,1.0,0.000999000999000999,0.0022419139302256186,1.0,0.0010981385027186554
esm3_top4_bilstm_attn,train,1,flexibility_supporting,exposed_rsa_ge025,binary,two-sided,961,0.9012931495465475,0.6189825301777696,0.2823106193687779,1.4560881860231165,0.007900284253117184,35.73423567099977,0.000999000999000999,1.0,0.000999000999000999,0.0022419139302256186,1.0,0.0010981385027186554
esm3_top4_bilstm_attn,train,1,flexibility_supporting,disorder,continuous,upper,961,0.09146643816774694,0.06473121404859425,0.02673522411915269,1.4130190436268095,0.002405603097322383,11.11373033602717,0.000999000999000999,1.0,0.000999000999000999,0.0022419139302256186,1.0,0.0010981385027186554
esm3_top4_bilstm_attn,train,1,flexibility_supporting,disorder_ge05,binary,upper,961,0.038015877480975374,0.03290665005643862,0.005109227424536754,1.1552642829268203,0.0032527181370230014,1.570756275000481,0.06593406593406594,0.935064935064935,0.11188811188811189,0.1449542823588625,1.0,0.12068830046358135
esm3_top4_bilstm_attn,train,1,flexibility_supporting,interface,binary,two-sided,961,0.0,0.0,0.0,,0.0,,1.0,1.0,1.0,1.0,1.0,1.0
esm3_top4_bilstm_attn,train,1,flexibility_supporting,torsion_change_from_previous,continuous,upper,961,94.16352145455723,45.31732495522854,48.846196499328684,2.0778702526591433,1.0034373436033082,48.67887049521569,0.000999000999000999,1.0,0.000999000999000999,0.0022419139302256186,1.0,0.0010981385027186554
esm3_top4_bilstm_attn,validation,-1,rigidity_supporting,neq,continuous,flexibility-supporting higher,208,1.0141935609840658,1.3640653133476655,-0.3498717523635997,0.7435080645039273,0.028129314048916707,-12.437976687066554,1.0,0.000999000999000999,0.000999000999000999,1.0,0.002147106624718565,0.0010981385027186554
esm3_top4_bilstm_attn,validation,-1,rigidity_supporting,flexible_neq_gt1,binary,flexibility-supporting higher,208,0.12328955099387791,0.5894001981792246,-0.4661106471853467,0.20917799378884508,0.017515892982415602,-26.610727049616045,1.0,0.000999000999000999,0.000999000999000999,1.0,0.002147106624718565,0.0010981385027186554
esm3_top4_bilstm_attn,validation,-1,rigidity_supporting,neq_top10_within_protein,binary,flexibility-supporting higher,208,0.0019230769230769232,0.10440285290964377,-0.10247977598656685,0.018419773688955268,0.011265718902534526,-9.096603321383359,1.0,0.000999000999000999,0.000999000999000999,1.0,0.002147106624718565,0.0010981385027186554
esm3_top4_bilstm_attn,validation,-1,rigidity_supporting,neq_peak,binary,flexibility-supporting higher,208,0.0006868131868131868,0.07252330407973434,-0.07183649089292116,0.00947024126283716,0.009346320530770462,-7.6860718243523936,1.0,0.000999000999000999,0.000999000999000999,1.0,0.002147106624718565,0.0010981385027186554
esm3_top4_bilstm_attn,validation,-1,rigidity_supporting,distance_to_neq_peak,distance,flexibility-supporting lower,208,8.110018473780494,5.08820743143742,3.0218110423430744,1.5938851910149843,0.15418138190503689,19.599065756229002,0.000999000999000999,1.0,0.000999000999000999,0.0022419139302256186,1.0,0.0010981385027186554
esm3_top4_bilstm_attn,validation,-1,rigidity_supporting,distance_to_neq_top10,distance,flexibility-supporting lower,208,10.094738908260542,7.945876132648067,2.148862775612475,1.270437487287678,0.2668790180052105,8.051823600349582,0.000999000999000999,1.0,0.000999000999000999,0.0022419139302256186,1.0,0.0010981385027186554
esm3_top4_bilstm_attn,validation,-1,rigidity_supporting,q3_is_H,binary,two-sided,208,0.701526158136735,0.3631878257893283,0.33833833234740673,1.9315794977766247,0.01560636760658164,21.67950549907078,0.000999000999000999,1.0,0.000999000999000999,0.0022419139302256186,1.0,0.0010981385027186554
esm3_top4_bilstm_attn,validation,-1,rigidity_supporting,q3_is_E,binary,two-sided,208,0.2703710752388637,0.20139403711272708,0.06897703812613665,1.3424979165968447,0.013088544376485975,5.270031268722005,0.000999000999000999,1.0,0.000999000999000999,0.0022419139302256186,1.0,0.0010981385027186554
esm3_top4_bilstm_attn,validation,-1,rigidity_supporting,q3_is_C,binary,two-sided,208,0.028102766624401237,0.4354181370979448,-0.40731537047354355,0.06454202117464776,0.01778538882136311,-22.90168489228036,1.0,0.000999000999000999,0.000999000999000999,1.0,0.002147106624718565,0.0010981385027186554
esm3_top4_bilstm_attn,validation,-1,rigidity_supporting,q8_is_T,binary,upper,208,0.0016025641025641025,0.08867137010959127,-0.08706880600702717,0.018073072521417585,0.010427278868143205,-8.350098535585785,1.0,0.000999000999000999,0.000999000999000999,1.0,0.002147106624718565,0.0010981385027186554
esm3_top4_bilstm_attn,validation,-1,rigidity_supporting,q8_is_S,binary,upper,208,0.0009615384615384616,0.033534839225944996,-0.03257330076440654,0.02867282157102293,0.0062641667813809355,-5.199941492813471,1.0,0.000999000999000999,0.000999000999000999,1.0,0.002147106624718565,0.0010981385027186554
esm3_top4_bilstm_attn,validation,-1,rigidity_supporting,q8_turn_or_bend_TS,binary,upper,208,0.002564102564102564,0.12220620933553625,-0.11964210677143368,0.02098176989568852,0.0116234502037548,-10.293166372647676,1.0,0.000999000999000999,0.000999000999000999,1.0,0.002147106624718565,0.0010981385027186554
esm3_top4_bilstm_attn,validation,-1,rigidity_supporting,q8_loop_turn_bend_CTS,binary,upper,208,0.02601018772893773,0.4107488018125038,-0.3847386140835661,0.06332383104749922,0.01738844069862057,-22.126113591892544,1.0,0.000999000999000999,0.000999000999000999,1.0,0.002147106624718565,0.0010981385027186554
esm3_top4_bilstm_attn,validation,-1,rigidity_supporting,structured_linker_loop,binary,upper,208,0.014749313186813188,0.28084607904782194,-0.2660967658610088,0.05251742604639213,0.015662136404645245,-16.98981281902812,1.0,0.000999000999000999,0.000999000999000999,1.0,0.002147106624718565,0.0010981385027186554
esm3_top4_bilstm_attn,validation,-1,rigidity_supporting,q3_boundary_within2,binary,upper,208,0.24469351428486044,0.6440080801410127,-0.3993145658561523,0.3799541059038919,0.016886999918323188,-23.646270372920252,1.0,0.000999000999000999,0.000999000999000999,1.0,0.002147106624718565,0.0010981385027186554
esm3_top4_bilstm_attn,validation,-1,rigidity_supporting,q8_boundary_within2,binary,upper,208,0.2301364567590529,0.6977589619448392,-0.4676225051857863,0.3298222872230857,0.016497312971343533,-28.34537394047531,1.0,0.000999000999000999,0.000999000999000999,1.0,0.002147106624718565,0.0010981385027186554
esm3_top4_bilstm_attn,validation,-1,rigidity_supporting,distance_to_q3_boundary,distance,lower,208,4.2278135126091865,2.622904890061861,1.6049086225473257,1.6118821268084464,0.114802333094113,13.979756153837474,0.000999000999000999,1.0,0.000999000999000999,0.0022419139302256186,1.0,0.0010981385027186554
esm3_top4_bilstm_attn,validation,-1,rigidity_supporting,distance_to_q8_boundary,distance,lower,208,4.32480047329807,2.162805792898341,2.161994680399729,1.9996249721074009,0.10549773723395327,20.493280112778713,0.000999000999000999,1.0,0.000999000999000999,0.0022419139302256186,1.0,0.0010981385027186554
esm3_top4_bilstm_attn,validation,-1,rigidity_supporting,rsa,continuous,two-sided,208,0.21566917386286544,0.33723067700072906,-0.12156150313786362,0.639530115649589,0.008166618636660723,-14.885169559915845,1.0,0.000999000999000999,0.000999000999000999,1.0,0.002147106624718565,0.0010981385027186554
esm3_top4_bilstm_attn,validation,-1,rigidity_supporting,exposed_rsa_ge025,binary,two-sided,208,0.37233040730636885,0.5908703500826098,-0.21853994277624095,0.6301389251539076,0.01754725315868166,-12.454367689344949,1.0,0.000999000999000999,0.000999000999000999,1.0,0.002147106624718565,0.0010981385027186554
esm3_top4_bilstm_attn,validation,-1,rigidity_supporting,disorder,continuous,upper,208,0.008870169684276978,0.0555410123634223,-0.04667084267914532,0.1597048614497098,0.005252428313808154,-8.885574422110997,1.0,0.000999000999000999,0.000999000999000999,1.0,0.002147106624718565,0.0010981385027186554
esm3_top4_bilstm_attn,validation,-1,rigidity_supporting,disorder_ge05,binary,upper,208,0.0,0.029967624249415115,-0.029967624249415115,0.0,0.006657911523578172,-4.501054744162411,1.0,0.000999000999000999,0.000999000999000999,1.0,0.002147106624718565,0.0010981385027186554
esm3_top4_bilstm_attn,validation,-1,rigidity_supporting,interface,binary,two-sided,208,0.0,0.0,0.0,,0.0,,1.0,1.0,1.0,1.0,1.0,1.0
esm3_top4_bilstm_attn,validation,-1,rigidity_supporting,torsion_change_from_previous,continuous,upper,208,8.330943250252975,47.73659511278615,-39.405651862533176,0.1745190085419718,2.239591853847315,-17.595014821490626,1.0,0.000999000999000999,0.000999000999000999,1.0,0.002147106624718565,0.0010981385027186554
esm3_top4_bilstm_attn,validation,1,flexibility_supporting,neq,continuous,flexibility-supporting higher,208,2.09293892628569,1.3647434100340932,0.728195516251597,1.5335768693936436,0.026041607095097036,27.96277179025166,0.000999000999000999,1.0,0.000999000999000999,0.0022419139302256186,1.0,0.0010981385027186554
esm3_top4_bilstm_attn,validation,1,flexibility_supporting,flexible_neq_gt1,binary,flexibility-supporting higher,208,0.9668086254023754,0.5897122033160866,0.3770964220862888,1.6394584001582286,0.01693324435817758,22.269590759444597,0.000999000999000999,1.0,0.000999000999000999,0.0022419139302256186,1.0,0.0010981385027186554
esm3_top4_bilstm_attn,validation,1,flexibility_supporting,neq_top10_within_protein,binary,flexibility-supporting higher,208,0.39411126053351137,0.10462422778804818,0.28948703274546317,3.766921571281914,0.010758861242758374,26.906846943519465,0.000999000999000999,1.0,0.000999000999000999,0.0022419139302256186,1.0,0.0010981385027186554
esm3_top4_bilstm_attn,validation,1,flexibility_supporting,neq_peak,binary,flexibility-supporting higher,208,0.23148175203296215,0.07281973214127929,0.15866201989168285,3.1788327864741235,0.008658240826381586,18.32497190517513,0.000999000999000999,1.0,0.000999000999000999,0.0022419139302256186,1.0,0.0010981385027186554
esm3_top4_bilstm_attn,validation,1,flexibility_supporting,distance_to_neq_peak,distance,flexibility-supporting lower,208,2.2297769903905666,5.08392917043114,-2.854152180040573,0.43859324464220883,0.15574899001743836,-18.325333472281326,1.0,0.000999000999000999,0.000999000999000999,1.0,0.002147106624718565,0.0010981385027186554
esm3_top4_bilstm_attn,validation,1,flexibility_supporting,distance_to_neq_top10,distance,flexibility-supporting lower,208,4.689748636949235,7.950244588742338,-3.2604959517931027,0.5898873405215719,0.23860332376015017,-13.664922602128678,1.0,0.000999000999000999,0.000999000999000999,1.0,0.002147106624718565,0.0010981385027186554
esm3_top4_bilstm_attn,validation,1,flexibility_supporting,q3_is_H,binary,two-sided,208,0.03373708289573674,0.3636564392908848,-0.3299193563951481,0.092771856210006,0.014903503474998352,-22.137033547085785,1.0,0.000999000999000999,0.000999000999000999,1.0,0.002147106624718565,0.0010981385027186554
esm3_top4_bilstm_attn,validation,1,flexibility_supporting,q3_is_E,binary,two-sided,208,0.026234381902398095,0.20123694449393975,-0.17500256259154165,0.13036563424460135,0.011929959723472447,-14.669166254368857,1.0,0.000999000999000999,0.000999000999000999,1.0,0.002147106624718565,0.0010981385027186554
esm3_top4_bilstm_attn,validation,1,flexibility_supporting,q3_is_C,binary,two-sided,208,0.9400285352018651,0.43510661621517566,0.5049219189866895,2.1604556220698505,0.01763750161807055,28.627746146844878,0.000999000999000999,1.0,0.000999000999000999,0.0022419139302256186,1.0,0.0010981385027186554
esm3_top4_bilstm_attn,validation,1,flexibility_supporting,q8_is_T,binary,upper,208,0.2869363362559287,0.08864709016591438,0.1982892460900143,3.236838746978503,0.009464321809882216,20.951236662617458,0.000999000999000999,1.0,0.000999000999000999,0.0022419139302256186,1.0,0.0010981385027186554
esm3_top4_bilstm_attn,validation,1,flexibility_supporting,q8_is_S,binary,upper,208,0.1510439482250107,0.03408712984301014,0.11695681838200055,4.43111370539704,0.005758755143058859,20.309392477464666,0.000999000999000999,1.0,0.000999000999000999,0.0022419139302256186,1.0,0.0010981385027186554
esm3_top4_bilstm_attn,validation,1,flexibility_supporting,q8_turn_or_bend_TS,binary,upper,208,0.4379802844809394,0.12273422000892449,0.3152460644720149,3.5685262386406342,0.010996506447441354,28.667837915501405,0.000999000999000999,1.0,0.000999000999000999,0.0022419139302256186,1.0,0.0010981385027186554
esm3_top4_bilstm_attn,validation,1,flexibility_supporting,q8_loop_turn_bend_CTS,binary,upper,208,0.9237887166996033,0.4104029783600373,0.5133857383395659,2.250930829963871,0.017271644024958704,29.72419635314904,0.000999000999000999,1.0,0.000999000999000999,0.0022419139302256186,1.0,0.0010981385027186554
esm3_top4_bilstm_attn,validation,1,flexibility_supporting,structured_linker_loop,binary,upper,208,0.7660448923595655,0.2806947021539718,0.4853501902055937,2.72910349387129,0.014456493304079259,33.573161900102015,0.000999000999000999,1.0,0.000999000999000999,0.0022419139302256186,1.0,0.0010981385027186554
esm3_top4_bilstm_attn,validation,1,flexibility_supporting,q3_boundary_within2,binary,upper,208,0.6536090050267531,0.6444750900445733,0.009133914982179858,1.0141726423926611,0.016227616041778133,0.5628624043522177,0.2917082917082917,0.7092907092907093,0.5834165834165834,0.6300899100899101,1.0,0.6169791041272069
esm3_top4_bilstm_attn,validation,1,flexibility_supporting,q8_boundary_within2,binary,upper,208,0.8836981513424195,0.6982231684325562,0.1854749829098633,1.265638539789845,0.015421385353748209,12.027128474860602,0.000999000999000999,1.0,0.000999000999000999,0.0022419139302256186,1.0,0.0010981385027186554
esm3_top4_bilstm_attn,validation,1,flexibility_supporting,distance_to_q3_boundary,distance,lower,208,2.310577729217212,2.6187756489097445,-0.30819791969253263,0.8823122095927376,0.10889586304329214,-2.8302077882426704,0.999000999000999,0.001998001998001998,0.003996003996003996,1.0,0.004283557633433564,0.004381405396633823
esm3_top4_bilstm_attn,validation,1,flexibility_supporting,distance_to_q8_boundary,distance,lower,208,0.9143697082013869,2.1591087479981312,-1.2447390397967444,0.42349405005614765,0.09767584717228955,-12.743570450954577,1.0,0.000999000999000999,0.000999000999000999,1.0,0.002147106624718565,0.0010981385027186554
esm3_top4_bilstm_attn,validation,1,flexibility_supporting,rsa,continuous,two-sided,208,0.5439287057847589,0.33758320440004674,0.2063455013847122,1.611243387393723,0.0077422558182359096,26.651857834339616,0.000999000999000999,1.0,0.000999000999000999,0.0022419139302256186,1.0,0.0010981385027186554
esm3_top4_bilstm_attn,validation,1,flexibility_supporting,exposed_rsa_ge025,binary,two-sided,208,0.8992042398052387,0.5912066309289191,0.30799760887631955,1.5209644018917476,0.01664258883975899,18.50659244435073,0.000999000999000999,1.0,0.000999000999000999,0.0022419139302256186,1.0,0.0010981385027186554
esm3_top4_bilstm_attn,validation,1,flexibility_supporting,disorder,continuous,upper,208,0.08468650387278477,0.05555134642422613,0.029135157448558643,1.5244725704047508,0.004814684306713336,6.0513121094843445,0.000999000999000999,1.0,0.000999000999000999,0.0022419139302256186,1.0,0.0010981385027186554
esm3_top4_bilstm_attn,validation,1,flexibility_supporting,disorder_ge05,binary,upper,208,0.029877458489553636,0.02984815887491785,2.9299614635786703e-05,1.0009816221750416,0.005938795349546865,0.004933595605045102,0.4725274725274725,0.5284715284715285,0.995004995004995,1.0,1.0,1.0
esm3_top4_bilstm_attn,validation,1,flexibility_supporting,interface,binary,two-sided,208,0.0,0.0,0.0,,0.0,,1.0,1.0,1.0,1.0,1.0,1.0
esm3_top4_bilstm_attn,validation,1,flexibility_supporting,torsion_change_from_previous,continuous,upper,208,98.06451591026043,47.7711460395923,50.29336987066812,2.0527980599206352,2.1068917035396932,23.870885146195466,0.000999000999000999,1.0,0.000999000999000999,0.0022419139302256186,1.0,0.0010981385027186554
