condition,split,metric,metric_kind,directional_hypothesis,n_paired_proteins,flex_minus_rigid_mean,flex_minus_rigid_median,sign_flip_null_mean,sign_flip_null_std,sign_flip_z,p_upper,p_lower,p_two_sided,p_upper_q_bh,p_lower_q_bh,p_two_sided_q_bh
esm2_frozen_bilstm_attn,train,neq,continuous,flexibility-supporting higher,949,0.9965782666881008,0.8901851851851856,-0.00015854403987532564,0.03772370391871636,26.422029312807005,9.999000099990002e-05,1.0,9.999000099990002e-05,0.00014116235435280002,1.0,0.00010433739234772175
esm2_frozen_bilstm_attn,train,flexible_neq_gt1,binary,flexibility-supporting higher,949,0.8307377636639868,0.9166666666666666,7.546663617718039e-05,0.028167274932544308,29.49033227449586,9.999000099990002e-05,1.0,9.999000099990002e-05,0.00014116235435280002,1.0,0.00010433739234772175
esm2_frozen_bilstm_attn,train,neq_top10_within_protein,binary,flexibility-supporting higher,949,0.34908611849059284,0.3333333333333333,0.00022529643890796427,0.013346771459062799,26.138218004384836,9.999000099990002e-05,1.0,9.999000099990002e-05,0.00014116235435280002,1.0,0.00010433739234772175
esm2_frozen_bilstm_attn,train,neq_peak,binary,flexibility-supporting higher,949,0.20362475006647923,0.19047619047619047,0.0001445254139922329,0.009178637489049055,22.168892158041682,9.999000099990002e-05,1.0,9.999000099990002e-05,0.00014116235435280002,1.0,0.00010433739234772175
esm2_frozen_bilstm_attn,train,distance_to_neq_peak,distance,flexibility-supporting lower,949,-5.6819084347959965,-5.633333333333333,-0.001367523322978124,0.2018268707251238,-28.1456125790583,1.0,9.999000099990002e-05,9.999000099990002e-05,1.0,0.00039996000399960006,0.00010433739234772175
esm2_frozen_bilstm_attn,train,distance_to_neq_top10,distance,flexibility-supporting lower,949,-4.651672508149687,-4.690476190476191,-0.0023766322284733813,0.1952476117236941,-23.812305998911246,1.0,9.999000099990002e-05,9.999000099990002e-05,1.0,0.00039996000399960006,0.00010433739234772175
esm2_frozen_bilstm_attn,train,q3_is_H,binary,two-sided,949,-0.6798157023234979,-0.75,2.398281582144861e-05,0.024403868141175854,-27.85786585988997,1.0,9.999000099990002e-05,9.999000099990002e-05,1.0,0.00039996000399960006,0.00010433739234772175
esm2_frozen_bilstm_attn,train,q3_is_E,binary,two-sided,949,-0.22413594625320282,-0.1111111111111111,0.00017512502161476528,0.012230317317299925,-18.34057657339168,1.0,9.999000099990002e-05,9.999000099990002e-05,1.0,0.00039996000399960006,0.00010433739234772175
esm2_frozen_bilstm_attn,train,q3_is_C,binary,two-sided,949,0.9039516485767007,1.0,0.00045907248183241266,0.02994591634730287,30.170810791577026,9.999000099990002e-05,1.0,9.999000099990002e-05,0.00014116235435280002,1.0,0.00010433739234772175
esm2_frozen_bilstm_attn,train,q8_is_T,binary,upper,949,0.2144747038277653,0.2,2.3932895608312797e-06,0.009484045349331503,22.614011493873956,9.999000099990002e-05,1.0,9.999000099990002e-05,0.00014116235435280002,1.0,0.00010433739234772175
esm2_frozen_bilstm_attn,train,q8_is_S,binary,upper,949,0.11475780506351861,0.0,-6.349767998160288e-06,0.006143845580268922,18.67953113927278,9.999000099990002e-05,1.0,9.999000099990002e-05,0.00014116235435280002,1.0,0.00010433739234772175
esm2_frozen_bilstm_attn,train,q8_turn_or_bend_TS,binary,upper,949,0.32923250889128386,0.3333333333333333,-7.215157994944946e-05,0.013215140557956133,24.918740669237643,9.999000099990002e-05,1.0,9.999000099990002e-05,0.00014116235435280002,1.0,0.00010433739234772175
esm2_frozen_bilstm_attn,train,q8_loop_turn_bend_CTS,binary,upper,949,0.8884972151691761,1.0,0.00017009145801089596,0.029536452194754093,30.07562038439197,9.999000099990002e-05,1.0,9.999000099990002e-05,0.00014116235435280002,1.0,0.00010433739234772175
esm2_frozen_bilstm_attn,train,structured_linker_loop,binary,upper,949,0.6434102187676081,0.6666666666666666,-0.00016938528839470778,0.02244664705614005,28.671525081068093,9.999000099990002e-05,1.0,9.999000099990002e-05,0.00014116235435280002,1.0,0.00010433739234772175
esm2_frozen_bilstm_attn,train,q3_boundary_within2,binary,upper,949,0.3763046383383981,0.40476190476190477,0.00022394709651052676,0.017565384033796167,21.41033128101842,9.999000099990002e-05,1.0,9.999000099990002e-05,0.00014116235435280002,1.0,0.00010433739234772175
esm2_frozen_bilstm_attn,train,q8_boundary_within2,binary,upper,949,0.5824043715335918,0.6527777777777778,0.00010386190607428296,0.02203648483971036,26.424382739038116,9.999000099990002e-05,1.0,9.999000099990002e-05,0.00014116235435280002,1.0,0.00010433739234772175
esm2_frozen_bilstm_attn,train,distance_to_q3_boundary,distance,lower,949,-1.4107932821574172,-1.5,0.000789658809524712,0.0962141190311653,-14.671266080082358,1.0,9.999000099990002e-05,9.999000099990002e-05,1.0,0.00039996000399960006,0.00010433739234772175
esm2_frozen_bilstm_attn,train,distance_to_q8_boundary,distance,lower,949,-2.7851004383349762,-2.9166666666666665,0.0006416316624277305,0.12045898060690637,-23.126063793351467,1.0,9.999000099990002e-05,9.999000099990002e-05,1.0,0.00039996000399960006,0.00010433739234772175
esm2_frozen_bilstm_attn,train,rsa,continuous,two-sided,949,0.3449108968329533,0.341798834502697,9.196022198006085e-05,0.012045718348709761,28.625850831711286,9.999000099990002e-05,1.0,9.999000099990002e-05,0.00014116235435280002,1.0,0.00010433739234772175
esm2_frozen_bilstm_attn,train,exposed_rsa_ge025,binary,two-sided,949,0.586772285106341,0.6000000000000001,-0.0003734806856090466,0.021395417707390778,27.442594195724816,9.999000099990002e-05,1.0,9.999000099990002e-05,0.00014116235435280002,1.0,0.00010433739234772175
esm2_frozen_bilstm_attn,train,disorder,continuous,upper,949,0.11701220612810075,0.08088924580564107,-7.872706228947938e-05,0.005337334094042622,21.938093274146684,9.999000099990002e-05,1.0,9.999000099990002e-05,0.00014116235435280002,1.0,0.00010433739234772175
esm2_frozen_bilstm_attn,train,disorder_ge05,binary,upper,949,0.07924906634601829,0.0,3.011471777186435e-05,0.005635355948227239,14.057488534183364,9.999000099990002e-05,1.0,9.999000099990002e-05,0.00014116235435280002,1.0,0.00010433739234772175
esm2_frozen_bilstm_attn,train,interface,binary,two-sided,949,0.0,0.0,0.0,0.0,,1.0,1.0,1.0,1.0,1.0,1.0
esm2_frozen_bilstm_attn,train,torsion_change_from_previous,continuous,upper,949,81.59479441652067,82.25607825349131,0.06044788646486148,2.9495814334556374,27.642683672080455,9.999000099990002e-05,1.0,9.999000099990002e-05,0.00014116235435280002,1.0,0.00010433739234772175
esm2_frozen_bilstm_attn,validation,neq,continuous,flexibility-supporting higher,207,0.9994770938416038,0.8272666666666666,0.0010700619747027187,0.08029954686903036,12.433532576408137,9.999000099990002e-05,1.0,9.999000099990002e-05,0.00014116235435280002,1.0,0.00010433739234772175
esm2_frozen_bilstm_attn,validation,flexible_neq_gt1,binary,flexibility-supporting higher,207,0.8096944257721841,0.8888888888888888,0.00038672852215545264,0.05798890235954285,13.956251357064119,9.999000099990002e-05,1.0,9.999000099990002e-05,0.00014116235435280002,1.0,0.00010433739234772175
esm2_frozen_bilstm_attn,validation,neq_top10_within_protein,binary,flexibility-supporting higher,207,0.35532343539926436,0.3333333333333333,0.00026902463918908483,0.029156805165960108,12.177411370659808,9.999000099990002e-05,1.0,9.999000099990002e-05,0.00014116235435280002,1.0,0.00010433739234772175
esm2_frozen_bilstm_attn,validation,neq_peak,binary,flexibility-supporting higher,207,0.20795868380334662,0.2,-4.883348421801329e-05,0.0193792617840796,10.733510884219873,9.999000099990002e-05,1.0,9.999000099990002e-05,0.00014116235435280002,1.0,0.00010433739234772175
esm2_frozen_bilstm_attn,validation,distance_to_neq_peak,distance,flexibility-supporting lower,207,-5.250774292118462,-5.541666666666667,0.0005437931574606544,0.39971452464539414,-13.137671416705755,1.0,9.999000099990002e-05,9.999000099990002e-05,1.0,0.00039996000399960006,0.00010433739234772175
esm2_frozen_bilstm_attn,validation,distance_to_neq_top10,distance,flexibility-supporting lower,207,-4.455210880774549,-4.400000000000002,0.00609427788154041,0.41414040771479876,-10.772445952022156,1.0,9.999000099990002e-05,9.999000099990002e-05,1.0,0.00039996000399960006,0.00010433739234772175
esm2_frozen_bilstm_attn,validation,q3_is_H,binary,two-sided,207,-0.6283476210345011,-0.6868686868686869,0.00013021902900049346,0.04937025458965606,-12.729888579411515,1.0,9.999000099990002e-05,9.999000099990002e-05,1.0,0.00039996000399960006,0.00010433739234772175
esm2_frozen_bilstm_attn,validation,q3_is_E,binary,two-sided,207,-0.27560927053400247,-0.2,-0.00022141019690588944,0.028567428689835212,-9.639924661300872,1.0,9.999000099990002e-05,9.999000099990002e-05,1.0,0.00039996000399960006,0.00010433739234772175
esm2_frozen_bilstm_attn,validation,q3_is_C,binary,two-sided,207,0.9039568915685036,1.0,-0.00017527932281196512,0.06411339183312767,14.102079846977405,9.999000099990002e-05,1.0,9.999000099990002e-05,0.00014116235435280002,1.0,0.00010433739234772175
esm2_frozen_bilstm_attn,validation,q8_is_T,binary,upper,207,0.23824027750980684,0.25,-0.0001675657431821338,0.02068608745592401,11.525033129680333,9.999000099990002e-05,1.0,9.999000099990002e-05,0.00014116235435280002,1.0,0.00010433739234772175
esm2_frozen_bilstm_attn,validation,q8_is_S,binary,upper,207,0.13331705471574004,0.09090909090909091,3.108576192290917e-05,0.014172888815106113,9.404290874825382,9.999000099990002e-05,1.0,9.999000099990002e-05,0.00014116235435280002,1.0,0.00010433739234772175
esm2_frozen_bilstm_attn,validation,q8_turn_or_bend_TS,binary,upper,207,0.3715573322255469,0.39999999999999997,-0.00036847354802160294,0.03040621441331567,12.231901042264983,9.999000099990002e-05,1.0,9.999000099990002e-05,0.00014116235435280002,1.0,0.00010433739234772175
esm2_frozen_bilstm_attn,validation,q8_loop_turn_bend_CTS,binary,upper,207,0.8898265774381897,1.0,-0.00022470010559827504,0.06193456590246598,14.37083258071806,9.999000099990002e-05,1.0,9.999000099990002e-05,0.00014116235435280002,1.0,0.00010433739234772175
esm2_frozen_bilstm_attn,validation,structured_linker_loop,binary,upper,207,0.6454914037759419,0.6666666666666666,0.0003137525123256715,0.04763806110977639,13.54332305374224,9.999000099990002e-05,1.0,9.999000099990002e-05,0.00014116235435280002,1.0,0.00010433739234772175
esm2_frozen_bilstm_attn,validation,q3_boundary_within2,binary,upper,207,0.36120265835346377,0.4487179487179488,-0.0001780172999004606,0.037550204243033306,9.623933689266451,9.999000099990002e-05,1.0,9.999000099990002e-05,0.00014116235435280002,1.0,0.00010433739234772175
esm2_frozen_bilstm_attn,validation,q8_boundary_within2,binary,upper,207,0.5821431532743059,0.6666666666666666,-0.0005657902074012362,0.047036878497568956,12.38834212843915,9.999000099990002e-05,1.0,9.999000099990002e-05,0.00014116235435280002,1.0,0.00010433739234772175
esm2_frozen_bilstm_attn,validation,distance_to_q3_boundary,distance,lower,207,-1.3115305715341607,-1.5166666666666662,0.0010407069368357344,0.18277355047951402,-7.1814071293543895,1.0,9.999000099990002e-05,9.999000099990002e-05,1.0,0.00039996000399960006,0.00010433739234772175
esm2_frozen_bilstm_attn,validation,distance_to_q8_boundary,distance,lower,207,-2.7817764600098474,-3.066666666666667,-0.002832929165565792,0.2364577295888716,-11.752390313803751,1.0,9.999000099990002e-05,9.999000099990002e-05,1.0,0.00039996000399960006,0.00010433739234772175
esm2_frozen_bilstm_attn,validation,rsa,continuous,two-sided,207,0.37836014848342303,0.38561402358269947,0.00013675330306414532,0.027592251180425856,13.707594668776911,9.999000099990002e-05,1.0,9.999000099990002e-05,0.00014116235435280002,1.0,0.00010433739234772175
esm2_frozen_bilstm_attn,validation,exposed_rsa_ge025,binary,two-sided,207,0.6401675624047409,0.6666666666666666,0.0011031181447904203,0.04787881815034169,13.347540080318165,9.999000099990002e-05,1.0,9.999000099990002e-05,0.00014116235435280002,1.0,0.00010433739234772175
esm2_frozen_bilstm_attn,validation,disorder,continuous,upper,207,0.11311209144855981,0.08171675920441178,7.216464187982996e-05,0.010594698714103217,10.66948007272788,9.999000099990002e-05,1.0,9.999000099990002e-05,0.00014116235435280002,1.0,0.00010433739234772175
esm2_frozen_bilstm_attn,validation,disorder_ge05,binary,upper,207,0.07373162264466612,0.0,5.926236136381062e-05,0.009933013749743914,7.416919188821388,9.999000099990002e-05,1.0,9.999000099990002e-05,0.00014116235435280002,1.0,0.00010433739234772175
esm2_frozen_bilstm_attn,validation,interface,binary,two-sided,207,0.0,0.0,0.0,0.0,,1.0,1.0,1.0,1.0,1.0,1.0
esm2_frozen_bilstm_attn,validation,torsion_change_from_previous,continuous,upper,207,84.96744088232737,86.14032877399933,0.011943834199458766,6.355442711018379,13.367361002380095,9.999000099990002e-05,1.0,9.999000099990002e-05,0.00014116235435280002,1.0,0.00010433739234772175
esm2_frozen_bilstm_attn,test,neq,continuous,flexibility-supporting higher,207,1.0013747537279563,0.9140000000000001,0.0010162354706130608,0.08019829013038084,12.473564169897255,9.999000099990002e-05,1.0,9.999000099990002e-05,0.00014116235435280002,1.0,0.00010433739234772175
esm2_frozen_bilstm_attn,test,flexible_neq_gt1,binary,flexibility-supporting higher,207,0.7942518300703565,0.8333333333333334,-0.0006166540340310924,0.05787723855334575,13.733697459870225,9.999000099990002e-05,1.0,9.999000099990002e-05,0.00014116235435280002,1.0,0.00010433739234772175
esm2_frozen_bilstm_attn,test,neq_top10_within_protein,binary,flexibility-supporting higher,207,0.35044525326472203,0.3333333333333333,-0.00032927456602199734,0.028607695085004846,12.261544552556693,9.999000099990002e-05,1.0,9.999000099990002e-05,0.00014116235435280002,1.0,0.00010433739234772175
esm2_frozen_bilstm_attn,test,neq_peak,binary,flexibility-supporting higher,207,0.18775131121734523,0.2,-5.3901860405091085e-05,0.01764481458216337,10.643648999723531,9.999000099990002e-05,1.0,9.999000099990002e-05,0.00014116235435280002,1.0,0.00010433739234772175
esm2_frozen_bilstm_attn,test,distance_to_neq_peak,distance,flexibility-supporting lower,207,-5.2415656767117245,-5.344444444444445,-0.0012174863307383387,0.407635697408843,-12.855469292045633,1.0,9.999000099990002e-05,9.999000099990002e-05,1.0,0.00039996000399960006,0.00010433739234772175
esm2_frozen_bilstm_attn,test,distance_to_neq_top10,distance,flexibility-supporting lower,207,-4.333201645109932,-4.083333333333334,0.0009657263480218568,0.3908007084672471,-11.090479821433586,1.0,9.999000099990002e-05,9.999000099990002e-05,1.0,0.00039996000399960006,0.00010433739234772175
esm2_frozen_bilstm_attn,test,q3_is_H,binary,two-sided,207,-0.6885513586785628,-0.75,-0.0003230526892314033,0.05247771848633971,-13.11467658733071,1.0,9.999000099990002e-05,9.999000099990002e-05,1.0,0.00039996000399960006,0.00010433739234772175
esm2_frozen_bilstm_attn,test,q3_is_E,binary,two-sided,207,-0.22672733889138066,-0.125,-0.00013863821810820062,0.02581476789338,-8.777483555503105,1.0,9.999000099990002e-05,9.999000099990002e-05,1.0,0.00039996000399960006,0.00010433739234772175
esm2_frozen_bilstm_attn,test,q3_is_C,binary,two-sided,207,0.9152786975699436,1.0,9.389575084599087e-05,0.06424451429765939,14.24533770430327,9.999000099990002e-05,1.0,9.999000099990002e-05,0.00014116235435280002,1.0,0.00010433739234772175
esm2_frozen_bilstm_attn,test,q8_is_T,binary,upper,207,0.19890631718547092,0.2,7.363647557280618e-05,0.019078183797969658,10.421992093977956,9.999000099990002e-05,1.0,9.999000099990002e-05,0.00014116235435280002,1.0,0.00010433739234772175
esm2_frozen_bilstm_attn,test,q8_is_S,binary,upper,207,0.11947503195932774,0.0,0.00015501476834305387,0.01342930975122849,8.885044682216039,9.999000099990002e-05,1.0,9.999000099990002e-05,0.00014116235435280002,1.0,0.00010433739234772175
esm2_frozen_bilstm_attn,test,q8_turn_or_bend_TS,binary,upper,207,0.3183813491447987,0.3333333333333333,-1.7820408645329088e-05,0.027385954010042148,11.626367642211418,9.999000099990002e-05,1.0,9.999000099990002e-05,0.00014116235435280002,1.0,0.00010433739234772175
esm2_frozen_bilstm_attn,test,q8_loop_turn_bend_CTS,binary,upper,207,0.9037282587283709,1.0,-0.0004497121824696195,0.06308057713788408,14.33369845260692,9.999000099990002e-05,1.0,9.999000099990002e-05,0.00014116235435280002,1.0,0.00010433739234772175
esm2_frozen_bilstm_attn,test,structured_linker_loop,binary,upper,207,0.6618039178158305,0.7142857142857143,0.000874560611839631,0.04906367067517449,13.470850185255534,9.999000099990002e-05,1.0,9.999000099990002e-05,0.00014116235435280002,1.0,0.00010433739234772175
esm2_frozen_bilstm_attn,test,q3_boundary_within2,binary,upper,207,0.3922534556772005,0.43636363636363634,-0.00023665202154915895,0.03773694012857697,10.400687134713646,9.999000099990002e-05,1.0,9.999000099990002e-05,0.00014116235435280002,1.0,0.00010433739234772175
esm2_frozen_bilstm_attn,test,q8_boundary_within2,binary,upper,207,0.5950084372477472,0.6666666666666666,0.0011193831012609899,0.04743716006170515,12.519490065888624,9.999000099990002e-05,1.0,9.999000099990002e-05,0.00014116235435280002,1.0,0.00010433739234772175
esm2_frozen_bilstm_attn,test,distance_to_q3_boundary,distance,lower,207,-1.2967937545679054,-1.4027777777777777,-0.003522485085280435,0.22356294949615466,-5.784819320004854,1.0,9.999000099990002e-05,9.999000099990002e-05,1.0,0.00039996000399960006,0.00010433739234772175
esm2_frozen_bilstm_attn,test,distance_to_q8_boundary,distance,lower,207,-2.7071311919087524,-2.8125,-0.002019593425482733,0.26482796192542685,-10.21459961710918,1.0,9.999000099990002e-05,9.999000099990002e-05,1.0,0.00039996000399960006,0.00010433739234772175
esm2_frozen_bilstm_attn,test,rsa,continuous,two-sided,207,0.3401127162416047,0.3558070557191968,-0.0004198183371207089,0.02587476473468327,13.160797327840665,9.999000099990002e-05,1.0,9.999000099990002e-05,0.00014116235435280002,1.0,0.00010433739234772175
esm2_frozen_bilstm_attn,test,exposed_rsa_ge025,binary,two-sided,207,0.573617901071125,0.6,0.0006298179856749874,0.045363644151543016,12.630997659079384,9.999000099990002e-05,1.0,9.999000099990002e-05,0.00014116235435280002,1.0,0.00010433739234772175
esm2_frozen_bilstm_attn,test,disorder,continuous,upper,207,0.10756794121399092,0.06671124285785482,-3.606615133392617e-05,0.0106648549896616,10.089589353970124,9.999000099990002e-05,1.0,9.999000099990002e-05,0.00014116235435280002,1.0,0.00010433739234772175
esm2_frozen_bilstm_attn,test,disorder_ge05,binary,upper,207,0.07525151655866871,0.0,-0.0002099732788121759,0.011661446403957443,6.47102316672074,9.999000099990002e-05,1.0,9.999000099990002e-05,0.00014116235435280002,1.0,0.00010433739234772175
esm2_frozen_bilstm_attn,test,interface,binary,two-sided,207,0.0,0.0,0.0,0.0,,1.0,1.0,1.0,1.0,1.0,1.0
esm2_frozen_bilstm_attn,test,torsion_change_from_previous,continuous,upper,207,82.28340877954842,83.34475698206721,0.028932550527095407,6.158573757138884,13.356091762914057,9.999000099990002e-05,1.0,9.999000099990002e-05,0.00014116235435280002,1.0,0.00010433739234772175
esm2_top4_bilstm_attn,train,neq,continuous,flexibility-supporting higher,929,0.9470526112071711,0.8676969696969692,0.00019294640568119786,0.03623957672686572,26.12777935950748,9.999000099990002e-05,1.0,9.999000099990002e-05,0.00014116235435280002,1.0,0.00010433739234772175
esm2_top4_bilstm_attn,train,flexible_neq_gt1,binary,flexibility-supporting higher,929,0.8479481391175786,1.0,-0.00021887739685181887,0.028848617393232193,29.400612339689044,9.999000099990002e-05,1.0,9.999000099990002e-05,0.00014116235435280002,1.0,0.00010433739234772175
esm2_top4_bilstm_attn,train,neq_top10_within_protein,binary,flexibility-supporting higher,929,0.335623666368559,0.3333333333333333,-5.41562534671059e-05,0.01383743456179049,24.258674620867815,9.999000099990002e-05,1.0,9.999000099990002e-05,0.00014116235435280002,1.0,0.00010433739234772175
esm2_top4_bilstm_attn,train,neq_peak,binary,flexibility-supporting higher,929,0.2251557335970531,0.2,-0.00010177182100059621,0.010382687117800557,21.69549201110586,9.999000099990002e-05,1.0,9.999000099990002e-05,0.00014116235435280002,1.0,0.00010433739234772175
esm2_top4_bilstm_attn,train,distance_to_neq_peak,distance,flexibility-supporting lower,929,-6.036950018059995,-6.0,-0.0056190994218751,0.2212353269719395,-27.26206072596673,1.0,9.999000099990002e-05,9.999000099990002e-05,1.0,0.00039996000399960006,0.00010433739234772175
esm2_top4_bilstm_attn,train,distance_to_neq_top10,distance,flexibility-supporting lower,929,-5.053720862218736,-5.2,-0.003040401498415523,0.21835392601720657,-23.13070597284484,1.0,9.999000099990002e-05,9.999000099990002e-05,1.0,0.00039996000399960006,0.00010433739234772175
esm2_top4_bilstm_attn,train,q3_is_H,binary,two-sided,929,-0.7131832009858935,-0.8,0.00010091564034714089,0.025455311154849745,-28.02103310728322,1.0,9.999000099990002e-05,9.999000099990002e-05,1.0,0.00039996000399960006,0.00010433739234772175
esm2_top4_bilstm_attn,train,q3_is_E,binary,two-sided,929,-0.22439732596605746,-0.1111111111111111,1.112423915371435e-05,0.012136806963247497,-18.48990849774258,1.0,9.999000099990002e-05,9.999000099990002e-05,1.0,0.00039996000399960006,0.00010433739234772175
esm2_top4_bilstm_attn,train,q3_is_C,binary,two-sided,929,0.937580526951951,1.0,-0.00037265339510178064,0.03140282814510322,29.868430194027344,9.999000099990002e-05,1.0,9.999000099990002e-05,0.00014116235435280002,1.0,0.00010433739234772175
esm2_top4_bilstm_attn,train,q8_is_T,binary,upper,929,0.2828415288006341,0.2727272727272727,0.00010277388297851085,0.01212336997385796,23.321795468366876,9.999000099990002e-05,1.0,9.999000099990002e-05,0.00014116235435280002,1.0,0.00010433739234772175
esm2_top4_bilstm_attn,train,q8_is_S,binary,upper,929,0.12312889079682722,0.0,1.2824193659712113e-05,0.006835336534183617,18.011705200974713,9.999000099990002e-05,1.0,9.999000099990002e-05,0.00014116235435280002,1.0,0.00010433739234772175
esm2_top4_bilstm_attn,train,q8_turn_or_bend_TS,binary,upper,929,0.4059704195974614,0.4166666666666667,-0.00010051993118742666,0.01602646362291134,25.337526049610357,9.999000099990002e-05,1.0,9.999000099990002e-05,0.00014116235435280002,1.0,0.00010433739234772175
esm2_top4_bilstm_attn,train,q8_loop_turn_bend_CTS,binary,upper,929,0.9166363534771435,1.0,0.00020702443003770763,0.030481573257809057,30.06502719843459,9.999000099990002e-05,1.0,9.999000099990002e-05,0.00014116235435280002,1.0,0.00010433739234772175
esm2_top4_bilstm_attn,train,structured_linker_loop,binary,upper,929,0.7591322250885656,0.8,0.00019970443881013963,0.02598370387593954,29.208019159751657,9.999000099990002e-05,1.0,9.999000099990002e-05,0.00014116235435280002,1.0,0.00010433739234772175
esm2_top4_bilstm_attn,train,q3_boundary_within2,binary,upper,929,0.36018247468819925,0.4,-0.00022130101845552544,0.018348433954058926,19.642209063129798,9.999000099990002e-05,1.0,9.999000099990002e-05,0.00014116235435280002,1.0,0.00010433739234772175
esm2_top4_bilstm_attn,train,q8_boundary_within2,binary,upper,929,0.634205816053539,0.6666666666666667,-0.00019865148788684772,0.0239765085389637,26.459418247259354,9.999000099990002e-05,1.0,9.999000099990002e-05,0.00014116235435280002,1.0,0.00010433739234772175
esm2_top4_bilstm_attn,train,distance_to_q3_boundary,distance,lower,929,-1.6433903584888099,-1.6666666666666665,0.0007056529916628585,0.09786135767849242,-16.80025753251741,1.0,9.999000099990002e-05,9.999000099990002e-05,1.0,0.00039996000399960006,0.00010433739234772175
esm2_top4_bilstm_attn,train,distance_to_q8_boundary,distance,lower,929,-3.312333930490102,-3.352380952380952,0.0009272921328594079,0.13197734134104785,-25.104773205432533,1.0,9.999000099990002e-05,9.999000099990002e-05,1.0,0.00039996000399960006,0.00010433739234772175
esm2_top4_bilstm_attn,train,rsa,continuous,two-sided,929,0.3732268130959159,0.38006071932613855,8.316019174622081e-05,0.013022224428939666,28.654371220551365,9.999000099990002e-05,1.0,9.999000099990002e-05,0.00014116235435280002,1.0,0.00010433739234772175
esm2_top4_bilstm_attn,train,exposed_rsa_ge025,binary,two-sided,929,0.6431324747467259,0.6666666666666667,3.42128599984803e-05,0.022916906590659248,28.06217581516212,9.999000099990002e-05,1.0,9.999000099990002e-05,0.00014116235435280002,1.0,0.00010433739234772175
esm2_top4_bilstm_attn,train,disorder,continuous,upper,929,0.08086414836680425,0.049186539648669876,-3.413772463629557e-05,0.003981388974801174,20.319111396414243,9.999000099990002e-05,1.0,9.999000099990002e-05,0.00014116235435280002,1.0,0.00010433739234772175
esm2_top4_bilstm_attn,train,disorder_ge05,binary,upper,929,0.0415297277513955,0.0,1.1283996109409377e-05,0.00417447390668141,9.945790699238573,9.999000099990002e-05,1.0,9.999000099990002e-05,0.00014116235435280002,1.0,0.00010433739234772175
esm2_top4_bilstm_attn,train,interface,binary,two-sided,929,0.0,0.0,0.0,0.0,,1.0,1.0,1.0,1.0,1.0,1.0
esm2_top4_bilstm_attn,train,torsion_change_from_previous,continuous,upper,929,87.00375242836758,88.40369333144216,-0.010884386474730324,3.1381042852255328,27.728408270086742,9.999000099990002e-05,1.0,9.999000099990002e-05,0.00014116235435280002,1.0,0.00010433739234772175
esm2_top4_bilstm_attn,validation,neq,continuous,flexibility-supporting higher,207,0.9623324654054123,0.8624999999999998,-0.0005283568912309729,0.07656938665774593,12.575010253124942,9.999000099990002e-05,1.0,9.999000099990002e-05,0.00014116235435280002,1.0,0.00010433739234772175
esm2_top4_bilstm_attn,validation,flexible_neq_gt1,binary,flexibility-supporting higher,207,0.8255503822532808,0.9333333333333333,-0.001086596122610615,0.06012859146010336,13.747818771447244,9.999000099990002e-05,1.0,9.999000099990002e-05,0.00014116235435280002,1.0,0.00010433739234772175
esm2_top4_bilstm_attn,validation,neq_top10_within_protein,binary,flexibility-supporting higher,207,0.34748004276989786,0.3333333333333333,0.0004452658157730621,0.02902013336874289,11.958414268623253,9.999000099990002e-05,1.0,9.999000099990002e-05,0.00014116235435280002,1.0,0.00010433739234772175
esm2_top4_bilstm_attn,validation,neq_peak,binary,flexibility-supporting higher,207,0.21401910622925116,0.2,-0.0002341632441632441,0.020019510598200292,10.702223134898977,9.999000099990002e-05,1.0,9.999000099990002e-05,0.00014116235435280002,1.0,0.00010433739234772175
esm2_top4_bilstm_attn,validation,distance_to_neq_peak,distance,flexibility-supporting lower,207,-5.947612311199268,-6.166666666666666,-0.002479230893904805,0.4613255568859976,-12.887066392843524,1.0,9.999000099990002e-05,9.999000099990002e-05,1.0,0.00039996000399960006,0.00010433739234772175
esm2_top4_bilstm_attn,validation,distance_to_neq_top10,distance,flexibility-supporting lower,207,-5.273716789115339,-5.171428571428571,-0.004376393480378988,0.45480897973837725,-11.585831921493892,1.0,9.999000099990002e-05,9.999000099990002e-05,1.0,0.00039996000399960006,0.00010433739234772175
esm2_top4_bilstm_attn,validation,q3_is_H,binary,two-sided,207,-0.6652425875251963,-0.75,-0.00040752314379125974,0.05160511171193006,-12.883124216311087,1.0,9.999000099990002e-05,9.999000099990002e-05,1.0,0.00039996000399960006,0.00010433739234772175
esm2_top4_bilstm_attn,validation,q3_is_E,binary,two-sided,207,-0.271817869462797,-0.16666666666666666,0.0002043769006087845,0.02979908540568529,-9.128543465683258,1.0,9.999000099990002e-05,9.999000099990002e-05,1.0,0.00039996000399960006,0.00010433739234772175
esm2_top4_bilstm_attn,validation,q3_is_C,binary,two-sided,207,0.9370604569879932,1.0,0.00034029408862742207,0.06561721061358171,14.2755254930858,9.999000099990002e-05,1.0,9.999000099990002e-05,0.00014116235435280002,1.0,0.00010433739234772175
esm2_top4_bilstm_attn,validation,q8_is_T,binary,upper,207,0.32679531284603747,0.3333333333333333,-0.00041779071572549837,0.028237531373582973,11.587879238901184,9.999000099990002e-05,1.0,9.999000099990002e-05,0.00014116235435280002,1.0,0.00010433739234772175
esm2_top4_bilstm_attn,validation,q8_is_S,binary,upper,207,0.1488305977436412,0.1,0.00035957869559318835,0.01631771555400935,9.098762541645598,9.999000099990002e-05,1.0,9.999000099990002e-05,0.00014116235435280002,1.0,0.00010433739234772175
esm2_top4_bilstm_attn,validation,q8_turn_or_bend_TS,binary,upper,207,0.47562591058967874,0.5,0.000629508524218669,0.03779666368118791,12.567151589675213,9.999000099990002e-05,1.0,9.999000099990002e-05,0.00014116235435280002,1.0,0.00010433739234772175
esm2_top4_bilstm_attn,validation,q8_loop_turn_bend_CTS,binary,upper,207,0.9220414582733424,1.0,0.0006824864990082383,0.06471335746014902,14.23753932627764,9.999000099990002e-05,1.0,9.999000099990002e-05,0.00014116235435280002,1.0,0.00010433739234772175
esm2_top4_bilstm_attn,validation,structured_linker_loop,binary,upper,207,0.7791870971218796,0.8,-0.0003659656165090948,0.056331054178927496,13.838779942982258,9.999000099990002e-05,1.0,9.999000099990002e-05,0.00014116235435280002,1.0,0.00010433739234772175
esm2_top4_bilstm_attn,validation,q3_boundary_within2,binary,upper,207,0.3850169020458875,0.45833333333333337,0.00028610917799323603,0.03956584972116778,9.723809688890944,9.999000099990002e-05,1.0,9.999000099990002e-05,0.00014116235435280002,1.0,0.00010433739234772175
esm2_top4_bilstm_attn,validation,q8_boundary_within2,binary,upper,207,0.6555061417380259,0.75,0.00039119116256797426,0.05079137974597662,12.898152281979543,9.999000099990002e-05,1.0,9.999000099990002e-05,0.00014116235435280002,1.0,0.00010433739234772175
esm2_top4_bilstm_attn,validation,distance_to_q3_boundary,distance,lower,207,-1.7468116089492904,-1.9444444444444446,0.001152386515792314,0.19520271132964664,-8.954609203727841,1.0,9.999000099990002e-05,9.999000099990002e-05,1.0,0.00039996000399960006,0.00010433739234772175
esm2_top4_bilstm_attn,validation,distance_to_q8_boundary,distance,lower,207,-3.3773794710388914,-3.5,-0.0004869980408748518,0.2680751083544082,-12.596814727511376,1.0,9.999000099990002e-05,9.999000099990002e-05,1.0,0.00039996000399960006,0.00010433739234772175
esm2_top4_bilstm_attn,validation,rsa,continuous,two-sided,207,0.39062474904103994,0.3919108696681049,5.5734161064007656e-05,0.02919959865043681,13.375835043339995,9.999000099990002e-05,1.0,9.999000099990002e-05,0.00014116235435280002,1.0,0.00010433739234772175
esm2_top4_bilstm_attn,validation,exposed_rsa_ge025,binary,two-sided,207,0.6583841212464401,0.6666666666666667,-0.0002631943392088322,0.049381335521884354,13.337981012963002,9.999000099990002e-05,1.0,9.999000099990002e-05,0.00014116235435280002,1.0,0.00010433739234772175
esm2_top4_bilstm_attn,validation,disorder,continuous,upper,207,0.07636375575886584,0.04464739657487373,1.3219381842495204e-05,0.007937094124850913,9.619457092989618,9.999000099990002e-05,1.0,9.999000099990002e-05,0.00014116235435280002,1.0,0.00010433739234772175
esm2_top4_bilstm_attn,validation,disorder_ge05,binary,upper,207,0.035020199875272336,0.0,0.0002446159664275606,0.008040742209006194,4.324922128444024,9.999000099990002e-05,1.0,9.999000099990002e-05,0.00014116235435280002,1.0,0.00010433739234772175
esm2_top4_bilstm_attn,validation,interface,binary,two-sided,207,0.0,0.0,0.0,0.0,,1.0,1.0,1.0,1.0,1.0,1.0
esm2_top4_bilstm_attn,validation,torsion_change_from_previous,continuous,upper,207,92.69626956321046,90.28480080058706,0.05570116815973693,6.973486361072608,13.284684818800086,9.999000099990002e-05,1.0,9.999000099990002e-05,0.00014116235435280002,1.0,0.00010433739234772175
esm2_top4_bilstm_attn,test,neq,continuous,flexibility-supporting higher,203,0.9948018168749696,0.8981111111111113,-0.00044527552120111213,0.08281244184785966,12.018086536134346,9.999000099990002e-05,1.0,9.999000099990002e-05,0.00014116235435280002,1.0,0.00010433739234772175
esm2_top4_bilstm_attn,test,flexible_neq_gt1,binary,flexibility-supporting higher,203,0.8187799967583477,0.8888888888888888,0.0010631174640184234,0.06001833692950871,13.624450811670012,9.999000099990002e-05,1.0,9.999000099990002e-05,0.00014116235435280002,1.0,0.00010433739234772175
esm2_top4_bilstm_attn,test,neq_top10_within_protein,binary,flexibility-supporting higher,203,0.3583788935260286,0.3333333333333333,-0.0003617341621159356,0.03078465635524577,11.653228268926716,9.999000099990002e-05,1.0,9.999000099990002e-05,0.00014116235435280002,1.0,0.00010433739234772175
esm2_top4_bilstm_attn,test,neq_peak,binary,flexibility-supporting higher,203,0.24328882234638005,0.25,-0.00025571688905108656,0.023668998375802466,10.289600572384765,9.999000099990002e-05,1.0,9.999000099990002e-05,0.00014116235435280002,1.0,0.00010433739234772175
esm2_top4_bilstm_attn,test,distance_to_neq_peak,distance,flexibility-supporting lower,203,-6.0217503483610555,-6.285714285714286,-0.0090620343303601,0.45409263267933037,-13.241105187180422,1.0,9.999000099990002e-05,9.999000099990002e-05,1.0,0.00039996000399960006,0.00010433739234772175
esm2_top4_bilstm_attn,test,distance_to_neq_top10,distance,flexibility-supporting lower,203,-5.12217369564725,-5.222222222222222,0.005984520348864401,0.4369958622844846,-11.735026938670828,1.0,9.999000099990002e-05,9.999000099990002e-05,1.0,0.00039996000399960006,0.00010433739234772175
esm2_top4_bilstm_attn,test,q3_is_H,binary,two-sided,203,-0.7006430473568145,-0.75,-0.00034069609027218554,0.054140682124309975,-12.934863836008008,1.0,9.999000099990002e-05,9.999000099990002e-05,1.0,0.00039996000399960006,0.00010433739234772175
esm2_top4_bilstm_attn,test,q3_is_E,binary,two-sided,203,-0.22480912340907153,-0.14285714285714285,0.0002322185045674805,0.027086228146275985,-8.308330739087397,1.0,9.999000099990002e-05,9.999000099990002e-05,1.0,0.00039996000399960006,0.00010433739234772175
esm2_top4_bilstm_attn,test,q3_is_C,binary,two-sided,203,0.925452170765886,1.0,4.403321435859686e-05,0.06607119950875508,14.006225775103445,9.999000099990002e-05,1.0,9.999000099990002e-05,0.00014116235435280002,1.0,0.00010433739234772175
esm2_top4_bilstm_attn,test,q8_is_T,binary,upper,203,0.28908332362765865,0.2727272727272727,-0.0004237366109533596,0.025421687620164602,11.388192025810813,9.999000099990002e-05,1.0,9.999000099990002e-05,0.00014116235435280002,1.0,0.00010433739234772175
esm2_top4_bilstm_attn,test,q8_is_S,binary,upper,203,0.12989919904944533,0.0625,0.00020369860845230301,0.01455718756008099,8.909378951511666,9.999000099990002e-05,1.0,9.999000099990002e-05,0.00014116235435280002,1.0,0.00010433739234772175
esm2_top4_bilstm_attn,test,q8_turn_or_bend_TS,binary,upper,203,0.41898252267710395,0.4,0.00013464738600206573,0.03483041512989592,12.025348355138986,9.999000099990002e-05,1.0,9.999000099990002e-05,0.00014116235435280002,1.0,0.00010433739234772175
esm2_top4_bilstm_attn,test,q8_loop_turn_bend_CTS,binary,upper,203,0.909767738886873,1.0,-0.001489479808498476,0.06445887645037268,14.137032304572582,9.999000099990002e-05,1.0,9.999000099990002e-05,0.00014116235435280002,1.0,0.00010433739234772175
esm2_top4_bilstm_attn,test,structured_linker_loop,binary,upper,203,0.7694286898104631,0.8,-9.660098658867129e-05,0.05653306228649216,13.611951302006858,9.999000099990002e-05,1.0,9.999000099990002e-05,0.00014116235435280002,1.0,0.00010433739234772175
esm2_top4_bilstm_attn,test,q3_boundary_within2,binary,upper,203,0.3874270394428548,0.4555555555555556,0.0001245688582439942,0.03876690930505255,9.990542901859166,9.999000099990002e-05,1.0,9.999000099990002e-05,0.00014116235435280002,1.0,0.00010433739234772175
esm2_top4_bilstm_attn,test,q8_boundary_within2,binary,upper,203,0.6441856418003683,0.6666666666666667,0.00014226182410911485,0.050047110230398276,12.868742610938435,9.999000099990002e-05,1.0,9.999000099990002e-05,0.00014116235435280002,1.0,0.00010433739234772175
esm2_top4_bilstm_attn,test,distance_to_q3_boundary,distance,lower,203,-1.7364187471848866,-1.9090909090909087,-0.0013008226312620917,0.21509395977229312,-8.066790561624735,1.0,9.999000099990002e-05,9.999000099990002e-05,1.0,0.00039996000399960006,0.00010433739234772175
esm2_top4_bilstm_attn,test,distance_to_q8_boundary,distance,lower,203,-3.3409614785295365,-3.357142857142857,0.002141698875836807,0.284819980888676,-11.737600595907805,1.0,9.999000099990002e-05,9.999000099990002e-05,1.0,0.00039996000399960006,0.00010433739234772175
esm2_top4_bilstm_attn,test,rsa,continuous,two-sided,203,0.3778840816867001,0.384364826946209,0.0001543907732646938,0.028131887280472164,13.427100967222973,9.999000099990002e-05,1.0,9.999000099990002e-05,0.00014116235435280002,1.0,0.00010433739234772175
esm2_top4_bilstm_attn,test,exposed_rsa_ge025,binary,two-sided,203,0.6524934353233551,0.6666666666666667,0.0003937175944500288,0.04933112191363357,13.218830069799917,9.999000099990002e-05,1.0,9.999000099990002e-05,0.00014116235435280002,1.0,0.00010433739234772175
esm2_top4_bilstm_attn,test,disorder,continuous,upper,203,0.07169250247729783,0.042061157528743426,6.560232854990947e-05,0.007741548201872599,9.252270770777107,9.999000099990002e-05,1.0,9.999000099990002e-05,0.00014116235435280002,1.0,0.00010433739234772175
esm2_top4_bilstm_attn,test,disorder_ge05,binary,upper,203,0.03649999425861494,0.0,1.1822938965796101e-05,0.008567388719426753,4.258960637202252,9.999000099990002e-05,1.0,9.999000099990002e-05,0.00014116235435280002,1.0,0.00010433739234772175
esm2_top4_bilstm_attn,test,interface,binary,two-sided,203,0.0,0.0,0.0,0.0,,1.0,1.0,1.0,1.0,1.0,1.0
esm2_top4_bilstm_attn,test,torsion_change_from_previous,continuous,upper,203,89.14914393389157,86.64903702010857,0.1368276871256184,6.695253885287209,13.294838070647346,9.999000099990002e-05,1.0,9.999000099990002e-05,0.00014116235435280002,1.0,0.00010433739234772175
esm2_top28_bilstm_attn,train,neq,continuous,flexibility-supporting higher,926,1.0096839146062282,0.9034077380952381,-8.106798388831109e-05,0.03848351960047279,26.23889376733907,9.999000099990002e-05,1.0,9.999000099990002e-05,0.00014116235435280002,1.0,0.00010433739234772175
esm2_top28_bilstm_attn,train,flexible_neq_gt1,binary,flexibility-supporting higher,926,0.9032506786689432,1.0,0.00028557803377264964,0.030348248051389422,29.75345064750222,9.999000099990002e-05,1.0,9.999000099990002e-05,0.00014116235435280002,1.0,0.00010433739234772175
esm2_top28_bilstm_attn,train,neq_top10_within_protein,binary,flexibility-supporting higher,926,0.3579420590830385,0.3333333333333333,-3.066366187356161e-05,0.01461773866363806,24.488926158967182,9.999000099990002e-05,1.0,9.999000099990002e-05,0.00014116235435280002,1.0,0.00010433739234772175
esm2_top28_bilstm_attn,train,neq_peak,binary,flexibility-supporting higher,926,0.21739306862266922,0.2,8.223978180440246e-05,0.010294052331843535,21.11032874474878,9.999000099990002e-05,1.0,9.999000099990002e-05,0.00014116235435280002,1.0,0.00010433739234772175
esm2_top28_bilstm_attn,train,distance_to_neq_peak,distance,flexibility-supporting lower,926,-6.53619353881337,-6.5,0.005431097826138827,0.23936581583589164,-27.328984357250174,1.0,9.999000099990002e-05,9.999000099990002e-05,1.0,0.00039996000399960006,0.00010433739234772175
esm2_top28_bilstm_attn,train,distance_to_neq_top10,distance,flexibility-supporting lower,926,-5.9687316575557015,-6.0,0.002597991477183568,0.24940622600321513,-23.94218358027641,1.0,9.999000099990002e-05,9.999000099990002e-05,1.0,0.00039996000399960006,0.00010433739234772175
esm2_top28_bilstm_attn,train,q3_is_H,binary,two-sided,926,-0.7042112918369395,-0.8,-0.0003046467165822956,0.025712236574973766,-27.376328895693334,1.0,9.999000099990002e-05,9.999000099990002e-05,1.0,0.00039996000399960006,0.00010433739234772175
esm2_top28_bilstm_attn,train,q3_is_E,binary,two-sided,926,-0.19985417127913066,0.0,0.00012348372055144438,0.011574518799517866,-17.277405520133772,1.0,9.999000099990002e-05,9.999000099990002e-05,1.0,0.00039996000399960006,0.00010433739234772175
esm2_top28_bilstm_attn,train,q3_is_C,binary,two-sided,926,0.9040654631160703,1.0,-0.0004299599922953284,0.030382809785389004,29.769972872730637,9.999000099990002e-05,1.0,9.999000099990002e-05,0.00014116235435280002,1.0,0.00010433739234772175
esm2_top28_bilstm_attn,train,q8_is_T,binary,upper,926,0.26161887180073706,0.25,-2.6365646151001837e-05,0.011762670845347148,22.24369285572457,9.999000099990002e-05,1.0,9.999000099990002e-05,0.00014116235435280002,1.0,0.00010433739234772175
esm2_top28_bilstm_attn,train,q8_is_S,binary,upper,926,0.1007674759325447,0.0,1.7487127246422384e-05,0.006208510563226873,16.227722861911907,9.999000099990002e-05,1.0,9.999000099990002e-05,0.00014116235435280002,1.0,0.00010433739234772175
esm2_top28_bilstm_attn,train,q8_turn_or_bend_TS,binary,upper,926,0.3623863477332818,0.3333333333333333,-5.795707376778109e-06,0.014949471928505756,24.24113341084957,9.999000099990002e-05,1.0,9.999000099990002e-05,0.00014116235435280002,1.0,0.00010433739234772175
esm2_top28_bilstm_attn,train,q8_loop_turn_bend_CTS,binary,upper,926,0.884467560355551,1.0,-4.6917240621714995e-05,0.029644438390749896,29.837450989531046,9.999000099990002e-05,1.0,9.999000099990002e-05,0.00014116235435280002,1.0,0.00010433739234772175
esm2_top28_bilstm_attn,train,structured_linker_loop,binary,upper,926,0.7107145153071336,0.75,6.34968535564911e-05,0.025028998321293853,28.393106640986847,9.999000099990002e-05,1.0,9.999000099990002e-05,0.00014116235435280002,1.0,0.00010433739234772175
esm2_top28_bilstm_attn,train,q3_boundary_within2,binary,upper,926,0.35951267195850733,0.39999999999999997,-0.00010007584979692127,0.018467483038058174,19.47275365393361,9.999000099990002e-05,1.0,9.999000099990002e-05,0.00014116235435280002,1.0,0.00010433739234772175
esm2_top28_bilstm_attn,train,q8_boundary_within2,binary,upper,926,0.6281129203455192,0.6666666666666667,1.1252042492746484e-05,0.023658073997036563,26.549146324493837,9.999000099990002e-05,1.0,9.999000099990002e-05,0.00014116235435280002,1.0,0.00010433739234772175
esm2_top28_bilstm_attn,train,distance_to_q3_boundary,distance,lower,926,-1.7086834725257172,-1.75,-0.0012003622629928688,0.10142347944768129,-16.835185694290043,1.0,9.999000099990002e-05,9.999000099990002e-05,1.0,0.00039996000399960006,0.00010433739234772175
esm2_top28_bilstm_attn,train,distance_to_q8_boundary,distance,lower,926,-3.3029129496515783,-3.4000000000000004,-0.0010240627083986003,0.13297534139910544,-24.830835944485813,1.0,9.999000099990002e-05,9.999000099990002e-05,1.0,0.00039996000399960006,0.00010433739234772175
esm2_top28_bilstm_attn,train,rsa,continuous,two-sided,926,0.3477495046371841,0.3522189222226319,-7.855821046204462e-05,0.012304677798728354,28.267953743867473,9.999000099990002e-05,1.0,9.999000099990002e-05,0.00014116235435280002,1.0,0.00010433739234772175
esm2_top28_bilstm_attn,train,exposed_rsa_ge025,binary,two-sided,926,0.5963674930492046,0.625,0.00013006930215957854,0.021955813914992482,27.15624326456445,9.999000099990002e-05,1.0,9.999000099990002e-05,0.00014116235435280002,1.0,0.00010433739234772175
esm2_top28_bilstm_attn,train,disorder,continuous,upper,926,0.09031164004409307,0.05561926275452911,-2.9916168258588476e-06,0.004398166459229054,20.534609705688585,9.999000099990002e-05,1.0,9.999000099990002e-05,0.00014116235435280002,1.0,0.00010433739234772175
esm2_top28_bilstm_attn,train,disorder_ge05,binary,upper,926,0.050643327280457916,0.0,2.134749453216141e-05,0.004575518236909992,11.063660369128492,9.999000099990002e-05,1.0,9.999000099990002e-05,0.00014116235435280002,1.0,0.00010433739234772175
esm2_top28_bilstm_attn,train,interface,binary,two-sided,926,0.0,0.0,0.0,0.0,,1.0,1.0,1.0,1.0,1.0,1.0
esm2_top28_bilstm_attn,train,torsion_change_from_previous,continuous,upper,926,82.86698071166288,84.52815007170355,-0.004137596567791681,3.0716837609959873,26.979052778974836,9.999000099990002e-05,1.0,9.999000099990002e-05,0.00014116235435280002,1.0,0.00010433739234772175
esm2_top28_bilstm_attn,validation,neq,continuous,flexibility-supporting higher,208,1.0076348127625736,0.9580416666666667,-0.0006020492342106469,0.08152744817611274,12.366839445518108,9.999000099990002e-05,1.0,9.999000099990002e-05,0.00014116235435280002,1.0,0.00010433739234772175
esm2_top28_bilstm_attn,validation,flexible_neq_gt1,binary,flexibility-supporting higher,208,0.8158003282225568,0.9166666666666666,0.0010681347199651783,0.06020884967586643,13.531768135227495,9.999000099990002e-05,1.0,9.999000099990002e-05,0.00014116235435280002,1.0,0.00010433739234772175
esm2_top28_bilstm_attn,validation,neq_top10_within_protein,binary,flexibility-supporting higher,208,0.3530874040489425,0.3333333333333333,0.00010571486339515185,0.03008275908339766,11.733687332567643,9.999000099990002e-05,1.0,9.999000099990002e-05,0.00014116235435280002,1.0,0.00010433739234772175
esm2_top28_bilstm_attn,validation,neq_peak,binary,flexibility-supporting higher,208,0.21095056119094582,0.2,-0.0001880598995022073,0.02060033458549754,10.249281156777318,9.999000099990002e-05,1.0,9.999000099990002e-05,0.00014116235435280002,1.0,0.00010433739234772175
esm2_top28_bilstm_attn,validation,distance_to_neq_peak,distance,flexibility-supporting lower,208,-6.280961374598252,-6.240384615384616,0.013873409290087743,0.4787683428656574,-13.147976213737827,1.0,9.999000099990002e-05,9.999000099990002e-05,1.0,0.00039996000399960006,0.00010433739234772175
esm2_top28_bilstm_attn,validation,distance_to_neq_top10,distance,flexibility-supporting lower,208,-5.638982605661056,-5.857323232323232,-0.0017144155357588598,0.48052144283840775,-11.73156427073542,1.0,9.999000099990002e-05,9.999000099990002e-05,1.0,0.00039996000399960006,0.00010433739234772175
esm2_top28_bilstm_attn,validation,q3_is_H,binary,two-sided,208,-0.6708261505808168,-0.75,0.0011871128271552479,0.051817314707511865,-12.968894030908775,1.0,9.999000099990002e-05,9.999000099990002e-05,1.0,0.00039996000399960006,0.00010433739234772175
esm2_top28_bilstm_attn,validation,q3_is_E,binary,two-sided,208,-0.25653953261419327,-0.125,0.00013029329966476462,0.028562652848157243,-8.986204022376633,1.0,9.999000099990002e-05,9.999000099990002e-05,1.0,0.00039996000399960006,0.00010433739234772175
esm2_top28_bilstm_attn,validation,q3_is_C,binary,two-sided,208,0.9273656831950101,1.0,-3.0219938981958407e-05,0.06552226464061565,14.153904908822733,9.999000099990002e-05,1.0,9.999000099990002e-05,0.00014116235435280002,1.0,0.00010433739234772175
esm2_top28_bilstm_attn,validation,q8_is_T,binary,upper,208,0.2959550799094068,0.2857142857142857,-0.00035793312723601193,0.026086637498913188,11.358804408923445,9.999000099990002e-05,1.0,9.999000099990002e-05,0.00014116235435280002,1.0,0.00010433739234772175
esm2_top28_bilstm_attn,validation,q8_is_S,binary,upper,208,0.12808536282093974,0.0,0.0002023714026358258,0.014447320833609043,8.851675192317153,9.999000099990002e-05,1.0,9.999000099990002e-05,0.00014116235435280002,1.0,0.00010433739234772175
esm2_top28_bilstm_attn,validation,q8_turn_or_bend_TS,binary,upper,208,0.42404044273034663,0.4083333333333333,-0.0006868517820320707,0.03453870277198737,12.297140900637821,9.999000099990002e-05,1.0,9.999000099990002e-05,0.00014116235435280002,1.0,0.00010433739234772175
esm2_top28_bilstm_attn,validation,q8_loop_turn_bend_CTS,binary,upper,208,0.9144370119730697,1.0,0.0006016860183086142,0.06420836482648316,14.232340730437722,9.999000099990002e-05,1.0,9.999000099990002e-05,0.00014116235435280002,1.0,0.00010433739234772175
esm2_top28_bilstm_attn,validation,structured_linker_loop,binary,upper,208,0.7373026679517065,0.75,-0.0004082182654418231,0.05429714164246053,13.58655103936919,9.999000099990002e-05,1.0,9.999000099990002e-05,0.00014116235435280002,1.0,0.00010433739234772175
esm2_top28_bilstm_attn,validation,q3_boundary_within2,binary,upper,208,0.35701552877740667,0.4023809523809524,-0.0002952844566977767,0.03805123101935138,9.390256337630445,9.999000099990002e-05,1.0,9.999000099990002e-05,0.00014116235435280002,1.0,0.00010433739234772175
esm2_top28_bilstm_attn,validation,q8_boundary_within2,binary,upper,208,0.6494696138608751,0.7116883116883116,0.000318179815251365,0.050967660645085934,12.736535792097648,9.999000099990002e-05,1.0,9.999000099990002e-05,0.00014116235435280002,1.0,0.00010433739234772175
esm2_top28_bilstm_attn,validation,distance_to_q3_boundary,distance,lower,208,-1.8796500539430403,-2.0,-0.0021964720556278813,0.2248661715911018,-8.349204189331719,1.0,9.999000099990002e-05,9.999000099990002e-05,1.0,0.00039996000399960006,0.00010433739234772175
esm2_top28_bilstm_attn,validation,distance_to_q8_boundary,distance,lower,208,-3.474971722203764,-3.6458333333333335,0.0013253114011428505,0.2961618777036329,-11.73782750352364,1.0,9.999000099990002e-05,9.999000099990002e-05,1.0,0.00039996000399960006,0.00010433739234772175
esm2_top28_bilstm_attn,validation,rsa,continuous,two-sided,208,0.3878056215588848,0.37607835346300694,-0.00022349718943998967,0.028366979435564633,13.678901542186747,9.999000099990002e-05,1.0,9.999000099990002e-05,0.00014116235435280002,1.0,0.00010433739234772175
esm2_top28_bilstm_attn,validation,exposed_rsa_ge025,binary,two-sided,208,0.6527096783778062,0.6666666666666667,0.0006980202987372104,0.04948518537733026,13.175896040550414,9.999000099990002e-05,1.0,9.999000099990002e-05,0.00014116235435280002,1.0,0.00010433739234772175
esm2_top28_bilstm_attn,validation,disorder,continuous,upper,208,0.09326742637595808,0.06032589950773401,2.1443686594688267e-05,0.009496574722043532,9.818906860483075,9.999000099990002e-05,1.0,9.999000099990002e-05,0.00014116235435280002,1.0,0.00010433739234772175
esm2_top28_bilstm_attn,validation,disorder_ge05,binary,upper,208,0.04552319341982803,0.0,0.00014850585312123775,0.007878938987824892,5.758984507536237,9.999000099990002e-05,1.0,9.999000099990002e-05,0.00014116235435280002,1.0,0.00010433739234772175
esm2_top28_bilstm_attn,validation,interface,binary,two-sided,208,0.0,0.0,0.0,0.0,,1.0,1.0,1.0,1.0,1.0,1.0
esm2_top28_bilstm_attn,validation,torsion_change_from_previous,continuous,upper,208,90.41160269659518,89.12503291183506,-0.03714435538046235,6.867716428341012,13.170134206287363,9.999000099990002e-05,1.0,9.999000099990002e-05,0.00014116235435280002,1.0,0.00010433739234772175
esm2_top28_bilstm_attn,test,neq,continuous,flexibility-supporting higher,205,1.0097823309425449,0.8993333333333333,0.0007591173121846627,0.08186713620152117,12.325131431818813,9.999000099990002e-05,1.0,9.999000099990002e-05,0.00014116235435280002,1.0,0.00010433739234772175
esm2_top28_bilstm_attn,test,flexible_neq_gt1,binary,flexibility-supporting higher,205,0.8310505613384493,0.9090909090909091,0.00033423508858346115,0.06009247985821942,13.823964799086934,9.999000099990002e-05,1.0,9.999000099990002e-05,0.00014116235435280002,1.0,0.00010433739234772175
esm2_top28_bilstm_attn,test,neq_top10_within_protein,binary,flexibility-supporting higher,205,0.33881363681736476,0.3333333333333333,0.00023513380869488295,0.02810712309484177,12.046003494068232,9.999000099990002e-05,1.0,9.999000099990002e-05,0.00014116235435280002,1.0,0.00010433739234772175
esm2_top28_bilstm_attn,test,neq_peak,binary,flexibility-supporting higher,205,0.22942867412997656,0.21052631578947367,-8.319326577939658e-05,0.022568969553964577,10.169355178000972,9.999000099990002e-05,1.0,9.999000099990002e-05,0.00014116235435280002,1.0,0.00010433739234772175
esm2_top28_bilstm_attn,test,distance_to_neq_peak,distance,flexibility-supporting lower,205,-5.988702099900682,-6.174242424242424,-0.004573796679076412,0.47456512850930427,-12.60970927640395,1.0,9.999000099990002e-05,9.999000099990002e-05,1.0,0.00039996000399960006,0.00010433739234772175
esm2_top28_bilstm_attn,test,distance_to_neq_top10,distance,flexibility-supporting lower,205,-5.346518855495953,-5.5,0.005256264981638671,0.45655675815489477,-11.72203680021293,1.0,9.999000099990002e-05,9.999000099990002e-05,1.0,0.00039996000399960006,0.00010433739234772175
esm2_top28_bilstm_attn,test,q3_is_H,binary,two-sided,205,-0.7229032718845467,-0.8,0.00034585767744748025,0.05478056474357318,-13.202659245071862,1.0,9.999000099990002e-05,9.999000099990002e-05,1.0,0.00039996000399960006,0.00010433739234772175
esm2_top28_bilstm_attn,test,q3_is_E,binary,two-sided,205,-0.20452010477042565,-0.04999999999999999,5.381156512863829e-05,0.024502119139832215,-8.349233597635472,1.0,9.999000099990002e-05,9.999000099990002e-05,1.0,0.00039996000399960006,0.00010433739234772175
esm2_top28_bilstm_attn,test,q3_is_C,binary,two-sided,205,0.9274233766549725,1.0,-0.000645591780565995,0.06588530479088435,14.086130000933725,9.999000099990002e-05,1.0,9.999000099990002e-05,0.00014116235435280002,1.0,0.00010433739234772175
esm2_top28_bilstm_attn,test,q8_is_T,binary,upper,205,0.25557111055810944,0.25,-0.00014407397076201265,0.02278685834390555,11.222046526535047,9.999000099990002e-05,1.0,9.999000099990002e-05,0.00014116235435280002,1.0,0.00010433739234772175
esm2_top28_bilstm_attn,test,q8_is_S,binary,upper,205,0.11857918272211797,0.0,9.90694735038999e-05,0.013176890131346566,8.99150801650544,9.999000099990002e-05,1.0,9.999000099990002e-05,0.00014116235435280002,1.0,0.00010433739234772175
esm2_top28_bilstm_attn,test,q8_turn_or_bend_TS,binary,upper,205,0.3741502932802274,0.35714285714285715,0.0003622570349914953,0.03129263490556274,11.94492050200571,9.999000099990002e-05,1.0,9.999000099990002e-05,0.00014116235435280002,1.0,0.00010433739234772175
esm2_top28_bilstm_attn,test,q8_loop_turn_bend_CTS,binary,upper,205,0.9102179490772726,1.0,0.0004593551382045549,0.064385110408876,14.129953154722719,9.999000099990002e-05,1.0,9.999000099990002e-05,0.00014116235435280002,1.0,0.00010433739234772175
esm2_top28_bilstm_attn,test,structured_linker_loop,binary,upper,205,0.7315475266674833,0.8,0.0009448274847635082,0.05428183048939468,13.459433710981088,9.999000099990002e-05,1.0,9.999000099990002e-05,0.00014116235435280002,1.0,0.00010433739234772175
esm2_top28_bilstm_attn,test,q3_boundary_within2,binary,upper,205,0.3522838606661479,0.35714285714285715,-0.0002544719819720083,0.03772674841808387,9.34451940414602,9.999000099990002e-05,1.0,9.999000099990002e-05,0.00014116235435280002,1.0,0.00010433739234772175
esm2_top28_bilstm_attn,test,q8_boundary_within2,binary,upper,205,0.6235309895610825,0.6666666666666667,0.0007724541363908806,0.04949377456482129,12.582562976866386,9.999000099990002e-05,1.0,9.999000099990002e-05,0.00014116235435280002,1.0,0.00010433739234772175
esm2_top28_bilstm_attn,test,distance_to_q3_boundary,distance,lower,205,-1.5390333643147434,-1.7545454545454544,0.0023453159829573984,0.2270075818521267,-6.789987663503498,1.0,9.999000099990002e-05,9.999000099990002e-05,1.0,0.00039996000399960006,0.00010433739234772175
esm2_top28_bilstm_attn,test,distance_to_q8_boundary,distance,lower,205,-3.203770986261301,-3.333333333333333,0.003730452795261775,0.29670478546809764,-10.810413569825757,1.0,9.999000099990002e-05,9.999000099990002e-05,1.0,0.00039996000399960006,0.00010433739234772175
esm2_top28_bilstm_attn,test,rsa,continuous,two-sided,205,0.3664210631213819,0.36246321820432237,2.763434184813406e-05,0.027283435491164906,13.429152970789971,9.999000099990002e-05,1.0,9.999000099990002e-05,0.00014116235435280002,1.0,0.00010433739234772175
esm2_top28_bilstm_attn,test,exposed_rsa_ge025,binary,two-sided,205,0.62707139083021,0.6666666666666667,0.0006872791104399961,0.04843424053668377,12.932671283352754,9.999000099990002e-05,1.0,9.999000099990002e-05,0.00014116235435280002,1.0,0.00010433739234772175
esm2_top28_bilstm_attn,test,disorder,continuous,upper,205,0.09381762987786556,0.05325540846388317,-0.00019924731967792226,0.010395254395081766,9.044211293378739,9.999000099990002e-05,1.0,9.999000099990002e-05,0.00014116235435280002,1.0,0.00010433739234772175
esm2_top28_bilstm_attn,test,disorder_ge05,binary,upper,205,0.06178977725606132,0.0,-3.421121027864209e-05,0.011422550222473193,5.412450570338042,9.999000099990002e-05,1.0,9.999000099990002e-05,0.00014116235435280002,1.0,0.00010433739234772175
esm2_top28_bilstm_attn,test,interface,binary,two-sided,205,0.0,0.0,0.0,0.0,,1.0,1.0,1.0,1.0,1.0,1.0
esm2_top28_bilstm_attn,test,torsion_change_from_previous,continuous,upper,205,85.32755316758889,87.97152941997895,-0.004407732755344782,6.4844645546752515,13.15944596209112,9.999000099990002e-05,1.0,9.999000099990002e-05,0.00014116235435280002,1.0,0.00010433739234772175
esm3_frozen_bilstm_attn,train,neq,continuous,flexibility-supporting higher,940,0.9727629637674474,0.8927303921568627,0.00011135478616835294,0.0366846427617795,26.51386345227416,9.999000099990002e-05,1.0,9.999000099990002e-05,0.00014116235435280002,1.0,0.00010433739234772175
esm3_frozen_bilstm_attn,train,flexible_neq_gt1,binary,flexibility-supporting higher,940,0.8640510510357959,1.0,0.0007601918788885213,0.02903333099723263,29.734475153374365,9.999000099990002e-05,1.0,9.999000099990002e-05,0.00014116235435280002,1.0,0.00010433739234772175
esm3_frozen_bilstm_attn,train,neq_top10_within_protein,binary,flexibility-supporting higher,940,0.3442261242312379,0.3333333333333333,-5.440235818792916e-05,0.013986798510585262,24.61467692759519,9.999000099990002e-05,1.0,9.999000099990002e-05,0.00014116235435280002,1.0,0.00010433739234772175
esm3_frozen_bilstm_attn,train,neq_peak,binary,flexibility-supporting higher,940,0.2064966156367751,0.2,-7.431428961910913e-06,0.009433356350173595,21.890834969033783,9.999000099990002e-05,1.0,9.999000099990002e-05,0.00014116235435280002,1.0,0.00010433739234772175
esm3_frozen_bilstm_attn,train,distance_to_neq_peak,distance,flexibility-supporting lower,940,-5.852701298947912,-5.728409090909091,0.0024695659881703467,0.21195807584707926,-27.62419332944122,1.0,9.999000099990002e-05,9.999000099990002e-05,1.0,0.00039996000399960006,0.00010433739234772175
esm3_frozen_bilstm_attn,train,distance_to_neq_top10,distance,flexibility-supporting lower,940,-5.1925057888119746,-5.202272727272727,0.004775204804371199,0.21395674464226705,-24.29126972513128,1.0,9.999000099990002e-05,9.999000099990002e-05,1.0,0.00039996000399960006,0.00010433739234772175
esm3_frozen_bilstm_attn,train,q3_is_H,binary,two-sided,940,-0.6946918282506396,-0.7692307692307692,0.000330906089857896,0.024936351764827794,-27.87186918500294,1.0,9.999000099990002e-05,9.999000099990002e-05,1.0,0.00039996000399960006,0.00010433739234772175
esm3_frozen_bilstm_attn,train,q3_is_E,binary,two-sided,940,-0.2217589768162327,-0.1111111111111111,-1.3079781497554732e-06,0.012025624535226147,-18.44042845246812,1.0,9.999000099990002e-05,9.999000099990002e-05,1.0,0.00039996000399960006,0.00010433739234772175
esm3_frozen_bilstm_attn,train,q3_is_C,binary,two-sided,940,0.9164508050668723,1.0,-0.00018712073410665221,0.03054305642222211,30.011335903307426,9.999000099990002e-05,1.0,9.999000099990002e-05,0.00014116235435280002,1.0,0.00010433739234772175
esm3_frozen_bilstm_attn,train,q8_is_T,binary,upper,940,0.23722099722622686,0.23076923076923078,-4.899565434571788e-05,0.010714203221099956,22.145369840783516,9.999000099990002e-05,1.0,9.999000099990002e-05,0.00014116235435280002,1.0,0.00010433739234772175
esm3_frozen_bilstm_attn,train,q8_is_S,binary,upper,940,0.11988846884203028,0.0,3.8612389803465394e-05,0.0066314996703529545,18.072813452443093,9.999000099990002e-05,1.0,9.999000099990002e-05,0.00014116235435280002,1.0,0.00010433739234772175
esm3_frozen_bilstm_attn,train,q8_turn_or_bend_TS,binary,upper,940,0.35710946606825716,0.3333333333333333,0.00011622076515134353,0.014259996995889148,25.034594706157325,9.999000099990002e-05,1.0,9.999000099990002e-05,0.00014116235435280002,1.0,0.00010433739234772175
esm3_frozen_bilstm_attn,train,q8_loop_turn_bend_CTS,binary,upper,940,0.9007979282713595,1.0,0.0006596629951315091,0.029507015110109856,30.505907219595983,9.999000099990002e-05,1.0,9.999000099990002e-05,0.00014116235435280002,1.0,0.00010433739234772175
esm3_frozen_bilstm_attn,train,structured_linker_loop,binary,upper,940,0.7208755139193667,0.75,-8.049778691470653e-05,0.025009706048813585,28.827048598617264,9.999000099990002e-05,1.0,9.999000099990002e-05,0.00014116235435280002,1.0,0.00010433739234772175
esm3_frozen_bilstm_attn,train,q3_boundary_within2,binary,upper,940,0.3501783631700823,0.4,-0.00022861328184114668,0.017964295327752573,19.505745706072243,9.999000099990002e-05,1.0,9.999000099990002e-05,0.00014116235435280002,1.0,0.00010433739234772175
esm3_frozen_bilstm_attn,train,q8_boundary_within2,binary,upper,940,0.5971887241621545,0.6666666666666666,-0.00012542848595949855,0.022369743512625016,26.70187757454628,9.999000099990002e-05,1.0,9.999000099990002e-05,0.00014116235435280002,1.0,0.00010433739234772175
esm3_frozen_bilstm_attn,train,distance_to_q3_boundary,distance,lower,940,-1.3545949468981318,-1.5,0.0013046998091565702,0.0985956085700842,-13.75213020510423,1.0,9.999000099990002e-05,9.999000099990002e-05,1.0,0.00039996000399960006,0.00010433739234772175
esm3_frozen_bilstm_attn,train,distance_to_q8_boundary,distance,lower,940,-2.909593258239445,-3.0669590643274853,-0.0013993916628168006,0.12557949653263467,-23.158190205204942,1.0,9.999000099990002e-05,9.999000099990002e-05,1.0,0.00039996000399960006,0.00010433739234772175
esm3_frozen_bilstm_attn,train,rsa,continuous,two-sided,940,0.3276342853886435,0.33628676709098126,-0.00014573337318322957,0.011509092275055772,28.480093036723726,9.999000099990002e-05,1.0,9.999000099990002e-05,0.00014116235435280002,1.0,0.00010433739234772175
esm3_frozen_bilstm_attn,train,exposed_rsa_ge025,binary,two-sided,940,0.5602669064030541,0.5895194508009154,4.280693357728573e-05,0.02084789811109705,26.87197032929076,9.999000099990002e-05,1.0,9.999000099990002e-05,0.00014116235435280002,1.0,0.00010433739234772175
esm3_frozen_bilstm_attn,train,disorder,continuous,upper,940,0.08669336378915084,0.05640311214370308,-1.885117366457435e-05,0.004149988104651648,20.894569520722534,9.999000099990002e-05,1.0,9.999000099990002e-05,0.00014116235435280002,1.0,0.00010433739234772175
esm3_frozen_bilstm_attn,train,disorder_ge05,binary,upper,940,0.04727450603295123,0.0,6.625968144605824e-05,0.0044043497918423696,10.718550656204272,9.999000099990002e-05,1.0,9.999000099990002e-05,0.00014116235435280002,1.0,0.00010433739234772175
esm3_frozen_bilstm_attn,train,interface,binary,two-sided,940,0.0,0.0,0.0,0.0,,1.0,1.0,1.0,1.0,1.0,1.0
esm3_frozen_bilstm_attn,train,torsion_change_from_previous,continuous,upper,940,86.57506197428424,86.85687520138048,-0.029736854643611685,3.085374561798663,28.06946031811462,9.999000099990002e-05,1.0,9.999000099990002e-05,0.00014116235435280002,1.0,0.00010433739234772175
esm3_frozen_bilstm_attn,validation,neq,continuous,flexibility-supporting higher,205,1.0187498256151628,0.9575121212121214,0.001018853404021081,0.08109131597991621,12.550431077764255,9.999000099990002e-05,1.0,9.999000099990002e-05,0.00014116235435280002,1.0,0.00010433739234772175
esm3_frozen_bilstm_attn,validation,flexible_neq_gt1,binary,flexibility-supporting higher,205,0.8276818156337525,0.9230769230769231,-0.0006783187509127249,0.06014744560367413,13.772158170156183,9.999000099990002e-05,1.0,9.999000099990002e-05,0.00014116235435280002,1.0,0.00010433739234772175
esm3_frozen_bilstm_attn,validation,neq_top10_within_protein,binary,flexibility-supporting higher,205,0.3620885053094522,0.3333333333333333,0.0004093045629645344,0.03046493290062161,11.871984157204823,9.999000099990002e-05,1.0,9.999000099990002e-05,0.00014116235435280002,1.0,0.00010433739234772175
esm3_frozen_bilstm_attn,validation,neq_peak,binary,flexibility-supporting higher,205,0.20145757518426097,0.2,-1.9526204785171807e-05,0.019234759527771827,10.474635833016075,9.999000099990002e-05,1.0,9.999000099990002e-05,0.00014116235435280002,1.0,0.00010433739234772175
esm3_frozen_bilstm_attn,validation,distance_to_neq_peak,distance,flexibility-supporting lower,205,-5.769413440059064,-5.833333333333333,0.0010475408040867163,0.43945915114299605,-13.130824482445457,1.0,9.999000099990002e-05,9.999000099990002e-05,1.0,0.00039996000399960006,0.00010433739234772175
esm3_frozen_bilstm_attn,validation,distance_to_neq_top10,distance,flexibility-supporting lower,205,-5.102553424974516,-5.319444444444445,-0.007198051341453062,0.4382270371263085,-11.627204489814371,1.0,9.999000099990002e-05,9.999000099990002e-05,1.0,0.00039996000399960006,0.00010433739234772175
esm3_frozen_bilstm_attn,validation,q3_is_H,binary,two-sided,205,-0.6613994131964,-0.7321428571428571,5.495711119742657e-05,0.0515072338974031,-12.841970345857511,1.0,9.999000099990002e-05,9.999000099990002e-05,1.0,0.00039996000399960006,0.00010433739234772175
esm3_frozen_bilstm_attn,validation,q3_is_E,binary,two-sided,205,-0.2527958475447715,-0.15238095238095237,3.521579679685842e-05,0.028452938309066405,-8.885938618894938,1.0,9.999000099990002e-05,9.999000099990002e-05,1.0,0.00039996000399960006,0.00010433739234772175
esm3_frozen_bilstm_attn,validation,q3_is_C,binary,two-sided,205,0.9141952607411717,1.0,-0.0003683770893541338,0.06483907466013795,14.105130935694634,9.999000099990002e-05,1.0,9.999000099990002e-05,0.00014116235435280002,1.0,0.00010433739234772175
esm3_frozen_bilstm_attn,validation,q8_is_T,binary,upper,205,0.26156807842245433,0.25,0.00017890382533137202,0.024298144539845527,10.757577565994046,9.999000099990002e-05,1.0,9.999000099990002e-05,0.00014116235435280002,1.0,0.00010433739234772175
esm3_frozen_bilstm_attn,validation,q8_is_S,binary,upper,205,0.1489471508087003,0.125,-0.00014035252695654416,0.01551451952640245,9.609546920350402,9.999000099990002e-05,1.0,9.999000099990002e-05,0.00014116235435280002,1.0,0.00010433739234772175
esm3_frozen_bilstm_attn,validation,q8_turn_or_bend_TS,binary,upper,205,0.41051522923115463,0.4,4.609596923083281e-05,0.033971800188740235,12.08264298569528,9.999000099990002e-05,1.0,9.999000099990002e-05,0.00014116235435280002,1.0,0.00010433739234772175
esm3_frozen_bilstm_attn,validation,q8_loop_turn_bend_CTS,binary,upper,205,0.9028975746873881,1.0,-5.449753825004906e-05,0.06414859621848114,14.07594437687007,9.999000099990002e-05,1.0,9.999000099990002e-05,0.00014116235435280002,1.0,0.00010433739234772175
esm3_frozen_bilstm_attn,validation,structured_linker_loop,binary,upper,205,0.7287419487096675,0.75,-7.204556204197524e-05,0.05256857243556817,13.86406288976168,9.999000099990002e-05,1.0,9.999000099990002e-05,0.00014116235435280002,1.0,0.00010433739234772175
esm3_frozen_bilstm_attn,validation,q3_boundary_within2,binary,upper,205,0.35437024835518377,0.4166666666666667,8.548714158471693e-07,0.03711301249759406,9.54838666105967,9.999000099990002e-05,1.0,9.999000099990002e-05,0.00014116235435280002,1.0,0.00010433739234772175
esm3_frozen_bilstm_attn,validation,q8_boundary_within2,binary,upper,205,0.6261311389073226,0.6666666666666667,0.0004947463515282742,0.049302213510175885,12.689823600448776,9.999000099990002e-05,1.0,9.999000099990002e-05,0.00014116235435280002,1.0,0.00010433739234772175
esm3_frozen_bilstm_attn,validation,distance_to_q3_boundary,distance,lower,205,-1.5462472339552682,-1.6666666666666665,0.0008308725625562074,0.18647170405372937,-8.29658373300463,1.0,9.999000099990002e-05,9.999000099990002e-05,1.0,0.00039996000399960006,0.00010433739234772175
esm3_frozen_bilstm_attn,validation,distance_to_q8_boundary,distance,lower,205,-3.1322089030051723,-3.266666666666667,0.0010800175069629867,0.2591652177077395,-12.08992837937668,1.0,9.999000099990002e-05,9.999000099990002e-05,1.0,0.00039996000399960006,0.00010433739234772175
esm3_frozen_bilstm_attn,validation,rsa,continuous,two-sided,205,0.3622265055220852,0.3638812750577927,-0.0001865766220553515,0.02719407531166195,13.326913233513137,9.999000099990002e-05,1.0,9.999000099990002e-05,0.00014116235435280002,1.0,0.00010433739234772175
esm3_frozen_bilstm_attn,validation,exposed_rsa_ge025,binary,two-sided,205,0.6177113664272919,0.6666666666666666,6.471249920173887e-05,0.047778343317079384,12.927335086298383,9.999000099990002e-05,1.0,9.999000099990002e-05,0.00014116235435280002,1.0,0.00010433739234772175
esm3_frozen_bilstm_attn,validation,disorder,continuous,upper,205,0.08905547179304173,0.0615546192391776,-0.00014124743251682747,0.00890027794530808,10.02179030516457,9.999000099990002e-05,1.0,9.999000099990002e-05,0.00014116235435280002,1.0,0.00010433739234772175
esm3_frozen_bilstm_attn,validation,disorder_ge05,binary,upper,205,0.05115823878019,0.0,9.531932159980939e-05,0.008294185193222163,6.156472066758016,9.999000099990002e-05,1.0,9.999000099990002e-05,0.00014116235435280002,1.0,0.00010433739234772175
esm3_frozen_bilstm_attn,validation,interface,binary,two-sided,205,0.0,0.0,0.0,0.0,,1.0,1.0,1.0,1.0,1.0,1.0
esm3_frozen_bilstm_attn,validation,torsion_change_from_previous,continuous,upper,205,90.89724466047669,88.57789360425886,-0.050018694919072446,6.735851655518271,13.501969462300767,9.999000099990002e-05,1.0,9.999000099990002e-05,0.00014116235435280002,1.0,0.00010433739234772175
esm3_frozen_bilstm_attn,test,neq,continuous,flexibility-supporting higher,207,1.016655392115331,0.977396825396825,-0.00015427330753650567,0.0798818184217555,12.728924873171684,9.999000099990002e-05,1.0,9.999000099990002e-05,0.00014116235435280002,1.0,0.00010433739234772175
esm3_frozen_bilstm_attn,test,flexible_neq_gt1,binary,flexibility-supporting higher,207,0.8131683817745199,0.8888888888888888,-0.00013693692354817678,0.05900485252709081,13.78370225270297,9.999000099990002e-05,1.0,9.999000099990002e-05,0.00014116235435280002,1.0,0.00010433739234772175
esm3_frozen_bilstm_attn,test,neq_top10_within_protein,binary,flexibility-supporting higher,207,0.35422662888562295,0.3333333333333333,-2.700765623186767e-05,0.029316574045563384,12.083732430374678,9.999000099990002e-05,1.0,9.999000099990002e-05,0.00014116235435280002,1.0,0.00010433739234772175
esm3_frozen_bilstm_attn,test,neq_peak,binary,flexibility-supporting higher,207,0.21793644847779542,0.2,5.8643904325916317e-05,0.020661472221497473,10.54512486998753,9.999000099990002e-05,1.0,9.999000099990002e-05,0.00014116235435280002,1.0,0.00010433739234772175
esm3_frozen_bilstm_attn,test,distance_to_neq_peak,distance,flexibility-supporting lower,207,-5.900026382635079,-5.8090909090909095,0.0018920109677824932,0.4386403711080807,-13.455027814000807,1.0,9.999000099990002e-05,9.999000099990002e-05,1.0,0.00039996000399960006,0.00010433739234772175
esm3_frozen_bilstm_attn,test,distance_to_neq_top10,distance,flexibility-supporting lower,207,-5.168949635978621,-5.0,0.0024856040984685486,0.43838859243609785,-11.796463980368989,1.0,9.999000099990002e-05,9.999000099990002e-05,1.0,0.00039996000399960006,0.00010433739234772175
esm3_frozen_bilstm_attn,test,q3_is_H,binary,two-sided,207,-0.702485936437343,-0.7692307692307693,0.00036736651290359724,0.053620399056986776,-13.107946141976061,1.0,9.999000099990002e-05,9.999000099990002e-05,1.0,0.00039996000399960006,0.00010433739234772175
esm3_frozen_bilstm_attn,test,q3_is_E,binary,two-sided,207,-0.21106094577961584,-0.14285714285714285,-0.0004275223535581592,0.0246714696186872,-8.537530462575894,1.0,9.999000099990002e-05,9.999000099990002e-05,1.0,0.00039996000399960006,0.00010433739234772175
esm3_frozen_bilstm_attn,test,q3_is_C,binary,two-sided,207,0.9135468822169589,1.0,-0.0003120279515249677,0.06480577510352814,14.101504205583243,9.999000099990002e-05,1.0,9.999000099990002e-05,0.00014116235435280002,1.0,0.00010433739234772175
esm3_frozen_bilstm_attn,test,q8_is_T,binary,upper,207,0.2286297990475313,0.2222222222222222,0.00012371803751172892,0.021463997572802207,10.646016905050704,9.999000099990002e-05,1.0,9.999000099990002e-05,0.00014116235435280002,1.0,0.00010433739234772175
esm3_frozen_bilstm_attn,test,q8_is_S,binary,upper,207,0.12436618510787309,0.0,-7.531237494153096e-05,0.0151296620698246,8.225001781831423,9.999000099990002e-05,1.0,9.999000099990002e-05,0.00014116235435280002,1.0,0.00010433739234772175
esm3_frozen_bilstm_attn,test,q8_turn_or_bend_TS,binary,upper,207,0.3529959841554044,0.3333333333333333,0.000294708692368539,0.029796179765820063,11.8371307407545,9.999000099990002e-05,1.0,9.999000099990002e-05,0.00014116235435280002,1.0,0.00010433739234772175
esm3_frozen_bilstm_attn,test,q8_loop_turn_bend_CTS,binary,upper,207,0.8940370308230495,1.0,-0.0007385818868384939,0.06290401936792232,14.224458495670877,9.999000099990002e-05,1.0,9.999000099990002e-05,0.00014116235435280002,1.0,0.00010433739234772175
esm3_frozen_bilstm_attn,test,structured_linker_loop,binary,upper,207,0.709027048541115,0.75,0.0002782417132928642,0.05293242663403696,13.38969043924538,9.999000099990002e-05,1.0,9.999000099990002e-05,0.00014116235435280002,1.0,0.00010433739234772175
esm3_frozen_bilstm_attn,test,q3_boundary_within2,binary,upper,207,0.3464728121803996,0.4027777777777778,5.3343908782953886e-05,0.036943686598038435,9.376959913091351,9.999000099990002e-05,1.0,9.999000099990002e-05,0.00014116235435280002,1.0,0.00010433739234772175
esm3_frozen_bilstm_attn,test,q8_boundary_within2,binary,upper,207,0.5901469201128196,0.6666666666666666,0.0002991699027504653,0.047046409022782246,12.537572207146246,9.999000099990002e-05,1.0,9.999000099990002e-05,0.00014116235435280002,1.0,0.00010433739234772175
esm3_frozen_bilstm_attn,test,distance_to_q3_boundary,distance,lower,207,-1.5613947835814848,-1.5604395604395607,-0.00048433126659895614,0.19985748569132522,-7.810117529076054,1.0,9.999000099990002e-05,9.999000099990002e-05,1.0,0.00039996000399960006,0.00010433739234772175
esm3_frozen_bilstm_attn,test,distance_to_q8_boundary,distance,lower,207,-3.0487108365411864,-3.0,0.0032153608535066334,0.25660415076234383,-11.893518434240999,1.0,9.999000099990002e-05,9.999000099990002e-05,1.0,0.00039996000399960006,0.00010433739234772175
esm3_frozen_bilstm_attn,test,rsa,continuous,two-sided,207,0.31657617152575684,0.3198261618614197,0.00011062544334333504,0.02390885919237591,13.236329828038322,9.999000099990002e-05,1.0,9.999000099990002e-05,0.00014116235435280002,1.0,0.00010433739234772175
esm3_frozen_bilstm_attn,test,exposed_rsa_ge025,binary,two-sided,207,0.5317987094841314,0.5454545454545454,-0.00014446353053343687,0.043008422799101,12.368348765065248,9.999000099990002e-05,1.0,9.999000099990002e-05,0.00014116235435280002,1.0,0.00010433739234772175
esm3_frozen_bilstm_attn,test,disorder,continuous,upper,207,0.08457962833836767,0.05517966533079746,7.255285072854347e-05,0.008886127543950883,9.51000028636391,9.999000099990002e-05,1.0,9.999000099990002e-05,0.00014116235435280002,1.0,0.00010433739234772175
esm3_frozen_bilstm_attn,test,disorder_ge05,binary,upper,207,0.05483572582890571,0.0,-8.415960645713418e-05,0.010378763076759853,5.291563650618402,9.999000099990002e-05,1.0,9.999000099990002e-05,0.00014116235435280002,1.0,0.00010433739234772175
esm3_frozen_bilstm_attn,test,interface,binary,two-sided,207,0.0,0.0,0.0,0.0,,1.0,1.0,1.0,1.0,1.0,1.0
esm3_frozen_bilstm_attn,test,torsion_change_from_previous,continuous,upper,207,85.68127971915142,83.10600955375465,0.0068903483729607215,6.39350385655988,13.4002248677577,9.999000099990002e-05,1.0,9.999000099990002e-05,0.00014116235435280002,1.0,0.00010433739234772175
esm3_top4_bilstm_attn,train,neq,continuous,flexibility-supporting higher,937,1.0379145292657541,0.9651666666666665,0.001159424161164235,0.039271976785565016,26.39936132488406,9.999000099990002e-05,1.0,9.999000099990002e-05,0.00014116235435280002,1.0,0.00010433739234772175
esm3_top4_bilstm_attn,train,flexible_neq_gt1,binary,flexibility-supporting higher,937,0.8696089333353485,1.0,-0.0001666356233302513,0.029212221490952366,29.77437266207455,9.999000099990002e-05,1.0,9.999000099990002e-05,0.00014116235435280002,1.0,0.00010433739234772175
esm3_top4_bilstm_attn,train,neq_top10_within_protein,binary,flexibility-supporting higher,937,0.3767703663526568,0.3333333333333333,-0.00017943480899738012,0.014794530997411282,25.478996341797664,9.999000099990002e-05,1.0,9.999000099990002e-05,0.00014116235435280002,1.0,0.00010433739234772175
esm3_top4_bilstm_attn,train,neq_peak,binary,flexibility-supporting higher,937,0.2457961933871882,0.25,-5.6695509099636686e-05,0.01100106573574731,22.348097429997484,9.999000099990002e-05,1.0,9.999000099990002e-05,0.00014116235435280002,1.0,0.00010433739234772175
esm3_top4_bilstm_attn,train,distance_to_neq_peak,distance,flexibility-supporting lower,937,-6.1350913659611575,-6.0,-0.0029909215417332213,0.22231321941127344,-27.583157045983867,1.0,9.999000099990002e-05,9.999000099990002e-05,1.0,0.00039996000399960006,0.00010433739234772175
esm3_top4_bilstm_attn,train,distance_to_neq_top10,distance,flexibility-supporting lower,937,-5.449288107186347,-5.575,0.0020749289759084536,0.22614128822669305,-24.106005050690218,1.0,9.999000099990002e-05,9.999000099990002e-05,1.0,0.00039996000399960006,0.00010433739234772175
esm3_top4_bilstm_attn,train,q3_is_H,binary,two-sided,937,-0.6942390873157923,-0.7692307692307692,5.415819285878287e-05,0.02492604302929743,-27.85413010370706,1.0,9.999000099990002e-05,9.999000099990002e-05,1.0,0.00039996000399960006,0.00010433739234772175
esm3_top4_bilstm_attn,train,q3_is_E,binary,two-sided,937,-0.21920069301931722,-0.09090909090909091,0.00010928527461916288,0.011940453626489333,-18.366972072770128,1.0,9.999000099990002e-05,9.999000099990002e-05,1.0,0.00039996000399960006,0.00010433739234772175
esm3_top4_bilstm_attn,train,q3_is_C,binary,two-sided,937,0.9134397803351094,1.0,-0.00038769564307973006,0.030483458505891244,29.977814879554515,9.999000099990002e-05,1.0,9.999000099990002e-05,0.00014116235435280002,1.0,0.00010433739234772175
esm3_top4_bilstm_attn,train,q8_is_T,binary,upper,937,0.2597523520549407,0.25,-3.1718402710817395e-05,0.011573600677151203,22.446261773185384,9.999000099990002e-05,1.0,9.999000099990002e-05,0.00014116235435280002,1.0,0.00010433739234772175
esm3_top4_bilstm_attn,train,q8_is_S,binary,upper,937,0.12395014813688575,0.0,-5.7020942649868034e-05,0.0068710807792371235,18.047694833432562,9.999000099990002e-05,1.0,9.999000099990002e-05,0.00014116235435280002,1.0,0.00010433739234772175
esm3_top4_bilstm_attn,train,q8_turn_or_bend_TS,binary,upper,937,0.38370250019182645,0.375,0.0001672774660570586,0.015294717590854207,25.076319353232925,9.999000099990002e-05,1.0,9.999000099990002e-05,0.00014116235435280002,1.0,0.00010433739234772175
esm3_top4_bilstm_attn,train,q8_loop_turn_bend_CTS,binary,upper,937,0.8944389924046062,1.0,-0.00023701792660248865,0.029515829119736218,30.311735669081024,9.999000099990002e-05,1.0,9.999000099990002e-05,0.00014116235435280002,1.0,0.00010433739234772175
esm3_top4_bilstm_attn,train,structured_linker_loop,binary,upper,937,0.7348073885222441,0.7777777777777778,-3.422833895282933e-05,0.02536104511001025,28.9752103540539,9.999000099990002e-05,1.0,9.999000099990002e-05,0.00014116235435280002,1.0,0.00010433739234772175
esm3_top4_bilstm_attn,train,q3_boundary_within2,binary,upper,937,0.38453615408857655,0.4444444444444445,9.286442539162732e-06,0.018671920296830753,20.593857596495013,9.999000099990002e-05,1.0,9.999000099990002e-05,0.00014116235435280002,1.0,0.00010433739234772175
esm3_top4_bilstm_attn,train,q8_boundary_within2,binary,upper,937,0.624917119301788,0.6666666666666667,-0.0001637395607028204,0.02343631502590914,26.67146512459216,9.999000099990002e-05,1.0,9.999000099990002e-05,0.00014116235435280002,1.0,0.00010433739234772175
esm3_top4_bilstm_attn,train,distance_to_q3_boundary,distance,lower,937,-1.606819054342834,-1.7000000000000002,0.0005432653495882146,0.10071615615098302,-15.959329477217484,1.0,9.999000099990002e-05,9.999000099990002e-05,1.0,0.00039996000399960006,0.00010433739234772175
esm3_top4_bilstm_attn,train,distance_to_q8_boundary,distance,lower,937,-3.11255675510351,-3.2,0.0009878167791684024,0.13287345271410747,-23.432405106397198,1.0,9.999000099990002e-05,9.999000099990002e-05,1.0,0.00039996000399960006,0.00010433739234772175
esm3_top4_bilstm_attn,train,rsa,continuous,two-sided,937,0.3084801165210886,0.3175823862353961,-3.085773703526374e-05,0.011230623765110595,27.470511051804053,9.999000099990002e-05,1.0,9.999000099990002e-05,0.00014116235435280002,1.0,0.00010433739234772175
esm3_top4_bilstm_attn,train,exposed_rsa_ge025,binary,two-sided,937,0.5198247939107747,0.5,-0.00013189277962333428,0.020114245645128606,25.850170862178192,9.999000099990002e-05,1.0,9.999000099990002e-05,0.00014116235435280002,1.0,0.00010433739234772175
esm3_top4_bilstm_attn,train,disorder,continuous,upper,937,0.07377508175478409,0.045817154692485915,5.28794365921143e-05,0.0037211281437387373,19.811788111150857,9.999000099990002e-05,1.0,9.999000099990002e-05,0.00014116235435280002,1.0,0.00010433739234772175
esm3_top4_bilstm_attn,train,disorder_ge05,binary,upper,937,0.03535005533507036,0.0,-2.4963823844440822e-05,0.004112244426900864,8.602362964493016,9.999000099990002e-05,1.0,9.999000099990002e-05,0.00014116235435280002,1.0,0.00010433739234772175
esm3_top4_bilstm_attn,train,interface,binary,two-sided,937,0.0,0.0,0.0,0.0,,1.0,1.0,1.0,1.0,1.0,1.0
esm3_top4_bilstm_attn,train,torsion_change_from_previous,continuous,upper,937,86.31289965497,87.33168670682811,-0.013937038340653572,3.10589628976669,27.794500730027718,9.999000099990002e-05,1.0,9.999000099990002e-05,0.00014116235435280002,1.0,0.00010433739234772175
esm3_top4_bilstm_attn,validation,neq,continuous,flexibility-supporting higher,208,1.0787453653016243,1.0122148148148147,-0.000706183998486951,0.08408251034873242,12.838003347225046,9.999000099990002e-05,1.0,9.999000099990002e-05,0.00014116235435280002,1.0,0.00010433739234772175
esm3_top4_bilstm_attn,validation,flexible_neq_gt1,binary,flexibility-supporting higher,208,0.8435190744084975,1.0,8.387368907801587e-05,0.06092371019126556,13.84412075481805,9.999000099990002e-05,1.0,9.999000099990002e-05,0.00014116235435280002,1.0,0.00010433739234772175
esm3_top4_bilstm_attn,validation,neq_top10_within_protein,binary,flexibility-supporting higher,208,0.3921881836104344,0.375,-0.0001585501764755381,0.03165980197529143,12.392583317264995,9.999000099990002e-05,1.0,9.999000099990002e-05,0.00014116235435280002,1.0,0.00010433739234772175
esm3_top4_bilstm_attn,validation,neq_peak,binary,flexibility-supporting higher,208,0.23079493884614893,0.2222222222222222,-7.433751475331306e-05,0.021407212339379263,10.784649243479997,9.999000099990002e-05,1.0,9.999000099990002e-05,0.00014116235435280002,1.0,0.00010433739234772175
esm3_top4_bilstm_attn,validation,distance_to_neq_peak,distance,flexibility-supporting lower,208,-5.880241483389927,-5.927272727272728,0.0005620200577600416,0.44681113788595567,-13.161720925919951,1.0,9.999000099990002e-05,9.999000099990002e-05,1.0,0.00039996000399960006,0.00010433739234772175
esm3_top4_bilstm_attn,validation,distance_to_neq_top10,distance,flexibility-supporting lower,208,-5.404990271311307,-5.5,0.0011477774624177783,0.46550780541751025,-11.613420840333713,1.0,9.999000099990002e-05,9.999000099990002e-05,1.0,0.00039996000399960006,0.00010433739234772175
esm3_top4_bilstm_attn,validation,q3_is_H,binary,two-sided,208,-0.6677890752409983,-0.75,-0.0009309807927115623,0.05194373991546072,-12.838083964181422,1.0,9.999000099990002e-05,9.999000099990002e-05,1.0,0.00039996000399960006,0.00010433739234772175
esm3_top4_bilstm_attn,validation,q3_is_E,binary,two-sided,208,-0.2441366933364656,-0.12244152046783627,-0.00015371886379477484,0.02789934317065705,-8.745115359177284,1.0,9.999000099990002e-05,9.999000099990002e-05,1.0,0.00039996000399960006,0.00010433739234772175
esm3_top4_bilstm_attn,validation,q3_is_C,binary,two-sided,208,0.9119257685774639,1.0,-0.0004121126461258039,0.06489933931206161,14.05773758091295,9.999000099990002e-05,1.0,9.999000099990002e-05,0.00014116235435280002,1.0,0.00010433739234772175
esm3_top4_bilstm_attn,validation,q8_is_T,binary,upper,208,0.2853337721533646,0.2792207792207792,-0.00019742060412811623,0.02557866569946377,11.162865026359784,9.999000099990002e-05,1.0,9.999000099990002e-05,0.00014116235435280002,1.0,0.00010433739234772175
esm3_top4_bilstm_attn,validation,q8_is_S,binary,upper,208,0.15008240976347223,0.1111111111111111,-7.802820886229888e-05,0.01624468394202405,9.243666328519833,9.999000099990002e-05,1.0,9.999000099990002e-05,0.00014116235435280002,1.0,0.00010433739234772175
esm3_top4_bilstm_attn,validation,q8_turn_or_bend_TS,binary,upper,208,0.43541618191683684,0.4444444444444444,-5.9199976869139135e-05,0.035202317163033285,12.3706453719191,9.999000099990002e-05,1.0,9.999000099990002e-05,0.00014116235435280002,1.0,0.00010433739234772175
esm3_top4_bilstm_attn,validation,q8_loop_turn_bend_CTS,binary,upper,208,0.8977785289706655,1.0,-7.859286341090069e-05,0.06389184260469276,14.052766131495638,9.999000099990002e-05,1.0,9.999000099990002e-05,0.00014116235435280002,1.0,0.00010433739234772175
esm3_top4_bilstm_attn,validation,structured_linker_loop,binary,upper,208,0.7512955791727524,0.7777777777777778,0.0008795319214751668,0.05404474116609436,13.88508911431442,9.999000099990002e-05,1.0,9.999000099990002e-05,0.00014116235435280002,1.0,0.00010433739234772175
esm3_top4_bilstm_attn,validation,q3_boundary_within2,binary,upper,208,0.4089154907418928,0.4568048910154173,-0.0009619164580639783,0.04016376970082897,10.205152809436038,9.999000099990002e-05,1.0,9.999000099990002e-05,0.00014116235435280002,1.0,0.00010433739234772175
esm3_top4_bilstm_attn,validation,q8_boundary_within2,binary,upper,208,0.6535616945833664,0.7216640085061138,0.0010665775109707444,0.0506889807120751,12.87252392741365,9.999000099990002e-05,1.0,9.999000099990002e-05,0.00014116235435280002,1.0,0.00010433739234772175
esm3_top4_bilstm_attn,validation,distance_to_q3_boundary,distance,lower,208,-1.9172357833919738,-1.8779761904761907,0.0036268195075238787,0.20197307747068094,-9.510488362877654,1.0,9.999000099990002e-05,9.999000099990002e-05,1.0,0.00039996000399960006,0.00010433739234772175
esm3_top4_bilstm_attn,validation,distance_to_q8_boundary,distance,lower,208,-3.4104307650966823,-3.5,-0.0013649611384950154,0.27526958554846215,-12.384462297808087,1.0,9.999000099990002e-05,9.999000099990002e-05,1.0,0.00039996000399960006,0.00010433739234772175
esm3_top4_bilstm_attn,validation,rsa,continuous,two-sided,208,0.32825953192189355,0.33041430497542024,-0.00011955449103440854,0.025406337111069176,12.925085775936505,9.999000099990002e-05,1.0,9.999000099990002e-05,0.00014116235435280002,1.0,0.00010433739234772175
esm3_top4_bilstm_attn,validation,exposed_rsa_ge025,binary,two-sided,208,0.5268738324988698,0.5467032967032968,0.0006291301040266197,0.04201117797742577,12.526301992236798,9.999000099990002e-05,1.0,9.999000099990002e-05,0.00014116235435280002,1.0,0.00010433739234772175
esm3_top4_bilstm_attn,validation,disorder,continuous,upper,208,0.07581633418850779,0.05115748083987586,2.087352497151429e-05,0.00755782008278722,10.028746362480748,9.999000099990002e-05,1.0,9.999000099990002e-05,0.00014116235435280002,1.0,0.00010433739234772175
esm3_top4_bilstm_attn,validation,disorder_ge05,binary,upper,208,0.029877458489553636,0.0,4.718775222191214e-05,0.005914066578309682,5.0439524720158975,9.999000099990002e-05,1.0,9.999000099990002e-05,0.00014116235435280002,1.0,0.00010433739234772175
esm3_top4_bilstm_attn,validation,interface,binary,two-sided,208,0.0,0.0,0.0,0.0,,1.0,1.0,1.0,1.0,1.0,1.0
esm3_top4_bilstm_attn,validation,torsion_change_from_previous,continuous,upper,208,89.73357266000745,90.33267726837747,-0.12436246295818401,6.638856701951,13.535152083725283,9.999000099990002e-05,1.0,9.999000099990002e-05,0.00014116235435280002,1.0,0.00010433739234772175
esm3_top4_bilstm_attn,test,neq,continuous,flexibility-supporting higher,204,1.0515769991602728,1.0151,0.000189909338322418,0.08330885171461032,12.620352677812303,9.999000099990002e-05,1.0,9.999000099990002e-05,0.00014116235435280002,1.0,0.00010433739234772175
esm3_top4_bilstm_attn,test,flexible_neq_gt1,binary,flexibility-supporting higher,204,0.8374858546143523,0.9330357142857143,-0.0006231250308032127,0.061252337352574716,13.682889761755776,9.999000099990002e-05,1.0,9.999000099990002e-05,0.00014116235435280002,1.0,0.00010433739234772175
esm3_top4_bilstm_attn,test,neq_top10_within_protein,binary,flexibility-supporting higher,204,0.3797063928777483,0.36363636363636365,0.0002485326211157413,0.031706378324860056,11.967871460081287,9.999000099990002e-05,1.0,9.999000099990002e-05,0.00014116235435280002,1.0,0.00010433739234772175
esm3_top4_bilstm_attn,test,neq_peak,binary,flexibility-supporting higher,204,0.25351700048790843,0.25,0.00019125326541886642,0.02457898389349723,10.30659966743015,9.999000099990002e-05,1.0,9.999000099990002e-05,0.00014116235435280002,1.0,0.00010433739234772175
esm3_top4_bilstm_attn,test,distance_to_neq_peak,distance,flexibility-supporting lower,204,-6.305103200583775,-6.183333333333334,0.0003910395113219696,0.47858473363558024,-13.175293311584056,1.0,9.999000099990002e-05,9.999000099990002e-05,1.0,0.00039996000399960006,0.00010433739234772175
esm3_top4_bilstm_attn,test,distance_to_neq_top10,distance,flexibility-supporting lower,204,-5.535122921295254,-5.732142857142857,-0.004974966301459268,0.5000283137177519,-11.059669629258964,1.0,9.999000099990002e-05,9.999000099990002e-05,1.0,0.00039996000399960006,0.00010433739234772175
esm3_top4_bilstm_attn,test,q3_is_H,binary,two-sided,204,-0.6814497996779477,-0.75,0.000695994827327195,0.05284692610085032,-12.907955955725853,1.0,9.999000099990002e-05,9.999000099990002e-05,1.0,0.00039996000399960006,0.00010433739234772175
esm3_top4_bilstm_attn,test,q3_is_E,binary,two-sided,204,-0.22133235381552288,-0.14285714285714285,1.218478542600343e-05,0.02575170616085308,-8.595334896195336,1.0,9.999000099990002e-05,9.999000099990002e-05,1.0,0.00039996000399960006,0.00010433739234772175
esm3_top4_bilstm_attn,test,q3_is_C,binary,two-sided,204,0.9027821534934708,1.0,-6.907337476391228e-06,0.06394176253618052,14.11892673931403,9.999000099990002e-05,1.0,9.999000099990002e-05,0.00014116235435280002,1.0,0.00010433739234772175
esm3_top4_bilstm_attn,test,q8_is_T,binary,upper,204,0.26023299217832463,0.25,-0.00033263650559206824,0.024545050196813127,10.615811603341024,9.999000099990002e-05,1.0,9.999000099990002e-05,0.00014116235435280002,1.0,0.00010433739234772175
esm3_top4_bilstm_attn,test,q8_is_S,binary,upper,204,0.12312224072933792,0.0,-0.00010237636593774706,0.014682714293804381,8.392495735428998,9.999000099990002e-05,1.0,9.999000099990002e-05,0.00014116235435280002,1.0,0.00010433739234772175
esm3_top4_bilstm_attn,test,q8_turn_or_bend_TS,binary,upper,204,0.3833552329076626,0.38461538461538464,0.0004886389839203138,0.03246808629204378,11.792089945798955,9.999000099990002e-05,1.0,9.999000099990002e-05,0.00014116235435280002,1.0,0.00010433739234772175
esm3_top4_bilstm_attn,test,q8_loop_turn_bend_CTS,binary,upper,204,0.8842438086683612,1.0,0.0003525465418592017,0.06359613575078518,13.89850580843804,9.999000099990002e-05,1.0,9.999000099990002e-05,0.00014116235435280002,1.0,0.00010433739234772175
esm3_top4_bilstm_attn,test,structured_linker_loop,binary,upper,204,0.7477632572741268,0.7777777777777778,-0.000277069516871307,0.055858568322211984,13.391684557256049,9.999000099990002e-05,1.0,9.999000099990002e-05,0.00014116235435280002,1.0,0.00010433739234772175
esm3_top4_bilstm_attn,test,q3_boundary_within2,binary,upper,204,0.3609018848638226,0.4285714285714286,0.0004753057005630537,0.03792816221051423,9.502874860183553,9.999000099990002e-05,1.0,9.999000099990002e-05,0.00014116235435280002,1.0,0.00010433739234772175
esm3_top4_bilstm_attn,test,q8_boundary_within2,binary,upper,204,0.6082114598691626,0.6666666666666667,-0.0002966604840437022,0.04918967982734652,12.370646088550311,9.999000099990002e-05,1.0,9.999000099990002e-05,0.00014116235435280002,1.0,0.00010433739234772175
esm3_top4_bilstm_attn,test,distance_to_q3_boundary,distance,lower,204,-1.6886093912731872,-1.666666666666667,-0.0010022742128093232,0.2163491387510059,-7.800387497740994,1.0,9.999000099990002e-05,9.999000099990002e-05,1.0,0.00039996000399960006,0.00010433739234772175
esm3_top4_bilstm_attn,test,distance_to_q8_boundary,distance,lower,204,-3.3126589931967363,-3.321428571428571,0.0038569672787783405,0.28357820110560156,-11.695242961360343,1.0,9.999000099990002e-05,9.999000099990002e-05,1.0,0.00039996000399960006,0.00010433739234772175
esm3_top4_bilstm_attn,test,rsa,continuous,two-sided,204,0.3077523007740625,0.319901335099712,0.00016103366568445292,0.024004284077333904,12.814015453134125,9.999000099990002e-05,1.0,9.999000099990002e-05,0.00014116235435280002,1.0,0.00010433739234772175
esm3_top4_bilstm_attn,test,exposed_rsa_ge025,binary,two-sided,204,0.5215446854677899,0.5247584541062802,0.0001726440715763907,0.0435046093626661,11.984294285920747,9.999000099990002e-05,1.0,9.999000099990002e-05,0.00014116235435280002,1.0,0.00010433739234772175
esm3_top4_bilstm_attn,test,disorder,continuous,upper,204,0.06599668235432396,0.03511799552795007,3.847003395396768e-05,0.007126980706809128,9.25472020112997,9.999000099990002e-05,1.0,9.999000099990002e-05,0.00014116235435280002,1.0,0.00010433739234772175
esm3_top4_bilstm_attn,test,disorder_ge05,binary,upper,204,0.029461619535148947,0.0,-3.3843348916878294e-05,0.00761899273915793,3.8713073885047087,9.999000099990002e-05,1.0,9.999000099990002e-05,0.00014116235435280002,1.0,0.00010433739234772175
esm3_top4_bilstm_attn,test,interface,binary,two-sided,204,0.0,0.0,0.0,0.0,,1.0,1.0,1.0,1.0,1.0,1.0
esm3_top4_bilstm_attn,test,torsion_change_from_previous,continuous,upper,204,86.04552787516981,90.33436583173048,0.09264795799197312,6.556600631046027,13.109366385712757,9.999000099990002e-05,1.0,9.999000099990002e-05,0.00014116235435280002,1.0,0.00010433739234772175
esm3_top28_bilstm_attn,train,neq,continuous,flexibility-supporting higher,933,1.0205466347418346,0.9650000000000001,0.000324851788973616,0.03789213634087382,26.924366939225838,9.999000099990002e-05,1.0,9.999000099990002e-05,0.00014116235435280002,1.0,0.00010433739234772175
esm3_top28_bilstm_attn,train,flexible_neq_gt1,binary,flexibility-supporting higher,933,0.8894807527480282,1.0,-4.4462539080138644e-06,0.029955870997620832,29.69318432011479,9.999000099990002e-05,1.0,9.999000099990002e-05,0.00014116235435280002,1.0,0.00010433739234772175
esm3_top28_bilstm_attn,train,neq_top10_within_protein,binary,flexibility-supporting higher,933,0.37112498683242345,0.3333333333333333,-0.0001402086671745059,0.014480142330897713,25.639609543574213,9.999000099990002e-05,1.0,9.999000099990002e-05,0.00014116235435280002,1.0,0.00010433739234772175
esm3_top28_bilstm_attn,train,neq_peak,binary,flexibility-supporting higher,933,0.24883967546250302,0.23076923076923078,4.550766380322199e-05,0.011204844048653689,22.204161585684318,9.999000099990002e-05,1.0,9.999000099990002e-05,0.00014116235435280002,1.0,0.00010433739234772175
esm3_top28_bilstm_attn,train,distance_to_neq_peak,distance,flexibility-supporting lower,933,-6.2185341373181675,-6.0,-0.001536937021365024,0.22748133232698498,-27.329702779129146,1.0,9.999000099990002e-05,9.999000099990002e-05,1.0,0.00039996000399960006,0.00010433739234772175
esm3_top28_bilstm_attn,train,distance_to_neq_top10,distance,flexibility-supporting lower,933,-5.480266850020059,-5.466666666666666,0.001455408588620488,0.2282653575070041,-24.014692016682726,1.0,9.999000099990002e-05,9.999000099990002e-05,1.0,0.00039996000399960006,0.00010433739234772175
esm3_top28_bilstm_attn,train,q3_is_H,binary,two-sided,933,-0.6942441738210305,-0.7638888888888888,0.0002484525027744868,0.025033596591449964,-27.742423018872316,1.0,9.999000099990002e-05,9.999000099990002e-05,1.0,0.00039996000399960006,0.00010433739234772175
esm3_top28_bilstm_attn,train,q3_is_E,binary,two-sided,933,-0.2207699533673996,-0.1111111111111111,0.00016561341779669,0.011719623672344576,-18.851762903151045,1.0,9.999000099990002e-05,9.999000099990002e-05,1.0,0.00039996000399960006,0.00010433739234772175
esm3_top28_bilstm_attn,train,q3_is_C,binary,two-sided,933,0.9150141271884301,1.0,-0.0003107351287640922,0.030254067297755625,30.25460521749738,9.999000099990002e-05,1.0,9.999000099990002e-05,0.00014116235435280002,1.0,0.00010433739234772175
esm3_top28_bilstm_attn,train,q8_is_T,binary,upper,933,0.24525446408442814,0.23076923076923078,-8.646800389319065e-06,0.01122969214313153,21.840590797925735,9.999000099990002e-05,1.0,9.999000099990002e-05,0.00014116235435280002,1.0,0.00010433739234772175
esm3_top28_bilstm_attn,train,q8_is_S,binary,upper,933,0.1264607721672068,0.0,4.604954108094286e-05,0.00698645593259569,18.09425606427017,9.999000099990002e-05,1.0,9.999000099990002e-05,0.00014116235435280002,1.0,0.00010433739234772175
esm3_top28_bilstm_attn,train,q8_turn_or_bend_TS,binary,upper,933,0.37171523625163494,0.3571428571428571,7.63663663625131e-05,0.015019415862168402,24.74389638690101,9.999000099990002e-05,1.0,9.999000099990002e-05,0.00014116235435280002,1.0,0.00010433739234772175
esm3_top28_bilstm_attn,train,q8_loop_turn_bend_CTS,binary,upper,933,0.8938443534586544,1.0,-0.00030540024627357445,0.029465826232724087,30.345314149443578,9.999000099990002e-05,1.0,9.999000099990002e-05,0.00014116235435280002,1.0,0.00010433739234772175
esm3_top28_bilstm_attn,train,structured_linker_loop,binary,upper,933,0.7305730335098205,0.75,-0.00020699272472877363,0.02542797748374572,28.739211630248,9.999000099990002e-05,1.0,9.999000099990002e-05,0.00014116235435280002,1.0,0.00010433739234772175
esm3_top28_bilstm_attn,train,q3_boundary_within2,binary,upper,933,0.37453776936525157,0.4125,0.00012640687781169946,0.018812012655576502,19.9027807041397,9.999000099990002e-05,1.0,9.999000099990002e-05,0.00014116235435280002,1.0,0.00010433739234772175
esm3_top28_bilstm_attn,train,q8_boundary_within2,binary,upper,933,0.6092641891406516,0.6666666666666666,0.0002399997262306597,0.022898096089962326,26.597154061266888,9.999000099990002e-05,1.0,9.999000099990002e-05,0.00014116235435280002,1.0,0.00010433739234772175
esm3_top28_bilstm_attn,train,distance_to_q3_boundary,distance,lower,933,-1.5839084454212728,-1.5999999999999996,-0.0020105499710350023,0.11139869436349614,-14.200327072851264,1.0,9.999000099990002e-05,9.999000099990002e-05,1.0,0.00039996000399960006,0.00010433739234772175
esm3_top28_bilstm_attn,train,distance_to_q8_boundary,distance,lower,933,-3.08941041773294,-3.142857142857143,-0.0007196363038336932,0.13810137336380596,-22.3653878755604,1.0,9.999000099990002e-05,9.999000099990002e-05,1.0,0.00039996000399960006,0.00010433739234772175
esm3_top28_bilstm_attn,train,rsa,continuous,two-sided,933,0.2979323477236874,0.2988523054335799,0.00012743491252570918,0.010782119959974842,27.62025593451629,9.999000099990002e-05,1.0,9.999000099990002e-05,0.00014116235435280002,1.0,0.00010433739234772175
esm3_top28_bilstm_attn,train,exposed_rsa_ge025,binary,two-sided,933,0.5027425681989054,0.5,0.00033514447963669923,0.019252811741225295,26.095275353650464,9.999000099990002e-05,1.0,9.999000099990002e-05,0.00014116235435280002,1.0,0.00010433739234772175
esm3_top28_bilstm_attn,train,disorder,continuous,upper,933,0.07935967814850427,0.05014720795831333,-0.00011291216175651728,0.003900241925759922,20.376323269940844,9.999000099990002e-05,1.0,9.999000099990002e-05,0.00014116235435280002,1.0,0.00010433739234772175
esm3_top28_bilstm_attn,train,disorder_ge05,binary,upper,933,0.038080708438801486,0.0,-3.478923545427933e-05,0.004039865349851304,9.434843583501785,9.999000099990002e-05,1.0,9.999000099990002e-05,0.00014116235435280002,1.0,0.00010433739234772175
esm3_top28_bilstm_attn,train,interface,binary,two-sided,933,0.0,0.0,0.0,0.0,,1.0,1.0,1.0,1.0,1.0,1.0
esm3_top28_bilstm_attn,train,torsion_change_from_previous,continuous,upper,933,84.1262384271253,85.1523340746649,0.021016285817778552,3.0209604394995027,27.84055727497102,9.999000099990002e-05,1.0,9.999000099990002e-05,0.00014116235435280002,1.0,0.00010433739234772175
esm3_top28_bilstm_attn,validation,neq,continuous,flexibility-supporting higher,207,1.081119776709983,0.9990833333333335,0.0011452385872479359,0.08378281514863921,12.890167705713287,9.999000099990002e-05,1.0,9.999000099990002e-05,0.00014116235435280002,1.0,0.00010433739234772175
esm3_top28_bilstm_attn,validation,flexible_neq_gt1,binary,flexibility-supporting higher,207,0.8390556053330316,0.9090909090909091,0.00015705143781600915,0.05899919352920451,14.218813914464137,9.999000099990002e-05,1.0,9.999000099990002e-05,0.00014116235435280002,1.0,0.00010433739234772175
esm3_top28_bilstm_attn,validation,neq_top10_within_protein,binary,flexibility-supporting higher,207,0.38604587067592405,0.375,0.0003173019508107227,0.031006482319712616,12.440255710009495,9.999000099990002e-05,1.0,9.999000099990002e-05,0.00014116235435280002,1.0,0.00010433739234772175
esm3_top28_bilstm_attn,validation,neq_peak,binary,flexibility-supporting higher,207,0.23884018452096256,0.2222222222222222,0.0001239790832525385,0.022182949808539784,10.761247151441117,9.999000099990002e-05,1.0,9.999000099990002e-05,0.00014116235435280002,1.0,0.00010433739234772175
esm3_top28_bilstm_attn,validation,distance_to_neq_peak,distance,flexibility-supporting lower,207,-6.070077137917695,-6.076923076923077,0.0018734136144113926,0.45407401374729867,-13.372160413723366,1.0,9.999000099990002e-05,9.999000099990002e-05,1.0,0.00039996000399960006,0.00010433739234772175
esm3_top28_bilstm_attn,validation,distance_to_neq_top10,distance,flexibility-supporting lower,207,-5.329055860296607,-5.427272727272728,-0.013012580872456922,0.4362315057250392,-12.186289182824181,1.0,9.999000099990002e-05,9.999000099990002e-05,1.0,0.00039996000399960006,0.00010433739234772175
esm3_top28_bilstm_attn,validation,q3_is_H,binary,two-sided,207,-0.6504360683545859,-0.7142857142857143,-0.0004580469454849136,0.05076362312376043,-12.804011640864777,1.0,9.999000099990002e-05,9.999000099990002e-05,1.0,0.00039996000399960006,0.00010433739234772175
esm3_top28_bilstm_attn,validation,q3_is_E,binary,two-sided,207,-0.26181738884996386,-0.16666666666666666,-0.0004616781535121825,0.02871653991655101,-9.10122568582217,1.0,9.999000099990002e-05,9.999000099990002e-05,1.0,0.00039996000399960006,0.00010433739234772175
esm3_top28_bilstm_attn,validation,q3_is_C,binary,two-sided,207,0.9122534572045499,1.0,0.0009372547960839343,0.06519468117401254,13.978382683950121,9.999000099990002e-05,1.0,9.999000099990002e-05,0.00014116235435280002,1.0,0.00010433739234772175
esm3_top28_bilstm_attn,validation,q8_is_T,binary,upper,207,0.2573307287860615,0.25,-0.00018782377695690392,0.023723927113297644,10.854802888796396,9.999000099990002e-05,1.0,9.999000099990002e-05,0.00014116235435280002,1.0,0.00010433739234772175
esm3_top28_bilstm_attn,validation,q8_is_S,binary,upper,207,0.15220895195151488,0.125,0.00011093831677546397,0.016141451458693355,9.422821362996045,9.999000099990002e-05,1.0,9.999000099990002e-05,0.00014116235435280002,1.0,0.00010433739234772175
esm3_top28_bilstm_attn,validation,q8_turn_or_bend_TS,binary,upper,207,0.40953968073757635,0.42857142857142855,-3.695278840352203e-05,0.033277444581361566,12.307935260010336,9.999000099990002e-05,1.0,9.999000099990002e-05,0.00014116235435280002,1.0,0.00010433739234772175
esm3_top28_bilstm_attn,validation,q8_loop_turn_bend_CTS,binary,upper,207,0.8821782586510903,1.0,0.00023534678523326637,0.06307955581199294,13.981438209464667,9.999000099990002e-05,1.0,9.999000099990002e-05,0.00014116235435280002,1.0,0.00010433739234772175
esm3_top28_bilstm_attn,validation,structured_linker_loop,binary,upper,207,0.7269198025227326,0.75,2.0706402126512645e-05,0.053272860852817024,13.644829364972395,9.999000099990002e-05,1.0,9.999000099990002e-05,0.00014116235435280002,1.0,0.00010433739234772175
esm3_top28_bilstm_attn,validation,q3_boundary_within2,binary,upper,207,0.40321962723250465,0.5,0.00022792093314056804,0.03961880652988694,10.171727560631144,9.999000099990002e-05,1.0,9.999000099990002e-05,0.00014116235435280002,1.0,0.00010433739234772175
esm3_top28_bilstm_attn,validation,q8_boundary_within2,binary,upper,207,0.6310358998574104,0.7142857142857142,-0.0004131948497917449,0.05032739609175142,12.546826256538546,9.999000099990002e-05,1.0,9.999000099990002e-05,0.00014116235435280002,1.0,0.00010433739234772175
esm3_top28_bilstm_attn,validation,distance_to_q3_boundary,distance,lower,207,-1.841280595365376,-1.9107142857142856,0.000493243015034418,0.20831490195909588,-8.84129661901027,1.0,9.999000099990002e-05,9.999000099990002e-05,1.0,0.00039996000399960006,0.00010433739234772175
esm3_top28_bilstm_attn,validation,distance_to_q8_boundary,distance,lower,207,-3.2207080984720413,-3.4166666666666665,-0.005621818977874302,0.2705238884237054,-11.884666815296434,1.0,9.999000099990002e-05,9.999000099990002e-05,1.0,0.00039996000399960006,0.00010433739234772175
esm3_top28_bilstm_attn,validation,rsa,continuous,two-sided,207,0.3206627806834693,0.3233376863811698,0.00013068113287100172,0.024631068939440854,13.013324770381429,9.999000099990002e-05,1.0,9.999000099990002e-05,0.00014116235435280002,1.0,0.00010433739234772175
esm3_top28_bilstm_attn,validation,exposed_rsa_ge025,binary,two-sided,207,0.534616314970333,0.5238095238095237,0.0003772782878784134,0.041972860611786365,12.728201721195896,9.999000099990002e-05,1.0,9.999000099990002e-05,0.00014116235435280002,1.0,0.00010433739234772175
esm3_top28_bilstm_attn,validation,disorder,continuous,upper,207,0.08663099755576842,0.05360460474621504,1.3433539684265195e-05,0.008698678060235498,9.957554862507369,9.999000099990002e-05,1.0,9.999000099990002e-05,0.00014116235435280002,1.0,0.00010433739234772175
esm3_top28_bilstm_attn,validation,disorder_ge05,binary,upper,207,0.04137438824700456,0.0,0.00014347359578862248,0.007657563273093262,5.3843387486057,9.999000099990002e-05,1.0,9.999000099990002e-05,0.00014116235435280002,1.0,0.00010433739234772175
esm3_top28_bilstm_attn,validation,interface,binary,two-sided,207,0.0,0.0,0.0,0.0,,1.0,1.0,1.0,1.0,1.0,1.0
esm3_top28_bilstm_attn,validation,torsion_change_from_previous,continuous,upper,207,88.66322250034811,90.64407977979837,-0.055651996352446886,6.715458304739614,13.211142184307041,9.999000099990002e-05,1.0,9.999000099990002e-05,0.00014116235435280002,1.0,0.00010433739234772175
esm3_top28_bilstm_attn,test,neq,continuous,flexibility-supporting higher,205,1.0589719506533408,1.0208285714285719,-0.0014152446238102738,0.08300760676187241,12.774578579516582,9.999000099990002e-05,1.0,9.999000099990002e-05,0.00014116235435280002,1.0,0.00010433739234772175
esm3_top28_bilstm_attn,test,flexible_neq_gt1,binary,flexibility-supporting higher,205,0.8184952450774919,0.9,-0.000840054990978982,0.0591314118991138,13.856176839923389,9.999000099990002e-05,1.0,9.999000099990002e-05,0.00014116235435280002,1.0,0.00010433739234772175
esm3_top28_bilstm_attn,test,neq_top10_within_protein,binary,flexibility-supporting higher,205,0.3714315018425803,0.36363636363636365,-0.0008139185195968303,0.030243685703213372,12.308202909363864,9.999000099990002e-05,1.0,9.999000099990002e-05,0.00014116235435280002,1.0,0.00010433739234772175
esm3_top28_bilstm_attn,test,neq_peak,binary,flexibility-supporting higher,205,0.2506473497600065,0.25,0.00034467364586009716,0.023454131009403342,10.672008100142097,9.999000099990002e-05,1.0,9.999000099990002e-05,0.00014116235435280002,1.0,0.00010433739234772175
esm3_top28_bilstm_attn,test,distance_to_neq_peak,distance,flexibility-supporting lower,205,-6.136019998012231,-6.152777777777778,0.003977201446059814,0.4581528453900011,-13.401634981076322,1.0,9.999000099990002e-05,9.999000099990002e-05,1.0,0.00039996000399960006,0.00010433739234772175
esm3_top28_bilstm_attn,test,distance_to_neq_top10,distance,flexibility-supporting lower,205,-5.1719446647517255,-5.6,0.004903107967815908,0.45313365014162255,-11.424549404136213,1.0,9.999000099990002e-05,9.999000099990002e-05,1.0,0.00039996000399960006,0.00010433739234772175
esm3_top28_bilstm_attn,test,q3_is_H,binary,two-sided,205,-0.6965067335508981,-0.75,-0.00044673792520664193,0.05337530568898025,-13.040861998648907,1.0,9.999000099990002e-05,9.999000099990002e-05,1.0,0.00039996000399960006,0.00010433739234772175
esm3_top28_bilstm_attn,test,q3_is_E,binary,two-sided,205,-0.21443759229424503,-0.1111111111111111,8.313579961025528e-05,0.02533354563583635,-8.467852513719924,1.0,9.999000099990002e-05,9.999000099990002e-05,1.0,0.00039996000399960006,0.00010433739234772175
esm3_top28_bilstm_attn,test,q3_is_C,binary,two-sided,205,0.9109443258451432,1.0,0.0008170152170274435,0.06431279696653255,14.151574080998728,9.999000099990002e-05,1.0,9.999000099990002e-05,0.00014116235435280002,1.0,0.00010433739234772175
esm3_top28_bilstm_attn,test,q8_is_T,binary,upper,205,0.2568978218186003,0.25,-0.0003785119423441425,0.02373814021620815,10.838099843444303,9.999000099990002e-05,1.0,9.999000099990002e-05,0.00014116235435280002,1.0,0.00010433739234772175
esm3_top28_bilstm_attn,test,q8_is_S,binary,upper,205,0.11312710750737076,0.0,7.040530922996142e-05,0.013446186055145484,8.408087002104,9.999000099990002e-05,1.0,9.999000099990002e-05,0.00014116235435280002,1.0,0.00010433739234772175
esm3_top28_bilstm_attn,test,q8_turn_or_bend_TS,binary,upper,205,0.37002492932597114,0.3333333333333333,-0.00018668106068966907,0.03154207609575157,11.737071753388006,9.999000099990002e-05,1.0,9.999000099990002e-05,0.00014116235435280002,1.0,0.00010433739234772175
esm3_top28_bilstm_attn,test,q8_loop_turn_bend_CTS,binary,upper,205,0.8894729923006387,1.0,-0.0009094642456843813,0.06371363274831553,13.974755764807073,9.999000099990002e-05,1.0,9.999000099990002e-05,0.00014116235435280002,1.0,0.00010433739234772175
esm3_top28_bilstm_attn,test,structured_linker_loop,binary,upper,205,0.7418556295207783,0.8,0.001070678448963896,0.05491088379052339,13.490676163541558,9.999000099990002e-05,1.0,9.999000099990002e-05,0.00014116235435280002,1.0,0.00010433739234772175
esm3_top28_bilstm_attn,test,q3_boundary_within2,binary,upper,205,0.3781958242860557,0.4166666666666667,-0.0002846960728747891,0.03918258444814471,9.659406741273584,9.999000099990002e-05,1.0,9.999000099990002e-05,0.00014116235435280002,1.0,0.00010433739234772175
esm3_top28_bilstm_attn,test,q8_boundary_within2,binary,upper,205,0.5995367551688119,0.6666666666666666,-0.00043293113775307664,0.04729906654326745,12.684598875915125,9.999000099990002e-05,1.0,9.999000099990002e-05,0.00014116235435280002,1.0,0.00010433739234772175
esm3_top28_bilstm_attn,test,distance_to_q3_boundary,distance,lower,205,-1.5068276104228322,-1.5999999999999999,0.0016731420788403514,0.2382034618389309,-6.332824640146057,1.0,9.999000099990002e-05,9.999000099990002e-05,1.0,0.00039996000399960006,0.00010433739234772175
esm3_top28_bilstm_attn,test,distance_to_q8_boundary,distance,lower,205,-3.0166439329354935,-3.1,-0.003276731232937177,0.28573896535283727,-10.545874266681055,1.0,9.999000099990002e-05,9.999000099990002e-05,1.0,0.00039996000399960006,0.00010433739234772175
esm3_top28_bilstm_attn,test,rsa,continuous,two-sided,205,0.28309372055150395,0.2831626024097204,-0.0003996857526458849,0.02273975205990219,12.466864438862716,9.999000099990002e-05,1.0,9.999000099990002e-05,0.00014116235435280002,1.0,0.00010433739234772175
esm3_top28_bilstm_attn,test,exposed_rsa_ge025,binary,two-sided,205,0.47258304068141255,0.5,-0.00020595894384519556,0.039491919287601984,11.971790891755523,9.999000099990002e-05,1.0,9.999000099990002e-05,0.00014116235435280002,1.0,0.00010433739234772175
esm3_top28_bilstm_attn,test,disorder,continuous,upper,205,0.07137946935582913,0.04553166979325891,3.83235170067705e-06,0.0072829596797830045,9.8003614110706,9.999000099990002e-05,1.0,9.999000099990002e-05,0.00014116235435280002,1.0,0.00010433739234772175
esm3_top28_bilstm_attn,test,disorder_ge05,binary,upper,205,0.03562203777411812,0.0,0.00017409237932480398,0.007993196117254502,4.434764876877431,9.999000099990002e-05,1.0,9.999000099990002e-05,0.00014116235435280002,1.0,0.00010433739234772175
esm3_top28_bilstm_attn,test,interface,binary,two-sided,205,0.0,0.0,0.0,0.0,,1.0,1.0,1.0,1.0,1.0,1.0
esm3_top28_bilstm_attn,test,torsion_change_from_previous,continuous,upper,205,80.46471718821587,82.67331675335882,0.0636431257762032,6.2438848199745545,12.876770853496833,9.999000099990002e-05,1.0,9.999000099990002e-05,0.00014116235435280002,1.0,0.00010433739234772175
