condition,split,sign,mechanism_class,receiver_scope,feature,n_proteins,n_bands,high_minus_low_macro_protein_mean,ci95_low,ci95_high,inference_eligible,protein_sign_p_two_sided,protein_sign_q_bh
esm2_top28_bilstm_attn,test,-1,combined,all_eligible_queries,absolute_backbone_orientation_cosine,146,525,0.006253409113222948,-0.011018050523004882,0.023524868749450777,True,0.6791635203785469,0.9536771920282994
esm2_top28_bilstm_attn,test,-1,combined,all_eligible_queries,absolute_sequence_separation,146,527,-1.426202461897092,-3.3591876266597733,0.5067827028655894,True,0.15921582224632144,0.32893311361952793
esm2_top28_bilstm_attn,test,-1,combined,all_eligible_queries,band_water_contact_count,146,525,0.0005979566995048809,-0.0005838805372650811,0.0017797939362748428,True,1.0,1.0
esm2_top28_bilstm_attn,test,-1,combined,all_eligible_queries,direct_ca_contact,146,525,0.11244956214477594,0.07856382683932261,0.14633529745022927,True,5.036722408450654e-15,6.310525753039464e-14
esm2_top28_bilstm_attn,test,-1,combined,all_eligible_queries,direct_putative_polar_contact,146,525,0.03580535115904401,0.011773545930350033,0.059837156387738,True,6.467045262218053e-05,0.0003296325957802483
esm2_top28_bilstm_attn,test,-1,combined,all_eligible_queries,direct_putative_polar_contact_count,146,525,0.303297547115633,0.20564608732384348,0.4009490069074225,True,4.945479817326376e-07,2.982646523368889e-06
esm2_top28_bilstm_attn,test,-1,combined,all_eligible_queries,disorder,146,527,-0.016859662124111812,-0.02096011458826106,-0.012759209659962563,True,4.188799933293481e-37,9.038499411617712e-36
esm2_top28_bilstm_attn,test,-1,combined,all_eligible_queries,mean_query_contact_water_degree,136,489,-0.04856646316887677,-0.1246807927742272,0.027547866436473646,True,0.8592278156599691,1.0
esm2_top28_bilstm_attn,test,-1,combined,all_eligible_queries,minimum_ca_distance_angstrom,146,525,-2.769228842411619,-3.3208242717530534,-2.217633413070185,True,1.2396041623788965e-15,1.6488433447532996e-14
esm2_top28_bilstm_attn,test,-1,combined,all_eligible_queries,minimum_heavy_atom_distance_angstrom,146,525,-2.5620609011509887,-3.1129555432180513,-2.011166259083926,True,2.4024726949774945e-14,2.9160012335289343e-13
esm2_top28_bilstm_attn,test,-1,combined,all_eligible_queries,minimum_polar_atom_distance_angstrom,146,525,-2.1594096475340523,-2.6934273351969864,-1.6253919598711182,True,9.907720036770018e-14,1.1521432521800824e-12
esm2_top28_bilstm_attn,test,-1,combined,all_eligible_queries,neq,146,527,-0.3626795728421508,-0.40449573445741643,-0.32086341122688516,True,8.96831017167883e-44,3.002837647137981e-42
esm2_top28_bilstm_attn,test,-1,combined,all_eligible_queries,nonlocal_contact_path_exists,146,525,0.005118943539280609,-0.0029811473650232217,0.01321903444358444,True,0.00341796875,0.012406907126168223
esm2_top28_bilstm_attn,test,-1,combined,all_eligible_queries,normalized_query_position,146,527,-0.019730665230830852,-0.036042902808415676,-0.0034184276532460284,True,0.08186174437673047,0.1906181146038496
esm2_top28_bilstm_attn,test,-1,combined,all_eligible_queries,one_water_bridge,146,525,-0.002600669065578146,-0.01797663511685831,0.012775296985702015,True,0.5044037600228255,0.774962105984436
esm2_top28_bilstm_attn,test,-1,combined,all_eligible_queries,ordinary_contact_path_exists,146,525,0.0,0.0,0.0,True,1.0,1.0
esm2_top28_bilstm_attn,test,-1,combined,all_eligible_queries,query_distance_to_band_domain_boundary_sequence,146,525,1.8010531792889397,-0.4904917519286349,4.092598110506515,True,0.21431491737771186,0.42168142811298526
esm2_top28_bilstm_attn,test,-1,combined,all_eligible_queries,query_distance_to_community_boundary_edges,145,524,-0.3576282135064829,-0.4445504117091418,-0.270706015303824,True,8.301174583253661e-10,6.3487801957266184e-09
esm2_top28_bilstm_attn,test,-1,combined,all_eligible_queries,query_distance_to_ecod_boundary_sequence,146,525,1.6787176728382518,-0.6919240452922388,4.049359390968743,True,0.5625209423048497,0.8319997486336771
esm2_top28_bilstm_attn,test,-1,combined,all_eligible_queries,query_in_any_band,146,527,0.6399232138353449,0.5799965217385553,0.6998499059321345,True,1.0585075973100591e-26,1.8747027807332338e-25
esm2_top28_bilstm_attn,test,-1,combined,all_eligible_queries,query_to_band_contact_count,146,525,0.4767748503958702,0.3679026577076737,0.5856470430840667,True,2.3310651653913926e-16,3.2567831303525785e-15
esm2_top28_bilstm_attn,test,-1,combined,all_eligible_queries,query_to_band_contact_fraction,146,525,0.08168782347284524,0.058584870566003824,0.10479077637968666,True,4.4887920120309275e-17,6.409730946591221e-16
esm2_top28_bilstm_attn,test,-1,combined,all_eligible_queries,query_water_contact_count,146,525,-0.2881492043794919,-0.3601374268868248,-0.21616098187215893,True,3.706341840886839e-12,3.5632256707931885e-11
esm2_top28_bilstm_attn,test,-1,combined,all_eligible_queries,reachable_query_water_entry_count,146,525,-0.002425474311263621,-0.019561277124216736,0.014710328501689495,True,0.9049745264594622,1.0
esm2_top28_bilstm_attn,test,-1,combined,all_eligible_queries,relative_backbone_orientation_cosine,146,525,0.042535113782325856,0.0036955140988442214,0.08137471346580749,True,0.08186174437673047,0.1906181146038496
esm2_top28_bilstm_attn,test,-1,combined,all_eligible_queries,rsa,146,527,-0.1556156653793116,-0.17354166211015376,-0.13768966864846943,True,1.0016925257332595e-31,1.984986617320398e-30
esm2_top28_bilstm_attn,test,-1,combined,all_eligible_queries,same_community_as_band_apex,146,525,0.061320665693493655,0.024603564054399146,0.09803776733258816,True,0.007178115485500818,0.024370455022452078
esm2_top28_bilstm_attn,test,-1,combined,all_eligible_queries,same_community_as_band_majority,142,487,0.022020136390578742,-0.018600680107485616,0.0626409528886431,True,0.15540010008390512,0.3213919002800253
esm2_top28_bilstm_attn,test,-1,combined,all_eligible_queries,same_ecod_domain_as_band_apex,146,525,-0.005633875467692957,-0.020147679882019955,0.00887992894663404,True,0.887724827340783,1.0
esm2_top28_bilstm_attn,test,-1,combined,all_eligible_queries,shared_water_count,146,525,-0.002232075008464837,-0.01762245472913995,0.013158304712210276,True,0.6834892282353371,0.9557086614173228
esm2_top28_bilstm_attn,test,-1,combined,all_eligible_queries,shared_water_fraction_of_band_contacts,146,525,-0.0016733520679670343,-0.006487180951655051,0.0031404768157209826,True,0.7877061896700431,1.0
esm2_top28_bilstm_attn,test,-1,combined,all_eligible_queries,shared_water_fraction_of_query_contacts,146,525,0.0008492975944545758,-0.007764650972761617,0.009463246161670769,True,0.5900533317766354,0.8628641342697486
esm2_top28_bilstm_attn,test,-1,combined,all_eligible_queries,shares_any_ecod_domain_with_band,146,525,-0.005633875467692957,-0.020147679882019955,0.00887992894663404,True,0.887724827340783,1.0
esm2_top28_bilstm_attn,test,-1,combined,all_eligible_queries,shortest_nonlocal_contact_path_edges,145,524,-0.5400244300982217,-0.6629657766576593,-0.4170830835387839,True,1.5773024918785618e-12,1.6037285022137e-11
esm2_top28_bilstm_attn,test,-1,combined,all_eligible_queries,shortest_ordinary_contact_path_edges,146,525,-0.5251429145710927,-0.6406077799343703,-0.40967804920781514,True,9.932297501152282e-13,1.0370172982385877e-11
esm2_top28_bilstm_attn,test,-1,combined,all_eligible_queries,torsion_change_from_previous,146,527,-45.40175621867666,-50.381626747072204,-40.421885690281115,True,3.29585398809197e-42,9.276157166484935e-41
esm2_top28_bilstm_attn,test,-1,combined,all_eligible_queries,water_path_at_most_1,146,525,-0.002600669065578146,-0.01797663511685831,0.012775296985702015,True,0.5044037600228255,0.774962105984436
esm2_top28_bilstm_attn,test,-1,combined,all_eligible_queries,water_path_at_most_2,146,525,0.0009009546228427342,-0.015461216495025625,0.017263125740711094,True,0.7122308826373509,0.9788764147782982
esm2_top28_bilstm_attn,test,-1,combined,all_eligible_queries,water_path_at_most_3,146,525,0.0001088794106313669,-0.016226054005001798,0.016443812826264535,True,0.716300760154337,0.9825185722609721
esm2_top28_bilstm_attn,test,-1,combined,all_eligible_queries,water_path_exists,146,525,-0.0012299577681923796,-0.017669062587019935,0.015209147050635178,True,0.5504125118224712,0.8194204808542414
esm2_top28_bilstm_attn,test,-1,combined,all_eligible_queries,water_path_without_direct_ca_contact,146,525,-0.011471922137034315,-0.026120656624598868,0.003176812350530238,True,0.019520472782460274,0.05932513011508271
esm2_top28_bilstm_attn,test,-1,combined,all_eligible_queries,water_path_without_direct_polar_contact,146,525,-0.013955718337532572,-0.028862337356428805,0.000950900681363661,True,0.1770013647703581,0.3588065244092228
esm2_top28_bilstm_attn,test,-1,combined,sequence_distal_ge21,absolute_backbone_orientation_cosine,140,512,-0.00913722030374591,-0.02447859565649159,0.006204155048999767,True,0.051523568581622346,0.13252817243113987
esm2_top28_bilstm_attn,test,-1,combined,sequence_distal_ge21,absolute_sequence_separation,140,514,-2.263568001037455,-4.818570765432439,0.2914347633575285,True,0.27184203624171277,0.5085907845678287
esm2_top28_bilstm_attn,test,-1,combined,sequence_distal_ge21,band_water_contact_count,140,512,0.0,0.0,0.0,True,1.0,1.0
esm2_top28_bilstm_attn,test,-1,combined,sequence_distal_ge21,direct_ca_contact,140,512,0.06299246117029028,0.03294754078046081,0.09303738156011976,True,7.117169991723721e-09,4.953958467357515e-08
esm2_top28_bilstm_attn,test,-1,combined,sequence_distal_ge21,direct_putative_polar_contact,140,512,-0.0006494096639104921,-0.007997790837977716,0.006698971510156733,True,0.6146550157654618,0.8874795841015068
esm2_top28_bilstm_attn,test,-1,combined,sequence_distal_ge21,direct_putative_polar_contact_count,140,512,-0.0006052028805280647,-0.00796616947778048,0.006755763716724351,True,0.6146550157654618,0.8874795841015068
esm2_top28_bilstm_attn,test,-1,combined,sequence_distal_ge21,disorder,140,514,-0.01700697984037575,-0.021835960267521166,-0.012177999413230334,True,6.209695184944958e-34,1.2561695884544905e-32
esm2_top28_bilstm_attn,test,-1,combined,sequence_distal_ge21,mean_query_contact_water_degree,133,476,-0.03195954059609473,-0.11074242638381387,0.04682334519162442,True,0.9290596866317958,1.0
esm2_top28_bilstm_attn,test,-1,combined,sequence_distal_ge21,minimum_ca_distance_angstrom,140,512,-2.8778416304238377,-3.602112062114056,-2.1535711987336192,True,8.301174583253661e-10,6.3487801957266184e-09
esm2_top28_bilstm_attn,test,-1,combined,sequence_distal_ge21,minimum_heavy_atom_distance_angstrom,140,512,-2.765454815821017,-3.4815454647355386,-2.0493641669064955,True,2.59316019986872e-10,2.0895921610560393e-09
esm2_top28_bilstm_attn,test,-1,combined,sequence_distal_ge21,minimum_polar_atom_distance_angstrom,140,512,-2.4746790193973855,-3.1655327173342562,-1.7838253214605149,True,7.600909757854836e-09,5.253013078204303e-08
esm2_top28_bilstm_attn,test,-1,combined,sequence_distal_ge21,neq,140,514,-0.37106663047603533,-0.41057496846128333,-0.33155829249078733,True,1.4349296274686127e-42,4.287128210067763e-41
esm2_top28_bilstm_attn,test,-1,combined,sequence_distal_ge21,nonlocal_contact_path_exists,140,512,0.006382909771941953,-0.0022380111686804245,0.01500383071256433,True,0.00341796875,0.012406907126168223
esm2_top28_bilstm_attn,test,-1,combined,sequence_distal_ge21,normalized_query_position,140,514,-0.02268991416532675,-0.0431527136202729,-0.0022271147103806073,True,0.07555082875265669,0.1802453432895077
esm2_top28_bilstm_attn,test,-1,combined,sequence_distal_ge21,one_water_bridge,140,512,-0.0046095646663052514,-0.008602951983118317,-0.0006161773494921868,True,0.027533155829587486,0.07817452295303506
esm2_top28_bilstm_attn,test,-1,combined,sequence_distal_ge21,ordinary_contact_path_exists,140,512,0.0,0.0,0.0,True,1.0,1.0
esm2_top28_bilstm_attn,test,-1,combined,sequence_distal_ge21,query_distance_to_band_domain_boundary_sequence,140,512,2.0798476982401755,-0.708692150949576,4.868387547429927,True,0.051523568581622346,0.13252817243113987
esm2_top28_bilstm_attn,test,-1,combined,sequence_distal_ge21,query_distance_to_community_boundary_edges,139,511,-0.3942607998254383,-0.4911556436926404,-0.2973659559582362,True,1.419571074706475e-09,1.0644042575598357e-08
esm2_top28_bilstm_attn,test,-1,combined,sequence_distal_ge21,query_distance_to_ecod_boundary_sequence,140,512,1.7778093845157177,-1.010364036767837,4.565982805799273,True,0.15052769717161288,0.31331702883952006
esm2_top28_bilstm_attn,test,-1,combined,sequence_distal_ge21,query_in_any_band,140,514,0.7174886398808477,0.6589208282966069,0.7760564514650884,True,2.0409929932289558e-28,3.704306909206198e-27
esm2_top28_bilstm_attn,test,-1,combined,sequence_distal_ge21,query_to_band_contact_count,140,512,0.11669745769084393,0.06663794146851329,0.16675697391317457,True,6.306715100830909e-07,3.745455879453708e-06
esm2_top28_bilstm_attn,test,-1,combined,sequence_distal_ge21,query_to_band_contact_fraction,140,512,0.01755905910542758,0.009415610628880152,0.02570250758197501,True,6.306715100830909e-07,3.745455879453708e-06
esm2_top28_bilstm_attn,test,-1,combined,sequence_distal_ge21,query_water_contact_count,140,512,-0.2724809640509978,-0.3423390025798956,-0.20262292552210004,True,6.0187717660317e-08,3.8703492614680666e-07
esm2_top28_bilstm_attn,test,-1,combined,sequence_distal_ge21,reachable_query_water_entry_count,140,512,-0.010244485974497135,-0.0181037812495873,-0.0023851906994069687,True,0.012660335802414213,0.040781455464882425
esm2_top28_bilstm_attn,test,-1,combined,sequence_distal_ge21,relative_backbone_orientation_cosine,140,512,0.013848021112212401,-0.02694428592609402,0.05464032815051882,True,0.27184203624171277,0.5085907845678287
esm2_top28_bilstm_attn,test,-1,combined,sequence_distal_ge21,rsa,140,514,-0.14602775708581275,-0.16362916038015704,-0.12842635379146847,True,1.0618810807448801e-26,1.8747027807332338e-25
esm2_top28_bilstm_attn,test,-1,combined,sequence_distal_ge21,same_community_as_band_apex,140,512,0.04240344745895097,0.007970411915714674,0.07683648300218726,True,0.1521208669667595,0.3149453343810735
esm2_top28_bilstm_attn,test,-1,combined,sequence_distal_ge21,same_community_as_band_majority,137,476,0.02137046265734067,-0.012589532997883245,0.055330458312564584,True,0.23126568219748722,0.4491179548275202
esm2_top28_bilstm_attn,test,-1,combined,sequence_distal_ge21,same_ecod_domain_as_band_apex,140,512,-0.004575443871338394,-0.022931784696437314,0.013780896953760524,True,0.7754496546815659,1.0
esm2_top28_bilstm_attn,test,-1,combined,sequence_distal_ge21,shared_water_count,140,512,-0.004911448231123726,-0.009201666234247617,-0.0006212302279998347,True,0.027533155829587486,0.07817452295303506
esm2_top28_bilstm_attn,test,-1,combined,sequence_distal_ge21,shared_water_fraction_of_band_contacts,140,512,-0.0014258342393714944,-0.002514980449688203,-0.00033668802905478584,True,0.027533155829587486,0.07817452295303506
esm2_top28_bilstm_attn,test,-1,combined,sequence_distal_ge21,shared_water_fraction_of_query_contacts,140,512,-0.0016486066208781115,-0.0043591661422098735,0.0010619529004536501,True,0.027533155829587486,0.07817452295303506
esm2_top28_bilstm_attn,test,-1,combined,sequence_distal_ge21,shares_any_ecod_domain_with_band,140,512,-0.004575443871338394,-0.022931784696437314,0.013780896953760524,True,0.7754496546815659,1.0
esm2_top28_bilstm_attn,test,-1,combined,sequence_distal_ge21,shortest_nonlocal_contact_path_edges,139,511,-0.6136912039192745,-0.7759295742077674,-0.4514528336307814,True,1.2622956902102258e-09,9.501466009256816e-09
esm2_top28_bilstm_attn,test,-1,combined,sequence_distal_ge21,shortest_ordinary_contact_path_edges,140,512,-0.5923317307912672,-0.7463276383571176,-0.43833582322541687,True,2.59316019986872e-10,2.0895921610560393e-09
esm2_top28_bilstm_attn,test,-1,combined,sequence_distal_ge21,torsion_change_from_previous,140,514,-41.37114501855371,-45.74548307261083,-36.99680696449659,True,2.023250774730744e-40,4.973611398135575e-39
esm2_top28_bilstm_attn,test,-1,combined,sequence_distal_ge21,water_path_at_most_1,140,512,-0.0046095646663052514,-0.008602951983118317,-0.0006161773494921868,True,0.027533155829587486,0.07817452295303506
esm2_top28_bilstm_attn,test,-1,combined,sequence_distal_ge21,water_path_at_most_2,140,512,-0.005550850720968157,-0.011619742992227887,0.0005180415502915731,True,0.06490864707227217,0.1608410799050633
esm2_top28_bilstm_attn,test,-1,combined,sequence_distal_ge21,water_path_at_most_3,140,512,-0.006010253681708071,-0.012217916423693756,0.00019740906027761358,True,0.09191454981585423,0.2119929403116258
esm2_top28_bilstm_attn,test,-1,combined,sequence_distal_ge21,water_path_exists,140,512,-0.007591460265303417,-0.014068791633067195,-0.0011141288975396388,True,0.027008317653722358,0.07747437648970283
esm2_top28_bilstm_attn,test,-1,combined,sequence_distal_ge21,water_path_without_direct_ca_contact,140,512,-0.004261445637770962,-0.009083718697195797,0.0005608274216538731,True,0.020073851919732988,0.05979052212902065
esm2_top28_bilstm_attn,test,-1,combined,sequence_distal_ge21,water_path_without_direct_polar_contact,140,512,-0.006970523253199112,-0.012562016768443554,-0.00137902973795467,True,0.10380535550410741,0.23550233690301003
esm2_top28_bilstm_attn,test,-1,combined,sequence_distal_ge21_no_direct_ca,absolute_backbone_orientation_cosine,137,508,-0.003731135497177756,-0.0185791769960725,0.011116906001716989,True,0.3929875546202088,0.6522921633097825
esm2_top28_bilstm_attn,test,-1,combined,sequence_distal_ge21_no_direct_ca,absolute_sequence_separation,137,508,-1.7214247510025933,-4.3385737047678745,0.8957242027626879,True,0.7326840935910411,0.9992082231417149
esm2_top28_bilstm_attn,test,-1,combined,sequence_distal_ge21_no_direct_ca,band_water_contact_count,137,508,0.0,0.0,0.0,True,1.0,1.0
esm2_top28_bilstm_attn,test,-1,combined,sequence_distal_ge21_no_direct_ca,direct_ca_contact,137,508,0.0,0.0,0.0,True,1.0,1.0
esm2_top28_bilstm_attn,test,-1,combined,sequence_distal_ge21_no_direct_ca,direct_putative_polar_contact,137,508,0.00041656553520813907,-0.007691683336859493,0.00852481440727577,True,0.8641662404406816,1.0
esm2_top28_bilstm_attn,test,-1,combined,sequence_distal_ge21_no_direct_ca,direct_putative_polar_contact_count,137,508,0.00041656553520813907,-0.007691683336859493,0.00852481440727577,True,0.8641662404406816,1.0
esm2_top28_bilstm_attn,test,-1,combined,sequence_distal_ge21_no_direct_ca,disorder,137,508,-0.018241898217890868,-0.022099310063031678,-0.014384486372750058,True,1.6613665736354485e-34,3.39618303789478e-33
esm2_top28_bilstm_attn,test,-1,combined,sequence_distal_ge21_no_direct_ca,mean_query_contact_water_degree,130,469,-0.034721632376935534,-0.11592975110828077,0.04648648635440971,True,0.4708507456393825,0.7403985004305108
esm2_top28_bilstm_attn,test,-1,combined,sequence_distal_ge21_no_direct_ca,minimum_ca_distance_angstrom,137,508,-2.6540068033837927,-3.367368459157301,-1.9406451476102844,True,2.8993549295363596e-09,2.0700541445439745e-08
esm2_top28_bilstm_attn,test,-1,combined,sequence_distal_ge21_no_direct_ca,minimum_heavy_atom_distance_angstrom,137,508,-2.577647211414716,-3.286947884877331,-1.8683465379521014,True,2.876303627501573e-10,2.3081742333091132e-09
esm2_top28_bilstm_attn,test,-1,combined,sequence_distal_ge21_no_direct_ca,minimum_polar_atom_distance_angstrom,137,508,-2.3275432205999014,-3.0165080808676077,-1.638578360332195,True,2.5103159341769533e-08,1.68104604971436e-07
esm2_top28_bilstm_attn,test,-1,combined,sequence_distal_ge21_no_direct_ca,neq,137,508,-0.3598673487254077,-0.39714525513091425,-0.32258944231990117,True,1.5841623087253484e-39,3.6624323851721747e-38
esm2_top28_bilstm_attn,test,-1,combined,sequence_distal_ge21_no_direct_ca,nonlocal_contact_path_exists,137,508,0.006692227612446692,-0.0021493711965617788,0.015533826421455163,True,0.00341796875,0.012406907126168223
esm2_top28_bilstm_attn,test,-1,combined,sequence_distal_ge21_no_direct_ca,normalized_query_position,137,508,-0.02065894201161284,-0.04123418609883848,-8.369792438719936e-05,True,0.17140890326024552,0.34819674699936903
esm2_top28_bilstm_attn,test,-1,combined,sequence_distal_ge21_no_direct_ca,one_water_bridge,137,508,-0.0014961559411267532,-0.0029429790384968867,-4.9332843756619716e-05,True,0.063568115234375,0.15887938196287807
esm2_top28_bilstm_attn,test,-1,combined,sequence_distal_ge21_no_direct_ca,ordinary_contact_path_exists,137,508,0.0,0.0,0.0,True,1.0,1.0
esm2_top28_bilstm_attn,test,-1,combined,sequence_distal_ge21_no_direct_ca,query_distance_to_band_domain_boundary_sequence,137,508,1.9253361279535202,-0.8831652719938015,4.733837527900842,True,0.08713322647534687,0.20168382099537974
esm2_top28_bilstm_attn,test,-1,combined,sequence_distal_ge21_no_direct_ca,query_distance_to_community_boundary_edges,136,507,-0.38929001880938446,-0.4881242698811779,-0.290455767737591,True,1.7738815010358873e-11,1.6173135563435176e-10
esm2_top28_bilstm_attn,test,-1,combined,sequence_distal_ge21_no_direct_ca,query_distance_to_ecod_boundary_sequence,137,508,1.468966116625311,-1.3073165128878814,4.245248746138503,True,0.30524277813335265,0.5540013786308139
esm2_top28_bilstm_attn,test,-1,combined,sequence_distal_ge21_no_direct_ca,query_in_any_band,137,508,0.7234303850407651,0.6661138604734811,0.780746909608049,True,8.681051190896228e-29,1.6055810869257594e-27
esm2_top28_bilstm_attn,test,-1,combined,sequence_distal_ge21_no_direct_ca,query_to_band_contact_count,137,508,0.0,0.0,0.0,True,1.0,1.0
esm2_top28_bilstm_attn,test,-1,combined,sequence_distal_ge21_no_direct_ca,query_to_band_contact_fraction,137,508,0.0,0.0,0.0,True,1.0,1.0
esm2_top28_bilstm_attn,test,-1,combined,sequence_distal_ge21_no_direct_ca,query_water_contact_count,137,508,-0.21443604134919228,-0.28897864320690125,-0.1398934394914833,True,9.669159852144027e-06,5.2598062837153226e-05
esm2_top28_bilstm_attn,test,-1,combined,sequence_distal_ge21_no_direct_ca,reachable_query_water_entry_count,137,508,-0.0037274721407305252,-0.009480621606040025,0.002025677324578975,True,0.020073851919732988,0.05979052212902065
esm2_top28_bilstm_attn,test,-1,combined,sequence_distal_ge21_no_direct_ca,relative_backbone_orientation_cosine,137,508,0.015815687871826856,-0.024661953207011734,0.056293328950665446,True,0.3929875546202088,0.6522921633097825
esm2_top28_bilstm_attn,test,-1,combined,sequence_distal_ge21_no_direct_ca,rsa,137,508,-0.1362063604672872,-0.1548108346153478,-0.1176018863192266,True,7.0458837577401e-25,1.1215660866828913e-23
esm2_top28_bilstm_attn,test,-1,combined,sequence_distal_ge21_no_direct_ca,same_community_as_band_apex,137,508,0.015416502821643426,-0.013280010118272508,0.04411301576155936,True,1.0,1.0
esm2_top28_bilstm_attn,test,-1,combined,sequence_distal_ge21_no_direct_ca,same_community_as_band_majority,134,472,-0.003177106827418153,-0.029977984820264945,0.023623771165428638,True,0.9247750936572267,1.0
esm2_top28_bilstm_attn,test,-1,combined,sequence_distal_ge21_no_direct_ca,same_ecod_domain_as_band_apex,137,508,-0.008571107853625033,-0.027538628323124602,0.010396412615874536,True,0.5681724128491652,0.838442876712066
esm2_top28_bilstm_attn,test,-1,combined,sequence_distal_ge21_no_direct_ca,shared_water_count,137,508,-0.00139477718255966,-0.002912726085859044,0.00012317172073972402,True,0.063568115234375,0.15887938196287807
esm2_top28_bilstm_attn,test,-1,combined,sequence_distal_ge21_no_direct_ca,shared_water_fraction_of_band_contacts,137,508,-0.00025095559542058835,-0.0005549140583548565,5.3002867513679834e-05,True,0.063568115234375,0.15887938196287807
esm2_top28_bilstm_attn,test,-1,combined,sequence_distal_ge21_no_direct_ca,shared_water_fraction_of_query_contacts,137,508,-0.000892959327232016,-0.0017168227405222872,-6.90959139417449e-05,True,0.063568115234375,0.15887938196287807
esm2_top28_bilstm_attn,test,-1,combined,sequence_distal_ge21_no_direct_ca,shares_any_ecod_domain_with_band,137,508,-0.008571107853625033,-0.027538628323124602,0.010396412615874536,True,0.5681724128491652,0.838442876712066
esm2_top28_bilstm_attn,test,-1,combined,sequence_distal_ge21_no_direct_ca,shortest_nonlocal_contact_path_edges,136,507,-0.5295762732514651,-0.6889239248332495,-0.37022862166968057,True,1.4408000378059053e-06,8.377346327602e-06
esm2_top28_bilstm_attn,test,-1,combined,sequence_distal_ge21_no_direct_ca,shortest_ordinary_contact_path_edges,137,508,-0.5337787516005397,-0.6832505758174611,-0.38430692738361827,True,9.310987342771927e-10,7.0909558508482675e-09
esm2_top28_bilstm_attn,test,-1,combined,sequence_distal_ge21_no_direct_ca,torsion_change_from_previous,137,508,-41.64166825591843,-45.991712379624545,-37.29162413221232,True,1.1479437019748901e-41,3.0538447523770366e-40
esm2_top28_bilstm_attn,test,-1,combined,sequence_distal_ge21_no_direct_ca,water_path_at_most_1,137,508,-0.0014961559411267532,-0.0029429790384968867,-4.9332843756619716e-05,True,0.063568115234375,0.15887938196287807
esm2_top28_bilstm_attn,test,-1,combined,sequence_distal_ge21_no_direct_ca,water_path_at_most_2,137,508,-0.0019816146655442595,-0.007232781757691032,0.0032695524266025127,True,0.28104151505976915,0.5242868609472351
esm2_top28_bilstm_attn,test,-1,combined,sequence_distal_ge21_no_direct_ca,water_path_at_most_3,137,508,-0.002161076319992129,-0.007450108898691611,0.0031279562587073523,True,0.16275565745308995,0.3351765501313899
esm2_top28_bilstm_attn,test,-1,combined,sequence_distal_ge21_no_direct_ca,water_path_exists,137,508,-0.0038029766962842408,-0.009445116363516672,0.0018391629709481891,True,0.020073851919732988,0.05979052212902065
esm2_top28_bilstm_attn,test,-1,combined,sequence_distal_ge21_no_direct_ca,water_path_without_direct_ca_contact,137,508,-0.0038029766962842408,-0.009445116363516672,0.0018391629709481891,True,0.020073851919732988,0.05979052212902065
esm2_top28_bilstm_attn,test,-1,combined,sequence_distal_ge21_no_direct_ca,water_path_without_direct_polar_contact,137,508,-0.005100179555176407,-0.009514239619232914,-0.0006861194911199006,True,0.024306510109454393,0.07055791125943263
esm2_top28_bilstm_attn,test,1,combined,all_eligible_queries,absolute_backbone_orientation_cosine,196,1048,-0.019723173639730564,-0.03861844218806429,-0.0008279050913968418,True,0.018188799552192436,0.056516237968572344
esm2_top28_bilstm_attn,test,1,combined,all_eligible_queries,absolute_sequence_separation,198,1102,-3.6492607349850683,-5.268014578894116,-2.0305068910760213,True,2.4086823387839697e-05,0.000125743578008561
esm2_top28_bilstm_attn,test,1,combined,all_eligible_queries,band_water_contact_count,196,1051,0.0,0.0,0.0,True,1.0,1.0
esm2_top28_bilstm_attn,test,1,combined,all_eligible_queries,direct_ca_contact,196,1051,0.01642109258805052,-0.0037766057643054476,0.03661879094040649,True,0.07042523337561711,0.17053092670255413
esm2_top28_bilstm_attn,test,1,combined,all_eligible_queries,direct_putative_polar_contact,196,1051,0.019562826172794926,0.007209192389812338,0.031916459955777514,True,2.168968539085815e-05,0.00011415005156923176
esm2_top28_bilstm_attn,test,1,combined,all_eligible_queries,direct_putative_polar_contact_count,196,1051,0.0345743711163809,0.018147188782856843,0.05100155344990495,True,6.9197843299912535e-06,3.806861520918701e-05
esm2_top28_bilstm_attn,test,1,combined,all_eligible_queries,disorder,198,1102,-0.04016627345615759,-0.055970694122030235,-0.024361852790284955,True,0.00046708537489481225,0.002087571422361094
esm2_top28_bilstm_attn,test,1,combined,all_eligible_queries,mean_query_contact_water_degree,181,979,0.050109929632022966,0.0002623238813773826,0.09995753538266855,True,0.32437346590855565,0.5854398427457389
esm2_top28_bilstm_attn,test,1,combined,all_eligible_queries,minimum_ca_distance_angstrom,196,1051,1.1244750027079824,0.41997711524923054,1.8289728901667344,True,0.00014023150174828468,0.0006877009504928506
esm2_top28_bilstm_attn,test,1,combined,all_eligible_queries,minimum_heavy_atom_distance_angstrom,196,1051,1.227462596090755,0.5375328981442166,1.9173922940372936,True,0.0002499205508094501,0.0011866643268262887
esm2_top28_bilstm_attn,test,1,combined,all_eligible_queries,minimum_polar_atom_distance_angstrom,196,1051,1.123566571862288,0.4363801958000123,1.8107529479245636,True,0.0002499205508094501,0.0011866643268262887
esm2_top28_bilstm_attn,test,1,combined,all_eligible_queries,neq,198,1102,0.7147734384414101,0.638178382148586,0.7913684947342341,True,1.0984535005111319e-47,4.444159787484621e-46
esm2_top28_bilstm_attn,test,1,combined,all_eligible_queries,nonlocal_contact_path_exists,196,1051,-0.03343970953177991,-0.05284049964568388,-0.014038919417875939,True,1.8953053686021684e-12,1.9070896506867414e-11
esm2_top28_bilstm_attn,test,1,combined,all_eligible_queries,normalized_query_position,198,1102,-0.005365515285147929,-0.022464669248350916,0.01173363867805506,True,0.2863956298917921,0.528918415146627
esm2_top28_bilstm_attn,test,1,combined,all_eligible_queries,one_water_bridge,196,1051,0.004280764067316925,-0.001139497503125659,0.009701025637759509,True,0.8453703188825517,1.0
esm2_top28_bilstm_attn,test,1,combined,all_eligible_queries,ordinary_contact_path_exists,196,1051,0.0,0.0,0.0,True,1.0,1.0
esm2_top28_bilstm_attn,test,1,combined,all_eligible_queries,query_distance_to_band_domain_boundary_sequence,196,1048,2.7095382884113217,0.7039049931123857,4.715171583710258,True,0.018188799552192436,0.056516237968572344
esm2_top28_bilstm_attn,test,1,combined,all_eligible_queries,query_distance_to_community_boundary_edges,195,1044,0.40489188542748533,0.3084668691195522,0.5013169017354185,True,7.082356753582226e-13,7.59886011903684e-12
esm2_top28_bilstm_attn,test,1,combined,all_eligible_queries,query_distance_to_ecod_boundary_sequence,196,1051,3.4024708644596715,1.3756886900762422,5.4292530388431,True,0.0012497096331029786,0.005243231827926643
esm2_top28_bilstm_attn,test,1,combined,all_eligible_queries,query_in_any_band,198,1102,0.726737811152715,0.68746870938727,0.7660069129181599,True,3.759088349162535e-52,1.8718332241214468e-50
esm2_top28_bilstm_attn,test,1,combined,all_eligible_queries,query_to_band_contact_count,196,1051,0.06350645426794656,0.021342588310919897,0.10567032022497322,True,0.009309685871403324,0.031056419600788344
esm2_top28_bilstm_attn,test,1,combined,all_eligible_queries,query_to_band_contact_fraction,196,1051,0.01673860753551515,0.007133685885310137,0.02634352918572016,True,0.0026347303601547537,0.009993449920743226
esm2_top28_bilstm_attn,test,1,combined,all_eligible_queries,query_water_contact_count,196,1051,0.10780851596914952,0.042462901466993205,0.17315413047130584,True,0.19726988906173318,0.3921168112158504
esm2_top28_bilstm_attn,test,1,combined,all_eligible_queries,reachable_query_water_entry_count,196,1051,0.0051199956312877205,-0.001973519419497715,0.012213510682073155,True,0.17773167761166414,0.35991128041903203
esm2_top28_bilstm_attn,test,1,combined,all_eligible_queries,relative_backbone_orientation_cosine,196,1048,-0.01187963106224219,-0.05044308326561879,0.026683821141134406,True,0.28394776099638064,0.528918415146627
esm2_top28_bilstm_attn,test,1,combined,all_eligible_queries,rsa,198,1102,0.1092702655051034,0.09346498821003671,0.12507554280017008,True,5.323048999600937e-26,8.989009701934801e-25
esm2_top28_bilstm_attn,test,1,combined,all_eligible_queries,same_community_as_band_apex,196,1051,0.010635632075774072,-0.015506598603287158,0.0367778627548353,True,0.05919615140062466,0.15066700657930943
esm2_top28_bilstm_attn,test,1,combined,all_eligible_queries,same_community_as_band_majority,192,987,0.019536121858245235,-0.009616981633579161,0.04868922535006963,True,0.26082933526084445,0.49321379656919173
esm2_top28_bilstm_attn,test,1,combined,all_eligible_queries,same_ecod_domain_as_band_apex,196,1043,-0.0019550426056680202,-0.010341692687859444,0.006431607476523405,True,0.5966417603730826,0.8685744367650123
esm2_top28_bilstm_attn,test,1,combined,all_eligible_queries,shared_water_count,196,1051,0.005344265094867757,-0.000887798914665683,0.011576329104401196,True,0.8453703188825517,1.0
esm2_top28_bilstm_attn,test,1,combined,all_eligible_queries,shared_water_fraction_of_band_contacts,196,1051,0.001739172255041587,-0.00024277405497348482,0.003721118565056659,True,0.8453703188825517,1.0
esm2_top28_bilstm_attn,test,1,combined,all_eligible_queries,shared_water_fraction_of_query_contacts,196,1051,0.003401172166742653,-0.0010917326822547963,0.007894077015740103,True,0.8453703188825517,1.0
esm2_top28_bilstm_attn,test,1,combined,all_eligible_queries,shares_any_ecod_domain_with_band,196,1048,-0.002899176840445581,-0.011301495829051935,0.005503142148160773,True,0.5900533317766354,0.8628641342697486
esm2_top28_bilstm_attn,test,1,combined,all_eligible_queries,shortest_nonlocal_contact_path_edges,194,1036,0.39031588877664947,0.23818327011522747,0.5424485074380715,True,1.6104398114402347e-06,9.307958672074214e-06
esm2_top28_bilstm_attn,test,1,combined,all_eligible_queries,shortest_ordinary_contact_path_edges,196,1051,0.24073100031536898,0.09187182947230588,0.3895901711584321,True,4.144867813662958e-05,0.00021351016695314232
esm2_top28_bilstm_attn,test,1,combined,all_eligible_queries,torsion_change_from_previous,198,1102,15.721187916404526,11.421552969436945,20.020822863372107,True,4.466253524273297e-11,3.87208229649051e-10
esm2_top28_bilstm_attn,test,1,combined,all_eligible_queries,water_path_at_most_1,196,1051,0.004280764067316925,-0.001139497503125659,0.009701025637759509,True,0.8453703188825517,1.0
esm2_top28_bilstm_attn,test,1,combined,all_eligible_queries,water_path_at_most_2,196,1051,0.0049954066135092165,-0.0009728173297794034,0.010963630556797836,True,0.716294114576641,0.9825185722609721
esm2_top28_bilstm_attn,test,1,combined,all_eligible_queries,water_path_at_most_3,196,1051,0.005351119572264076,-0.0005833158883361946,0.011285555032864346,True,0.5297694043652669,0.8006320492430726
esm2_top28_bilstm_attn,test,1,combined,all_eligible_queries,water_path_exists,196,1051,0.005155780943541687,-0.0008504419251800042,0.011162003812263378,True,0.41907374251663604,0.6891119457809545
esm2_top28_bilstm_attn,test,1,combined,all_eligible_queries,water_path_without_direct_ca_contact,196,1051,-0.0019497724582964585,-0.004530088199420894,0.0006305432828279769,True,0.0004471991792769285,0.002024384163533322
esm2_top28_bilstm_attn,test,1,combined,all_eligible_queries,water_path_without_direct_polar_contact,196,1051,-0.002072918555430785,-0.00518012885742916,0.0010342917465675891,True,0.01674502147823378,0.052449728565693556
esm2_top28_bilstm_attn,test,1,combined,sequence_distal_ge21,absolute_backbone_orientation_cosine,193,1030,-0.0345743242554116,-0.05551152950795992,-0.013637119002863275,True,0.003871258022729052,0.013896456710055119
esm2_top28_bilstm_attn,test,1,combined,sequence_distal_ge21,absolute_sequence_separation,195,1085,-4.688682376167168,-6.548677411995704,-2.8286873403386315,True,3.7653418523193856e-06,2.1072893017879673e-05
esm2_top28_bilstm_attn,test,1,combined,sequence_distal_ge21,band_water_contact_count,193,1033,0.0,0.0,0.0,True,1.0,1.0
esm2_top28_bilstm_attn,test,1,combined,sequence_distal_ge21,direct_ca_contact,193,1033,-0.013009278902507826,-0.03359681885527648,0.007578261050260831,True,0.20795842151862862,0.41083952654036293
esm2_top28_bilstm_attn,test,1,combined,sequence_distal_ge21,direct_putative_polar_contact,193,1033,-0.0039610547854719074,-0.011862371348292964,0.003940261777349148,True,0.45581402955519196,0.7208394506483573
esm2_top28_bilstm_attn,test,1,combined,sequence_distal_ge21,direct_putative_polar_contact_count,193,1033,-0.0035833667293287837,-0.011694524197755534,0.004527790739097965,True,0.26305395754293576,0.494282130346538
esm2_top28_bilstm_attn,test,1,combined,sequence_distal_ge21,disorder,195,1085,-0.04247878585842027,-0.059445181020736745,-0.025512390696103796,True,0.0015607117566381972,0.006301252040314718
esm2_top28_bilstm_attn,test,1,combined,sequence_distal_ge21,mean_query_contact_water_degree,173,954,0.042320712154994146,-0.008678083369414967,0.09331950767940325,True,0.6405622342031325,0.9140131218387094
esm2_top28_bilstm_attn,test,1,combined,sequence_distal_ge21,minimum_ca_distance_angstrom,193,1033,1.4233178203988521,0.6172740406179595,2.229361600179745,True,9.177013463583781e-05,0.0004617036307326348
esm2_top28_bilstm_attn,test,1,combined,sequence_distal_ge21,minimum_heavy_atom_distance_angstrom,193,1033,1.5046056447614742,0.7027996597772584,2.30641162974569,True,9.177013463583781e-05,0.0004617036307326348
esm2_top28_bilstm_attn,test,1,combined,sequence_distal_ge21,minimum_polar_atom_distance_angstrom,193,1033,1.3789280118361447,0.5830929540144575,2.174763069657832,True,9.177013463583781e-05,0.0004617036307326348
esm2_top28_bilstm_attn,test,1,combined,sequence_distal_ge21,neq,195,1085,0.7454886944575417,0.6628444109334535,0.82813297798163,True,7.290026360596644e-43,2.2471795543299495e-41
esm2_top28_bilstm_attn,test,1,combined,sequence_distal_ge21,nonlocal_contact_path_exists,193,1033,-0.03926695563925953,-0.062226843226752614,-0.016307068051766453,True,3.206401775087398e-12,3.097926491154093e-11
esm2_top28_bilstm_attn,test,1,combined,sequence_distal_ge21,normalized_query_position,195,1085,-0.009712172243755915,-0.03036487637450016,0.010940531886988328,True,0.31607312611901267,0.5715214254405239
esm2_top28_bilstm_attn,test,1,combined,sequence_distal_ge21,one_water_bridge,193,1033,-0.0011998835450940273,-0.004291758757621906,0.0018919916674338517,True,0.011174544214771171,0.036657035245077046
esm2_top28_bilstm_attn,test,1,combined,sequence_distal_ge21,ordinary_contact_path_exists,193,1033,0.0,0.0,0.0,True,1.0,1.0
esm2_top28_bilstm_attn,test,1,combined,sequence_distal_ge21,query_distance_to_band_domain_boundary_sequence,193,1030,2.4211100998850448,0.16989140074901554,4.672328799021074,True,0.06099215686116869,0.1546302462459394
esm2_top28_bilstm_attn,test,1,combined,sequence_distal_ge21,query_distance_to_community_boundary_edges,191,1024,0.4274279704201017,0.3193158637701211,0.5355400770700823,True,2.3960182267251806e-10,1.9550703345799584e-09
esm2_top28_bilstm_attn,test,1,combined,sequence_distal_ge21,query_distance_to_ecod_boundary_sequence,193,1033,3.3086927321052233,1.0466576617478247,5.570727802462622,True,0.003871258022729052,0.013896456710055119
esm2_top28_bilstm_attn,test,1,combined,sequence_distal_ge21,query_in_any_band,195,1085,0.7423693777212972,0.7015742514831713,0.783164503959423,True,5.140970709153575e-49,2.1703837211252702e-47
esm2_top28_bilstm_attn,test,1,combined,sequence_distal_ge21,query_to_band_contact_count,193,1033,-0.02224219521501016,-0.0597780776288961,0.01529368719887578,True,0.35599982591510815,0.6285015108428547
esm2_top28_bilstm_attn,test,1,combined,sequence_distal_ge21,query_to_band_contact_fraction,193,1033,-0.004515591855903254,-0.012234709857369993,0.003203526145563485,True,0.24160419524510107,0.4664752011325451
esm2_top28_bilstm_attn,test,1,combined,sequence_distal_ge21,query_water_contact_count,193,1033,0.09031724990708107,0.02096170318129545,0.15967279663286668,True,0.19495973532361957,0.388319801024071
esm2_top28_bilstm_attn,test,1,combined,sequence_distal_ge21,reachable_query_water_entry_count,193,1033,-0.0035339260949667057,-0.008242450584833552,0.0011745983949001397,True,0.0026857010059628526,0.01012743952151429
esm2_top28_bilstm_attn,test,1,combined,sequence_distal_ge21,relative_backbone_orientation_cosine,193,1030,0.0004284584247335109,-0.040255028818756707,0.04111194566822373,True,0.5648284358631904,0.8347768816182007
esm2_top28_bilstm_attn,test,1,combined,sequence_distal_ge21,rsa,195,1085,0.10539322930035738,0.08852501246448032,0.12226144613623445,True,5.8157087900911016e-21,8.89299722075348e-20
esm2_top28_bilstm_attn,test,1,combined,sequence_distal_ge21,same_community_as_band_apex,193,1033,-0.000365358156180454,-0.02848964224461813,0.027758925932257223,True,0.07391909261216217,0.1783240718668558
esm2_top28_bilstm_attn,test,1,combined,sequence_distal_ge21,same_community_as_band_majority,189,970,-0.003327246181399442,-0.035405394163355614,0.028750901800556727,True,0.10698657283154892,0.24163356154950608
esm2_top28_bilstm_attn,test,1,combined,sequence_distal_ge21,same_ecod_domain_as_band_apex,193,1025,-0.0009429498809418325,-0.010308473283914673,0.00842257352203101,True,0.5966417603730826,0.8685744367650123
esm2_top28_bilstm_attn,test,1,combined,sequence_distal_ge21,shared_water_count,193,1033,-0.0013357252881633533,-0.004867682089038343,0.0021962315127116356,True,0.019690184799846844,0.05950193657286608
esm2_top28_bilstm_attn,test,1,combined,sequence_distal_ge21,shared_water_fraction_of_band_contacts,193,1033,-3.223193806361048e-05,-0.0009574490936336325,0.0008929852175064115,True,0.05439055827708824,0.1391653019421678
esm2_top28_bilstm_attn,test,1,combined,sequence_distal_ge21,shared_water_fraction_of_query_contacts,193,1033,-0.0008672810594122889,-0.0035986808466349995,0.0018641187278104214,True,0.00609262967206472,0.02128037198408217
esm2_top28_bilstm_attn,test,1,combined,sequence_distal_ge21,shares_any_ecod_domain_with_band,193,1030,-0.0026683986439700685,-0.011705855094597104,0.006369057806656966,True,0.4187541882690154,0.6891119457809545
esm2_top28_bilstm_attn,test,1,combined,sequence_distal_ge21,shortest_nonlocal_contact_path_edges,189,1016,0.44373545825976973,0.27384886800273894,0.6136220485168005,True,3.086880963477341e-07,1.8851329657462252e-06
esm2_top28_bilstm_attn,test,1,combined,sequence_distal_ge21,shortest_ordinary_contact_path_edges,193,1033,0.2978900868859038,0.1318701469972189,0.4639100267745887,True,3.427994870106989e-05,0.00017752442767327391
esm2_top28_bilstm_attn,test,1,combined,sequence_distal_ge21,torsion_change_from_previous,195,1085,16.841218668978414,12.266659201359381,21.415778136597446,True,8.138605037501638e-08,5.216228047138013e-07
esm2_top28_bilstm_attn,test,1,combined,sequence_distal_ge21,water_path_at_most_1,193,1033,-0.0011998835450940273,-0.004291758757621906,0.0018919916674338517,True,0.011174544214771171,0.036657035245077046
esm2_top28_bilstm_attn,test,1,combined,sequence_distal_ge21,water_path_at_most_2,193,1033,-0.002015081385667756,-0.005590083697651158,0.0015599209263156455,True,0.01776578128038706,0.055379048549777966
esm2_top28_bilstm_attn,test,1,combined,sequence_distal_ge21,water_path_at_most_3,193,1033,-0.00208909862302665,-0.005757649437134975,0.001579452191081675,True,0.011118593448764544,0.036597133012713126
esm2_top28_bilstm_attn,test,1,combined,sequence_distal_ge21,water_path_exists,193,1033,-0.00241632527096905,-0.006153044598637629,0.001320394056699529,True,0.00873510868433317,0.029348756167776845
esm2_top28_bilstm_attn,test,1,combined,sequence_distal_ge21,water_path_without_direct_ca_contact,193,1033,-0.0016494165743047066,-0.00421389817484189,0.0009150650262324763,True,0.002324541288088704,0.009028518362936527
esm2_top28_bilstm_attn,test,1,combined,sequence_distal_ge21,water_path_without_direct_polar_contact,193,1033,-0.0018981717298595649,-0.005065260949787372,0.0012689174900682421,True,0.025021349991899068,0.07230872274444641
esm2_top28_bilstm_attn,test,1,combined,sequence_distal_ge21_no_direct_ca,absolute_backbone_orientation_cosine,190,1025,-0.032236262759107265,-0.05287577331028315,-0.011596752207931386,True,0.0017378669238719052,0.006987448377141284
esm2_top28_bilstm_attn,test,1,combined,sequence_distal_ge21_no_direct_ca,absolute_sequence_separation,190,1028,-3.0428803264677016,-5.051359768128934,-1.0344008848064683,True,0.03511193479805765,0.09510094473895113
esm2_top28_bilstm_attn,test,1,combined,sequence_distal_ge21_no_direct_ca,band_water_contact_count,190,1028,0.0,0.0,0.0,True,1.0,1.0
esm2_top28_bilstm_attn,test,1,combined,sequence_distal_ge21_no_direct_ca,direct_ca_contact,190,1028,0.0,0.0,0.0,True,1.0,1.0
esm2_top28_bilstm_attn,test,1,combined,sequence_distal_ge21_no_direct_ca,direct_putative_polar_contact,190,1028,-0.0015976327095256271,-0.005787145500148913,0.0025918800810976585,True,0.06490864707227217,0.1608410799050633
esm2_top28_bilstm_attn,test,1,combined,sequence_distal_ge21_no_direct_ca,direct_putative_polar_contact_count,190,1028,-0.0011533305896847216,-0.005721717985462164,0.0034150568060927217,True,0.06490864707227217,0.1608410799050633
esm2_top28_bilstm_attn,test,1,combined,sequence_distal_ge21_no_direct_ca,disorder,190,1028,-0.009881475278571606,-0.027306908318928742,0.007543957761785533,True,0.8277787949824292,1.0
esm2_top28_bilstm_attn,test,1,combined,sequence_distal_ge21_no_direct_ca,mean_query_contact_water_degree,170,943,0.04523892015146762,-0.006678050487958789,0.09715589079089403,True,0.5335448936308463,0.803835673724673
esm2_top28_bilstm_attn,test,1,combined,sequence_distal_ge21_no_direct_ca,minimum_ca_distance_angstrom,190,1028,1.2717200089336236,0.500430751636456,2.0430092662307913,True,0.0001093055776494787,0.0005428936874559787
esm2_top28_bilstm_attn,test,1,combined,sequence_distal_ge21_no_direct_ca,minimum_heavy_atom_distance_angstrom,190,1028,1.372862361968355,0.5988851578118326,2.1468395661248776,True,0.00019837619044889786,0.0009607146180841886
esm2_top28_bilstm_attn,test,1,combined,sequence_distal_ge21_no_direct_ca,minimum_polar_atom_distance_angstrom,190,1028,1.2409635752759178,0.47383225560944264,2.008094894942393,True,0.0001093055776494787,0.0005428936874559787
esm2_top28_bilstm_attn,test,1,combined,sequence_distal_ge21_no_direct_ca,neq,190,1028,0.7298660478973158,0.6460321306810832,0.8136999651135484,True,1.8740302883042116e-42,5.431890775950416e-41
esm2_top28_bilstm_attn,test,1,combined,sequence_distal_ge21_no_direct_ca,nonlocal_contact_path_exists,190,1028,-0.0395003834377516,-0.06369050570130433,-0.01531026117419887,True,5.0179476659786724e-12,4.7535874962588206e-11
esm2_top28_bilstm_attn,test,1,combined,sequence_distal_ge21_no_direct_ca,normalized_query_position,190,1028,-0.009147557417407146,-0.03433879560564797,0.01604368077083368,True,0.7169046430967031,0.9825185722609721
esm2_top28_bilstm_attn,test,1,combined,sequence_distal_ge21_no_direct_ca,one_water_bridge,190,1028,-0.000718151955247336,-0.0026203338092725442,0.0011840298987778725,True,0.0004697573180081349,0.002087571422361094
esm2_top28_bilstm_attn,test,1,combined,sequence_distal_ge21_no_direct_ca,ordinary_contact_path_exists,190,1028,0.0,0.0,0.0,True,1.0,1.0
esm2_top28_bilstm_attn,test,1,combined,sequence_distal_ge21_no_direct_ca,query_distance_to_band_domain_boundary_sequence,190,1025,2.332117577586562,0.05087815738806034,4.613356997785063,True,0.024258297958749103,0.07052337520342927
esm2_top28_bilstm_attn,test,1,combined,sequence_distal_ge21_no_direct_ca,query_distance_to_community_boundary_edges,188,1018,0.41147351086483497,0.3045999580347327,0.5183470636949372,True,1.0119207061547833e-10,8.544130484141692e-10
esm2_top28_bilstm_attn,test,1,combined,sequence_distal_ge21_no_direct_ca,query_distance_to_ecod_boundary_sequence,190,1028,3.2768850551899384,0.9912677371251002,5.562502373254777,True,0.00035234110685931875,0.0016234257232525444
esm2_top28_bilstm_attn,test,1,combined,sequence_distal_ge21_no_direct_ca,query_in_any_band,190,1028,0.7363964934808537,0.6925004215314724,0.780292565430235,True,1.5681722050833095e-44,5.438197182628191e-43
esm2_top28_bilstm_attn,test,1,combined,sequence_distal_ge21_no_direct_ca,query_to_band_contact_count,190,1028,0.0,0.0,0.0,True,1.0,1.0
esm2_top28_bilstm_attn,test,1,combined,sequence_distal_ge21_no_direct_ca,query_to_band_contact_fraction,190,1028,0.0,0.0,0.0,True,1.0,1.0
esm2_top28_bilstm_attn,test,1,combined,sequence_distal_ge21_no_direct_ca,query_water_contact_count,190,1028,0.10443587679374897,0.03615642369030134,0.1727153298971966,True,0.03511193479805765,0.09510094473895113
esm2_top28_bilstm_attn,test,1,combined,sequence_distal_ge21_no_direct_ca,reachable_query_water_entry_count,190,1028,-0.0028832889939355505,-0.006698390431887771,0.0009318124440166695,True,0.0014660719473423367,0.006006564813794975
esm2_top28_bilstm_attn,test,1,combined,sequence_distal_ge21_no_direct_ca,relative_backbone_orientation_cosine,190,1025,0.0006660893819327449,-0.03948643766119971,0.0408186164250652,True,0.7169046430967031,0.9825185722609721
esm2_top28_bilstm_attn,test,1,combined,sequence_distal_ge21_no_direct_ca,rsa,190,1028,0.12862862739082576,0.11070178523877525,0.14655546954287627,True,1.1030224948798591e-25,1.8308287906467403e-24
esm2_top28_bilstm_attn,test,1,combined,sequence_distal_ge21_no_direct_ca,same_community_as_band_apex,190,1028,0.003349578023433637,-0.02180072288447762,0.028499878931344893,True,0.26682526360032177,0.5002069068231177
esm2_top28_bilstm_attn,test,1,combined,sequence_distal_ge21_no_direct_ca,same_community_as_band_majority,186,965,0.006348523578794806,-0.0205188705292556,0.03321591768684521,True,0.937408933600771,1.0
esm2_top28_bilstm_attn,test,1,combined,sequence_distal_ge21_no_direct_ca,same_ecod_domain_as_band_apex,190,1020,-0.0014772269921021547,-0.010799010523809483,0.007844556539605172,True,1.0,1.0
esm2_top28_bilstm_attn,test,1,combined,sequence_distal_ge21_no_direct_ca,shared_water_count,190,1028,-0.0013240340121699148,-0.0040826778865037435,0.001434609862163914,True,0.0004697573180081349,0.002087571422361094
esm2_top28_bilstm_attn,test,1,combined,sequence_distal_ge21_no_direct_ca,shared_water_fraction_of_band_contacts,190,1028,-0.0002760622841953794,-0.0008053138847806125,0.00025318931638985373,True,0.0004697573180081349,0.002087571422361094
esm2_top28_bilstm_attn,test,1,combined,sequence_distal_ge21_no_direct_ca,shared_water_fraction_of_query_contacts,190,1028,-0.0004207812597735908,-0.0019941710203791735,0.0011526085008319918,True,0.0004697573180081349,0.002087571422361094
esm2_top28_bilstm_attn,test,1,combined,sequence_distal_ge21_no_direct_ca,shares_any_ecod_domain_with_band,190,1025,-0.0031949604060155625,-0.012189843095692685,0.005799922283661561,True,0.7877061896700431,1.0
esm2_top28_bilstm_attn,test,1,combined,sequence_distal_ge21_no_direct_ca,shortest_nonlocal_contact_path_edges,186,1010,0.4125845450130458,0.2540630168032806,0.571106073222811,True,1.1185548577208841e-06,6.54287208943963e-06
esm2_top28_bilstm_attn,test,1,combined,sequence_distal_ge21_no_direct_ca,shortest_ordinary_contact_path_edges,190,1028,0.26181962571369477,0.10229133110799243,0.4213479203193971,True,2.1258586173103812e-05,0.00011218525638089023
esm2_top28_bilstm_attn,test,1,combined,sequence_distal_ge21_no_direct_ca,torsion_change_from_previous,190,1028,16.52901087342575,11.645389581937843,21.41263216491366,True,2.386484925259789e-09,1.7165013795757447e-08
esm2_top28_bilstm_attn,test,1,combined,sequence_distal_ge21_no_direct_ca,water_path_at_most_1,190,1028,-0.000718151955247336,-0.0026203338092725442,0.0011840298987778725,True,0.0004697573180081349,0.002087571422361094
esm2_top28_bilstm_attn,test,1,combined,sequence_distal_ge21_no_direct_ca,water_path_at_most_2,190,1028,-0.001299482695749031,-0.0034929173989805837,0.0008939520074825221,True,0.000112268646894988,0.0005561880415052722
esm2_top28_bilstm_attn,test,1,combined,sequence_distal_ge21_no_direct_ca,water_path_at_most_3,190,1028,-0.0012280007938822112,-0.003554582603890951,0.0010985810161265284,True,0.0012632268710478355,0.005243231827926643
esm2_top28_bilstm_attn,test,1,combined,sequence_distal_ge21_no_direct_ca,water_path_exists,190,1028,-0.001564357394749864,-0.004329952295577935,0.001201237506078207,True,0.003183010628835073,0.011753115305082495
esm2_top28_bilstm_attn,test,1,combined,sequence_distal_ge21_no_direct_ca,water_path_without_direct_ca_contact,190,1028,-0.001564357394749864,-0.004329952295577935,0.001201237506078207,True,0.003183010628835073,0.011753115305082495
esm2_top28_bilstm_attn,test,1,combined,sequence_distal_ge21_no_direct_ca,water_path_without_direct_polar_contact,190,1028,-0.0014721456315602004,-0.0042386813100719015,0.0012943900469515005,True,0.003183010628835073,0.011753115305082495
esm2_top28_bilstm_attn,test,-1,evidence_dominated,all_eligible_queries,absolute_backbone_orientation_cosine,58,123,0.02350355451783208,-0.0046296292166257275,0.051636738252289885,True,0.14800580076020603,0.30906157535088186
esm2_top28_bilstm_attn,test,-1,evidence_dominated,all_eligible_queries,absolute_sequence_separation,58,123,-6.431159146493328,-11.113318204073249,-1.749000088913407,True,0.5118423084381691,0.781444782222425
esm2_top28_bilstm_attn,test,-1,evidence_dominated,all_eligible_queries,band_water_contact_count,58,123,-0.0004789272030651328,-0.0014379623847179113,0.00048010797858764567,True,1.0,1.0
esm2_top28_bilstm_attn,test,-1,evidence_dominated,all_eligible_queries,direct_ca_contact,58,123,0.062179988874148454,0.02580218696081841,0.0985577907874785,True,4.2277022657799534e-05,0.0002166279102940546
esm2_top28_bilstm_attn,test,-1,evidence_dominated,all_eligible_queries,direct_putative_polar_contact,58,123,0.030125045972421775,0.010931299303189465,0.049318792641654084,True,0.02660369873046875,0.0765398265697338
esm2_top28_bilstm_attn,test,-1,evidence_dominated,all_eligible_queries,direct_putative_polar_contact_count,58,123,0.13286770270439272,0.05233605778067106,0.21339934762811436,True,0.01463329792022705,0.04620790985541615
esm2_top28_bilstm_attn,test,-1,evidence_dominated,all_eligible_queries,disorder,58,123,-0.02275244832028476,-0.03193863060074113,-0.013566266039828386,True,2.2598589666245064e-13,2.5515384378981345e-12
esm2_top28_bilstm_attn,test,-1,evidence_dominated,all_eligible_queries,mean_query_contact_water_degree,58,122,0.02853322017075022,-0.07811273675170462,0.13517917709320507,True,0.2624375357110438,0.494282130346538
esm2_top28_bilstm_attn,test,-1,evidence_dominated,all_eligible_queries,minimum_ca_distance_angstrom,58,123,-1.6128213582048014,-2.9370275100219096,-0.28861520638769345,True,0.00010049669926914809,0.0005017084575338961
esm2_top28_bilstm_attn,test,-1,evidence_dominated,all_eligible_queries,minimum_heavy_atom_distance_angstrom,58,123,-1.636647549007089,-2.953551598164606,-0.31974349984957207,True,0.000306947015546566,0.0014226517999795494
esm2_top28_bilstm_attn,test,-1,evidence_dominated,all_eligible_queries,minimum_polar_atom_distance_angstrom,58,123,-1.2698267525025504,-2.5560466745090094,0.016393169503908567,True,0.000306947015546566,0.0014226517999795494
esm2_top28_bilstm_attn,test,-1,evidence_dominated,all_eligible_queries,neq,58,123,-0.38982511115323903,-0.4687111108426604,-0.3109391114638177,True,4.0939474033052647e-16,5.6386140831339176e-15
esm2_top28_bilstm_attn,test,-1,evidence_dominated,all_eligible_queries,nonlocal_contact_path_exists,58,123,0.0091367047221683,-0.003827957635239609,0.02210136707957621,True,0.021484375,0.063120508698941
esm2_top28_bilstm_attn,test,-1,evidence_dominated,all_eligible_queries,normalized_query_position,58,123,0.0027376463386232287,-0.03906882771599062,0.04454412039323708,True,0.8956832138895906,1.0
esm2_top28_bilstm_attn,test,-1,evidence_dominated,all_eligible_queries,one_water_bridge,58,123,0.015487418848176481,-0.0038605013452179832,0.03483533904157095,True,0.076812744140625,0.18059364300374545
esm2_top28_bilstm_attn,test,-1,evidence_dominated,all_eligible_queries,ordinary_contact_path_exists,58,123,0.0,0.0,0.0,True,1.0,1.0
esm2_top28_bilstm_attn,test,-1,evidence_dominated,all_eligible_queries,query_distance_to_band_domain_boundary_sequence,58,123,0.190687512568338,-4.886616680735898,5.267991705872573,True,0.23704711476271959,0.45988561125794347
esm2_top28_bilstm_attn,test,-1,evidence_dominated,all_eligible_queries,query_distance_to_community_boundary_edges,58,123,-0.33112379990215757,-0.5443589022749675,-0.11788869752934761,True,0.000306947015546566,0.0014226517999795494
esm2_top28_bilstm_attn,test,-1,evidence_dominated,all_eligible_queries,query_distance_to_ecod_boundary_sequence,58,123,1.3477698423529447,-2.989834469226617,5.685374153932507,True,0.6940040940761318,0.9599401358232535
esm2_top28_bilstm_attn,test,-1,evidence_dominated,all_eligible_queries,query_in_any_band,58,123,0.5554118895097528,0.45511208215447346,0.6557116968650323,True,8.225455871979648e-10,6.3487801957266184e-09
esm2_top28_bilstm_attn,test,-1,evidence_dominated,all_eligible_queries,query_to_band_contact_count,58,123,0.24171779463878948,0.14119804081299317,0.34223754846458576,True,1.5374090196473844e-05,8.179858400425262e-05
esm2_top28_bilstm_attn,test,-1,evidence_dominated,all_eligible_queries,query_to_band_contact_fraction,58,123,0.041951043121686786,0.022345235303514194,0.06155685093985938,True,6.57466324582856e-05,0.00033424073359683413
esm2_top28_bilstm_attn,test,-1,evidence_dominated,all_eligible_queries,query_water_contact_count,58,123,-0.16192344427988506,-0.26039646924788645,-0.06345041931188365,True,0.005354859650800294,0.01877100621273316
esm2_top28_bilstm_attn,test,-1,evidence_dominated,all_eligible_queries,reachable_query_water_entry_count,58,123,0.022237476419287014,0.0007767257582613728,0.04369822708031265,True,0.1849333420395851,0.3694861627992534
esm2_top28_bilstm_attn,test,-1,evidence_dominated,all_eligible_queries,relative_backbone_orientation_cosine,58,123,-0.007136721097121677,-0.0737617196973342,0.05948827750309083,True,0.5118423084381691,0.781444782222425
esm2_top28_bilstm_attn,test,-1,evidence_dominated,all_eligible_queries,rsa,58,123,-0.13342831099347066,-0.1552211509251516,-0.11163547106178974,True,2.2598589666245064e-13,2.5515384378981345e-12
esm2_top28_bilstm_attn,test,-1,evidence_dominated,all_eligible_queries,same_community_as_band_apex,58,123,0.010297244968491586,-0.02885114044295357,0.04944563037993674,True,0.7754496546815659,1.0
esm2_top28_bilstm_attn,test,-1,evidence_dominated,all_eligible_queries,same_community_as_band_majority,54,116,0.0022654467247763704,-0.04639057100548242,0.050921464455035155,True,1.0,1.0
esm2_top28_bilstm_attn,test,-1,evidence_dominated,all_eligible_queries,same_ecod_domain_as_band_apex,58,123,0.0031981311345655314,-0.018997909226736994,0.02539417149586806,True,0.6636238098144531,0.9379602901453188
esm2_top28_bilstm_attn,test,-1,evidence_dominated,all_eligible_queries,shared_water_count,58,123,0.015999640462182402,-0.0034018801137290153,0.03540116103809382,True,0.076812744140625,0.18059364300374545
esm2_top28_bilstm_attn,test,-1,evidence_dominated,all_eligible_queries,shared_water_fraction_of_band_contacts,58,123,0.0029772244213245864,-0.0014110829973094977,0.00736553183995867,True,0.076812744140625,0.18059364300374545
esm2_top28_bilstm_attn,test,-1,evidence_dominated,all_eligible_queries,shared_water_fraction_of_query_contacts,58,123,0.015133441182377949,-0.004066107463191441,0.03433298982794734,True,0.076812744140625,0.18059364300374545
esm2_top28_bilstm_attn,test,-1,evidence_dominated,all_eligible_queries,shares_any_ecod_domain_with_band,58,123,0.0031981311345655314,-0.018997909226736994,0.02539417149586806,True,0.6636238098144531,0.9379602901453188
esm2_top28_bilstm_attn,test,-1,evidence_dominated,all_eligible_queries,shortest_nonlocal_contact_path_edges,58,123,-0.34674412054556336,-0.6646332514119977,-0.02885498967912903,True,0.00010049669926914809,0.0005017084575338961
esm2_top28_bilstm_attn,test,-1,evidence_dominated,all_eligible_queries,shortest_ordinary_contact_path_edges,58,123,-0.34899543670049243,-0.6215046918754967,-0.07648618152548814,True,0.00010049669926914809,0.0005017084575338961
esm2_top28_bilstm_attn,test,-1,evidence_dominated,all_eligible_queries,torsion_change_from_previous,58,123,-36.98492935117032,-42.484837768726734,-31.485020933613907,True,6.938893903907228e-18,1.0286512947624303e-16
esm2_top28_bilstm_attn,test,-1,evidence_dominated,all_eligible_queries,water_path_at_most_1,58,123,0.015487418848176481,-0.0038605013452179832,0.03483533904157095,True,0.076812744140625,0.18059364300374545
esm2_top28_bilstm_attn,test,-1,evidence_dominated,all_eligible_queries,water_path_at_most_2,58,123,0.018047853358425986,-0.0016481941565931017,0.03774390087344508,True,0.06391465663909912,0.1593353827896412
esm2_top28_bilstm_attn,test,-1,evidence_dominated,all_eligible_queries,water_path_at_most_3,58,123,0.017386281371680423,-0.00239611746732216,0.03716868021068301,True,0.12207812070846558,0.2700178934121186
esm2_top28_bilstm_attn,test,-1,evidence_dominated,all_eligible_queries,water_path_exists,58,123,0.016540263129319725,-0.003420434501522459,0.036500960760161905,True,0.12207812070846558,0.2700178934121186
esm2_top28_bilstm_attn,test,-1,evidence_dominated,all_eligible_queries,water_path_without_direct_ca_contact,58,123,-0.004977980375073222,-0.012756639299436063,0.002800678549289618,True,0.332305908203125,0.5942339537112972
esm2_top28_bilstm_attn,test,-1,evidence_dominated,all_eligible_queries,water_path_without_direct_polar_contact,58,123,0.0015549314960523332,-0.009391682240769271,0.012501545232873938,True,0.5412561893463135,0.8141901779322547
esm2_top28_bilstm_attn,test,-1,evidence_dominated,sequence_distal_ge21,absolute_backbone_orientation_cosine,57,121,0.01666305389051295,-0.015077287706488907,0.04840339548751481,True,0.5966417603730826,0.8685744367650123
esm2_top28_bilstm_attn,test,-1,evidence_dominated,sequence_distal_ge21,absolute_sequence_separation,57,121,-7.3182439173805385,-12.559279539927257,-2.0772082948338193,True,0.5966417603730826,0.8685744367650123
esm2_top28_bilstm_attn,test,-1,evidence_dominated,sequence_distal_ge21,band_water_contact_count,57,121,0.0,0.0,0.0,True,1.0,1.0
esm2_top28_bilstm_attn,test,-1,evidence_dominated,sequence_distal_ge21,direct_ca_contact,57,121,0.029310911971657812,-0.0021587822210716034,0.06078060616438723,True,0.020073851919732988,0.05979052212902065
esm2_top28_bilstm_attn,test,-1,evidence_dominated,sequence_distal_ge21,direct_putative_polar_contact,57,121,0.01006046277366911,-0.001120389050190275,0.021241314597528496,True,0.4239501953125,0.6913588787085257
esm2_top28_bilstm_attn,test,-1,evidence_dominated,sequence_distal_ge21,direct_putative_polar_contact_count,57,121,0.014446427685949814,-0.004342755882658903,0.03323561125455853,True,0.4239501953125,0.6913588787085257
esm2_top28_bilstm_attn,test,-1,evidence_dominated,sequence_distal_ge21,disorder,57,121,-0.02486746343612196,-0.03489830427990301,-0.014836622592340911,True,4.2901793229077607e-13,4.733822866526631e-12
esm2_top28_bilstm_attn,test,-1,evidence_dominated,sequence_distal_ge21,mean_query_contact_water_degree,56,119,0.002942095186109796,-0.10666908488333313,0.11255327525555273,True,1.0,1.0
esm2_top28_bilstm_attn,test,-1,evidence_dominated,sequence_distal_ge21,minimum_ca_distance_angstrom,57,121,-1.71104713257927,-3.2005776228351213,-0.22151664232341872,True,0.0032015437674503813,0.011753115305082495
esm2_top28_bilstm_attn,test,-1,evidence_dominated,sequence_distal_ge21,minimum_heavy_atom_distance_angstrom,57,121,-1.7749991579907551,-3.2529333308866035,-0.29706498509490675,True,0.0032015437674503813,0.011753115305082495
esm2_top28_bilstm_attn,test,-1,evidence_dominated,sequence_distal_ge21,minimum_polar_atom_distance_angstrom,57,121,-1.5096056308016252,-2.962307478075469,-0.05690378352778125,True,0.001263559472435463,0.005243231827926643
esm2_top28_bilstm_attn,test,-1,evidence_dominated,sequence_distal_ge21,neq,57,121,-0.3810517082461284,-0.46434404141955943,-0.29775937507269734,True,2.295386103412511e-14,2.8212910207766436e-13
esm2_top28_bilstm_attn,test,-1,evidence_dominated,sequence_distal_ge21,nonlocal_contact_path_exists,57,121,0.009463874424853766,-0.0045200949754018414,0.023447843825109373,True,0.021484375,0.063120508698941
esm2_top28_bilstm_attn,test,-1,evidence_dominated,sequence_distal_ge21,normalized_query_position,57,121,-0.0033194045132552115,-0.04815343080692581,0.04151462178041538,True,0.42704285650325524,0.6945705421518606
esm2_top28_bilstm_attn,test,-1,evidence_dominated,sequence_distal_ge21,one_water_bridge,57,121,0.009766993100756403,-0.0013905783435447325,0.02092456454505754,True,0.3876953125,0.6446098432148972
esm2_top28_bilstm_attn,test,-1,evidence_dominated,sequence_distal_ge21,ordinary_contact_path_exists,57,121,0.0,0.0,0.0,True,1.0,1.0
esm2_top28_bilstm_attn,test,-1,evidence_dominated,sequence_distal_ge21,query_distance_to_band_domain_boundary_sequence,57,121,1.6267841421347355,-4.03113097212833,7.2846992563978015,True,0.18485048241641844,0.3694861627992534
esm2_top28_bilstm_attn,test,-1,evidence_dominated,sequence_distal_ge21,query_distance_to_community_boundary_edges,57,121,-0.3830830972052314,-0.6096531060294113,-0.15651308838105155,True,0.00046000500864878935,0.0020726907814291157
esm2_top28_bilstm_attn,test,-1,evidence_dominated,sequence_distal_ge21,query_distance_to_ecod_boundary_sequence,57,121,2.8666464143810853,-1.9257054545199486,7.658998283282119,True,0.2892437471090205,0.528918415146627
esm2_top28_bilstm_attn,test,-1,evidence_dominated,sequence_distal_ge21,query_in_any_band,57,121,0.5846643181525705,0.48283785943934615,0.6864907768657948,True,1.5138326148189662e-09,1.1220850908314628e-08
esm2_top28_bilstm_attn,test,-1,evidence_dominated,sequence_distal_ge21,query_to_band_contact_count,57,121,0.06538817359351418,0.011325616008687422,0.11945073117834093,True,0.09887174959294498,0.22536260294542154
esm2_top28_bilstm_attn,test,-1,evidence_dominated,sequence_distal_ge21,query_to_band_contact_fraction,57,121,0.007598920889471211,-0.002622429786510154,0.017820271565452576,True,0.09887174959294498,0.22536260294542154
esm2_top28_bilstm_attn,test,-1,evidence_dominated,sequence_distal_ge21,query_water_contact_count,57,121,-0.16889057400258597,-0.2741016882190753,-0.06367945978609664,True,0.0032015437674503813,0.011753115305082495
esm2_top28_bilstm_attn,test,-1,evidence_dominated,sequence_distal_ge21,reachable_query_water_entry_count,57,121,0.009994157732826804,-0.004060724430515953,0.024049039896169563,True,0.8318119049072266,1.0
esm2_top28_bilstm_attn,test,-1,evidence_dominated,sequence_distal_ge21,relative_backbone_orientation_cosine,57,121,-0.026590120524409632,-0.09238818435588109,0.039207943307061816,True,0.2892437471090205,0.528918415146627
esm2_top28_bilstm_attn,test,-1,evidence_dominated,sequence_distal_ge21,rsa,57,121,-0.1330705355060274,-0.15660592023713385,-0.10953515077492096,True,4.2901793229077607e-13,4.733822866526631e-12
esm2_top28_bilstm_attn,test,-1,evidence_dominated,sequence_distal_ge21,same_community_as_band_apex,57,121,0.0020528369534915216,-0.03230632332983545,0.0364119972368185,True,0.765991824244793,1.0
esm2_top28_bilstm_attn,test,-1,evidence_dominated,sequence_distal_ge21,same_community_as_band_majority,53,114,0.0020368998047292407,-0.03409949015367079,0.038173289763129274,True,0.6439689563703723,0.9181994957938789
esm2_top28_bilstm_attn,test,-1,evidence_dominated,sequence_distal_ge21,same_ecod_domain_as_band_apex,57,121,-0.0006335378720849345,-0.02487924649004,0.023612170745870128,True,0.6636238098144531,0.9379602901453188
esm2_top28_bilstm_attn,test,-1,evidence_dominated,sequence_distal_ge21,shared_water_count,57,121,0.010376806413271586,-0.0009443249451277815,0.021697937771670953,True,0.3876953125,0.6446098432148972
esm2_top28_bilstm_attn,test,-1,evidence_dominated,sequence_distal_ge21,shared_water_fraction_of_band_contacts,57,121,0.0022296005543774424,-6.60657521349764e-06,0.004465807683968382,True,0.3876953125,0.6446098432148972
esm2_top28_bilstm_attn,test,-1,evidence_dominated,sequence_distal_ge21,shared_water_fraction_of_query_contacts,57,121,0.009621974894755154,-0.0014195435913159898,0.0206634933808263,True,0.3876953125,0.6446098432148972
esm2_top28_bilstm_attn,test,-1,evidence_dominated,sequence_distal_ge21,shares_any_ecod_domain_with_band,57,121,-0.0006335378720849345,-0.02487924649004,0.023612170745870128,True,0.6636238098144531,0.9379602901453188
esm2_top28_bilstm_attn,test,-1,evidence_dominated,sequence_distal_ge21,shortest_nonlocal_contact_path_edges,57,121,-0.374761493183209,-0.727884005351191,-0.021638981015227043,True,0.001841554788492544,0.0072985702025561644
esm2_top28_bilstm_attn,test,-1,evidence_dominated,sequence_distal_ge21,shortest_ordinary_contact_path_edges,57,121,-0.3836875988478866,-0.6881053260084824,-0.07926987168729077,True,7.333218396948782e-05,0.0003718305516155231
esm2_top28_bilstm_attn,test,-1,evidence_dominated,sequence_distal_ge21,torsion_change_from_previous,57,121,-35.860342327213864,-41.71939979181341,-30.001284862614323,True,8.049116928532385e-16,1.078026556911027e-14
esm2_top28_bilstm_attn,test,-1,evidence_dominated,sequence_distal_ge21,water_path_at_most_1,57,121,0.009766993100756403,-0.0013905783435447325,0.02092456454505754,True,0.3876953125,0.6446098432148972
esm2_top28_bilstm_attn,test,-1,evidence_dominated,sequence_distal_ge21,water_path_at_most_2,57,121,0.010106411636143568,-0.0021211090051890293,0.022333932277476164,True,1.0,1.0
esm2_top28_bilstm_attn,test,-1,evidence_dominated,sequence_distal_ge21,water_path_at_most_3,57,121,0.009339619207949516,-0.0030025655750560588,0.02168180399095509,True,0.8318119049072266,1.0
esm2_top28_bilstm_attn,test,-1,evidence_dominated,sequence_distal_ge21,water_path_exists,57,121,0.008454392067278537,-0.004131792836700041,0.021040576971257115,True,1.0,1.0
esm2_top28_bilstm_attn,test,-1,evidence_dominated,sequence_distal_ge21,water_path_without_direct_ca_contact,57,121,0.0028319192353753893,-0.006501231913707358,0.012165070384458137,True,0.6072387695312499,0.8793867937581561
esm2_top28_bilstm_attn,test,-1,evidence_dominated,sequence_distal_ge21,water_path_without_direct_polar_contact,57,121,0.0034893173594319916,-0.005138952280856828,0.012117586999720811,True,0.8238029479980469,1.0
esm2_top28_bilstm_attn,test,-1,evidence_dominated,sequence_distal_ge21_no_direct_ca,absolute_backbone_orientation_cosine,57,121,0.020851621154551168,-0.01203751363779525,0.05374075594689759,True,0.7913664277791806,1.0
esm2_top28_bilstm_attn,test,-1,evidence_dominated,sequence_distal_ge21_no_direct_ca,absolute_sequence_separation,57,121,-7.271916078021587,-12.635033711771342,-1.9087984442718318,True,0.2892437471090205,0.528918415146627
esm2_top28_bilstm_attn,test,-1,evidence_dominated,sequence_distal_ge21_no_direct_ca,band_water_contact_count,57,121,0.0,0.0,0.0,True,1.0,1.0
esm2_top28_bilstm_attn,test,-1,evidence_dominated,sequence_distal_ge21_no_direct_ca,direct_ca_contact,57,121,0.0,0.0,0.0,True,1.0,1.0
esm2_top28_bilstm_attn,test,-1,evidence_dominated,sequence_distal_ge21_no_direct_ca,direct_putative_polar_contact,57,121,0.006588767586025404,-0.0028937880476083023,0.01607132321965911,True,0.7265625,0.9915561314125088
esm2_top28_bilstm_attn,test,-1,evidence_dominated,sequence_distal_ge21_no_direct_ca,direct_putative_polar_contact_count,57,121,0.010974732498306102,-0.006917252738140579,0.028866717734752783,True,0.7265625,0.9915561314125088
esm2_top28_bilstm_attn,test,-1,evidence_dominated,sequence_distal_ge21_no_direct_ca,disorder,57,121,-0.025414649526900823,-0.03532684756896179,-0.01550245148483986,True,4.2901793229077607e-13,4.733822866526631e-12
esm2_top28_bilstm_attn,test,-1,evidence_dominated,sequence_distal_ge21_no_direct_ca,mean_query_contact_water_degree,56,119,0.0006030180048020148,-0.10879201996485927,0.1099980559744633,True,0.7797679305530743,1.0
esm2_top28_bilstm_attn,test,-1,evidence_dominated,sequence_distal_ge21_no_direct_ca,minimum_ca_distance_angstrom,57,121,-1.733966435782774,-3.211594821330668,-0.25633805023487977,True,0.0032015437674503813,0.011753115305082495
esm2_top28_bilstm_attn,test,-1,evidence_dominated,sequence_distal_ge21_no_direct_ca,minimum_heavy_atom_distance_angstrom,57,121,-1.7957179635740987,-3.2679934370178874,-0.3234424901303099,True,0.0032015437674503813,0.011753115305082495
esm2_top28_bilstm_attn,test,-1,evidence_dominated,sequence_distal_ge21_no_direct_ca,minimum_polar_atom_distance_angstrom,57,121,-1.5235509336634814,-2.964530498816541,-0.08257136851042213,True,0.001263559472435463,0.005243231827926643
esm2_top28_bilstm_attn,test,-1,evidence_dominated,sequence_distal_ge21_no_direct_ca,neq,57,121,-0.3752697357394978,-0.45881182171211954,-0.29172764976687604,True,8.049116928532385e-16,1.078026556911027e-14
esm2_top28_bilstm_attn,test,-1,evidence_dominated,sequence_distal_ge21_no_direct_ca,nonlocal_contact_path_exists,57,121,0.009513762879409665,-0.00447279329634547,0.023500319055164802,True,0.021484375,0.063120508698941
esm2_top28_bilstm_attn,test,-1,evidence_dominated,sequence_distal_ge21_no_direct_ca,normalized_query_position,57,121,-0.009341421378700861,-0.05486149724558337,0.03617865448818165,True,0.18485048241641844,0.3694861627992534
esm2_top28_bilstm_attn,test,-1,evidence_dominated,sequence_distal_ge21_no_direct_ca,one_water_bridge,57,121,0.004421397150038155,-0.004595076270582583,0.013437870570658893,True,1.0,1.0
esm2_top28_bilstm_attn,test,-1,evidence_dominated,sequence_distal_ge21_no_direct_ca,ordinary_contact_path_exists,57,121,0.0,0.0,0.0,True,1.0,1.0
esm2_top28_bilstm_attn,test,-1,evidence_dominated,sequence_distal_ge21_no_direct_ca,query_distance_to_band_domain_boundary_sequence,57,121,1.6410115658051792,-3.9047001647805315,7.18672329639089,True,0.18485048241641844,0.3694861627992534
esm2_top28_bilstm_attn,test,-1,evidence_dominated,sequence_distal_ge21_no_direct_ca,query_distance_to_community_boundary_edges,57,121,-0.36987545619475626,-0.6011549891453389,-0.13859592324417352,True,0.0032015437674503813,0.011753115305082495
esm2_top28_bilstm_attn,test,-1,evidence_dominated,sequence_distal_ge21_no_direct_ca,query_distance_to_ecod_boundary_sequence,57,121,2.602818346976728,-2.0911590326575564,7.296795726611013,True,0.2892437471090205,0.528918415146627
esm2_top28_bilstm_attn,test,-1,evidence_dominated,sequence_distal_ge21_no_direct_ca,query_in_any_band,57,121,0.5859116359598048,0.4845754188239057,0.6872478530957038,True,1.5138326148189662e-09,1.1220850908314628e-08
esm2_top28_bilstm_attn,test,-1,evidence_dominated,sequence_distal_ge21_no_direct_ca,query_to_band_contact_count,57,121,0.0,0.0,0.0,True,1.0,1.0
esm2_top28_bilstm_attn,test,-1,evidence_dominated,sequence_distal_ge21_no_direct_ca,query_to_band_contact_fraction,57,121,0.0,0.0,0.0,True,1.0,1.0
esm2_top28_bilstm_attn,test,-1,evidence_dominated,sequence_distal_ge21_no_direct_ca,query_water_contact_count,57,121,-0.16789330062541094,-0.28247058397138325,-0.05331601727943866,True,0.001841554788492544,0.0072985702025561644
esm2_top28_bilstm_attn,test,-1,evidence_dominated,sequence_distal_ge21_no_direct_ca,reachable_query_water_entry_count,57,121,0.0028968807602853842,-0.006637183319089152,0.01243094483965992,True,0.6072387695312499,0.8793867937581561
esm2_top28_bilstm_attn,test,-1,evidence_dominated,sequence_distal_ge21_no_direct_ca,relative_backbone_orientation_cosine,57,121,-0.015658800274902105,-0.08291287852273388,0.051595277972929676,True,1.0,1.0
esm2_top28_bilstm_attn,test,-1,evidence_dominated,sequence_distal_ge21_no_direct_ca,rsa,57,121,-0.13142707220998345,-0.15577245320179212,-0.10708169121817479,True,5.910882894255564e-12,5.5453790244658477e-11
esm2_top28_bilstm_attn,test,-1,evidence_dominated,sequence_distal_ge21_no_direct_ca,same_community_as_band_apex,57,121,-0.009080534244960308,-0.0411311657091488,0.02297009721922818,True,0.44079906734259566,0.713629853002052
esm2_top28_bilstm_attn,test,-1,evidence_dominated,sequence_distal_ge21_no_direct_ca,same_community_as_band_majority,53,114,-0.008239411118633615,-0.04029367643095892,0.023814854193691688,True,0.6271025701571489,0.9000984414228995
esm2_top28_bilstm_attn,test,-1,evidence_dominated,sequence_distal_ge21_no_direct_ca,same_ecod_domain_as_band_apex,57,121,0.004347638424579007,-0.023745914799952673,0.03244119164911069,True,0.6636238098144531,0.9379602901453188
esm2_top28_bilstm_attn,test,-1,evidence_dominated,sequence_distal_ge21_no_direct_ca,shared_water_count,57,121,0.004421397150038155,-0.004595076270582583,0.013437870570658893,True,1.0,1.0
esm2_top28_bilstm_attn,test,-1,evidence_dominated,sequence_distal_ge21_no_direct_ca,shared_water_fraction_of_band_contacts,57,121,0.0008331200839473368,-0.0006812793784763589,0.002347519546371033,True,1.0,1.0
esm2_top28_bilstm_attn,test,-1,evidence_dominated,sequence_distal_ge21_no_direct_ca,shared_water_fraction_of_query_contacts,57,121,0.0046513752136325024,-0.004296631813838751,0.013599382241103755,True,1.0,1.0
esm2_top28_bilstm_attn,test,-1,evidence_dominated,sequence_distal_ge21_no_direct_ca,shares_any_ecod_domain_with_band,57,121,0.004347638424579007,-0.023745914799952673,0.03244119164911069,True,0.6636238098144531,0.9379602901453188
esm2_top28_bilstm_attn,test,-1,evidence_dominated,sequence_distal_ge21_no_direct_ca,shortest_nonlocal_contact_path_edges,57,121,-0.3516440573263396,-0.7148524630089736,0.011564348356294551,True,0.08142681460950618,0.1900611466005541
esm2_top28_bilstm_attn,test,-1,evidence_dominated,sequence_distal_ge21_no_direct_ca,shortest_ordinary_contact_path_edges,57,121,-0.3686424401819167,-0.6756631781410974,-0.061621702222736,True,0.004561532746408219,0.016106357442772296
esm2_top28_bilstm_attn,test,-1,evidence_dominated,sequence_distal_ge21_no_direct_ca,torsion_change_from_previous,57,121,-34.355803282531426,-40.10254016888366,-28.60906639617919,True,8.049116928532385e-16,1.078026556911027e-14
esm2_top28_bilstm_attn,test,-1,evidence_dominated,sequence_distal_ge21_no_direct_ca,water_path_at_most_1,57,121,0.004421397150038155,-0.004595076270582583,0.013437870570658893,True,1.0,1.0
esm2_top28_bilstm_attn,test,-1,evidence_dominated,sequence_distal_ge21_no_direct_ca,water_path_at_most_2,57,121,0.003736108381601707,-0.005534245179478639,0.013006461942682053,True,0.14599609375,0.3051931260091496
esm2_top28_bilstm_attn,test,-1,evidence_dominated,sequence_distal_ge21_no_direct_ca,water_path_at_most_3,57,121,0.0038717117959065107,-0.00539977290603494,0.013143196497847962,True,0.266845703125,0.5002069068231177
esm2_top28_bilstm_attn,test,-1,evidence_dominated,sequence_distal_ge21_no_direct_ca,water_path_exists,57,121,0.0029635308722206436,-0.006422136389966249,0.012349198134407536,True,0.6072387695312499,0.8793867937581561
esm2_top28_bilstm_attn,test,-1,evidence_dominated,sequence_distal_ge21_no_direct_ca,water_path_without_direct_ca_contact,57,121,0.0029635308722206436,-0.006422136389966249,0.012349198134407536,True,0.6072387695312499,0.8793867937581561
esm2_top28_bilstm_attn,test,-1,evidence_dominated,sequence_distal_ge21_no_direct_ca,water_path_without_direct_polar_contact,57,121,-0.001070891033894202,-0.004005811847963521,0.0018640297801751171,True,0.4239501953125,0.6913588787085257
esm2_top28_bilstm_attn,test,1,consultation_dominated,all_eligible_queries,absolute_backbone_orientation_cosine,2,3,0.15236032381653786,,,False,,
esm2_top28_bilstm_attn,test,1,consultation_dominated,all_eligible_queries,absolute_sequence_separation,2,3,13.136979918229919,,,False,,
esm2_top28_bilstm_attn,test,1,consultation_dominated,all_eligible_queries,band_water_contact_count,2,3,0.0,,,False,,
esm2_top28_bilstm_attn,test,1,consultation_dominated,all_eligible_queries,direct_ca_contact,2,3,-0.1165865398943424,,,False,,
esm2_top28_bilstm_attn,test,1,consultation_dominated,all_eligible_queries,direct_putative_polar_contact,2,3,-0.0408653849735856,,,False,,
esm2_top28_bilstm_attn,test,1,consultation_dominated,all_eligible_queries,direct_putative_polar_contact_count,2,3,-0.0408653849735856,,,False,,
esm2_top28_bilstm_attn,test,1,consultation_dominated,all_eligible_queries,disorder,2,3,0.02078061145389945,,,False,,
esm2_top28_bilstm_attn,test,1,consultation_dominated,all_eligible_queries,mean_query_contact_water_degree,2,3,-0.4437500089406967,,,False,,
esm2_top28_bilstm_attn,test,1,consultation_dominated,all_eligible_queries,minimum_ca_distance_angstrom,2,3,5.772370457649232,,,False,,
esm2_top28_bilstm_attn,test,1,consultation_dominated,all_eligible_queries,minimum_heavy_atom_distance_angstrom,2,3,5.379665374755859,,,False,,
esm2_top28_bilstm_attn,test,1,consultation_dominated,all_eligible_queries,minimum_polar_atom_distance_angstrom,2,3,5.221624255180359,,,False,,
esm2_top28_bilstm_attn,test,1,consultation_dominated,all_eligible_queries,neq,2,3,0.26831630291005293,,,False,,
esm2_top28_bilstm_attn,test,1,consultation_dominated,all_eligible_queries,nonlocal_contact_path_exists,2,3,-0.0625,,,False,,
esm2_top28_bilstm_attn,test,1,consultation_dominated,all_eligible_queries,normalized_query_position,2,3,-0.05790184874130955,,,False,,
esm2_top28_bilstm_attn,test,1,consultation_dominated,all_eligible_queries,one_water_bridge,2,3,-0.015625,,,False,,
esm2_top28_bilstm_attn,test,1,consultation_dominated,all_eligible_queries,ordinary_contact_path_exists,2,3,0.0,,,False,,
esm2_top28_bilstm_attn,test,1,consultation_dominated,all_eligible_queries,query_distance_to_band_domain_boundary_sequence,2,3,-18.641940355300903,,,False,,
esm2_top28_bilstm_attn,test,1,consultation_dominated,all_eligible_queries,query_distance_to_community_boundary_edges,2,3,0.663137786090374,,,False,,
esm2_top28_bilstm_attn,test,1,consultation_dominated,all_eligible_queries,query_distance_to_ecod_boundary_sequence,2,3,-20.961995244026184,,,False,,
esm2_top28_bilstm_attn,test,1,consultation_dominated,all_eligible_queries,query_in_any_band,2,3,0.2767969877344877,,,False,,
esm2_top28_bilstm_attn,test,1,consultation_dominated,all_eligible_queries,query_to_band_contact_count,2,3,-0.2584134638309479,,,False,,
esm2_top28_bilstm_attn,test,1,consultation_dominated,all_eligible_queries,query_to_band_contact_fraction,2,3,-0.06460336595773696,,,False,,
esm2_top28_bilstm_attn,test,1,consultation_dominated,all_eligible_queries,query_water_contact_count,2,3,-0.5802270621061325,,,False,,
esm2_top28_bilstm_attn,test,1,consultation_dominated,all_eligible_queries,reachable_query_water_entry_count,2,3,-0.078125,,,False,,
esm2_top28_bilstm_attn,test,1,consultation_dominated,all_eligible_queries,relative_backbone_orientation_cosine,2,3,0.160707114264369,,,False,,
esm2_top28_bilstm_attn,test,1,consultation_dominated,all_eligible_queries,rsa,2,3,0.2539247889319694,,,False,,
esm2_top28_bilstm_attn,test,1,consultation_dominated,all_eligible_queries,same_community_as_band_apex,2,3,-0.46402498055249447,,,False,,
esm2_top28_bilstm_attn,test,1,consultation_dominated,all_eligible_queries,same_community_as_band_majority,2,3,-0.46402498055249447,,,False,,
esm2_top28_bilstm_attn,test,1,consultation_dominated,all_eligible_queries,same_ecod_domain_as_band_apex,2,3,0.02575549483299255,,,False,,
esm2_top28_bilstm_attn,test,1,consultation_dominated,all_eligible_queries,shared_water_count,2,3,-0.015625,,,False,,
esm2_top28_bilstm_attn,test,1,consultation_dominated,all_eligible_queries,shared_water_fraction_of_band_contacts,2,3,-0.0031250000465661,,,False,,
esm2_top28_bilstm_attn,test,1,consultation_dominated,all_eligible_queries,shared_water_fraction_of_query_contacts,2,3,-0.015625,,,False,,
esm2_top28_bilstm_attn,test,1,consultation_dominated,all_eligible_queries,shares_any_ecod_domain_with_band,2,3,0.02575549483299255,,,False,,
esm2_top28_bilstm_attn,test,1,consultation_dominated,all_eligible_queries,shortest_nonlocal_contact_path_edges,2,3,1.0936797857284546,,,False,,
esm2_top28_bilstm_attn,test,1,consultation_dominated,all_eligible_queries,shortest_ordinary_contact_path_edges,2,3,1.0376594364643097,,,False,,
esm2_top28_bilstm_attn,test,1,consultation_dominated,all_eligible_queries,torsion_change_from_previous,2,3,0.9043018764877377,,,False,,
esm2_top28_bilstm_attn,test,1,consultation_dominated,all_eligible_queries,water_path_at_most_1,2,3,-0.015625,,,False,,
esm2_top28_bilstm_attn,test,1,consultation_dominated,all_eligible_queries,water_path_at_most_2,2,3,-0.078125,,,False,,
esm2_top28_bilstm_attn,test,1,consultation_dominated,all_eligible_queries,water_path_at_most_3,2,3,-0.078125,,,False,,
esm2_top28_bilstm_attn,test,1,consultation_dominated,all_eligible_queries,water_path_exists,2,3,-0.078125,,,False,,
esm2_top28_bilstm_attn,test,1,consultation_dominated,all_eligible_queries,water_path_without_direct_ca_contact,2,3,-0.0625,,,False,,
esm2_top28_bilstm_attn,test,1,consultation_dominated,all_eligible_queries,water_path_without_direct_polar_contact,2,3,-0.0625,,,False,,
esm2_top28_bilstm_attn,test,1,consultation_dominated,sequence_distal_ge21,absolute_backbone_orientation_cosine,2,3,0.13740051910281179,,,False,,
esm2_top28_bilstm_attn,test,1,consultation_dominated,sequence_distal_ge21,absolute_sequence_separation,2,3,13.438236531986533,,,False,,
esm2_top28_bilstm_attn,test,1,consultation_dominated,sequence_distal_ge21,band_water_contact_count,2,3,0.0,,,False,,
esm2_top28_bilstm_attn,test,1,consultation_dominated,sequence_distal_ge21,direct_ca_contact,2,3,-0.1554487198591232,,,False,,
esm2_top28_bilstm_attn,test,1,consultation_dominated,sequence_distal_ge21,direct_putative_polar_contact,2,3,-0.0544871799647808,,,False,,
esm2_top28_bilstm_attn,test,1,consultation_dominated,sequence_distal_ge21,direct_putative_polar_contact_count,2,3,-0.0544871799647808,,,False,,
esm2_top28_bilstm_attn,test,1,consultation_dominated,sequence_distal_ge21,disorder,2,3,0.0160662117731926,,,False,,
esm2_top28_bilstm_attn,test,1,consultation_dominated,sequence_distal_ge21,mean_query_contact_water_degree,2,3,-0.4437500089406967,,,False,,
esm2_top28_bilstm_attn,test,1,consultation_dominated,sequence_distal_ge21,minimum_ca_distance_angstrom,2,3,6.594056288401285,,,False,,
esm2_top28_bilstm_attn,test,1,consultation_dominated,sequence_distal_ge21,minimum_heavy_atom_distance_angstrom,2,3,6.082726001739502,,,False,,
esm2_top28_bilstm_attn,test,1,consultation_dominated,sequence_distal_ge21,minimum_polar_atom_distance_angstrom,2,3,5.8584672609965,,,False,,
esm2_top28_bilstm_attn,test,1,consultation_dominated,sequence_distal_ge21,neq,2,3,0.2516624779541446,,,False,,
esm2_top28_bilstm_attn,test,1,consultation_dominated,sequence_distal_ge21,nonlocal_contact_path_exists,2,3,-0.0833333333333333,,,False,,
esm2_top28_bilstm_attn,test,1,consultation_dominated,sequence_distal_ge21,normalized_query_position,2,3,-0.06342942301888385,,,False,,
esm2_top28_bilstm_attn,test,1,consultation_dominated,sequence_distal_ge21,one_water_bridge,2,3,-0.0208333333333333,,,False,,
esm2_top28_bilstm_attn,test,1,consultation_dominated,sequence_distal_ge21,ordinary_contact_path_exists,2,3,0.0,,,False,,
esm2_top28_bilstm_attn,test,1,consultation_dominated,sequence_distal_ge21,query_distance_to_band_domain_boundary_sequence,2,3,-21.15384515126546,,,False,,
esm2_top28_bilstm_attn,test,1,consultation_dominated,sequence_distal_ge21,query_distance_to_community_boundary_edges,2,3,0.45612084617217385,,,False,,
esm2_top28_bilstm_attn,test,1,consultation_dominated,sequence_distal_ge21,query_distance_to_ecod_boundary_sequence,2,3,-24.247251669565838,,,False,,
esm2_top28_bilstm_attn,test,1,consultation_dominated,sequence_distal_ge21,query_in_any_band,2,3,0.31846365440115443,,,False,,
esm2_top28_bilstm_attn,test,1,consultation_dominated,sequence_distal_ge21,query_to_band_contact_count,2,3,-0.3445512851079305,,,False,,
esm2_top28_bilstm_attn,test,1,consultation_dominated,sequence_distal_ge21,query_to_band_contact_fraction,2,3,-0.0861378212769826,,,False,,
esm2_top28_bilstm_attn,test,1,consultation_dominated,sequence_distal_ge21,query_water_contact_count,2,3,-0.5528117691477139,,,False,,
esm2_top28_bilstm_attn,test,1,consultation_dominated,sequence_distal_ge21,reachable_query_water_entry_count,2,3,-0.10416666666666664,,,False,,
esm2_top28_bilstm_attn,test,1,consultation_dominated,sequence_distal_ge21,relative_backbone_orientation_cosine,2,3,0.16032635234296327,,,False,,
esm2_top28_bilstm_attn,test,1,consultation_dominated,sequence_distal_ge21,rsa,2,3,0.22718973746650226,,,False,,
esm2_top28_bilstm_attn,test,1,consultation_dominated,sequence_distal_ge21,same_community_as_band_apex,2,3,-0.43117241654545063,,,False,,
esm2_top28_bilstm_attn,test,1,consultation_dominated,sequence_distal_ge21,same_community_as_band_majority,2,3,-0.43117241654545063,,,False,,
esm2_top28_bilstm_attn,test,1,consultation_dominated,sequence_distal_ge21,same_ecod_domain_as_band_apex,2,3,0.0343406597773234,,,False,,
esm2_top28_bilstm_attn,test,1,consultation_dominated,sequence_distal_ge21,shared_water_count,2,3,-0.0208333333333333,,,False,,
esm2_top28_bilstm_attn,test,1,consultation_dominated,sequence_distal_ge21,shared_water_fraction_of_band_contacts,2,3,-0.0041666667287548,,,False,,
esm2_top28_bilstm_attn,test,1,consultation_dominated,sequence_distal_ge21,shared_water_fraction_of_query_contacts,2,3,-0.0208333333333333,,,False,,
esm2_top28_bilstm_attn,test,1,consultation_dominated,sequence_distal_ge21,shares_any_ecod_domain_with_band,2,3,0.0343406597773234,,,False,,
esm2_top28_bilstm_attn,test,1,consultation_dominated,sequence_distal_ge21,shortest_nonlocal_contact_path_edges,2,3,1.1144558986028035,,,False,,
esm2_top28_bilstm_attn,test,1,consultation_dominated,sequence_distal_ge21,shortest_ordinary_contact_path_edges,2,3,1.0769795179367065,,,False,,
esm2_top28_bilstm_attn,test,1,consultation_dominated,sequence_distal_ge21,torsion_change_from_previous,2,3,-7.374814413709054,,,False,,
esm2_top28_bilstm_attn,test,1,consultation_dominated,sequence_distal_ge21,water_path_at_most_1,2,3,-0.0208333333333333,,,False,,
esm2_top28_bilstm_attn,test,1,consultation_dominated,sequence_distal_ge21,water_path_at_most_2,2,3,-0.10416666666666664,,,False,,
esm2_top28_bilstm_attn,test,1,consultation_dominated,sequence_distal_ge21,water_path_at_most_3,2,3,-0.10416666666666664,,,False,,
esm2_top28_bilstm_attn,test,1,consultation_dominated,sequence_distal_ge21,water_path_exists,2,3,-0.10416666666666664,,,False,,
esm2_top28_bilstm_attn,test,1,consultation_dominated,sequence_distal_ge21,water_path_without_direct_ca_contact,2,3,-0.0833333333333333,,,False,,
esm2_top28_bilstm_attn,test,1,consultation_dominated,sequence_distal_ge21,water_path_without_direct_polar_contact,2,3,-0.0833333333333333,,,False,,
esm2_top28_bilstm_attn,test,1,consultation_dominated,sequence_distal_ge21_no_direct_ca,absolute_backbone_orientation_cosine,2,3,0.10766112183531125,,,False,,
esm2_top28_bilstm_attn,test,1,consultation_dominated,sequence_distal_ge21_no_direct_ca,absolute_sequence_separation,2,3,14.87342171717172,,,False,,
esm2_top28_bilstm_attn,test,1,consultation_dominated,sequence_distal_ge21_no_direct_ca,band_water_contact_count,2,3,0.0,,,False,,
esm2_top28_bilstm_attn,test,1,consultation_dominated,sequence_distal_ge21_no_direct_ca,direct_ca_contact,2,3,0.0,,,False,,
esm2_top28_bilstm_attn,test,1,consultation_dominated,sequence_distal_ge21_no_direct_ca,direct_putative_polar_contact,2,3,0.0,,,False,,
esm2_top28_bilstm_attn,test,1,consultation_dominated,sequence_distal_ge21_no_direct_ca,direct_putative_polar_contact_count,2,3,0.0,,,False,,
esm2_top28_bilstm_attn,test,1,consultation_dominated,sequence_distal_ge21_no_direct_ca,disorder,2,3,0.038961273282246855,,,False,,
esm2_top28_bilstm_attn,test,1,consultation_dominated,sequence_distal_ge21_no_direct_ca,mean_query_contact_water_degree,2,3,-0.29375000298023224,,,False,,
esm2_top28_bilstm_attn,test,1,consultation_dominated,sequence_distal_ge21_no_direct_ca,minimum_ca_distance_angstrom,2,3,4.786252657572429,,,False,,
esm2_top28_bilstm_attn,test,1,consultation_dominated,sequence_distal_ge21_no_direct_ca,minimum_heavy_atom_distance_angstrom,2,3,4.388937791188558,,,False,,
esm2_top28_bilstm_attn,test,1,consultation_dominated,sequence_distal_ge21_no_direct_ca,minimum_polar_atom_distance_angstrom,2,3,4.2421345710754395,,,False,,
esm2_top28_bilstm_attn,test,1,consultation_dominated,sequence_distal_ge21_no_direct_ca,neq,2,3,0.3085004409171075,,,False,,
esm2_top28_bilstm_attn,test,1,consultation_dominated,sequence_distal_ge21_no_direct_ca,nonlocal_contact_path_exists,2,3,-0.0833333333333333,,,False,,
esm2_top28_bilstm_attn,test,1,consultation_dominated,sequence_distal_ge21_no_direct_ca,normalized_query_position,2,3,-0.03605525397804815,,,False,,
esm2_top28_bilstm_attn,test,1,consultation_dominated,sequence_distal_ge21_no_direct_ca,one_water_bridge,2,3,0.0,,,False,,
esm2_top28_bilstm_attn,test,1,consultation_dominated,sequence_distal_ge21_no_direct_ca,ordinary_contact_path_exists,2,3,0.0,,,False,,
esm2_top28_bilstm_attn,test,1,consultation_dominated,sequence_distal_ge21_no_direct_ca,query_distance_to_band_domain_boundary_sequence,2,3,-26.57051181793213,,,False,,
esm2_top28_bilstm_attn,test,1,consultation_dominated,sequence_distal_ge21_no_direct_ca,query_distance_to_community_boundary_edges,2,3,0.4402732625603676,,,False,,
esm2_top28_bilstm_attn,test,1,consultation_dominated,sequence_distal_ge21_no_direct_ca,query_distance_to_ecod_boundary_sequence,2,3,-28.022892634073894,,,False,,
esm2_top28_bilstm_attn,test,1,consultation_dominated,sequence_distal_ge21_no_direct_ca,query_in_any_band,2,3,0.31846365440115443,,,False,,
esm2_top28_bilstm_attn,test,1,consultation_dominated,sequence_distal_ge21_no_direct_ca,query_to_band_contact_count,2,3,0.0,,,False,,
esm2_top28_bilstm_attn,test,1,consultation_dominated,sequence_distal_ge21_no_direct_ca,query_to_band_contact_fraction,2,3,0.0,,,False,,
esm2_top28_bilstm_attn,test,1,consultation_dominated,sequence_distal_ge21_no_direct_ca,query_water_contact_count,2,3,-0.539457065363725,,,False,,
esm2_top28_bilstm_attn,test,1,consultation_dominated,sequence_distal_ge21_no_direct_ca,reachable_query_water_entry_count,2,3,-0.0833333333333333,,,False,,
esm2_top28_bilstm_attn,test,1,consultation_dominated,sequence_distal_ge21_no_direct_ca,relative_backbone_orientation_cosine,2,3,0.15591199013094112,,,False,,
esm2_top28_bilstm_attn,test,1,consultation_dominated,sequence_distal_ge21_no_direct_ca,rsa,2,3,0.242831693349503,,,False,,
esm2_top28_bilstm_attn,test,1,consultation_dominated,sequence_distal_ge21_no_direct_ca,same_community_as_band_apex,2,3,-0.37739749097575737,,,False,,
esm2_top28_bilstm_attn,test,1,consultation_dominated,sequence_distal_ge21_no_direct_ca,same_community_as_band_majority,2,3,-0.37739749097575737,,,False,,
esm2_top28_bilstm_attn,test,1,consultation_dominated,sequence_distal_ge21_no_direct_ca,same_ecod_domain_as_band_apex,2,3,0.0026455024878184,,,False,,
esm2_top28_bilstm_attn,test,1,consultation_dominated,sequence_distal_ge21_no_direct_ca,shared_water_count,2,3,0.0,,,False,,
esm2_top28_bilstm_attn,test,1,consultation_dominated,sequence_distal_ge21_no_direct_ca,shared_water_fraction_of_band_contacts,2,3,0.0,,,False,,
esm2_top28_bilstm_attn,test,1,consultation_dominated,sequence_distal_ge21_no_direct_ca,shared_water_fraction_of_query_contacts,2,3,0.0,,,False,,
esm2_top28_bilstm_attn,test,1,consultation_dominated,sequence_distal_ge21_no_direct_ca,shares_any_ecod_domain_with_band,2,3,0.0026455024878184,,,False,,
esm2_top28_bilstm_attn,test,1,consultation_dominated,sequence_distal_ge21_no_direct_ca,shortest_nonlocal_contact_path_edges,2,3,0.7403462330500286,,,False,,
esm2_top28_bilstm_attn,test,1,consultation_dominated,sequence_distal_ge21_no_direct_ca,shortest_ordinary_contact_path_edges,2,3,0.719963828722636,,,False,,
esm2_top28_bilstm_attn,test,1,consultation_dominated,sequence_distal_ge21_no_direct_ca,torsion_change_from_previous,2,3,-21.305304697387772,,,False,,
esm2_top28_bilstm_attn,test,1,consultation_dominated,sequence_distal_ge21_no_direct_ca,water_path_at_most_1,2,3,0.0,,,False,,
esm2_top28_bilstm_attn,test,1,consultation_dominated,sequence_distal_ge21_no_direct_ca,water_path_at_most_2,2,3,-0.0833333333333333,,,False,,
esm2_top28_bilstm_attn,test,1,consultation_dominated,sequence_distal_ge21_no_direct_ca,water_path_at_most_3,2,3,-0.0833333333333333,,,False,,
esm2_top28_bilstm_attn,test,1,consultation_dominated,sequence_distal_ge21_no_direct_ca,water_path_exists,2,3,-0.0833333333333333,,,False,,
esm2_top28_bilstm_attn,test,1,consultation_dominated,sequence_distal_ge21_no_direct_ca,water_path_without_direct_ca_contact,2,3,-0.0833333333333333,,,False,,
esm2_top28_bilstm_attn,test,1,consultation_dominated,sequence_distal_ge21_no_direct_ca,water_path_without_direct_polar_contact,2,3,-0.0833333333333333,,,False,,
esm2_top28_bilstm_attn,test,1,unclassified,all_eligible_queries,absolute_backbone_orientation_cosine,12,14,0.0068390968980060725,-0.1290841096241637,0.14276230342017585,True,1.0,1.0
esm2_top28_bilstm_attn,test,1,unclassified,all_eligible_queries,absolute_sequence_separation,12,14,-0.7195602843121186,-6.227971661274395,4.788851092650159,True,1.0,1.0
esm2_top28_bilstm_attn,test,1,unclassified,all_eligible_queries,band_water_contact_count,12,14,0.0,0.0,0.0,True,1.0,1.0
esm2_top28_bilstm_attn,test,1,unclassified,all_eligible_queries,direct_ca_contact,12,14,-0.008333333457509676,-0.026674876731511206,0.010008209816491852,True,1.0,1.0
esm2_top28_bilstm_attn,test,1,unclassified,all_eligible_queries,direct_putative_polar_contact,12,14,0.0,0.0,0.0,True,1.0,1.0
esm2_top28_bilstm_attn,test,1,unclassified,all_eligible_queries,direct_putative_polar_contact_count,12,14,0.0,0.0,0.0,True,1.0,1.0
esm2_top28_bilstm_attn,test,1,unclassified,all_eligible_queries,disorder,12,14,0.005667727985237057,-0.04397667435059996,0.05531213032107407,True,0.7744140625,1.0
esm2_top28_bilstm_attn,test,1,unclassified,all_eligible_queries,mean_query_contact_water_degree,12,13,-0.010756381166478007,-0.2377012882964216,0.21618852596346558,True,0.453125,0.7183418367346939
esm2_top28_bilstm_attn,test,1,unclassified,all_eligible_queries,minimum_ca_distance_angstrom,12,14,2.846222039063772,-2.1636993374587234,7.856143415586267,True,0.3876953125,0.6446098432148972
esm2_top28_bilstm_attn,test,1,unclassified,all_eligible_queries,minimum_heavy_atom_distance_angstrom,12,14,2.8680117845535276,-2.1288642897241528,7.864887858831208,True,0.3876953125,0.6446098432148972
esm2_top28_bilstm_attn,test,1,unclassified,all_eligible_queries,minimum_polar_atom_distance_angstrom,12,14,2.725795227951473,-2.0761836694162965,7.527774125319242,True,0.7744140625,1.0
esm2_top28_bilstm_attn,test,1,unclassified,all_eligible_queries,neq,12,14,0.9751643877444128,0.3511403122068235,1.5991884632820021,True,0.00634765625,0.021934427824733097
esm2_top28_bilstm_attn,test,1,unclassified,all_eligible_queries,nonlocal_contact_path_exists,12,14,0.0664351830052005,-0.03816955219188092,0.17103991820228193,True,1.0,1.0
esm2_top28_bilstm_attn,test,1,unclassified,all_eligible_queries,normalized_query_position,12,14,0.030938259451053825,-0.17281932988137255,0.2346958487834802,True,0.3876953125,0.6446098432148972
esm2_top28_bilstm_attn,test,1,unclassified,all_eligible_queries,one_water_bridge,12,14,-0.004166666728754833,-0.013337438365755586,0.005004104908245921,True,1.0,1.0
esm2_top28_bilstm_attn,test,1,unclassified,all_eligible_queries,ordinary_contact_path_exists,12,14,0.0,0.0,0.0,True,1.0,1.0
esm2_top28_bilstm_attn,test,1,unclassified,all_eligible_queries,query_distance_to_band_domain_boundary_sequence,12,14,-7.984855069054498,-17.748414295307672,1.7787041571986775,True,0.14599609375,0.3051931260091496
esm2_top28_bilstm_attn,test,1,unclassified,all_eligible_queries,query_distance_to_community_boundary_edges,12,14,0.7292737372633483,-0.11512279876674347,1.5736702732934402,True,0.7744140625,1.0
esm2_top28_bilstm_attn,test,1,unclassified,all_eligible_queries,query_distance_to_ecod_boundary_sequence,12,14,-4.870888683531019,-13.53591782706094,3.7941404599989017,True,0.3876953125,0.6446098432148972
esm2_top28_bilstm_attn,test,1,unclassified,all_eligible_queries,query_in_any_band,12,14,0.655009701043887,0.270096085624925,1.039923316462849,True,0.03857421875,0.10289990770947802
esm2_top28_bilstm_attn,test,1,unclassified,all_eligible_queries,query_to_band_contact_count,12,14,-0.008333333457509676,-0.026674876731511206,0.010008209816491852,True,1.0,1.0
esm2_top28_bilstm_attn,test,1,unclassified,all_eligible_queries,query_to_band_contact_fraction,12,14,-0.002777777922650175,-0.008891625908409253,0.0033360700631089022,True,1.0,1.0
esm2_top28_bilstm_attn,test,1,unclassified,all_eligible_queries,query_water_contact_count,12,14,0.3514659151020978,-0.04520638476608341,0.748138214970279,True,0.548828125,0.8186053907450077
esm2_top28_bilstm_attn,test,1,unclassified,all_eligible_queries,reachable_query_water_entry_count,12,14,-0.008333333457509676,-0.026674876731511206,0.010008209816491852,True,1.0,1.0
esm2_top28_bilstm_attn,test,1,unclassified,all_eligible_queries,relative_backbone_orientation_cosine,12,14,0.08928061578836706,-0.15469285117661147,0.3332540827533456,True,0.7744140625,1.0
esm2_top28_bilstm_attn,test,1,unclassified,all_eligible_queries,rsa,12,14,0.12299522573344156,-0.012635738779658526,0.25862619024654165,True,0.3876953125,0.6446098432148972
esm2_top28_bilstm_attn,test,1,unclassified,all_eligible_queries,same_community_as_band_apex,12,14,-0.04419575977760054,-0.2004637541169928,0.11207223456179172,True,0.0703125,0.17047050561797752
esm2_top28_bilstm_attn,test,1,unclassified,all_eligible_queries,same_community_as_band_majority,12,14,-0.04419575977760054,-0.2004637541169928,0.11207223456179172,True,0.0703125,0.17047050561797752
esm2_top28_bilstm_attn,test,1,unclassified,all_eligible_queries,same_ecod_domain_as_band_apex,12,14,-0.0015576323494315085,-0.004985958035395397,0.0018706933365323804,True,1.0,1.0
esm2_top28_bilstm_attn,test,1,unclassified,all_eligible_queries,shared_water_count,12,14,-0.008333333457509676,-0.026674876731511206,0.010008209816491852,True,1.0,1.0
esm2_top28_bilstm_attn,test,1,unclassified,all_eligible_queries,shared_water_fraction_of_band_contacts,12,14,-0.002777777922650175,-0.008891625908409253,0.0033360700631089022,True,1.0,1.0
esm2_top28_bilstm_attn,test,1,unclassified,all_eligible_queries,shared_water_fraction_of_query_contacts,12,14,-0.0020833333643774164,-0.006668719182877793,0.0025020524541229604,True,1.0,1.0
esm2_top28_bilstm_attn,test,1,unclassified,all_eligible_queries,shares_any_ecod_domain_with_band,12,14,-0.0015576323494315085,-0.004985958035395397,0.0018706933365323804,True,1.0,1.0
esm2_top28_bilstm_attn,test,1,unclassified,all_eligible_queries,shortest_nonlocal_contact_path_edges,12,14,0.9484254370133082,0.015416058456932169,1.8814348155696843,True,0.14599609375,0.3051931260091496
esm2_top28_bilstm_attn,test,1,unclassified,all_eligible_queries,shortest_ordinary_contact_path_edges,12,14,0.6159550421767764,-0.36665644933902286,1.5985665336925758,True,0.3876953125,0.6446098432148972
esm2_top28_bilstm_attn,test,1,unclassified,all_eligible_queries,torsion_change_from_previous,12,14,24.933002015921833,-8.115578080608874,57.98158211245254,True,0.14599609375,0.3051931260091496
esm2_top28_bilstm_attn,test,1,unclassified,all_eligible_queries,water_path_at_most_1,12,14,-0.004166666728754833,-0.013337438365755586,0.005004104908245921,True,1.0,1.0
esm2_top28_bilstm_attn,test,1,unclassified,all_eligible_queries,water_path_at_most_2,12,14,-0.004166666728754833,-0.013337438365755586,0.005004104908245921,True,1.0,1.0
esm2_top28_bilstm_attn,test,1,unclassified,all_eligible_queries,water_path_at_most_3,12,14,-0.004166666728754833,-0.013337438365755586,0.005004104908245921,True,1.0,1.0
esm2_top28_bilstm_attn,test,1,unclassified,all_eligible_queries,water_path_exists,12,14,-0.004166666728754833,-0.013337438365755586,0.005004104908245921,True,1.0,1.0
esm2_top28_bilstm_attn,test,1,unclassified,all_eligible_queries,water_path_without_direct_ca_contact,12,14,-0.004166666728754833,-0.013337438365755586,0.005004104908245921,True,1.0,1.0
esm2_top28_bilstm_attn,test,1,unclassified,all_eligible_queries,water_path_without_direct_polar_contact,12,14,-0.004166666728754833,-0.013337438365755586,0.005004104908245921,True,1.0,1.0
esm2_top28_bilstm_attn,test,1,unclassified,sequence_distal_ge21,absolute_backbone_orientation_cosine,12,14,0.00381778671095769,-0.13790859083884272,0.1455441642607581,True,1.0,1.0
esm2_top28_bilstm_attn,test,1,unclassified,sequence_distal_ge21,absolute_sequence_separation,12,14,-0.5262732472750814,-6.031656452961504,4.979109958411342,True,1.0,1.0
esm2_top28_bilstm_attn,test,1,unclassified,sequence_distal_ge21,band_water_contact_count,12,14,0.0,0.0,0.0,True,1.0,1.0
esm2_top28_bilstm_attn,test,1,unclassified,sequence_distal_ge21,direct_ca_contact,12,14,-0.008333333457509676,-0.026674876731511206,0.010008209816491852,True,1.0,1.0
esm2_top28_bilstm_attn,test,1,unclassified,sequence_distal_ge21,direct_putative_polar_contact,12,14,0.0,0.0,0.0,True,1.0,1.0
esm2_top28_bilstm_attn,test,1,unclassified,sequence_distal_ge21,direct_putative_polar_contact_count,12,14,0.0,0.0,0.0,True,1.0,1.0
esm2_top28_bilstm_attn,test,1,unclassified,sequence_distal_ge21,disorder,12,14,-0.003966379898635345,-0.05906034392775448,0.05112758413048379,True,0.7744140625,1.0
esm2_top28_bilstm_attn,test,1,unclassified,sequence_distal_ge21,mean_query_contact_water_degree,12,13,-0.010756381166478007,-0.2377012882964216,0.21618852596346558,True,0.453125,0.7183418367346939
esm2_top28_bilstm_attn,test,1,unclassified,sequence_distal_ge21,minimum_ca_distance_angstrom,12,14,3.2051712234814964,-1.8522723239523833,8.262614770915377,True,0.3876953125,0.6446098432148972
esm2_top28_bilstm_attn,test,1,unclassified,sequence_distal_ge21,minimum_heavy_atom_distance_angstrom,12,14,3.2142619212468464,-1.8496534387946495,8.278177281288343,True,0.3876953125,0.6446098432148972
esm2_top28_bilstm_attn,test,1,unclassified,sequence_distal_ge21,minimum_polar_atom_distance_angstrom,12,14,2.9437442739804585,-1.9062487465275746,7.7937372944884915,True,0.7744140625,1.0
esm2_top28_bilstm_attn,test,1,unclassified,sequence_distal_ge21,neq,12,14,0.9985801725768644,0.37847719984237493,1.618683145311354,True,0.00634765625,0.021934427824733097
esm2_top28_bilstm_attn,test,1,unclassified,sequence_distal_ge21,nonlocal_contact_path_exists,12,14,0.061805554479360585,-0.04510635224758137,0.16871746120630254,True,1.0,1.0
esm2_top28_bilstm_attn,test,1,unclassified,sequence_distal_ge21,normalized_query_position,12,14,0.021760449063420825,-0.18756564643867774,0.23108654456551936,True,0.14599609375,0.3051931260091496
esm2_top28_bilstm_attn,test,1,unclassified,sequence_distal_ge21,one_water_bridge,12,14,-0.004166666728754833,-0.013337438365755586,0.005004104908245921,True,1.0,1.0
esm2_top28_bilstm_attn,test,1,unclassified,sequence_distal_ge21,ordinary_contact_path_exists,12,14,0.0,0.0,0.0,True,1.0,1.0
esm2_top28_bilstm_attn,test,1,unclassified,sequence_distal_ge21,query_distance_to_band_domain_boundary_sequence,12,14,-6.502216180165608,-17.10433837412876,4.099906013797541,True,0.7744140625,1.0
esm2_top28_bilstm_attn,test,1,unclassified,sequence_distal_ge21,query_distance_to_community_boundary_edges,12,14,0.7319192380954821,-0.11794517728397957,1.5817836534749437,True,0.3876953125,0.6446098432148972
esm2_top28_bilstm_attn,test,1,unclassified,sequence_distal_ge21,query_distance_to_ecod_boundary_sequence,12,14,-3.3882497946421304,-12.774097420376291,5.9975978310920315,True,1.0,1.0
esm2_top28_bilstm_attn,test,1,unclassified,sequence_distal_ge21,query_in_any_band,12,14,0.6341763677105536,0.23771302582391124,1.030639709597196,True,0.03857421875,0.10289990770947802
esm2_top28_bilstm_attn,test,1,unclassified,sequence_distal_ge21,query_to_band_contact_count,12,14,-0.008333333457509676,-0.026674876731511206,0.010008209816491852,True,1.0,1.0
esm2_top28_bilstm_attn,test,1,unclassified,sequence_distal_ge21,query_to_band_contact_fraction,12,14,-0.002777777922650175,-0.008891625908409253,0.0033360700631089022,True,1.0,1.0
esm2_top28_bilstm_attn,test,1,unclassified,sequence_distal_ge21,query_water_contact_count,12,14,0.49432305855055647,0.1329930245935581,0.8556530925075548,True,0.2265625,0.44175138052208834
esm2_top28_bilstm_attn,test,1,unclassified,sequence_distal_ge21,reachable_query_water_entry_count,12,14,-0.008333333457509676,-0.026674876731511206,0.010008209816491852,True,1.0,1.0
esm2_top28_bilstm_attn,test,1,unclassified,sequence_distal_ge21,relative_backbone_orientation_cosine,12,14,0.13051228610177834,-0.10016125823450742,0.36118583043806407,True,0.3876953125,0.6446098432148972
esm2_top28_bilstm_attn,test,1,unclassified,sequence_distal_ge21,rsa,12,14,0.12885952339782583,-0.007125395374474042,0.2648444421701257,True,0.7744140625,1.0
esm2_top28_bilstm_attn,test,1,unclassified,sequence_distal_ge21,same_community_as_band_apex,12,14,-0.052297611767426117,-0.2116245789141792,0.10702935537932698,True,0.0703125,0.17047050561797752
esm2_top28_bilstm_attn,test,1,unclassified,sequence_distal_ge21,same_community_as_band_majority,12,14,-0.052297611767426117,-0.2116245789141792,0.10702935537932698,True,0.0703125,0.17047050561797752
esm2_top28_bilstm_attn,test,1,unclassified,sequence_distal_ge21,same_ecod_domain_as_band_apex,12,14,-0.0015576323494315085,-0.004985958035395397,0.0018706933365323804,True,1.0,1.0
esm2_top28_bilstm_attn,test,1,unclassified,sequence_distal_ge21,shared_water_count,12,14,-0.008333333457509676,-0.026674876731511206,0.010008209816491852,True,1.0,1.0
esm2_top28_bilstm_attn,test,1,unclassified,sequence_distal_ge21,shared_water_fraction_of_band_contacts,12,14,-0.002777777922650175,-0.008891625908409253,0.0033360700631089022,True,1.0,1.0
esm2_top28_bilstm_attn,test,1,unclassified,sequence_distal_ge21,shared_water_fraction_of_query_contacts,12,14,-0.0020833333643774164,-0.006668719182877793,0.0025020524541229604,True,1.0,1.0
esm2_top28_bilstm_attn,test,1,unclassified,sequence_distal_ge21,shares_any_ecod_domain_with_band,12,14,-0.0015576323494315085,-0.004985958035395397,0.0018706933365323804,True,1.0,1.0
esm2_top28_bilstm_attn,test,1,unclassified,sequence_distal_ge21,shortest_nonlocal_contact_path_edges,12,14,1.0203500439723332,0.08755975362511514,1.9531403343195513,True,0.14599609375,0.3051931260091496
esm2_top28_bilstm_attn,test,1,unclassified,sequence_distal_ge21,shortest_ordinary_contact_path_edges,12,14,0.6414180139700573,-0.35338137499972555,1.63621740293984,True,0.3876953125,0.6446098432148972
esm2_top28_bilstm_attn,test,1,unclassified,sequence_distal_ge21,torsion_change_from_previous,12,14,30.002060602463274,-2.859756433291871,62.86387763821842,True,0.14599609375,0.3051931260091496
esm2_top28_bilstm_attn,test,1,unclassified,sequence_distal_ge21,water_path_at_most_1,12,14,-0.004166666728754833,-0.013337438365755586,0.005004104908245921,True,1.0,1.0
esm2_top28_bilstm_attn,test,1,unclassified,sequence_distal_ge21,water_path_at_most_2,12,14,-0.004166666728754833,-0.013337438365755586,0.005004104908245921,True,1.0,1.0
esm2_top28_bilstm_attn,test,1,unclassified,sequence_distal_ge21,water_path_at_most_3,12,14,-0.004166666728754833,-0.013337438365755586,0.005004104908245921,True,1.0,1.0
esm2_top28_bilstm_attn,test,1,unclassified,sequence_distal_ge21,water_path_exists,12,14,-0.004166666728754833,-0.013337438365755586,0.005004104908245921,True,1.0,1.0
esm2_top28_bilstm_attn,test,1,unclassified,sequence_distal_ge21,water_path_without_direct_ca_contact,12,14,-0.004166666728754833,-0.013337438365755586,0.005004104908245921,True,1.0,1.0
esm2_top28_bilstm_attn,test,1,unclassified,sequence_distal_ge21,water_path_without_direct_polar_contact,12,14,-0.004166666728754833,-0.013337438365755586,0.005004104908245921,True,1.0,1.0
esm2_top28_bilstm_attn,test,1,unclassified,sequence_distal_ge21_no_direct_ca,absolute_backbone_orientation_cosine,12,14,0.002767033812900388,-0.14046331071224516,0.14599737833804594,True,1.0,1.0
esm2_top28_bilstm_attn,test,1,unclassified,sequence_distal_ge21_no_direct_ca,absolute_sequence_separation,12,14,-0.461689913941748,-6.01071747873433,5.087337650850834,True,1.0,1.0
esm2_top28_bilstm_attn,test,1,unclassified,sequence_distal_ge21_no_direct_ca,band_water_contact_count,12,14,0.0,0.0,0.0,True,1.0,1.0
esm2_top28_bilstm_attn,test,1,unclassified,sequence_distal_ge21_no_direct_ca,direct_ca_contact,12,14,0.0,0.0,0.0,True,1.0,1.0
esm2_top28_bilstm_attn,test,1,unclassified,sequence_distal_ge21_no_direct_ca,direct_putative_polar_contact,12,14,0.0,0.0,0.0,True,1.0,1.0
esm2_top28_bilstm_attn,test,1,unclassified,sequence_distal_ge21_no_direct_ca,direct_putative_polar_contact_count,12,14,0.0,0.0,0.0,True,1.0,1.0
esm2_top28_bilstm_attn,test,1,unclassified,sequence_distal_ge21_no_direct_ca,disorder,12,14,-0.003960063475878884,-0.05906320260273886,0.05114307565098109,True,0.7744140625,1.0
esm2_top28_bilstm_attn,test,1,unclassified,sequence_distal_ge21_no_direct_ca,mean_query_contact_water_degree,12,13,-0.010756381166478007,-0.2377012882964216,0.21618852596346558,True,0.453125,0.7183418367346939
esm2_top28_bilstm_attn,test,1,unclassified,sequence_distal_ge21_no_direct_ca,minimum_ca_distance_angstrom,12,14,3.1681514143943788,-1.8626603893560971,8.198963218144854,True,0.3876953125,0.6446098432148972
esm2_top28_bilstm_attn,test,1,unclassified,sequence_distal_ge21_no_direct_ca,minimum_heavy_atom_distance_angstrom,12,14,3.1662676254908244,-1.8579338110300747,8.190469062011724,True,0.3876953125,0.6446098432148972
esm2_top28_bilstm_attn,test,1,unclassified,sequence_distal_ge21_no_direct_ca,minimum_polar_atom_distance_angstrom,12,14,2.900226128101348,-1.9181869977677426,7.718639253970439,True,0.7744140625,1.0
esm2_top28_bilstm_attn,test,1,unclassified,sequence_distal_ge21_no_direct_ca,neq,12,14,0.9960614225768646,0.376396712729012,1.6157261324247172,True,0.00634765625,0.021934427824733097
esm2_top28_bilstm_attn,test,1,unclassified,sequence_distal_ge21_no_direct_ca,nonlocal_contact_path_exists,12,14,0.061805554479360585,-0.04510635224758137,0.16871746120630254,True,1.0,1.0
esm2_top28_bilstm_attn,test,1,unclassified,sequence_distal_ge21_no_direct_ca,normalized_query_position,12,14,0.02234228089525266,-0.1873588659798998,0.23204342777040515,True,0.14599609375,0.3051931260091496
esm2_top28_bilstm_attn,test,1,unclassified,sequence_distal_ge21_no_direct_ca,one_water_bridge,12,14,-0.004166666728754833,-0.013337438365755586,0.005004104908245921,True,1.0,1.0
esm2_top28_bilstm_attn,test,1,unclassified,sequence_distal_ge21_no_direct_ca,ordinary_contact_path_exists,12,14,0.0,0.0,0.0,True,1.0,1.0
esm2_top28_bilstm_attn,test,1,unclassified,sequence_distal_ge21_no_direct_ca,query_distance_to_band_domain_boundary_sequence,12,14,-6.491799513498942,-17.086589179369806,4.1029901523719206,True,0.7744140625,1.0
esm2_top28_bilstm_attn,test,1,unclassified,sequence_distal_ge21_no_direct_ca,query_distance_to_community_boundary_edges,12,14,0.7340025719255209,-0.11815772860856433,1.5861628724596062,True,0.3876953125,0.6446098432148972
esm2_top28_bilstm_attn,test,1,unclassified,sequence_distal_ge21_no_direct_ca,query_distance_to_ecod_boundary_sequence,12,14,-3.377833127975464,-12.753873786995573,5.998207531044645,True,1.0,1.0
esm2_top28_bilstm_attn,test,1,unclassified,sequence_distal_ge21_no_direct_ca,query_in_any_band,12,14,0.6341763677105536,0.23771302582391124,1.030639709597196,True,0.03857421875,0.10289990770947802
esm2_top28_bilstm_attn,test,1,unclassified,sequence_distal_ge21_no_direct_ca,query_to_band_contact_count,12,14,0.0,0.0,0.0,True,1.0,1.0
esm2_top28_bilstm_attn,test,1,unclassified,sequence_distal_ge21_no_direct_ca,query_to_band_contact_fraction,12,14,0.0,0.0,0.0,True,1.0,1.0
esm2_top28_bilstm_attn,test,1,unclassified,sequence_distal_ge21_no_direct_ca,query_water_contact_count,12,14,0.4901563921322425,0.1252021098885075,0.8551106743759775,True,0.2265625,0.44175138052208834
esm2_top28_bilstm_attn,test,1,unclassified,sequence_distal_ge21_no_direct_ca,reachable_query_water_entry_count,12,14,-0.008333333457509676,-0.026674876731511206,0.010008209816491852,True,1.0,1.0
esm2_top28_bilstm_attn,test,1,unclassified,sequence_distal_ge21_no_direct_ca,relative_backbone_orientation_cosine,12,14,0.12814609718819459,-0.10009460287010877,0.3563867972464979,True,0.3876953125,0.6446098432148972
esm2_top28_bilstm_attn,test,1,unclassified,sequence_distal_ge21_no_direct_ca,rsa,12,14,0.12802897092889579,-0.007350559534282208,0.2634085013920738,True,0.7744140625,1.0
esm2_top28_bilstm_attn,test,1,unclassified,sequence_distal_ge21_no_direct_ca,same_community_as_band_apex,12,14,-0.0481309441073487,-0.20484766177243016,0.10858577355773277,True,0.0703125,0.17047050561797752
esm2_top28_bilstm_attn,test,1,unclassified,sequence_distal_ge21_no_direct_ca,same_community_as_band_majority,12,14,-0.0481309441073487,-0.20484766177243016,0.10858577355773277,True,0.0703125,0.17047050561797752
esm2_top28_bilstm_attn,test,1,unclassified,sequence_distal_ge21_no_direct_ca,same_ecod_domain_as_band_apex,12,14,-0.0015576323494315085,-0.004985958035395397,0.0018706933365323804,True,1.0,1.0
esm2_top28_bilstm_attn,test,1,unclassified,sequence_distal_ge21_no_direct_ca,shared_water_count,12,14,-0.008333333457509676,-0.026674876731511206,0.010008209816491852,True,1.0,1.0
esm2_top28_bilstm_attn,test,1,unclassified,sequence_distal_ge21_no_direct_ca,shared_water_fraction_of_band_contacts,12,14,-0.002777777922650175,-0.008891625908409253,0.0033360700631089022,True,1.0,1.0
esm2_top28_bilstm_attn,test,1,unclassified,sequence_distal_ge21_no_direct_ca,shared_water_fraction_of_query_contacts,12,14,-0.0020833333643774164,-0.006668719182877793,0.0025020524541229604,True,1.0,1.0
esm2_top28_bilstm_attn,test,1,unclassified,sequence_distal_ge21_no_direct_ca,shares_any_ecod_domain_with_band,12,14,-0.0015576323494315085,-0.004985958035395397,0.0018706933365323804,True,1.0,1.0
esm2_top28_bilstm_attn,test,1,unclassified,sequence_distal_ge21_no_direct_ca,shortest_nonlocal_contact_path_edges,12,14,1.005766714612643,0.09527154419953365,1.9162618850257522,True,0.14599609375,0.3051931260091496
esm2_top28_bilstm_attn,test,1,unclassified,sequence_distal_ge21_no_direct_ca,shortest_ordinary_contact_path_edges,12,14,0.6289180159568787,-0.352287179314531,1.6101232112282884,True,0.3876953125,0.6446098432148972
esm2_top28_bilstm_attn,test,1,unclassified,sequence_distal_ge21_no_direct_ca,torsion_change_from_previous,12,14,30.358895895205723,-2.0989166779443202,62.81670846835577,True,0.14599609375,0.3051931260091496
esm2_top28_bilstm_attn,test,1,unclassified,sequence_distal_ge21_no_direct_ca,water_path_at_most_1,12,14,-0.004166666728754833,-0.013337438365755586,0.005004104908245921,True,1.0,1.0
esm2_top28_bilstm_attn,test,1,unclassified,sequence_distal_ge21_no_direct_ca,water_path_at_most_2,12,14,-0.004166666728754833,-0.013337438365755586,0.005004104908245921,True,1.0,1.0
esm2_top28_bilstm_attn,test,1,unclassified,sequence_distal_ge21_no_direct_ca,water_path_at_most_3,12,14,-0.004166666728754833,-0.013337438365755586,0.005004104908245921,True,1.0,1.0
esm2_top28_bilstm_attn,test,1,unclassified,sequence_distal_ge21_no_direct_ca,water_path_exists,12,14,-0.004166666728754833,-0.013337438365755586,0.005004104908245921,True,1.0,1.0
esm2_top28_bilstm_attn,test,1,unclassified,sequence_distal_ge21_no_direct_ca,water_path_without_direct_ca_contact,12,14,-0.004166666728754833,-0.013337438365755586,0.005004104908245921,True,1.0,1.0
esm2_top28_bilstm_attn,test,1,unclassified,sequence_distal_ge21_no_direct_ca,water_path_without_direct_polar_contact,12,14,-0.004166666728754833,-0.013337438365755586,0.005004104908245921,True,1.0,1.0
esm2_top28_bilstm_attn,test,1,evidence_dominated,all_eligible_queries,absolute_backbone_orientation_cosine,26,59,-0.04214083151157736,-0.11520748755446897,0.030925824531314254,True,0.16863754391670227,0.343285230908004
esm2_top28_bilstm_attn,test,1,evidence_dominated,all_eligible_queries,absolute_sequence_separation,26,60,4.611136743763573,-2.47142968364873,11.693703171175876,True,1.0,1.0
esm2_top28_bilstm_attn,test,1,evidence_dominated,all_eligible_queries,band_water_contact_count,26,59,0.0,0.0,0.0,True,1.0,1.0
esm2_top28_bilstm_attn,test,1,evidence_dominated,all_eligible_queries,direct_ca_contact,26,59,0.036083316703907145,-0.019069462070784082,0.09123609547859837,True,1.0,1.0
esm2_top28_bilstm_attn,test,1,evidence_dominated,all_eligible_queries,direct_putative_polar_contact,26,59,0.016992008719416328,-0.021090994784724426,0.05507501222355708,True,0.4239501953125,0.6913588787085257
esm2_top28_bilstm_attn,test,1,evidence_dominated,all_eligible_queries,direct_putative_polar_contact_count,26,59,0.035464194576622414,-0.038944103829539604,0.10987249298278443,True,0.4239501953125,0.6913588787085257
esm2_top28_bilstm_attn,test,1,evidence_dominated,all_eligible_queries,disorder,26,60,-0.0025372517852334272,-0.03318768098030079,0.028113177409833937,True,0.557197093963623,0.8247536253638383
esm2_top28_bilstm_attn,test,1,evidence_dominated,all_eligible_queries,mean_query_contact_water_degree,25,58,-0.04072239602386995,-0.17843086613478507,0.09698607408704515,True,0.8318119049072266,1.0
esm2_top28_bilstm_attn,test,1,evidence_dominated,all_eligible_queries,minimum_ca_distance_angstrom,26,59,0.6893529763509988,-2.5938627367520595,3.972568689454057,True,0.028959274291992188,0.08091929593532206
esm2_top28_bilstm_attn,test,1,evidence_dominated,all_eligible_queries,minimum_heavy_atom_distance_angstrom,26,59,0.9233217073877273,-2.4640705424526397,4.310713957228095,True,0.07551869750022888,0.1802453432895077
esm2_top28_bilstm_attn,test,1,evidence_dominated,all_eligible_queries,minimum_polar_atom_distance_angstrom,26,59,0.8115946055703915,-2.5133149856118044,4.136504196752588,True,0.009355306625366211,0.031056419600788344
esm2_top28_bilstm_attn,test,1,evidence_dominated,all_eligible_queries,neq,26,60,0.5033423435720278,0.35644167144808725,0.6502430156959683,True,1.9431114196777344e-05,0.00010282077321564469
esm2_top28_bilstm_attn,test,1,evidence_dominated,all_eligible_queries,nonlocal_contact_path_exists,26,59,-0.053686262729646314,-0.09009655995079287,-0.01727596550849976,True,0.007537841796875,0.02541404300265842
esm2_top28_bilstm_attn,test,1,evidence_dominated,all_eligible_queries,normalized_query_position,26,60,0.03883310251898765,-0.009402461961426745,0.08706866699940205,True,0.07551869750022888,0.1802453432895077
esm2_top28_bilstm_attn,test,1,evidence_dominated,all_eligible_queries,one_water_bridge,26,59,0.0029306884060918805,-0.00954630482088523,0.015407681633068993,True,0.79052734375,1.0
esm2_top28_bilstm_attn,test,1,evidence_dominated,all_eligible_queries,ordinary_contact_path_exists,26,59,0.0,0.0,0.0,True,1.0,1.0
esm2_top28_bilstm_attn,test,1,evidence_dominated,all_eligible_queries,query_distance_to_band_domain_boundary_sequence,26,59,-6.283134945271785,-14.926171944791825,2.3599020542482556,True,0.557197093963623,0.8247536253638383
esm2_top28_bilstm_attn,test,1,evidence_dominated,all_eligible_queries,query_distance_to_community_boundary_edges,26,59,0.534058862606619,0.2728246964057011,0.7952930288075368,True,0.002493917942047119,0.009552640322397447
esm2_top28_bilstm_attn,test,1,evidence_dominated,all_eligible_queries,query_distance_to_ecod_boundary_sequence,26,59,-5.146575245622595,-12.30338529533684,2.0102348040916507,True,0.16863754391670227,0.343285230908004
esm2_top28_bilstm_attn,test,1,evidence_dominated,all_eligible_queries,query_in_any_band,26,60,0.6156259032444669,0.44608382290352966,0.7851679835854041,True,5.7220458984375e-06,3.184015224861211e-05
esm2_top28_bilstm_attn,test,1,evidence_dominated,all_eligible_queries,query_to_band_contact_count,26,59,0.06864675832513265,-0.04743803972777119,0.18473155637803648,True,1.0,1.0
esm2_top28_bilstm_attn,test,1,evidence_dominated,all_eligible_queries,query_to_band_contact_fraction,26,59,0.013596587739901507,-0.007447838489710737,0.03464101396951375,True,1.0,1.0
esm2_top28_bilstm_attn,test,1,evidence_dominated,all_eligible_queries,query_water_contact_count,26,59,0.3103714522729751,0.13042788686043968,0.49031501768551045,True,0.028959274291992188,0.08091929593532206
esm2_top28_bilstm_attn,test,1,evidence_dominated,all_eligible_queries,reachable_query_water_entry_count,26,59,0.0078234788962897,-0.009434303209948824,0.025081261002528225,True,0.6072387695312499,0.8793867937581561
esm2_top28_bilstm_attn,test,1,evidence_dominated,all_eligible_queries,relative_backbone_orientation_cosine,26,59,0.14942488697236125,-0.003976087849625887,0.3028258617943484,True,0.8450189828872681,1.0
esm2_top28_bilstm_attn,test,1,evidence_dominated,all_eligible_queries,rsa,26,60,0.16465274806937125,0.13028393074529027,0.19902156539345223,True,2.9802322387695312e-08,1.9820585642775445e-07
esm2_top28_bilstm_attn,test,1,evidence_dominated,all_eligible_queries,same_community_as_band_apex,26,59,0.07544246874403956,-0.04146638025445282,0.19235131774253195,True,0.15158963203430176,0.31418043266874496
esm2_top28_bilstm_attn,test,1,evidence_dominated,all_eligible_queries,same_community_as_band_majority,24,57,0.10385764485149923,-0.01237504859719396,0.22009033830019242,True,0.052478790283203125,0.13445093763849666
esm2_top28_bilstm_attn,test,1,evidence_dominated,all_eligible_queries,same_ecod_domain_as_band_apex,26,59,-0.015550190070523075,-0.06888840610328259,0.037788025962236446,True,0.14599609375,0.3051931260091496
esm2_top28_bilstm_attn,test,1,evidence_dominated,all_eligible_queries,shared_water_count,26,59,0.002935457701494368,-0.009539264623467686,0.015410180026456423,True,0.79052734375,1.0
esm2_top28_bilstm_attn,test,1,evidence_dominated,all_eligible_queries,shared_water_fraction_of_band_contacts,26,59,-0.00012265157072491938,-0.004125007430728271,0.0038797042892784322,True,0.79052734375,1.0
esm2_top28_bilstm_attn,test,1,evidence_dominated,all_eligible_queries,shared_water_fraction_of_query_contacts,26,59,0.0006074364990391229,-0.004961995920699917,0.006176868918778162,True,0.1795654296875,0.3606164058460445
esm2_top28_bilstm_attn,test,1,evidence_dominated,all_eligible_queries,shares_any_ecod_domain_with_band,26,59,-0.015281335041840791,-0.06862402752084136,0.03806135743715977,True,0.14599609375,0.3051931260091496
esm2_top28_bilstm_attn,test,1,evidence_dominated,all_eligible_queries,shortest_nonlocal_contact_path_edges,26,59,0.05296150866683573,-0.6657723260772608,0.7716953434109322,True,0.16863754391670227,0.343285230908004
esm2_top28_bilstm_attn,test,1,evidence_dominated,all_eligible_queries,shortest_ordinary_contact_path_edges,26,59,0.13800924455951227,-0.45899327060535666,0.7350117597243812,True,0.07551869750022888,0.1802453432895077
esm2_top28_bilstm_attn,test,1,evidence_dominated,all_eligible_queries,torsion_change_from_previous,26,60,4.446022656827871,-8.463810654020067,17.355855967675808,True,1.0,1.0
esm2_top28_bilstm_attn,test,1,evidence_dominated,all_eligible_queries,water_path_at_most_1,26,59,0.0029306884060918805,-0.00954630482088523,0.015407681633068993,True,0.79052734375,1.0
esm2_top28_bilstm_attn,test,1,evidence_dominated,all_eligible_queries,water_path_at_most_2,26,59,0.005790250219072788,-0.0066316345008412495,0.018212134938986824,True,1.0,1.0
esm2_top28_bilstm_attn,test,1,evidence_dominated,all_eligible_queries,water_path_at_most_3,26,59,0.006449426547597826,-0.006010569723319117,0.01890942281851477,True,1.0,1.0
esm2_top28_bilstm_attn,test,1,evidence_dominated,all_eligible_queries,water_path_exists,26,59,0.005069421809532645,-0.007469573801244156,0.017608417420309448,True,0.6072387695312499,0.8793867937581561
esm2_top28_bilstm_attn,test,1,evidence_dominated,all_eligible_queries,water_path_without_direct_ca_contact,26,59,0.00038761859349859944,-0.005790696365165446,0.006565933552162645,True,0.2890625,0.528918415146627
esm2_top28_bilstm_attn,test,1,evidence_dominated,all_eligible_queries,water_path_without_direct_polar_contact,26,59,0.0048772239146264345,-0.0017680036259231993,0.011522451455176068,True,1.0,1.0
esm2_top28_bilstm_attn,test,1,evidence_dominated,sequence_distal_ge21,absolute_backbone_orientation_cosine,25,58,-0.02817937482619095,-0.10410317227890736,0.04774442262652546,True,0.6900379657745361,0.9571812353815351
esm2_top28_bilstm_attn,test,1,evidence_dominated,sequence_distal_ge21,absolute_sequence_separation,25,58,5.365935590953594,-2.0740255176535545,12.805896699560742,True,1.0,1.0
esm2_top28_bilstm_attn,test,1,evidence_dominated,sequence_distal_ge21,band_water_contact_count,25,58,0.0,0.0,0.0,True,1.0,1.0
esm2_top28_bilstm_attn,test,1,evidence_dominated,sequence_distal_ge21,direct_ca_contact,25,58,0.03825451860430095,-0.02576673423532399,0.10227577144392588,True,0.8238029479980469,1.0
esm2_top28_bilstm_attn,test,1,evidence_dominated,sequence_distal_ge21,direct_putative_polar_contact,25,58,0.015027481794246084,-0.02050843102420655,0.05056339461269872,True,0.79052734375,1.0
esm2_top28_bilstm_attn,test,1,evidence_dominated,sequence_distal_ge21,direct_putative_polar_contact_count,25,58,0.04087744397628499,-0.0447249349472043,0.12647982289977427,True,0.79052734375,1.0
esm2_top28_bilstm_attn,test,1,evidence_dominated,sequence_distal_ge21,disorder,25,58,0.00033546214829111465,-0.03137467889722793,0.03204560319381016,True,0.42435622215270996,0.6913588787085257
esm2_top28_bilstm_attn,test,1,evidence_dominated,sequence_distal_ge21,mean_query_contact_water_degree,24,57,-0.042253952746679146,-0.1848672333760189,0.10035932788266061,True,0.8318119049072266,1.0
esm2_top28_bilstm_attn,test,1,evidence_dominated,sequence_distal_ge21,minimum_ca_distance_angstrom,25,58,0.3586209880319943,-3.147101286906988,3.8643432629709764,True,0.043285250663757324,0.11328835146767753
esm2_top28_bilstm_attn,test,1,evidence_dominated,sequence_distal_ge21,minimum_heavy_atom_distance_angstrom,25,58,0.5033905649028036,-3.116917034261436,4.123698164067044,True,0.10775214433670044,0.24163356154950608
esm2_top28_bilstm_attn,test,1,evidence_dominated,sequence_distal_ge21,minimum_polar_atom_distance_angstrom,25,58,0.4338913136143438,-3.1345807128435923,4.00236334007228,True,0.043285250663757324,0.11328835146767753
esm2_top28_bilstm_attn,test,1,evidence_dominated,sequence_distal_ge21,neq,25,58,0.501754561867926,0.34066794479608803,0.6628411789397639,True,0.0002771615982055664,0.0013032634956784744
esm2_top28_bilstm_attn,test,1,evidence_dominated,sequence_distal_ge21,nonlocal_contact_path_exists,25,58,-0.04139582984018577,-0.07016913128998893,-0.012622528390382613,True,0.012725830078125,0.040781455464882425
esm2_top28_bilstm_attn,test,1,evidence_dominated,sequence_distal_ge21,normalized_query_position,25,58,0.03286545478600802,-0.01994935574908792,0.08568026532110395,True,0.10775214433670044,0.24163356154950608
esm2_top28_bilstm_attn,test,1,evidence_dominated,sequence_distal_ge21,one_water_bridge,25,58,0.0023202774894684587,-0.011093233838439232,0.015733788817376148,True,0.79052734375,1.0
esm2_top28_bilstm_attn,test,1,evidence_dominated,sequence_distal_ge21,ordinary_contact_path_exists,25,58,0.0,0.0,0.0,True,1.0,1.0
esm2_top28_bilstm_attn,test,1,evidence_dominated,sequence_distal_ge21,query_distance_to_band_domain_boundary_sequence,25,58,-6.914291180527616,-16.15002044443399,2.321438083378757,True,0.2295229434967041,0.446179736006606
esm2_top28_bilstm_attn,test,1,evidence_dominated,sequence_distal_ge21,query_distance_to_community_boundary_edges,25,58,0.5574933666418628,0.2885324049247969,0.8264543283589286,True,0.004077315330505371,0.014555416124708512
esm2_top28_bilstm_attn,test,1,evidence_dominated,sequence_distal_ge21,query_distance_to_ecod_boundary_sequence,25,58,-5.759785277526953,-13.435859189623677,1.9162886345697707,True,0.043285250663757324,0.11328835146767753
esm2_top28_bilstm_attn,test,1,evidence_dominated,sequence_distal_ge21,query_in_any_band,25,58,0.5990802066260683,0.42521578081108313,0.7729446324410535,True,1.0967254638671875e-05,5.916224585639106e-05
esm2_top28_bilstm_attn,test,1,evidence_dominated,sequence_distal_ge21,query_to_band_contact_count,25,58,0.07457094158389262,-0.0709889485995263,0.22013083176731152,True,0.8238029479980469,1.0
esm2_top28_bilstm_attn,test,1,evidence_dominated,sequence_distal_ge21,query_to_band_contact_fraction,25,58,0.015380667058054862,-0.010251140682501823,0.041012474798611545,True,0.8238029479980469,1.0
esm2_top28_bilstm_attn,test,1,evidence_dominated,sequence_distal_ge21,query_water_contact_count,25,58,0.3174399392947251,0.12725024633540094,0.5076296322540492,True,0.043285250663757324,0.11328835146767753
esm2_top28_bilstm_attn,test,1,evidence_dominated,sequence_distal_ge21,reachable_query_water_entry_count,25,58,0.007893730542501181,-0.010463301395634752,0.026250762480637114,True,1.0,1.0
esm2_top28_bilstm_attn,test,1,evidence_dominated,sequence_distal_ge21,relative_backbone_orientation_cosine,25,58,0.13537768523650903,-0.024421977686717444,0.2951773481597355,True,0.6900379657745361,0.9571812353815351
esm2_top28_bilstm_attn,test,1,evidence_dominated,sequence_distal_ge21,rsa,25,58,0.1506904875630343,0.11087357807726625,0.19050739704880235,True,1.5497207641601562e-06,8.983754399997085e-06
esm2_top28_bilstm_attn,test,1,evidence_dominated,sequence_distal_ge21,same_community_as_band_apex,25,58,0.11828643552788579,-0.0025444516641075915,0.23911732271987918,True,0.4048728942871094,0.6691601367706949
esm2_top28_bilstm_attn,test,1,evidence_dominated,sequence_distal_ge21,same_community_as_band_majority,24,57,0.12470133387368999,-0.0010703628042152274,0.2504730305515952,True,0.28627872467041016,0.528918415146627
esm2_top28_bilstm_attn,test,1,evidence_dominated,sequence_distal_ge21,same_ecod_domain_as_band_apex,25,58,-0.019050256642491426,-0.07567414329059632,0.037573630005613465,True,0.14599609375,0.3051931260091496
esm2_top28_bilstm_attn,test,1,evidence_dominated,sequence_distal_ge21,shared_water_count,25,58,0.002330937133509719,-0.011080232807811853,0.015742107074831292,True,0.79052734375,1.0
esm2_top28_bilstm_attn,test,1,evidence_dominated,sequence_distal_ge21,shared_water_fraction_of_band_contacts,25,58,-0.00029726075975317637,-0.004522017246940902,0.003927495727434549,True,0.79052734375,1.0
esm2_top28_bilstm_attn,test,1,evidence_dominated,sequence_distal_ge21,shared_water_fraction_of_query_contacts,25,58,0.00031756781460168774,-0.005617526052743036,0.006252661681946411,True,0.1795654296875,0.3606164058460445
esm2_top28_bilstm_attn,test,1,evidence_dominated,sequence_distal_ge21,shares_any_ecod_domain_with_band,25,58,-0.01877064741266185,-0.07538820713042553,0.03784691230510183,True,0.14599609375,0.3051931260091496
esm2_top28_bilstm_attn,test,1,evidence_dominated,sequence_distal_ge21,shortest_nonlocal_contact_path_edges,25,58,-0.01381765480079347,-0.7903928545348172,0.7627575449332303,True,0.2295229434967041,0.446179736006606
esm2_top28_bilstm_attn,test,1,evidence_dominated,sequence_distal_ge21,shortest_ordinary_contact_path_edges,25,58,0.0782136752939909,-0.5591297131027138,0.7155570636906956,True,0.10775214433670044,0.24163356154950608
esm2_top28_bilstm_attn,test,1,evidence_dominated,sequence_distal_ge21,torsion_change_from_previous,25,58,-0.4393252084369468,-13.910565651099036,13.031915234225144,True,1.0,1.0
esm2_top28_bilstm_attn,test,1,evidence_dominated,sequence_distal_ge21,water_path_at_most_1,25,58,0.0023202774894684587,-0.011093233838439232,0.015733788817376148,True,0.79052734375,1.0
esm2_top28_bilstm_attn,test,1,evidence_dominated,sequence_distal_ge21,water_path_at_most_2,25,58,0.004315385799601679,-0.009637384456558526,0.018268156055761882,True,1.0,1.0
esm2_top28_bilstm_attn,test,1,evidence_dominated,sequence_distal_ge21,water_path_at_most_3,25,58,0.0049996024814644435,-0.008549608810245721,0.01854881377317461,True,1.0,1.0
esm2_top28_bilstm_attn,test,1,evidence_dominated,sequence_distal_ge21,water_path_exists,25,58,0.004991642282644808,-0.008554210146296147,0.018537494711585764,True,1.0,1.0
esm2_top28_bilstm_attn,test,1,evidence_dominated,sequence_distal_ge21,water_path_without_direct_ca_contact,25,58,0.0019349881538393762,-0.004449513366130418,0.008319489673809171,True,1.0,1.0
esm2_top28_bilstm_attn,test,1,evidence_dominated,sequence_distal_ge21,water_path_without_direct_polar_contact,25,58,0.005130494685710536,-0.0017606719248915393,0.012021661296312613,True,0.548828125,0.8186053907450077
esm2_top28_bilstm_attn,test,1,evidence_dominated,sequence_distal_ge21_no_direct_ca,absolute_backbone_orientation_cosine,25,58,-0.016312856793104014,-0.08730050469111797,0.05467479110490994,True,0.42435622215270996,0.6913588787085257
esm2_top28_bilstm_attn,test,1,evidence_dominated,sequence_distal_ge21_no_direct_ca,absolute_sequence_separation,25,58,5.021503979970003,-3.2334689942889305,13.276476954228936,True,1.0,1.0
esm2_top28_bilstm_attn,test,1,evidence_dominated,sequence_distal_ge21_no_direct_ca,band_water_contact_count,25,58,0.0,0.0,0.0,True,1.0,1.0
esm2_top28_bilstm_attn,test,1,evidence_dominated,sequence_distal_ge21_no_direct_ca,direct_ca_contact,25,58,0.0,0.0,0.0,True,1.0,1.0
esm2_top28_bilstm_attn,test,1,evidence_dominated,sequence_distal_ge21_no_direct_ca,direct_putative_polar_contact,25,58,-0.00027514297052694855,-0.015189374375325202,0.014639088434271306,True,0.453125,0.7183418367346939
esm2_top28_bilstm_attn,test,1,evidence_dominated,sequence_distal_ge21_no_direct_ca,direct_putative_polar_contact_count,25,58,-0.00027514297052694855,-0.015189374375325202,0.014639088434271306,True,0.453125,0.7183418367346939
esm2_top28_bilstm_attn,test,1,evidence_dominated,sequence_distal_ge21_no_direct_ca,disorder,25,58,0.0167831625170429,-0.007977246797941782,0.04154357183202758,True,0.043285250663757324,0.11328835146767753
esm2_top28_bilstm_attn,test,1,evidence_dominated,sequence_distal_ge21_no_direct_ca,mean_query_contact_water_degree,24,57,-0.05307604273518373,-0.1978119897666494,0.09165990429628193,True,0.8318119049072266,1.0
esm2_top28_bilstm_attn,test,1,evidence_dominated,sequence_distal_ge21_no_direct_ca,minimum_ca_distance_angstrom,25,58,0.8685924839393172,-2.4778558503910726,4.215040818269707,True,0.01463329792022705,0.04620790985541615
esm2_top28_bilstm_attn,test,1,evidence_dominated,sequence_distal_ge21_no_direct_ca,minimum_heavy_atom_distance_angstrom,25,58,0.9061769896391209,-2.5812850903692484,4.39363906964749,True,0.10775214433670044,0.24163356154950608
esm2_top28_bilstm_attn,test,1,evidence_dominated,sequence_distal_ge21_no_direct_ca,minimum_polar_atom_distance_angstrom,25,58,0.8526214238726902,-2.5835112121795594,4.28875405992494,True,0.043285250663757324,0.11328835146767753
esm2_top28_bilstm_attn,test,1,evidence_dominated,sequence_distal_ge21_no_direct_ca,neq,25,58,0.4768175740781021,0.3122864551258494,0.6413486930303548,True,0.00048828125,0.00214534431561086
esm2_top28_bilstm_attn,test,1,evidence_dominated,sequence_distal_ge21_no_direct_ca,nonlocal_contact_path_exists,25,58,-0.04404149696770166,-0.07524521802148094,-0.012837775913922378,True,0.012725830078125,0.040781455464882425
esm2_top28_bilstm_attn,test,1,evidence_dominated,sequence_distal_ge21_no_direct_ca,normalized_query_position,25,58,0.018163160429846736,-0.04547267131336115,0.08179899217305463,True,0.10775214433670044,0.24163356154950608
esm2_top28_bilstm_attn,test,1,evidence_dominated,sequence_distal_ge21_no_direct_ca,one_water_bridge,25,58,0.0012545077301901917,-0.0050050961782174795,0.0075141116385978625,True,0.453125,0.7183418367346939
esm2_top28_bilstm_attn,test,1,evidence_dominated,sequence_distal_ge21_no_direct_ca,ordinary_contact_path_exists,25,58,0.0,0.0,0.0,True,1.0,1.0
esm2_top28_bilstm_attn,test,1,evidence_dominated,sequence_distal_ge21_no_direct_ca,query_distance_to_band_domain_boundary_sequence,25,58,-5.562897152906751,-15.128184335075442,4.002390029261941,True,0.42435622215270996,0.6913588787085257
esm2_top28_bilstm_attn,test,1,evidence_dominated,sequence_distal_ge21_no_direct_ca,query_distance_to_community_boundary_edges,25,58,0.543382487206437,0.2812680774895865,0.8054968969232875,True,0.004077315330505371,0.014555416124708512
esm2_top28_bilstm_attn,test,1,evidence_dominated,sequence_distal_ge21_no_direct_ca,query_distance_to_ecod_boundary_sequence,25,58,-5.209685522106714,-13.262516876604316,2.8431458323908885,True,0.043285250663757324,0.11328835146767753
esm2_top28_bilstm_attn,test,1,evidence_dominated,sequence_distal_ge21_no_direct_ca,query_in_any_band,25,58,0.6023877971259849,0.42811053163549834,0.7766650626164715,True,1.0967254638671875e-05,5.916224585639106e-05
esm2_top28_bilstm_attn,test,1,evidence_dominated,sequence_distal_ge21_no_direct_ca,query_to_band_contact_count,25,58,0.0,0.0,0.0,True,1.0,1.0
esm2_top28_bilstm_attn,test,1,evidence_dominated,sequence_distal_ge21_no_direct_ca,query_to_band_contact_fraction,25,58,0.0,0.0,0.0,True,1.0,1.0
esm2_top28_bilstm_attn,test,1,evidence_dominated,sequence_distal_ge21_no_direct_ca,query_water_contact_count,25,58,0.35588704818848266,0.14232405980437376,0.5694500365725915,True,0.043285250663757324,0.11328835146767753
esm2_top28_bilstm_attn,test,1,evidence_dominated,sequence_distal_ge21_no_direct_ca,reachable_query_water_entry_count,25,58,0.0020403224084688957,-0.0043624870077119925,0.008443131824649784,True,1.0,1.0
esm2_top28_bilstm_attn,test,1,evidence_dominated,sequence_distal_ge21_no_direct_ca,relative_backbone_orientation_cosine,25,58,0.14260698668971936,-0.031327398789442545,0.31654137216888123,True,0.6900379657745361,0.9571812353815351
esm2_top28_bilstm_attn,test,1,evidence_dominated,sequence_distal_ge21_no_direct_ca,rsa,25,58,0.175757873559891,0.13663352341147095,0.21488222370831106,True,5.960464477539063e-08,3.845588709428857e-07
esm2_top28_bilstm_attn,test,1,evidence_dominated,sequence_distal_ge21_no_direct_ca,same_community_as_band_apex,25,58,0.08333674346438594,-0.03436281724316172,0.20103630417193358,True,0.28627872467041016,0.528918415146627
esm2_top28_bilstm_attn,test,1,evidence_dominated,sequence_distal_ge21_no_direct_ca,same_community_as_band_majority,24,57,0.08860709904374618,-0.034071652560567794,0.21128585064806016,True,0.18924713134765625,0.3773284692783865
esm2_top28_bilstm_attn,test,1,evidence_dominated,sequence_distal_ge21_no_direct_ca,same_ecod_domain_as_band_apex,25,58,-0.023561586786893303,-0.08042390280535659,0.03330072923156999,True,0.03857421875,0.10289990770947802
esm2_top28_bilstm_attn,test,1,evidence_dominated,sequence_distal_ge21_no_direct_ca,shared_water_count,25,58,0.0012545077301901917,-0.0050050961782174795,0.0075141116385978625,True,0.453125,0.7183418367346939
esm2_top28_bilstm_attn,test,1,evidence_dominated,sequence_distal_ge21_no_direct_ca,shared_water_fraction_of_band_contacts,25,58,-0.0006807777329185363,-0.0038078829879990028,0.0024463275221619303,True,0.453125,0.7183418367346939
esm2_top28_bilstm_attn,test,1,evidence_dominated,sequence_distal_ge21_no_direct_ca,shared_water_fraction_of_query_contacts,25,58,0.0005791686607066516,-0.001361333625459007,0.0025196709468723105,True,0.453125,0.7183418367346939
esm2_top28_bilstm_attn,test,1,evidence_dominated,sequence_distal_ge21_no_direct_ca,shares_any_ecod_domain_with_band,25,58,-0.02329006381457444,-0.08016313866420653,0.03358301103505766,True,0.03857421875,0.10289990770947802
esm2_top28_bilstm_attn,test,1,evidence_dominated,sequence_distal_ge21_no_direct_ca,shortest_nonlocal_contact_path_edges,25,58,0.15282500331199983,-0.5724153173536348,0.8780653239776344,True,0.006610751152038574,0.022682117910351435
esm2_top28_bilstm_attn,test,1,evidence_dominated,sequence_distal_ge21_no_direct_ca,shortest_ordinary_contact_path_edges,25,58,0.1941392286848139,-0.40759798948789683,0.7958764468575247,True,0.043285250663757324,0.11328835146767753
esm2_top28_bilstm_attn,test,1,evidence_dominated,sequence_distal_ge21_no_direct_ca,torsion_change_from_previous,25,58,0.43223482449482203,-11.930895173710482,12.795364822700126,True,1.0,1.0
esm2_top28_bilstm_attn,test,1,evidence_dominated,sequence_distal_ge21_no_direct_ca,water_path_at_most_1,25,58,0.0012545077301901917,-0.0050050961782174795,0.0075141116385978625,True,0.453125,0.7183418367346939
esm2_top28_bilstm_attn,test,1,evidence_dominated,sequence_distal_ge21_no_direct_ca,water_path_at_most_2,25,58,0.0012953782079460517,-0.004964665416100933,0.007555421831993037,True,1.0,1.0
esm2_top28_bilstm_attn,test,1,evidence_dominated,sequence_distal_ge21_no_direct_ca,water_path_at_most_3,25,58,0.0019927668498370757,-0.004410539773825169,0.00839607347349932,True,1.0,1.0
esm2_top28_bilstm_attn,test,1,evidence_dominated,sequence_distal_ge21_no_direct_ca,water_path_exists,25,58,0.0019847668500158917,-0.004419002927619013,0.008388536627650796,True,1.0,1.0
esm2_top28_bilstm_attn,test,1,evidence_dominated,sequence_distal_ge21_no_direct_ca,water_path_without_direct_ca_contact,25,58,0.0019847668500158917,-0.004419002927619013,0.008388536627650796,True,1.0,1.0
esm2_top28_bilstm_attn,test,1,evidence_dominated,sequence_distal_ge21_no_direct_ca,water_path_without_direct_polar_contact,25,58,0.000668100183752792,-0.0008102527320206304,0.0021464530995262145,True,1.0,1.0
esm2_top28_bilstm_attn,test,-1,combined,all_eligible_queries,shortest_water_path_water_count,10,11,0.0949999988079071,-0.43349605669211233,0.6234960543079265,True,1.0,1.0
esm2_top28_bilstm_attn,test,-1,combined,sequence_distal_ge21,shortest_water_path_water_count,7,8,0.2785714268684387,,,False,,
esm2_top28_bilstm_attn,test,-1,combined,sequence_distal_ge21_no_direct_ca,shortest_water_path_water_count,3,3,-0.6666666666666666,,,False,,
esm2_top28_bilstm_attn,test,1,combined,all_eligible_queries,shortest_water_path_water_count,13,18,-0.26923077687239033,-1.2554289733650577,0.7169674196202771,True,1.0,1.0
esm2_top28_bilstm_attn,test,1,combined,sequence_distal_ge21,shortest_water_path_water_count,7,10,-0.44642857142857145,,,False,,
esm2_top28_bilstm_attn,test,1,combined,sequence_distal_ge21_no_direct_ca,shortest_water_path_water_count,4,5,0.1875,,,False,,
esm2_top28_bilstm_attn,test,-1,unclassified,all_eligible_queries,absolute_backbone_orientation_cosine,1,1,0.0372837781906127,,,False,,
esm2_top28_bilstm_attn,test,-1,unclassified,all_eligible_queries,absolute_sequence_separation,1,1,-1.0740740740740715,,,False,,
esm2_top28_bilstm_attn,test,-1,unclassified,all_eligible_queries,band_water_contact_count,1,1,0.0,,,False,,
esm2_top28_bilstm_attn,test,-1,unclassified,all_eligible_queries,direct_ca_contact,1,1,0.0833333333333333,,,False,,
esm2_top28_bilstm_attn,test,-1,unclassified,all_eligible_queries,direct_putative_polar_contact,1,1,0.0648148159186045,,,False,,
esm2_top28_bilstm_attn,test,-1,unclassified,all_eligible_queries,direct_putative_polar_contact_count,1,1,0.0648148159186045,,,False,,
esm2_top28_bilstm_attn,test,-1,unclassified,all_eligible_queries,disorder,1,1,0.0227972928857154,,,False,,
esm2_top28_bilstm_attn,test,-1,unclassified,all_eligible_queries,mean_query_contact_water_degree,1,1,-0.3499999940395355,,,False,,
esm2_top28_bilstm_attn,test,-1,unclassified,all_eligible_queries,minimum_ca_distance_angstrom,1,1,-5.950416247049968,,,False,,
esm2_top28_bilstm_attn,test,-1,unclassified,all_eligible_queries,minimum_heavy_atom_distance_angstrom,1,1,-6.178271293640137,,,False,,
esm2_top28_bilstm_attn,test,-1,unclassified,all_eligible_queries,minimum_polar_atom_distance_angstrom,1,1,-5.850796063741048,,,False,,
esm2_top28_bilstm_attn,test,-1,unclassified,all_eligible_queries,neq,1,1,-0.2400092592592592,,,False,,
esm2_top28_bilstm_attn,test,-1,unclassified,all_eligible_queries,nonlocal_contact_path_exists,1,1,0.0,,,False,,
esm2_top28_bilstm_attn,test,-1,unclassified,all_eligible_queries,normalized_query_position,1,1,0.0161744022503516,,,False,,
esm2_top28_bilstm_attn,test,-1,unclassified,all_eligible_queries,one_water_bridge,1,1,0.0,,,False,,
esm2_top28_bilstm_attn,test,-1,unclassified,all_eligible_queries,ordinary_contact_path_exists,1,1,0.0,,,False,,
esm2_top28_bilstm_attn,test,-1,unclassified,all_eligible_queries,query_distance_to_band_domain_boundary_sequence,1,1,2.0,,,False,,
esm2_top28_bilstm_attn,test,-1,unclassified,all_eligible_queries,query_distance_to_community_boundary_edges,1,1,-0.0055555601914723,,,False,,
esm2_top28_bilstm_attn,test,-1,unclassified,all_eligible_queries,query_distance_to_ecod_boundary_sequence,1,1,2.0,,,False,,
esm2_top28_bilstm_attn,test,-1,unclassified,all_eligible_queries,query_in_any_band,1,1,-0.2777777777777777,,,False,,
esm2_top28_bilstm_attn,test,-1,unclassified,all_eligible_queries,query_to_band_contact_count,1,1,0.0833333333333333,,,False,,
esm2_top28_bilstm_attn,test,-1,unclassified,all_eligible_queries,query_to_band_contact_fraction,1,1,0.0166666669150193,,,False,,
esm2_top28_bilstm_attn,test,-1,unclassified,all_eligible_queries,query_water_contact_count,1,1,-0.1481481492519378,,,False,,
esm2_top28_bilstm_attn,test,-1,unclassified,all_eligible_queries,reachable_query_water_entry_count,1,1,0.0,,,False,,
esm2_top28_bilstm_attn,test,-1,unclassified,all_eligible_queries,relative_backbone_orientation_cosine,1,1,0.211188193410635,,,False,,
esm2_top28_bilstm_attn,test,-1,unclassified,all_eligible_queries,rsa,1,1,0.0317887466262888,,,False,,
esm2_top28_bilstm_attn,test,-1,unclassified,all_eligible_queries,same_community_as_band_apex,1,1,0.4444444378217061,,,False,,
esm2_top28_bilstm_attn,test,-1,unclassified,all_eligible_queries,same_community_as_band_majority,1,1,0.4444444378217061,,,False,,
esm2_top28_bilstm_attn,test,-1,unclassified,all_eligible_queries,same_ecod_domain_as_band_apex,1,1,0.0,,,False,,
esm2_top28_bilstm_attn,test,-1,unclassified,all_eligible_queries,shared_water_count,1,1,0.0,,,False,,
esm2_top28_bilstm_attn,test,-1,unclassified,all_eligible_queries,shared_water_fraction_of_band_contacts,1,1,0.0,,,False,,
esm2_top28_bilstm_attn,test,-1,unclassified,all_eligible_queries,shared_water_fraction_of_query_contacts,1,1,0.0,,,False,,
esm2_top28_bilstm_attn,test,-1,unclassified,all_eligible_queries,shares_any_ecod_domain_with_band,1,1,0.0,,,False,,
esm2_top28_bilstm_attn,test,-1,unclassified,all_eligible_queries,shortest_nonlocal_contact_path_edges,1,1,-1.2777776718139648,,,False,,
esm2_top28_bilstm_attn,test,-1,unclassified,all_eligible_queries,shortest_ordinary_contact_path_edges,1,1,-1.3907406330108645,,,False,,
esm2_top28_bilstm_attn,test,-1,unclassified,all_eligible_queries,torsion_change_from_previous,1,1,-38.30466499269202,,,False,,
esm2_top28_bilstm_attn,test,-1,unclassified,all_eligible_queries,water_path_at_most_1,1,1,0.0,,,False,,
esm2_top28_bilstm_attn,test,-1,unclassified,all_eligible_queries,water_path_at_most_2,1,1,0.0,,,False,,
esm2_top28_bilstm_attn,test,-1,unclassified,all_eligible_queries,water_path_at_most_3,1,1,0.0,,,False,,
esm2_top28_bilstm_attn,test,-1,unclassified,all_eligible_queries,water_path_exists,1,1,0.0,,,False,,
esm2_top28_bilstm_attn,test,-1,unclassified,all_eligible_queries,water_path_without_direct_ca_contact,1,1,0.0,,,False,,
esm2_top28_bilstm_attn,test,-1,unclassified,all_eligible_queries,water_path_without_direct_polar_contact,1,1,0.0,,,False,,
esm2_top28_bilstm_attn,test,-1,unclassified,sequence_distal_ge21,absolute_backbone_orientation_cosine,1,1,0.0372837781906127,,,False,,
esm2_top28_bilstm_attn,test,-1,unclassified,sequence_distal_ge21,absolute_sequence_separation,1,1,-1.0740740740740715,,,False,,
esm2_top28_bilstm_attn,test,-1,unclassified,sequence_distal_ge21,band_water_contact_count,1,1,0.0,,,False,,
esm2_top28_bilstm_attn,test,-1,unclassified,sequence_distal_ge21,direct_ca_contact,1,1,0.0833333333333333,,,False,,
esm2_top28_bilstm_attn,test,-1,unclassified,sequence_distal_ge21,direct_putative_polar_contact,1,1,0.0648148159186045,,,False,,
esm2_top28_bilstm_attn,test,-1,unclassified,sequence_distal_ge21,direct_putative_polar_contact_count,1,1,0.0648148159186045,,,False,,
esm2_top28_bilstm_attn,test,-1,unclassified,sequence_distal_ge21,disorder,1,1,0.0227972928857154,,,False,,
esm2_top28_bilstm_attn,test,-1,unclassified,sequence_distal_ge21,mean_query_contact_water_degree,1,1,-0.3499999940395355,,,False,,
esm2_top28_bilstm_attn,test,-1,unclassified,sequence_distal_ge21,minimum_ca_distance_angstrom,1,1,-5.950416247049968,,,False,,
esm2_top28_bilstm_attn,test,-1,unclassified,sequence_distal_ge21,minimum_heavy_atom_distance_angstrom,1,1,-6.178271293640137,,,False,,
esm2_top28_bilstm_attn,test,-1,unclassified,sequence_distal_ge21,minimum_polar_atom_distance_angstrom,1,1,-5.850796063741048,,,False,,
esm2_top28_bilstm_attn,test,-1,unclassified,sequence_distal_ge21,neq,1,1,-0.2400092592592592,,,False,,
esm2_top28_bilstm_attn,test,-1,unclassified,sequence_distal_ge21,nonlocal_contact_path_exists,1,1,0.0,,,False,,
esm2_top28_bilstm_attn,test,-1,unclassified,sequence_distal_ge21,normalized_query_position,1,1,0.0161744022503516,,,False,,
esm2_top28_bilstm_attn,test,-1,unclassified,sequence_distal_ge21,one_water_bridge,1,1,0.0,,,False,,
esm2_top28_bilstm_attn,test,-1,unclassified,sequence_distal_ge21,ordinary_contact_path_exists,1,1,0.0,,,False,,
esm2_top28_bilstm_attn,test,-1,unclassified,sequence_distal_ge21,query_distance_to_band_domain_boundary_sequence,1,1,2.0,,,False,,
esm2_top28_bilstm_attn,test,-1,unclassified,sequence_distal_ge21,query_distance_to_community_boundary_edges,1,1,-0.0055555601914723,,,False,,
esm2_top28_bilstm_attn,test,-1,unclassified,sequence_distal_ge21,query_distance_to_ecod_boundary_sequence,1,1,2.0,,,False,,
esm2_top28_bilstm_attn,test,-1,unclassified,sequence_distal_ge21,query_in_any_band,1,1,-0.2777777777777777,,,False,,
esm2_top28_bilstm_attn,test,-1,unclassified,sequence_distal_ge21,query_to_band_contact_count,1,1,0.0833333333333333,,,False,,
esm2_top28_bilstm_attn,test,-1,unclassified,sequence_distal_ge21,query_to_band_contact_fraction,1,1,0.0166666669150193,,,False,,
esm2_top28_bilstm_attn,test,-1,unclassified,sequence_distal_ge21,query_water_contact_count,1,1,-0.1481481492519378,,,False,,
esm2_top28_bilstm_attn,test,-1,unclassified,sequence_distal_ge21,reachable_query_water_entry_count,1,1,0.0,,,False,,
esm2_top28_bilstm_attn,test,-1,unclassified,sequence_distal_ge21,relative_backbone_orientation_cosine,1,1,0.211188193410635,,,False,,
esm2_top28_bilstm_attn,test,-1,unclassified,sequence_distal_ge21,rsa,1,1,0.0317887466262888,,,False,,
esm2_top28_bilstm_attn,test,-1,unclassified,sequence_distal_ge21,same_community_as_band_apex,1,1,0.4444444378217061,,,False,,
esm2_top28_bilstm_attn,test,-1,unclassified,sequence_distal_ge21,same_community_as_band_majority,1,1,0.4444444378217061,,,False,,
esm2_top28_bilstm_attn,test,-1,unclassified,sequence_distal_ge21,same_ecod_domain_as_band_apex,1,1,0.0,,,False,,
esm2_top28_bilstm_attn,test,-1,unclassified,sequence_distal_ge21,shared_water_count,1,1,0.0,,,False,,
esm2_top28_bilstm_attn,test,-1,unclassified,sequence_distal_ge21,shared_water_fraction_of_band_contacts,1,1,0.0,,,False,,
esm2_top28_bilstm_attn,test,-1,unclassified,sequence_distal_ge21,shared_water_fraction_of_query_contacts,1,1,0.0,,,False,,
esm2_top28_bilstm_attn,test,-1,unclassified,sequence_distal_ge21,shares_any_ecod_domain_with_band,1,1,0.0,,,False,,
esm2_top28_bilstm_attn,test,-1,unclassified,sequence_distal_ge21,shortest_nonlocal_contact_path_edges,1,1,-1.2777776718139648,,,False,,
esm2_top28_bilstm_attn,test,-1,unclassified,sequence_distal_ge21,shortest_ordinary_contact_path_edges,1,1,-1.3907406330108645,,,False,,
esm2_top28_bilstm_attn,test,-1,unclassified,sequence_distal_ge21,torsion_change_from_previous,1,1,-38.30466499269202,,,False,,
esm2_top28_bilstm_attn,test,-1,unclassified,sequence_distal_ge21,water_path_at_most_1,1,1,0.0,,,False,,
esm2_top28_bilstm_attn,test,-1,unclassified,sequence_distal_ge21,water_path_at_most_2,1,1,0.0,,,False,,
esm2_top28_bilstm_attn,test,-1,unclassified,sequence_distal_ge21,water_path_at_most_3,1,1,0.0,,,False,,
esm2_top28_bilstm_attn,test,-1,unclassified,sequence_distal_ge21,water_path_exists,1,1,0.0,,,False,,
esm2_top28_bilstm_attn,test,-1,unclassified,sequence_distal_ge21,water_path_without_direct_ca_contact,1,1,0.0,,,False,,
esm2_top28_bilstm_attn,test,-1,unclassified,sequence_distal_ge21,water_path_without_direct_polar_contact,1,1,0.0,,,False,,
esm2_top28_bilstm_attn,test,-1,unclassified,sequence_distal_ge21_no_direct_ca,absolute_backbone_orientation_cosine,1,1,0.0238355795542399,,,False,,
esm2_top28_bilstm_attn,test,-1,unclassified,sequence_distal_ge21_no_direct_ca,absolute_sequence_separation,1,1,-1.0185185185185155,,,False,,
esm2_top28_bilstm_attn,test,-1,unclassified,sequence_distal_ge21_no_direct_ca,band_water_contact_count,1,1,0.0,,,False,,
esm2_top28_bilstm_attn,test,-1,unclassified,sequence_distal_ge21_no_direct_ca,direct_ca_contact,1,1,0.0,,,False,,
esm2_top28_bilstm_attn,test,-1,unclassified,sequence_distal_ge21_no_direct_ca,direct_putative_polar_contact,1,1,-0.0185185186564922,,,False,,
esm2_top28_bilstm_attn,test,-1,unclassified,sequence_distal_ge21_no_direct_ca,direct_putative_polar_contact_count,1,1,-0.0185185186564922,,,False,,
esm2_top28_bilstm_attn,test,-1,unclassified,sequence_distal_ge21_no_direct_ca,disorder,1,1,0.0230227135518496,,,False,,
esm2_top28_bilstm_attn,test,-1,unclassified,sequence_distal_ge21_no_direct_ca,mean_query_contact_water_degree,1,1,-0.3499999940395355,,,False,,
esm2_top28_bilstm_attn,test,-1,unclassified,sequence_distal_ge21_no_direct_ca,minimum_ca_distance_angstrom,1,1,-5.764483133951823,,,False,,
esm2_top28_bilstm_attn,test,-1,unclassified,sequence_distal_ge21_no_direct_ca,minimum_heavy_atom_distance_angstrom,1,1,-5.874259948730469,,,False,,
esm2_top28_bilstm_attn,test,-1,unclassified,sequence_distal_ge21_no_direct_ca,minimum_polar_atom_distance_angstrom,1,1,-5.376809120178223,,,False,,
esm2_top28_bilstm_attn,test,-1,unclassified,sequence_distal_ge21_no_direct_ca,neq,1,1,-0.2397592592592593,,,False,,
esm2_top28_bilstm_attn,test,-1,unclassified,sequence_distal_ge21_no_direct_ca,nonlocal_contact_path_exists,1,1,0.0,,,False,,
esm2_top28_bilstm_attn,test,-1,unclassified,sequence_distal_ge21_no_direct_ca,normalized_query_position,1,1,0.0158227848101265,,,False,,
esm2_top28_bilstm_attn,test,-1,unclassified,sequence_distal_ge21_no_direct_ca,one_water_bridge,1,1,0.0,,,False,,
esm2_top28_bilstm_attn,test,-1,unclassified,sequence_distal_ge21_no_direct_ca,ordinary_contact_path_exists,1,1,0.0,,,False,,
esm2_top28_bilstm_attn,test,-1,unclassified,sequence_distal_ge21_no_direct_ca,query_distance_to_band_domain_boundary_sequence,1,1,1.9444440205891929,,,False,,
esm2_top28_bilstm_attn,test,-1,unclassified,sequence_distal_ge21_no_direct_ca,query_distance_to_community_boundary_edges,1,1,0.0222222208976745,,,False,,
esm2_top28_bilstm_attn,test,-1,unclassified,sequence_distal_ge21_no_direct_ca,query_distance_to_ecod_boundary_sequence,1,1,1.9444440205891929,,,False,,
esm2_top28_bilstm_attn,test,-1,unclassified,sequence_distal_ge21_no_direct_ca,query_in_any_band,1,1,-0.2777777777777777,,,False,,
esm2_top28_bilstm_attn,test,-1,unclassified,sequence_distal_ge21_no_direct_ca,query_to_band_contact_count,1,1,0.0,,,False,,
esm2_top28_bilstm_attn,test,-1,unclassified,sequence_distal_ge21_no_direct_ca,query_to_band_contact_fraction,1,1,0.0,,,False,,
esm2_top28_bilstm_attn,test,-1,unclassified,sequence_distal_ge21_no_direct_ca,query_water_contact_count,1,1,-0.092592587073644,,,False,,
esm2_top28_bilstm_attn,test,-1,unclassified,sequence_distal_ge21_no_direct_ca,reachable_query_water_entry_count,1,1,0.0,,,False,,
esm2_top28_bilstm_attn,test,-1,unclassified,sequence_distal_ge21_no_direct_ca,relative_backbone_orientation_cosine,1,1,0.190898610278964,,,False,,
esm2_top28_bilstm_attn,test,-1,unclassified,sequence_distal_ge21_no_direct_ca,rsa,1,1,0.0529235310714554,,,False,,
esm2_top28_bilstm_attn,test,-1,unclassified,sequence_distal_ge21_no_direct_ca,same_community_as_band_apex,1,1,0.3888888905445735,,,False,,
esm2_top28_bilstm_attn,test,-1,unclassified,sequence_distal_ge21_no_direct_ca,same_community_as_band_majority,1,1,0.3888888905445735,,,False,,
esm2_top28_bilstm_attn,test,-1,unclassified,sequence_distal_ge21_no_direct_ca,same_ecod_domain_as_band_apex,1,1,0.0,,,False,,
esm2_top28_bilstm_attn,test,-1,unclassified,sequence_distal_ge21_no_direct_ca,shared_water_count,1,1,0.0,,,False,,
esm2_top28_bilstm_attn,test,-1,unclassified,sequence_distal_ge21_no_direct_ca,shared_water_fraction_of_band_contacts,1,1,0.0,,,False,,
esm2_top28_bilstm_attn,test,-1,unclassified,sequence_distal_ge21_no_direct_ca,shared_water_fraction_of_query_contacts,1,1,0.0,,,False,,
esm2_top28_bilstm_attn,test,-1,unclassified,sequence_distal_ge21_no_direct_ca,shares_any_ecod_domain_with_band,1,1,0.0,,,False,,
esm2_top28_bilstm_attn,test,-1,unclassified,sequence_distal_ge21_no_direct_ca,shortest_nonlocal_contact_path_edges,1,1,-1.166666587193807,,,False,,
esm2_top28_bilstm_attn,test,-1,unclassified,sequence_distal_ge21_no_direct_ca,shortest_ordinary_contact_path_edges,1,1,-1.307407299677531,,,False,,
esm2_top28_bilstm_attn,test,-1,unclassified,sequence_distal_ge21_no_direct_ca,torsion_change_from_previous,1,1,-37.77093802326504,,,False,,
esm2_top28_bilstm_attn,test,-1,unclassified,sequence_distal_ge21_no_direct_ca,water_path_at_most_1,1,1,0.0,,,False,,
esm2_top28_bilstm_attn,test,-1,unclassified,sequence_distal_ge21_no_direct_ca,water_path_at_most_2,1,1,0.0,,,False,,
esm2_top28_bilstm_attn,test,-1,unclassified,sequence_distal_ge21_no_direct_ca,water_path_at_most_3,1,1,0.0,,,False,,
esm2_top28_bilstm_attn,test,-1,unclassified,sequence_distal_ge21_no_direct_ca,water_path_exists,1,1,0.0,,,False,,
esm2_top28_bilstm_attn,test,-1,unclassified,sequence_distal_ge21_no_direct_ca,water_path_without_direct_ca_contact,1,1,0.0,,,False,,
esm2_top28_bilstm_attn,test,-1,unclassified,sequence_distal_ge21_no_direct_ca,water_path_without_direct_polar_contact,1,1,0.0,,,False,,
esm2_top28_bilstm_attn,test,-1,evidence_dominated,all_eligible_queries,shortest_water_path_water_count,5,6,-0.13333332538604736,,,False,,
esm2_top28_bilstm_attn,test,-1,evidence_dominated,sequence_distal_ge21,shortest_water_path_water_count,4,5,-0.1666666567325592,,,False,,
esm2_top28_bilstm_attn,test,-1,evidence_dominated,sequence_distal_ge21_no_direct_ca,shortest_water_path_water_count,2,2,0.25,,,False,,
esm2_top28_bilstm_attn,test,1,evidence_dominated,all_eligible_queries,shortest_water_path_water_count,1,2,1.0,,,False,,
esm2_top28_bilstm_attn,test,1,evidence_dominated,sequence_distal_ge21,shortest_water_path_water_count,1,2,1.0,,,False,,
esm2_top28_bilstm_attn,train,-1,combined,all_eligible_queries,absolute_backbone_orientation_cosine,644,2462,0.007063321134505516,-0.001818932645814412,0.015945574914825445,True,0.36477403017596316,0.6365821678321678
esm2_top28_bilstm_attn,train,-1,combined,all_eligible_queries,absolute_sequence_separation,647,2472,-1.1701751603857016,-2.19236321097554,-0.14798710979586316,True,0.09862474028783656,0.22536260294542154
esm2_top28_bilstm_attn,train,-1,combined,all_eligible_queries,band_water_contact_count,644,2462,-7.403563268436397e-05,-0.00021941645802088657,7.134519265215865e-05,True,1.0,1.0
esm2_top28_bilstm_attn,train,-1,combined,all_eligible_queries,direct_ca_contact,644,2462,0.10625101761078472,0.09260217355624367,0.11989986166532576,True,3.798148114376168e-54,2.235152617611672e-52
esm2_top28_bilstm_attn,train,-1,combined,all_eligible_queries,direct_putative_polar_contact,644,2462,0.04449042948164772,0.03378637286962499,0.05519448609367045,True,8.236146237220227e-19,1.2303535378985908e-17
esm2_top28_bilstm_attn,train,-1,combined,all_eligible_queries,direct_putative_polar_contact_count,644,2462,0.27024224058811486,0.22938213443630073,0.311102346739929,True,1.4768378319575732e-37,3.2591125791609175e-36
esm2_top28_bilstm_attn,train,-1,combined,all_eligible_queries,disorder,647,2472,-0.018719506199533737,-0.021042506004579627,-0.016396506394487847,True,3.5816642347118883e-131,5.3504553413926825e-129
esm2_top28_bilstm_attn,train,-1,combined,all_eligible_queries,mean_query_contact_water_degree,571,2283,0.007358246851220765,-0.02170477807293142,0.03642127177537295,True,0.7964663711393243,1.0
esm2_top28_bilstm_attn,train,-1,combined,all_eligible_queries,minimum_ca_distance_angstrom,644,2462,-2.5933407878928985,-2.8441558986397117,-2.342525677146085,True,2.4588789895897314e-64,1.768571480660466e-62
esm2_top28_bilstm_attn,train,-1,combined,all_eligible_queries,minimum_heavy_atom_distance_angstrom,644,2462,-2.436885817534497,-2.6823109728127226,-2.191460662256272,True,4.2491672840244185e-56,2.578713395492319e-54
esm2_top28_bilstm_attn,train,-1,combined,all_eligible_queries,minimum_polar_atom_distance_angstrom,644,2461,-2.042578745024275,-2.28467203145442,-1.80048545859413,True,3.9675198402244336e-49,1.7122052288257446e-47
esm2_top28_bilstm_attn,train,-1,combined,all_eligible_queries,neq,647,2472,-0.4221934346566386,-0.44499742320024194,-0.3993894461130353,True,1.0959046745042015e-193,7.094156259623865e-191
esm2_top28_bilstm_attn,train,-1,combined,all_eligible_queries,nonlocal_contact_path_exists,644,2462,0.012870673150056517,0.007936855781488901,0.017804490518624132,True,1.480300261986349e-26,2.589858656556297e-25
esm2_top28_bilstm_attn,train,-1,combined,all_eligible_queries,normalized_query_position,647,2472,0.0002471019431699703,-0.008571495679506642,0.009065699565846583,True,0.5551119982029522,0.8229217561146055
esm2_top28_bilstm_attn,train,-1,combined,all_eligible_queries,one_water_bridge,644,2462,0.002425297814697169,-0.0032304888827864664,0.008081084512180804,True,0.7223513683272716,0.9885879896346452
esm2_top28_bilstm_attn,train,-1,combined,all_eligible_queries,ordinary_contact_path_exists,644,2462,0.0,0.0,0.0,True,1.0,1.0
esm2_top28_bilstm_attn,train,-1,combined,all_eligible_queries,query_distance_to_band_domain_boundary_sequence,643,2455,0.49052673038272704,-0.5186640969625356,1.4997175577279895,True,0.005037132505492639,0.017753378086509446
esm2_top28_bilstm_attn,train,-1,combined,all_eligible_queries,query_distance_to_community_boundary_edges,643,2459,-0.31063571390568645,-0.34697929401765826,-0.27429213379371464,True,8.51796589431541e-49,3.5195510142043673e-47
esm2_top28_bilstm_attn,train,-1,combined,all_eligible_queries,query_distance_to_ecod_boundary_sequence,644,2461,1.3958148328396993,0.45457120997805334,2.3370584557013454,True,2.6930568021888514e-07,1.660290892016111e-06
esm2_top28_bilstm_attn,train,-1,combined,all_eligible_queries,query_in_any_band,647,2472,0.5250456177726647,0.49659206008108475,0.5534991754642445,True,6.979404089329134e-109,7.133685653409041e-107
esm2_top28_bilstm_attn,train,-1,combined,all_eligible_queries,query_to_band_contact_count,644,2462,0.4105917562912966,0.36383344006805407,0.4573500725145391,True,1.920057356440983e-79,1.4915005544833558e-77
esm2_top28_bilstm_attn,train,-1,combined,all_eligible_queries,query_to_band_contact_fraction,644,2462,0.07259003080629654,0.06380291112781772,0.08137715048477537,True,4.333702594568672e-81,3.506687682771818e-79
esm2_top28_bilstm_attn,train,-1,combined,all_eligible_queries,query_water_contact_count,644,2462,-0.29767923522083717,-0.3365679966837878,-0.25879047375788655,True,1.1110097577359961e-51,5.393952373808261e-50
esm2_top28_bilstm_attn,train,-1,combined,all_eligible_queries,reachable_query_water_entry_count,644,2462,-0.0008699668376826359,-0.01192033294568472,0.010180399270319447,True,0.44973945612579885,0.7183418367346939
esm2_top28_bilstm_attn,train,-1,combined,all_eligible_queries,relative_backbone_orientation_cosine,644,2462,0.021459120283424477,0.002466736631327203,0.04045150393552175,True,0.36477403017596316,0.6365821678321678
esm2_top28_bilstm_attn,train,-1,combined,all_eligible_queries,rsa,647,2472,-0.1455683656380135,-0.15333666377749408,-0.13780006749853294,True,1.4889151876226285e-126,1.700866643743026e-124
esm2_top28_bilstm_attn,train,-1,combined,all_eligible_queries,same_community_as_band_apex,644,2462,0.028554817868494002,0.013700601153605751,0.04340903458338225,True,0.04559411384052521,0.11901044230954295
esm2_top28_bilstm_attn,train,-1,combined,all_eligible_queries,same_community_as_band_majority,631,2290,0.024627737770077915,0.0095016020444998,0.03975387349565603,True,0.02607308796662188,0.07512453535783338
esm2_top28_bilstm_attn,train,-1,combined,all_eligible_queries,same_ecod_domain_as_band_apex,643,2454,0.006391678569818144,-0.000735830215082005,0.013519187354718291,True,0.45065405836765193,0.7183418367346939
esm2_top28_bilstm_attn,train,-1,combined,all_eligible_queries,shared_water_count,644,2462,0.0008370070879091506,-0.007084854758648815,0.008758868934467116,True,0.5536928602578843,0.8214450226285801
esm2_top28_bilstm_attn,train,-1,combined,all_eligible_queries,shared_water_fraction_of_band_contacts,644,2462,0.00125848674706591,-0.0005693681817359067,0.0030863416758677266,True,0.5536928602578843,0.8214450226285801
esm2_top28_bilstm_attn,train,-1,combined,all_eligible_queries,shared_water_fraction_of_query_contacts,644,2462,0.0012513597109721426,-0.002705597967318691,0.0052083173892629765,True,0.6356632540398598,0.9083576448457746
esm2_top28_bilstm_attn,train,-1,combined,all_eligible_queries,shares_any_ecod_domain_with_band,643,2455,0.006301098984974696,-0.0007860308845094813,0.013388228854458874,True,0.5296317927438366,0.8006320492430726
esm2_top28_bilstm_attn,train,-1,combined,all_eligible_queries,shortest_nonlocal_contact_path_edges,643,2457,-0.49435478503984076,-0.5477326773592316,-0.44097689272045,True,2.0654661948795273e-49,9.116216705581914e-48
esm2_top28_bilstm_attn,train,-1,combined,all_eligible_queries,shortest_ordinary_contact_path_edges,644,2462,-0.477587163971491,-0.5316088431331563,-0.42356548480982564,True,3.5596506969919194e-50,1.645914679418645e-48
esm2_top28_bilstm_attn,train,-1,combined,all_eligible_queries,shortest_water_path_water_count,62,80,-0.22096977951706095,-0.4388718004442508,-0.0030677585898711,True,0.09887174959294498,0.22536260294542154
esm2_top28_bilstm_attn,train,-1,combined,all_eligible_queries,torsion_change_from_previous,647,2472,-37.72036725492165,-39.703412389976144,-35.73732211986715,True,1.3133761758096259e-163,2.5505765334222934e-161
esm2_top28_bilstm_attn,train,-1,combined,all_eligible_queries,water_path_at_most_1,644,2462,0.002425297814697169,-0.0032304888827864664,0.008081084512180804,True,0.7223513683272716,0.9885879896346452
esm2_top28_bilstm_attn,train,-1,combined,all_eligible_queries,water_path_at_most_2,644,2462,0.002404228670447932,-0.0037118984071477148,0.008520355748043579,True,0.5146220241741408,0.7850714618587443
esm2_top28_bilstm_attn,train,-1,combined,all_eligible_queries,water_path_at_most_3,644,2462,0.0022758466009819246,-0.003955710184282402,0.00850740338624625,True,0.7869235462855229,1.0
esm2_top28_bilstm_attn,train,-1,combined,all_eligible_queries,water_path_exists,644,2462,0.0021860695450051067,-0.004068463743598933,0.008440602833609145,True,0.6658332919701507,0.939715300149733
esm2_top28_bilstm_attn,train,-1,combined,all_eligible_queries,water_path_without_direct_ca_contact,644,2462,-0.0030499763390704256,-0.0047160968353629935,-0.0013838558427778573,True,2.764856948559195e-07,1.6991620867411253e-06
esm2_top28_bilstm_attn,train,-1,combined,all_eligible_queries,water_path_without_direct_polar_contact,644,2462,-0.004131440040980381,-0.007410842788279507,-0.0008520372936812542,True,3.6224415726235927e-06,2.0390671113144976e-05
esm2_top28_bilstm_attn,train,-1,combined,sequence_distal_ge21,absolute_backbone_orientation_cosine,611,2403,-0.0029390856838331886,-0.011686289714698421,0.005808118347032043,True,0.19542355221653343,0.388844813939045
esm2_top28_bilstm_attn,train,-1,combined,sequence_distal_ge21,absolute_sequence_separation,613,2412,-2.3489892142843485,-3.6461047253421626,-1.0518737032265344,True,0.0021181547957188542,0.008293259300979869
esm2_top28_bilstm_attn,train,-1,combined,sequence_distal_ge21,band_water_contact_count,611,2403,0.0,0.0,0.0,True,1.0,1.0
esm2_top28_bilstm_attn,train,-1,combined,sequence_distal_ge21,direct_ca_contact,611,2403,0.053674084993671226,0.04160012466023996,0.06574804532710249,True,2.475919410841879e-26,4.255075660048609e-25
esm2_top28_bilstm_attn,train,-1,combined,sequence_distal_ge21,direct_putative_polar_contact,611,2403,-0.004627623217788068,-0.00893953298476199,-0.000315713450814146,True,0.11808416554409987,0.26358557412257694
esm2_top28_bilstm_attn,train,-1,combined,sequence_distal_ge21,direct_putative_polar_contact_count,611,2403,-0.00417892942550115,-0.008731319600055396,0.00037346074905309553,True,0.0806935432449588,0.18880344696591564
esm2_top28_bilstm_attn,train,-1,combined,sequence_distal_ge21,disorder,613,2412,-0.01941554718487768,-0.022020755243262656,-0.016810339126492706,True,1.3193008888692354e-126,1.6013014538650345e-124
esm2_top28_bilstm_attn,train,-1,combined,sequence_distal_ge21,mean_query_contact_water_degree,547,2231,0.007994622909005865,-0.022527998972838928,0.03851724479085066,True,0.510709446350038,0.781444782222425
esm2_top28_bilstm_attn,train,-1,combined,sequence_distal_ge21,minimum_ca_distance_angstrom,611,2403,-2.7057822112741796,-3.0243758126102227,-2.3871886099381365,True,3.7902223248440407e-47,1.44325720683277e-45
esm2_top28_bilstm_attn,train,-1,combined,sequence_distal_ge21,minimum_heavy_atom_distance_angstrom,611,2403,-2.6238383581399574,-2.936250942171292,-2.311425774108623,True,2.5049621681758428e-43,8.107727550995811e-42
esm2_top28_bilstm_attn,train,-1,combined,sequence_distal_ge21,minimum_polar_atom_distance_angstrom,611,2402,-2.3165682780261885,-2.6270414374783058,-2.006095118574071,True,2.8494577978131376e-36,6.080930816871553e-35
esm2_top28_bilstm_attn,train,-1,combined,sequence_distal_ge21,neq,613,2412,-0.4374804551280166,-0.46191523090415904,-0.41304567935187414,True,9.413749473058141e-184,3.656300295335782e-181
esm2_top28_bilstm_attn,train,-1,combined,sequence_distal_ge21,nonlocal_contact_path_exists,611,2403,0.014333108888856218,0.008182146892280712,0.020484070885431725,True,1.9781092876300357e-25,3.2012401971479412e-24
esm2_top28_bilstm_attn,train,-1,combined,sequence_distal_ge21,normalized_query_position,613,2412,-0.004302696143685047,-0.01497190333000762,0.006366511042637526,True,0.8716704426354307,1.0
esm2_top28_bilstm_attn,train,-1,combined,sequence_distal_ge21,one_water_bridge,611,2403,-0.0036994510912222423,-0.008335457522237941,0.0009365553397934563,True,0.019701207629429913,0.05950193657286608
esm2_top28_bilstm_attn,train,-1,combined,sequence_distal_ge21,ordinary_contact_path_exists,611,2403,0.0,0.0,0.0,True,1.0,1.0
esm2_top28_bilstm_attn,train,-1,combined,sequence_distal_ge21,query_distance_to_band_domain_boundary_sequence,610,2396,-0.0307425915944565,-1.275646467083335,1.2141612838944218,True,0.03179594562687372,0.08758542752821101
esm2_top28_bilstm_attn,train,-1,combined,sequence_distal_ge21,query_distance_to_community_boundary_edges,610,2402,-0.3328694189268859,-0.37366001032897195,-0.2920788275247998,True,1.848129532576122e-42,5.431890775950416e-41
esm2_top28_bilstm_attn,train,-1,combined,sequence_distal_ge21,query_distance_to_ecod_boundary_sequence,611,2402,1.427648995502312,0.3105301656954915,2.5447678253091324,True,1.1861617404335385e-05,6.380958725545517e-05
esm2_top28_bilstm_attn,train,-1,combined,sequence_distal_ge21,query_in_any_band,613,2412,0.5873319574189304,0.5575098379025449,0.6171540769353159,True,1.3631050558276963e-104,1.260547627817803e-102
esm2_top28_bilstm_attn,train,-1,combined,sequence_distal_ge21,query_to_band_contact_count,611,2403,0.08662752018473802,0.06198769534998237,0.11126734501949366,True,4.296144038117089e-21,6.674489377618709e-20
esm2_top28_bilstm_attn,train,-1,combined,sequence_distal_ge21,query_to_band_contact_fraction,611,2403,0.011676861646235394,0.008096783279376896,0.01525694001309389,True,4.296144038117089e-21,6.674489377618709e-20
esm2_top28_bilstm_attn,train,-1,combined,sequence_distal_ge21,query_water_contact_count,611,2403,-0.3025802634525569,-0.3375703358875428,-0.267590191017571,True,1.1168644025296826e-56,6.996615063589174e-55
esm2_top28_bilstm_attn,train,-1,combined,sequence_distal_ge21,reachable_query_water_entry_count,611,2403,-0.008236794373629192,-0.019321126269421403,0.0028475375221630166,True,0.0003837580553287171,0.0017494322616158887
esm2_top28_bilstm_attn,train,-1,combined,sequence_distal_ge21,relative_backbone_orientation_cosine,611,2403,0.033194184822654564,0.013457373679313777,0.05293099596599535,True,0.8714624597085295,1.0
esm2_top28_bilstm_attn,train,-1,combined,sequence_distal_ge21,rsa,613,2412,-0.14836939478411204,-0.15566678151886154,-0.14107200804936254,True,1.3193008888692354e-126,1.6013014538650345e-124
esm2_top28_bilstm_attn,train,-1,combined,sequence_distal_ge21,same_community_as_band_apex,611,2403,0.021268608180331803,0.006495048855940731,0.036042167504722875,True,0.019478350228921415,0.05928989991311189
esm2_top28_bilstm_attn,train,-1,combined,sequence_distal_ge21,same_community_as_band_majority,598,2237,0.023347540558417593,0.009333272590433409,0.03736180852640178,True,0.022365968973508635,0.06561134704917487
esm2_top28_bilstm_attn,train,-1,combined,sequence_distal_ge21,same_ecod_domain_as_band_apex,610,2395,0.007777696038606704,-0.0011427276726008089,0.01669811974981422,True,0.8999710420105743,1.0
esm2_top28_bilstm_attn,train,-1,combined,sequence_distal_ge21,shared_water_count,611,2403,-0.006023696886091631,-0.013521583285029254,0.0014741895128459921,True,0.006260253127719949,0.021748500132436746
esm2_top28_bilstm_attn,train,-1,combined,sequence_distal_ge21,shared_water_fraction_of_band_contacts,611,2403,-0.0009767568702511457,-0.0020218470415128455,6.8333301010554e-05,True,0.009328368045545963,0.031056419600788344
esm2_top28_bilstm_attn,train,-1,combined,sequence_distal_ge21,shared_water_fraction_of_query_contacts,611,2403,-0.0030207329817152372,-0.006233910209800807,0.00019244424637033294,True,0.019701207629429913,0.05950193657286608
esm2_top28_bilstm_attn,train,-1,combined,sequence_distal_ge21,shares_any_ecod_domain_with_band,610,2396,0.008064002050809324,-0.0008414538077932219,0.016969457909411872,True,0.8999710420105743,1.0
esm2_top28_bilstm_attn,train,-1,combined,sequence_distal_ge21,shortest_nonlocal_contact_path_edges,608,2398,-0.5448633511762374,-0.6113853630342801,-0.47834133931819467,True,2.4058510542564497e-42,6.87082756965592e-41
esm2_top28_bilstm_attn,train,-1,combined,sequence_distal_ge21,shortest_ordinary_contact_path_edges,610,2402,-0.5247435814391426,-0.5939970034294155,-0.4554901594488696,True,8.052603441169941e-41,2.0309293354223412e-39
esm2_top28_bilstm_attn,train,-1,combined,sequence_distal_ge21,shortest_water_path_water_count,53,67,-0.19182390087055706,-0.43659846161945204,0.05295065987833791,True,0.47312965989112854,0.7433800966897829
esm2_top28_bilstm_attn,train,-1,combined,sequence_distal_ge21,torsion_change_from_previous,613,2412,-36.94052943581369,-38.87773710827595,-35.00332176335142,True,1.4661844395440712e-158,2.372775151328822e-156
esm2_top28_bilstm_attn,train,-1,combined,sequence_distal_ge21,water_path_at_most_1,611,2403,-0.0036994510912222423,-0.008335457522237941,0.0009365553397934563,True,0.019701207629429913,0.05950193657286608
esm2_top28_bilstm_attn,train,-1,combined,sequence_distal_ge21,water_path_at_most_2,611,2403,-0.005043480589765535,-0.010077638936391914,-9.322243139157221e-06,True,0.015328293148918495,0.048323937167532006
esm2_top28_bilstm_attn,train,-1,combined,sequence_distal_ge21,water_path_at_most_3,611,2403,-0.005048637994193237,-0.010121794631004903,2.451864261842837e-05,True,0.0020857431584316776,0.008182854977119835
esm2_top28_bilstm_attn,train,-1,combined,sequence_distal_ge21,water_path_exists,611,2403,-0.005191317961327164,-0.010279400658096516,-0.00010323526455781069,True,0.0014349934752858529,0.005891664543351219
esm2_top28_bilstm_attn,train,-1,combined,sequence_distal_ge21,water_path_without_direct_ca_contact,611,2403,-0.0011975560672470844,-0.0032652340172062604,0.0008701218827120915,True,0.0022794385018057297,0.008906779819933052
esm2_top28_bilstm_attn,train,-1,combined,sequence_distal_ge21,water_path_without_direct_polar_contact,611,2403,-0.0022286262439012677,-0.005897491037149477,0.0014402385493469411,True,0.009956010616611907,0.03288192622017062
esm2_top28_bilstm_attn,train,-1,combined,sequence_distal_ge21_no_direct_ca,absolute_backbone_orientation_cosine,605,2395,-0.003481358200971271,-0.01263220790101857,0.0056694914990760275,True,0.935203047508782,1.0
esm2_top28_bilstm_attn,train,-1,combined,sequence_distal_ge21_no_direct_ca,absolute_sequence_separation,605,2395,-2.1299537206083676,-3.4498734151262807,-0.8100340260904546,True,0.028051156205070208,0.07952605160619904
esm2_top28_bilstm_attn,train,-1,combined,sequence_distal_ge21_no_direct_ca,band_water_contact_count,605,2395,0.0,0.0,0.0,True,1.0,1.0
esm2_top28_bilstm_attn,train,-1,combined,sequence_distal_ge21_no_direct_ca,direct_ca_contact,605,2395,0.0,0.0,0.0,True,1.0,1.0
esm2_top28_bilstm_attn,train,-1,combined,sequence_distal_ge21_no_direct_ca,direct_putative_polar_contact,605,2395,-0.0015692089513176853,-0.004430650167258328,0.0012922322646229574,True,0.029445975067516457,0.08183727408867324
esm2_top28_bilstm_attn,train,-1,combined,sequence_distal_ge21_no_direct_ca,direct_putative_polar_contact_count,605,2395,-0.0008964472779995607,-0.004229272248623395,0.002436377692624274,True,0.029445975067516457,0.08183727408867324
esm2_top28_bilstm_attn,train,-1,combined,sequence_distal_ge21_no_direct_ca,disorder,605,2395,-0.019327592832106735,-0.02189486568655237,-0.0167603199776611,True,4.75157563999706e-128,6.591114209195923e-126
esm2_top28_bilstm_attn,train,-1,combined,sequence_distal_ge21_no_direct_ca,mean_query_contact_water_degree,540,2211,0.008123560581156654,-0.023293615941028842,0.03954073710334215,True,0.6914275004280569,0.9584241297867856
esm2_top28_bilstm_attn,train,-1,combined,sequence_distal_ge21_no_direct_ca,minimum_ca_distance_angstrom,605,2395,-2.611686350490152,-2.9299581627915052,-2.293414538188799,True,1.136300090403219e-41,3.0538447523770366e-40
esm2_top28_bilstm_attn,train,-1,combined,sequence_distal_ge21_no_direct_ca,minimum_heavy_atom_distance_angstrom,605,2395,-2.5608426569243057,-2.8763864140867152,-2.245298899761896,True,1.292593475683297e-39,3.0243572647915216e-38
esm2_top28_bilstm_attn,train,-1,combined,sequence_distal_ge21_no_direct_ca,minimum_polar_atom_distance_angstrom,605,2394,-2.285722935360174,-2.6009367821316274,-1.9705090885887209,True,2.3165473150472966e-33,4.637871016311185e-32
esm2_top28_bilstm_attn,train,-1,combined,sequence_distal_ge21_no_direct_ca,neq,605,2395,-0.4285733863976693,-0.45282641515898336,-0.4043203576363552,True,2.409919865102884e-181,6.685806254328287e-179
esm2_top28_bilstm_attn,train,-1,combined,sequence_distal_ge21_no_direct_ca,nonlocal_contact_path_exists,605,2395,0.014769948729360998,0.008519284121517982,0.021020613337204015,True,1.9781092876300357e-25,3.2012401971479412e-24
esm2_top28_bilstm_attn,train,-1,combined,sequence_distal_ge21_no_direct_ca,normalized_query_position,605,2395,-0.00403235803404843,-0.014855698325827539,0.006790982257730679,True,0.3291972814496428,0.5913978913739188
esm2_top28_bilstm_attn,train,-1,combined,sequence_distal_ge21_no_direct_ca,one_water_bridge,605,2395,0.00047073153949338394,-0.0029755193160527268,0.0039169823950394944,True,0.10036570149746177,0.22796513720242192
esm2_top28_bilstm_attn,train,-1,combined,sequence_distal_ge21_no_direct_ca,ordinary_contact_path_exists,605,2395,0.0,0.0,0.0,True,1.0,1.0
esm2_top28_bilstm_attn,train,-1,combined,sequence_distal_ge21_no_direct_ca,query_distance_to_band_domain_boundary_sequence,604,2388,0.05385920534409184,-1.21103962303287,1.3187580337210536,True,0.055734597779746174,0.14222942035251915
esm2_top28_bilstm_attn,train,-1,combined,sequence_distal_ge21_no_direct_ca,query_distance_to_community_boundary_edges,604,2394,-0.3399231624388924,-0.38222486306087694,-0.2976214618169079,True,1.6270050314594454e-41,4.269788879857085e-40
esm2_top28_bilstm_attn,train,-1,combined,sequence_distal_ge21_no_direct_ca,query_distance_to_ecod_boundary_sequence,605,2394,1.432193702688433,0.2986173185435568,2.565770086833309,True,2.253819831309482e-05,0.00011797622944482518
esm2_top28_bilstm_attn,train,-1,combined,sequence_distal_ge21_no_direct_ca,query_in_any_band,605,2395,0.5940852157889759,0.5642394046309576,0.6239310269469942,True,1.0076588086608612e-105,9.784367032096964e-104
esm2_top28_bilstm_attn,train,-1,combined,sequence_distal_ge21_no_direct_ca,query_to_band_contact_count,605,2395,0.0,0.0,0.0,True,1.0,1.0
esm2_top28_bilstm_attn,train,-1,combined,sequence_distal_ge21_no_direct_ca,query_to_band_contact_fraction,605,2395,0.0,0.0,0.0,True,1.0,1.0
esm2_top28_bilstm_attn,train,-1,combined,sequence_distal_ge21_no_direct_ca,query_water_contact_count,605,2395,-0.2614817289783974,-0.2995900262183202,-0.22337343173847454,True,6.87390123799198e-43,2.1530832587387783e-41
esm2_top28_bilstm_attn,train,-1,combined,sequence_distal_ge21_no_direct_ca,reachable_query_water_entry_count,605,2395,0.0007550780648763374,-0.006029232366670551,0.007539388496423226,True,0.005685155996750306,0.019892924226466838
esm2_top28_bilstm_attn,train,-1,combined,sequence_distal_ge21_no_direct_ca,relative_backbone_orientation_cosine,605,2395,0.03379078914618232,0.01338915843824932,0.05419241985411531,True,0.515407659093708,0.7856528053061075
esm2_top28_bilstm_attn,train,-1,combined,sequence_distal_ge21_no_direct_ca,rsa,605,2395,-0.14242432365935825,-0.15014949449991538,-0.13469915281880113,True,2.0771202919110417e-124,2.2409820038284685e-122
esm2_top28_bilstm_attn,train,-1,combined,sequence_distal_ge21_no_direct_ca,same_community_as_band_apex,605,2395,0.012975033203315969,-0.0005125311166764256,0.026462597523308363,True,0.3266297519196232,0.5884306486057285
esm2_top28_bilstm_attn,train,-1,combined,sequence_distal_ge21_no_direct_ca,same_community_as_band_majority,592,2229,0.01466138685538294,0.0016484494311399776,0.027674324279625902,True,0.3178103262386046,0.5741280498189489
esm2_top28_bilstm_attn,train,-1,combined,sequence_distal_ge21_no_direct_ca,same_ecod_domain_as_band_apex,604,2387,0.006338797494602034,-0.002905595548997441,0.015583190538201508,True,0.8999710420105743,1.0
esm2_top28_bilstm_attn,train,-1,combined,sequence_distal_ge21_no_direct_ca,shared_water_count,605,2395,0.0003077110829031592,-0.003153988237902202,0.0037694104037085206,True,0.06925958718203146,0.1691850544748492
esm2_top28_bilstm_attn,train,-1,combined,sequence_distal_ge21_no_direct_ca,shared_water_fraction_of_band_contacts,605,2395,0.0001873424497949577,-0.000518259407305207,0.0008929443068951225,True,0.046528195951524576,0.12128557924545064
esm2_top28_bilstm_attn,train,-1,combined,sequence_distal_ge21_no_direct_ca,shared_water_fraction_of_query_contacts,605,2395,-0.00040078584553679506,-0.0019101936439377331,0.0011086219528641432,True,0.06925958718203146,0.1691850544748492
esm2_top28_bilstm_attn,train,-1,combined,sequence_distal_ge21_no_direct_ca,shares_any_ecod_domain_with_band,604,2388,0.0066167860337949785,-0.002616548913122069,0.015850120980712028,True,0.8015050364897321,1.0
esm2_top28_bilstm_attn,train,-1,combined,sequence_distal_ge21_no_direct_ca,shortest_nonlocal_contact_path_edges,602,2390,-0.4875339057667595,-0.5527307863868398,-0.42233702514667915,True,1.03772197044306e-35,2.190495724565677e-34
esm2_top28_bilstm_attn,train,-1,combined,sequence_distal_ge21_no_direct_ca,shortest_ordinary_contact_path_edges,604,2394,-0.4824619566564177,-0.550318246274314,-0.4146056670385214,True,2.296081515644841e-41,5.867092504450369e-40
esm2_top28_bilstm_attn,train,-1,combined,sequence_distal_ge21_no_direct_ca,torsion_change_from_previous,605,2395,-36.70836935791496,-38.573347145148496,-34.843391570681426,True,1.3944862316236958e-159,2.4619020561938335e-157
esm2_top28_bilstm_attn,train,-1,combined,sequence_distal_ge21_no_direct_ca,water_path_at_most_1,605,2395,0.00047073153949338394,-0.0029755193160527268,0.0039169823950394944,True,0.10036570149746177,0.22796513720242192
esm2_top28_bilstm_attn,train,-1,combined,sequence_distal_ge21_no_direct_ca,water_path_at_most_2,605,2395,0.00014008999250652755,-0.0034362324965124254,0.00371641248152548,True,0.02276760335388077,0.06648824919283677
esm2_top28_bilstm_attn,train,-1,combined,sequence_distal_ge21_no_direct_ca,water_path_at_most_3,605,2395,-3.790307577022005e-05,-0.003637255573199699,0.0035614494216592587,True,0.0024130696780797103,0.009297978799267454
esm2_top28_bilstm_attn,train,-1,combined,sequence_distal_ge21_no_direct_ca,water_path_exists,605,2395,-0.000250890208101197,-0.003875192295158151,0.003373411878955757,True,0.0036349479525299325,0.013145379746393165
esm2_top28_bilstm_attn,train,-1,combined,sequence_distal_ge21_no_direct_ca,water_path_without_direct_ca_contact,605,2395,-0.000250890208101197,-0.003875192295158151,0.003373411878955757,True,0.0036349479525299325,0.013145379746393165
esm2_top28_bilstm_attn,train,-1,combined,sequence_distal_ge21_no_direct_ca,water_path_without_direct_polar_contact,605,2395,-1.4005916093426684e-06,-0.003591505031698579,0.003588703848479894,True,0.004324802861177768,0.015382357429317263
esm2_top28_bilstm_attn,train,-1,evidence_dominated,all_eligible_queries,absolute_backbone_orientation_cosine,212,375,0.013052655998952119,-0.0038062949563779855,0.029911606954282223,True,0.14904939298848272,0.31090646743677064
esm2_top28_bilstm_attn,train,-1,evidence_dominated,all_eligible_queries,absolute_sequence_separation,213,379,-0.962932702194597,-3.383064382570854,1.45719897818166,True,0.0395733228625163,0.10542029217970736
esm2_top28_bilstm_attn,train,-1,evidence_dominated,all_eligible_queries,band_water_contact_count,212,375,0.0,0.0,0.0,True,1.0,1.0
esm2_top28_bilstm_attn,train,-1,evidence_dominated,all_eligible_queries,direct_ca_contact,212,375,0.05903333907727326,0.0371305584710174,0.08093611968352912,True,7.45396190732802e-07,4.399876603048941e-06
esm2_top28_bilstm_attn,train,-1,evidence_dominated,all_eligible_queries,direct_putative_polar_contact,212,375,0.033464289646498335,0.017735923922010212,0.04919265537098646,True,0.14179337454474714,0.3019328216731348
esm2_top28_bilstm_attn,train,-1,evidence_dominated,all_eligible_queries,direct_putative_polar_contact_count,212,375,0.1712003550896461,0.10702635512805697,0.23537435505123522,True,0.006637120515926128,0.022732430409045046
esm2_top28_bilstm_attn,train,-1,evidence_dominated,all_eligible_queries,disorder,213,379,-0.009147283610019869,-0.014196939569023608,-0.004097627651016129,True,1.9394243841929104e-26,3.36282335187735e-25
esm2_top28_bilstm_attn,train,-1,evidence_dominated,all_eligible_queries,mean_query_contact_water_degree,201,358,0.01936702228644835,-0.025557101494740303,0.064291146067637,True,0.7711746227039278,1.0
esm2_top28_bilstm_attn,train,-1,evidence_dominated,all_eligible_queries,minimum_ca_distance_angstrom,212,375,-2.000118253839412,-2.5547167438511997,-1.4455197638276247,True,2.1870831434341216e-12,2.178110494640546e-11
esm2_top28_bilstm_attn,train,-1,evidence_dominated,all_eligible_queries,minimum_heavy_atom_distance_angstrom,212,375,-1.8837699304320263,-2.427990575373167,-1.3395492854908855,True,6.172185188355255e-12,5.7626844402816853e-11
esm2_top28_bilstm_attn,train,-1,evidence_dominated,all_eligible_queries,minimum_polar_atom_distance_angstrom,212,375,-1.5769969446195315,-2.1137371095767445,-1.0402567796623183,True,7.773391697405579e-10,6.087067208210336e-09
esm2_top28_bilstm_attn,train,-1,evidence_dominated,all_eligible_queries,neq,213,379,-0.4236943740232603,-0.45016380511069926,-0.3972249429358214,True,6.077163357286271e-64,4.214946871374978e-62
esm2_top28_bilstm_attn,train,-1,evidence_dominated,all_eligible_queries,nonlocal_contact_path_exists,212,375,0.008203522094412982,0.0008620334740404578,0.015545010714785507,True,1.9067358802971057e-11,1.7222702695520833e-10
esm2_top28_bilstm_attn,train,-1,evidence_dominated,all_eligible_queries,normalized_query_position,213,379,-0.002962012375541075,-0.01851720211339975,0.012593177362317602,True,1.0,1.0
esm2_top28_bilstm_attn,train,-1,evidence_dominated,all_eligible_queries,one_water_bridge,212,375,-0.005741421800653031,-0.011032676930497627,-0.00045016667080843495,True,0.0024442284992149655,0.009380813726236092
esm2_top28_bilstm_attn,train,-1,evidence_dominated,all_eligible_queries,ordinary_contact_path_exists,212,375,0.0,0.0,0.0,True,1.0,1.0
esm2_top28_bilstm_attn,train,-1,evidence_dominated,all_eligible_queries,query_distance_to_band_domain_boundary_sequence,212,374,0.23928406002600786,-2.003431900633603,2.4820000206856188,True,0.5365946370622454,0.8078037094378919
esm2_top28_bilstm_attn,train,-1,evidence_dominated,all_eligible_queries,query_distance_to_community_boundary_edges,212,375,-0.2505733759327746,-0.3185621931442199,-0.18258455872132934,True,2.8867189806965506e-11,2.595374194681806e-10
esm2_top28_bilstm_attn,train,-1,evidence_dominated,all_eligible_queries,query_distance_to_ecod_boundary_sequence,212,375,1.5877779720043055,-0.3008854538151835,3.4764413978237947,True,0.033001506028344105,0.09052108009469528
esm2_top28_bilstm_attn,train,-1,evidence_dominated,all_eligible_queries,query_in_any_band,213,379,0.4121848952937868,0.35585702299729716,0.4685127675902765,True,9.791212508603905e-15,1.2111168593445085e-13
esm2_top28_bilstm_attn,train,-1,evidence_dominated,all_eligible_queries,query_to_band_contact_count,212,375,0.26153911499445914,0.18397177084139305,0.33910645914752524,True,5.758301002888664e-10,4.583041208036797e-09
esm2_top28_bilstm_attn,train,-1,evidence_dominated,all_eligible_queries,query_to_band_contact_fraction,212,375,0.04671198317781211,0.031883055900846814,0.06154091045477741,True,5.758301002888664e-10,4.583041208036797e-09
esm2_top28_bilstm_attn,train,-1,evidence_dominated,all_eligible_queries,query_water_contact_count,212,375,-0.29233835221342985,-0.35820493645624546,-0.22647176797061425,True,1.8225893818611728e-17,2.661254571108569e-16
esm2_top28_bilstm_attn,train,-1,evidence_dominated,all_eligible_queries,reachable_query_water_entry_count,212,375,-0.007739741472393431,-0.018334171037487475,0.0028546880927006104,True,0.0019243477775263038,0.0076111677880979275
esm2_top28_bilstm_attn,train,-1,evidence_dominated,all_eligible_queries,relative_backbone_orientation_cosine,212,375,-0.00918696801996237,-0.0431529950752735,0.024779059035348765,True,0.6307898865914242,0.9020574077765433
esm2_top28_bilstm_attn,train,-1,evidence_dominated,all_eligible_queries,rsa,213,379,-0.13469234163129912,-0.1472589444808449,-0.12212573878175334,True,6.390699216487651e-42,1.7729625540598598e-40
esm2_top28_bilstm_attn,train,-1,evidence_dominated,all_eligible_queries,same_community_as_band_apex,212,375,0.02500173449474179,-0.002477420314676758,0.05248088930416034,True,0.6078857641460884,0.879667774941657
esm2_top28_bilstm_attn,train,-1,evidence_dominated,all_eligible_queries,same_community_as_band_majority,199,345,0.023733665581417148,-0.0038105500740602018,0.0512778812368945,True,0.8221669881349827,1.0
esm2_top28_bilstm_attn,train,-1,evidence_dominated,all_eligible_queries,same_ecod_domain_as_band_apex,212,374,0.013216574659859594,-0.0006694134531320377,0.027102562772851224,True,0.20311681873649565,0.4020926218004838
esm2_top28_bilstm_attn,train,-1,evidence_dominated,all_eligible_queries,shared_water_count,212,375,-0.005008193294636375,-0.01274346864001656,0.002727082050743809,True,0.005228243004014281,0.018360303641583604
esm2_top28_bilstm_attn,train,-1,evidence_dominated,all_eligible_queries,shared_water_fraction_of_band_contacts,212,375,-0.0016486539571233425,-0.0032518402365615583,-4.546767768512654e-05,True,0.005228243004014281,0.018360303641583604
esm2_top28_bilstm_attn,train,-1,evidence_dominated,all_eligible_queries,shared_water_fraction_of_query_contacts,212,375,-0.004647500306142482,-0.008135655622508033,-0.001159344989776931,True,0.00044964797164381224,0.0020307357230983335
esm2_top28_bilstm_attn,train,-1,evidence_dominated,all_eligible_queries,shares_any_ecod_domain_with_band,212,374,0.012337402325289088,-0.0014611070403509376,0.026135911690929114,True,0.2407931245390016,0.46622158310542483
esm2_top28_bilstm_attn,train,-1,evidence_dominated,all_eligible_queries,shortest_nonlocal_contact_path_edges,212,375,-0.3686665272073417,-0.48768469976246087,-0.24964835465222257,True,4.910627932872263e-07,2.9708534098560544e-06
esm2_top28_bilstm_attn,train,-1,evidence_dominated,all_eligible_queries,shortest_ordinary_contact_path_edges,212,375,-0.32832426723682995,-0.44249368995812877,-0.2141548445155311,True,4.784909851595736e-08,3.128718832255529e-07
esm2_top28_bilstm_attn,train,-1,evidence_dominated,all_eligible_queries,torsion_change_from_previous,213,379,-33.37918990933422,-36.09710893742785,-30.661270881240593,True,1.889655025606247e-53,1.0484885884935232e-51
esm2_top28_bilstm_attn,train,-1,evidence_dominated,all_eligible_queries,water_path_at_most_1,212,375,-0.005741421800653031,-0.011032676930497627,-0.00045016667080843495,True,0.0024442284992149655,0.009380813726236092
esm2_top28_bilstm_attn,train,-1,evidence_dominated,all_eligible_queries,water_path_at_most_2,212,375,-0.0046099399779969946,-0.012095282893040255,0.002875402937046267,True,0.0018240286456271994,0.007288608291786051
esm2_top28_bilstm_attn,train,-1,evidence_dominated,all_eligible_queries,water_path_at_most_3,212,375,-0.004905847433792211,-0.012714099125416895,0.002902404257832474,True,0.0017127644224002386,0.006900806033820049
esm2_top28_bilstm_attn,train,-1,evidence_dominated,all_eligible_queries,water_path_exists,212,375,-0.006093956642152346,-0.014324373206438779,0.0021364599221340864,True,0.0009246444117719317,0.003955197021279937
esm2_top28_bilstm_attn,train,-1,evidence_dominated,all_eligible_queries,water_path_without_direct_ca_contact,212,375,-0.0037487195819309736,-0.007507373607253648,9.93444339170103e-06,True,0.009073340339587174,0.030380046447376366
esm2_top28_bilstm_attn,train,-1,evidence_dominated,all_eligible_queries,water_path_without_direct_polar_contact,212,375,-0.00955570541915848,-0.014908715759684221,-0.004202695078632739,True,1.4836899336372366e-05,7.915730360229433e-05
esm2_top28_bilstm_attn,train,-1,evidence_dominated,sequence_distal_ge21,absolute_backbone_orientation_cosine,203,363,0.0014826597842644246,-0.015287194904039205,0.018252514472568055,True,0.7789880814174097,1.0
esm2_top28_bilstm_attn,train,-1,evidence_dominated,sequence_distal_ge21,absolute_sequence_separation,205,368,-2.018865845588842,-4.90848463750541,0.8707529463277259,True,0.01735109046314736,0.05417334032063051
esm2_top28_bilstm_attn,train,-1,evidence_dominated,sequence_distal_ge21,band_water_contact_count,203,363,0.0,0.0,0.0,True,1.0,1.0
esm2_top28_bilstm_attn,train,-1,evidence_dominated,sequence_distal_ge21,direct_ca_contact,203,363,0.037854879300635594,0.01572312565795283,0.05998663294331836,True,0.01395733412484244,0.04436193595817352
esm2_top28_bilstm_attn,train,-1,evidence_dominated,sequence_distal_ge21,direct_putative_polar_contact,203,363,0.004383443894338062,-0.006680904493422829,0.015447792282098954,True,0.022574972673257185,0.06602499537871304
esm2_top28_bilstm_attn,train,-1,evidence_dominated,sequence_distal_ge21,direct_putative_polar_contact_count,203,363,0.0032515764814831107,-0.008110054914706628,0.01461320787767285,True,0.022574972673257185,0.06602499537871304
esm2_top28_bilstm_attn,train,-1,evidence_dominated,sequence_distal_ge21,disorder,205,368,-0.008290912825478993,-0.016455037457112617,-0.00012678819384536778,True,4.266391409884602e-26,7.267835191224472e-25
esm2_top28_bilstm_attn,train,-1,evidence_dominated,sequence_distal_ge21,mean_query_contact_water_degree,194,347,0.024931064244244513,-0.022852494025352842,0.07271462251384186,True,0.9409380458482189,1.0
esm2_top28_bilstm_attn,train,-1,evidence_dominated,sequence_distal_ge21,minimum_ca_distance_angstrom,203,363,-2.2061766625951407,-2.8765143033045293,-1.535839021885752,True,1.3134235851688271e-10,1.1041855421635768e-09
esm2_top28_bilstm_attn,train,-1,evidence_dominated,sequence_distal_ge21,minimum_heavy_atom_distance_angstrom,203,363,-2.099788361334318,-2.7609732292230302,-1.4386034934456053,True,2.192110406052816e-09,1.5825570292024416e-08
esm2_top28_bilstm_attn,train,-1,evidence_dominated,sequence_distal_ge21,minimum_polar_atom_distance_angstrom,203,363,-1.9063332697408213,-2.5587538921558957,-1.253912647325747,True,5.345260528295986e-09,3.761049255779277e-08
esm2_top28_bilstm_attn,train,-1,evidence_dominated,sequence_distal_ge21,neq,205,368,-0.41354366114584795,-0.4410850252137084,-0.3860022970779875,True,1.5946476649519176e-59,1.067864057012629e-57
esm2_top28_bilstm_attn,train,-1,evidence_dominated,sequence_distal_ge21,nonlocal_contact_path_exists,203,363,0.009041415975435734,0.0007931495973895666,0.017289682353481904,True,3.496476719266895e-11,3.100528670692379e-10
esm2_top28_bilstm_attn,train,-1,evidence_dominated,sequence_distal_ge21,normalized_query_position,205,368,-0.00371674612420594,-0.025500506907842595,0.018067014659430714,True,1.0,1.0
esm2_top28_bilstm_attn,train,-1,evidence_dominated,sequence_distal_ge21,one_water_bridge,203,363,-0.006338132145066782,-0.009649113526035088,-0.003027150764098476,True,0.0006855641563783821,0.00296517949150739
esm2_top28_bilstm_attn,train,-1,evidence_dominated,sequence_distal_ge21,ordinary_contact_path_exists,203,363,0.0,0.0,0.0,True,1.0,1.0
esm2_top28_bilstm_attn,train,-1,evidence_dominated,sequence_distal_ge21,query_distance_to_band_domain_boundary_sequence,203,362,0.08684592631976364,-2.57286060625053,2.746552458890058,True,0.6737740741736237,0.9488536998152118
esm2_top28_bilstm_attn,train,-1,evidence_dominated,sequence_distal_ge21,query_distance_to_community_boundary_edges,202,362,-0.25688517075984835,-0.32843590147544044,-0.18533444004425625,True,6.566116686417369e-11,5.642211772133863e-10
esm2_top28_bilstm_attn,train,-1,evidence_dominated,sequence_distal_ge21,query_distance_to_ecod_boundary_sequence,203,363,1.655459114953215,-0.6091310975552822,3.920049327461712,True,0.12235234244799681,0.27031655180205894
esm2_top28_bilstm_attn,train,-1,evidence_dominated,sequence_distal_ge21,query_in_any_band,205,368,0.4363089692730523,0.3785223066658692,0.49409563188023536,True,5.675527229471059e-16,7.761883013825912e-15
esm2_top28_bilstm_attn,train,-1,evidence_dominated,sequence_distal_ge21,query_to_band_contact_count,203,363,0.07151374012200222,0.028553903395600197,0.11447357684840424,True,0.03423566187319523,0.09311716436658984
esm2_top28_bilstm_attn,train,-1,evidence_dominated,sequence_distal_ge21,query_to_band_contact_fraction,203,363,0.010944742069951904,0.0032524912679508765,0.01863699287195293,True,0.03423566187319523,0.09311716436658984
esm2_top28_bilstm_attn,train,-1,evidence_dominated,sequence_distal_ge21,query_water_contact_count,203,363,-0.2631031731492266,-0.3316150711602433,-0.1945912751382099,True,2.7087202681654102e-14,3.2672886712902025e-13
esm2_top28_bilstm_attn,train,-1,evidence_dominated,sequence_distal_ge21,reachable_query_water_entry_count,203,363,-0.0063293066449880316,-0.01797662774868184,0.005318014458705776,True,0.0012632268710478355,0.005243231827926643
esm2_top28_bilstm_attn,train,-1,evidence_dominated,sequence_distal_ge21,relative_backbone_orientation_cosine,203,363,-0.002934035645072973,-0.042430494470077657,0.036562423179931705,True,0.8884106489509467,1.0
esm2_top28_bilstm_attn,train,-1,evidence_dominated,sequence_distal_ge21,rsa,205,368,-0.13057399364486288,-0.14431499327022998,-0.1168329940194958,True,1.0824343479807775e-38,2.473044122092553e-37
esm2_top28_bilstm_attn,train,-1,evidence_dominated,sequence_distal_ge21,same_community_as_band_apex,203,363,0.03092257211657193,0.0031041266380038637,0.05874101759514,True,0.5454726578478978,0.8186053907450077
esm2_top28_bilstm_attn,train,-1,evidence_dominated,sequence_distal_ge21,same_community_as_band_majority,192,335,0.032572980736936354,0.004685537921669397,0.06046042355220331,True,0.7570261671839605,1.0
esm2_top28_bilstm_attn,train,-1,evidence_dominated,sequence_distal_ge21,same_ecod_domain_as_band_apex,203,362,0.01624725267908382,-1.6356739227257888e-05,0.0325108620973949,True,0.28909608069606096,0.528918415146627
esm2_top28_bilstm_attn,train,-1,evidence_dominated,sequence_distal_ge21,shared_water_count,203,363,-0.00728011353618858,-0.01110465117430346,-0.0034555758980736994,True,0.001841554788492544,0.0072985702025561644
esm2_top28_bilstm_attn,train,-1,evidence_dominated,sequence_distal_ge21,shared_water_fraction_of_band_contacts,203,363,-0.0016867314131342804,-0.0027084703115866707,-0.0006649925146818903,True,0.001841554788492544,0.0072985702025561644
esm2_top28_bilstm_attn,train,-1,evidence_dominated,sequence_distal_ge21,shared_water_fraction_of_query_contacts,203,363,-0.004701601636199556,-0.0074137574674697174,-0.0019894458049293955,True,0.0006855641563783821,0.00296517949150739
esm2_top28_bilstm_attn,train,-1,evidence_dominated,sequence_distal_ge21,shares_any_ecod_domain_with_band,203,362,0.01658772183768247,0.00036484965520797163,0.03281059402015697,True,0.3373990368531198,0.6025285050329521
esm2_top28_bilstm_attn,train,-1,evidence_dominated,sequence_distal_ge21,shortest_nonlocal_contact_path_edges,202,362,-0.43758603329017215,-0.5827877492359781,-0.29238431734436626,True,6.116190414153903e-07,3.6546590105498088e-06
esm2_top28_bilstm_attn,train,-1,evidence_dominated,sequence_distal_ge21,shortest_ordinary_contact_path_edges,203,363,-0.3901175684594821,-0.5265658969266155,-0.2536692399923487,True,1.7375869279363153e-06,9.98341365104238e-06
esm2_top28_bilstm_attn,train,-1,evidence_dominated,sequence_distal_ge21,torsion_change_from_previous,205,368,-32.94155658984026,-35.95086697028413,-29.93224620939639,True,1.1455395645628988e-52,6.179549539947638e-51
esm2_top28_bilstm_attn,train,-1,evidence_dominated,sequence_distal_ge21,water_path_at_most_1,203,363,-0.006338132145066782,-0.009649113526035088,-0.003027150764098476,True,0.0006855641563783821,0.00296517949150739
esm2_top28_bilstm_attn,train,-1,evidence_dominated,sequence_distal_ge21,water_path_at_most_2,203,363,-0.003227361443719643,-0.014147250100137591,0.007692527212698306,True,0.0018204049356112858,0.007288608291786051
esm2_top28_bilstm_attn,train,-1,evidence_dominated,sequence_distal_ge21,water_path_at_most_3,203,363,-0.0037929398193369142,-0.014952211318131771,0.007366331679457942,True,0.0010795155066662817,0.00456736190402161
esm2_top28_bilstm_attn,train,-1,evidence_dominated,sequence_distal_ge21,water_path_exists,203,363,-0.00420217653804014,-0.015378688483702274,0.006974335407621993,True,0.0005387801699960486,0.002351260876701857
esm2_top28_bilstm_attn,train,-1,evidence_dominated,sequence_distal_ge21,water_path_without_direct_ca_contact,203,363,-0.0026104322198286936,-0.005380204232621056,0.00015933979296366791,True,0.01328328156224501,0.042427849989933895
esm2_top28_bilstm_attn,train,-1,evidence_dominated,sequence_distal_ge21,water_path_without_direct_polar_contact,203,363,-0.007146902049554697,-0.011686641921755805,-0.00260716217735359,True,0.0001942977864148144,0.000943315753043924
esm2_top28_bilstm_attn,train,-1,evidence_dominated,sequence_distal_ge21_no_direct_ca,absolute_backbone_orientation_cosine,199,359,0.0017912746616652205,-0.015566351788058019,0.01914890111138846,True,0.8873030419814864,1.0
esm2_top28_bilstm_attn,train,-1,evidence_dominated,sequence_distal_ge21_no_direct_ca,absolute_sequence_separation,199,359,-1.691740792818516,-4.645335464119642,1.26185387848261,True,0.033187915594627304,0.09064828703905235
esm2_top28_bilstm_attn,train,-1,evidence_dominated,sequence_distal_ge21_no_direct_ca,band_water_contact_count,199,359,0.0,0.0,0.0,True,1.0,1.0
esm2_top28_bilstm_attn,train,-1,evidence_dominated,sequence_distal_ge21_no_direct_ca,direct_ca_contact,199,359,0.0,0.0,0.0,True,1.0,1.0
esm2_top28_bilstm_attn,train,-1,evidence_dominated,sequence_distal_ge21_no_direct_ca,direct_putative_polar_contact,199,359,-0.0004138552870339831,-0.004512813430739864,0.003685102856671898,True,0.13604594767093658,0.2903310223922625
esm2_top28_bilstm_attn,train,-1,evidence_dominated,sequence_distal_ge21_no_direct_ca,direct_putative_polar_contact_count,199,359,-0.0004138552870339831,-0.004512813430739864,0.003685102856671898,True,0.13604594767093658,0.2903310223922625
esm2_top28_bilstm_attn,train,-1,evidence_dominated,sequence_distal_ge21_no_direct_ca,disorder,199,359,-0.010031736100416057,-0.01581929063328229,-0.004244181567549824,True,1.1475748610302027e-28,2.1024437548308053e-27
esm2_top28_bilstm_attn,train,-1,evidence_dominated,sequence_distal_ge21_no_direct_ca,mean_query_contact_water_degree,191,343,0.02511495282118268,-0.0244312152376554,0.07466112088002076,True,0.6539420644558549,0.9290091361911268
esm2_top28_bilstm_attn,train,-1,evidence_dominated,sequence_distal_ge21_no_direct_ca,minimum_ca_distance_angstrom,199,359,-2.049536607825909,-2.713726393846206,-1.3853468218056118,True,1.0784015496377771e-11,9.972646711412206e-11
esm2_top28_bilstm_attn,train,-1,evidence_dominated,sequence_distal_ge21_no_direct_ca,minimum_heavy_atom_distance_angstrom,199,359,-1.9601282082144473,-2.621370056762025,-1.2988863596668696,True,3.032553848050691e-11,2.701476868309377e-10
esm2_top28_bilstm_attn,train,-1,evidence_dominated,sequence_distal_ge21_no_direct_ca,minimum_polar_atom_distance_angstrom,199,359,-1.764627288427518,-2.4210381817828073,-1.1082163950722288,True,3.6791915709035515e-09,2.6172124654559332e-08
esm2_top28_bilstm_attn,train,-1,evidence_dominated,sequence_distal_ge21_no_direct_ca,neq,199,359,-0.4031727014006001,-0.43014896922467694,-0.3761964335765232,True,4.9784122222889134e-58,3.2226921785616898e-56
esm2_top28_bilstm_attn,train,-1,evidence_dominated,sequence_distal_ge21_no_direct_ca,nonlocal_contact_path_exists,199,359,0.007879318369293523,-0.0007675994861088293,0.016526236224695873,True,1.822834494458192e-09,1.325821943160228e-08
esm2_top28_bilstm_attn,train,-1,evidence_dominated,sequence_distal_ge21_no_direct_ca,normalized_query_position,199,359,-0.0022755002826285696,-0.023069231079867004,0.018518230514609865,True,1.0,1.0
esm2_top28_bilstm_attn,train,-1,evidence_dominated,sequence_distal_ge21_no_direct_ca,one_water_bridge,199,359,-0.0018081766827198848,-0.003148710673064765,-0.00046764269237500487,True,0.001543879508972168,0.006246279180049896
esm2_top28_bilstm_attn,train,-1,evidence_dominated,sequence_distal_ge21_no_direct_ca,ordinary_contact_path_exists,199,359,0.0,0.0,0.0,True,1.0,1.0
esm2_top28_bilstm_attn,train,-1,evidence_dominated,sequence_distal_ge21_no_direct_ca,query_distance_to_band_domain_boundary_sequence,199,358,0.16711441181945375,-2.558466557156906,2.892695380795814,True,0.5707535104620821,0.8409274711301833
esm2_top28_bilstm_attn,train,-1,evidence_dominated,sequence_distal_ge21_no_direct_ca,query_distance_to_community_boundary_edges,198,358,-0.26054732588095764,-0.3338914939798344,-0.18720315778208085,True,1.836040585965523e-11,1.6661639336191803e-10
esm2_top28_bilstm_attn,train,-1,evidence_dominated,sequence_distal_ge21_no_direct_ca,query_distance_to_ecod_boundary_sequence,199,359,1.8802915920963637,-0.4548710155070306,4.215454199699758,True,0.25665059122063927,0.48673383608445453
esm2_top28_bilstm_attn,train,-1,evidence_dominated,sequence_distal_ge21_no_direct_ca,query_in_any_band,199,359,0.4463812738969111,0.3888098325635928,0.5039527152302294,True,1.0157442875620822e-16,1.4294024684388142e-15
esm2_top28_bilstm_attn,train,-1,evidence_dominated,sequence_distal_ge21_no_direct_ca,query_to_band_contact_count,199,359,0.0,0.0,0.0,True,1.0,1.0
esm2_top28_bilstm_attn,train,-1,evidence_dominated,sequence_distal_ge21_no_direct_ca,query_to_band_contact_fraction,199,359,0.0,0.0,0.0,True,1.0,1.0
esm2_top28_bilstm_attn,train,-1,evidence_dominated,sequence_distal_ge21_no_direct_ca,query_water_contact_count,199,359,-0.254065378001017,-0.32118615400916206,-0.1869446019928719,True,2.1525350390865183e-12,2.1547541473742362e-11
esm2_top28_bilstm_attn,train,-1,evidence_dominated,sequence_distal_ge21_no_direct_ca,reachable_query_water_entry_count,199,359,-0.0020922420733352942,-0.005844724413708549,0.0016602402670379602,True,0.018623836615006432,0.05713663618695496
esm2_top28_bilstm_attn,train,-1,evidence_dominated,sequence_distal_ge21_no_direct_ca,relative_backbone_orientation_cosine,199,359,0.016070255999635883,-0.021081203999803014,0.053221715999074784,True,0.6707043457315791,0.9459025703781602
esm2_top28_bilstm_attn,train,-1,evidence_dominated,sequence_distal_ge21_no_direct_ca,rsa,199,359,-0.1314646219249567,-0.14452590989683228,-0.11840333395308111,True,3.663646404081321e-38,8.177932547960833e-37
esm2_top28_bilstm_attn,train,-1,evidence_dominated,sequence_distal_ge21_no_direct_ca,same_community_as_band_apex,199,359,0.020052379003524703,-0.005624038038122753,0.04572879604517216,True,0.5870535639169897,0.8597722632932082
esm2_top28_bilstm_attn,train,-1,evidence_dominated,sequence_distal_ge21_no_direct_ca,same_community_as_band_majority,188,331,0.020169755775507885,-0.005042182697532614,0.04538169424854838,True,0.8114566072042906,1.0
esm2_top28_bilstm_attn,train,-1,evidence_dominated,sequence_distal_ge21_no_direct_ca,same_ecod_domain_as_band_apex,199,358,0.01286359556806588,-0.0038726284896714817,0.029599819625803242,True,0.28909608069606096,0.528918415146627
esm2_top28_bilstm_attn,train,-1,evidence_dominated,sequence_distal_ge21_no_direct_ca,shared_water_count,199,359,-0.0017777213749750297,-0.003117534029058201,-0.00043790872089185845,True,0.001543879508972168,0.006246279180049896
esm2_top28_bilstm_attn,train,-1,evidence_dominated,sequence_distal_ge21_no_direct_ca,shared_water_fraction_of_band_contacts,199,359,-0.0005690813358416593,-0.0010205113484612798,-0.00011765132322203879,True,0.006610751152038574,0.022682117910351435
esm2_top28_bilstm_attn,train,-1,evidence_dominated,sequence_distal_ge21_no_direct_ca,shared_water_fraction_of_query_contacts,199,359,-0.001560349983102334,-0.0028555925512766763,-0.0002651074149279918,True,0.001543879508972168,0.006246279180049896
esm2_top28_bilstm_attn,train,-1,evidence_dominated,sequence_distal_ge21_no_direct_ca,shares_any_ecod_domain_with_band,199,358,0.013291439145027603,-0.0034187364861023722,0.03000161477615758,True,0.16544051293398976,0.3403447840231018
esm2_top28_bilstm_attn,train,-1,evidence_dominated,sequence_distal_ge21_no_direct_ca,shortest_nonlocal_contact_path_edges,198,358,-0.38790746732091264,-0.528214460584247,-0.24760047405757826,True,2.1305934798711122e-07,1.3261578647146476e-06
esm2_top28_bilstm_attn,train,-1,evidence_dominated,sequence_distal_ge21_no_direct_ca,shortest_ordinary_contact_path_edges,199,359,-0.34299797644700375,-0.48088089550004753,-0.20511505739396,True,2.9370924277452296e-07,1.7993165598363518e-06
esm2_top28_bilstm_attn,train,-1,evidence_dominated,sequence_distal_ge21_no_direct_ca,torsion_change_from_previous,199,359,-33.83254436589615,-36.74304038293924,-30.92204834885305,True,1.610637105298915e-52,8.453668266190522e-51
esm2_top28_bilstm_attn,train,-1,evidence_dominated,sequence_distal_ge21_no_direct_ca,water_path_at_most_1,199,359,-0.0018081766827198848,-0.003148710673064765,-0.00046764269237500487,True,0.001543879508972168,0.006246279180049896
esm2_top28_bilstm_attn,train,-1,evidence_dominated,sequence_distal_ge21_no_direct_ca,water_path_at_most_2,199,359,-0.002898628686152765,-0.00547769896399903,-0.0003195584083064999,True,0.0137181850586785,0.043673303908120735
esm2_top28_bilstm_attn,train,-1,evidence_dominated,sequence_distal_ge21_no_direct_ca,water_path_at_most_3,199,359,-0.0017089612173339774,-0.005343713207700193,0.0019257907730322382,True,0.035697803555194696,0.09655311212282465
esm2_top28_bilstm_attn,train,-1,evidence_dominated,sequence_distal_ge21_no_direct_ca,water_path_exists,199,359,-0.0021255862752224174,-0.005819012656321583,0.0015678401058767484,True,0.018623836615006432,0.05713663618695496
esm2_top28_bilstm_attn,train,-1,evidence_dominated,sequence_distal_ge21_no_direct_ca,water_path_without_direct_ca_contact,199,359,-0.0021255862752224174,-0.005819012656321583,0.0015678401058767484,True,0.018623836615006432,0.05713663618695496
esm2_top28_bilstm_attn,train,-1,evidence_dominated,sequence_distal_ge21_no_direct_ca,water_path_without_direct_polar_contact,199,359,-0.002620859324638553,-0.005184344078160694,-5.7374571116412636e-05,True,0.006426576095691416,0.022128387903958744
esm2_top28_bilstm_attn,train,1,combined,all_eligible_queries,absolute_backbone_orientation_cosine,851,4480,-0.0019554647737902294,-0.012001804069295553,0.008090874521715096,True,0.4106881509318203,0.6781942084265264
esm2_top28_bilstm_attn,train,1,combined,all_eligible_queries,absolute_sequence_separation,881,4837,-1.8762254273460222,-2.7249554604878985,-1.0274953942041458,True,3.008697947284035e-08,1.9941608920223875e-07
esm2_top28_bilstm_attn,train,1,combined,all_eligible_queries,band_water_contact_count,855,4502,0.0,0.0,0.0,True,1.0,1.0
esm2_top28_bilstm_attn,train,1,combined,all_eligible_queries,direct_ca_contact,855,4502,0.025714452376918915,0.015464002922703345,0.03596490183113449,True,1.7073087863238241e-06,9.838556863622749e-06
esm2_top28_bilstm_attn,train,1,combined,all_eligible_queries,direct_putative_polar_contact,855,4502,0.03448508800485398,0.02606786773156031,0.04290230827814766,True,1.2093622003290267e-17,1.7792283280598255e-16
esm2_top28_bilstm_attn,train,1,combined,all_eligible_queries,direct_putative_polar_contact_count,855,4502,0.059592524911915586,0.04536668016375054,0.07381836966008062,True,2.0740806288417717e-19,3.1467692040708757e-18
esm2_top28_bilstm_attn,train,1,combined,all_eligible_queries,disorder,881,4837,-0.03582713761343235,-0.04285900286686459,-0.028795272360000113,True,6.099196680463058e-06,3.3841828438455026e-05
esm2_top28_bilstm_attn,train,1,combined,all_eligible_queries,mean_query_contact_water_degree,776,4226,-0.026497731153507977,-0.051154870068158054,-0.0018405922388578973,True,0.03186579467762393,0.08765350320672192
esm2_top28_bilstm_attn,train,1,combined,all_eligible_queries,minimum_ca_distance_angstrom,855,4502,1.0378497072157746,0.7350180519667057,1.3406813624648435,True,1.4228585718668524e-15,1.8797220044662772e-14
esm2_top28_bilstm_attn,train,1,combined,all_eligible_queries,minimum_heavy_atom_distance_angstrom,855,4502,1.1131858812684245,0.8153325902834795,1.4110391722533695,True,4.383692567798957e-17,6.306022938270796e-16
esm2_top28_bilstm_attn,train,1,combined,all_eligible_queries,minimum_polar_atom_distance_angstrom,855,4500,0.9468832494790252,0.6502063670973504,1.2435601318607001,True,1.4502538949378114e-12,1.5060925475771284e-11
esm2_top28_bilstm_attn,train,1,combined,all_eligible_queries,neq,881,4837,0.7218360407768424,0.6901876599914606,0.7534844215622242,True,4.0899675807659504e-196,6.129656317165951e-193
esm2_top28_bilstm_attn,train,1,combined,all_eligible_queries,nonlocal_contact_path_exists,855,4502,-0.041831147483421795,-0.0501880471098035,-0.03347424785704009,True,8.394900641273008e-54,4.794969719221229e-52
esm2_top28_bilstm_attn,train,1,combined,all_eligible_queries,normalized_query_position,881,4837,-0.006546992353731265,-0.014854057515846855,0.0017600728083843253,True,0.012618582067762656,0.040781455464882425
esm2_top28_bilstm_attn,train,1,combined,all_eligible_queries,one_water_bridge,855,4502,0.0038248956373948544,7.336044242612673e-05,0.007576430832363582,True,0.4600580101719278,0.7251888439560745
esm2_top28_bilstm_attn,train,1,combined,all_eligible_queries,ordinary_contact_path_exists,855,4502,0.001585213027444267,-0.00045996615896909594,0.00363039221385763,True,0.625,0.8977440828402367
esm2_top28_bilstm_attn,train,1,combined,all_eligible_queries,query_distance_to_band_domain_boundary_sequence,853,4477,1.9704769652218086,1.0335775868017505,2.9073763436418667,True,3.0704778034963813e-06,1.7486416112580565e-05
esm2_top28_bilstm_attn,train,1,combined,all_eligible_queries,query_distance_to_community_boundary_edges,852,4486,0.34057714292856367,0.29934128989556336,0.381812995961564,True,2.0893113582503345e-47,8.232734701833307e-46
esm2_top28_bilstm_attn,train,1,combined,all_eligible_queries,query_distance_to_ecod_boundary_sequence,853,4496,2.2202768793755268,1.2907836968379727,3.149770061913081,True,5.420807228332713e-07,3.2591974109666037e-06
esm2_top28_bilstm_attn,train,1,combined,all_eligible_queries,query_in_any_band,881,4837,0.6384307695778699,0.6168385838252792,0.6600229553304606,True,6.31272535238512e-196,6.129656317165951e-193
esm2_top28_bilstm_attn,train,1,combined,all_eligible_queries,query_to_band_contact_count,855,4502,0.08801248452087526,0.05940211021126826,0.11662285883048226,True,7.107111513387688e-09,4.953958467357515e-08
esm2_top28_bilstm_attn,train,1,combined,all_eligible_queries,query_to_band_contact_fraction,855,4502,0.02221199273368596,0.016147669640561572,0.028276315826810346,True,6.715796218913107e-10,5.323296431481328e-09
esm2_top28_bilstm_attn,train,1,combined,all_eligible_queries,query_water_contact_count,855,4502,0.10311267738245732,0.07011069208909637,0.13611466267581826,True,5.515996788522411e-07,3.3061931368242354e-06
esm2_top28_bilstm_attn,train,1,combined,all_eligible_queries,reachable_query_water_entry_count,855,4502,0.005393795621364169,-0.00041962456930816003,0.011207215812036498,True,0.3652807130223279,0.6365821678321678
esm2_top28_bilstm_attn,train,1,combined,all_eligible_queries,relative_backbone_orientation_cosine,851,4480,-0.003821409223322071,-0.02446755385897368,0.01682473541232954,True,0.09982677016494106,0.22727267017621983
esm2_top28_bilstm_attn,train,1,combined,all_eligible_queries,rsa,881,4837,0.09137038244196619,0.08403360476385066,0.09870716012008171,True,2.397463954906624e-90,2.0242934784472452e-88
esm2_top28_bilstm_attn,train,1,combined,all_eligible_queries,same_community_as_band_apex,855,4495,-0.0011273999044225898,-0.01351054787729048,0.0112557480684453,True,0.0002532269090206137,0.001199430871507395
esm2_top28_bilstm_attn,train,1,combined,all_eligible_queries,same_community_as_band_majority,844,4232,-0.004243057523599633,-0.01707071475337626,0.008584599706176994,True,3.4535800734983665e-06,1.9496664252133222e-05
esm2_top28_bilstm_attn,train,1,combined,all_eligible_queries,same_ecod_domain_as_band_apex,852,4460,0.0008214251500288986,-0.004263339832556966,0.005906190132614763,True,0.0011732464480529883,0.004953140439388921
esm2_top28_bilstm_attn,train,1,combined,all_eligible_queries,shared_water_count,855,4502,0.0049563834153956935,0.0007546196166847898,0.009158147214106597,True,0.21293391672971984,0.4193891138834847
esm2_top28_bilstm_attn,train,1,combined,all_eligible_queries,shared_water_fraction_of_band_contacts,855,4502,0.0008430418381245883,-0.0007170466366555879,0.0024031303129047644,True,0.6780848808142793,0.9528515474249858
esm2_top28_bilstm_attn,train,1,combined,all_eligible_queries,shared_water_fraction_of_query_contacts,855,4502,0.0031190577349195494,0.0003098527625351086,0.00592826270730399,True,0.12787585420395958,0.276542214770701
esm2_top28_bilstm_attn,train,1,combined,all_eligible_queries,shares_any_ecod_domain_with_band,853,4477,-6.899444585053575e-05,-0.004589160215005429,0.004451171323304358,True,0.002060063064112087,0.008098466539485169
esm2_top28_bilstm_attn,train,1,combined,all_eligible_queries,shortest_nonlocal_contact_path_edges,846,4448,0.3267912626347505,0.2600071007168544,0.3935754245526466,True,1.5832157428407248e-25,2.6055974344039726e-24
esm2_top28_bilstm_attn,train,1,combined,all_eligible_queries,shortest_ordinary_contact_path_edges,855,4501,0.23296285152925456,0.17294991657325706,0.292975786485252,True,4.981168534857648e-23,7.864576662352482e-22
esm2_top28_bilstm_attn,train,1,combined,all_eligible_queries,torsion_change_from_previous,881,4837,17.891883264017455,15.698446246157594,20.085320281877316,True,2.080624905197355e-52,1.0633088331298062e-50
esm2_top28_bilstm_attn,train,1,combined,all_eligible_queries,water_path_at_most_1,855,4502,0.0038248956373948544,7.336044242612673e-05,0.007576430832363582,True,0.4600580101719278,0.7251888439560745
esm2_top28_bilstm_attn,train,1,combined,all_eligible_queries,water_path_at_most_2,855,4502,0.0031772187101541836,-0.0013950517685119698,0.007749489188820337,True,0.9304542217464394,1.0
esm2_top28_bilstm_attn,train,1,combined,all_eligible_queries,water_path_at_most_3,855,4502,0.0029615448025129107,-0.0016702469020385409,0.007593336507064362,True,0.8967225072821995,1.0
esm2_top28_bilstm_attn,train,1,combined,all_eligible_queries,water_path_exists,855,4502,0.003040711268586897,-0.001616726486564473,0.007698149023738266,True,0.9656167350323543,1.0
esm2_top28_bilstm_attn,train,1,combined,all_eligible_queries,water_path_without_direct_ca_contact,855,4502,-0.0029300608766368616,-0.005049576928573116,-0.0008105448247006076,True,3.9565793956127657e-16,5.488340847342851e-15
esm2_top28_bilstm_attn,train,1,combined,all_eligible_queries,water_path_without_direct_polar_contact,855,4502,-0.0008396701791080833,-0.003998620723274395,0.002319280365058228,True,1.0583723868070608e-05,5.7412267463109276e-05
esm2_top28_bilstm_attn,train,1,combined,sequence_distal_ge21,absolute_backbone_orientation_cosine,809,4395,0.0006654277735459679,-0.00958847212152145,0.010919327668613386,True,0.6731259443753085,0.9486288708104854
esm2_top28_bilstm_attn,train,1,combined,sequence_distal_ge21,absolute_sequence_separation,843,4760,-2.4553777994120414,-3.4465236490300315,-1.4642319497940512,True,3.138128845345701e-08,2.0728728631501195e-07
esm2_top28_bilstm_attn,train,1,combined,sequence_distal_ge21,band_water_contact_count,813,4414,0.0,0.0,0.0,True,1.0,1.0
esm2_top28_bilstm_attn,train,1,combined,sequence_distal_ge21,direct_ca_contact,813,4414,-0.0009238233027122913,-0.009113571466523319,0.007265924861098736,True,0.3283962980063879,0.5905051951188939
esm2_top28_bilstm_attn,train,1,combined,sequence_distal_ge21,direct_putative_polar_contact,813,4414,0.001440606512127097,-0.003179770749967764,0.006060983774221958,True,0.023656154742033062,0.06897935812166398
esm2_top28_bilstm_attn,train,1,combined,sequence_distal_ge21,direct_putative_polar_contact_count,813,4414,0.0012671632098241767,-0.0042610495463323815,0.006795375965980734,True,0.009800966668978884,0.03242500386909198
esm2_top28_bilstm_attn,train,1,combined,sequence_distal_ge21,disorder,843,4760,-0.041434952331856977,-0.04943761576487973,-0.03343228889883422,True,1.0465927158143866e-07,6.685799520103746e-07
esm2_top28_bilstm_attn,train,1,combined,sequence_distal_ge21,mean_query_contact_water_degree,746,4131,-0.023824930573919528,-0.04915255120858852,0.001502690060749462,True,0.031619383505072624,0.08722278802109522
esm2_top28_bilstm_attn,train,1,combined,sequence_distal_ge21,minimum_ca_distance_angstrom,813,4414,0.9135359400696079,0.571976985021669,1.255094895117547,True,2.3205493022490377e-10,1.9014796392268487e-09
esm2_top28_bilstm_attn,train,1,combined,sequence_distal_ge21,minimum_heavy_atom_distance_angstrom,813,4414,0.9804857942945833,0.6461892568476906,1.314782331741476,True,3.5264369472601996e-11,3.1128820688996856e-10
esm2_top28_bilstm_attn,train,1,combined,sequence_distal_ge21,minimum_polar_atom_distance_angstrom,813,4412,0.7748425808124623,0.4408379907097177,1.1088471709152068,True,1.1975732418873345e-08,8.18903956248311e-08
esm2_top28_bilstm_attn,train,1,combined,sequence_distal_ge21,neq,843,4760,0.7156119260195696,0.6823513438614323,0.7488725081777069,True,1.3212499911121828e-182,4.276445804566432e-180
esm2_top28_bilstm_attn,train,1,combined,sequence_distal_ge21,nonlocal_contact_path_exists,813,4414,-0.043621182539916314,-0.05357056015231834,-0.03367180492751429,True,3.7968931216994094e-50,1.7147828935675007e-48
esm2_top28_bilstm_attn,train,1,combined,sequence_distal_ge21,normalized_query_position,843,4760,-0.006280074469864662,-0.015632364511808196,0.0030722155720788727,True,0.014363884571268169,0.045505161235567346
esm2_top28_bilstm_attn,train,1,combined,sequence_distal_ge21,one_water_bridge,813,4414,0.001822396153808083,-0.0010120253921156964,0.0046568176997318625,True,0.0012701188489075154,0.00524802298846467
esm2_top28_bilstm_attn,train,1,combined,sequence_distal_ge21,ordinary_contact_path_exists,813,4414,0.002534264622713611,-0.0007336236137072019,0.005802152859134425,True,0.625,0.8977440828402367
esm2_top28_bilstm_attn,train,1,combined,sequence_distal_ge21,query_distance_to_band_domain_boundary_sequence,807,4387,2.229189627933538,1.1628297290841165,3.2955495267829593,True,4.2186866609314765e-05,0.0002166279102940546
esm2_top28_bilstm_attn,train,1,combined,sequence_distal_ge21,query_distance_to_community_boundary_edges,803,4387,0.317146331204191,0.27177762055921134,0.36251504184917066,True,1.7501644106005002e-37,3.818898073467608e-36
esm2_top28_bilstm_attn,train,1,combined,sequence_distal_ge21,query_distance_to_ecod_boundary_sequence,811,4406,2.621608475022156,1.5707702835509632,3.672446666493349,True,2.3402144661364517e-06,1.3366754391873498e-05
esm2_top28_bilstm_attn,train,1,combined,sequence_distal_ge21,query_in_any_band,843,4760,0.6587192963280185,0.6364074499796311,0.681031142676406,True,1.6794920301449893e-184,8.153933806353923e-182
esm2_top28_bilstm_attn,train,1,combined,sequence_distal_ge21,query_to_band_contact_count,813,4414,-0.0011833102708324254,-0.020783519279986586,0.018416898738321735,True,0.0014706193106766739,0.006012510950177055
esm2_top28_bilstm_attn,train,1,combined,sequence_distal_ge21,query_to_band_contact_fraction,813,4414,0.0003987474853849383,-0.003166839207437305,0.0039643341782071816,True,0.0008424741837144194,0.0036196567804721294
esm2_top28_bilstm_attn,train,1,combined,sequence_distal_ge21,query_water_contact_count,813,4414,0.09163579056489012,0.059257113911055856,0.12401446721872438,True,1.0286773050631352e-06,6.035321227893077e-06
esm2_top28_bilstm_attn,train,1,combined,sequence_distal_ge21,reachable_query_water_entry_count,813,4414,0.001168247947665311,-0.003061931453090166,0.005398427348420788,True,0.004141109439210326,0.01475602666228707
esm2_top28_bilstm_attn,train,1,combined,sequence_distal_ge21,relative_backbone_orientation_cosine,809,4395,-0.007825571400169989,-0.029735636004711408,0.014084493204371428,True,0.15958559799360125,0.3292569942836454
esm2_top28_bilstm_attn,train,1,combined,sequence_distal_ge21,rsa,843,4760,0.08612548961777859,0.07833212645744835,0.09391885277810884,True,5.311280044945338e-77,3.9671176335707104e-75
esm2_top28_bilstm_attn,train,1,combined,sequence_distal_ge21,same_community_as_band_apex,812,4407,-0.0006834867700058693,-0.01190045633398119,0.010533482793969453,True,0.00020102339625337396,0.0009711130236916722
esm2_top28_bilstm_attn,train,1,combined,sequence_distal_ge21,same_community_as_band_majority,804,4152,-0.0038658319718696895,-0.015808089418509225,0.008076425474769845,True,1.68941984819669e-05,8.964080178136536e-05
esm2_top28_bilstm_attn,train,1,combined,sequence_distal_ge21,same_ecod_domain_as_band_apex,806,4372,0.003027238740504268,-0.003160911366947198,0.009215388847955735,True,0.033763264144646345,0.0920902513608191
esm2_top28_bilstm_attn,train,1,combined,sequence_distal_ge21,shared_water_count,813,4414,0.001940549376138848,-0.0010101364671556855,0.004891235219433381,True,0.00020445254235149413,0.0009827892011054495
esm2_top28_bilstm_attn,train,1,combined,sequence_distal_ge21,shared_water_fraction_of_band_contacts,813,4414,0.0007301750963264728,-0.0002468595245013049,0.0017072097171542506,True,0.003404666032721342,0.012406907126168223
esm2_top28_bilstm_attn,train,1,combined,sequence_distal_ge21,shared_water_fraction_of_query_contacts,813,4414,0.0017471543237244764,-0.0004208725263907171,0.00391518117383967,True,0.00020445254235149413,0.0009827892011054495
esm2_top28_bilstm_attn,train,1,combined,sequence_distal_ge21,shares_any_ecod_domain_with_band,807,4387,0.0011451198866118352,-0.0042686136345678576,0.006558853407791528,True,0.029086879340197377,0.08115907999807946
esm2_top28_bilstm_attn,train,1,combined,sequence_distal_ge21,shortest_nonlocal_contact_path_edges,794,4345,0.3215080552050039,0.2487619501629078,0.3942541602471,True,2.5093223658541e-19,3.777600026735397e-18
esm2_top28_bilstm_attn,train,1,combined,sequence_distal_ge21,shortest_ordinary_contact_path_edges,812,4412,0.20973482594810144,0.14035512376515638,0.27911452813104654,True,4.128665557272005e-17,5.98348396434495e-16
esm2_top28_bilstm_attn,train,1,combined,sequence_distal_ge21,torsion_change_from_previous,843,4760,18.19840604979705,15.979664732671207,20.417147366922894,True,2.4522106096591916e-45,8.818875933255833e-44
esm2_top28_bilstm_attn,train,1,combined,sequence_distal_ge21,water_path_at_most_1,813,4414,0.001822396153808083,-0.0010120253921156964,0.0046568176997318625,True,0.0012701188489075154,0.00524802298846467
esm2_top28_bilstm_attn,train,1,combined,sequence_distal_ge21,water_path_at_most_2,813,4414,0.0008089119272986393,-0.0030554702062175827,0.0046732940608148615,True,0.021130710052592983,0.06245941997280909
esm2_top28_bilstm_attn,train,1,combined,sequence_distal_ge21,water_path_at_most_3,813,4414,0.0009081075705511202,-0.003034532040160548,0.0048507471812627885,True,0.00920620034375803,0.030771843489807393
esm2_top28_bilstm_attn,train,1,combined,sequence_distal_ge21,water_path_exists,813,4414,0.0010704212787471194,-0.0028948889260900623,0.005035731483584301,True,0.01590486030751099,0.05006035448490492
esm2_top28_bilstm_attn,train,1,combined,sequence_distal_ge21,water_path_without_direct_ca_contact,813,4414,-0.0011751336206754827,-0.0032982747089243232,0.0009480074675733577,True,2.2999618328531833e-12,2.2788397343882053e-11
esm2_top28_bilstm_attn,train,1,combined,sequence_distal_ge21,water_path_without_direct_polar_contact,813,4414,0.001790041213937245,-0.0009925636822560957,0.004572646110130586,True,0.006134453183105114,0.021387985783824292
esm2_top28_bilstm_attn,train,1,combined,sequence_distal_ge21_no_direct_ca,absolute_backbone_orientation_cosine,805,4380,0.0019257563784734915,-0.00848607309782826,0.012337585854775242,True,0.39762873525373543,0.6594321126069634
esm2_top28_bilstm_attn,train,1,combined,sequence_distal_ge21_no_direct_ca,absolute_sequence_separation,809,4399,-1.5722684512742175,-2.6267221027551866,-0.5178147997932483,True,3.171027447837287e-05,0.00016465602416310192
esm2_top28_bilstm_attn,train,1,combined,sequence_distal_ge21_no_direct_ca,band_water_contact_count,809,4399,0.0,0.0,0.0,True,1.0,1.0
esm2_top28_bilstm_attn,train,1,combined,sequence_distal_ge21_no_direct_ca,direct_ca_contact,809,4399,0.0,0.0,0.0,True,1.0,1.0
esm2_top28_bilstm_attn,train,1,combined,sequence_distal_ge21_no_direct_ca,direct_putative_polar_contact,809,4399,0.0004159774000523946,-0.001040881260096222,0.001872836060201011,True,1.510894522706861e-12,1.560721895264215e-11
esm2_top28_bilstm_attn,train,1,combined,sequence_distal_ge21_no_direct_ca,direct_putative_polar_contact_count,809,4399,0.00029543123024153506,-0.0011803333522259697,0.00177119581270904,True,5.829648994527072e-13,6.324680640989706e-12
esm2_top28_bilstm_attn,train,1,combined,sequence_distal_ge21_no_direct_ca,disorder,809,4399,-0.012740623196715444,-0.020842955686232966,-0.0046382907071979215,True,0.024381497173132653,0.07066995150779644
esm2_top28_bilstm_attn,train,1,combined,sequence_distal_ge21_no_direct_ca,mean_query_contact_water_degree,742,4105,-0.020175258339059015,-0.04548273986057494,0.0051322231824569055,True,0.08798744425089738,0.20341859135147944
esm2_top28_bilstm_attn,train,1,combined,sequence_distal_ge21_no_direct_ca,minimum_ca_distance_angstrom,809,4399,0.8910099539347848,0.5604482343568284,1.221571673512741,True,4.3687046957199894e-12,4.1793224231961676e-11
esm2_top28_bilstm_attn,train,1,combined,sequence_distal_ge21_no_direct_ca,minimum_heavy_atom_distance_angstrom,809,4399,0.9635522842943199,0.6372619936009394,1.2898425749877005,True,1.9323282013932185e-13,2.2074008041797825e-12
esm2_top28_bilstm_attn,train,1,combined,sequence_distal_ge21_no_direct_ca,minimum_polar_atom_distance_angstrom,809,4396,0.7682866025542082,0.4421092353590739,1.0944639697493426,True,8.207629537677014e-10,6.3487801957266184e-09
esm2_top28_bilstm_attn,train,1,combined,sequence_distal_ge21_no_direct_ca,neq,809,4399,0.6932196871355043,0.6586822536760658,0.7277571205949428,True,1.1971109383341025e-170,2.58309938027203e-168
esm2_top28_bilstm_attn,train,1,combined,sequence_distal_ge21_no_direct_ca,nonlocal_contact_path_exists,809,4399,-0.04485057233395143,-0.05472699649640017,-0.034974148171502684,True,6.345768528249059e-51,3.00572743459992e-49
esm2_top28_bilstm_attn,train,1,combined,sequence_distal_ge21_no_direct_ca,normalized_query_position,809,4399,-0.011028726960046113,-0.021923381740063648,-0.00013407218002857955,True,0.018365688159684437,0.05661296254937648
esm2_top28_bilstm_attn,train,1,combined,sequence_distal_ge21_no_direct_ca,one_water_bridge,809,4399,-0.001888511272158547,-0.004784175941858221,0.0010071533975411263,True,2.403553153464634e-12,2.357424355569858e-11
esm2_top28_bilstm_attn,train,1,combined,sequence_distal_ge21_no_direct_ca,ordinary_contact_path_exists,809,4399,0.0025570957652447787,-0.0007259560458472056,0.005840147576336763,True,0.625,0.8977440828402367
esm2_top28_bilstm_attn,train,1,combined,sequence_distal_ge21_no_direct_ca,query_distance_to_band_domain_boundary_sequence,802,4371,2.2469672306512867,1.1638622340639346,3.330072227238639,True,9.510009177026827e-06,5.187763433085982e-05
esm2_top28_bilstm_attn,train,1,combined,sequence_distal_ge21_no_direct_ca,query_distance_to_community_boundary_edges,799,4370,0.31724578288386557,0.2713098232790338,0.36318174248869733,True,1.1723559236103665e-39,2.776481955672356e-38
esm2_top28_bilstm_attn,train,1,combined,sequence_distal_ge21_no_direct_ca,query_distance_to_ecod_boundary_sequence,806,4390,2.7208095249530446,1.6547086581790755,3.7869103917270137,True,8.924474778334295e-07,5.251918187734909e-06
esm2_top28_bilstm_attn,train,1,combined,sequence_distal_ge21_no_direct_ca,query_in_any_band,809,4399,0.6671810511949242,0.644672005243438,0.6896900971464104,True,4.437992418174879e-179,1.077322659511952e-176
esm2_top28_bilstm_attn,train,1,combined,sequence_distal_ge21_no_direct_ca,query_to_band_contact_count,809,4399,0.0,0.0,0.0,True,1.0,1.0
esm2_top28_bilstm_attn,train,1,combined,sequence_distal_ge21_no_direct_ca,query_to_band_contact_fraction,809,4399,0.0,0.0,0.0,True,1.0,1.0
esm2_top28_bilstm_attn,train,1,combined,sequence_distal_ge21_no_direct_ca,query_water_contact_count,809,4399,0.09280381735515712,0.06003794669920767,0.12556968801110657,True,7.909860388097495e-06,4.327027851742348e-05
esm2_top28_bilstm_attn,train,1,combined,sequence_distal_ge21_no_direct_ca,reachable_query_water_entry_count,809,4399,-0.0017868126533039821,-0.00498344163866527,0.0014098163320573056,True,1.538778861104111e-10,1.2770549351556343e-09
esm2_top28_bilstm_attn,train,1,combined,sequence_distal_ge21_no_direct_ca,relative_backbone_orientation_cosine,805,4380,-0.004050603854330118,-0.026199093472519232,0.018097885763858998,True,0.6217325059070191,0.8963656469721093
esm2_top28_bilstm_attn,train,1,combined,sequence_distal_ge21_no_direct_ca,rsa,809,4399,0.10155177768251152,0.093446839328134,0.10965671603688903,True,2.086994802852361e-90,1.8422472305178566e-88
esm2_top28_bilstm_attn,train,1,combined,sequence_distal_ge21_no_direct_ca,same_community_as_band_apex,808,4392,-0.0007608186376819325,-0.011075364413827338,0.009553727138463471,True,3.647287915630177e-06,2.0471194023565905e-05
esm2_top28_bilstm_attn,train,1,combined,sequence_distal_ge21_no_direct_ca,same_community_as_band_majority,799,4140,-0.0038197097216668184,-0.014444944457567867,0.006805525014234231,True,1.4152788650913475e-07,8.923608948075964e-07
esm2_top28_bilstm_attn,train,1,combined,sequence_distal_ge21_no_direct_ca,same_ecod_domain_as_band_apex,801,4356,0.002981250426973718,-0.0028896878310550097,0.008852188685002446,True,0.06490477201408393,0.1608410799050633
esm2_top28_bilstm_attn,train,1,combined,sequence_distal_ge21_no_direct_ca,shared_water_count,809,4399,-0.0019173169490934,-0.004826204586072036,0.0009915706878852362,True,9.185033636253908e-13,9.641802876543291e-12
esm2_top28_bilstm_attn,train,1,combined,sequence_distal_ge21_no_direct_ca,shared_water_fraction_of_band_contacts,809,4399,-0.0005153781206078649,-0.0012350702908349859,0.00020431404961925622,True,3.835147120434342e-11,3.370070456055879e-10
esm2_top28_bilstm_attn,train,1,combined,sequence_distal_ge21_no_direct_ca,shared_water_fraction_of_query_contacts,809,4399,-0.0010761805381159105,-0.002434162706655153,0.00028180163042333217,True,3.4417471562126505e-13,3.863510391540444e-12
esm2_top28_bilstm_attn,train,1,combined,sequence_distal_ge21_no_direct_ca,shares_any_ecod_domain_with_band,802,4371,0.00214276673279667,-0.003454904974045323,0.007740438439638663,True,0.1048382091446168,0.23729114470727952
esm2_top28_bilstm_attn,train,1,combined,sequence_distal_ge21_no_direct_ca,shortest_nonlocal_contact_path_edges,790,4326,0.3243873271918329,0.2554648331082339,0.39330982127543185,True,4.3993109162328905e-21,6.780525237558947e-20
esm2_top28_bilstm_attn,train,1,combined,sequence_distal_ge21_no_direct_ca,shortest_ordinary_contact_path_edges,808,4397,0.20560420574593585,0.1388544666967127,0.272353944795159,True,8.236798268927123e-17,1.167581185274195e-15
esm2_top28_bilstm_attn,train,1,combined,sequence_distal_ge21_no_direct_ca,torsion_change_from_previous,809,4399,17.139704067755247,14.827563590589538,19.451844544920956,True,4.338519310835347e-40,1.0531755627052806e-38
esm2_top28_bilstm_attn,train,1,combined,sequence_distal_ge21_no_direct_ca,water_path_at_most_1,809,4399,-0.001888511272158547,-0.004784175941858221,0.0010071533975411263,True,2.403553153464634e-12,2.357424355569858e-11
esm2_top28_bilstm_attn,train,1,combined,sequence_distal_ge21_no_direct_ca,water_path_at_most_2,809,4399,-0.0018144781484760364,-0.00485662978587783,0.0012276734889257576,True,3.906759047296461e-11,3.417534265698076e-10
esm2_top28_bilstm_attn,train,1,combined,sequence_distal_ge21_no_direct_ca,water_path_at_most_3,809,4399,-0.0016958750061194482,-0.00479480815503229,0.0014030581427933943,True,2.592751589413161e-10,2.0895921610560393e-09
esm2_top28_bilstm_attn,train,1,combined,sequence_distal_ge21_no_direct_ca,water_path_exists,809,4399,-0.0015215629628852134,-0.004658727928019849,0.0016156020022494225,True,1.538778861104111e-10,1.2770549351556343e-09
esm2_top28_bilstm_attn,train,1,combined,sequence_distal_ge21_no_direct_ca,water_path_without_direct_ca_contact,809,4399,-0.0015215629628852134,-0.004658727928019849,0.0016156020022494225,True,1.538778861104111e-10,1.2770549351556343e-09
esm2_top28_bilstm_attn,train,1,combined,sequence_distal_ge21_no_direct_ca,water_path_without_direct_polar_contact,809,4399,-0.0015296463724635283,-0.00448335707594646,0.0014240643310194038,True,8.303759885244907e-10,6.3487801957266184e-09
esm2_top28_bilstm_attn,train,1,unclassified,all_eligible_queries,absolute_backbone_orientation_cosine,40,45,-0.03519482629462367,-0.10869021277704544,0.038300560187798094,True,0.8746293123804207,1.0
esm2_top28_bilstm_attn,train,1,unclassified,all_eligible_queries,absolute_sequence_separation,44,50,-1.010932478890995,-2.907518880462738,0.8856539226807478,True,0.4513808323961257,0.7183418367346939
esm2_top28_bilstm_attn,train,1,unclassified,all_eligible_queries,band_water_contact_count,41,46,0.0,0.0,0.0,True,1.0,1.0
esm2_top28_bilstm_attn,train,1,unclassified,all_eligible_queries,direct_ca_contact,41,46,0.08034079742556248,0.02474979653394166,0.1359317983171833,True,0.076812744140625,0.18059364300374545
esm2_top28_bilstm_attn,train,1,unclassified,all_eligible_queries,direct_putative_polar_contact,41,46,0.057793020096615084,0.010022770410771535,0.10556326978245864,True,0.548828125,0.8186053907450077
esm2_top28_bilstm_attn,train,1,unclassified,all_eligible_queries,direct_putative_polar_contact_count,41,46,0.13487635478680213,0.007021074403335853,0.26273163517026843,True,0.548828125,0.8186053907450077
esm2_top28_bilstm_attn,train,1,unclassified,all_eligible_queries,disorder,44,50,-0.06573508473641597,-0.12086820857921346,-0.010601960893618485,True,0.0012600338162656044,0.005243231827926643
esm2_top28_bilstm_attn,train,1,unclassified,all_eligible_queries,mean_query_contact_water_degree,33,36,0.01037054581172538,-0.12465330152342784,0.1453943931468786,True,0.8318119049072266,1.0
esm2_top28_bilstm_attn,train,1,unclassified,all_eligible_queries,minimum_ca_distance_angstrom,41,46,1.0706700893090852,-0.9431975715342995,3.08453775015247,True,0.5327092552361137,0.8031998242768111
esm2_top28_bilstm_attn,train,1,unclassified,all_eligible_queries,minimum_heavy_atom_distance_angstrom,41,46,1.366605597921365,-0.5999004713328211,3.333111667175551,True,1.0,1.0
esm2_top28_bilstm_attn,train,1,unclassified,all_eligible_queries,minimum_polar_atom_distance_angstrom,41,46,1.1793944977578663,-0.8037998226914074,3.1625888182071398,True,0.5327092552361137,0.8031998242768111
esm2_top28_bilstm_attn,train,1,unclassified,all_eligible_queries,neq,44,50,0.8959075116249878,0.6434998218697878,1.1483152013801878,True,1.000444171950221e-11,9.295993214963299e-11
esm2_top28_bilstm_attn,train,1,unclassified,all_eligible_queries,nonlocal_contact_path_exists,41,46,-0.05625614558501248,-0.12205552476921122,0.009543233599186247,True,0.18924713134765625,0.3773284692783865
esm2_top28_bilstm_attn,train,1,unclassified,all_eligible_queries,normalized_query_position,44,50,-0.0057845323847742595,-0.05912011740543846,0.04755105263588995,True,0.880395821280672,1.0
esm2_top28_bilstm_attn,train,1,unclassified,all_eligible_queries,one_water_bridge,41,46,0.026783954484104835,-0.007291114974237973,0.060859023942447646,True,1.0,1.0
esm2_top28_bilstm_attn,train,1,unclassified,all_eligible_queries,ordinary_contact_path_exists,41,46,0.0,0.0,0.0,True,1.0,1.0
esm2_top28_bilstm_attn,train,1,unclassified,all_eligible_queries,query_distance_to_band_domain_boundary_sequence,41,46,1.6426673079478475,-2.3567585233692534,5.642093139264949,True,1.0,1.0
esm2_top28_bilstm_attn,train,1,unclassified,all_eligible_queries,query_distance_to_community_boundary_edges,40,45,0.4872897960511701,0.2839360902034961,0.6906435018988442,True,7.427530363202095e-06,4.074650837666234e-05
esm2_top28_bilstm_attn,train,1,unclassified,all_eligible_queries,query_distance_to_ecod_boundary_sequence,41,46,1.5254548783917041,-2.4168889191827283,5.467798675966137,True,1.0,1.0
esm2_top28_bilstm_attn,train,1,unclassified,all_eligible_queries,query_in_any_band,44,50,0.6227276558029031,0.5096402634744166,0.7358150481313896,True,1.4933903003111482e-09,1.1154476781554807e-08
esm2_top28_bilstm_attn,train,1,unclassified,all_eligible_queries,query_to_band_contact_count,41,46,0.21641803444574104,0.05159449847351058,0.38124157041797146,True,0.076812744140625,0.18059364300374545
esm2_top28_bilstm_attn,train,1,unclassified,all_eligible_queries,query_to_band_contact_fraction,41,46,0.05289342066891811,0.015211954302465407,0.09057488703537081,True,0.076812744140625,0.18059364300374545
esm2_top28_bilstm_attn,train,1,unclassified,all_eligible_queries,query_water_contact_count,41,46,0.2820770817307991,0.002577087473354278,0.5615770759882439,True,0.7492586247608418,1.0
esm2_top28_bilstm_attn,train,1,unclassified,all_eligible_queries,reachable_query_water_entry_count,41,46,0.03259790797353345,-0.005995073474467177,0.07119088942153408,True,1.0,1.0
esm2_top28_bilstm_attn,train,1,unclassified,all_eligible_queries,relative_backbone_orientation_cosine,40,45,0.02080847856012129,-0.13016542558184785,0.17178238270209045,True,0.8746293123804207,1.0
esm2_top28_bilstm_attn,train,1,unclassified,all_eligible_queries,rsa,44,50,0.07847566521980784,0.03834718993354612,0.11860414050606956,True,0.0012600338162656044,0.005243231827926643
esm2_top28_bilstm_attn,train,1,unclassified,all_eligible_queries,same_community_as_band_apex,41,46,0.000122458926043998,-0.05627538430934249,0.05652030216143048,True,0.8238029479980469,1.0
esm2_top28_bilstm_attn,train,1,unclassified,all_eligible_queries,same_community_as_band_majority,40,44,-0.018214125773825113,-0.07557393960737238,0.03914568805972215,True,0.5234670639038086,0.7941976860165596
esm2_top28_bilstm_attn,train,1,unclassified,all_eligible_queries,same_ecod_domain_as_band_apex,41,46,0.014563164771096423,-0.006137832386938161,0.03526416192913101,True,0.375,0.6365821678321678
esm2_top28_bilstm_attn,train,1,unclassified,all_eligible_queries,shared_water_count,41,46,0.026783954484104835,-0.007291114974237973,0.060859023942447646,True,1.0,1.0
esm2_top28_bilstm_attn,train,1,unclassified,all_eligible_queries,shared_water_fraction_of_band_contacts,41,46,0.013278466804573936,-0.007290988254165272,0.033847921863313146,True,1.0,1.0
esm2_top28_bilstm_attn,train,1,unclassified,all_eligible_queries,shared_water_fraction_of_query_contacts,41,46,0.015691760792229306,-0.00543663803090131,0.03682015961535992,True,1.0,1.0
esm2_top28_bilstm_attn,train,1,unclassified,all_eligible_queries,shares_any_ecod_domain_with_band,41,46,0.014563164771096423,-0.006137832386938161,0.03526416192913101,True,0.375,0.6365821678321678
esm2_top28_bilstm_attn,train,1,unclassified,all_eligible_queries,shortest_nonlocal_contact_path_edges,40,45,0.5393514152084078,0.07841926685979,1.0002835635570255,True,0.19959086691960698,0.3959197789150937
esm2_top28_bilstm_attn,train,1,unclassified,all_eligible_queries,shortest_ordinary_contact_path_edges,41,46,0.19748395099872496,-0.2751820090843519,0.6701499110818019,True,1.0,1.0
esm2_top28_bilstm_attn,train,1,unclassified,all_eligible_queries,torsion_change_from_previous,44,50,28.278200601321373,17.1303323709936,39.42606883164915,True,0.00038813090293388086,0.0017652229824299686
esm2_top28_bilstm_attn,train,1,unclassified,all_eligible_queries,water_path_at_most_1,41,46,0.026783954484104835,-0.007291114974237973,0.060859023942447646,True,1.0,1.0
esm2_top28_bilstm_attn,train,1,unclassified,all_eligible_queries,water_path_at_most_2,41,46,0.03259790797353345,-0.005995073474467177,0.07119088942153408,True,1.0,1.0
esm2_top28_bilstm_attn,train,1,unclassified,all_eligible_queries,water_path_at_most_3,41,46,0.03259790797353345,-0.005995073474467177,0.07119088942153408,True,1.0,1.0
esm2_top28_bilstm_attn,train,1,unclassified,all_eligible_queries,water_path_exists,41,46,0.03259790797353345,-0.005995073474467177,0.07119088942153408,True,1.0,1.0
esm2_top28_bilstm_attn,train,1,unclassified,all_eligible_queries,water_path_without_direct_ca_contact,41,46,0.008468834683299066,-0.005285568148308908,0.02222323751490704,True,1.0,1.0
esm2_top28_bilstm_attn,train,1,unclassified,all_eligible_queries,water_path_without_direct_polar_contact,41,46,0.013583207687927666,-0.008587640534903317,0.03575405591075865,True,0.6875,0.9557086614173228
esm2_top28_bilstm_attn,train,1,unclassified,sequence_distal_ge21,absolute_backbone_orientation_cosine,29,33,-0.050535555629209535,-0.1530128786319279,0.051941767373508814,True,0.45825831964612007,0.7235265502055002
esm2_top28_bilstm_attn,train,1,unclassified,sequence_distal_ge21,absolute_sequence_separation,36,40,-2.4566824703157644,-5.572255617709375,0.6588906770778471,True,0.06524533522315325,0.1608410799050633
esm2_top28_bilstm_attn,train,1,unclassified,sequence_distal_ge21,band_water_contact_count,32,36,0.0,0.0,0.0,True,1.0,1.0
esm2_top28_bilstm_attn,train,1,unclassified,sequence_distal_ge21,direct_ca_contact,32,36,0.03690092752415997,-0.01409354365584678,0.08789539870416672,True,0.548828125,0.8186053907450077
esm2_top28_bilstm_attn,train,1,unclassified,sequence_distal_ge21,direct_putative_polar_contact,32,36,-0.0036006281618028877,-0.007149181720351399,-5.207460325437575e-05,True,0.125,0.2715324384787472
esm2_top28_bilstm_attn,train,1,unclassified,sequence_distal_ge21,direct_putative_polar_contact_count,32,36,-0.004577190661802888,-0.009456257283875327,0.00030187596026955144,True,0.125,0.2715324384787472
esm2_top28_bilstm_attn,train,1,unclassified,sequence_distal_ge21,disorder,36,40,-0.10955363901113846,-0.1559950187685858,-0.06311225925369113,True,1.2913485988974571e-05,6.908537132393558e-05
esm2_top28_bilstm_attn,train,1,unclassified,sequence_distal_ge21,mean_query_contact_water_degree,24,27,-0.00844709507914053,-0.1848390185729732,0.16794482841469216,True,0.629058837890625,0.9002448512775193
esm2_top28_bilstm_attn,train,1,unclassified,sequence_distal_ge21,minimum_ca_distance_angstrom,32,36,1.0588483596841494,-1.5447669859926307,3.6624637053609295,True,0.860050065908581,1.0
esm2_top28_bilstm_attn,train,1,unclassified,sequence_distal_ge21,minimum_heavy_atom_distance_angstrom,32,36,1.4005325173338254,-1.0953442967706886,3.8964093314383392,True,0.860050065908581,1.0
esm2_top28_bilstm_attn,train,1,unclassified,sequence_distal_ge21,minimum_polar_atom_distance_angstrom,32,36,1.0375679607192674,-1.5207069474277835,3.595842868866318,True,0.860050065908581,1.0
esm2_top28_bilstm_attn,train,1,unclassified,sequence_distal_ge21,neq,36,40,0.9354518508076473,0.6770169984585558,1.1938867031567386,True,1.076841726899147e-09,8.137068613377991e-09
esm2_top28_bilstm_attn,train,1,unclassified,sequence_distal_ge21,nonlocal_contact_path_exists,32,36,-0.04953290065750479,-0.14003294789009646,0.04096714657508689,True,0.480682373046875,0.7528106197234123
esm2_top28_bilstm_attn,train,1,unclassified,sequence_distal_ge21,normalized_query_position,36,40,0.00043779231051684075,-0.08033154519979366,0.08120712982082734,True,1.0,1.0
esm2_top28_bilstm_attn,train,1,unclassified,sequence_distal_ge21,one_water_bridge,32,36,0.017436079541221262,-0.011328630485199755,0.04620078956764228,True,1.0,1.0
esm2_top28_bilstm_attn,train,1,unclassified,sequence_distal_ge21,ordinary_contact_path_exists,32,36,0.0,0.0,0.0,True,1.0,1.0
esm2_top28_bilstm_attn,train,1,unclassified,sequence_distal_ge21,query_distance_to_band_domain_boundary_sequence,32,36,6.289587305486203,1.0302966511664584,11.548877959805946,True,0.0070003666914999485,0.023850372131391052
esm2_top28_bilstm_attn,train,1,unclassified,sequence_distal_ge21,query_distance_to_community_boundary_edges,30,34,0.5348909689982732,0.2414398292164452,0.8283421087801011,True,0.002315700054168701,0.009012203417225686
esm2_top28_bilstm_attn,train,1,unclassified,sequence_distal_ge21,query_distance_to_ecod_boundary_sequence,32,36,5.841564149161179,0.651625155689576,11.031503142632783,True,0.020061607006937265,0.05979052212902065
esm2_top28_bilstm_attn,train,1,unclassified,sequence_distal_ge21,query_in_any_band,36,40,0.6320406088264503,0.5018016050587681,0.7622796125941325,True,1.5366822481155396e-08,1.0398038069130236e-07
esm2_top28_bilstm_attn,train,1,unclassified,sequence_distal_ge21,query_to_band_contact_count,32,36,0.0701040526017702,-0.024048970056063643,0.16425707525960404,True,0.548828125,0.8186053907450077
esm2_top28_bilstm_attn,train,1,unclassified,sequence_distal_ge21,query_to_band_contact_fraction,32,36,0.01769867351880142,-0.00599940663321619,0.041396753670819034,True,0.548828125,0.8186053907450077
esm2_top28_bilstm_attn,train,1,unclassified,sequence_distal_ge21,query_water_contact_count,32,36,0.35644160747372855,-0.05644809739780776,0.7693313123452649,True,0.8505540192127228,1.0
esm2_top28_bilstm_attn,train,1,unclassified,sequence_distal_ge21,reachable_query_water_entry_count,32,36,0.016709335357882084,-0.012152508731481625,0.04557117944724579,True,1.0,1.0
esm2_top28_bilstm_attn,train,1,unclassified,sequence_distal_ge21,relative_backbone_orientation_cosine,29,33,-0.021441150576561346,-0.23079911254273036,0.18791681138960767,True,0.711071103811264,0.9779745634571351
esm2_top28_bilstm_attn,train,1,unclassified,sequence_distal_ge21,rsa,36,40,0.04771117671023403,0.006004357073604409,0.08941799634686365,True,0.06524533522315325,0.1608410799050633
esm2_top28_bilstm_attn,train,1,unclassified,sequence_distal_ge21,same_community_as_band_apex,32,36,-0.009633545771551632,-0.0818703780654297,0.06260328652232643,True,0.4239501953125,0.6913588787085257
esm2_top28_bilstm_attn,train,1,unclassified,sequence_distal_ge21,same_community_as_band_majority,32,35,-0.013752863936436675,-0.08640335568108978,0.058897627808216425,True,0.30175781249999994,0.5481886547006547
esm2_top28_bilstm_attn,train,1,unclassified,sequence_distal_ge21,same_ecod_domain_as_band_apex,32,36,0.01716275183134712,-0.011088563362950617,0.04541406702564486,True,0.375,0.6365821678321678
esm2_top28_bilstm_attn,train,1,unclassified,sequence_distal_ge21,shared_water_count,32,36,0.017436079541221262,-0.011328630485199755,0.04620078956764228,True,1.0,1.0
esm2_top28_bilstm_attn,train,1,unclassified,sequence_distal_ge21,shared_water_fraction_of_band_contacts,32,36,0.010861404269235209,-0.013542766210149364,0.035265574748619785,True,1.0,1.0
esm2_top28_bilstm_attn,train,1,unclassified,sequence_distal_ge21,shared_water_fraction_of_query_contacts,32,36,0.011671401513740421,-0.010079856795351031,0.03342265982283187,True,1.0,1.0
esm2_top28_bilstm_attn,train,1,unclassified,sequence_distal_ge21,shares_any_ecod_domain_with_band,32,36,0.01716275183134712,-0.011088563362950617,0.04541406702564486,True,0.375,0.6365821678321678
esm2_top28_bilstm_attn,train,1,unclassified,sequence_distal_ge21,shortest_nonlocal_contact_path_edges,30,34,0.6297690467039743,-0.027102079907039722,1.2866401733149884,True,0.0241195447742939,0.07022512136683472
esm2_top28_bilstm_attn,train,1,unclassified,sequence_distal_ge21,shortest_ordinary_contact_path_edges,32,36,0.19261797840396563,-0.43018963479058503,0.8154255915985164,True,0.14961278438568115,0.3117468103830395
esm2_top28_bilstm_attn,train,1,unclassified,sequence_distal_ge21,torsion_change_from_previous,36,40,33.942431717802585,22.21614956246428,45.66871387314089,True,1.2913485988974571e-05,6.908537132393558e-05
esm2_top28_bilstm_attn,train,1,unclassified,sequence_distal_ge21,water_path_at_most_1,32,36,0.017436079541221262,-0.011328630485199755,0.04620078956764228,True,1.0,1.0
esm2_top28_bilstm_attn,train,1,unclassified,sequence_distal_ge21,water_path_at_most_2,32,36,0.016709335357882084,-0.012152508731481625,0.04557117944724579,True,1.0,1.0
esm2_top28_bilstm_attn,train,1,unclassified,sequence_distal_ge21,water_path_at_most_3,32,36,0.016709335357882084,-0.012152508731481625,0.04557117944724579,True,1.0,1.0
esm2_top28_bilstm_attn,train,1,unclassified,sequence_distal_ge21,water_path_exists,32,36,0.016709335357882084,-0.012152508731481625,0.04557117944724579,True,1.0,1.0
esm2_top28_bilstm_attn,train,1,unclassified,sequence_distal_ge21,water_path_without_direct_ca_contact,32,36,0.01171875,-0.00586430094234178,0.02930180094234178,True,0.5,0.7712470214455918
esm2_top28_bilstm_attn,train,1,unclassified,sequence_distal_ge21,water_path_without_direct_polar_contact,32,36,0.018049269949551673,-0.010459871721464703,0.04655841162056805,True,1.0,1.0
esm2_top28_bilstm_attn,train,1,unclassified,sequence_distal_ge21_no_direct_ca,absolute_backbone_orientation_cosine,29,33,-0.04372744279346246,-0.14936746125658426,0.06191257566965933,True,0.45825831964612007,0.7235265502055002
esm2_top28_bilstm_attn,train,1,unclassified,sequence_distal_ge21_no_direct_ca,absolute_sequence_separation,32,36,-2.0203809797178303,-5.742593542124945,1.7018315826892843,True,0.5966148958541453,0.8685744367650123
esm2_top28_bilstm_attn,train,1,unclassified,sequence_distal_ge21_no_direct_ca,band_water_contact_count,32,36,0.0,0.0,0.0,True,1.0,1.0
esm2_top28_bilstm_attn,train,1,unclassified,sequence_distal_ge21_no_direct_ca,direct_ca_contact,32,36,0.0,0.0,0.0,True,1.0,1.0
esm2_top28_bilstm_attn,train,1,unclassified,sequence_distal_ge21_no_direct_ca,direct_putative_polar_contact,32,36,-0.002278419025242328,-0.005088435989162013,0.0005315979386773572,True,0.25,0.4759803921568627
esm2_top28_bilstm_attn,train,1,unclassified,sequence_distal_ge21_no_direct_ca,direct_putative_polar_contact_count,32,36,-0.002278419025242328,-0.005088435989162013,0.0005315979386773572,True,0.25,0.4759803921568627
esm2_top28_bilstm_attn,train,1,unclassified,sequence_distal_ge21_no_direct_ca,disorder,32,36,-0.09284547447151456,-0.15148353271419762,-0.0342074162288315,True,0.050102459732443094,0.12955922343595805
esm2_top28_bilstm_attn,train,1,unclassified,sequence_distal_ge21_no_direct_ca,mean_query_contact_water_degree,24,26,-0.008306957781314852,-0.18505566375048924,0.16844174818785954,True,0.629058837890625,0.9002448512775193
esm2_top28_bilstm_attn,train,1,unclassified,sequence_distal_ge21_no_direct_ca,minimum_ca_distance_angstrom,32,36,1.4720201089978215,-1.063843135184685,4.007883353180328,True,0.860050065908581,1.0
esm2_top28_bilstm_attn,train,1,unclassified,sequence_distal_ge21_no_direct_ca,minimum_heavy_atom_distance_angstrom,32,36,1.7798712770144143,-0.660871517912242,4.22061407194107,True,0.5966148958541453,0.8685744367650123
esm2_top28_bilstm_attn,train,1,unclassified,sequence_distal_ge21_no_direct_ca,minimum_polar_atom_distance_angstrom,32,36,1.340137979388237,-1.1795517371356792,3.8598276959121534,True,0.860050065908581,1.0
esm2_top28_bilstm_attn,train,1,unclassified,sequence_distal_ge21_no_direct_ca,neq,32,36,0.9236507788988075,0.5912015204805439,1.2561000373170712,True,2.4633482098579407e-07,1.5235102622751977e-06
esm2_top28_bilstm_attn,train,1,unclassified,sequence_distal_ge21_no_direct_ca,nonlocal_contact_path_exists,32,36,-0.04924880815669893,-0.13980984569379842,0.04131222938040057,True,0.480682373046875,0.7528106197234123
esm2_top28_bilstm_attn,train,1,unclassified,sequence_distal_ge21_no_direct_ca,normalized_query_position,32,36,-0.003879383581960126,-0.09352111504621319,0.08576234788229292,True,0.860050065908581,1.0
esm2_top28_bilstm_attn,train,1,unclassified,sequence_distal_ge21_no_direct_ca,one_water_bridge,32,36,0.013020833333333332,-0.005841824221845128,0.03188349088851179,True,0.5,0.7712470214455918
esm2_top28_bilstm_attn,train,1,unclassified,sequence_distal_ge21_no_direct_ca,ordinary_contact_path_exists,32,36,0.0,0.0,0.0,True,1.0,1.0
esm2_top28_bilstm_attn,train,1,unclassified,sequence_distal_ge21_no_direct_ca,query_distance_to_band_domain_boundary_sequence,31,35,7.094257520860241,1.8691304229457701,12.319384618774713,True,0.003326892852783203,0.012190237585103736
esm2_top28_bilstm_attn,train,1,unclassified,sequence_distal_ge21_no_direct_ca,query_distance_to_community_boundary_edges,29,33,0.5043630014377078,0.21108435752771787,0.7976416453476978,True,0.0037191659212112427,0.013424944644966977
esm2_top28_bilstm_attn,train,1,unclassified,sequence_distal_ge21_no_direct_ca,query_distance_to_ecod_boundary_sequence,31,35,6.635708266432568,1.4728248726255035,11.798591660239632,True,0.010673840530216694,0.03519286640013722
esm2_top28_bilstm_attn,train,1,unclassified,sequence_distal_ge21_no_direct_ca,query_in_any_band,32,36,0.6883843416577609,0.5446279097710816,0.8321407735444402,True,1.1175870895385742e-07,7.115915173389873e-07
esm2_top28_bilstm_attn,train,1,unclassified,sequence_distal_ge21_no_direct_ca,query_to_band_contact_count,32,36,0.0,0.0,0.0,True,1.0,1.0
esm2_top28_bilstm_attn,train,1,unclassified,sequence_distal_ge21_no_direct_ca,query_to_band_contact_fraction,32,36,0.0,0.0,0.0,True,1.0,1.0
esm2_top28_bilstm_attn,train,1,unclassified,sequence_distal_ge21_no_direct_ca,query_water_contact_count,32,36,0.3253360983217135,-0.09437440196119029,0.7450465986046173,True,1.0,1.0
esm2_top28_bilstm_attn,train,1,unclassified,sequence_distal_ge21_no_direct_ca,reachable_query_water_entry_count,32,36,0.013020833333333332,-0.005841824221845128,0.03188349088851179,True,0.5,0.7712470214455918
esm2_top28_bilstm_attn,train,1,unclassified,sequence_distal_ge21_no_direct_ca,relative_backbone_orientation_cosine,29,33,-0.03612469898900767,-0.25597862852578496,0.18372923054776963,True,0.711071103811264,0.9779745634571351
esm2_top28_bilstm_attn,train,1,unclassified,sequence_distal_ge21_no_direct_ca,rsa,32,36,0.07382764436560418,0.027425102642857677,0.12023018608835069,True,0.020061607006937265,0.05979052212902065
esm2_top28_bilstm_attn,train,1,unclassified,sequence_distal_ge21_no_direct_ca,same_community_as_band_apex,32,36,-0.03500224042994281,-0.09177755718043473,0.021773076320549117,True,0.2265625,0.44175138052208834
esm2_top28_bilstm_attn,train,1,unclassified,sequence_distal_ge21_no_direct_ca,same_community_as_band_majority,32,35,-0.03894569285524388,-0.09596393599421506,0.0180725502837273,True,0.14599609375,0.3051931260091496
esm2_top28_bilstm_attn,train,1,unclassified,sequence_distal_ge21_no_direct_ca,same_ecod_domain_as_band_apex,31,35,0.019739337944455683,-0.009869724804715485,0.04934840069362685,True,0.375,0.6365821678321678
esm2_top28_bilstm_attn,train,1,unclassified,sequence_distal_ge21_no_direct_ca,shared_water_count,32,36,0.013020833333333332,-0.005841824221845128,0.03188349088851179,True,0.5,0.7712470214455918
esm2_top28_bilstm_attn,train,1,unclassified,sequence_distal_ge21_no_direct_ca,shared_water_fraction_of_band_contacts,32,36,0.006324404811797041,-0.004467170918694947,0.01711598054228903,True,0.5,0.7712470214455918
esm2_top28_bilstm_attn,train,1,unclassified,sequence_distal_ge21_no_direct_ca,shared_water_fraction_of_query_contacts,32,36,0.006510416666666666,-0.002920912110922564,0.015941745444255896,True,0.5,0.7712470214455918
esm2_top28_bilstm_attn,train,1,unclassified,sequence_distal_ge21_no_direct_ca,shares_any_ecod_domain_with_band,31,35,0.019739337944455683,-0.009869724804715485,0.04934840069362685,True,0.375,0.6365821678321678
esm2_top28_bilstm_attn,train,1,unclassified,sequence_distal_ge21_no_direct_ca,shortest_nonlocal_contact_path_edges,29,33,0.8225099015509945,0.22136441052398903,1.423655392578,True,0.012540951371192932,0.04072663472049611
esm2_top28_bilstm_attn,train,1,unclassified,sequence_distal_ge21_no_direct_ca,shortest_ordinary_contact_path_edges,32,36,0.24073150878151256,-0.36348329887271585,0.8449463164357409,True,0.28104151505976915,0.5242868609472351
esm2_top28_bilstm_attn,train,1,unclassified,sequence_distal_ge21_no_direct_ca,torsion_change_from_previous,32,36,32.59595739507634,16.97564009508907,48.21627469506361,True,0.0070003666914999485,0.023850372131391052
esm2_top28_bilstm_attn,train,1,unclassified,sequence_distal_ge21_no_direct_ca,water_path_at_most_1,32,36,0.013020833333333332,-0.005841824221845128,0.03188349088851179,True,0.5,0.7712470214455918
esm2_top28_bilstm_attn,train,1,unclassified,sequence_distal_ge21_no_direct_ca,water_path_at_most_2,32,36,0.013020833333333332,-0.005841824221845128,0.03188349088851179,True,0.5,0.7712470214455918
esm2_top28_bilstm_attn,train,1,unclassified,sequence_distal_ge21_no_direct_ca,water_path_at_most_3,32,36,0.013020833333333332,-0.005841824221845128,0.03188349088851179,True,0.5,0.7712470214455918
esm2_top28_bilstm_attn,train,1,unclassified,sequence_distal_ge21_no_direct_ca,water_path_exists,32,36,0.013020833333333332,-0.005841824221845128,0.03188349088851179,True,0.5,0.7712470214455918
esm2_top28_bilstm_attn,train,1,unclassified,sequence_distal_ge21_no_direct_ca,water_path_without_direct_ca_contact,32,36,0.013020833333333332,-0.005841824221845128,0.03188349088851179,True,0.5,0.7712470214455918
esm2_top28_bilstm_attn,train,1,unclassified,sequence_distal_ge21_no_direct_ca,water_path_without_direct_polar_contact,32,36,0.013020833333333332,-0.005841824221845128,0.03188349088851179,True,0.5,0.7712470214455918
esm2_top28_bilstm_attn,train,1,consultation_dominated,all_eligible_queries,absolute_backbone_orientation_cosine,27,35,-0.008560327469628048,-0.09388459754335078,0.07676394260409468,True,1.0,1.0
esm2_top28_bilstm_attn,train,1,consultation_dominated,all_eligible_queries,absolute_sequence_separation,28,36,-1.6830393817509361,-7.274153894101806,3.9080751305999333,True,0.8505540192127228,1.0
esm2_top28_bilstm_attn,train,1,consultation_dominated,all_eligible_queries,band_water_contact_count,27,35,0.0,0.0,0.0,True,1.0,1.0
esm2_top28_bilstm_attn,train,1,consultation_dominated,all_eligible_queries,direct_ca_contact,27,35,0.025744215300474216,-0.04035028090955903,0.09183871151050746,True,1.0,1.0
esm2_top28_bilstm_attn,train,1,consultation_dominated,all_eligible_queries,direct_putative_polar_contact,27,35,0.011125808627044077,-0.0409853751189991,0.06323699237308725,True,0.75390625,1.0
esm2_top28_bilstm_attn,train,1,consultation_dominated,all_eligible_queries,direct_putative_polar_contact_count,27,35,0.012874780065746319,-0.04637131962660631,0.07212087975809894,True,0.75390625,1.0
esm2_top28_bilstm_attn,train,1,consultation_dominated,all_eligible_queries,disorder,28,36,-0.044075646663193156,-0.10967462749404877,0.021523334167662465,True,0.34492845088243484,0.6111779668008106
esm2_top28_bilstm_attn,train,1,consultation_dominated,all_eligible_queries,mean_query_contact_water_degree,22,29,0.05228483632884242,-0.11917895976630691,0.22374863242399176,True,0.26317596435546875,0.494282130346538
esm2_top28_bilstm_attn,train,1,consultation_dominated,all_eligible_queries,minimum_ca_distance_angstrom,27,35,1.8812534421699878,-0.6684413656382575,4.430948249978233,True,0.0191572904586792,0.058496003255904094
esm2_top28_bilstm_attn,train,1,consultation_dominated,all_eligible_queries,minimum_heavy_atom_distance_angstrom,27,35,1.9461912177577572,-0.6610287843151557,4.55341121983067,True,0.052238985896110535,0.13419062250032626
esm2_top28_bilstm_attn,train,1,consultation_dominated,all_eligible_queries,minimum_polar_atom_distance_angstrom,27,35,1.8348006636026954,-0.7853570856530294,4.454958412858421,True,0.0191572904586792,0.058496003255904094
esm2_top28_bilstm_attn,train,1,consultation_dominated,all_eligible_queries,neq,28,36,0.746458114392065,0.5594624623421931,0.9334537664419369,True,7.450580596923828e-09,5.167509828295027e-08
esm2_top28_bilstm_attn,train,1,consultation_dominated,all_eligible_queries,nonlocal_contact_path_exists,27,35,-0.0610097228131667,-0.14463502506786094,0.022615579441527534,True,0.5810546875,0.8516288325471698
esm2_top28_bilstm_attn,train,1,consultation_dominated,all_eligible_queries,normalized_query_position,28,36,0.007194943815332046,-0.08294209429028586,0.09733198192094995,True,0.8505540192127228,1.0
esm2_top28_bilstm_attn,train,1,consultation_dominated,all_eligible_queries,one_water_bridge,27,35,0.007079868879648855,-0.025981186679647744,0.04014092443894546,True,0.375,0.6365821678321678
esm2_top28_bilstm_attn,train,1,consultation_dominated,all_eligible_queries,ordinary_contact_path_exists,27,35,0.0,0.0,0.0,True,1.0,1.0
esm2_top28_bilstm_attn,train,1,consultation_dominated,all_eligible_queries,query_distance_to_band_domain_boundary_sequence,27,35,-0.7084029276464906,-6.684745593409007,5.267939738116025,True,0.7011080384254456,0.9663249188234317
esm2_top28_bilstm_attn,train,1,consultation_dominated,all_eligible_queries,query_distance_to_community_boundary_edges,26,34,0.49242763949992524,0.2505955189417826,0.7342597600580678,True,0.004077315330505371,0.014555416124708512
esm2_top28_bilstm_attn,train,1,consultation_dominated,all_eligible_queries,query_distance_to_ecod_boundary_sequence,27,35,0.011144859772580819,-5.753557545316807,5.7758472648619685,True,0.7011080384254456,0.9663249188234317
esm2_top28_bilstm_attn,train,1,consultation_dominated,all_eligible_queries,query_in_any_band,28,36,0.6552017724004654,0.5186950232415926,0.7917085215593382,True,1.1920928955078125e-07,7.565504585216248e-07
esm2_top28_bilstm_attn,train,1,consultation_dominated,all_eligible_queries,query_to_band_contact_count,27,35,0.06007695958097145,-0.10382533690738521,0.22397925606932811,True,1.0,1.0
esm2_top28_bilstm_attn,train,1,consultation_dominated,all_eligible_queries,query_to_band_contact_fraction,27,35,0.01317373524539869,-0.037182732171747515,0.0635302026625449,True,1.0,1.0
esm2_top28_bilstm_attn,train,1,consultation_dominated,all_eligible_queries,query_water_contact_count,27,35,0.06687762225983004,-0.14876382907348823,0.2825190735931483,True,0.42435622215270996,0.6913588787085257
esm2_top28_bilstm_attn,train,1,consultation_dominated,all_eligible_queries,reachable_query_water_entry_count,27,35,0.004654824748517038,-0.04645914602725945,0.05576879552429352,True,0.453125,0.7183418367346939
esm2_top28_bilstm_attn,train,1,consultation_dominated,all_eligible_queries,relative_backbone_orientation_cosine,27,35,-0.09622560650151854,-0.2648992510450889,0.0724480380420518,True,0.44206833839416504,0.713629853002052
esm2_top28_bilstm_attn,train,1,consultation_dominated,all_eligible_queries,rsa,28,36,0.12364184731621297,0.08025427768209611,0.16702941695032983,True,0.00017999112606048584,0.0008760470346101842
esm2_top28_bilstm_attn,train,1,consultation_dominated,all_eligible_queries,same_community_as_band_apex,27,35,-0.020887021489358174,-0.11309744561933763,0.07132340264062129,True,0.6476058959960938,0.9220312683463446
esm2_top28_bilstm_attn,train,1,consultation_dominated,all_eligible_queries,same_community_as_band_majority,24,31,-0.04029211687421791,-0.12503894018638495,0.04445470643794912,True,1.0,1.0
esm2_top28_bilstm_attn,train,1,consultation_dominated,all_eligible_queries,same_ecod_domain_as_band_apex,27,35,0.005476190520342063,-0.01992914178389279,0.030881522824576915,True,1.0,1.0
esm2_top28_bilstm_attn,train,1,consultation_dominated,all_eligible_queries,shared_water_count,27,35,0.007079868879648855,-0.025981186679647744,0.04014092443894546,True,0.375,0.6365821678321678
esm2_top28_bilstm_attn,train,1,consultation_dominated,all_eligible_queries,shared_water_fraction_of_band_contacts,27,35,0.0045997102901329705,-0.01135268317570964,0.02055210375597558,True,0.375,0.6365821678321678
esm2_top28_bilstm_attn,train,1,consultation_dominated,all_eligible_queries,shared_water_fraction_of_query_contacts,27,35,0.01276769906748908,-0.02225904115147834,0.047794439286456505,True,0.375,0.6365821678321678
esm2_top28_bilstm_attn,train,1,consultation_dominated,all_eligible_queries,shares_any_ecod_domain_with_band,27,35,0.005476190520342063,-0.01992914178389279,0.030881522824576915,True,1.0,1.0
esm2_top28_bilstm_attn,train,1,consultation_dominated,all_eligible_queries,shortest_nonlocal_contact_path_edges,26,34,0.6673499666836673,0.20688127049104205,1.1278186628762925,True,0.028959274291992188,0.08091929593532206
esm2_top28_bilstm_attn,train,1,consultation_dominated,all_eligible_queries,shortest_ordinary_contact_path_edges,27,35,0.5227503636736929,0.10362262806303502,0.9418780992843507,True,0.009355306625366211,0.031056419600788344
esm2_top28_bilstm_attn,train,1,consultation_dominated,all_eligible_queries,torsion_change_from_previous,28,36,21.41094861714385,4.283266397468868,38.538630836818825,True,0.1849333420395851,0.3694861627992534
esm2_top28_bilstm_attn,train,1,consultation_dominated,all_eligible_queries,water_path_at_most_1,27,35,0.007079868879648855,-0.025981186679647744,0.04014092443894546,True,0.375,0.6365821678321678
esm2_top28_bilstm_attn,train,1,consultation_dominated,all_eligible_queries,water_path_at_most_2,27,35,0.011709498785225914,-0.035028438032688194,0.058447435603140016,True,0.453125,0.7183418367346939
esm2_top28_bilstm_attn,train,1,consultation_dominated,all_eligible_queries,water_path_at_most_3,27,35,0.011709498785225914,-0.035028438032688194,0.058447435603140016,True,0.453125,0.7183418367346939
esm2_top28_bilstm_attn,train,1,consultation_dominated,all_eligible_queries,water_path_exists,27,35,0.011709498785225914,-0.035028438032688194,0.058447435603140016,True,0.453125,0.7183418367346939
esm2_top28_bilstm_attn,train,1,consultation_dominated,all_eligible_queries,water_path_without_direct_ca_contact,27,35,-0.014304611035269506,-0.02997309255352725,0.001363870482988241,True,0.0625,0.15804036458333334
esm2_top28_bilstm_attn,train,1,consultation_dominated,all_eligible_queries,water_path_without_direct_polar_contact,27,35,-0.0015621064197948783,-0.015867672696476473,0.012743459856886716,True,1.0,1.0
esm2_top28_bilstm_attn,train,1,consultation_dominated,sequence_distal_ge21,absolute_backbone_orientation_cosine,26,34,-0.033616132634636184,-0.11493280048508664,0.04770053521581427,True,0.8450189828872681,1.0
esm2_top28_bilstm_attn,train,1,consultation_dominated,sequence_distal_ge21,absolute_sequence_separation,27,35,-1.7614348961756239,-7.899177843832924,4.376308051481677,True,1.0,1.0
esm2_top28_bilstm_attn,train,1,consultation_dominated,sequence_distal_ge21,band_water_contact_count,26,34,0.0,0.0,0.0,True,1.0,1.0
esm2_top28_bilstm_attn,train,1,consultation_dominated,sequence_distal_ge21,direct_ca_contact,26,34,-0.013482350684129273,-0.06642670323144922,0.039462001863190675,True,0.2890625,0.528918415146627
esm2_top28_bilstm_attn,train,1,consultation_dominated,sequence_distal_ge21,direct_putative_polar_contact,26,34,-0.026602564112116128,-0.06699365398776409,0.013788525763531834,True,0.125,0.2715324384787472
esm2_top28_bilstm_attn,train,1,consultation_dominated,sequence_distal_ge21,direct_putative_polar_contact_count,26,34,-0.031410256419808436,-0.07488450377712255,0.01206399093750568,True,0.125,0.2715324384787472
esm2_top28_bilstm_attn,train,1,consultation_dominated,sequence_distal_ge21,disorder,27,35,-0.05955398650886537,-0.13267834181482308,0.013570368797092336,True,0.44206833839416504,0.713629853002052
esm2_top28_bilstm_attn,train,1,consultation_dominated,sequence_distal_ge21,mean_query_contact_water_degree,22,29,-0.015085294718543701,-0.1999951263404989,0.1698245369034115,True,0.6476058959960938,0.9220312683463446
esm2_top28_bilstm_attn,train,1,consultation_dominated,sequence_distal_ge21,minimum_ca_distance_angstrom,26,34,1.403093241015051,-1.5997561312880009,4.4059426133181026,True,0.07551869750022888,0.1802453432895077
esm2_top28_bilstm_attn,train,1,consultation_dominated,sequence_distal_ge21,minimum_heavy_atom_distance_angstrom,26,34,1.5087277401206838,-1.4820357452411534,4.499491225482521,True,0.07551869750022888,0.1802453432895077
esm2_top28_bilstm_attn,train,1,consultation_dominated,sequence_distal_ge21,minimum_polar_atom_distance_angstrom,26,34,1.203411906397241,-1.8421583980809284,4.24898221087541,True,0.16863754391670227,0.343285230908004
esm2_top28_bilstm_attn,train,1,consultation_dominated,sequence_distal_ge21,neq,27,35,0.7468527948949294,0.5661747865757104,0.9275308032141484,True,1.4901161193847656e-08,1.0118201062395856e-07
esm2_top28_bilstm_attn,train,1,consultation_dominated,sequence_distal_ge21,nonlocal_contact_path_exists,26,34,-0.0743471694807721,-0.1681927975292295,0.019498458567685298,True,0.5810546875,0.8516288325471698
esm2_top28_bilstm_attn,train,1,consultation_dominated,sequence_distal_ge21,normalized_query_position,27,35,0.015510414497649993,-0.09128049106457871,0.12230132005987869,True,0.44206833839416504,0.713629853002052
esm2_top28_bilstm_attn,train,1,consultation_dominated,sequence_distal_ge21,one_water_bridge,26,34,-0.008058608397363847,-0.01984020897547709,0.003722992180749396,True,0.125,0.2715324384787472
esm2_top28_bilstm_attn,train,1,consultation_dominated,sequence_distal_ge21,ordinary_contact_path_exists,26,34,0.0,0.0,0.0,True,1.0,1.0
esm2_top28_bilstm_attn,train,1,consultation_dominated,sequence_distal_ge21,query_distance_to_band_domain_boundary_sequence,26,34,-2.257004691189171,-9.253874746621026,4.739865364242685,True,0.8450189828872681,1.0
esm2_top28_bilstm_attn,train,1,consultation_dominated,sequence_distal_ge21,query_distance_to_community_boundary_edges,25,33,0.451538057896826,0.22277774643144693,0.6802983693622051,True,0.0008554458618164062,0.003667275637190863
esm2_top28_bilstm_attn,train,1,consultation_dominated,sequence_distal_ge21,query_distance_to_ecod_boundary_sequence,26,34,-1.497512879534665,-8.325503526463642,5.330477767394312,True,0.8450189828872681,1.0
esm2_top28_bilstm_attn,train,1,consultation_dominated,sequence_distal_ge21,query_in_any_band,27,35,0.6550195501145758,0.5002063888275035,0.8098327114016481,True,4.76837158203125e-07,2.8938055038452147e-06
esm2_top28_bilstm_attn,train,1,consultation_dominated,sequence_distal_ge21,query_to_band_contact_count,26,34,-0.05560689297242042,-0.18025945962105527,0.06904567367621442,True,0.2890625,0.528918415146627
esm2_top28_bilstm_attn,train,1,consultation_dominated,sequence_distal_ge21,query_to_band_contact_fraction,26,34,-0.017313936093631077,-0.0585638493955543,0.023935977208292145,True,0.2890625,0.528918415146627
esm2_top28_bilstm_attn,train,1,consultation_dominated,sequence_distal_ge21,query_water_contact_count,26,34,0.08684486763981673,-0.12437489917608714,0.2980646344557206,True,0.4048728942871094,0.6691601367706949
esm2_top28_bilstm_attn,train,1,consultation_dominated,sequence_distal_ge21,reachable_query_water_entry_count,26,34,-0.007371795155967651,-0.044942655283773045,0.030199064971837747,True,0.21875,0.4286705348133199
esm2_top28_bilstm_attn,train,1,consultation_dominated,sequence_distal_ge21,relative_backbone_orientation_cosine,26,34,-0.02880079766942395,-0.23551775546382786,0.17791616012497996,True,0.8450189828872681,1.0
esm2_top28_bilstm_attn,train,1,consultation_dominated,sequence_distal_ge21,rsa,27,35,0.0897890220974883,0.04310964559758913,0.13646839859738746,True,0.0015137195587158203,0.0061757213929120236
esm2_top28_bilstm_attn,train,1,consultation_dominated,sequence_distal_ge21,same_community_as_band_apex,26,34,-0.025822868354968793,-0.10682613201387767,0.05518039530394009,True,1.0,1.0
esm2_top28_bilstm_attn,train,1,consultation_dominated,sequence_distal_ge21,same_community_as_band_majority,23,30,-0.029015085310787673,-0.11397436971760617,0.055944199096030836,True,1.0,1.0
esm2_top28_bilstm_attn,train,1,consultation_dominated,sequence_distal_ge21,same_ecod_domain_as_band_apex,26,34,0.004174297895186988,-0.02388565612364611,0.03223425191402009,True,1.0,1.0
esm2_top28_bilstm_attn,train,1,consultation_dominated,sequence_distal_ge21,shared_water_count,26,34,-0.008058608397363847,-0.01984020897547709,0.003722992180749396,True,0.125,0.2715324384787472
esm2_top28_bilstm_attn,train,1,consultation_dominated,sequence_distal_ge21,shared_water_fraction_of_band_contacts,26,34,-0.002918956121608896,-0.007062035355611121,0.0012241231123933287,True,0.125,0.2715324384787472
esm2_top28_bilstm_attn,train,1,consultation_dominated,sequence_distal_ge21,shared_water_fraction_of_query_contacts,26,34,-0.004075091745322322,-0.009962902278478906,0.0018127187878342619,True,0.125,0.2715324384787472
esm2_top28_bilstm_attn,train,1,consultation_dominated,sequence_distal_ge21,shares_any_ecod_domain_with_band,26,34,0.004174297895186988,-0.02388565612364611,0.03223425191402009,True,1.0,1.0
esm2_top28_bilstm_attn,train,1,consultation_dominated,sequence_distal_ge21,shortest_nonlocal_contact_path_edges,25,33,0.5383384583791098,-0.0038515374820625725,1.080528454240282,True,0.10775214433670044,0.24163356154950608
esm2_top28_bilstm_attn,train,1,consultation_dominated,sequence_distal_ge21,shortest_ordinary_contact_path_edges,26,34,0.38464829111710575,-0.10572719089800053,0.875023773132212,True,0.10775214433670044,0.24163356154950608
esm2_top28_bilstm_attn,train,1,consultation_dominated,sequence_distal_ge21,torsion_change_from_previous,27,35,20.810778526624333,6.880894011168849,34.74066304207982,True,0.0191572904586792,0.058496003255904094
esm2_top28_bilstm_attn,train,1,consultation_dominated,sequence_distal_ge21,water_path_at_most_1,26,34,-0.008058608397363847,-0.01984020897547709,0.003722992180749396,True,0.125,0.2715324384787472
esm2_top28_bilstm_attn,train,1,consultation_dominated,sequence_distal_ge21,water_path_at_most_2,26,34,-4.578750246227704e-05,-0.03130062577987287,0.031209050774948316,True,0.21875,0.4286705348133199
esm2_top28_bilstm_attn,train,1,consultation_dominated,sequence_distal_ge21,water_path_at_most_3,26,34,-4.578750246227704e-05,-0.03130062577987287,0.031209050774948316,True,0.21875,0.4286705348133199
esm2_top28_bilstm_attn,train,1,consultation_dominated,sequence_distal_ge21,water_path_exists,26,34,-4.578750246227704e-05,-0.03130062577987287,0.031209050774948316,True,0.21875,0.4286705348133199
esm2_top28_bilstm_attn,train,1,consultation_dominated,sequence_distal_ge21,water_path_without_direct_ca_contact,26,34,-0.01103479879167981,-0.02574299579624319,0.0036733982128835697,True,0.125,0.2715324384787472
esm2_top28_bilstm_attn,train,1,consultation_dominated,sequence_distal_ge21,water_path_without_direct_polar_contact,26,34,0.005402930455807696,-0.024061213363146657,0.03486707427476205,True,0.625,0.8977440828402367
esm2_top28_bilstm_attn,train,1,consultation_dominated,sequence_distal_ge21_no_direct_ca,absolute_backbone_orientation_cosine,26,34,-0.024415742234987582,-0.11160652511368421,0.06277504064370903,True,0.8450189828872681,1.0
esm2_top28_bilstm_attn,train,1,consultation_dominated,sequence_distal_ge21_no_direct_ca,absolute_sequence_separation,26,34,-0.6462913813920477,-7.434383580375672,6.1418008175915775,True,0.8450189828872681,1.0
esm2_top28_bilstm_attn,train,1,consultation_dominated,sequence_distal_ge21_no_direct_ca,band_water_contact_count,26,34,0.0,0.0,0.0,True,1.0,1.0
esm2_top28_bilstm_attn,train,1,consultation_dominated,sequence_distal_ge21_no_direct_ca,direct_ca_contact,26,34,0.0,0.0,0.0,True,1.0,1.0
esm2_top28_bilstm_attn,train,1,consultation_dominated,sequence_distal_ge21_no_direct_ca,direct_putative_polar_contact,26,34,-0.009294871804423819,-0.021719650156019878,0.00312990654717224,True,0.25,0.4759803921568627
esm2_top28_bilstm_attn,train,1,consultation_dominated,sequence_distal_ge21_no_direct_ca,direct_putative_polar_contact_count,26,34,-0.014102564112116125,-0.03510688084333796,0.00690175261910571,True,0.25,0.4759803921568627
esm2_top28_bilstm_attn,train,1,consultation_dominated,sequence_distal_ge21_no_direct_ca,disorder,26,34,-0.01767025318164091,-0.06789033264769877,0.03254982628441695,True,1.0,1.0
esm2_top28_bilstm_attn,train,1,consultation_dominated,sequence_distal_ge21_no_direct_ca,mean_query_contact_water_degree,21,28,0.020548400200075555,-0.17198250134656273,0.21307930174671386,True,0.480682373046875,0.7528106197234123
esm2_top28_bilstm_attn,train,1,consultation_dominated,sequence_distal_ge21_no_direct_ca,minimum_ca_distance_angstrom,26,34,1.1835347067596567,-1.7289619388022064,4.0960313523215195,True,0.16863754391670227,0.343285230908004
esm2_top28_bilstm_attn,train,1,consultation_dominated,sequence_distal_ge21_no_direct_ca,minimum_heavy_atom_distance_angstrom,26,34,1.2882667310217508,-1.6196060039747842,4.196139466018286,True,0.07551869750022888,0.1802453432895077
esm2_top28_bilstm_attn,train,1,consultation_dominated,sequence_distal_ge21_no_direct_ca,minimum_polar_atom_distance_angstrom,26,34,1.0017183993616678,-1.9491739571847335,3.9526107559080694,True,0.32693958282470703,0.5884306486057285
esm2_top28_bilstm_attn,train,1,consultation_dominated,sequence_distal_ge21_no_direct_ca,neq,26,34,0.7589046138857813,0.5662208182824366,0.951588409489126,True,2.9802322387695312e-08,1.9820585642775445e-07
esm2_top28_bilstm_attn,train,1,consultation_dominated,sequence_distal_ge21_no_direct_ca,nonlocal_contact_path_exists,26,34,-0.0745474899935926,-0.1683727553594545,0.01927777537226931,True,0.5810546875,0.8516288325471698
esm2_top28_bilstm_attn,train,1,consultation_dominated,sequence_distal_ge21_no_direct_ca,normalized_query_position,26,34,0.03827991347068819,-0.06266548869527463,0.139225315636651,True,0.32693958282470703,0.5884306486057285
esm2_top28_bilstm_attn,train,1,consultation_dominated,sequence_distal_ge21_no_direct_ca,one_water_bridge,26,34,-0.006227106483987504,-0.017560591023339296,0.0051063780553642895,True,0.25,0.4759803921568627
esm2_top28_bilstm_attn,train,1,consultation_dominated,sequence_distal_ge21_no_direct_ca,ordinary_contact_path_exists,26,34,0.0,0.0,0.0,True,1.0,1.0
esm2_top28_bilstm_attn,train,1,consultation_dominated,sequence_distal_ge21_no_direct_ca,query_distance_to_band_domain_boundary_sequence,26,34,-1.6780611256248932,-8.578177754457208,5.222055503207421,True,1.0,1.0
esm2_top28_bilstm_attn,train,1,consultation_dominated,sequence_distal_ge21_no_direct_ca,query_distance_to_community_boundary_edges,25,33,0.47418719472818904,0.2495709713189906,0.6988034181373874,True,0.00048828125,0.00214534431561086
esm2_top28_bilstm_attn,train,1,consultation_dominated,sequence_distal_ge21_no_direct_ca,query_distance_to_ecod_boundary_sequence,26,34,-0.9185693139703867,-7.6362155997285335,5.799076971787761,True,1.0,1.0
esm2_top28_bilstm_attn,train,1,consultation_dominated,sequence_distal_ge21_no_direct_ca,query_in_any_band,26,34,0.680167513096033,0.5281504691306138,0.8321845570614521,True,4.76837158203125e-07,2.8938055038452147e-06
esm2_top28_bilstm_attn,train,1,consultation_dominated,sequence_distal_ge21_no_direct_ca,query_to_band_contact_count,26,34,0.0,0.0,0.0,True,1.0,1.0
esm2_top28_bilstm_attn,train,1,consultation_dominated,sequence_distal_ge21_no_direct_ca,query_to_band_contact_fraction,26,34,0.0,0.0,0.0,True,1.0,1.0
esm2_top28_bilstm_attn,train,1,consultation_dominated,sequence_distal_ge21_no_direct_ca,query_water_contact_count,26,34,0.07472075542960412,-0.15510073894644305,0.30454224980565126,True,0.6776394844055176,0.9528515474249858
esm2_top28_bilstm_attn,train,1,consultation_dominated,sequence_distal_ge21_no_direct_ca,reachable_query_water_entry_count,26,34,-0.01652930453180884,-0.04082265308551519,0.007764044021897509,True,0.125,0.2715324384787472
esm2_top28_bilstm_attn,train,1,consultation_dominated,sequence_distal_ge21_no_direct_ca,relative_backbone_orientation_cosine,26,34,-0.05849310554818721,-0.27993150461427396,0.16294529351789958,True,1.0,1.0
esm2_top28_bilstm_attn,train,1,consultation_dominated,sequence_distal_ge21_no_direct_ca,rsa,26,34,0.10362165441652442,0.05642413873280825,0.1508191701002406,True,0.0005335211753845215,0.0023388219471709723
esm2_top28_bilstm_attn,train,1,consultation_dominated,sequence_distal_ge21_no_direct_ca,same_community_as_band_apex,26,34,-0.0076605405960964304,-0.07573661512321084,0.06041553393101798,True,1.0,1.0
esm2_top28_bilstm_attn,train,1,consultation_dominated,sequence_distal_ge21_no_direct_ca,same_community_as_band_majority,23,30,-0.0063098452355406735,-0.07508198068887532,0.062462290217793974,True,0.629058837890625,0.9002448512775193
esm2_top28_bilstm_attn,train,1,consultation_dominated,sequence_distal_ge21_no_direct_ca,same_ecod_domain_as_band_apex,26,34,0.004174297895186988,-0.02388565612364611,0.03223425191402009,True,1.0,1.0
esm2_top28_bilstm_attn,train,1,consultation_dominated,sequence_distal_ge21_no_direct_ca,shared_water_count,26,34,-0.006227106483987504,-0.017560591023339296,0.0051063780553642895,True,0.25,0.4759803921568627
esm2_top28_bilstm_attn,train,1,consultation_dominated,sequence_distal_ge21_no_direct_ca,shared_water_fraction_of_band_contacts,26,34,-0.002003205164920727,-0.005775539706274244,0.0017691293764327902,True,0.25,0.4759803921568627
esm2_top28_bilstm_attn,train,1,consultation_dominated,sequence_distal_ge21_no_direct_ca,shared_water_fraction_of_query_contacts,26,34,-0.0031593407886341537,-0.008824231002178495,0.002505549424910187,True,0.25,0.4759803921568627
esm2_top28_bilstm_attn,train,1,consultation_dominated,sequence_distal_ge21_no_direct_ca,shares_any_ecod_domain_with_band,26,34,0.004174297895186988,-0.02388565612364611,0.03223425191402009,True,1.0,1.0
esm2_top28_bilstm_attn,train,1,consultation_dominated,sequence_distal_ge21_no_direct_ca,shortest_nonlocal_contact_path_edges,25,33,0.5019837966759999,-0.0029300556129375765,1.0068976489649373,True,0.15158963203430176,0.31418043266874496
esm2_top28_bilstm_attn,train,1,consultation_dominated,sequence_distal_ge21_no_direct_ca,shortest_ordinary_contact_path_edges,26,34,0.34728697614792065,-0.11386916390664359,0.8084431162024849,True,0.42435622215270996,0.6913588787085257
esm2_top28_bilstm_attn,train,1,consultation_dominated,sequence_distal_ge21_no_direct_ca,torsion_change_from_previous,26,34,18.878465998847016,4.0097927737107,33.74713922398333,True,0.028959274291992188,0.08091929593532206
esm2_top28_bilstm_attn,train,1,consultation_dominated,sequence_distal_ge21_no_direct_ca,water_path_at_most_1,26,34,-0.006227106483987504,-0.017560591023339296,0.0051063780553642895,True,0.25,0.4759803921568627
esm2_top28_bilstm_attn,train,1,consultation_dominated,sequence_distal_ge21_no_direct_ca,water_path_at_most_2,26,34,-0.01103479879167981,-0.02574299579624319,0.0036733982128835697,True,0.125,0.2715324384787472
esm2_top28_bilstm_attn,train,1,consultation_dominated,sequence_distal_ge21_no_direct_ca,water_path_at_most_3,26,34,-0.01103479879167981,-0.02574299579624319,0.0036733982128835697,True,0.125,0.2715324384787472
esm2_top28_bilstm_attn,train,1,consultation_dominated,sequence_distal_ge21_no_direct_ca,water_path_exists,26,34,-0.01103479879167981,-0.02574299579624319,0.0036733982128835697,True,0.125,0.2715324384787472
esm2_top28_bilstm_attn,train,1,consultation_dominated,sequence_distal_ge21_no_direct_ca,water_path_without_direct_ca_contact,26,34,-0.01103479879167981,-0.02574299579624319,0.0036733982128835697,True,0.125,0.2715324384787472
esm2_top28_bilstm_attn,train,1,consultation_dominated,sequence_distal_ge21_no_direct_ca,water_path_without_direct_polar_contact,26,34,-0.005586080833409839,-0.016896253246159454,0.005724091579339777,True,0.5,0.7712470214455918
esm2_top28_bilstm_attn,train,1,evidence_dominated,all_eligible_queries,absolute_backbone_orientation_cosine,63,102,0.004525355770376774,-0.03416324006760955,0.04321395160836309,True,1.0,1.0
esm2_top28_bilstm_attn,train,1,evidence_dominated,all_eligible_queries,absolute_sequence_separation,64,107,2.3193619368760334,-3.0416587454924127,7.6803826192444795,True,0.26043547657665356,0.4929490209667263
esm2_top28_bilstm_attn,train,1,evidence_dominated,all_eligible_queries,band_water_contact_count,63,103,0.0,0.0,0.0,True,1.0,1.0
esm2_top28_bilstm_attn,train,1,evidence_dominated,all_eligible_queries,direct_ca_contact,63,103,0.01826774760738799,-0.034455375913334016,0.07099087112811,True,0.5514843298025198,0.8194204808542414
esm2_top28_bilstm_attn,train,1,evidence_dominated,all_eligible_queries,direct_putative_polar_contact,63,103,0.030193398805434535,-0.004545326141993954,0.06493212375286303,True,0.860050065908581,1.0
esm2_top28_bilstm_attn,train,1,evidence_dominated,all_eligible_queries,direct_putative_polar_contact_count,63,103,0.0897651198068635,-0.03884970002614027,0.21837993963986727,True,1.0,1.0
esm2_top28_bilstm_attn,train,1,evidence_dominated,all_eligible_queries,disorder,64,107,-0.007491791571816743,-0.023601541608416418,0.008617958464782935,True,0.7079807541347641,0.9751054074678808
esm2_top28_bilstm_attn,train,1,evidence_dominated,all_eligible_queries,mean_query_contact_water_degree,57,95,-0.05836736648661724,-0.12503925724201845,0.008304524268783968,True,0.21160856876151612,0.41720186856331404
esm2_top28_bilstm_attn,train,1,evidence_dominated,all_eligible_queries,minimum_ca_distance_angstrom,63,103,0.8472831241157621,-0.46848853719585404,2.163054785427378,True,0.07692583360960925,0.18064083297443914
esm2_top28_bilstm_attn,train,1,evidence_dominated,all_eligible_queries,minimum_heavy_atom_distance_angstrom,63,103,0.6740363021579009,-0.580900566561077,1.928973170876879,True,0.31350305329645284,0.5674025438040181
esm2_top28_bilstm_attn,train,1,evidence_dominated,all_eligible_queries,minimum_polar_atom_distance_angstrom,63,103,0.5520739048118706,-0.7242445998909388,1.82839240951468,True,0.31350305329645284,0.5674025438040181
esm2_top28_bilstm_attn,train,1,evidence_dominated,all_eligible_queries,neq,64,107,0.44357304281225274,0.34185392874472764,0.5452921568797778,True,1.6395687108330947e-11,1.5090248513923554e-10
esm2_top28_bilstm_attn,train,1,evidence_dominated,all_eligible_queries,nonlocal_contact_path_exists,63,103,-0.032920606602541765,-0.05324623406967449,-0.01259497913540904,True,0.0030876764615186394,0.011553502289536026
esm2_top28_bilstm_attn,train,1,evidence_dominated,all_eligible_queries,normalized_query_position,64,107,-0.012606862300267106,-0.03618217359535357,0.010968448994819354,True,0.5323087760278422,0.8031998242768111
esm2_top28_bilstm_attn,train,1,evidence_dominated,all_eligible_queries,one_water_bridge,63,103,0.01804875132914528,-0.01588118206927275,0.05197868472756331,True,0.13380050659179688,0.2861680438339973
esm2_top28_bilstm_attn,train,1,evidence_dominated,all_eligible_queries,ordinary_contact_path_exists,63,103,0.0,0.0,0.0,True,1.0,1.0
esm2_top28_bilstm_attn,train,1,evidence_dominated,all_eligible_queries,query_distance_to_band_domain_boundary_sequence,62,102,0.7811756577420957,-4.646337642288717,6.2086889577729085,True,0.52577336017565,0.7964523131521938
esm2_top28_bilstm_attn,train,1,evidence_dominated,all_eligible_queries,query_distance_to_community_boundary_edges,62,102,0.2147237050508688,0.05457005371178095,0.3748773563899567,True,0.0012990027709550095,0.005344625807615738
esm2_top28_bilstm_attn,train,1,evidence_dominated,all_eligible_queries,query_distance_to_ecod_boundary_sequence,63,103,-1.9422769463326592,-5.320562021222608,1.43600812855729,True,0.31350305329645284,0.5674025438040181
esm2_top28_bilstm_attn,train,1,evidence_dominated,all_eligible_queries,query_in_any_band,64,107,0.4983084679407134,0.401698878413676,0.5949180574677507,True,9.002816938122327e-13,9.553809013023802e-12
esm2_top28_bilstm_attn,train,1,evidence_dominated,all_eligible_queries,query_to_band_contact_count,63,103,0.08068084891589096,-0.08116040466098416,0.24252210249276607,True,0.765991824244793,1.0
esm2_top28_bilstm_attn,train,1,evidence_dominated,all_eligible_queries,query_to_band_contact_fraction,63,103,0.01896069317573433,-0.021212067177575046,0.05913345352904371,True,0.5514843298025198,0.8194204808542414
esm2_top28_bilstm_attn,train,1,evidence_dominated,all_eligible_queries,query_water_contact_count,63,103,0.1982549486428867,0.07050632112960431,0.3260035761561691,True,0.004444019471066869,0.015720010587999742
esm2_top28_bilstm_attn,train,1,evidence_dominated,all_eligible_queries,reachable_query_water_entry_count,63,103,0.02496487074024773,-0.013800712571560944,0.0637304540520564,True,0.12207812070846558,0.2700178934121186
esm2_top28_bilstm_attn,train,1,evidence_dominated,all_eligible_queries,relative_backbone_orientation_cosine,63,102,-0.02720562128797029,-0.11618926635261033,0.06177802377666976,True,0.8013064925040663,1.0
esm2_top28_bilstm_attn,train,1,evidence_dominated,all_eligible_queries,rsa,64,107,0.09861308052050378,0.07681382171728125,0.12041233932372632,True,7.638141345540223e-11,6.5344803934093e-10
esm2_top28_bilstm_attn,train,1,evidence_dominated,all_eligible_queries,same_community_as_band_apex,63,103,-0.03247662109220069,-0.0929313668862809,0.027978124701879513,True,0.16897782228771874,0.3436177286730364
esm2_top28_bilstm_attn,train,1,evidence_dominated,all_eligible_queries,same_community_as_band_majority,60,98,-0.04125882930129707,-0.0949066210876599,0.012388962485065762,True,0.4010619910279374,0.6639918044128341
esm2_top28_bilstm_attn,train,1,evidence_dominated,all_eligible_queries,same_ecod_domain_as_band_apex,62,102,-0.013538834398743042,-0.035229702066418754,0.00815203326893267,True,0.44206833839416504,0.713629853002052
esm2_top28_bilstm_attn,train,1,evidence_dominated,all_eligible_queries,shared_water_count,63,103,0.024228677002543678,-0.014294466455373654,0.06275182046046102,True,0.13380050659179688,0.2861680438339973
esm2_top28_bilstm_attn,train,1,evidence_dominated,all_eligible_queries,shared_water_fraction_of_band_contacts,63,103,0.01065542580196936,-0.006757775964711625,0.028068627568650348,True,0.13380050659179688,0.2861680438339973
esm2_top28_bilstm_attn,train,1,evidence_dominated,all_eligible_queries,shared_water_fraction_of_query_contacts,63,103,0.008111754564724336,-0.007927160546130414,0.024150669675579085,True,0.052478790283203125,0.13445093763849666
esm2_top28_bilstm_attn,train,1,evidence_dominated,all_eligible_queries,shares_any_ecod_domain_with_band,62,102,-0.004563281436284352,-0.029043296975667425,0.019916734103098722,True,0.5715881884098053,0.8409274711301833
esm2_top28_bilstm_attn,train,1,evidence_dominated,all_eligible_queries,shortest_nonlocal_contact_path_edges,62,102,0.24136558492719,-0.07894556714121193,0.561676736995592,True,0.25285439418811073,0.4800322736906017
esm2_top28_bilstm_attn,train,1,evidence_dominated,all_eligible_queries,shortest_ordinary_contact_path_edges,63,103,0.10868057600494956,-0.16343761846641308,0.3807987704763122,True,0.20736789985685422,0.4100900830163044
esm2_top28_bilstm_attn,train,1,evidence_dominated,all_eligible_queries,torsion_change_from_previous,64,107,7.808859229126227,1.2357097813872029,14.38200867686525,True,0.01685819004428113,0.05271917079870202
esm2_top28_bilstm_attn,train,1,evidence_dominated,all_eligible_queries,water_path_at_most_1,63,103,0.01804875132914528,-0.01588118206927275,0.05197868472756331,True,0.13380050659179688,0.2861680438339973
esm2_top28_bilstm_attn,train,1,evidence_dominated,all_eligible_queries,water_path_at_most_2,63,103,0.01809325180787047,-0.015868242472144647,0.05205474608788559,True,0.07551869750022888,0.1802453432895077
esm2_top28_bilstm_attn,train,1,evidence_dominated,all_eligible_queries,water_path_at_most_3,63,103,0.01979078271748435,-0.014287413942060755,0.053868979377029454,True,0.12207812070846558,0.2700178934121186
esm2_top28_bilstm_attn,train,1,evidence_dominated,all_eligible_queries,water_path_exists,63,103,0.01968937843320454,-0.0144033099864859,0.05378206685289498,True,0.12207812070846558,0.2700178934121186
esm2_top28_bilstm_attn,train,1,evidence_dominated,all_eligible_queries,water_path_without_direct_ca_contact,63,103,0.0005037602471644412,-0.0032075734078596354,0.004215093902188518,True,0.076812744140625,0.18059364300374545
esm2_top28_bilstm_attn,train,1,evidence_dominated,all_eligible_queries,water_path_without_direct_polar_contact,63,103,0.013280802156727391,-0.01917948228911926,0.04574108660257404,True,0.06391465663909912,0.1593353827896412
esm2_top28_bilstm_attn,train,1,combined,all_eligible_queries,shortest_water_path_water_count,100,130,-0.13450793534517286,-0.35163108132493404,0.08261521063458835,True,0.26043547657665356,0.4929490209667263
esm2_top28_bilstm_attn,train,1,combined,sequence_distal_ge21,shortest_water_path_water_count,76,99,-0.06623851141908714,-0.3222442589371851,0.1897672360990108,True,0.48845566937989204,0.7628796860883473
esm2_top28_bilstm_attn,train,1,evidence_dominated,sequence_distal_ge21,absolute_backbone_orientation_cosine,60,99,-0.0016294658396531028,-0.04195404248336911,0.03869511080406291,True,0.6988834276200058,0.964628014525978
esm2_top28_bilstm_attn,train,1,evidence_dominated,sequence_distal_ge21,absolute_sequence_separation,62,104,2.5671189608397595,-3.8949746003973242,9.029212522076843,True,0.52577336017565,0.7964523131521938
esm2_top28_bilstm_attn,train,1,evidence_dominated,sequence_distal_ge21,band_water_contact_count,60,100,0.0,0.0,0.0,True,1.0,1.0
esm2_top28_bilstm_attn,train,1,evidence_dominated,sequence_distal_ge21,direct_ca_contact,60,100,-0.01018056454788646,-0.026556040907273752,0.006194911811500834,True,0.01658900337497471,0.05204498312471872
esm2_top28_bilstm_attn,train,1,evidence_dominated,sequence_distal_ge21,direct_putative_polar_contact,60,100,0.0054100081705236915,-0.0076424173788181005,0.018462433719865484,True,1.0,1.0
esm2_top28_bilstm_attn,train,1,evidence_dominated,sequence_distal_ge21,direct_putative_polar_contact_count,60,100,0.00508333102112547,-0.007948599151092802,0.01811526119334374,True,1.0,1.0
esm2_top28_bilstm_attn,train,1,evidence_dominated,sequence_distal_ge21,disorder,62,104,-0.015426974562397465,-0.036691199878540345,0.0058372507537454155,True,0.37415171240479483,0.6365821678321678
esm2_top28_bilstm_attn,train,1,evidence_dominated,sequence_distal_ge21,mean_query_contact_water_degree,52,88,-0.06635386160315584,-0.13605755061153213,0.003349827405220454,True,0.2624375357110438,0.494282130346538
esm2_top28_bilstm_attn,train,1,evidence_dominated,sequence_distal_ge21,minimum_ca_distance_angstrom,60,100,1.028534490811762,-0.2455755459699389,2.302644527593463,True,0.2450608330229457,0.47073010655841796
esm2_top28_bilstm_attn,train,1,evidence_dominated,sequence_distal_ge21,minimum_heavy_atom_distance_angstrom,60,100,0.794573934194903,-0.4423259974102658,2.0314738658000717,True,0.2450608330229457,0.47073010655841796
esm2_top28_bilstm_attn,train,1,evidence_dominated,sequence_distal_ge21,minimum_polar_atom_distance_angstrom,60,100,0.6719164676432887,-0.5656254208573295,1.909458356143907,True,0.2450608330229457,0.47073010655841796
esm2_top28_bilstm_attn,train,1,evidence_dominated,sequence_distal_ge21,neq,62,104,0.4529664733942421,0.3303924346685953,0.5755405121198889,True,2.972584851879123e-11,2.6602579642162475e-10
esm2_top28_bilstm_attn,train,1,evidence_dominated,sequence_distal_ge21,nonlocal_contact_path_exists,60,100,-0.037353266234948196,-0.06396156984719556,-0.010744962622700832,True,0.011351591436778108,0.0371124420374126
esm2_top28_bilstm_attn,train,1,evidence_dominated,sequence_distal_ge21,normalized_query_position,62,104,-0.004721832572241032,-0.031955312493744524,0.02251164734926246,True,1.0,1.0
esm2_top28_bilstm_attn,train,1,evidence_dominated,sequence_distal_ge21,one_water_bridge,60,100,-0.003584479115319445,-0.009499530586514563,0.0023305723558756726,True,0.012725830078125,0.040781455464882425
esm2_top28_bilstm_attn,train,1,evidence_dominated,sequence_distal_ge21,ordinary_contact_path_exists,60,100,0.0,0.0,0.0,True,1.0,1.0
esm2_top28_bilstm_attn,train,1,evidence_dominated,sequence_distal_ge21,query_distance_to_band_domain_boundary_sequence,58,98,1.2632090269834155,-5.4093029667282035,7.935721020695034,True,0.6940040940761318,0.9599401358232535
esm2_top28_bilstm_attn,train,1,evidence_dominated,sequence_distal_ge21,query_distance_to_community_boundary_edges,59,99,0.1798984911830187,0.008162170024552357,0.3516348123414851,True,0.03314396778750544,0.09064828703905235
esm2_top28_bilstm_attn,train,1,evidence_dominated,sequence_distal_ge21,query_distance_to_ecod_boundary_sequence,59,99,-2.094021243820724,-6.025077576951244,1.8370350893097953,True,0.43499280512215344,0.7069088096629472
esm2_top28_bilstm_attn,train,1,evidence_dominated,sequence_distal_ge21,query_in_any_band,62,104,0.50989241061342,0.41661052729621983,0.6031742939306203,True,5.645556938604912e-12,5.322170667364436e-11
esm2_top28_bilstm_attn,train,1,evidence_dominated,sequence_distal_ge21,query_to_band_contact_count,60,100,-0.014662059073733084,-0.04449319692547703,0.015169078778010863,True,0.03847730828420026,0.10289990770947802
esm2_top28_bilstm_attn,train,1,evidence_dominated,sequence_distal_ge21,query_to_band_contact_fraction,60,100,-0.0034735137932159535,-0.01095500209534019,0.004007974508908283,True,0.03847730828420026,0.10289990770947802
esm2_top28_bilstm_attn,train,1,evidence_dominated,sequence_distal_ge21,query_water_contact_count,60,100,0.19011361585469747,0.0510937147442852,0.32913351696510973,True,0.036343179957053884,0.09802563260638701
esm2_top28_bilstm_attn,train,1,evidence_dominated,sequence_distal_ge21,reachable_query_water_entry_count,60,100,-0.002007325843084973,-0.009578309389005337,0.005563657702835392,True,0.15158963203430176,0.31418043266874496
esm2_top28_bilstm_attn,train,1,evidence_dominated,sequence_distal_ge21,relative_backbone_orientation_cosine,60,99,-0.011033349188584247,-0.10821704133637186,0.08615034295920337,True,0.8974218269914307,1.0
esm2_top28_bilstm_attn,train,1,evidence_dominated,sequence_distal_ge21,rsa,62,104,0.09998865112118464,0.07429500009678186,0.12568230214558743,True,1.709326186236787e-09,1.2621716553885324e-08
esm2_top28_bilstm_attn,train,1,evidence_dominated,sequence_distal_ge21,same_community_as_band_apex,60,100,-0.03473098481310872,-0.07871246763606984,0.0092504980098524,True,0.11892045255943628,0.2651475532381461
esm2_top28_bilstm_attn,train,1,evidence_dominated,sequence_distal_ge21,same_community_as_band_majority,58,96,-0.027357729554963142,-0.07499607169183253,0.020280612581906242,True,0.20263875106454066,0.4015555658850387
esm2_top28_bilstm_attn,train,1,evidence_dominated,sequence_distal_ge21,same_ecod_domain_as_band_apex,58,98,-0.014712634993070704,-0.04082834034040891,0.011403070354267499,True,0.44206833839416504,0.713629853002052
esm2_top28_bilstm_attn,train,1,evidence_dominated,sequence_distal_ge21,shared_water_count,60,100,-0.003484074025003419,-0.009506204822621076,0.0025380567726142394,True,0.012725830078125,0.040781455464882425
esm2_top28_bilstm_attn,train,1,evidence_dominated,sequence_distal_ge21,shared_water_fraction_of_band_contacts,60,100,-0.001145620568826045,-0.002895363588255902,0.000604122450603812,True,0.012725830078125,0.040781455464882425
esm2_top28_bilstm_attn,train,1,evidence_dominated,sequence_distal_ge21,shared_water_fraction_of_query_contacts,60,100,-0.003066037430516657,-0.008889386705321547,0.0027573118442882323,True,0.002349853515625,0.009072396674639662
esm2_top28_bilstm_attn,train,1,evidence_dominated,sequence_distal_ge21,shares_any_ecod_domain_with_band,58,98,-0.0037822997796725932,-0.03197963221311926,0.024415032653774073,True,0.5715881884098053,0.8409274711301833
esm2_top28_bilstm_attn,train,1,evidence_dominated,sequence_distal_ge21,shortest_nonlocal_contact_path_edges,59,99,0.29028023676731773,0.004750906310180436,0.575809567224455,True,0.08694889972991102,0.20149733087766966
esm2_top28_bilstm_attn,train,1,evidence_dominated,sequence_distal_ge21,shortest_ordinary_contact_path_edges,60,100,0.1577390353898838,-0.09804276353210253,0.41352083431187014,True,0.6988834276200058,0.964628014525978
esm2_top28_bilstm_attn,train,1,evidence_dominated,sequence_distal_ge21,torsion_change_from_previous,62,104,10.336748503395008,3.035569316160565,17.63792769062945,True,0.0012990027709550095,0.005344625807615738
esm2_top28_bilstm_attn,train,1,evidence_dominated,sequence_distal_ge21,water_path_at_most_1,60,100,-0.003584479115319445,-0.009499530586514563,0.0023305723558756726,True,0.012725830078125,0.040781455464882425
esm2_top28_bilstm_attn,train,1,evidence_dominated,sequence_distal_ge21,water_path_at_most_2,60,100,-0.0032594854178808804,-0.009353999908238618,0.002835029072476857,True,0.0783538818359375,0.18377202720457805
esm2_top28_bilstm_attn,train,1,evidence_dominated,sequence_distal_ge21,water_path_at_most_3,60,100,-0.0014876599685614133,-0.00862347209752942,0.005648152160406594,True,0.13380050659179688,0.2861680438339973
esm2_top28_bilstm_attn,train,1,evidence_dominated,sequence_distal_ge21,water_path_exists,60,100,-0.0016123247913099649,-0.008759682629560174,0.005535033046940245,True,0.15158963203430176,0.31418043266874496
esm2_top28_bilstm_attn,train,1,evidence_dominated,sequence_distal_ge21,water_path_without_direct_ca_contact,60,100,0.0009771463625495285,-0.002890824917293447,0.004845117642392504,True,0.210113525390625,0.41467527063881476
esm2_top28_bilstm_attn,train,1,evidence_dominated,sequence_distal_ge21,water_path_without_direct_polar_contact,60,100,-0.002260147798104233,-0.009154257360418671,0.0046339617642102045,True,0.0931396484375,0.21405585475221894
esm2_top28_bilstm_attn,train,1,evidence_dominated,sequence_distal_ge21_no_direct_ca,absolute_backbone_orientation_cosine,60,99,0.001019630133750899,-0.03887410471028638,0.04091336497778818,True,0.8974218269914307,1.0
esm2_top28_bilstm_attn,train,1,evidence_dominated,sequence_distal_ge21_no_direct_ca,absolute_sequence_separation,60,100,3.689044869388757,-3.0879418886456746,10.466031627423188,True,0.5189580031896519,0.7898247979579185
esm2_top28_bilstm_attn,train,1,evidence_dominated,sequence_distal_ge21_no_direct_ca,band_water_contact_count,60,100,0.0,0.0,0.0,True,1.0,1.0
esm2_top28_bilstm_attn,train,1,evidence_dominated,sequence_distal_ge21_no_direct_ca,direct_ca_contact,60,100,0.0,0.0,0.0,True,1.0,1.0
esm2_top28_bilstm_attn,train,1,evidence_dominated,sequence_distal_ge21_no_direct_ca,direct_putative_polar_contact,60,100,0.0033733000993487203,-0.008568069310426148,0.015314669509123587,True,0.375,0.6365821678321678
esm2_top28_bilstm_attn,train,1,evidence_dominated,sequence_distal_ge21_no_direct_ca,direct_putative_polar_contact_count,60,100,0.0033733000993487203,-0.008568069310426148,0.015314669509123587,True,0.375,0.6365821678321678
esm2_top28_bilstm_attn,train,1,evidence_dominated,sequence_distal_ge21_no_direct_ca,disorder,60,100,0.0033021934723909967,-0.014201819550969535,0.020806206495751527,True,0.0062176026593266705,0.021639040079592102
esm2_top28_bilstm_attn,train,1,evidence_dominated,sequence_distal_ge21_no_direct_ca,mean_query_contact_water_degree,52,88,-0.05695774941577806,-0.13075970596335748,0.01684420713180137,True,0.2624375357110438,0.494282130346538
esm2_top28_bilstm_attn,train,1,evidence_dominated,sequence_distal_ge21_no_direct_ca,minimum_ca_distance_angstrom,60,100,0.9914737231945866,-0.24570687768600685,2.22865432407518,True,0.36629400670329104,0.6365821678321678
esm2_top28_bilstm_attn,train,1,evidence_dominated,sequence_distal_ge21_no_direct_ca,minimum_heavy_atom_distance_angstrom,60,100,0.7579718925050959,-0.4440100257376468,1.9599538107478387,True,0.36629400670329104,0.6365821678321678
esm2_top28_bilstm_attn,train,1,evidence_dominated,sequence_distal_ge21_no_direct_ca,minimum_polar_atom_distance_angstrom,60,100,0.6290789896041628,-0.5747863508971408,1.8329443301054664,True,0.36629400670329104,0.6365821678321678
esm2_top28_bilstm_attn,train,1,evidence_dominated,sequence_distal_ge21_no_direct_ca,neq,60,100,0.4776911375430885,0.3712912465694741,0.5840910285167029,True,9.084503982403902e-13,9.588101485776292e-12
esm2_top28_bilstm_attn,train,1,evidence_dominated,sequence_distal_ge21_no_direct_ca,nonlocal_contact_path_exists,60,100,-0.03772941176005929,-0.06441396107032364,-0.01104486244979494,True,0.011351591436778108,0.0371124420374126
esm2_top28_bilstm_attn,train,1,evidence_dominated,sequence_distal_ge21_no_direct_ca,normalized_query_position,60,100,0.0005578959834128371,-0.02531149019786092,0.026427282164686594,True,0.8974218269914307,1.0
esm2_top28_bilstm_attn,train,1,evidence_dominated,sequence_distal_ge21_no_direct_ca,one_water_bridge,60,100,-0.0006106248849364667,-0.001320782822072713,9.953305219977961e-05,True,0.0654296875,0.1608410799050633
esm2_top28_bilstm_attn,train,1,evidence_dominated,sequence_distal_ge21_no_direct_ca,ordinary_contact_path_exists,60,100,0.0,0.0,0.0,True,1.0,1.0
esm2_top28_bilstm_attn,train,1,evidence_dominated,sequence_distal_ge21_no_direct_ca,query_distance_to_band_domain_boundary_sequence,58,98,0.8327730854417555,-5.837458509168369,7.5030046800518795,True,0.6940040940761318,0.9599401358232535
esm2_top28_bilstm_attn,train,1,evidence_dominated,sequence_distal_ge21_no_direct_ca,query_distance_to_community_boundary_edges,59,99,0.17772905458832242,0.006650165793290835,0.34880794338335397,True,0.03314396778750544,0.09064828703905235
esm2_top28_bilstm_attn,train,1,evidence_dominated,sequence_distal_ge21_no_direct_ca,query_distance_to_ecod_boundary_sequence,59,99,-2.6781975137055287,-6.577259139077279,1.2208641116662222,True,0.6029232012571504,0.8770613159860571
esm2_top28_bilstm_attn,train,1,evidence_dominated,sequence_distal_ge21_no_direct_ca,query_in_any_band,60,100,0.5049084878357377,0.4123325943841186,0.5974843812873568,True,3.169950413273171e-12,3.078021851288249e-11
esm2_top28_bilstm_attn,train,1,evidence_dominated,sequence_distal_ge21_no_direct_ca,query_to_band_contact_count,60,100,0.0,0.0,0.0,True,1.0,1.0
esm2_top28_bilstm_attn,train,1,evidence_dominated,sequence_distal_ge21_no_direct_ca,query_to_band_contact_fraction,60,100,0.0,0.0,0.0,True,1.0,1.0
esm2_top28_bilstm_attn,train,1,evidence_dominated,sequence_distal_ge21_no_direct_ca,query_water_contact_count,60,100,0.18629933339620514,0.04549076250586134,0.3271079042865489,True,0.036343179957053884,0.09802563260638701
esm2_top28_bilstm_attn,train,1,evidence_dominated,sequence_distal_ge21_no_direct_ca,reachable_query_water_entry_count,60,100,0.0008510248858861148,-0.0030779854880670183,0.004780035259839248,True,0.332305908203125,0.5942339537112972
esm2_top28_bilstm_attn,train,1,evidence_dominated,sequence_distal_ge21_no_direct_ca,relative_backbone_orientation_cosine,60,99,-0.008939447160379067,-0.10768320691706315,0.08980431259630503,True,0.6988834276200058,0.964628014525978
esm2_top28_bilstm_attn,train,1,evidence_dominated,sequence_distal_ge21_no_direct_ca,rsa,60,100,0.10517870100119517,0.07965110204312127,0.13070629995926905,True,9.722961671898567e-11,8.245411164553283e-10
esm2_top28_bilstm_attn,train,1,evidence_dominated,sequence_distal_ge21_no_direct_ca,same_community_as_band_apex,60,100,-0.032377591191458374,-0.07536728059952758,0.01061209821661082,True,0.08543313315739454,0.1982212002289847
esm2_top28_bilstm_attn,train,1,evidence_dominated,sequence_distal_ge21_no_direct_ca,same_community_as_band_majority,58,96,-0.021638429319747524,-0.06848452426006595,0.0252076656205709,True,0.2528697301676033,0.4800322736906017
esm2_top28_bilstm_attn,train,1,evidence_dominated,sequence_distal_ge21_no_direct_ca,same_ecod_domain_as_band_apex,58,98,-0.013554965431093923,-0.039153177502598724,0.012043246640410878,True,0.44206833839416504,0.713629853002052
esm2_top28_bilstm_attn,train,1,evidence_dominated,sequence_distal_ge21_no_direct_ca,shared_water_count,60,100,-0.0006493153623132718,-0.001365858403240995,6.722767861445163e-05,True,0.0654296875,0.1608410799050633
esm2_top28_bilstm_attn,train,1,evidence_dominated,sequence_distal_ge21_no_direct_ca,shared_water_fraction_of_band_contacts,60,100,-0.0001465469438699033,-0.00030074541317207397,7.651525432267342e-06,True,0.0654296875,0.1608410799050633
esm2_top28_bilstm_attn,train,1,evidence_dominated,sequence_distal_ge21_no_direct_ca,shared_water_fraction_of_query_contacts,60,100,-0.00042790876658356665,-0.0009610269206814612,0.0001052093875143279,True,0.0654296875,0.1608410799050633
esm2_top28_bilstm_attn,train,1,evidence_dominated,sequence_distal_ge21_no_direct_ca,shares_any_ecod_domain_with_band,58,98,-0.0025556072040670472,-0.030193414466999507,0.025082200058865415,True,0.5715881884098053,0.8409274711301833
esm2_top28_bilstm_attn,train,1,evidence_dominated,sequence_distal_ge21_no_direct_ca,shortest_nonlocal_contact_path_edges,59,99,0.28128527246978874,0.008039088449915355,0.5545314564896622,True,0.011928139715763179,0.038801419309903
esm2_top28_bilstm_attn,train,1,evidence_dominated,sequence_distal_ge21_no_direct_ca,shortest_ordinary_contact_path_edges,60,100,0.14632297639383207,-0.1004338327249259,0.39307978551259004,True,0.36629400670329104,0.6365821678321678
esm2_top28_bilstm_attn,train,1,evidence_dominated,sequence_distal_ge21_no_direct_ca,torsion_change_from_previous,60,100,9.423679951379535,1.515166349565833,17.332193553193235,True,0.01348929373119186,0.04301512056810278
esm2_top28_bilstm_attn,train,1,evidence_dominated,sequence_distal_ge21_no_direct_ca,water_path_at_most_1,60,100,-0.0006106248849364667,-0.001320782822072713,9.953305219977961e-05,True,0.0654296875,0.1608410799050633
esm2_top28_bilstm_attn,train,1,evidence_dominated,sequence_distal_ge21_no_direct_ca,water_path_at_most_2,60,100,-0.0006415669780000283,-0.0016535812286368762,0.0003704472726368197,True,0.1795654296875,0.3606164058460445
esm2_top28_bilstm_attn,train,1,evidence_dominated,sequence_distal_ge21_no_direct_ca,water_path_at_most_3,60,100,0.0011963959980359434,-0.0026667220178935355,0.005059514013965422,True,0.30175781249999994,0.5481886547006547
esm2_top28_bilstm_attn,train,1,evidence_dominated,sequence_distal_ge21_no_direct_ca,water_path_exists,60,100,0.0010610474152404328,-0.0028317171911195075,0.004953812021600373,True,0.332305908203125,0.5942339537112972
esm2_top28_bilstm_attn,train,1,evidence_dominated,sequence_distal_ge21_no_direct_ca,water_path_without_direct_ca_contact,60,100,0.0010610474152404328,-0.0028317171911195075,0.004953812021600373,True,0.332305908203125,0.5942339537112972
esm2_top28_bilstm_attn,train,1,evidence_dominated,sequence_distal_ge21_no_direct_ca,water_path_without_direct_polar_contact,60,100,0.0010610474152404328,-0.0028317171911195075,0.004953812021600373,True,0.332305908203125,0.5942339537112972
esm2_top28_bilstm_attn,train,1,combined,sequence_distal_ge21_no_direct_ca,shortest_water_path_water_count,29,34,-0.11015325579149969,-0.8684267469262547,0.6481202353432552,True,0.6776394844055176,0.9528515474249858
esm2_top28_bilstm_attn,train,-1,evidence_dominated,all_eligible_queries,shortest_water_path_water_count,9,9,-0.3333333333333333,,,False,,
esm2_top28_bilstm_attn,train,-1,evidence_dominated,sequence_distal_ge21,shortest_water_path_water_count,5,5,-0.6,,,False,,
esm2_top28_bilstm_attn,train,-1,evidence_dominated,sequence_distal_ge21_no_direct_ca,shortest_water_path_water_count,3,3,-0.6666666666666666,,,False,,
esm2_top28_bilstm_attn,train,-1,combined,sequence_distal_ge21_no_direct_ca,shortest_water_path_water_count,18,23,-0.1481481481481481,-0.7437071891469369,0.4474108928506406,True,0.75390625,1.0
esm2_top28_bilstm_attn,train,1,evidence_dominated,all_eligible_queries,shortest_water_path_water_count,4,4,-0.375,,,False,,
esm2_top28_bilstm_attn,train,1,evidence_dominated,sequence_distal_ge21,shortest_water_path_water_count,4,4,-0.375,,,False,,
esm2_top28_bilstm_attn,train,1,evidence_dominated,sequence_distal_ge21_no_direct_ca,shortest_water_path_water_count,1,1,0.0,,,False,,
esm2_top28_bilstm_attn,train,1,not_magnitude_enriched,all_eligible_queries,absolute_backbone_orientation_cosine,1,1,0.2518831789493561,,,False,,
esm2_top28_bilstm_attn,train,1,not_magnitude_enriched,all_eligible_queries,absolute_sequence_separation,1,1,-0.4076190476190481,,,False,,
esm2_top28_bilstm_attn,train,1,not_magnitude_enriched,all_eligible_queries,band_water_contact_count,1,1,0.0,,,False,,
esm2_top28_bilstm_attn,train,1,not_magnitude_enriched,all_eligible_queries,direct_ca_contact,1,1,0.1517857164144516,,,False,,
esm2_top28_bilstm_attn,train,1,not_magnitude_enriched,all_eligible_queries,direct_putative_polar_contact,1,1,0.25,,,False,,
esm2_top28_bilstm_attn,train,1,not_magnitude_enriched,all_eligible_queries,direct_putative_polar_contact_count,1,1,0.375,,,False,,
esm2_top28_bilstm_attn,train,1,not_magnitude_enriched,all_eligible_queries,disorder,1,1,-0.0939790463700912,,,False,,
esm2_top28_bilstm_attn,train,1,not_magnitude_enriched,all_eligible_queries,mean_query_contact_water_degree,1,1,-0.0575396791100502,,,False,,
esm2_top28_bilstm_attn,train,1,not_magnitude_enriched,all_eligible_queries,minimum_ca_distance_angstrom,1,1,-2.7171742916107178,,,False,,
esm2_top28_bilstm_attn,train,1,not_magnitude_enriched,all_eligible_queries,minimum_heavy_atom_distance_angstrom,1,1,-2.545465111732483,,,False,,
esm2_top28_bilstm_attn,train,1,not_magnitude_enriched,all_eligible_queries,minimum_polar_atom_distance_angstrom,1,1,-2.644973039627075,,,False,,
esm2_top28_bilstm_attn,train,1,not_magnitude_enriched,all_eligible_queries,neq,1,1,0.0167371428571428,,,False,,
esm2_top28_bilstm_attn,train,1,not_magnitude_enriched,all_eligible_queries,nonlocal_contact_path_exists,1,1,0.0,,,False,,
esm2_top28_bilstm_attn,train,1,not_magnitude_enriched,all_eligible_queries,normalized_query_position,1,1,-0.0675829725829725,,,False,,
esm2_top28_bilstm_attn,train,1,not_magnitude_enriched,all_eligible_queries,one_water_bridge,1,1,0.125,,,False,,
esm2_top28_bilstm_attn,train,1,not_magnitude_enriched,all_eligible_queries,ordinary_contact_path_exists,1,1,0.0,,,False,,
esm2_top28_bilstm_attn,train,1,not_magnitude_enriched,all_eligible_queries,query_distance_to_band_domain_boundary_sequence,1,1,9.400000095367432,,,False,,
esm2_top28_bilstm_attn,train,1,not_magnitude_enriched,all_eligible_queries,query_distance_to_community_boundary_edges,1,1,0.6874999850988388,,,False,,
esm2_top28_bilstm_attn,train,1,not_magnitude_enriched,all_eligible_queries,query_distance_to_ecod_boundary_sequence,1,1,9.400000095367432,,,False,,
esm2_top28_bilstm_attn,train,1,not_magnitude_enriched,all_eligible_queries,query_in_any_band,1,1,0.0,,,False,,
esm2_top28_bilstm_attn,train,1,not_magnitude_enriched,all_eligible_queries,query_to_band_contact_count,1,1,0.6160714030265808,,,False,,
esm2_top28_bilstm_attn,train,1,not_magnitude_enriched,all_eligible_queries,query_to_band_contact_fraction,1,1,0.2053571436554193,,,False,,
esm2_top28_bilstm_attn,train,1,not_magnitude_enriched,all_eligible_queries,query_water_contact_count,1,1,0.396428570151329,,,False,,
esm2_top28_bilstm_attn,train,1,not_magnitude_enriched,all_eligible_queries,reachable_query_water_entry_count,1,1,0.125,,,False,,
esm2_top28_bilstm_attn,train,1,not_magnitude_enriched,all_eligible_queries,relative_backbone_orientation_cosine,1,1,0.3932888116687536,,,False,,
esm2_top28_bilstm_attn,train,1,not_magnitude_enriched,all_eligible_queries,rsa,1,1,0.0123684548533388,,,False,,
esm2_top28_bilstm_attn,train,1,not_magnitude_enriched,all_eligible_queries,same_community_as_band_apex,1,1,0.1678571552038192,,,False,,
esm2_top28_bilstm_attn,train,1,not_magnitude_enriched,all_eligible_queries,same_community_as_band_majority,1,1,0.1678571552038192,,,False,,
esm2_top28_bilstm_attn,train,1,not_magnitude_enriched,all_eligible_queries,same_ecod_domain_as_band_apex,1,1,0.0,,,False,,
esm2_top28_bilstm_attn,train,1,not_magnitude_enriched,all_eligible_queries,shared_water_count,1,1,0.125,,,False,,
esm2_top28_bilstm_attn,train,1,not_magnitude_enriched,all_eligible_queries,shared_water_fraction_of_band_contacts,1,1,0.025000000372529,,,False,,
esm2_top28_bilstm_attn,train,1,not_magnitude_enriched,all_eligible_queries,shared_water_fraction_of_query_contacts,1,1,0.125,,,False,,
esm2_top28_bilstm_attn,train,1,not_magnitude_enriched,all_eligible_queries,shares_any_ecod_domain_with_band,1,1,0.0,,,False,,
esm2_top28_bilstm_attn,train,1,not_magnitude_enriched,all_eligible_queries,shortest_nonlocal_contact_path_edges,1,1,-0.4857143759727478,,,False,,
esm2_top28_bilstm_attn,train,1,not_magnitude_enriched,all_eligible_queries,shortest_ordinary_contact_path_edges,1,1,-0.5589285492897034,,,False,,
esm2_top28_bilstm_attn,train,1,not_magnitude_enriched,all_eligible_queries,torsion_change_from_previous,1,1,12.928006999309446,,,False,,
esm2_top28_bilstm_attn,train,1,not_magnitude_enriched,all_eligible_queries,water_path_at_most_1,1,1,0.125,,,False,,
esm2_top28_bilstm_attn,train,1,not_magnitude_enriched,all_eligible_queries,water_path_at_most_2,1,1,0.125,,,False,,
esm2_top28_bilstm_attn,train,1,not_magnitude_enriched,all_eligible_queries,water_path_at_most_3,1,1,0.125,,,False,,
esm2_top28_bilstm_attn,train,1,not_magnitude_enriched,all_eligible_queries,water_path_exists,1,1,0.125,,,False,,
esm2_top28_bilstm_attn,train,1,not_magnitude_enriched,all_eligible_queries,water_path_without_direct_ca_contact,1,1,0.0,,,False,,
esm2_top28_bilstm_attn,train,1,not_magnitude_enriched,all_eligible_queries,water_path_without_direct_polar_contact,1,1,0.0,,,False,,
esm2_top28_bilstm_attn,train,1,not_magnitude_enriched,sequence_distal_ge21,absolute_backbone_orientation_cosine,1,1,0.1515466421842575,,,False,,
esm2_top28_bilstm_attn,train,1,not_magnitude_enriched,sequence_distal_ge21,absolute_sequence_separation,1,1,-2.3936507936507945,,,False,,
esm2_top28_bilstm_attn,train,1,not_magnitude_enriched,sequence_distal_ge21,band_water_contact_count,1,1,0.0,,,False,,
esm2_top28_bilstm_attn,train,1,not_magnitude_enriched,sequence_distal_ge21,direct_ca_contact,1,1,-0.125,,,False,,
esm2_top28_bilstm_attn,train,1,not_magnitude_enriched,sequence_distal_ge21,direct_putative_polar_contact,1,1,0.0,,,False,,
esm2_top28_bilstm_attn,train,1,not_magnitude_enriched,sequence_distal_ge21,direct_putative_polar_contact_count,1,1,0.0,,,False,,
esm2_top28_bilstm_attn,train,1,not_magnitude_enriched,sequence_distal_ge21,disorder,1,1,-0.1595990466819669,,,False,,
esm2_top28_bilstm_attn,train,1,not_magnitude_enriched,sequence_distal_ge21,mean_query_contact_water_degree,1,1,0.0833333432674408,,,False,,
esm2_top28_bilstm_attn,train,1,not_magnitude_enriched,sequence_distal_ge21,minimum_ca_distance_angstrom,1,1,5.605826377868652,,,False,,
esm2_top28_bilstm_attn,train,1,not_magnitude_enriched,sequence_distal_ge21,minimum_heavy_atom_distance_angstrom,1,1,5.556676864624023,,,False,,
esm2_top28_bilstm_attn,train,1,not_magnitude_enriched,sequence_distal_ge21,minimum_polar_atom_distance_angstrom,1,1,5.016907691955566,,,False,,
esm2_top28_bilstm_attn,train,1,not_magnitude_enriched,sequence_distal_ge21,neq,1,1,-0.0921285714285714,,,False,,
esm2_top28_bilstm_attn,train,1,not_magnitude_enriched,sequence_distal_ge21,nonlocal_contact_path_exists,1,1,0.0,,,False,,
esm2_top28_bilstm_attn,train,1,not_magnitude_enriched,sequence_distal_ge21,normalized_query_position,1,1,-0.070069745069745,,,False,,
esm2_top28_bilstm_attn,train,1,not_magnitude_enriched,sequence_distal_ge21,one_water_bridge,1,1,0.0,,,False,,
esm2_top28_bilstm_attn,train,1,not_magnitude_enriched,sequence_distal_ge21,ordinary_contact_path_exists,1,1,0.0,,,False,,
esm2_top28_bilstm_attn,train,1,not_magnitude_enriched,sequence_distal_ge21,query_distance_to_band_domain_boundary_sequence,1,1,10.37142848968506,,,False,,
esm2_top28_bilstm_attn,train,1,not_magnitude_enriched,sequence_distal_ge21,query_distance_to_community_boundary_edges,1,1,0.3392857015132904,,,False,,
esm2_top28_bilstm_attn,train,1,not_magnitude_enriched,sequence_distal_ge21,query_distance_to_ecod_boundary_sequence,1,1,10.37142848968506,,,False,,
esm2_top28_bilstm_attn,train,1,not_magnitude_enriched,sequence_distal_ge21,query_in_any_band,1,1,0.0,,,False,,
esm2_top28_bilstm_attn,train,1,not_magnitude_enriched,sequence_distal_ge21,query_to_band_contact_count,1,1,-0.125,,,False,,
esm2_top28_bilstm_attn,train,1,not_magnitude_enriched,sequence_distal_ge21,query_to_band_contact_fraction,1,1,-0.0416666679084301,,,False,,
esm2_top28_bilstm_attn,train,1,not_magnitude_enriched,sequence_distal_ge21,query_water_contact_count,1,1,0.0785714387893676,,,False,,
esm2_top28_bilstm_attn,train,1,not_magnitude_enriched,sequence_distal_ge21,reachable_query_water_entry_count,1,1,0.0,,,False,,
esm2_top28_bilstm_attn,train,1,not_magnitude_enriched,sequence_distal_ge21,relative_backbone_orientation_cosine,1,1,0.3501206487417221,,,False,,
esm2_top28_bilstm_attn,train,1,not_magnitude_enriched,sequence_distal_ge21,rsa,1,1,-0.0255746959132097,,,False,,
esm2_top28_bilstm_attn,train,1,not_magnitude_enriched,sequence_distal_ge21,same_community_as_band_apex,1,1,-0.0214285552501678,,,False,,
esm2_top28_bilstm_attn,train,1,not_magnitude_enriched,sequence_distal_ge21,same_community_as_band_majority,1,1,-0.0214285552501678,,,False,,
esm2_top28_bilstm_attn,train,1,not_magnitude_enriched,sequence_distal_ge21,same_ecod_domain_as_band_apex,1,1,0.0,,,False,,
esm2_top28_bilstm_attn,train,1,not_magnitude_enriched,sequence_distal_ge21,shared_water_count,1,1,0.0,,,False,,
esm2_top28_bilstm_attn,train,1,not_magnitude_enriched,sequence_distal_ge21,shared_water_fraction_of_band_contacts,1,1,0.0,,,False,,
esm2_top28_bilstm_attn,train,1,not_magnitude_enriched,sequence_distal_ge21,shared_water_fraction_of_query_contacts,1,1,0.0,,,False,,
esm2_top28_bilstm_attn,train,1,not_magnitude_enriched,sequence_distal_ge21,shares_any_ecod_domain_with_band,1,1,0.0,,,False,,
esm2_top28_bilstm_attn,train,1,not_magnitude_enriched,sequence_distal_ge21,shortest_nonlocal_contact_path_edges,1,1,1.1714284420013428,,,False,,
esm2_top28_bilstm_attn,train,1,not_magnitude_enriched,sequence_distal_ge21,shortest_ordinary_contact_path_edges,1,1,0.6321429014205933,,,False,,
esm2_top28_bilstm_attn,train,1,not_magnitude_enriched,sequence_distal_ge21,torsion_change_from_previous,1,1,13.306472187701752,,,False,,
esm2_top28_bilstm_attn,train,1,not_magnitude_enriched,sequence_distal_ge21,water_path_at_most_1,1,1,0.0,,,False,,
esm2_top28_bilstm_attn,train,1,not_magnitude_enriched,sequence_distal_ge21,water_path_at_most_2,1,1,0.0,,,False,,
esm2_top28_bilstm_attn,train,1,not_magnitude_enriched,sequence_distal_ge21,water_path_at_most_3,1,1,0.0,,,False,,
esm2_top28_bilstm_attn,train,1,not_magnitude_enriched,sequence_distal_ge21,water_path_exists,1,1,0.0,,,False,,
esm2_top28_bilstm_attn,train,1,not_magnitude_enriched,sequence_distal_ge21,water_path_without_direct_ca_contact,1,1,0.0,,,False,,
esm2_top28_bilstm_attn,train,1,not_magnitude_enriched,sequence_distal_ge21,water_path_without_direct_polar_contact,1,1,0.0,,,False,,
esm2_top28_bilstm_attn,train,1,not_magnitude_enriched,sequence_distal_ge21_no_direct_ca,absolute_backbone_orientation_cosine,1,1,0.1313991397619247,,,False,,
esm2_top28_bilstm_attn,train,1,not_magnitude_enriched,sequence_distal_ge21_no_direct_ca,absolute_sequence_separation,1,1,1.7428571428571438,,,False,,
esm2_top28_bilstm_attn,train,1,not_magnitude_enriched,sequence_distal_ge21_no_direct_ca,band_water_contact_count,1,1,0.0,,,False,,
esm2_top28_bilstm_attn,train,1,not_magnitude_enriched,sequence_distal_ge21_no_direct_ca,direct_ca_contact,1,1,0.0,,,False,,
esm2_top28_bilstm_attn,train,1,not_magnitude_enriched,sequence_distal_ge21_no_direct_ca,direct_putative_polar_contact,1,1,0.0,,,False,,
esm2_top28_bilstm_attn,train,1,not_magnitude_enriched,sequence_distal_ge21_no_direct_ca,direct_putative_polar_contact_count,1,1,0.0,,,False,,
esm2_top28_bilstm_attn,train,1,not_magnitude_enriched,sequence_distal_ge21_no_direct_ca,disorder,1,1,-0.0616613839809793,,,False,,
esm2_top28_bilstm_attn,train,1,not_magnitude_enriched,sequence_distal_ge21_no_direct_ca,mean_query_contact_water_degree,1,1,0.0833333432674408,,,False,,
esm2_top28_bilstm_attn,train,1,not_magnitude_enriched,sequence_distal_ge21_no_direct_ca,minimum_ca_distance_angstrom,1,1,3.9139089584350586,,,False,,
esm2_top28_bilstm_attn,train,1,not_magnitude_enriched,sequence_distal_ge21_no_direct_ca,minimum_heavy_atom_distance_angstrom,1,1,3.811526298522949,,,False,,
esm2_top28_bilstm_attn,train,1,not_magnitude_enriched,sequence_distal_ge21_no_direct_ca,minimum_polar_atom_distance_angstrom,1,1,3.3635787963867188,,,False,,
esm2_top28_bilstm_attn,train,1,not_magnitude_enriched,sequence_distal_ge21_no_direct_ca,neq,1,1,-0.0130817460317461,,,False,,
esm2_top28_bilstm_attn,train,1,not_magnitude_enriched,sequence_distal_ge21_no_direct_ca,nonlocal_contact_path_exists,1,1,0.0,,,False,,
esm2_top28_bilstm_attn,train,1,not_magnitude_enriched,sequence_distal_ge21_no_direct_ca,normalized_query_position,1,1,-0.0943722943722943,,,False,,
esm2_top28_bilstm_attn,train,1,not_magnitude_enriched,sequence_distal_ge21_no_direct_ca,one_water_bridge,1,1,0.0,,,False,,
esm2_top28_bilstm_attn,train,1,not_magnitude_enriched,sequence_distal_ge21_no_direct_ca,ordinary_contact_path_exists,1,1,0.0,,,False,,
esm2_top28_bilstm_attn,train,1,not_magnitude_enriched,sequence_distal_ge21_no_direct_ca,query_distance_to_band_domain_boundary_sequence,1,1,6.038094520568848,,,False,,
esm2_top28_bilstm_attn,train,1,not_magnitude_enriched,sequence_distal_ge21_no_direct_ca,query_distance_to_community_boundary_edges,1,1,0.7142857015132904,,,False,,
esm2_top28_bilstm_attn,train,1,not_magnitude_enriched,sequence_distal_ge21_no_direct_ca,query_distance_to_ecod_boundary_sequence,1,1,6.038094520568848,,,False,,
esm2_top28_bilstm_attn,train,1,not_magnitude_enriched,sequence_distal_ge21_no_direct_ca,query_in_any_band,1,1,0.0,,,False,,
esm2_top28_bilstm_attn,train,1,not_magnitude_enriched,sequence_distal_ge21_no_direct_ca,query_to_band_contact_count,1,1,0.0,,,False,,
esm2_top28_bilstm_attn,train,1,not_magnitude_enriched,sequence_distal_ge21_no_direct_ca,query_to_band_contact_fraction,1,1,0.0,,,False,,
esm2_top28_bilstm_attn,train,1,not_magnitude_enriched,sequence_distal_ge21_no_direct_ca,query_water_contact_count,1,1,-0.0880952477455139,,,False,,
esm2_top28_bilstm_attn,train,1,not_magnitude_enriched,sequence_distal_ge21_no_direct_ca,reachable_query_water_entry_count,1,1,0.0,,,False,,
esm2_top28_bilstm_attn,train,1,not_magnitude_enriched,sequence_distal_ge21_no_direct_ca,relative_backbone_orientation_cosine,1,1,0.3361907750368118,,,False,,
esm2_top28_bilstm_attn,train,1,not_magnitude_enriched,sequence_distal_ge21_no_direct_ca,rsa,1,1,0.0500830533382083,,,False,,
esm2_top28_bilstm_attn,train,1,not_magnitude_enriched,sequence_distal_ge21_no_direct_ca,same_community_as_band_apex,1,1,0.0619047731161117,,,False,,
esm2_top28_bilstm_attn,train,1,not_magnitude_enriched,sequence_distal_ge21_no_direct_ca,same_community_as_band_majority,1,1,0.0619047731161117,,,False,,
esm2_top28_bilstm_attn,train,1,not_magnitude_enriched,sequence_distal_ge21_no_direct_ca,same_ecod_domain_as_band_apex,1,1,0.0,,,False,,
esm2_top28_bilstm_attn,train,1,not_magnitude_enriched,sequence_distal_ge21_no_direct_ca,shared_water_count,1,1,0.0,,,False,,
esm2_top28_bilstm_attn,train,1,not_magnitude_enriched,sequence_distal_ge21_no_direct_ca,shared_water_fraction_of_band_contacts,1,1,0.0,,,False,,
esm2_top28_bilstm_attn,train,1,not_magnitude_enriched,sequence_distal_ge21_no_direct_ca,shared_water_fraction_of_query_contacts,1,1,0.0,,,False,,
esm2_top28_bilstm_attn,train,1,not_magnitude_enriched,sequence_distal_ge21_no_direct_ca,shares_any_ecod_domain_with_band,1,1,0.0,,,False,,
esm2_top28_bilstm_attn,train,1,not_magnitude_enriched,sequence_distal_ge21_no_direct_ca,shortest_nonlocal_contact_path_edges,1,1,0.7547616958618164,,,False,,
esm2_top28_bilstm_attn,train,1,not_magnitude_enriched,sequence_distal_ge21_no_direct_ca,shortest_ordinary_contact_path_edges,1,1,0.2571429014205932,,,False,,
esm2_top28_bilstm_attn,train,1,not_magnitude_enriched,sequence_distal_ge21_no_direct_ca,torsion_change_from_previous,1,1,36.51710898635355,,,False,,
esm2_top28_bilstm_attn,train,1,not_magnitude_enriched,sequence_distal_ge21_no_direct_ca,water_path_at_most_1,1,1,0.0,,,False,,
esm2_top28_bilstm_attn,train,1,not_magnitude_enriched,sequence_distal_ge21_no_direct_ca,water_path_at_most_2,1,1,0.0,,,False,,
esm2_top28_bilstm_attn,train,1,not_magnitude_enriched,sequence_distal_ge21_no_direct_ca,water_path_at_most_3,1,1,0.0,,,False,,
esm2_top28_bilstm_attn,train,1,not_magnitude_enriched,sequence_distal_ge21_no_direct_ca,water_path_exists,1,1,0.0,,,False,,
esm2_top28_bilstm_attn,train,1,not_magnitude_enriched,sequence_distal_ge21_no_direct_ca,water_path_without_direct_ca_contact,1,1,0.0,,,False,,
esm2_top28_bilstm_attn,train,1,not_magnitude_enriched,sequence_distal_ge21_no_direct_ca,water_path_without_direct_polar_contact,1,1,0.0,,,False,,
esm2_top28_bilstm_attn,train,1,consultation_dominated,all_eligible_queries,shortest_water_path_water_count,1,1,0.0,,,False,,
esm2_top28_bilstm_attn,train,-1,consultation_dominated,all_eligible_queries,absolute_backbone_orientation_cosine,1,1,-0.204195499420166,,,False,,
esm2_top28_bilstm_attn,train,-1,consultation_dominated,all_eligible_queries,absolute_sequence_separation,1,1,4.899999999999999,,,False,,
esm2_top28_bilstm_attn,train,-1,consultation_dominated,all_eligible_queries,band_water_contact_count,1,1,0.0,,,False,,
esm2_top28_bilstm_attn,train,-1,consultation_dominated,all_eligible_queries,direct_ca_contact,1,1,0.0,,,False,,
esm2_top28_bilstm_attn,train,-1,consultation_dominated,all_eligible_queries,direct_putative_polar_contact,1,1,0.0,,,False,,
esm2_top28_bilstm_attn,train,-1,consultation_dominated,all_eligible_queries,direct_putative_polar_contact_count,1,1,0.0,,,False,,
esm2_top28_bilstm_attn,train,-1,consultation_dominated,all_eligible_queries,disorder,1,1,-0.0134654756635427,,,False,,
esm2_top28_bilstm_attn,train,-1,consultation_dominated,all_eligible_queries,minimum_ca_distance_angstrom,1,1,-3.810029029846192,,,False,,
esm2_top28_bilstm_attn,train,-1,consultation_dominated,all_eligible_queries,minimum_heavy_atom_distance_angstrom,1,1,-2.7713794708251958,,,False,,
esm2_top28_bilstm_attn,train,-1,consultation_dominated,all_eligible_queries,minimum_polar_atom_distance_angstrom,1,1,-4.194849967956543,,,False,,
esm2_top28_bilstm_attn,train,-1,consultation_dominated,all_eligible_queries,neq,1,1,-0.1979999999999999,,,False,,
esm2_top28_bilstm_attn,train,-1,consultation_dominated,all_eligible_queries,nonlocal_contact_path_exists,1,1,0.1000000238418579,,,False,,
esm2_top28_bilstm_attn,train,-1,consultation_dominated,all_eligible_queries,normalized_query_position,1,1,-0.2009174311926605,,,False,,
esm2_top28_bilstm_attn,train,-1,consultation_dominated,all_eligible_queries,one_water_bridge,1,1,0.0,,,False,,
esm2_top28_bilstm_attn,train,-1,consultation_dominated,all_eligible_queries,ordinary_contact_path_exists,1,1,0.0,,,False,,
esm2_top28_bilstm_attn,train,-1,consultation_dominated,all_eligible_queries,query_distance_to_band_domain_boundary_sequence,1,1,-4.299999237060547,,,False,,
esm2_top28_bilstm_attn,train,-1,consultation_dominated,all_eligible_queries,query_distance_to_community_boundary_edges,1,1,-0.0555555820465087,,,False,,
esm2_top28_bilstm_attn,train,-1,consultation_dominated,all_eligible_queries,query_distance_to_ecod_boundary_sequence,1,1,-4.299999237060547,,,False,,
esm2_top28_bilstm_attn,train,-1,consultation_dominated,all_eligible_queries,query_in_any_band,1,1,-0.6,,,False,,
esm2_top28_bilstm_attn,train,-1,consultation_dominated,all_eligible_queries,query_to_band_contact_count,1,1,0.0,,,False,,
esm2_top28_bilstm_attn,train,-1,consultation_dominated,all_eligible_queries,query_to_band_contact_fraction,1,1,0.0,,,False,,
esm2_top28_bilstm_attn,train,-1,consultation_dominated,all_eligible_queries,query_water_contact_count,1,1,-0.5,,,False,,
esm2_top28_bilstm_attn,train,-1,consultation_dominated,all_eligible_queries,reachable_query_water_entry_count,1,1,0.0,,,False,,
esm2_top28_bilstm_attn,train,-1,consultation_dominated,all_eligible_queries,relative_backbone_orientation_cosine,1,1,-0.7098355293273926,,,False,,
esm2_top28_bilstm_attn,train,-1,consultation_dominated,all_eligible_queries,rsa,1,1,-0.1157621085643769,,,False,,
esm2_top28_bilstm_attn,train,-1,consultation_dominated,all_eligible_queries,same_community_as_band_apex,1,1,-0.1000000014901161,,,False,,
esm2_top28_bilstm_attn,train,-1,consultation_dominated,all_eligible_queries,same_community_as_band_majority,1,1,-0.1000000014901161,,,False,,
esm2_top28_bilstm_attn,train,-1,consultation_dominated,all_eligible_queries,same_ecod_domain_as_band_apex,1,1,0.0,,,False,,
esm2_top28_bilstm_attn,train,-1,consultation_dominated,all_eligible_queries,shared_water_count,1,1,0.0,,,False,,
esm2_top28_bilstm_attn,train,-1,consultation_dominated,all_eligible_queries,shared_water_fraction_of_band_contacts,1,1,0.0,,,False,,
esm2_top28_bilstm_attn,train,-1,consultation_dominated,all_eligible_queries,shared_water_fraction_of_query_contacts,1,1,0.0,,,False,,
esm2_top28_bilstm_attn,train,-1,consultation_dominated,all_eligible_queries,shares_any_ecod_domain_with_band,1,1,0.0,,,False,,
esm2_top28_bilstm_attn,train,-1,consultation_dominated,all_eligible_queries,shortest_nonlocal_contact_path_edges,1,1,-1.5555555820465088,,,False,,
esm2_top28_bilstm_attn,train,-1,consultation_dominated,all_eligible_queries,shortest_ordinary_contact_path_edges,1,1,-0.7999999523162842,,,False,,
esm2_top28_bilstm_attn,train,-1,consultation_dominated,all_eligible_queries,torsion_change_from_previous,1,1,-15.91066509370903,,,False,,
esm2_top28_bilstm_attn,train,-1,consultation_dominated,all_eligible_queries,water_path_at_most_1,1,1,0.0,,,False,,
esm2_top28_bilstm_attn,train,-1,consultation_dominated,all_eligible_queries,water_path_at_most_2,1,1,0.0,,,False,,
esm2_top28_bilstm_attn,train,-1,consultation_dominated,all_eligible_queries,water_path_at_most_3,1,1,0.0,,,False,,
esm2_top28_bilstm_attn,train,-1,consultation_dominated,all_eligible_queries,water_path_exists,1,1,0.0,,,False,,
esm2_top28_bilstm_attn,train,-1,consultation_dominated,all_eligible_queries,water_path_without_direct_ca_contact,1,1,0.0,,,False,,
esm2_top28_bilstm_attn,train,-1,consultation_dominated,all_eligible_queries,water_path_without_direct_polar_contact,1,1,0.0,,,False,,
esm2_top28_bilstm_attn,train,-1,consultation_dominated,sequence_distal_ge21,absolute_backbone_orientation_cosine,1,1,-0.204195499420166,,,False,,
esm2_top28_bilstm_attn,train,-1,consultation_dominated,sequence_distal_ge21,absolute_sequence_separation,1,1,4.899999999999999,,,False,,
esm2_top28_bilstm_attn,train,-1,consultation_dominated,sequence_distal_ge21,band_water_contact_count,1,1,0.0,,,False,,
esm2_top28_bilstm_attn,train,-1,consultation_dominated,sequence_distal_ge21,direct_ca_contact,1,1,0.0,,,False,,
esm2_top28_bilstm_attn,train,-1,consultation_dominated,sequence_distal_ge21,direct_putative_polar_contact,1,1,0.0,,,False,,
esm2_top28_bilstm_attn,train,-1,consultation_dominated,sequence_distal_ge21,direct_putative_polar_contact_count,1,1,0.0,,,False,,
esm2_top28_bilstm_attn,train,-1,consultation_dominated,sequence_distal_ge21,disorder,1,1,-0.0134654756635427,,,False,,
esm2_top28_bilstm_attn,train,-1,consultation_dominated,sequence_distal_ge21,minimum_ca_distance_angstrom,1,1,-3.810029029846192,,,False,,
esm2_top28_bilstm_attn,train,-1,consultation_dominated,sequence_distal_ge21,minimum_heavy_atom_distance_angstrom,1,1,-2.7713794708251958,,,False,,
esm2_top28_bilstm_attn,train,-1,consultation_dominated,sequence_distal_ge21,minimum_polar_atom_distance_angstrom,1,1,-4.194849967956543,,,False,,
esm2_top28_bilstm_attn,train,-1,consultation_dominated,sequence_distal_ge21,neq,1,1,-0.1979999999999999,,,False,,
esm2_top28_bilstm_attn,train,-1,consultation_dominated,sequence_distal_ge21,nonlocal_contact_path_exists,1,1,0.1000000238418579,,,False,,
esm2_top28_bilstm_attn,train,-1,consultation_dominated,sequence_distal_ge21,normalized_query_position,1,1,-0.2009174311926605,,,False,,
esm2_top28_bilstm_attn,train,-1,consultation_dominated,sequence_distal_ge21,one_water_bridge,1,1,0.0,,,False,,
esm2_top28_bilstm_attn,train,-1,consultation_dominated,sequence_distal_ge21,ordinary_contact_path_exists,1,1,0.0,,,False,,
esm2_top28_bilstm_attn,train,-1,consultation_dominated,sequence_distal_ge21,query_distance_to_band_domain_boundary_sequence,1,1,-4.299999237060547,,,False,,
esm2_top28_bilstm_attn,train,-1,consultation_dominated,sequence_distal_ge21,query_distance_to_community_boundary_edges,1,1,-0.0555555820465087,,,False,,
esm2_top28_bilstm_attn,train,-1,consultation_dominated,sequence_distal_ge21,query_distance_to_ecod_boundary_sequence,1,1,-4.299999237060547,,,False,,
esm2_top28_bilstm_attn,train,-1,consultation_dominated,sequence_distal_ge21,query_in_any_band,1,1,-0.6,,,False,,
esm2_top28_bilstm_attn,train,-1,consultation_dominated,sequence_distal_ge21,query_to_band_contact_count,1,1,0.0,,,False,,
esm2_top28_bilstm_attn,train,-1,consultation_dominated,sequence_distal_ge21,query_to_band_contact_fraction,1,1,0.0,,,False,,
esm2_top28_bilstm_attn,train,-1,consultation_dominated,sequence_distal_ge21,query_water_contact_count,1,1,-0.5,,,False,,
esm2_top28_bilstm_attn,train,-1,consultation_dominated,sequence_distal_ge21,reachable_query_water_entry_count,1,1,0.0,,,False,,
esm2_top28_bilstm_attn,train,-1,consultation_dominated,sequence_distal_ge21,relative_backbone_orientation_cosine,1,1,-0.7098355293273926,,,False,,
esm2_top28_bilstm_attn,train,-1,consultation_dominated,sequence_distal_ge21,rsa,1,1,-0.1157621085643769,,,False,,
esm2_top28_bilstm_attn,train,-1,consultation_dominated,sequence_distal_ge21,same_community_as_band_apex,1,1,-0.1000000014901161,,,False,,
esm2_top28_bilstm_attn,train,-1,consultation_dominated,sequence_distal_ge21,same_community_as_band_majority,1,1,-0.1000000014901161,,,False,,
esm2_top28_bilstm_attn,train,-1,consultation_dominated,sequence_distal_ge21,same_ecod_domain_as_band_apex,1,1,0.0,,,False,,
esm2_top28_bilstm_attn,train,-1,consultation_dominated,sequence_distal_ge21,shared_water_count,1,1,0.0,,,False,,
esm2_top28_bilstm_attn,train,-1,consultation_dominated,sequence_distal_ge21,shared_water_fraction_of_band_contacts,1,1,0.0,,,False,,
esm2_top28_bilstm_attn,train,-1,consultation_dominated,sequence_distal_ge21,shared_water_fraction_of_query_contacts,1,1,0.0,,,False,,
esm2_top28_bilstm_attn,train,-1,consultation_dominated,sequence_distal_ge21,shares_any_ecod_domain_with_band,1,1,0.0,,,False,,
esm2_top28_bilstm_attn,train,-1,consultation_dominated,sequence_distal_ge21,shortest_nonlocal_contact_path_edges,1,1,-1.5555555820465088,,,False,,
esm2_top28_bilstm_attn,train,-1,consultation_dominated,sequence_distal_ge21,shortest_ordinary_contact_path_edges,1,1,-0.7999999523162842,,,False,,
esm2_top28_bilstm_attn,train,-1,consultation_dominated,sequence_distal_ge21,torsion_change_from_previous,1,1,-15.91066509370903,,,False,,
esm2_top28_bilstm_attn,train,-1,consultation_dominated,sequence_distal_ge21,water_path_at_most_1,1,1,0.0,,,False,,
esm2_top28_bilstm_attn,train,-1,consultation_dominated,sequence_distal_ge21,water_path_at_most_2,1,1,0.0,,,False,,
esm2_top28_bilstm_attn,train,-1,consultation_dominated,sequence_distal_ge21,water_path_at_most_3,1,1,0.0,,,False,,
esm2_top28_bilstm_attn,train,-1,consultation_dominated,sequence_distal_ge21,water_path_exists,1,1,0.0,,,False,,
esm2_top28_bilstm_attn,train,-1,consultation_dominated,sequence_distal_ge21,water_path_without_direct_ca_contact,1,1,0.0,,,False,,
esm2_top28_bilstm_attn,train,-1,consultation_dominated,sequence_distal_ge21,water_path_without_direct_polar_contact,1,1,0.0,,,False,,
esm2_top28_bilstm_attn,train,-1,consultation_dominated,sequence_distal_ge21_no_direct_ca,absolute_backbone_orientation_cosine,1,1,-0.204195499420166,,,False,,
esm2_top28_bilstm_attn,train,-1,consultation_dominated,sequence_distal_ge21_no_direct_ca,absolute_sequence_separation,1,1,4.899999999999999,,,False,,
esm2_top28_bilstm_attn,train,-1,consultation_dominated,sequence_distal_ge21_no_direct_ca,band_water_contact_count,1,1,0.0,,,False,,
esm2_top28_bilstm_attn,train,-1,consultation_dominated,sequence_distal_ge21_no_direct_ca,direct_ca_contact,1,1,0.0,,,False,,
esm2_top28_bilstm_attn,train,-1,consultation_dominated,sequence_distal_ge21_no_direct_ca,direct_putative_polar_contact,1,1,0.0,,,False,,
esm2_top28_bilstm_attn,train,-1,consultation_dominated,sequence_distal_ge21_no_direct_ca,direct_putative_polar_contact_count,1,1,0.0,,,False,,
esm2_top28_bilstm_attn,train,-1,consultation_dominated,sequence_distal_ge21_no_direct_ca,disorder,1,1,-0.0134654756635427,,,False,,
esm2_top28_bilstm_attn,train,-1,consultation_dominated,sequence_distal_ge21_no_direct_ca,minimum_ca_distance_angstrom,1,1,-3.810029029846192,,,False,,
esm2_top28_bilstm_attn,train,-1,consultation_dominated,sequence_distal_ge21_no_direct_ca,minimum_heavy_atom_distance_angstrom,1,1,-2.7713794708251958,,,False,,
esm2_top28_bilstm_attn,train,-1,consultation_dominated,sequence_distal_ge21_no_direct_ca,minimum_polar_atom_distance_angstrom,1,1,-4.194849967956543,,,False,,
esm2_top28_bilstm_attn,train,-1,consultation_dominated,sequence_distal_ge21_no_direct_ca,neq,1,1,-0.1979999999999999,,,False,,
esm2_top28_bilstm_attn,train,-1,consultation_dominated,sequence_distal_ge21_no_direct_ca,nonlocal_contact_path_exists,1,1,0.1000000238418579,,,False,,
esm2_top28_bilstm_attn,train,-1,consultation_dominated,sequence_distal_ge21_no_direct_ca,normalized_query_position,1,1,-0.2009174311926605,,,False,,
esm2_top28_bilstm_attn,train,-1,consultation_dominated,sequence_distal_ge21_no_direct_ca,one_water_bridge,1,1,0.0,,,False,,
esm2_top28_bilstm_attn,train,-1,consultation_dominated,sequence_distal_ge21_no_direct_ca,ordinary_contact_path_exists,1,1,0.0,,,False,,
esm2_top28_bilstm_attn,train,-1,consultation_dominated,sequence_distal_ge21_no_direct_ca,query_distance_to_band_domain_boundary_sequence,1,1,-4.299999237060547,,,False,,
esm2_top28_bilstm_attn,train,-1,consultation_dominated,sequence_distal_ge21_no_direct_ca,query_distance_to_community_boundary_edges,1,1,-0.0555555820465087,,,False,,
esm2_top28_bilstm_attn,train,-1,consultation_dominated,sequence_distal_ge21_no_direct_ca,query_distance_to_ecod_boundary_sequence,1,1,-4.299999237060547,,,False,,
esm2_top28_bilstm_attn,train,-1,consultation_dominated,sequence_distal_ge21_no_direct_ca,query_in_any_band,1,1,-0.6,,,False,,
esm2_top28_bilstm_attn,train,-1,consultation_dominated,sequence_distal_ge21_no_direct_ca,query_to_band_contact_count,1,1,0.0,,,False,,
esm2_top28_bilstm_attn,train,-1,consultation_dominated,sequence_distal_ge21_no_direct_ca,query_to_band_contact_fraction,1,1,0.0,,,False,,
esm2_top28_bilstm_attn,train,-1,consultation_dominated,sequence_distal_ge21_no_direct_ca,query_water_contact_count,1,1,-0.5,,,False,,
esm2_top28_bilstm_attn,train,-1,consultation_dominated,sequence_distal_ge21_no_direct_ca,reachable_query_water_entry_count,1,1,0.0,,,False,,
esm2_top28_bilstm_attn,train,-1,consultation_dominated,sequence_distal_ge21_no_direct_ca,relative_backbone_orientation_cosine,1,1,-0.7098355293273926,,,False,,
esm2_top28_bilstm_attn,train,-1,consultation_dominated,sequence_distal_ge21_no_direct_ca,rsa,1,1,-0.1157621085643769,,,False,,
esm2_top28_bilstm_attn,train,-1,consultation_dominated,sequence_distal_ge21_no_direct_ca,same_community_as_band_apex,1,1,-0.1000000014901161,,,False,,
esm2_top28_bilstm_attn,train,-1,consultation_dominated,sequence_distal_ge21_no_direct_ca,same_community_as_band_majority,1,1,-0.1000000014901161,,,False,,
esm2_top28_bilstm_attn,train,-1,consultation_dominated,sequence_distal_ge21_no_direct_ca,same_ecod_domain_as_band_apex,1,1,0.0,,,False,,
esm2_top28_bilstm_attn,train,-1,consultation_dominated,sequence_distal_ge21_no_direct_ca,shared_water_count,1,1,0.0,,,False,,
esm2_top28_bilstm_attn,train,-1,consultation_dominated,sequence_distal_ge21_no_direct_ca,shared_water_fraction_of_band_contacts,1,1,0.0,,,False,,
esm2_top28_bilstm_attn,train,-1,consultation_dominated,sequence_distal_ge21_no_direct_ca,shared_water_fraction_of_query_contacts,1,1,0.0,,,False,,
esm2_top28_bilstm_attn,train,-1,consultation_dominated,sequence_distal_ge21_no_direct_ca,shares_any_ecod_domain_with_band,1,1,0.0,,,False,,
esm2_top28_bilstm_attn,train,-1,consultation_dominated,sequence_distal_ge21_no_direct_ca,shortest_nonlocal_contact_path_edges,1,1,-1.5555555820465088,,,False,,
esm2_top28_bilstm_attn,train,-1,consultation_dominated,sequence_distal_ge21_no_direct_ca,shortest_ordinary_contact_path_edges,1,1,-0.7999999523162842,,,False,,
esm2_top28_bilstm_attn,train,-1,consultation_dominated,sequence_distal_ge21_no_direct_ca,torsion_change_from_previous,1,1,-15.91066509370903,,,False,,
esm2_top28_bilstm_attn,train,-1,consultation_dominated,sequence_distal_ge21_no_direct_ca,water_path_at_most_1,1,1,0.0,,,False,,
esm2_top28_bilstm_attn,train,-1,consultation_dominated,sequence_distal_ge21_no_direct_ca,water_path_at_most_2,1,1,0.0,,,False,,
esm2_top28_bilstm_attn,train,-1,consultation_dominated,sequence_distal_ge21_no_direct_ca,water_path_at_most_3,1,1,0.0,,,False,,
esm2_top28_bilstm_attn,train,-1,consultation_dominated,sequence_distal_ge21_no_direct_ca,water_path_exists,1,1,0.0,,,False,,
esm2_top28_bilstm_attn,train,-1,consultation_dominated,sequence_distal_ge21_no_direct_ca,water_path_without_direct_ca_contact,1,1,0.0,,,False,,
esm2_top28_bilstm_attn,train,-1,consultation_dominated,sequence_distal_ge21_no_direct_ca,water_path_without_direct_polar_contact,1,1,0.0,,,False,,
esm2_top28_bilstm_attn,validation,-1,combined,all_eligible_queries,absolute_backbone_orientation_cosine,150,556,-0.0005425044495567039,-0.018553491285469844,0.017468482386356437,True,1.0,1.0
esm2_top28_bilstm_attn,validation,-1,combined,all_eligible_queries,absolute_sequence_separation,150,556,-0.2735523457338169,-2.2498509440713366,1.7027462526037027,True,0.36916146966178837,0.6365821678321678
esm2_top28_bilstm_attn,validation,-1,combined,all_eligible_queries,band_water_contact_count,150,556,0.003873011271158854,-0.0037801100379509373,0.011526132580268645,True,1.0,1.0
esm2_top28_bilstm_attn,validation,-1,combined,all_eligible_queries,direct_ca_contact,150,556,0.0938913405205299,0.05876020791166151,0.1290224731293983,True,1.8183331048258316e-12,1.839168171651961e-11
esm2_top28_bilstm_attn,validation,-1,combined,all_eligible_queries,direct_putative_polar_contact,150,556,0.02784927733015093,0.006354721472746412,0.04934383318755545,True,6.544227331170813e-06,3.620766232801629e-05
esm2_top28_bilstm_attn,validation,-1,combined,all_eligible_queries,direct_putative_polar_contact_count,150,556,0.1983061360015701,0.1311430091553179,0.2654692628478223,True,1.1639663841105042e-08,7.987359427359008e-08
esm2_top28_bilstm_attn,validation,-1,combined,all_eligible_queries,disorder,150,556,-0.020633602599376955,-0.02524101715457678,-0.01602618804417713,True,2.91790991940877e-38,6.589047748246315e-37
esm2_top28_bilstm_attn,validation,-1,combined,all_eligible_queries,mean_query_contact_water_degree,137,515,0.055702192759575414,-0.0025274954378826237,0.11393188095703345,True,0.02870319917373699,0.08091929593532206
esm2_top28_bilstm_attn,validation,-1,combined,all_eligible_queries,minimum_ca_distance_angstrom,150,556,-1.9263615161905652,-2.415059467096188,-1.4376635652849428,True,5.032155536945534e-09,3.5536167464539006e-08
esm2_top28_bilstm_attn,validation,-1,combined,all_eligible_queries,minimum_heavy_atom_distance_angstrom,150,556,-1.7100304706482883,-2.179321863782127,-1.2407390775144498,True,1.737120234565673e-09,1.2778361725479307e-08
esm2_top28_bilstm_attn,validation,-1,combined,all_eligible_queries,minimum_polar_atom_distance_angstrom,150,556,-1.2796190717716724,-1.7458509492808447,-0.8133871942625002,True,3.451074425265648e-06,1.9496664252133222e-05
esm2_top28_bilstm_attn,validation,-1,combined,all_eligible_queries,neq,150,556,-0.3729385750750837,-0.42528073769090036,-0.32059641245926707,True,2.2420775429197073e-44,7.638797523421179e-43
esm2_top28_bilstm_attn,validation,-1,combined,all_eligible_queries,nonlocal_contact_path_exists,150,556,0.0022942102562498136,0.0006278397130865699,0.0039605807994130575,True,0.00341796875,0.012406907126168223
esm2_top28_bilstm_attn,validation,-1,combined,all_eligible_queries,normalized_query_position,150,556,-0.014318333974239957,-0.0345671813765376,0.005930513428057687,True,0.06002721569726564,0.15238281422756847
esm2_top28_bilstm_attn,validation,-1,combined,all_eligible_queries,one_water_bridge,150,556,0.00463480061328874,-0.0050356172656281705,0.01430521849220565,True,1.0,1.0
esm2_top28_bilstm_attn,validation,-1,combined,all_eligible_queries,ordinary_contact_path_exists,150,556,0.0,0.0,0.0,True,1.0,1.0
esm2_top28_bilstm_attn,validation,-1,combined,all_eligible_queries,query_distance_to_band_domain_boundary_sequence,150,549,1.2813737677842818,-1.031420458445782,3.5941679940143456,True,0.6832317601040974,0.9557086614173228
esm2_top28_bilstm_attn,validation,-1,combined,all_eligible_queries,query_distance_to_community_boundary_edges,150,556,-0.3528531668808058,-0.4243604951612805,-0.28134583860033113,True,2.0422112272969558e-15,2.6091935548754527e-14
esm2_top28_bilstm_attn,validation,-1,combined,all_eligible_queries,query_distance_to_ecod_boundary_sequence,150,556,0.9330800095639665,-1.3433176325538025,3.2094776516817354,True,0.36916146966178837,0.6365821678321678
esm2_top28_bilstm_attn,validation,-1,combined,all_eligible_queries,query_in_any_band,150,556,0.6353492301932396,0.5761941547071581,0.6945043056793212,True,1.8643680069333046e-30,3.5496104602592917e-29
esm2_top28_bilstm_attn,validation,-1,combined,all_eligible_queries,query_to_band_contact_count,150,556,0.33060167500067467,0.22885576736357902,0.4323475826377703,True,1.910940861758424e-15,2.474031435689906e-14
esm2_top28_bilstm_attn,validation,-1,combined,all_eligible_queries,query_to_band_contact_fraction,150,556,0.05215750873690606,0.038258387622755644,0.06605662985105648,True,1.910940861758424e-15,2.474031435689906e-14
esm2_top28_bilstm_attn,validation,-1,combined,all_eligible_queries,query_water_contact_count,150,556,-0.29511080278045815,-0.3635018013238341,-0.2267198042370822,True,2.4024726949774945e-14,2.9160012335289343e-13
esm2_top28_bilstm_attn,validation,-1,combined,all_eligible_queries,reachable_query_water_entry_count,150,556,0.003555184815835286,-0.008614423501975946,0.015724793133646518,True,0.48868297090314317,0.7628796860883473
esm2_top28_bilstm_attn,validation,-1,combined,all_eligible_queries,relative_backbone_orientation_cosine,150,556,0.0038328685661176377,-0.03775074962327182,0.04541648675550709,True,0.9349614855143201,1.0
esm2_top28_bilstm_attn,validation,-1,combined,all_eligible_queries,rsa,150,556,-0.15927995274031959,-0.17770825389641182,-0.14085165158422736,True,1.7629282549387198e-30,3.3897095753376175e-29
esm2_top28_bilstm_attn,validation,-1,combined,all_eligible_queries,same_community_as_band_apex,150,556,-6.556319206665698e-05,-0.03228282521573953,0.032151698831606214,True,1.0,1.0
esm2_top28_bilstm_attn,validation,-1,combined,all_eligible_queries,same_community_as_band_majority,147,512,-0.005436746563484391,-0.0406767863858005,0.02980329325883172,True,0.4403825433795311,0.713629853002052
esm2_top28_bilstm_attn,validation,-1,combined,all_eligible_queries,same_ecod_domain_as_band_apex,150,549,-0.0053642364200942256,-0.017577777630827743,0.006849304790639293,True,0.36629400670329104,0.6365821678321678
esm2_top28_bilstm_attn,validation,-1,combined,all_eligible_queries,shared_water_count,150,556,0.005256101882477026,-0.004505889491474405,0.015018093256428458,True,1.0,1.0
esm2_top28_bilstm_attn,validation,-1,combined,all_eligible_queries,shared_water_fraction_of_band_contacts,150,556,0.0018043955951990934,-0.0010309820937327734,0.00463977328413096,True,1.0,1.0
esm2_top28_bilstm_attn,validation,-1,combined,all_eligible_queries,shared_water_fraction_of_query_contacts,150,556,0.0038850245762819323,-0.004558629612702829,0.012328678765266695,True,1.0,1.0
esm2_top28_bilstm_attn,validation,-1,combined,all_eligible_queries,shares_any_ecod_domain_with_band,150,549,-0.005096391286153848,-0.01734125904016566,0.007148476467857963,True,0.5189580031896519,0.7898247979579185
esm2_top28_bilstm_attn,validation,-1,combined,all_eligible_queries,shortest_nonlocal_contact_path_edges,149,554,-0.37629520218422174,-0.4775193049293021,-0.2750710994391414,True,2.096878096362e-06,1.2012204316032459e-05
esm2_top28_bilstm_attn,validation,-1,combined,all_eligible_queries,shortest_ordinary_contact_path_edges,150,556,-0.3891402041953196,-0.49665695062023424,-0.28162345777040493,True,5.564457739264457e-08,3.6141059965389885e-07
esm2_top28_bilstm_attn,validation,-1,combined,all_eligible_queries,torsion_change_from_previous,150,556,-41.62456008414094,-46.346339963610454,-36.90278020467142,True,7.884069497892145e-40,1.8902299956674748e-38
esm2_top28_bilstm_attn,validation,-1,combined,all_eligible_queries,water_path_at_most_1,150,556,0.00463480061328874,-0.0050356172656281705,0.01430521849220565,True,1.0,1.0
esm2_top28_bilstm_attn,validation,-1,combined,all_eligible_queries,water_path_at_most_2,150,556,0.005280817963522929,-0.004872032091292745,0.015433668018338603,True,0.2887842804141049,0.528918415146627
esm2_top28_bilstm_attn,validation,-1,combined,all_eligible_queries,water_path_at_most_3,150,556,0.004662659126879811,-0.0060437101555093796,0.015369028409269,True,0.241644723140752,0.4664752011325451
esm2_top28_bilstm_attn,validation,-1,combined,all_eligible_queries,water_path_exists,150,556,0.004795118484044311,-0.006057319970482948,0.015647556938571568,True,0.4159851975073046,0.686357904468297
esm2_top28_bilstm_attn,validation,-1,combined,all_eligible_queries,water_path_without_direct_ca_contact,150,556,-0.005721717147289936,-0.010564320179572984,-0.0008791141150068871,True,0.0005355850721002753,0.002342581554096249
esm2_top28_bilstm_attn,validation,-1,combined,all_eligible_queries,water_path_without_direct_polar_contact,150,556,0.0003501968494242684,-0.008377280201241977,0.009077673900090512,True,0.7981526273057179,1.0
esm2_top28_bilstm_attn,validation,-1,combined,sequence_distal_ge21,absolute_backbone_orientation_cosine,141,539,-0.005705399567038362,-0.02360870043998614,0.012197901305909415,True,0.39978672017322225,0.6624452308672335
esm2_top28_bilstm_attn,validation,-1,combined,sequence_distal_ge21,absolute_sequence_separation,141,539,-1.3151799207339545,-3.8781001910684254,1.2477403496005164,True,0.23828700628615238,0.46182970679411967
esm2_top28_bilstm_attn,validation,-1,combined,sequence_distal_ge21,band_water_contact_count,141,539,0.0,0.0,0.0,True,1.0,1.0
esm2_top28_bilstm_attn,validation,-1,combined,sequence_distal_ge21,direct_ca_contact,141,539,0.06929089745689228,0.03638977013929881,0.10219202477448575,True,7.747818821928e-10,6.087067208210336e-09
esm2_top28_bilstm_attn,validation,-1,combined,sequence_distal_ge21,direct_putative_polar_contact,141,539,-0.003983320601933683,-0.020130849567336916,0.012164208363469552,True,0.8919231511047488,1.0
esm2_top28_bilstm_attn,validation,-1,combined,sequence_distal_ge21,direct_putative_polar_contact_count,141,539,-0.006233352946869235,-0.02356661786906708,0.011099911975328608,True,0.8919231511047488,1.0
esm2_top28_bilstm_attn,validation,-1,combined,sequence_distal_ge21,disorder,141,539,-0.02141784162957209,-0.026615505166999797,-0.01622017809214438,True,1.1654869363608773e-35,2.433737237003036e-34
esm2_top28_bilstm_attn,validation,-1,combined,sequence_distal_ge21,mean_query_contact_water_degree,127,498,0.06119308494962699,0.0016496787050361977,0.12073649119421778,True,0.07212638623517523,0.1744326800357538
esm2_top28_bilstm_attn,validation,-1,combined,sequence_distal_ge21,minimum_ca_distance_angstrom,141,539,-2.1888696247378467,-2.7753209168918533,-1.6024183325838401,True,1.4687075361732718e-08,1.0007824685082434e-07
esm2_top28_bilstm_attn,validation,-1,combined,sequence_distal_ge21,minimum_heavy_atom_distance_angstrom,141,539,-1.9974066846106913,-2.5663965525764185,-1.428416816644964,True,4.09804793129638e-08,2.688651717087017e-07
esm2_top28_bilstm_attn,validation,-1,combined,sequence_distal_ge21,minimum_polar_atom_distance_angstrom,141,539,-1.6578766819835107,-2.224387498403018,-1.0913658655640033,True,7.237095141299467e-07,4.2848898671962084e-06
esm2_top28_bilstm_attn,validation,-1,combined,sequence_distal_ge21,neq,141,539,-0.38076991982454256,-0.42961867319030467,-0.33192116645878045,True,1.4349296274686127e-42,4.287128210067763e-41
esm2_top28_bilstm_attn,validation,-1,combined,sequence_distal_ge21,nonlocal_contact_path_exists,141,539,0.0028502933240669524,0.0011722078679840637,0.004528378780149841,True,0.00048828125,0.00214534431561086
esm2_top28_bilstm_attn,validation,-1,combined,sequence_distal_ge21,normalized_query_position,141,539,-0.014407610677683775,-0.03783339598972177,0.009018174634354222,True,0.028195308926877438,0.07981820690378423
esm2_top28_bilstm_attn,validation,-1,combined,sequence_distal_ge21,one_water_bridge,141,539,-0.0005730727705432462,-0.003033296634055184,0.0018871510929686917,True,0.4513808323961257,0.7183418367346939
esm2_top28_bilstm_attn,validation,-1,combined,sequence_distal_ge21,ordinary_contact_path_exists,141,539,0.0,0.0,0.0,True,1.0,1.0
esm2_top28_bilstm_attn,validation,-1,combined,sequence_distal_ge21,query_distance_to_band_domain_boundary_sequence,141,532,1.3550149096729465,-1.3819749865888373,4.09200480593473,True,0.8663215847696158,1.0
esm2_top28_bilstm_attn,validation,-1,combined,sequence_distal_ge21,query_distance_to_community_boundary_edges,141,539,-0.37336400745887055,-0.4508589411354529,-0.2958690737822882,True,3.939677440745631e-14,4.722749129585195e-13
esm2_top28_bilstm_attn,validation,-1,combined,sequence_distal_ge21,query_distance_to_ecod_boundary_sequence,141,539,1.1491645248326183,-1.5292869703928764,3.8276160200581133,True,0.8663215847696158,1.0
esm2_top28_bilstm_attn,validation,-1,combined,sequence_distal_ge21,query_in_any_band,141,539,0.6860799208166025,0.6286673298988751,0.74349251173433,True,4.378259953581879e-31,8.502580829856009e-30
esm2_top28_bilstm_attn,validation,-1,combined,sequence_distal_ge21,query_to_band_contact_count,141,539,0.09898835154265731,0.026111622326693354,0.17186508075862128,True,2.127355596095493e-10,1.75056125746502e-09
esm2_top28_bilstm_attn,validation,-1,combined,sequence_distal_ge21,query_to_band_contact_fraction,141,539,0.014136342539691479,0.005659623299107037,0.02261306178027592,True,2.127355596095493e-10,1.75056125746502e-09
esm2_top28_bilstm_attn,validation,-1,combined,sequence_distal_ge21,query_water_contact_count,141,539,-0.3240255834473383,-0.39351129726034084,-0.2545398696343357,True,1.0497375514568332e-13,1.2134466219816488e-12
esm2_top28_bilstm_attn,validation,-1,combined,sequence_distal_ge21,reachable_query_water_entry_count,141,539,-0.0021897905410133375,-0.009600419177833911,0.005220838095807237,True,0.2975952082844287,0.5421481186569986
esm2_top28_bilstm_attn,validation,-1,combined,sequence_distal_ge21,relative_backbone_orientation_cosine,141,539,-0.008913278464396494,-0.055274337039944804,0.03744778011115181,True,1.0,1.0
esm2_top28_bilstm_attn,validation,-1,combined,sequence_distal_ge21,rsa,141,539,-0.15356142323431782,-0.1722325357303644,-0.13489031073827124,True,3.5974435299944506e-29,6.717533976201176e-28
esm2_top28_bilstm_attn,validation,-1,combined,sequence_distal_ge21,same_community_as_band_apex,141,539,-0.009126024761077569,-0.03977066212055145,0.02151861259839631,True,0.9279107996055393,1.0
esm2_top28_bilstm_attn,validation,-1,combined,sequence_distal_ge21,same_community_as_band_majority,139,497,0.001545920256919061,-0.031812047839805034,0.03490388835364316,True,0.6509598162160707,0.9261274454883585
esm2_top28_bilstm_attn,validation,-1,combined,sequence_distal_ge21,same_ecod_domain_as_band_apex,141,532,-0.005082742100004294,-0.019560503740759377,0.009395019540750789,True,0.2450608330229457,0.47073010655841796
esm2_top28_bilstm_attn,validation,-1,combined,sequence_distal_ge21,shared_water_count,141,539,-0.0003994681745698178,-0.0031809933558678196,0.002382057006728184,True,0.651587827208914,0.9263422843628923
esm2_top28_bilstm_attn,validation,-1,combined,sequence_distal_ge21,shared_water_fraction_of_band_contacts,141,539,2.677455427149638e-05,-0.0006343195736249964,0.0006878686821679891,True,0.2912152365458951,0.5320225676125384
esm2_top28_bilstm_attn,validation,-1,combined,sequence_distal_ge21,shared_water_fraction_of_query_contacts,141,539,-8.999744076996092e-05,-0.0015670447784159876,0.0013870498968760656,True,0.4513808323961257,0.7183418367346939
esm2_top28_bilstm_attn,validation,-1,combined,sequence_distal_ge21,shares_any_ecod_domain_with_band,141,532,-0.005408875762086075,-0.019785476247965224,0.008967724723793074,True,0.36629400670329104,0.6365821678321678
esm2_top28_bilstm_attn,validation,-1,combined,sequence_distal_ge21,shortest_nonlocal_contact_path_edges,140,537,-0.46816068078928624,-0.5889867666135368,-0.3473345949650357,True,1.6065634901570444e-07,1.0064342896403162e-06
esm2_top28_bilstm_attn,validation,-1,combined,sequence_distal_ge21,shortest_ordinary_contact_path_edges,141,539,-0.4965929953043348,-0.6204555713479523,-0.3727304192607174,True,8.301174583253661e-10,6.3487801957266184e-09
esm2_top28_bilstm_attn,validation,-1,combined,sequence_distal_ge21,torsion_change_from_previous,141,539,-42.64216623600941,-47.4258181239217,-37.85851434809712,True,1.018800035502715e-40,2.5365508576234263e-39
esm2_top28_bilstm_attn,validation,-1,combined,sequence_distal_ge21,water_path_at_most_1,141,539,-0.0005730727705432462,-0.003033296634055184,0.0018871510929686917,True,0.4513808323961257,0.7183418367346939
esm2_top28_bilstm_attn,validation,-1,combined,sequence_distal_ge21,water_path_at_most_2,141,539,-0.001236415044556256,-0.006536187147213315,0.004063357058100804,True,0.7877061896700431,1.0
esm2_top28_bilstm_attn,validation,-1,combined,sequence_distal_ge21,water_path_at_most_3,141,539,-0.0018764075654616522,-0.007991013652113658,0.004238198521190353,True,0.5118423084381691,0.781444782222425
esm2_top28_bilstm_attn,validation,-1,combined,sequence_distal_ge21,water_path_exists,141,539,-0.001736274850891929,-0.00797582416378101,0.004503274461997152,True,0.2975952082844287,0.5421481186569986
esm2_top28_bilstm_attn,validation,-1,combined,sequence_distal_ge21,water_path_without_direct_ca_contact,141,539,-0.004934730153750973,-0.009773550740604833,-9.590956689711251e-05,True,0.0012600338162656044,0.005243231827926643
esm2_top28_bilstm_attn,validation,-1,combined,sequence_distal_ge21,water_path_without_direct_polar_contact,141,539,-0.0010220489657783347,-0.007156545790126884,0.005112447858570214,True,0.5044037600228255,0.774962105984436
esm2_top28_bilstm_attn,validation,-1,combined,sequence_distal_ge21_no_direct_ca,absolute_backbone_orientation_cosine,137,533,-0.0011972636457336166,-0.02005836051101022,0.01766383321954299,True,0.8644049750099483,1.0
esm2_top28_bilstm_attn,validation,-1,combined,sequence_distal_ge21_no_direct_ca,absolute_sequence_separation,137,533,-1.2925981784980967,-4.019901249712128,1.434704892715935,True,0.19818134136296922,0.3935257310090861
esm2_top28_bilstm_attn,validation,-1,combined,sequence_distal_ge21_no_direct_ca,band_water_contact_count,137,533,0.0,0.0,0.0,True,1.0,1.0
esm2_top28_bilstm_attn,validation,-1,combined,sequence_distal_ge21_no_direct_ca,direct_ca_contact,137,533,0.0,0.0,0.0,True,1.0,1.0
esm2_top28_bilstm_attn,validation,-1,combined,sequence_distal_ge21_no_direct_ca,direct_putative_polar_contact,137,533,0.0011652831786715002,-0.0043378974273213,0.0066684637846643,True,0.09873714670538905,0.22536260294542154
esm2_top28_bilstm_attn,validation,-1,combined,sequence_distal_ge21_no_direct_ca,direct_putative_polar_contact_count,137,533,0.0010934061781204285,-0.004425015938832386,0.006611828295073244,True,0.09873714670538905,0.22536260294542154
esm2_top28_bilstm_attn,validation,-1,combined,sequence_distal_ge21_no_direct_ca,disorder,137,533,-0.019554795322982602,-0.024111064681852402,-0.014998525964112802,True,1.6613665736354485e-34,3.39618303789478e-33
esm2_top28_bilstm_attn,validation,-1,combined,sequence_distal_ge21_no_direct_ca,mean_query_contact_water_degree,126,493,0.06783951700278694,0.005618128788964165,0.1300609052166097,True,0.10461305811126718,0.23705782829881084
esm2_top28_bilstm_attn,validation,-1,combined,sequence_distal_ge21_no_direct_ca,minimum_ca_distance_angstrom,137,533,-1.9568179207232064,-2.539532091503566,-1.3741037499428466,True,1.87794192808929e-07,1.172656985321351e-06
esm2_top28_bilstm_attn,validation,-1,combined,sequence_distal_ge21_no_direct_ca,minimum_heavy_atom_distance_angstrom,137,533,-1.7997969436368144,-2.376604110782596,-1.2229897764910331,True,6.9197843299912535e-06,3.806861520918701e-05
esm2_top28_bilstm_attn,validation,-1,combined,sequence_distal_ge21_no_direct_ca,minimum_polar_atom_distance_angstrom,137,533,-1.4891924728333044,-2.0609430905995225,-0.9174418550670863,True,0.00030018185658635524,0.0014013297247372641
esm2_top28_bilstm_attn,validation,-1,combined,sequence_distal_ge21_no_direct_ca,neq,137,533,-0.36993966245790694,-0.41864783102428194,-0.32123149389153194,True,2.2958874039497803e-41,5.867092504450369e-40
esm2_top28_bilstm_attn,validation,-1,combined,sequence_distal_ge21_no_direct_ca,nonlocal_contact_path_exists,137,533,0.003135346786239139,0.0013005187913347413,0.004970174781143537,True,0.00048828125,0.00214534431561086
esm2_top28_bilstm_attn,validation,-1,combined,sequence_distal_ge21_no_direct_ca,normalized_query_position,137,533,-0.013501995612203166,-0.03785160805629702,0.010847616831890682,True,0.04818269594614997,0.12543002081424026
esm2_top28_bilstm_attn,validation,-1,combined,sequence_distal_ge21_no_direct_ca,one_water_bridge,137,533,-0.0011152045808992153,-0.0034153368835168956,0.001184927721718465,True,0.028959274291992188,0.08091929593532206
esm2_top28_bilstm_attn,validation,-1,combined,sequence_distal_ge21_no_direct_ca,ordinary_contact_path_exists,137,533,0.0,0.0,0.0,True,1.0,1.0
esm2_top28_bilstm_attn,validation,-1,combined,sequence_distal_ge21_no_direct_ca,query_distance_to_band_domain_boundary_sequence,137,526,1.8379244870811864,-1.0555806369134932,4.731429611075866,True,0.5485023614867373,0.8186053907450077
esm2_top28_bilstm_attn,validation,-1,combined,sequence_distal_ge21_no_direct_ca,query_distance_to_community_boundary_edges,137,533,-0.3668092834836731,-0.4439248309605962,-0.28969373600674997,True,4.547888946408773e-13,4.989830697133242e-12
esm2_top28_bilstm_attn,validation,-1,combined,sequence_distal_ge21_no_direct_ca,query_distance_to_ecod_boundary_sequence,137,533,1.2835729585744753,-1.5167243677546614,4.083870284903612,True,0.5485023614867373,0.8186053907450077
esm2_top28_bilstm_attn,validation,-1,combined,sequence_distal_ge21_no_direct_ca,query_in_any_band,137,533,0.6992556430221469,0.6437987120525874,0.7547125739917064,True,1.2549729328149998e-31,2.4617751874007367e-30
esm2_top28_bilstm_attn,validation,-1,combined,sequence_distal_ge21_no_direct_ca,query_to_band_contact_count,137,533,0.0,0.0,0.0,True,1.0,1.0
esm2_top28_bilstm_attn,validation,-1,combined,sequence_distal_ge21_no_direct_ca,query_to_band_contact_fraction,137,533,0.0,0.0,0.0,True,1.0,1.0
esm2_top28_bilstm_attn,validation,-1,combined,sequence_distal_ge21_no_direct_ca,query_water_contact_count,137,533,-0.2997712735366348,-0.37003445100309423,-0.22950809607017536,True,5.969502290052047e-11,5.152343754347145e-10
esm2_top28_bilstm_attn,validation,-1,combined,sequence_distal_ge21_no_direct_ca,reachable_query_water_entry_count,137,533,-0.0038315314118459684,-0.009725519329366657,0.002062456505674721,True,0.002887247974285856,0.01082439298467786
esm2_top28_bilstm_attn,validation,-1,combined,sequence_distal_ge21_no_direct_ca,relative_backbone_orientation_cosine,137,533,-0.0013279046171733888,-0.05070061188545826,0.04804480265111149,True,0.6083841068999593,0.8797333846609984
esm2_top28_bilstm_attn,validation,-1,combined,sequence_distal_ge21_no_direct_ca,rsa,137,533,-0.1417466608516308,-0.1601976003524792,-0.12329572135078237,True,6.647795917854296e-26,1.1129327303856072e-24
esm2_top28_bilstm_attn,validation,-1,combined,sequence_distal_ge21_no_direct_ca,same_community_as_band_apex,137,533,-0.028779527334896023,-0.05848983860138156,0.0009307839315895114,True,0.03801864558279637,0.10240251001635305
esm2_top28_bilstm_attn,validation,-1,combined,sequence_distal_ge21_no_direct_ca,same_community_as_band_majority,135,491,-0.016383014714531387,-0.04817530175997601,0.015409272330913236,True,0.2191311474977846,0.42898456496038073
esm2_top28_bilstm_attn,validation,-1,combined,sequence_distal_ge21_no_direct_ca,same_ecod_domain_as_band_apex,137,526,-0.008252411309167136,-0.02352326081864424,0.007018438200309967,True,0.09246098107292373,0.21274789720807807
esm2_top28_bilstm_attn,validation,-1,combined,sequence_distal_ge21_no_direct_ca,shared_water_count,137,533,-0.000977082735586553,-0.0036641817605824363,0.0017100162894093305,True,0.07551869750022888,0.1802453432895077
esm2_top28_bilstm_attn,validation,-1,combined,sequence_distal_ge21_no_direct_ca,shared_water_fraction_of_band_contacts,137,533,-0.0003118950555263562,-0.0007820797023729467,0.0001582895913202343,True,0.028959274291992188,0.08091929593532206
esm2_top28_bilstm_attn,validation,-1,combined,sequence_distal_ge21_no_direct_ca,shared_water_fraction_of_query_contacts,137,533,-0.0007603874896202307,-0.0020198192227741953,0.0004990442435337338,True,0.028959274291992188,0.08091929593532206
esm2_top28_bilstm_attn,validation,-1,combined,sequence_distal_ge21_no_direct_ca,shares_any_ecod_domain_with_band,137,526,-0.008105793922269152,-0.023220862359612154,0.007009274515073853,True,0.09246098107292373,0.21274789720807807
esm2_top28_bilstm_attn,validation,-1,combined,sequence_distal_ge21_no_direct_ca,shortest_nonlocal_contact_path_edges,136,531,-0.37839656919610914,-0.49432265667620084,-0.26247048171601745,True,2.9909603590125975e-05,0.0001557223865201733
esm2_top28_bilstm_attn,validation,-1,combined,sequence_distal_ge21_no_direct_ca,shortest_ordinary_contact_path_edges,137,533,-0.4275544490059873,-0.5490587118695089,-0.30605018614246576,True,2.1932825010029367e-07,1.360816171548787e-06
esm2_top28_bilstm_attn,validation,-1,combined,sequence_distal_ge21_no_direct_ca,torsion_change_from_previous,137,533,-44.07632664903662,-48.9875454071961,-39.165107890877145,True,1.1479437019748901e-41,3.0538447523770366e-40
esm2_top28_bilstm_attn,validation,-1,combined,sequence_distal_ge21_no_direct_ca,water_path_at_most_1,137,533,-0.0011152045808992153,-0.0034153368835168956,0.001184927721718465,True,0.028959274291992188,0.08091929593532206
esm2_top28_bilstm_attn,validation,-1,combined,sequence_distal_ge21_no_direct_ca,water_path_at_most_2,137,533,-0.0036499840415648403,-0.007976033970590893,0.000676065887461213,True,0.009475304279476404,0.03140109370433989
esm2_top28_bilstm_attn,validation,-1,combined,sequence_distal_ge21_no_direct_ca,water_path_at_most_3,137,533,-0.0037276592473458278,-0.008077033965886852,0.0006217154711951963,True,0.011507789735333063,0.03755987843028035
esm2_top28_bilstm_attn,validation,-1,combined,sequence_distal_ge21_no_direct_ca,water_path_exists,137,533,-0.00353359515213242,-0.008073795769591066,0.0010066054653262253,True,0.002887247974285856,0.01082439298467786
esm2_top28_bilstm_attn,validation,-1,combined,sequence_distal_ge21_no_direct_ca,water_path_without_direct_ca_contact,137,533,-0.00353359515213242,-0.008073795769591066,0.0010066054653262253,True,0.002887247974285856,0.01082439298467786
esm2_top28_bilstm_attn,validation,-1,combined,sequence_distal_ge21_no_direct_ca,water_path_without_direct_polar_contact,137,533,-0.003270486881268806,-0.007799103160247211,0.0012581293977095985,True,0.006426576095691416,0.022128387903958744
esm2_top28_bilstm_attn,validation,-1,evidence_dominated,all_eligible_queries,absolute_backbone_orientation_cosine,56,100,-0.02140019708978278,-0.05548225663554166,0.0126818624559761,True,0.2288055412343561,0.4456773932568902
esm2_top28_bilstm_attn,validation,-1,evidence_dominated,all_eligible_queries,absolute_sequence_separation,56,100,3.1732325944108593,-0.967786299409243,7.314251488230962,True,0.030028945411892487,0.0831900313693227
esm2_top28_bilstm_attn,validation,-1,evidence_dominated,all_eligible_queries,band_water_contact_count,56,100,0.0,0.0,0.0,True,1.0,1.0
esm2_top28_bilstm_attn,validation,-1,evidence_dominated,all_eligible_queries,direct_ca_contact,56,100,0.06199847828774224,0.007876485023630246,0.11612047155185423,True,0.0010650196345523,0.004515869280132242
esm2_top28_bilstm_attn,validation,-1,evidence_dominated,all_eligible_queries,direct_putative_polar_contact,56,100,0.03478838386169325,-0.006301718956869928,0.07587848668025643,True,1.0,1.0
esm2_top28_bilstm_attn,validation,-1,evidence_dominated,all_eligible_queries,direct_putative_polar_contact_count,56,100,0.1688518651378607,-0.0016213862037428584,0.3393251164794643,True,1.0,1.0
esm2_top28_bilstm_attn,validation,-1,evidence_dominated,all_eligible_queries,disorder,56,100,-0.010823971599338084,-0.017680928849561885,-0.003967014349114286,True,1.0182093779231849e-09,7.72407270283916e-09
esm2_top28_bilstm_attn,validation,-1,evidence_dominated,all_eligible_queries,mean_query_contact_water_degree,48,88,0.09722721984058065,0.005425853629247079,0.18902858605191422,True,0.02589608179323477,0.07472539501108756
esm2_top28_bilstm_attn,validation,-1,evidence_dominated,all_eligible_queries,minimum_ca_distance_angstrom,56,100,-2.3092703566664743,-3.2929008240694535,-1.325639889263495,True,0.00023444586091919684,0.0011186581373589196
esm2_top28_bilstm_attn,validation,-1,evidence_dominated,all_eligible_queries,minimum_heavy_atom_distance_angstrom,56,100,-2.171850775063984,-3.110675611406769,-1.2330259387211995,True,0.00023444586091919684,0.0011186581373589196
esm2_top28_bilstm_attn,validation,-1,evidence_dominated,all_eligible_queries,minimum_polar_atom_distance_angstrom,56,100,-1.9490663258092744,-2.8752549543143884,-1.0228776973041604,True,0.0006855641563783821,0.00296517949150739
esm2_top28_bilstm_attn,validation,-1,evidence_dominated,all_eligible_queries,neq,56,100,-0.3832175626141226,-0.45857311114654836,-0.30786201408169683,True,1.582067810090848e-15,2.075929518375964e-14
esm2_top28_bilstm_attn,validation,-1,evidence_dominated,all_eligible_queries,nonlocal_contact_path_exists,56,100,-0.00433968498948075,-0.014052519289321788,0.005373149310360288,True,0.2890625,0.528918415146627
esm2_top28_bilstm_attn,validation,-1,evidence_dominated,all_eligible_queries,normalized_query_position,56,100,0.006735613147794322,-0.022631600585189718,0.036102826880778364,True,0.4187541882690154,0.6891119457809545
esm2_top28_bilstm_attn,validation,-1,evidence_dominated,all_eligible_queries,one_water_bridge,56,100,0.002273475114322666,-0.003223684950352083,0.0077706351789974155,True,1.0,1.0
esm2_top28_bilstm_attn,validation,-1,evidence_dominated,all_eligible_queries,ordinary_contact_path_exists,56,100,0.0,0.0,0.0,True,1.0,1.0
esm2_top28_bilstm_attn,validation,-1,evidence_dominated,all_eligible_queries,query_distance_to_band_domain_boundary_sequence,56,100,0.1911192889724462,-4.006796042303055,4.389034620247948,True,1.0,1.0
esm2_top28_bilstm_attn,validation,-1,evidence_dominated,all_eligible_queries,query_distance_to_community_boundary_edges,55,99,-0.3391443794243263,-0.46647656532191994,-0.2118121935267326,True,0.00011361060320691506,0.0005614040494346795
esm2_top28_bilstm_attn,validation,-1,evidence_dominated,all_eligible_queries,query_distance_to_ecod_boundary_sequence,56,100,-2.1207359023037413,-5.857582330169648,1.6161105255621653,True,0.1770013647703581,0.3588065244092228
esm2_top28_bilstm_attn,validation,-1,evidence_dominated,all_eligible_queries,query_in_any_band,56,100,0.5434811360652549,0.4344380075350899,0.65252426459542,True,1.0325821975243343e-08,7.110902934724316e-08
esm2_top28_bilstm_attn,validation,-1,evidence_dominated,all_eligible_queries,query_to_band_contact_count,56,100,0.21119942790976473,0.03281521618528738,0.3895836396342421,True,0.0002940768754342571,0.0013761380532369331
esm2_top28_bilstm_attn,validation,-1,evidence_dominated,all_eligible_queries,query_to_band_contact_fraction,56,100,0.041608117806950624,0.006739536881900043,0.0764766987320012,True,0.0002940768754342571,0.0013761380532369331
esm2_top28_bilstm_attn,validation,-1,evidence_dominated,all_eligible_queries,query_water_contact_count,56,100,-0.1463714338706008,-0.2640495141450072,-0.02869335359619439,True,0.05806414679240905,0.14797975468616587
esm2_top28_bilstm_attn,validation,-1,evidence_dominated,all_eligible_queries,reachable_query_water_entry_count,56,100,0.003361160145695541,-0.004212552088831395,0.010934872380222477,True,1.0,1.0
esm2_top28_bilstm_attn,validation,-1,evidence_dominated,all_eligible_queries,relative_backbone_orientation_cosine,56,100,0.07369647377765634,-5.52727766858635e-05,0.14744822033199856,True,0.5044037600228255,0.774962105984436
esm2_top28_bilstm_attn,validation,-1,evidence_dominated,all_eligible_queries,rsa,56,100,-0.1275365206662835,-0.15191905769573766,-0.10315398363682932,True,8.137102103233929e-13,8.682556200263895e-12
esm2_top28_bilstm_attn,validation,-1,evidence_dominated,all_eligible_queries,same_community_as_band_apex,56,100,0.060089911916477994,-0.008259865523098368,0.12843968935605435,True,0.38169339766321275,0.6446098432148972
esm2_top28_bilstm_attn,validation,-1,evidence_dominated,all_eligible_queries,same_community_as_band_majority,53,88,0.0173309746253025,-0.0673029407661221,0.10196489001672711,True,0.5514843298025198,0.8194204808542414
esm2_top28_bilstm_attn,validation,-1,evidence_dominated,all_eligible_queries,same_ecod_domain_as_band_apex,56,100,0.014775836017973248,-0.011059267948138416,0.04061093998408491,True,0.8388197422027588,1.0
esm2_top28_bilstm_attn,validation,-1,evidence_dominated,all_eligible_queries,shared_water_count,56,100,0.0037410449009344336,-0.0037941077403208893,0.011276197542189757,True,1.0,1.0
esm2_top28_bilstm_attn,validation,-1,evidence_dominated,all_eligible_queries,shared_water_fraction_of_band_contacts,56,100,0.0005441720255475983,-0.0006647829720473627,0.0017531270231425592,True,1.0,1.0
esm2_top28_bilstm_attn,validation,-1,evidence_dominated,all_eligible_queries,shared_water_fraction_of_query_contacts,56,100,0.0016020729627815018,-0.002328117764445304,0.005532263690008307,True,1.0,1.0
esm2_top28_bilstm_attn,validation,-1,evidence_dominated,all_eligible_queries,shares_any_ecod_domain_with_band,56,100,0.014775836017973248,-0.011059267948138416,0.04061093998408491,True,0.8388197422027588,1.0
esm2_top28_bilstm_attn,validation,-1,evidence_dominated,all_eligible_queries,shortest_nonlocal_contact_path_edges,55,99,-0.4681870687248732,-0.6651069225167774,-0.271267214932969,True,0.0010158471941252854,0.004316794859937208
esm2_top28_bilstm_attn,validation,-1,evidence_dominated,all_eligible_queries,shortest_ordinary_contact_path_edges,56,100,-0.4231635991779585,-0.6048356915366357,-0.24149150681928122,True,0.00023444586091919684,0.0011186581373589196
esm2_top28_bilstm_attn,validation,-1,evidence_dominated,all_eligible_queries,torsion_change_from_previous,56,100,-36.586475170119954,-43.71655138381554,-29.45639895642437,True,4.4325654258159375e-14,5.281007396892362e-13
esm2_top28_bilstm_attn,validation,-1,evidence_dominated,all_eligible_queries,water_path_at_most_1,56,100,0.002273475114322666,-0.003223684950352083,0.0077706351789974155,True,1.0,1.0
esm2_top28_bilstm_attn,validation,-1,evidence_dominated,all_eligible_queries,water_path_at_most_2,56,100,0.0020936304487154944,-0.003471025094127147,0.007658285991558136,True,1.0,1.0
esm2_top28_bilstm_attn,validation,-1,evidence_dominated,all_eligible_queries,water_path_at_most_3,56,100,0.0020519491595526514,-0.003654232445936147,0.00775813076504145,True,1.0,1.0
esm2_top28_bilstm_attn,validation,-1,evidence_dominated,all_eligible_queries,water_path_exists,56,100,0.0020365642178581905,-0.0035133185672007925,0.007586447002917173,True,1.0,1.0
esm2_top28_bilstm_attn,validation,-1,evidence_dominated,all_eligible_queries,water_path_without_direct_ca_contact,56,100,0.00047616098198064106,-0.0017096543371095552,0.0026619763010708375,True,0.6875,0.9557086614173228
esm2_top28_bilstm_attn,validation,-1,evidence_dominated,all_eligible_queries,water_path_without_direct_polar_contact,56,100,0.0001865434565670071,-0.0030970060957867802,0.0034700930089207947,True,1.0,1.0
esm2_top28_bilstm_attn,validation,-1,evidence_dominated,sequence_distal_ge21,absolute_backbone_orientation_cosine,54,98,-0.03751762241983608,-0.07612316282598963,0.0010879179863174729,True,0.0759047294891014,0.18042470583578327
esm2_top28_bilstm_attn,validation,-1,evidence_dominated,sequence_distal_ge21,absolute_sequence_separation,55,99,3.851189682444661,-1.3131799674867568,9.015559332376078,True,0.01983432672806828,0.05979052212902065
esm2_top28_bilstm_attn,validation,-1,evidence_dominated,sequence_distal_ge21,band_water_contact_count,55,99,0.0,0.0,0.0,True,1.0,1.0
esm2_top28_bilstm_attn,validation,-1,evidence_dominated,sequence_distal_ge21,direct_ca_contact,55,99,0.026820479625779558,0.00037958338267116143,0.053261375868887954,True,0.020073851919732988,0.05979052212902065
esm2_top28_bilstm_attn,validation,-1,evidence_dominated,sequence_distal_ge21,direct_putative_polar_contact,55,99,0.0006994164142419041,-0.010840816779523359,0.012239649608007167,True,0.454498291015625,0.7193444834167431
esm2_top28_bilstm_attn,validation,-1,evidence_dominated,sequence_distal_ge21,direct_putative_polar_contact_count,55,99,0.0006852639263326511,-0.011085571421872555,0.012456099274537858,True,0.454498291015625,0.7193444834167431
esm2_top28_bilstm_attn,validation,-1,evidence_dominated,sequence_distal_ge21,disorder,55,99,-0.006431158470994765,-0.01796763612173745,0.005105319179747917,True,1.822834494458192e-09,1.325821943160228e-08
esm2_top28_bilstm_attn,validation,-1,evidence_dominated,sequence_distal_ge21,mean_query_contact_water_degree,45,84,0.07481565080675077,-0.018978321843010668,0.1686096234565122,True,0.0659940344557981,0.1620232805476105
esm2_top28_bilstm_attn,validation,-1,evidence_dominated,sequence_distal_ge21,minimum_ca_distance_angstrom,55,99,-2.503325232110842,-3.705443160303849,-1.3012073039178345,True,0.0010158471941252854,0.004316794859937208
esm2_top28_bilstm_attn,validation,-1,evidence_dominated,sequence_distal_ge21,minimum_heavy_atom_distance_angstrom,55,99,-2.3710234379045887,-3.489784629046472,-1.2522622467627056,True,0.0010158471941252854,0.004316794859937208
esm2_top28_bilstm_attn,validation,-1,evidence_dominated,sequence_distal_ge21,minimum_polar_atom_distance_angstrom,55,99,-2.1837148619179776,-3.2955629491234073,-1.0718667747125479,True,0.00035528111863147854,0.0016234257232525444
esm2_top28_bilstm_attn,validation,-1,evidence_dominated,sequence_distal_ge21,neq,55,99,-0.3525803822076905,-0.433513083790555,-0.271647680624826,True,8.554268404736831e-14,1.0007463398794533e-12
esm2_top28_bilstm_attn,validation,-1,evidence_dominated,sequence_distal_ge21,nonlocal_contact_path_exists,55,99,-0.01723379804329439,-0.053972477208894774,0.019504881122305993,True,0.2890625,0.528918415146627
esm2_top28_bilstm_attn,validation,-1,evidence_dominated,sequence_distal_ge21,normalized_query_position,55,99,0.011016096620060341,-0.025143047762320028,0.04717524100244071,True,0.6834892282353371,0.9557086614173228
esm2_top28_bilstm_attn,validation,-1,evidence_dominated,sequence_distal_ge21,one_water_bridge,55,99,0.00033298047598112715,-0.00556964159741562,0.006235602549377874,True,1.0,1.0
esm2_top28_bilstm_attn,validation,-1,evidence_dominated,sequence_distal_ge21,ordinary_contact_path_exists,55,99,0.0,0.0,0.0,True,1.0,1.0
esm2_top28_bilstm_attn,validation,-1,evidence_dominated,sequence_distal_ge21,query_distance_to_band_domain_boundary_sequence,55,99,-0.8003551509645247,-5.998753517021592,4.398043215092542,True,0.3408909412200971,0.6067921245182664
esm2_top28_bilstm_attn,validation,-1,evidence_dominated,sequence_distal_ge21,query_distance_to_community_boundary_edges,53,97,-0.3644340595999729,-0.48598964952635126,-0.2428784696735945,True,2.2475594023241285e-05,0.00011796649619766102
esm2_top28_bilstm_attn,validation,-1,evidence_dominated,sequence_distal_ge21,query_distance_to_ecod_boundary_sequence,55,99,-3.2365333944860124,-7.929485211968423,1.4564184229963981,True,0.04022356409571669,0.10656775098756045
esm2_top28_bilstm_attn,validation,-1,evidence_dominated,sequence_distal_ge21,query_in_any_band,55,99,0.5612542707425476,0.45013381910086675,0.6723747223842285,True,1.8323628836469652e-08,1.2355724722369467e-07
esm2_top28_bilstm_attn,validation,-1,evidence_dominated,sequence_distal_ge21,query_to_band_contact_count,55,99,0.03147738219210594,-0.005083683446056163,0.06803844783026805,True,0.0025632079923525453,0.009760293963036555
esm2_top28_bilstm_attn,validation,-1,evidence_dominated,sequence_distal_ge21,query_to_band_contact_fraction,55,99,0.006426198209748791,-0.0001674092566966148,0.013019805676194197,True,0.0025632079923525453,0.009760293963036555
esm2_top28_bilstm_attn,validation,-1,evidence_dominated,sequence_distal_ge21,query_water_contact_count,55,99,-0.17099330799597684,-0.2850693136780719,-0.05691730231388176,True,0.027008317653722358,0.07747437648970283
esm2_top28_bilstm_attn,validation,-1,evidence_dominated,sequence_distal_ge21,reachable_query_water_entry_count,55,99,-8.88472327002982e-05,-0.006037092064192733,0.005859397598792137,True,1.0,1.0
esm2_top28_bilstm_attn,validation,-1,evidence_dominated,sequence_distal_ge21,relative_backbone_orientation_cosine,54,98,0.10590138609843028,0.03074445089300823,0.18105832130385233,True,0.04022356409571669,0.10656775098756045
esm2_top28_bilstm_attn,validation,-1,evidence_dominated,sequence_distal_ge21,rsa,55,99,-0.1353054194803683,-0.16020405934566292,-0.1104067796150737,True,1.5418777365994174e-12,1.5759613497242466e-11
esm2_top28_bilstm_attn,validation,-1,evidence_dominated,sequence_distal_ge21,same_community_as_band_apex,55,99,0.05075780085748945,-0.018286865583729946,0.11980246729870886,True,0.5514843298025198,0.8194204808542414
esm2_top28_bilstm_attn,validation,-1,evidence_dominated,sequence_distal_ge21,same_community_as_band_majority,52,87,0.04196386578210239,-0.04378617571636766,0.12771390728057244,True,0.2220528201560228,0.4342664418358472
esm2_top28_bilstm_attn,validation,-1,evidence_dominated,sequence_distal_ge21,same_ecod_domain_as_band_apex,55,99,0.022307656564270008,-0.020440478921528324,0.06505579205006834,True,0.8388197422027588,1.0
esm2_top28_bilstm_attn,validation,-1,evidence_dominated,sequence_distal_ge21,shared_water_count,55,99,0.00030685717409307433,-0.005602676819416915,0.006216391167603063,True,1.0,1.0
esm2_top28_bilstm_attn,validation,-1,evidence_dominated,sequence_distal_ge21,shared_water_fraction_of_band_contacts,55,99,9.566523138236364e-05,-0.001094309913677186,0.001285640376441913,True,1.0,1.0
esm2_top28_bilstm_attn,validation,-1,evidence_dominated,sequence_distal_ge21,shared_water_fraction_of_query_contacts,55,99,0.00023411452205795107,-0.004686549429630784,0.0051547784737466865,True,1.0,1.0
esm2_top28_bilstm_attn,validation,-1,evidence_dominated,sequence_distal_ge21,shares_any_ecod_domain_with_band,55,99,0.022307656564270008,-0.020440478921528324,0.06505579205006834,True,0.8388197422027588,1.0
esm2_top28_bilstm_attn,validation,-1,evidence_dominated,sequence_distal_ge21,shortest_nonlocal_contact_path_edges,53,97,-0.5434233409428746,-0.7722061915773297,-0.31464049030841945,True,0.0002685401188191605,0.0012657886183174993
esm2_top28_bilstm_attn,validation,-1,evidence_dominated,sequence_distal_ge21,shortest_ordinary_contact_path_edges,55,99,-0.47955981022179733,-0.6917685040071229,-0.26735111643647186,True,0.00035528111863147854,0.0016234257232525444
esm2_top28_bilstm_attn,validation,-1,evidence_dominated,sequence_distal_ge21,torsion_change_from_previous,55,99,-37.70862503461415,-44.95164945146079,-30.465600617767517,True,3.1086244689504383e-15,3.9200965705855524e-14
esm2_top28_bilstm_attn,validation,-1,evidence_dominated,sequence_distal_ge21,water_path_at_most_1,55,99,0.00033298047598112715,-0.00556964159741562,0.006235602549377874,True,1.0,1.0
esm2_top28_bilstm_attn,validation,-1,evidence_dominated,sequence_distal_ge21,water_path_at_most_2,55,99,0.00014095325135823458,-0.005826921464383321,0.006108827967099791,True,0.7744140625,1.0
esm2_top28_bilstm_attn,validation,-1,evidence_dominated,sequence_distal_ge21,water_path_at_most_3,55,99,9.85141205742492e-05,-0.006005481520091736,0.006202509761240235,True,1.0,1.0
esm2_top28_bilstm_attn,validation,-1,evidence_dominated,sequence_distal_ge21,water_path_exists,55,99,8.284945266716203e-05,-0.005869311332745905,0.006035010238080229,True,1.0,1.0
esm2_top28_bilstm_attn,validation,-1,evidence_dominated,sequence_distal_ge21,water_path_without_direct_ca_contact,55,99,0.0004628102210435019,-0.0017658402457287076,0.002691460687815711,True,0.6875,0.9557086614173228
esm2_top28_bilstm_attn,validation,-1,evidence_dominated,sequence_distal_ge21,water_path_without_direct_polar_contact,55,99,-0.0002443568374622964,-0.005185370267624372,0.00469665659269978,True,1.0,1.0
esm2_top28_bilstm_attn,validation,-1,evidence_dominated,sequence_distal_ge21_no_direct_ca,absolute_backbone_orientation_cosine,54,98,-0.03585364095897339,-0.07501313838193485,0.003305856463988066,True,0.0759047294891014,0.18042470583578327
esm2_top28_bilstm_attn,validation,-1,evidence_dominated,sequence_distal_ge21_no_direct_ca,absolute_sequence_separation,55,99,3.6428234745405534,-1.5425568518537274,8.828203800934833,True,0.04022356409571669,0.10656775098756045
esm2_top28_bilstm_attn,validation,-1,evidence_dominated,sequence_distal_ge21_no_direct_ca,band_water_contact_count,55,99,0.0,0.0,0.0,True,1.0,1.0
esm2_top28_bilstm_attn,validation,-1,evidence_dominated,sequence_distal_ge21_no_direct_ca,direct_ca_contact,55,99,0.0,0.0,0.0,True,1.0,1.0
esm2_top28_bilstm_attn,validation,-1,evidence_dominated,sequence_distal_ge21_no_direct_ca,direct_putative_polar_contact,55,99,-0.002091813101574325,-0.007876704502578182,0.003693078299429532,True,0.34375,0.6096461187214612
esm2_top28_bilstm_attn,validation,-1,evidence_dominated,sequence_distal_ge21_no_direct_ca,direct_putative_polar_contact_count,55,99,-0.002091813101574325,-0.007876704502578182,0.003693078299429532,True,0.34375,0.6096461187214612
esm2_top28_bilstm_attn,validation,-1,evidence_dominated,sequence_distal_ge21_no_direct_ca,disorder,55,99,-0.008973690808244362,-0.019044563866209244,0.0010971822497205207,True,1.822834494458192e-09,1.325821943160228e-08
esm2_top28_bilstm_attn,validation,-1,evidence_dominated,sequence_distal_ge21_no_direct_ca,mean_query_contact_water_degree,44,83,0.09146683158051937,0.0013383895867303264,0.1815952735743084,True,0.12628947438543037,0.273721159884493
esm2_top28_bilstm_attn,validation,-1,evidence_dominated,sequence_distal_ge21_no_direct_ca,minimum_ca_distance_angstrom,55,99,-2.497082759635617,-3.6851415132496936,-1.3090240060215401,True,0.00035528111863147854,0.0016234257232525444
esm2_top28_bilstm_attn,validation,-1,evidence_dominated,sequence_distal_ge21_no_direct_ca,minimum_heavy_atom_distance_angstrom,55,99,-2.3685839874094183,-3.47599503913192,-1.2611729356869166,True,0.00035528111863147854,0.0016234257232525444
esm2_top28_bilstm_attn,validation,-1,evidence_dominated,sequence_distal_ge21_no_direct_ca,minimum_polar_atom_distance_angstrom,55,99,-2.2392098983610524,-3.3508273437362774,-1.1275924529858274,True,0.00035528111863147854,0.0016234257232525444
esm2_top28_bilstm_attn,validation,-1,evidence_dominated,sequence_distal_ge21_no_direct_ca,neq,55,99,-0.36594901746442765,-0.4452227285222577,-0.2866753064065976,True,8.554268404736831e-14,1.0007463398794533e-12
esm2_top28_bilstm_attn,validation,-1,evidence_dominated,sequence_distal_ge21_no_direct_ca,nonlocal_contact_path_exists,55,99,-0.01787169833074917,-0.05456553006273655,0.018822133401238214,True,0.453125,0.7183418367346939
esm2_top28_bilstm_attn,validation,-1,evidence_dominated,sequence_distal_ge21_no_direct_ca,normalized_query_position,55,99,0.01208860055119153,-0.02346850491336757,0.047645706015750626,True,0.8919231511047488,1.0
esm2_top28_bilstm_attn,validation,-1,evidence_dominated,sequence_distal_ge21_no_direct_ca,one_water_bridge,55,99,0.0009874660747520873,-0.0010405891926767847,0.003015521342180959,True,1.0,1.0
esm2_top28_bilstm_attn,validation,-1,evidence_dominated,sequence_distal_ge21_no_direct_ca,ordinary_contact_path_exists,55,99,0.0,0.0,0.0,True,1.0,1.0
esm2_top28_bilstm_attn,validation,-1,evidence_dominated,sequence_distal_ge21_no_direct_ca,query_distance_to_band_domain_boundary_sequence,55,99,-0.7751406441794504,-5.9094078908631005,4.359126602504199,True,0.8919231511047488,1.0
esm2_top28_bilstm_attn,validation,-1,evidence_dominated,sequence_distal_ge21_no_direct_ca,query_distance_to_community_boundary_edges,53,97,-0.3651038366840445,-0.4887583242680293,-0.24144934910005972,True,3.5887916129517805e-05,0.00018535726894554144
esm2_top28_bilstm_attn,validation,-1,evidence_dominated,sequence_distal_ge21_no_direct_ca,query_distance_to_ecod_boundary_sequence,55,99,-3.16737232675456,-7.754228117181949,1.4194834636728282,True,0.04022356409571669,0.10656775098756045
esm2_top28_bilstm_attn,validation,-1,evidence_dominated,sequence_distal_ge21_no_direct_ca,query_in_any_band,55,99,0.5703720612857155,0.46093965917282564,0.6798044633986053,True,4.209852022540872e-09,2.9837710320344425e-08
esm2_top28_bilstm_attn,validation,-1,evidence_dominated,sequence_distal_ge21_no_direct_ca,query_to_band_contact_count,55,99,0.0,0.0,0.0,True,1.0,1.0
esm2_top28_bilstm_attn,validation,-1,evidence_dominated,sequence_distal_ge21_no_direct_ca,query_to_band_contact_fraction,55,99,0.0,0.0,0.0,True,1.0,1.0
esm2_top28_bilstm_attn,validation,-1,evidence_dominated,sequence_distal_ge21_no_direct_ca,query_water_contact_count,55,99,-0.17276500158689242,-0.28612217658548006,-0.05940782658830478,True,0.009073340339587174,0.030380046447376366
esm2_top28_bilstm_attn,validation,-1,evidence_dominated,sequence_distal_ge21_no_direct_ca,reachable_query_water_entry_count,55,99,0.0002931114427293819,-0.0020309023031445665,0.00261712518860333,True,0.6875,0.9557086614173228
esm2_top28_bilstm_attn,validation,-1,evidence_dominated,sequence_distal_ge21_no_direct_ca,relative_backbone_orientation_cosine,54,98,0.10088094627818114,0.026939315945793713,0.17482257661056858,True,0.0759047294891014,0.18042470583578327
esm2_top28_bilstm_attn,validation,-1,evidence_dominated,sequence_distal_ge21_no_direct_ca,rsa,55,99,-0.13472469904826756,-0.1595520926885393,-0.10989730540799585,True,1.5418777365994174e-12,1.5759613497242466e-11
esm2_top28_bilstm_attn,validation,-1,evidence_dominated,sequence_distal_ge21_no_direct_ca,same_community_as_band_apex,55,99,0.041532436727612,-0.025343882501423158,0.10840875595664715,True,0.542384011856484,0.815255225251774
esm2_top28_bilstm_attn,validation,-1,evidence_dominated,sequence_distal_ge21_no_direct_ca,same_community_as_band_majority,52,87,0.03209408137521459,-0.0506127385260373,0.11480090127646649,True,0.34888887944907765,0.6170255957482098
esm2_top28_bilstm_attn,validation,-1,evidence_dominated,sequence_distal_ge21_no_direct_ca,same_ecod_domain_as_band_apex,55,99,0.022388189833498363,-0.019747520811931138,0.06452390047892786,True,0.8388197422027588,1.0
esm2_top28_bilstm_attn,validation,-1,evidence_dominated,sequence_distal_ge21_no_direct_ca,shared_water_count,55,99,0.0009613427728640328,-0.0010697109366871837,0.0029923964824152493,True,1.0,1.0
esm2_top28_bilstm_attn,validation,-1,evidence_dominated,sequence_distal_ge21_no_direct_ca,shared_water_fraction_of_band_contacts,55,99,0.0001588379346878491,-0.00013625135544766218,0.00045392722482336036,True,1.0,1.0
esm2_top28_bilstm_attn,validation,-1,evidence_dominated,sequence_distal_ge21_no_direct_ca,shared_water_fraction_of_query_contacts,55,99,0.0004806713864320164,-0.0005348554683435901,0.001496198241207623,True,1.0,1.0
esm2_top28_bilstm_attn,validation,-1,evidence_dominated,sequence_distal_ge21_no_direct_ca,shares_any_ecod_domain_with_band,55,99,0.022388189833498363,-0.019747520811931138,0.06452390047892786,True,0.8388197422027588,1.0
esm2_top28_bilstm_attn,validation,-1,evidence_dominated,sequence_distal_ge21_no_direct_ca,shortest_nonlocal_contact_path_edges,53,97,-0.5136748849595868,-0.7296528763359205,-0.2976968935832532,True,0.0002685401188191605,0.0012657886183174993
esm2_top28_bilstm_attn,validation,-1,evidence_dominated,sequence_distal_ge21_no_direct_ca,shortest_ordinary_contact_path_edges,55,99,-0.45968581241790696,-0.6605651076826347,-0.2588065171531792,True,0.0026672623828598026,0.010097121924978044
esm2_top28_bilstm_attn,validation,-1,evidence_dominated,sequence_distal_ge21_no_direct_ca,torsion_change_from_previous,55,99,-37.74015981573318,-45.22055838034663,-30.259761251119723,True,3.1086244689504383e-15,3.9200965705855524e-14
esm2_top28_bilstm_attn,validation,-1,evidence_dominated,sequence_distal_ge21_no_direct_ca,water_path_at_most_1,55,99,0.0009874660747520873,-0.0010405891926767847,0.003015521342180959,True,1.0,1.0
esm2_top28_bilstm_attn,validation,-1,evidence_dominated,sequence_distal_ge21_no_direct_ca,water_path_at_most_2,55,99,0.0006405147780297401,-0.0014996804220466374,0.0027807099781061175,True,1.0,1.0
esm2_top28_bilstm_attn,validation,-1,evidence_dominated,sequence_distal_ge21_no_direct_ca,water_path_at_most_3,55,99,0.0004673546010797673,-0.0019474238852027989,0.0028821330873623333,True,1.0,1.0
esm2_top28_bilstm_attn,validation,-1,evidence_dominated,sequence_distal_ge21_no_direct_ca,water_path_exists,55,99,0.00046480812245246374,-0.0017673715673569216,0.002696987812261849,True,0.6875,0.9557086614173228
esm2_top28_bilstm_attn,validation,-1,evidence_dominated,sequence_distal_ge21_no_direct_ca,water_path_without_direct_ca_contact,55,99,0.00046480812245246374,-0.0017673715673569216,0.002696987812261849,True,0.6875,0.9557086614173228
esm2_top28_bilstm_attn,validation,-1,evidence_dominated,sequence_distal_ge21_no_direct_ca,water_path_without_direct_polar_contact,55,99,-0.0005191696158638492,-0.0014128973398925548,0.0003745581081648565,True,0.625,0.8977440828402367
esm2_top28_bilstm_attn,validation,1,combined,all_eligible_queries,absolute_backbone_orientation_cosine,195,1068,0.01055825764319063,-0.004257747593161698,0.02537426287954296,True,0.08541161968188193,0.1982212002289847
esm2_top28_bilstm_attn,validation,1,combined,all_eligible_queries,absolute_sequence_separation,201,1136,-3.6230304897664634,-5.273269979641277,-1.9727909998916489,True,5.316851966364747e-06,2.9670478501954997e-05
esm2_top28_bilstm_attn,validation,1,combined,all_eligible_queries,band_water_contact_count,195,1069,0.0,0.0,0.0,True,1.0,1.0
esm2_top28_bilstm_attn,validation,1,combined,all_eligible_queries,direct_ca_contact,195,1069,0.00895858464431894,-0.007346782580694256,0.025263951869332137,True,0.1192051902607035,0.26547761408977777
esm2_top28_bilstm_attn,validation,1,combined,all_eligible_queries,direct_putative_polar_contact,195,1069,0.02027964463204201,0.007000736121293932,0.03355855314279008,True,0.0023131070595483476,0.009012203417225686
esm2_top28_bilstm_attn,validation,1,combined,all_eligible_queries,direct_putative_polar_contact_count,195,1069,0.041434330582937134,0.014545792375397083,0.06832286879047719,True,0.001801710219750175,0.00722917612965876
esm2_top28_bilstm_attn,validation,1,combined,all_eligible_queries,disorder,201,1136,-0.039952122043622175,-0.05681551509453789,-0.023088728992706458,True,0.09023833528455857,0.20837437232177497
esm2_top28_bilstm_attn,validation,1,combined,all_eligible_queries,mean_query_contact_water_degree,178,983,-0.032697518495974555,-0.08094831795060606,0.015553280958656941,True,0.6405622342031325,0.9140131218387094
esm2_top28_bilstm_attn,validation,1,combined,all_eligible_queries,minimum_ca_distance_angstrom,195,1069,1.2973149544441591,0.6263755940195673,1.968254314868751,True,6.1726391370674696e-09,4.327532564687735e-08
esm2_top28_bilstm_attn,validation,1,combined,all_eligible_queries,minimum_heavy_atom_distance_angstrom,195,1069,1.442285272806029,0.7902084453831301,2.0943621002289277,True,2.4906019125079708e-09,1.7847781970813576e-08
esm2_top28_bilstm_attn,validation,1,combined,all_eligible_queries,minimum_polar_atom_distance_angstrom,195,1069,1.2571384104829872,0.6066789645111786,1.907597856454796,True,3.527601226678175e-08,2.3222378244776327e-07
esm2_top28_bilstm_attn,validation,1,combined,all_eligible_queries,neq,201,1136,0.693502877259598,0.6277385050996376,0.7592672494195585,True,5.12121787597151e-43,1.6303942811699464e-41
esm2_top28_bilstm_attn,validation,1,combined,all_eligible_queries,nonlocal_contact_path_exists,195,1069,-0.04583447899461676,-0.06020981335447927,-0.03145914463475425,True,2.912609122105363e-12,2.8423552337329723e-11
esm2_top28_bilstm_attn,validation,1,combined,all_eligible_queries,normalized_query_position,201,1136,0.004506054932814601,-0.011771158869955816,0.02078326873558502,True,0.12050284465324373,0.2680601653111104
esm2_top28_bilstm_attn,validation,1,combined,all_eligible_queries,one_water_bridge,195,1069,0.009550902007066842,-0.0028565829287712473,0.02195838694290493,True,0.3381854121966621,0.6025285050329521
esm2_top28_bilstm_attn,validation,1,combined,all_eligible_queries,ordinary_contact_path_exists,195,1069,0.0,0.0,0.0,True,1.0,1.0
esm2_top28_bilstm_attn,validation,1,combined,all_eligible_queries,query_distance_to_band_domain_boundary_sequence,195,1062,1.9824968584881741,0.09524652134639933,3.869747195629949,True,0.03142191449014983,0.08680136264562016
esm2_top28_bilstm_attn,validation,1,combined,all_eligible_queries,query_distance_to_community_boundary_edges,195,1065,0.3659956370072028,0.2870043752997025,0.44498689871470304,True,1.943554162547832e-15,2.4995908501111854e-14
esm2_top28_bilstm_attn,validation,1,combined,all_eligible_queries,query_distance_to_ecod_boundary_sequence,195,1069,2.3172702125003553,0.6866745531990095,3.9478658718017012,True,0.03142191449014983,0.08680136264562016
esm2_top28_bilstm_attn,validation,1,combined,all_eligible_queries,query_in_any_band,201,1136,0.6965535750985375,0.6527046803252269,0.7404024698718482,True,2.119653630750079e-47,8.232734701833307e-46
esm2_top28_bilstm_attn,validation,1,combined,all_eligible_queries,query_to_band_contact_count,195,1069,0.04925331545679816,0.005425563783848522,0.0930810671297478,True,0.1376616501974655,0.2934565583792294
esm2_top28_bilstm_attn,validation,1,combined,all_eligible_queries,query_to_band_contact_fraction,195,1069,0.010501456993096226,2.623721359898759e-05,0.020976676772593465,True,0.2757140572298222,0.5153384977288881
esm2_top28_bilstm_attn,validation,1,combined,all_eligible_queries,query_water_contact_count,195,1069,0.10631765843043108,0.032888239710028314,0.17974707715083382,True,0.0025428237256968048,0.009720794636423611
esm2_top28_bilstm_attn,validation,1,combined,all_eligible_queries,reachable_query_water_entry_count,195,1069,0.0117511595107737,-0.010153426990759285,0.033655746012306684,True,0.24292283198051143,0.4684768020915126
esm2_top28_bilstm_attn,validation,1,combined,all_eligible_queries,relative_backbone_orientation_cosine,195,1068,-0.012675563315234074,-0.04825701476924625,0.0229058881387781,True,0.044672515860594064,0.1167618113072324
esm2_top28_bilstm_attn,validation,1,combined,all_eligible_queries,rsa,201,1136,0.11803098319639006,0.10336759942164182,0.1326943669711383,True,2.54909807850696e-28,4.583655989315293e-27
esm2_top28_bilstm_attn,validation,1,combined,all_eligible_queries,same_community_as_band_apex,195,1068,-0.012426155613179186,-0.030959431925287377,0.0061071206989290056,True,0.020597045422768,0.06097478995581624
esm2_top28_bilstm_attn,validation,1,combined,all_eligible_queries,same_community_as_band_majority,195,1015,-0.008122124111726322,-0.026877147392586967,0.010632899169134324,True,0.07254166975912647,0.17521880929381048
esm2_top28_bilstm_attn,validation,1,combined,all_eligible_queries,same_ecod_domain_as_band_apex,195,1059,-0.007046298122139588,-0.01807719504775975,0.003984598803480573,True,0.34918183817058834,0.6170255957482098
esm2_top28_bilstm_attn,validation,1,combined,all_eligible_queries,shared_water_count,195,1069,0.014457541471960652,-0.007041360881416582,0.035956443825337886,True,0.3381854121966621,0.6025285050329521
esm2_top28_bilstm_attn,validation,1,combined,all_eligible_queries,shared_water_fraction_of_band_contacts,195,1069,0.004112786920952893,-0.0005485709382971908,0.008774144780202976,True,0.2502820046919219,0.4760505907068681
esm2_top28_bilstm_attn,validation,1,combined,all_eligible_queries,shared_water_fraction_of_query_contacts,195,1069,0.004760229473532884,-0.0019964063266828735,0.011516865273748643,True,0.29423370844429203,0.5370318249988865
esm2_top28_bilstm_attn,validation,1,combined,all_eligible_queries,shares_any_ecod_domain_with_band,195,1062,-0.007638936527489555,-0.01824849078257708,0.002970617727597967,True,0.15971168311801956,0.3292569942836454
esm2_top28_bilstm_attn,validation,1,combined,all_eligible_queries,shortest_nonlocal_contact_path_edges,194,1060,0.38678049267451886,0.24840484189807246,0.5251561434509653,True,5.249016667771086e-13,5.726736162253622e-12
esm2_top28_bilstm_attn,validation,1,combined,all_eligible_queries,shortest_ordinary_contact_path_edges,195,1069,0.305224055975816,0.18042110707064538,0.43002700488098655,True,4.026853466792048e-11,3.5067934674933443e-10
esm2_top28_bilstm_attn,validation,1,combined,all_eligible_queries,torsion_change_from_previous,201,1136,22.079680164915292,17.407856362527884,26.7515039673027,True,5.283803212601735e-15,6.577657589020877e-14
esm2_top28_bilstm_attn,validation,1,combined,all_eligible_queries,water_path_at_most_1,195,1069,0.009550902007066842,-0.0028565829287712473,0.02195838694290493,True,0.3381854121966621,0.6025285050329521
esm2_top28_bilstm_attn,validation,1,combined,all_eligible_queries,water_path_at_most_2,195,1069,0.00803217646978112,-0.0047772673013786685,0.02084162024094091,True,0.4672071020769664,0.7358606587457167
esm2_top28_bilstm_attn,validation,1,combined,all_eligible_queries,water_path_at_most_3,195,1069,0.008164828269923652,-0.004652839332358648,0.02098249587220595,True,0.4708507456393825,0.7403985004305108
esm2_top28_bilstm_attn,validation,1,combined,all_eligible_queries,water_path_exists,195,1069,0.007882745765650317,-0.0049275799055772795,0.020693071436877916,True,0.41907374251663604,0.6891119457809545
esm2_top28_bilstm_attn,validation,1,combined,all_eligible_queries,water_path_without_direct_ca_contact,195,1069,-0.002035688071671336,-0.006758044893973083,0.0026866687506304113,True,0.006695018134217244,0.022890361296918817
esm2_top28_bilstm_attn,validation,1,combined,all_eligible_queries,water_path_without_direct_polar_contact,195,1069,-0.0026294996130169284,-0.007478457737997545,0.002219458511963688,True,0.025021349991899068,0.07230872274444641
esm2_top28_bilstm_attn,validation,1,combined,sequence_distal_ge21,absolute_backbone_orientation_cosine,190,1055,0.01649084640754138,0.0007541961240793808,0.032227496691003374,True,0.1274131384280197,0.2758487344784998
esm2_top28_bilstm_attn,validation,1,combined,sequence_distal_ge21,absolute_sequence_separation,198,1126,-4.285448547865712,-6.1555059087894195,-2.4153911869420037,True,3.1541149499258616e-06,1.791020828291235e-05
esm2_top28_bilstm_attn,validation,1,combined,sequence_distal_ge21,band_water_contact_count,191,1057,0.0,0.0,0.0,True,1.0,1.0
esm2_top28_bilstm_attn,validation,1,combined,sequence_distal_ge21,direct_ca_contact,191,1057,-0.00822191531405315,-0.021697419257806744,0.005253588629700446,True,0.6208422313416991,0.8957471123815599
esm2_top28_bilstm_attn,validation,1,combined,sequence_distal_ge21,direct_putative_polar_contact,191,1057,0.0007790148188495686,-0.006740368284655632,0.008298397922354768,True,0.0007171910479201684,0.0030950778112465937
esm2_top28_bilstm_attn,validation,1,combined,sequence_distal_ge21,direct_putative_polar_contact_count,191,1057,0.0002862200856508281,-0.00920820006201036,0.009780640233312017,True,0.00016552386897451067,0.0008076566672072858
esm2_top28_bilstm_attn,validation,1,combined,sequence_distal_ge21,disorder,198,1126,-0.048558348268447224,-0.06787324804237597,-0.029243448494518477,True,0.05473387935217155,0.1398594653972594
esm2_top28_bilstm_attn,validation,1,combined,sequence_distal_ge21,mean_query_contact_water_degree,173,967,-0.03360996807672187,-0.08262097101838928,0.015401034864945547,True,0.5285056825149888,0.7999672918504349
esm2_top28_bilstm_attn,validation,1,combined,sequence_distal_ge21,minimum_ca_distance_angstrom,191,1057,1.1863785233876343,0.44544520786169806,1.9273118389135706,True,5.8641749693510654e-08,3.796075930159923e-07
esm2_top28_bilstm_attn,validation,1,combined,sequence_distal_ge21,minimum_heavy_atom_distance_angstrom,191,1057,1.3099093072539176,0.5879649450765992,2.031853669431236,True,2.4939226698423662e-08,1.6758469982124134e-07
esm2_top28_bilstm_attn,validation,1,combined,sequence_distal_ge21,minimum_polar_atom_distance_angstrom,191,1057,1.0965301791014643,0.3712966685646283,1.8217636896383005,True,4.500450151619139e-05,0.00022999668932748336
esm2_top28_bilstm_attn,validation,1,combined,sequence_distal_ge21,neq,198,1126,0.6973447473628482,0.6276833891455664,0.76700610558013,True,5.59950224773775e-45,1.9771333391103112e-43
esm2_top28_bilstm_attn,validation,1,combined,sequence_distal_ge21,nonlocal_contact_path_exists,191,1057,-0.04630228363088298,-0.06370048539700075,-0.028904081864765205,True,4.656868638370482e-12,4.433156321429155e-11
esm2_top28_bilstm_attn,validation,1,combined,sequence_distal_ge21,normalized_query_position,198,1126,-0.0009139782147319095,-0.019860126978504675,0.018032170549040858,True,0.2863956298917921,0.528918415146627
esm2_top28_bilstm_attn,validation,1,combined,sequence_distal_ge21,one_water_bridge,191,1057,0.0012722706697169016,-0.004860207393814758,0.007404748733248561,True,0.049450065253179916,0.1280427022955672
esm2_top28_bilstm_attn,validation,1,combined,sequence_distal_ge21,ordinary_contact_path_exists,191,1057,0.0,0.0,0.0,True,1.0,1.0
esm2_top28_bilstm_attn,validation,1,combined,sequence_distal_ge21,query_distance_to_band_domain_boundary_sequence,191,1049,2.5073445976787974,0.31496158219758685,4.699727613160007,True,0.020347077476115444,0.060418997643144026
esm2_top28_bilstm_attn,validation,1,combined,sequence_distal_ge21,query_distance_to_community_boundary_edges,190,1051,0.3692680219717191,0.28727554730612703,0.45126049663731116,True,1.3300672097016506e-13,1.528396758130536e-12
esm2_top28_bilstm_attn,validation,1,combined,sequence_distal_ge21,query_distance_to_ecod_boundary_sequence,191,1056,2.8666436129698147,0.9661013667329963,4.767185859206633,True,0.020347077476115444,0.060418997643144026
esm2_top28_bilstm_attn,validation,1,combined,sequence_distal_ge21,query_in_any_band,198,1126,0.7121277673233255,0.6686558404706318,0.7555996941760192,True,2.9335298739754547e-46,1.0748896255208176e-44
esm2_top28_bilstm_attn,validation,1,combined,sequence_distal_ge21,query_to_band_contact_count,191,1057,-0.006088747988507852,-0.035677894361050955,0.023500398384035254,True,0.11553971025192661,0.25820266663894303
esm2_top28_bilstm_attn,validation,1,combined,sequence_distal_ge21,query_to_band_contact_fraction,191,1057,-0.003858036942351652,-0.009941488289014212,0.002225414404310908,True,0.06923250717353213,0.1691850544748492
esm2_top28_bilstm_attn,validation,1,combined,sequence_distal_ge21,query_water_contact_count,191,1057,0.08914041931718734,0.02120124088183055,0.15707959775254415,True,0.007109623450109245,0.024180190438024787
esm2_top28_bilstm_attn,validation,1,combined,sequence_distal_ge21,reachable_query_water_entry_count,191,1057,-0.0015021162129034336,-0.008966550490556545,0.005962318064749677,True,0.003854108187381312,0.013886230240991667
esm2_top28_bilstm_attn,validation,1,combined,sequence_distal_ge21,relative_backbone_orientation_cosine,190,1055,-0.024296531490461137,-0.061035501908583104,0.012442438927660827,True,0.1679110560090344,0.343285230908004
esm2_top28_bilstm_attn,validation,1,combined,sequence_distal_ge21,rsa,198,1126,0.10482989663625379,0.08862958701349599,0.12103020625901159,True,3.145817080463772e-25,5.0489064217030126e-24
esm2_top28_bilstm_attn,validation,1,combined,sequence_distal_ge21,same_community_as_band_apex,191,1056,-0.015197650341652116,-0.03294214020743471,0.0025468395241304773,True,0.014162270035590603,0.04493975230247868
esm2_top28_bilstm_attn,validation,1,combined,sequence_distal_ge21,same_community_as_band_majority,190,1004,-0.018808861183483756,-0.03765285993390623,3.513756693871578e-05,True,0.002672984138608713,0.01009909571435432
esm2_top28_bilstm_attn,validation,1,combined,sequence_distal_ge21,same_ecod_domain_as_band_apex,191,1046,-0.007116874828122798,-0.019702561476470825,0.0054688118202252285,True,0.48278855684402133,0.754891608205386
esm2_top28_bilstm_attn,validation,1,combined,sequence_distal_ge21,shared_water_count,191,1057,0.001326396704386258,-0.0048830063041888664,0.007535799712961383,True,0.049450065253179916,0.1280427022955672
esm2_top28_bilstm_attn,validation,1,combined,sequence_distal_ge21,shared_water_fraction_of_band_contacts,191,1057,0.0009780196833910773,-0.001590857298111851,0.0035468966648940056,True,0.049450065253179916,0.1280427022955672
esm2_top28_bilstm_attn,validation,1,combined,sequence_distal_ge21,shared_water_fraction_of_query_contacts,191,1057,0.0011133740347889106,-0.003126570150023979,0.0053533182196018,True,0.029766410087911824,0.08258052627246394
esm2_top28_bilstm_attn,validation,1,combined,sequence_distal_ge21,shares_any_ecod_domain_with_band,191,1049,-0.007435852591652016,-0.019510999221626225,0.004639294038322192,True,0.241644723140752,0.4664752011325451
esm2_top28_bilstm_attn,validation,1,combined,sequence_distal_ge21,shortest_nonlocal_contact_path_edges,189,1046,0.3720004146964963,0.21991566711834135,0.5240851622746513,True,1.938417207912192e-09,1.404629185733387e-08
esm2_top28_bilstm_attn,validation,1,combined,sequence_distal_ge21,shortest_ordinary_contact_path_edges,191,1057,0.2838077524078635,0.14289491109127206,0.4247205937244549,True,4.9501484294842716e-08,3.225902097335052e-07
esm2_top28_bilstm_attn,validation,1,combined,sequence_distal_ge21,torsion_change_from_previous,198,1126,21.66620115733268,16.752095335666972,26.580306978998387,True,6.285389762335622e-13,6.781237176919877e-12
esm2_top28_bilstm_attn,validation,1,combined,sequence_distal_ge21,water_path_at_most_1,191,1057,0.0012722706697169016,-0.004860207393814758,0.007404748733248561,True,0.049450065253179916,0.1280427022955672
esm2_top28_bilstm_attn,validation,1,combined,sequence_distal_ge21,water_path_at_most_2,191,1057,-0.0001108840038805005,-0.007050554026070617,0.006828786018309616,True,0.07848502733901798,0.1838575670595572
esm2_top28_bilstm_attn,validation,1,combined,sequence_distal_ge21,water_path_at_most_3,191,1057,-2.5698355118320194e-05,-0.0069867456481478496,0.006935348937911209,True,0.0813530482059657,0.1900611466005541
esm2_top28_bilstm_attn,validation,1,combined,sequence_distal_ge21,water_path_exists,191,1057,-0.00020039102609817688,-0.007169635822480161,0.006768853770283807,True,0.03461537053818665,0.09401825116805379
esm2_top28_bilstm_attn,validation,1,combined,sequence_distal_ge21,water_path_without_direct_ca_contact,191,1057,0.0003042650697651304,-0.00526911861669721,0.0058776487562274705,True,0.06615259746138927,0.1622075053914368
esm2_top28_bilstm_attn,validation,1,combined,sequence_distal_ge21,water_path_without_direct_polar_contact,191,1057,0.00010153713463278706,-0.0055378937006434715,0.005740967969909046,True,0.1253456971884924,0.2719791552402818
esm2_top28_bilstm_attn,validation,1,combined,sequence_distal_ge21_no_direct_ca,absolute_backbone_orientation_cosine,190,1050,0.01830983842140363,0.0021255236071710745,0.034494153235636184,True,0.1679110560090344,0.343285230908004
esm2_top28_bilstm_attn,validation,1,combined,sequence_distal_ge21_no_direct_ca,absolute_sequence_separation,191,1052,-3.3340323175020767,-5.537071429462197,-1.130993205541956,True,0.00048245230382587935,0.00213909217815036
esm2_top28_bilstm_attn,validation,1,combined,sequence_distal_ge21_no_direct_ca,band_water_contact_count,191,1052,0.0,0.0,0.0,True,1.0,1.0
esm2_top28_bilstm_attn,validation,1,combined,sequence_distal_ge21_no_direct_ca,direct_ca_contact,191,1052,0.0,0.0,0.0,True,1.0,1.0
esm2_top28_bilstm_attn,validation,1,combined,sequence_distal_ge21_no_direct_ca,direct_putative_polar_contact,191,1052,0.0005838152283651417,-0.0025866398186146495,0.0037542702753449327,True,0.027340133868077935,0.07817452295303506
esm2_top28_bilstm_attn,validation,1,combined,sequence_distal_ge21_no_direct_ca,direct_putative_polar_contact_count,191,1052,0.00048129709424766777,-0.0027078225196544405,0.003670416708149776,True,0.0204147137996349,0.06052728885326867
esm2_top28_bilstm_attn,validation,1,combined,sequence_distal_ge21_no_direct_ca,disorder,191,1052,-0.01614365399856941,-0.03372806026568029,0.0014407522685414668,True,0.6642959893958239,0.9382274992048656
esm2_top28_bilstm_attn,validation,1,combined,sequence_distal_ge21_no_direct_ca,mean_query_contact_water_degree,171,951,-0.02944348466927773,-0.08097391254402675,0.022086943205471284,True,0.3845671514777665,0.6446098432148972
esm2_top28_bilstm_attn,validation,1,combined,sequence_distal_ge21_no_direct_ca,minimum_ca_distance_angstrom,191,1052,1.1546564767247807,0.4136613302014077,1.8956516232481535,True,1.4133240999032975e-06,8.242268474511123e-06
esm2_top28_bilstm_attn,validation,1,combined,sequence_distal_ge21_no_direct_ca,minimum_heavy_atom_distance_angstrom,191,1052,1.2992906130701838,0.5751145188477352,2.0234667072926324,True,1.3461523373328464e-07,8.515400127362828e-07
esm2_top28_bilstm_attn,validation,1,combined,sequence_distal_ge21_no_direct_ca,minimum_polar_atom_distance_angstrom,191,1052,1.1001124820068395,0.37208659047477644,1.8281383735389025,True,0.00015384088404918686,0.0007525415537116395
esm2_top28_bilstm_attn,validation,1,combined,sequence_distal_ge21_no_direct_ca,neq,191,1052,0.6910164673393621,0.6211777120540434,0.7608552226246807,True,4.1009866034319145e-47,1.531560766127842e-45
esm2_top28_bilstm_attn,validation,1,combined,sequence_distal_ge21_no_direct_ca,nonlocal_contact_path_exists,191,1052,-0.048380584631545556,-0.06604277475241693,-0.030718394510674183,True,1.7738815010358873e-11,1.6173135563435176e-10
esm2_top28_bilstm_attn,validation,1,combined,sequence_distal_ge21_no_direct_ca,normalized_query_position,191,1052,0.006626211425631495,-0.018144444442134096,0.031396867293397086,True,0.8849851393064475,1.0
esm2_top28_bilstm_attn,validation,1,combined,sequence_distal_ge21_no_direct_ca,one_water_bridge,191,1052,0.001490118818933836,-0.0030376178915808858,0.006017855529448558,True,0.018337087779101986,0.05661296254937648
esm2_top28_bilstm_attn,validation,1,combined,sequence_distal_ge21_no_direct_ca,ordinary_contact_path_exists,191,1052,0.0,0.0,0.0,True,1.0,1.0
esm2_top28_bilstm_attn,validation,1,combined,sequence_distal_ge21_no_direct_ca,query_distance_to_band_domain_boundary_sequence,191,1044,2.599507268844521,0.3606210563379282,4.838393481351114,True,0.059647821148888454,0.15161789093081332
esm2_top28_bilstm_attn,validation,1,combined,sequence_distal_ge21_no_direct_ca,query_distance_to_community_boundary_edges,190,1046,0.37718593270033063,0.2948315778297145,0.4595402875709468,True,6.166319657349993e-14,7.30182486254493e-13
esm2_top28_bilstm_attn,validation,1,combined,sequence_distal_ge21_no_direct_ca,query_distance_to_ecod_boundary_sequence,191,1051,2.893339254875729,0.9525151475452811,4.834163362206177,True,0.08219129693943288,0.19115628581602231
esm2_top28_bilstm_attn,validation,1,combined,sequence_distal_ge21_no_direct_ca,query_in_any_band,191,1052,0.7174620254366337,0.6742958001390763,0.7606282507341912,True,1.0714267651676255e-43,3.526628437212761e-42
esm2_top28_bilstm_attn,validation,1,combined,sequence_distal_ge21_no_direct_ca,query_to_band_contact_count,191,1052,0.0,0.0,0.0,True,1.0,1.0
esm2_top28_bilstm_attn,validation,1,combined,sequence_distal_ge21_no_direct_ca,query_to_band_contact_fraction,191,1052,0.0,0.0,0.0,True,1.0,1.0
esm2_top28_bilstm_attn,validation,1,combined,sequence_distal_ge21_no_direct_ca,query_water_contact_count,191,1052,0.08133106591369452,0.013110512764461194,0.14955161906292785,True,0.016435856993481702,0.051647951911555766
esm2_top28_bilstm_attn,validation,1,combined,sequence_distal_ge21_no_direct_ca,reachable_query_water_entry_count,191,1052,8.445328153666358e-06,-0.00568192326063977,0.005698813916947104,True,0.029456361785778883,0.08183727408867324
esm2_top28_bilstm_attn,validation,1,combined,sequence_distal_ge21_no_direct_ca,relative_backbone_orientation_cosine,190,1050,-0.021283130091072147,-0.05997078346354083,0.017404523281396536,True,0.4249319290622427,0.6917165182220246
esm2_top28_bilstm_attn,validation,1,combined,sequence_distal_ge21_no_direct_ca,rsa,191,1052,0.12768581757289246,0.11216441341598465,0.14320722172980027,True,3.618752157483694e-30,6.822928825080907e-29
esm2_top28_bilstm_attn,validation,1,combined,sequence_distal_ge21_no_direct_ca,same_community_as_band_apex,191,1051,-0.01715131604231975,-0.034586755594247745,0.00028412350960823826,True,0.0031576488135909445,0.011753115305082495
esm2_top28_bilstm_attn,validation,1,combined,sequence_distal_ge21_no_direct_ca,same_community_as_band_majority,190,999,-0.01310911764495138,-0.03145459194873183,0.005236356658829069,True,0.002001342228607943,0.00788358338327916
esm2_top28_bilstm_attn,validation,1,combined,sequence_distal_ge21_no_direct_ca,same_ecod_domain_as_band_apex,191,1041,-0.006963281644365754,-0.019584127578214497,0.005657564289482987,True,0.48278855684402133,0.754891608205386
esm2_top28_bilstm_attn,validation,1,combined,sequence_distal_ge21_no_direct_ca,shared_water_count,191,1052,0.0014848948933097858,-0.003053063326540411,0.006022853113159983,True,0.018337087779101986,0.05661296254937648
esm2_top28_bilstm_attn,validation,1,combined,sequence_distal_ge21_no_direct_ca,shared_water_fraction_of_band_contacts,191,1052,0.0007058965505952632,-0.0013445367097637178,0.002756329810954244,True,0.018337087779101986,0.05661296254937648
esm2_top28_bilstm_attn,validation,1,combined,sequence_distal_ge21_no_direct_ca,shared_water_fraction_of_query_contacts,191,1052,0.0006429232397902999,-0.00145773543551367,0.0027435819150942696,True,0.008641499683281734,0.02908456219225845
esm2_top28_bilstm_attn,validation,1,combined,sequence_distal_ge21_no_direct_ca,shares_any_ecod_domain_with_band,191,1044,-0.007739864663790172,-0.01987320887877358,0.0043934795511932365,True,0.34918183817058834,0.6170255957482098
esm2_top28_bilstm_attn,validation,1,combined,sequence_distal_ge21_no_direct_ca,shortest_nonlocal_contact_path_edges,189,1041,0.3695448497836911,0.21973582802309505,0.5193538715442871,True,7.435699616518513e-10,5.869970998080875e-09
esm2_top28_bilstm_attn,validation,1,combined,sequence_distal_ge21_no_direct_ca,shortest_ordinary_contact_path_edges,191,1052,0.27212258246676485,0.13161549589358798,0.4126296690399417,True,1.5992185050097182e-07,1.0050751898798942e-06
esm2_top28_bilstm_attn,validation,1,combined,sequence_distal_ge21_no_direct_ca,torsion_change_from_previous,191,1052,19.08503378110639,14.41573740669654,23.75433015551624,True,8.768926359558227e-11,7.468971486957051e-10
esm2_top28_bilstm_attn,validation,1,combined,sequence_distal_ge21_no_direct_ca,water_path_at_most_1,191,1052,0.001490118818933836,-0.0030376178915808858,0.006017855529448558,True,0.018337087779101986,0.05661296254937648
esm2_top28_bilstm_attn,validation,1,combined,sequence_distal_ge21_no_direct_ca,water_path_at_most_2,191,1052,0.0003079876017103282,-0.0052258654091797,0.005841840612600357,True,0.012812402175831373,0.04099124386402722
esm2_top28_bilstm_attn,validation,1,combined,sequence_distal_ge21_no_direct_ca,water_path_at_most_3,191,1052,0.00047967297498484676,-0.005084196174513944,0.006043542124483638,True,0.027534178012294533,0.07817452295303506
esm2_top28_bilstm_attn,validation,1,combined,sequence_distal_ge21_no_direct_ca,water_path_exists,191,1052,0.0002680725404618977,-0.005313502526480264,0.00584964760740406,True,0.050250895335291444,0.12959792661505443
esm2_top28_bilstm_attn,validation,1,combined,sequence_distal_ge21_no_direct_ca,water_path_without_direct_ca_contact,191,1052,0.0002680725404618977,-0.005313502526480264,0.00584964760740406,True,0.050250895335291444,0.12959792661505443
esm2_top28_bilstm_attn,validation,1,combined,sequence_distal_ge21_no_direct_ca,water_path_without_direct_polar_contact,191,1052,2.882638985608064e-05,-0.005468322353819422,0.005525975133531583,True,0.03299261842647619,0.09052108009469528
esm2_top28_bilstm_attn,validation,1,consultation_dominated,all_eligible_queries,absolute_backbone_orientation_cosine,3,4,0.13328838845094051,,,False,,
esm2_top28_bilstm_attn,validation,1,consultation_dominated,all_eligible_queries,absolute_sequence_separation,3,4,-12.465277777777779,,,False,,
esm2_top28_bilstm_attn,validation,1,consultation_dominated,all_eligible_queries,band_water_contact_count,3,4,0.0,,,False,,
esm2_top28_bilstm_attn,validation,1,consultation_dominated,all_eligible_queries,direct_ca_contact,3,4,0.01587301368514697,,,False,,
esm2_top28_bilstm_attn,validation,1,consultation_dominated,all_eligible_queries,direct_putative_polar_contact,3,4,-0.055555557211240135,,,False,,
esm2_top28_bilstm_attn,validation,1,consultation_dominated,all_eligible_queries,direct_putative_polar_contact_count,3,4,-0.055555557211240135,,,False,,
esm2_top28_bilstm_attn,validation,1,consultation_dominated,all_eligible_queries,disorder,3,4,-0.07403518637112846,,,False,,
esm2_top28_bilstm_attn,validation,1,consultation_dominated,all_eligible_queries,minimum_ca_distance_angstrom,3,4,-4.060718456904094,,,False,,
esm2_top28_bilstm_attn,validation,1,consultation_dominated,all_eligible_queries,minimum_heavy_atom_distance_angstrom,3,4,-3.493875424067179,,,False,,
esm2_top28_bilstm_attn,validation,1,consultation_dominated,all_eligible_queries,minimum_polar_atom_distance_angstrom,3,4,-3.5195302168528237,,,False,,
esm2_top28_bilstm_attn,validation,1,consultation_dominated,all_eligible_queries,neq,3,4,0.670058531746032,,,False,,
esm2_top28_bilstm_attn,validation,1,consultation_dominated,all_eligible_queries,nonlocal_contact_path_exists,3,4,0.0714285671710968,,,False,,
esm2_top28_bilstm_attn,validation,1,consultation_dominated,all_eligible_queries,normalized_query_position,3,4,-0.21153523435615787,,,False,,
esm2_top28_bilstm_attn,validation,1,consultation_dominated,all_eligible_queries,one_water_bridge,3,4,0.0,,,False,,
esm2_top28_bilstm_attn,validation,1,consultation_dominated,all_eligible_queries,ordinary_contact_path_exists,3,4,0.0,,,False,,
esm2_top28_bilstm_attn,validation,1,consultation_dominated,all_eligible_queries,query_distance_to_band_domain_boundary_sequence,3,4,5.7628969351450605,,,False,,
esm2_top28_bilstm_attn,validation,1,consultation_dominated,all_eligible_queries,query_distance_to_community_boundary_edges,3,4,-0.42440476020177204,,,False,,
esm2_top28_bilstm_attn,validation,1,consultation_dominated,all_eligible_queries,query_distance_to_ecod_boundary_sequence,3,4,5.7628969351450605,,,False,,
esm2_top28_bilstm_attn,validation,1,consultation_dominated,all_eligible_queries,query_in_any_band,3,4,1.0,,,False,,
esm2_top28_bilstm_attn,validation,1,consultation_dominated,all_eligible_queries,query_to_band_contact_count,3,4,-0.20634920025865236,,,False,,
esm2_top28_bilstm_attn,validation,1,consultation_dominated,all_eligible_queries,query_to_band_contact_fraction,3,4,-0.03538359360148507,,,False,,
esm2_top28_bilstm_attn,validation,1,consultation_dominated,all_eligible_queries,query_water_contact_count,3,4,-0.5297618905703226,,,False,,
esm2_top28_bilstm_attn,validation,1,consultation_dominated,all_eligible_queries,reachable_query_water_entry_count,3,4,0.0,,,False,,
esm2_top28_bilstm_attn,validation,1,consultation_dominated,all_eligible_queries,relative_backbone_orientation_cosine,3,4,-0.5473141334950924,,,False,,
esm2_top28_bilstm_attn,validation,1,consultation_dominated,all_eligible_queries,rsa,3,4,0.05440863186404817,,,False,,
esm2_top28_bilstm_attn,validation,1,consultation_dominated,all_eligible_queries,same_community_as_band_apex,3,4,-0.1785714291036129,,,False,,
esm2_top28_bilstm_attn,validation,1,consultation_dominated,all_eligible_queries,same_community_as_band_majority,3,4,-0.3452380957702796,,,False,,
esm2_top28_bilstm_attn,validation,1,consultation_dominated,all_eligible_queries,same_ecod_domain_as_band_apex,3,4,0.0,,,False,,
esm2_top28_bilstm_attn,validation,1,consultation_dominated,all_eligible_queries,shared_water_count,3,4,0.0,,,False,,
esm2_top28_bilstm_attn,validation,1,consultation_dominated,all_eligible_queries,shared_water_fraction_of_band_contacts,3,4,0.0,,,False,,
esm2_top28_bilstm_attn,validation,1,consultation_dominated,all_eligible_queries,shared_water_fraction_of_query_contacts,3,4,0.0,,,False,,
esm2_top28_bilstm_attn,validation,1,consultation_dominated,all_eligible_queries,shares_any_ecod_domain_with_band,3,4,0.0,,,False,,
esm2_top28_bilstm_attn,validation,1,consultation_dominated,all_eligible_queries,shortest_nonlocal_contact_path_edges,3,4,-0.9160714348157247,,,False,,
esm2_top28_bilstm_attn,validation,1,consultation_dominated,all_eligible_queries,shortest_ordinary_contact_path_edges,3,4,-0.7559524178504944,,,False,,
esm2_top28_bilstm_attn,validation,1,consultation_dominated,all_eligible_queries,torsion_change_from_previous,3,4,63.561922521588535,,,False,,
esm2_top28_bilstm_attn,validation,1,consultation_dominated,all_eligible_queries,water_path_at_most_1,3,4,0.0,,,False,,
esm2_top28_bilstm_attn,validation,1,consultation_dominated,all_eligible_queries,water_path_at_most_2,3,4,0.0,,,False,,
esm2_top28_bilstm_attn,validation,1,consultation_dominated,all_eligible_queries,water_path_at_most_3,3,4,0.0,,,False,,
esm2_top28_bilstm_attn,validation,1,consultation_dominated,all_eligible_queries,water_path_exists,3,4,0.0,,,False,,
esm2_top28_bilstm_attn,validation,1,consultation_dominated,all_eligible_queries,water_path_without_direct_ca_contact,3,4,0.0,,,False,,
esm2_top28_bilstm_attn,validation,1,consultation_dominated,all_eligible_queries,water_path_without_direct_polar_contact,3,4,0.0,,,False,,
esm2_top28_bilstm_attn,validation,1,consultation_dominated,sequence_distal_ge21,absolute_backbone_orientation_cosine,3,4,0.13328838845094051,,,False,,
esm2_top28_bilstm_attn,validation,1,consultation_dominated,sequence_distal_ge21,absolute_sequence_separation,3,4,-13.854166666666666,,,False,,
esm2_top28_bilstm_attn,validation,1,consultation_dominated,sequence_distal_ge21,band_water_contact_count,3,4,0.0,,,False,,
esm2_top28_bilstm_attn,validation,1,consultation_dominated,sequence_distal_ge21,direct_ca_contact,3,4,0.01587301368514697,,,False,,
esm2_top28_bilstm_attn,validation,1,consultation_dominated,sequence_distal_ge21,direct_putative_polar_contact,3,4,-0.055555557211240135,,,False,,
esm2_top28_bilstm_attn,validation,1,consultation_dominated,sequence_distal_ge21,direct_putative_polar_contact_count,3,4,-0.055555557211240135,,,False,,
esm2_top28_bilstm_attn,validation,1,consultation_dominated,sequence_distal_ge21,disorder,3,4,0.0032338905677159004,,,False,,
esm2_top28_bilstm_attn,validation,1,consultation_dominated,sequence_distal_ge21,minimum_ca_distance_angstrom,3,4,-4.060718456904094,,,False,,
esm2_top28_bilstm_attn,validation,1,consultation_dominated,sequence_distal_ge21,minimum_heavy_atom_distance_angstrom,3,4,-3.493875424067179,,,False,,
esm2_top28_bilstm_attn,validation,1,consultation_dominated,sequence_distal_ge21,minimum_polar_atom_distance_angstrom,3,4,-3.5195302168528237,,,False,,
esm2_top28_bilstm_attn,validation,1,consultation_dominated,sequence_distal_ge21,neq,3,4,0.7564659391534394,,,False,,
esm2_top28_bilstm_attn,validation,1,consultation_dominated,sequence_distal_ge21,nonlocal_contact_path_exists,3,4,0.0714285671710968,,,False,,
esm2_top28_bilstm_attn,validation,1,consultation_dominated,sequence_distal_ge21,normalized_query_position,3,4,-0.24121559965296155,,,False,,
esm2_top28_bilstm_attn,validation,1,consultation_dominated,sequence_distal_ge21,one_water_bridge,3,4,0.0,,,False,,
esm2_top28_bilstm_attn,validation,1,consultation_dominated,sequence_distal_ge21,ordinary_contact_path_exists,3,4,0.0,,,False,,
esm2_top28_bilstm_attn,validation,1,consultation_dominated,sequence_distal_ge21,query_distance_to_band_domain_boundary_sequence,3,4,5.7628969351450605,,,False,,
esm2_top28_bilstm_attn,validation,1,consultation_dominated,sequence_distal_ge21,query_distance_to_community_boundary_edges,3,4,-0.42440476020177204,,,False,,
esm2_top28_bilstm_attn,validation,1,consultation_dominated,sequence_distal_ge21,query_distance_to_ecod_boundary_sequence,3,4,5.7628969351450605,,,False,,
esm2_top28_bilstm_attn,validation,1,consultation_dominated,sequence_distal_ge21,query_in_any_band,3,4,1.0,,,False,,
esm2_top28_bilstm_attn,validation,1,consultation_dominated,sequence_distal_ge21,query_to_band_contact_count,3,4,-0.20634920025865236,,,False,,
esm2_top28_bilstm_attn,validation,1,consultation_dominated,sequence_distal_ge21,query_to_band_contact_fraction,3,4,-0.03538359360148507,,,False,,
esm2_top28_bilstm_attn,validation,1,consultation_dominated,sequence_distal_ge21,query_water_contact_count,3,4,-0.5297618905703226,,,False,,
esm2_top28_bilstm_attn,validation,1,consultation_dominated,sequence_distal_ge21,reachable_query_water_entry_count,3,4,0.0,,,False,,
esm2_top28_bilstm_attn,validation,1,consultation_dominated,sequence_distal_ge21,relative_backbone_orientation_cosine,3,4,-0.5473141334950924,,,False,,
esm2_top28_bilstm_attn,validation,1,consultation_dominated,sequence_distal_ge21,rsa,3,4,0.11857653870469047,,,False,,
esm2_top28_bilstm_attn,validation,1,consultation_dominated,sequence_distal_ge21,same_community_as_band_apex,3,4,-0.1785714291036129,,,False,,
esm2_top28_bilstm_attn,validation,1,consultation_dominated,sequence_distal_ge21,same_community_as_band_majority,3,4,-0.3452380957702796,,,False,,
esm2_top28_bilstm_attn,validation,1,consultation_dominated,sequence_distal_ge21,same_ecod_domain_as_band_apex,3,4,0.0,,,False,,
esm2_top28_bilstm_attn,validation,1,consultation_dominated,sequence_distal_ge21,shared_water_count,3,4,0.0,,,False,,
esm2_top28_bilstm_attn,validation,1,consultation_dominated,sequence_distal_ge21,shared_water_fraction_of_band_contacts,3,4,0.0,,,False,,
esm2_top28_bilstm_attn,validation,1,consultation_dominated,sequence_distal_ge21,shared_water_fraction_of_query_contacts,3,4,0.0,,,False,,
esm2_top28_bilstm_attn,validation,1,consultation_dominated,sequence_distal_ge21,shares_any_ecod_domain_with_band,3,4,0.0,,,False,,
esm2_top28_bilstm_attn,validation,1,consultation_dominated,sequence_distal_ge21,shortest_nonlocal_contact_path_edges,3,4,-0.9160714348157247,,,False,,
esm2_top28_bilstm_attn,validation,1,consultation_dominated,sequence_distal_ge21,shortest_ordinary_contact_path_edges,3,4,-0.7559524178504944,,,False,,
esm2_top28_bilstm_attn,validation,1,consultation_dominated,sequence_distal_ge21,torsion_change_from_previous,3,4,68.26267342278602,,,False,,
esm2_top28_bilstm_attn,validation,1,consultation_dominated,sequence_distal_ge21,water_path_at_most_1,3,4,0.0,,,False,,
esm2_top28_bilstm_attn,validation,1,consultation_dominated,sequence_distal_ge21,water_path_at_most_2,3,4,0.0,,,False,,
esm2_top28_bilstm_attn,validation,1,consultation_dominated,sequence_distal_ge21,water_path_at_most_3,3,4,0.0,,,False,,
esm2_top28_bilstm_attn,validation,1,consultation_dominated,sequence_distal_ge21,water_path_exists,3,4,0.0,,,False,,
esm2_top28_bilstm_attn,validation,1,consultation_dominated,sequence_distal_ge21,water_path_without_direct_ca_contact,3,4,0.0,,,False,,
esm2_top28_bilstm_attn,validation,1,consultation_dominated,sequence_distal_ge21,water_path_without_direct_polar_contact,3,4,0.0,,,False,,
esm2_top28_bilstm_attn,validation,1,consultation_dominated,sequence_distal_ge21_no_direct_ca,absolute_backbone_orientation_cosine,3,4,0.17195076247056326,,,False,,
esm2_top28_bilstm_attn,validation,1,consultation_dominated,sequence_distal_ge21_no_direct_ca,absolute_sequence_separation,3,4,-14.116071428571429,,,False,,
esm2_top28_bilstm_attn,validation,1,consultation_dominated,sequence_distal_ge21_no_direct_ca,band_water_contact_count,3,4,0.0,,,False,,
esm2_top28_bilstm_attn,validation,1,consultation_dominated,sequence_distal_ge21_no_direct_ca,direct_ca_contact,3,4,0.0,,,False,,
esm2_top28_bilstm_attn,validation,1,consultation_dominated,sequence_distal_ge21_no_direct_ca,direct_putative_polar_contact,3,4,0.0,,,False,,
esm2_top28_bilstm_attn,validation,1,consultation_dominated,sequence_distal_ge21_no_direct_ca,direct_putative_polar_contact_count,3,4,0.0,,,False,,
esm2_top28_bilstm_attn,validation,1,consultation_dominated,sequence_distal_ge21_no_direct_ca,disorder,3,4,-0.005812063708574333,,,False,,
esm2_top28_bilstm_attn,validation,1,consultation_dominated,sequence_distal_ge21_no_direct_ca,minimum_ca_distance_angstrom,3,4,-4.25608762105306,,,False,,
esm2_top28_bilstm_attn,validation,1,consultation_dominated,sequence_distal_ge21_no_direct_ca,minimum_heavy_atom_distance_angstrom,3,4,-3.7812856833140054,,,False,,
esm2_top28_bilstm_attn,validation,1,consultation_dominated,sequence_distal_ge21_no_direct_ca,minimum_polar_atom_distance_angstrom,3,4,-3.873267889022827,,,False,,
esm2_top28_bilstm_attn,validation,1,consultation_dominated,sequence_distal_ge21_no_direct_ca,neq,3,4,0.6122516534391536,,,False,,
esm2_top28_bilstm_attn,validation,1,consultation_dominated,sequence_distal_ge21_no_direct_ca,nonlocal_contact_path_exists,3,4,0.0753968209028244,,,False,,
esm2_top28_bilstm_attn,validation,1,consultation_dominated,sequence_distal_ge21_no_direct_ca,normalized_query_position,3,4,-0.2380626594032471,,,False,,
esm2_top28_bilstm_attn,validation,1,consultation_dominated,sequence_distal_ge21_no_direct_ca,one_water_bridge,3,4,0.0,,,False,,
esm2_top28_bilstm_attn,validation,1,consultation_dominated,sequence_distal_ge21_no_direct_ca,ordinary_contact_path_exists,3,4,0.0,,,False,,
esm2_top28_bilstm_attn,validation,1,consultation_dominated,sequence_distal_ge21_no_direct_ca,query_distance_to_band_domain_boundary_sequence,3,4,6.036706447601318,,,False,,
esm2_top28_bilstm_attn,validation,1,consultation_dominated,sequence_distal_ge21_no_direct_ca,query_distance_to_community_boundary_edges,3,4,-0.36190476020177204,,,False,,
esm2_top28_bilstm_attn,validation,1,consultation_dominated,sequence_distal_ge21_no_direct_ca,query_distance_to_ecod_boundary_sequence,3,4,6.036706447601318,,,False,,
esm2_top28_bilstm_attn,validation,1,consultation_dominated,sequence_distal_ge21_no_direct_ca,query_in_any_band,3,4,1.0,,,False,,
esm2_top28_bilstm_attn,validation,1,consultation_dominated,sequence_distal_ge21_no_direct_ca,query_to_band_contact_count,3,4,0.0,,,False,,
esm2_top28_bilstm_attn,validation,1,consultation_dominated,sequence_distal_ge21_no_direct_ca,query_to_band_contact_fraction,3,4,0.0,,,False,,
esm2_top28_bilstm_attn,validation,1,consultation_dominated,sequence_distal_ge21_no_direct_ca,query_water_contact_count,3,4,-0.4642857064803441,,,False,,
esm2_top28_bilstm_attn,validation,1,consultation_dominated,sequence_distal_ge21_no_direct_ca,reachable_query_water_entry_count,3,4,0.0,,,False,,
esm2_top28_bilstm_attn,validation,1,consultation_dominated,sequence_distal_ge21_no_direct_ca,relative_backbone_orientation_cosine,3,4,-0.6444321324427923,,,False,,
esm2_top28_bilstm_attn,validation,1,consultation_dominated,sequence_distal_ge21_no_direct_ca,rsa,3,4,0.1150586126106126,,,False,,
esm2_top28_bilstm_attn,validation,1,consultation_dominated,sequence_distal_ge21_no_direct_ca,same_community_as_band_apex,3,4,-0.16666666666666666,,,False,,
esm2_top28_bilstm_attn,validation,1,consultation_dominated,sequence_distal_ge21_no_direct_ca,same_community_as_band_majority,3,4,-0.3333333333333333,,,False,,
esm2_top28_bilstm_attn,validation,1,consultation_dominated,sequence_distal_ge21_no_direct_ca,same_ecod_domain_as_band_apex,3,4,0.0,,,False,,
esm2_top28_bilstm_attn,validation,1,consultation_dominated,sequence_distal_ge21_no_direct_ca,shared_water_count,3,4,0.0,,,False,,
esm2_top28_bilstm_attn,validation,1,consultation_dominated,sequence_distal_ge21_no_direct_ca,shared_water_fraction_of_band_contacts,3,4,0.0,,,False,,
esm2_top28_bilstm_attn,validation,1,consultation_dominated,sequence_distal_ge21_no_direct_ca,shared_water_fraction_of_query_contacts,3,4,0.0,,,False,,
esm2_top28_bilstm_attn,validation,1,consultation_dominated,sequence_distal_ge21_no_direct_ca,shares_any_ecod_domain_with_band,3,4,0.0,,,False,,
esm2_top28_bilstm_attn,validation,1,consultation_dominated,sequence_distal_ge21_no_direct_ca,shortest_nonlocal_contact_path_edges,3,4,-0.8757936557133993,,,False,,
esm2_top28_bilstm_attn,validation,1,consultation_dominated,sequence_distal_ge21_no_direct_ca,shortest_ordinary_contact_path_edges,3,4,-0.7678571939468384,,,False,,
esm2_top28_bilstm_attn,validation,1,consultation_dominated,sequence_distal_ge21_no_direct_ca,torsion_change_from_previous,3,4,76.86911006572164,,,False,,
esm2_top28_bilstm_attn,validation,1,consultation_dominated,sequence_distal_ge21_no_direct_ca,water_path_at_most_1,3,4,0.0,,,False,,
esm2_top28_bilstm_attn,validation,1,consultation_dominated,sequence_distal_ge21_no_direct_ca,water_path_at_most_2,3,4,0.0,,,False,,
esm2_top28_bilstm_attn,validation,1,consultation_dominated,sequence_distal_ge21_no_direct_ca,water_path_at_most_3,3,4,0.0,,,False,,
esm2_top28_bilstm_attn,validation,1,consultation_dominated,sequence_distal_ge21_no_direct_ca,water_path_exists,3,4,0.0,,,False,,
esm2_top28_bilstm_attn,validation,1,consultation_dominated,sequence_distal_ge21_no_direct_ca,water_path_without_direct_ca_contact,3,4,0.0,,,False,,
esm2_top28_bilstm_attn,validation,1,consultation_dominated,sequence_distal_ge21_no_direct_ca,water_path_without_direct_polar_contact,3,4,0.0,,,False,,
esm2_top28_bilstm_attn,validation,1,unclassified,all_eligible_queries,absolute_backbone_orientation_cosine,10,13,0.005222982913255697,-0.18946208337717804,0.19990804920368946,True,1.0,1.0
esm2_top28_bilstm_attn,validation,1,unclassified,all_eligible_queries,absolute_sequence_separation,10,13,0.5020917006868727,-9.449965047671961,10.454148449045706,True,1.0,1.0
esm2_top28_bilstm_attn,validation,1,unclassified,all_eligible_queries,band_water_contact_count,10,13,0.0,0.0,0.0,True,1.0,1.0
esm2_top28_bilstm_attn,validation,1,unclassified,all_eligible_queries,direct_ca_contact,10,13,0.053707011106113575,-0.03911858199866357,0.1465326042108907,True,0.375,0.6365821678321678
esm2_top28_bilstm_attn,validation,1,unclassified,all_eligible_queries,direct_putative_polar_contact,10,13,0.02526539326645434,-0.059380278287771385,0.10991106482068007,True,1.0,1.0
esm2_top28_bilstm_attn,validation,1,unclassified,all_eligible_queries,direct_putative_polar_contact_count,10,13,0.04193205993312101,-0.07817306180361369,0.1620371816698557,True,1.0,1.0
esm2_top28_bilstm_attn,validation,1,unclassified,all_eligible_queries,disorder,10,13,0.0005292751850672692,-0.05001772200250725,0.05107627237264179,True,0.75390625,1.0
esm2_top28_bilstm_attn,validation,1,unclassified,all_eligible_queries,minimum_ca_distance_angstrom,10,13,1.9151261356141838,-4.455506026557512,8.285758297785879,True,0.75390625,1.0
esm2_top28_bilstm_attn,validation,1,unclassified,all_eligible_queries,minimum_heavy_atom_distance_angstrom,10,13,1.9590699142879906,-4.237349472520301,8.155489301096281,True,0.75390625,1.0
esm2_top28_bilstm_attn,validation,1,unclassified,all_eligible_queries,minimum_polar_atom_distance_angstrom,10,13,2.236767421828376,-4.283276080846537,8.75681092450329,True,0.75390625,1.0
esm2_top28_bilstm_attn,validation,1,unclassified,all_eligible_queries,neq,10,13,0.4426711583949688,0.09872016612561157,0.7866221506643261,True,0.109375,0.244989907727797
esm2_top28_bilstm_attn,validation,1,unclassified,all_eligible_queries,nonlocal_contact_path_exists,10,13,0.0,0.0,0.0,True,1.0,1.0
esm2_top28_bilstm_attn,validation,1,unclassified,all_eligible_queries,normalized_query_position,10,13,0.009574709762428362,-0.06106447286745866,0.08021389239231538,True,0.75390625,1.0
esm2_top28_bilstm_attn,validation,1,unclassified,all_eligible_queries,one_water_bridge,10,13,-0.00047281322379906,-0.0015423910447082416,0.0005967645971101217,True,1.0,1.0
esm2_top28_bilstm_attn,validation,1,unclassified,all_eligible_queries,ordinary_contact_path_exists,10,13,0.0,0.0,0.0,True,1.0,1.0
esm2_top28_bilstm_attn,validation,1,unclassified,all_eligible_queries,query_distance_to_band_domain_boundary_sequence,10,13,-1.117972675959269,-10.322921301406325,8.086975949487787,True,0.5078125,0.7777380717665615
esm2_top28_bilstm_attn,validation,1,unclassified,all_eligible_queries,query_distance_to_community_boundary_edges,10,13,0.22816800777282978,-0.1959876506563313,0.6523236662019909,True,0.75390625,1.0
esm2_top28_bilstm_attn,validation,1,unclassified,all_eligible_queries,query_distance_to_ecod_boundary_sequence,10,13,-1.117972675959269,-10.322921301406325,8.086975949487787,True,0.5078125,0.7777380717665615
esm2_top28_bilstm_attn,validation,1,unclassified,all_eligible_queries,query_in_any_band,10,13,0.6573403433438822,0.37093154085175645,0.9437491458360081,True,0.021484375,0.063120508698941
esm2_top28_bilstm_attn,validation,1,unclassified,all_eligible_queries,query_to_band_contact_count,10,13,0.13704034443944693,-0.09298935758560403,0.3670700464644979,True,0.375,0.6365821678321678
esm2_top28_bilstm_attn,validation,1,unclassified,all_eligible_queries,query_to_band_contact_fraction,10,13,0.04541969832498578,-0.029515925652951067,0.12035532230292263,True,0.375,0.6365821678321678
esm2_top28_bilstm_attn,validation,1,unclassified,all_eligible_queries,query_water_contact_count,10,13,0.06836702368325658,-0.42703802079050235,0.5637720681570155,True,0.75390625,1.0
esm2_top28_bilstm_attn,validation,1,unclassified,all_eligible_queries,reachable_query_water_entry_count,10,13,0.00221237192551295,-0.007129932975633706,0.011554676826659607,True,1.0,1.0
esm2_top28_bilstm_attn,validation,1,unclassified,all_eligible_queries,relative_backbone_orientation_cosine,10,13,0.006257264730003165,-0.3636650783605196,0.3761796078205259,True,1.0,1.0
esm2_top28_bilstm_attn,validation,1,unclassified,all_eligible_queries,rsa,10,13,0.10554383140712228,0.05564496346279567,0.1554426993514489,True,0.001953125,0.0077092860772357726
esm2_top28_bilstm_attn,validation,1,unclassified,all_eligible_queries,same_community_as_band_apex,10,13,0.06512049465543694,-0.23615273069615156,0.36639372000702547,True,1.0,1.0
esm2_top28_bilstm_attn,validation,1,unclassified,all_eligible_queries,same_community_as_band_majority,10,12,0.048362115460137536,-0.25349397540547974,0.3502182063257548,True,0.7265625,0.9915561314125088
esm2_top28_bilstm_attn,validation,1,unclassified,all_eligible_queries,same_ecod_domain_as_band_apex,10,13,0.0,0.0,0.0,True,1.0,1.0
esm2_top28_bilstm_attn,validation,1,unclassified,all_eligible_queries,shared_water_count,10,13,-0.00047281322379906,-0.0015423910447082416,0.0005967645971101217,True,1.0,1.0
esm2_top28_bilstm_attn,validation,1,unclassified,all_eligible_queries,shared_water_fraction_of_band_contacts,10,13,-0.00015760441828105,-0.0005141303819929808,0.00019892154543088073,True,1.0,1.0
esm2_top28_bilstm_attn,validation,1,unclassified,all_eligible_queries,shared_water_fraction_of_query_contacts,10,13,-0.00023640661189953,-0.0007711955223541208,0.00029838229855506086,True,1.0,1.0
esm2_top28_bilstm_attn,validation,1,unclassified,all_eligible_queries,shares_any_ecod_domain_with_band,10,13,0.0,0.0,0.0,True,1.0,1.0
esm2_top28_bilstm_attn,validation,1,unclassified,all_eligible_queries,shortest_nonlocal_contact_path_edges,10,13,0.3300790594683753,-0.8508649252811122,1.511023044217863,True,0.75390625,1.0
esm2_top28_bilstm_attn,validation,1,unclassified,all_eligible_queries,shortest_ordinary_contact_path_edges,10,13,0.2830787824259864,-0.8434211060801085,1.4095786709320812,True,0.75390625,1.0
esm2_top28_bilstm_attn,validation,1,unclassified,all_eligible_queries,torsion_change_from_previous,10,13,18.071944684973026,-11.663751890977633,47.80764126092369,True,0.34375,0.6096461187214612
esm2_top28_bilstm_attn,validation,1,unclassified,all_eligible_queries,water_path_at_most_1,10,13,-0.00047281322379906,-0.0015423910447082416,0.0005967645971101217,True,1.0,1.0
esm2_top28_bilstm_attn,validation,1,unclassified,all_eligible_queries,water_path_at_most_2,10,13,-0.0137135539824764,-0.054866872707896724,0.02743976474294392,True,1.0,1.0
esm2_top28_bilstm_attn,validation,1,unclassified,all_eligible_queries,water_path_at_most_3,10,13,0.0029531126841902703,-0.0057499594949769655,0.011656184863357507,True,1.0,1.0
esm2_top28_bilstm_attn,validation,1,unclassified,all_eligible_queries,water_path_exists,10,13,0.0029531126841902703,-0.0057499594949769655,0.011656184863357507,True,1.0,1.0
esm2_top28_bilstm_attn,validation,1,unclassified,all_eligible_queries,water_path_without_direct_ca_contact,10,13,-0.01788022064914305,-0.05715405725289517,0.021393615954609067,True,0.5,0.7712470214455918
esm2_top28_bilstm_attn,validation,1,unclassified,all_eligible_queries,water_path_without_direct_polar_contact,10,13,-0.0137135539824764,-0.054866872707896724,0.02743976474294392,True,1.0,1.0
esm2_top28_bilstm_attn,validation,1,unclassified,sequence_distal_ge21,absolute_backbone_orientation_cosine,9,11,0.031673185987237056,,,False,,
esm2_top28_bilstm_attn,validation,1,unclassified,sequence_distal_ge21,absolute_sequence_separation,9,11,3.4418246062359086,,,False,,
esm2_top28_bilstm_attn,validation,1,unclassified,sequence_distal_ge21,band_water_contact_count,9,11,0.0,,,False,,
esm2_top28_bilstm_attn,validation,1,unclassified,sequence_distal_ge21,direct_ca_contact,9,11,0.01344797244571425,,,False,,
esm2_top28_bilstm_attn,validation,1,unclassified,sequence_distal_ge21,direct_putative_polar_contact,9,11,-0.022908381381888446,,,False,,
esm2_top28_bilstm_attn,validation,1,unclassified,sequence_distal_ge21,direct_putative_polar_contact_count,9,11,-0.022908381381888446,,,False,,
esm2_top28_bilstm_attn,validation,1,unclassified,sequence_distal_ge21,disorder,9,11,-0.001730298317403857,,,False,,
esm2_top28_bilstm_attn,validation,1,unclassified,sequence_distal_ge21,minimum_ca_distance_angstrom,9,11,2.0985193664644974,,,False,,
esm2_top28_bilstm_attn,validation,1,unclassified,sequence_distal_ge21,minimum_heavy_atom_distance_angstrom,9,11,2.1453974747363436,,,False,,
esm2_top28_bilstm_attn,validation,1,unclassified,sequence_distal_ge21,minimum_polar_atom_distance_angstrom,9,11,2.481941217257653,,,False,,
esm2_top28_bilstm_attn,validation,1,unclassified,sequence_distal_ge21,neq,9,11,0.4815374840247425,,,False,,
esm2_top28_bilstm_attn,validation,1,unclassified,sequence_distal_ge21,nonlocal_contact_path_exists,9,11,0.0,,,False,,
esm2_top28_bilstm_attn,validation,1,unclassified,sequence_distal_ge21,normalized_query_position,9,11,0.05484189058901341,,,False,,
esm2_top28_bilstm_attn,validation,1,unclassified,sequence_distal_ge21,one_water_bridge,9,11,-0.0005253480264434,,,False,,
esm2_top28_bilstm_attn,validation,1,unclassified,sequence_distal_ge21,ordinary_contact_path_exists,9,11,0.0,,,False,,
esm2_top28_bilstm_attn,validation,1,unclassified,sequence_distal_ge21,query_distance_to_band_domain_boundary_sequence,9,11,-3.8089787871749303,,,False,,
esm2_top28_bilstm_attn,validation,1,unclassified,sequence_distal_ge21,query_distance_to_community_boundary_edges,9,11,0.05625803989392738,,,False,,
esm2_top28_bilstm_attn,validation,1,unclassified,sequence_distal_ge21,query_distance_to_ecod_boundary_sequence,9,11,-3.8089787871749303,,,False,,
esm2_top28_bilstm_attn,validation,1,unclassified,sequence_distal_ge21,query_in_any_band,9,11,0.6418379957308168,,,False,,
esm2_top28_bilstm_attn,validation,1,unclassified,sequence_distal_ge21,query_to_band_contact_count,9,11,0.038139330470405616,,,False,,
esm2_top28_bilstm_attn,validation,1,unclassified,sequence_distal_ge21,query_to_band_contact_fraction,9,11,0.013650059115061132,,,False,,
esm2_top28_bilstm_attn,validation,1,unclassified,sequence_distal_ge21,query_water_contact_count,9,11,0.17612670040057032,,,False,,
esm2_top28_bilstm_attn,validation,1,unclassified,sequence_distal_ge21,reachable_query_water_entry_count,9,11,0.0031783556174716774,,,False,,
esm2_top28_bilstm_attn,validation,1,unclassified,sequence_distal_ge21,relative_backbone_orientation_cosine,9,11,-0.05624680864958117,,,False,,
esm2_top28_bilstm_attn,validation,1,unclassified,sequence_distal_ge21,rsa,9,11,0.1203690086404693,,,False,,
esm2_top28_bilstm_attn,validation,1,unclassified,sequence_distal_ge21,same_community_as_band_apex,9,11,0.10184243721542538,,,False,,
esm2_top28_bilstm_attn,validation,1,unclassified,sequence_distal_ge21,same_community_as_band_majority,9,10,0.07250221942861874,,,False,,
esm2_top28_bilstm_attn,validation,1,unclassified,sequence_distal_ge21,same_ecod_domain_as_band_apex,9,11,0.0,,,False,,
esm2_top28_bilstm_attn,validation,1,unclassified,sequence_distal_ge21,shared_water_count,9,11,-0.0005253480264434,,,False,,
esm2_top28_bilstm_attn,validation,1,unclassified,sequence_distal_ge21,shared_water_fraction_of_band_contacts,9,11,-0.00017511602031227777,,,False,,
esm2_top28_bilstm_attn,validation,1,unclassified,sequence_distal_ge21,shared_water_fraction_of_query_contacts,9,11,-0.0002626740132217,,,False,,
esm2_top28_bilstm_attn,validation,1,unclassified,sequence_distal_ge21,shares_any_ecod_domain_with_band,9,11,0.0,,,False,,
esm2_top28_bilstm_attn,validation,1,unclassified,sequence_distal_ge21,shortest_nonlocal_contact_path_edges,9,11,0.30703728581652223,,,False,,
esm2_top28_bilstm_attn,validation,1,unclassified,sequence_distal_ge21,shortest_ordinary_contact_path_edges,9,11,0.33696464256004055,,,False,,
esm2_top28_bilstm_attn,validation,1,unclassified,sequence_distal_ge21,torsion_change_from_previous,9,11,12.36796693896401,,,False,,
esm2_top28_bilstm_attn,validation,1,unclassified,sequence_distal_ge21,water_path_at_most_1,9,11,-0.0005253480264434,,,False,,
esm2_top28_bilstm_attn,validation,1,unclassified,sequence_distal_ge21,water_path_at_most_2,9,11,0.004412923548600556,,,False,,
esm2_top28_bilstm_attn,validation,1,unclassified,sequence_distal_ge21,water_path_at_most_3,9,11,0.004412923548600556,,,False,,
esm2_top28_bilstm_attn,validation,1,unclassified,sequence_distal_ge21,water_path_exists,9,11,0.004412923548600556,,,False,,
esm2_top28_bilstm_attn,validation,1,unclassified,sequence_distal_ge21,water_path_without_direct_ca_contact,9,11,-0.0017599159575722664,,,False,,
esm2_top28_bilstm_attn,validation,1,unclassified,sequence_distal_ge21,water_path_without_direct_polar_contact,9,11,0.004412923548600556,,,False,,
esm2_top28_bilstm_attn,validation,1,unclassified,sequence_distal_ge21_no_direct_ca,absolute_backbone_orientation_cosine,9,11,0.06290952235828212,,,False,,
esm2_top28_bilstm_attn,validation,1,unclassified,sequence_distal_ge21_no_direct_ca,absolute_sequence_separation,9,11,2.8180509337048374,,,False,,
esm2_top28_bilstm_attn,validation,1,unclassified,sequence_distal_ge21_no_direct_ca,band_water_contact_count,9,11,0.0,,,False,,
esm2_top28_bilstm_attn,validation,1,unclassified,sequence_distal_ge21_no_direct_ca,direct_ca_contact,9,11,0.0,,,False,,
esm2_top28_bilstm_attn,validation,1,unclassified,sequence_distal_ge21_no_direct_ca,direct_putative_polar_contact,9,11,-0.002846653331761,,,False,,
esm2_top28_bilstm_attn,validation,1,unclassified,sequence_distal_ge21_no_direct_ca,direct_putative_polar_contact_count,9,11,-0.002846653331761,,,False,,
esm2_top28_bilstm_attn,validation,1,unclassified,sequence_distal_ge21_no_direct_ca,disorder,9,11,0.059347079976851985,,,False,,
esm2_top28_bilstm_attn,validation,1,unclassified,sequence_distal_ge21_no_direct_ca,minimum_ca_distance_angstrom,9,11,2.4853002465801475,,,False,,
esm2_top28_bilstm_attn,validation,1,unclassified,sequence_distal_ge21_no_direct_ca,minimum_heavy_atom_distance_angstrom,9,11,2.5556458426110535,,,False,,
esm2_top28_bilstm_attn,validation,1,unclassified,sequence_distal_ge21_no_direct_ca,minimum_polar_atom_distance_angstrom,9,11,2.821478140206985,,,False,,
esm2_top28_bilstm_attn,validation,1,unclassified,sequence_distal_ge21_no_direct_ca,neq,9,11,0.4051344168094325,,,False,,
esm2_top28_bilstm_attn,validation,1,unclassified,sequence_distal_ge21_no_direct_ca,nonlocal_contact_path_exists,9,11,0.0,,,False,,
esm2_top28_bilstm_attn,validation,1,unclassified,sequence_distal_ge21_no_direct_ca,normalized_query_position,9,11,0.13841428164296893,,,False,,
esm2_top28_bilstm_attn,validation,1,unclassified,sequence_distal_ge21_no_direct_ca,one_water_bridge,9,11,-0.0005253480264434,,,False,,
esm2_top28_bilstm_attn,validation,1,unclassified,sequence_distal_ge21_no_direct_ca,ordinary_contact_path_exists,9,11,0.0,,,False,,
esm2_top28_bilstm_attn,validation,1,unclassified,sequence_distal_ge21_no_direct_ca,query_distance_to_band_domain_boundary_sequence,9,11,-4.045703122645249,,,False,,
esm2_top28_bilstm_attn,validation,1,unclassified,sequence_distal_ge21_no_direct_ca,query_distance_to_community_boundary_edges,9,11,0.017689569496814092,,,False,,
esm2_top28_bilstm_attn,validation,1,unclassified,sequence_distal_ge21_no_direct_ca,query_distance_to_ecod_boundary_sequence,9,11,-4.045703122645249,,,False,,
esm2_top28_bilstm_attn,validation,1,unclassified,sequence_distal_ge21_no_direct_ca,query_in_any_band,9,11,0.604985125403075,,,False,,
esm2_top28_bilstm_attn,validation,1,unclassified,sequence_distal_ge21_no_direct_ca,query_to_band_contact_count,9,11,0.0,,,False,,
esm2_top28_bilstm_attn,validation,1,unclassified,sequence_distal_ge21_no_direct_ca,query_to_band_contact_fraction,9,11,0.0,,,False,,
esm2_top28_bilstm_attn,validation,1,unclassified,sequence_distal_ge21_no_direct_ca,query_water_contact_count,9,11,0.1777689709891508,,,False,,
esm2_top28_bilstm_attn,validation,1,unclassified,sequence_distal_ge21_no_direct_ca,reachable_query_water_entry_count,9,11,-0.0030222269533960776,,,False,,
esm2_top28_bilstm_attn,validation,1,unclassified,sequence_distal_ge21_no_direct_ca,relative_backbone_orientation_cosine,9,11,-0.05909291406472526,,,False,,
esm2_top28_bilstm_attn,validation,1,unclassified,sequence_distal_ge21_no_direct_ca,rsa,9,11,0.1295822177455503,,,False,,
esm2_top28_bilstm_attn,validation,1,unclassified,sequence_distal_ge21_no_direct_ca,same_community_as_band_apex,9,11,0.06064996385463964,,,False,,
esm2_top28_bilstm_attn,validation,1,unclassified,sequence_distal_ge21_no_direct_ca,same_community_as_band_majority,9,10,0.08346483235557876,,,False,,
esm2_top28_bilstm_attn,validation,1,unclassified,sequence_distal_ge21_no_direct_ca,same_ecod_domain_as_band_apex,9,11,0.0,,,False,,
esm2_top28_bilstm_attn,validation,1,unclassified,sequence_distal_ge21_no_direct_ca,shared_water_count,9,11,-0.0005253480264434,,,False,,
esm2_top28_bilstm_attn,validation,1,unclassified,sequence_distal_ge21_no_direct_ca,shared_water_fraction_of_band_contacts,9,11,-0.00017511602031227777,,,False,,
esm2_top28_bilstm_attn,validation,1,unclassified,sequence_distal_ge21_no_direct_ca,shared_water_fraction_of_query_contacts,9,11,-0.0002626740132217,,,False,,
esm2_top28_bilstm_attn,validation,1,unclassified,sequence_distal_ge21_no_direct_ca,shares_any_ecod_domain_with_band,9,11,0.0,,,False,,
esm2_top28_bilstm_attn,validation,1,unclassified,sequence_distal_ge21_no_direct_ca,shortest_nonlocal_contact_path_edges,9,11,0.36047428331257375,,,False,,
esm2_top28_bilstm_attn,validation,1,unclassified,sequence_distal_ge21_no_direct_ca,shortest_ordinary_contact_path_edges,9,11,0.4070444784046691,,,False,,
esm2_top28_bilstm_attn,validation,1,unclassified,sequence_distal_ge21_no_direct_ca,torsion_change_from_previous,9,11,8.661679699713623,,,False,,
esm2_top28_bilstm_attn,validation,1,unclassified,sequence_distal_ge21_no_direct_ca,water_path_at_most_1,9,11,-0.0005253480264434,,,False,,
esm2_top28_bilstm_attn,validation,1,unclassified,sequence_distal_ge21_no_direct_ca,water_path_at_most_2,9,11,-0.0017737874899197332,,,False,,
esm2_top28_bilstm_attn,validation,1,unclassified,sequence_distal_ge21_no_direct_ca,water_path_at_most_3,9,11,-0.0017737874899197332,,,False,,
esm2_top28_bilstm_attn,validation,1,unclassified,sequence_distal_ge21_no_direct_ca,water_path_exists,9,11,-0.0017737874899197332,,,False,,
esm2_top28_bilstm_attn,validation,1,unclassified,sequence_distal_ge21_no_direct_ca,water_path_without_direct_ca_contact,9,11,-0.0017737874899197332,,,False,,
esm2_top28_bilstm_attn,validation,1,unclassified,sequence_distal_ge21_no_direct_ca,water_path_without_direct_polar_contact,9,11,-0.0017737874899197332,,,False,,
esm2_top28_bilstm_attn,validation,1,evidence_dominated,all_eligible_queries,absolute_backbone_orientation_cosine,21,31,-0.04416054199933329,-0.13180574249688104,0.04348465849821446,True,0.38331031799316406,0.6446098432148972
esm2_top28_bilstm_attn,validation,1,evidence_dominated,all_eligible_queries,absolute_sequence_separation,22,32,-1.8115623699844556,-8.492803222933832,4.869678482964921,True,0.5234670639038086,0.7941976860165596
esm2_top28_bilstm_attn,validation,1,evidence_dominated,all_eligible_queries,band_water_contact_count,22,32,0.0,0.0,0.0,True,1.0,1.0
esm2_top28_bilstm_attn,validation,1,evidence_dominated,all_eligible_queries,direct_ca_contact,22,32,0.04902162851163014,-0.05176321009851666,0.14980646712177692,True,0.79052734375,1.0
esm2_top28_bilstm_attn,validation,1,evidence_dominated,all_eligible_queries,direct_putative_polar_contact,22,32,0.0701599732859794,-0.029395253808481583,0.16971520038044036,True,0.7744140625,1.0
esm2_top28_bilstm_attn,validation,1,evidence_dominated,all_eligible_queries,direct_putative_polar_contact_count,22,32,0.0770593239748407,-0.02319756729147636,0.17731621524115776,True,0.7744140625,1.0
esm2_top28_bilstm_attn,validation,1,evidence_dominated,all_eligible_queries,disorder,22,32,-0.026616988330993893,-0.058559569200070445,0.005325592538082659,True,0.28627872467041016,0.528918415146627
esm2_top28_bilstm_attn,validation,1,evidence_dominated,all_eligible_queries,mean_query_contact_water_degree,19,26,-0.012079844826407586,-0.17424440627272866,0.1500847166199135,True,0.629058837890625,0.9002448512775193
esm2_top28_bilstm_attn,validation,1,evidence_dominated,all_eligible_queries,minimum_ca_distance_angstrom,22,32,2.4529713141711755,-1.6518218975189751,6.557764525861327,True,0.13380050659179688,0.2861680438339973
esm2_top28_bilstm_attn,validation,1,evidence_dominated,all_eligible_queries,minimum_heavy_atom_distance_angstrom,22,32,2.3937808297284238,-1.8256348571107854,6.613196516567633,True,0.5234670639038086,0.7941976860165596
esm2_top28_bilstm_attn,validation,1,evidence_dominated,all_eligible_queries,minimum_polar_atom_distance_angstrom,22,32,2.3210081766565125,-1.8681411401597767,6.510157493472802,True,0.5234670639038086,0.7941976860165596
esm2_top28_bilstm_attn,validation,1,evidence_dominated,all_eligible_queries,neq,22,32,0.5456996940268998,0.24778612037584596,0.8436132676779535,True,0.007197380065917969,0.02439321481328568
esm2_top28_bilstm_attn,validation,1,evidence_dominated,all_eligible_queries,nonlocal_contact_path_exists,22,32,-0.013674055784940721,-0.07970384772691963,0.052355736157038195,True,0.79052734375,1.0
esm2_top28_bilstm_attn,validation,1,evidence_dominated,all_eligible_queries,normalized_query_position,22,32,-0.050868238116721164,-0.1114897149578324,0.009753238724390073,True,0.28627872467041016,0.528918415146627
esm2_top28_bilstm_attn,validation,1,evidence_dominated,all_eligible_queries,one_water_bridge,22,32,0.0006269678296077864,-0.00904213486366321,0.010296070522878783,True,0.6875,0.9557086614173228
esm2_top28_bilstm_attn,validation,1,evidence_dominated,all_eligible_queries,ordinary_contact_path_exists,22,32,0.0,0.0,0.0,True,1.0,1.0
esm2_top28_bilstm_attn,validation,1,evidence_dominated,all_eligible_queries,query_distance_to_band_domain_boundary_sequence,22,32,-1.5014796628064409,-7.510463663255361,4.50750433764248,True,0.13380050659179688,0.2861680438339973
esm2_top28_bilstm_attn,validation,1,evidence_dominated,all_eligible_queries,query_distance_to_community_boundary_edges,22,32,0.514659271545407,0.17107578609271074,0.8582427569981033,True,0.00012111663818359375,0.0005954645857026306
esm2_top28_bilstm_attn,validation,1,evidence_dominated,all_eligible_queries,query_distance_to_ecod_boundary_sequence,22,32,-1.263189925827505,-6.498669199131475,3.9722893474764653,True,0.13380050659179688,0.2861680438339973
esm2_top28_bilstm_attn,validation,1,evidence_dominated,all_eligible_queries,query_in_any_band,22,32,0.5150199478595113,0.32531306978999597,0.7047268259290267,True,0.0025768280029296875,0.009792954954382491
esm2_top28_bilstm_attn,validation,1,evidence_dominated,all_eligible_queries,query_to_band_contact_count,22,32,0.12774850505875884,-0.08160241784821506,0.3370994279657328,True,1.0,1.0
esm2_top28_bilstm_attn,validation,1,evidence_dominated,all_eligible_queries,query_to_band_contact_fraction,22,32,0.03432122570596327,-0.01684545748062373,0.08548790889255027,True,1.0,1.0
esm2_top28_bilstm_attn,validation,1,evidence_dominated,all_eligible_queries,query_water_contact_count,22,32,0.2812463732976547,-0.1135594395979379,0.6760521861932473,True,0.13380050659179688,0.2861680438339973
esm2_top28_bilstm_attn,validation,1,evidence_dominated,all_eligible_queries,reachable_query_water_entry_count,22,32,0.0038116894815584776,-0.007986155925111631,0.015609534888228586,True,1.0,1.0
esm2_top28_bilstm_attn,validation,1,evidence_dominated,all_eligible_queries,relative_backbone_orientation_cosine,21,31,0.07476915220884171,-0.11538144850658678,0.2649197529242702,True,0.6636238098144531,0.9379602901453188
esm2_top28_bilstm_attn,validation,1,evidence_dominated,all_eligible_queries,rsa,22,32,0.10694126368829045,0.06718142096009136,0.14670110641648954,True,0.00012111663818359375,0.0005954645857026306
esm2_top28_bilstm_attn,validation,1,evidence_dominated,all_eligible_queries,same_community_as_band_apex,22,32,0.005533079594551119,-0.13011290182890528,0.14117906101800753,True,0.143463134765625,0.30481992091339577
esm2_top28_bilstm_attn,validation,1,evidence_dominated,all_eligible_queries,same_community_as_band_majority,21,30,0.0073308467337029745,-0.13522832631037907,0.149890019777785,True,0.143463134765625,0.30481992091339577
esm2_top28_bilstm_attn,validation,1,evidence_dominated,all_eligible_queries,same_ecod_domain_as_band_apex,22,32,0.023705899754934243,-0.022009613909424054,0.06942141341929253,True,0.453125,0.7183418367346939
esm2_top28_bilstm_attn,validation,1,evidence_dominated,all_eligible_queries,shared_water_count,22,32,-2.23828777993363e-05,-0.010177404556436984,0.010132638800838312,True,0.6875,0.9557086614173228
esm2_top28_bilstm_attn,validation,1,evidence_dominated,all_eligible_queries,shared_water_fraction_of_band_contacts,22,32,0.0007425062281777137,-0.0021827234822691306,0.003667735938624558,True,0.6875,0.9557086614173228
esm2_top28_bilstm_attn,validation,1,evidence_dominated,all_eligible_queries,shared_water_fraction_of_query_contacts,22,32,0.0013983723276105313,-0.007666033516783044,0.010462778172004106,True,0.6875,0.9557086614173228
esm2_top28_bilstm_attn,validation,1,evidence_dominated,all_eligible_queries,shares_any_ecod_domain_with_band,22,32,0.014296522640594934,-0.029983375214532083,0.058576420495721954,True,1.0,1.0
esm2_top28_bilstm_attn,validation,1,evidence_dominated,all_eligible_queries,shortest_nonlocal_contact_path_edges,22,32,0.6016961812521473,-0.2701890850398444,1.473581447544139,True,0.13380050659179688,0.2861680438339973
esm2_top28_bilstm_attn,validation,1,evidence_dominated,all_eligible_queries,shortest_ordinary_contact_path_edges,22,32,0.3601198130226755,-0.2883279019509113,1.0085675279962623,True,0.8318119049072266,1.0
esm2_top28_bilstm_attn,validation,1,evidence_dominated,all_eligible_queries,torsion_change_from_previous,22,32,23.946913204795234,6.809531528181189,41.08429488140928,True,0.28627872467041016,0.528918415146627
esm2_top28_bilstm_attn,validation,1,evidence_dominated,all_eligible_queries,water_path_at_most_1,22,32,0.0006269678296077864,-0.00904213486366321,0.010296070522878783,True,0.6875,0.9557086614173228
esm2_top28_bilstm_attn,validation,1,evidence_dominated,all_eligible_queries,water_path_at_most_2,22,32,0.005024602720554255,-0.006364191232017893,0.016413396673126402,True,1.0,1.0
esm2_top28_bilstm_attn,validation,1,evidence_dominated,all_eligible_queries,water_path_at_most_3,22,32,0.004962395311401777,-0.007025336747382116,0.01695012737018567,True,1.0,1.0
esm2_top28_bilstm_attn,validation,1,evidence_dominated,all_eligible_queries,water_path_exists,22,32,0.004218369563517372,-0.006825476024696279,0.015262215151731023,True,1.0,1.0
esm2_top28_bilstm_attn,validation,1,evidence_dominated,all_eligible_queries,water_path_without_direct_ca_contact,22,32,-0.001169623084592091,-0.002853940790117334,0.0005146946209331521,True,0.5,0.7712470214455918
esm2_top28_bilstm_attn,validation,1,evidence_dominated,all_eligible_queries,water_path_without_direct_polar_contact,22,32,-0.0032419479456105185,-0.006590538894724074,0.00010664300350303729,True,0.0625,0.15804036458333334
esm2_top28_bilstm_attn,validation,-1,combined,all_eligible_queries,shortest_water_path_water_count,10,11,0.05833333730697632,-0.49524503704307976,0.6119117116570324,True,1.0,1.0
esm2_top28_bilstm_attn,validation,-1,combined,sequence_distal_ge21,shortest_water_path_water_count,7,7,-0.023809518132890974,,,False,,
esm2_top28_bilstm_attn,validation,1,evidence_dominated,sequence_distal_ge21,absolute_backbone_orientation_cosine,18,28,-0.016246814567208088,-0.10594428214515898,0.07345065301074281,True,0.8145294189453125,1.0
esm2_top28_bilstm_attn,validation,1,evidence_dominated,sequence_distal_ge21,absolute_sequence_separation,20,30,-2.4867469074349176,-10.266140774720467,5.292646959850632,True,0.5034446716308594,0.774962105984436
esm2_top28_bilstm_attn,validation,1,evidence_dominated,sequence_distal_ge21,band_water_contact_count,19,29,0.0,0.0,0.0,True,1.0,1.0
esm2_top28_bilstm_attn,validation,1,evidence_dominated,sequence_distal_ge21,direct_ca_contact,19,29,-0.006787448605824394,-0.051596541259361646,0.03802164404771286,True,0.75390625,1.0
esm2_top28_bilstm_attn,validation,1,evidence_dominated,sequence_distal_ge21,direct_putative_polar_contact,19,29,9.235430745378237e-05,-0.024084583464690015,0.024269292079597583,True,0.5078125,0.7777380717665615
esm2_top28_bilstm_attn,validation,1,evidence_dominated,sequence_distal_ge21,direct_putative_polar_contact_count,19,29,0.002776147158926937,-0.024433736387437604,0.02998603070529148,True,0.5078125,0.7777380717665615
esm2_top28_bilstm_attn,validation,1,evidence_dominated,sequence_distal_ge21,disorder,20,30,-0.04290207352582168,-0.10152846975000626,0.015724322698362915,True,0.11531829833984375,0.25800476425803753
esm2_top28_bilstm_attn,validation,1,evidence_dominated,sequence_distal_ge21,mean_query_contact_water_degree,16,23,-0.0694977615882332,-0.24587069152337362,0.10687516834690722,True,0.30175781249999994,0.5481886547006547
esm2_top28_bilstm_attn,validation,1,evidence_dominated,sequence_distal_ge21,minimum_ca_distance_angstrom,19,29,2.777665182711586,-2.100575324007022,7.6559056894301944,True,0.063568115234375,0.15887938196287807
esm2_top28_bilstm_attn,validation,1,evidence_dominated,sequence_distal_ge21,minimum_heavy_atom_distance_angstrom,19,29,2.6196691831799477,-2.4932871757498107,7.732625542109706,True,0.1670684814453125,0.3426050590990463
esm2_top28_bilstm_attn,validation,1,evidence_dominated,sequence_distal_ge21,minimum_polar_atom_distance_angstrom,19,29,2.6312173480527443,-2.452754952098007,7.715189648203496,True,0.1670684814453125,0.3426050590990463
esm2_top28_bilstm_attn,validation,1,evidence_dominated,sequence_distal_ge21,neq,20,30,0.6144820765332345,0.20453303428460656,1.0244311187818624,True,0.01181793212890625,0.03850742314485896
esm2_top28_bilstm_attn,validation,1,evidence_dominated,sequence_distal_ge21,nonlocal_contact_path_exists,19,29,0.007722334922256331,-0.11749550370561038,0.13294017355012303,True,0.5810546875,0.8516288325471698
esm2_top28_bilstm_attn,validation,1,evidence_dominated,sequence_distal_ge21,normalized_query_position,20,30,-0.08939315348783997,-0.18026951690618567,0.0014832099305057411,True,0.26317596435546875,0.494282130346538
esm2_top28_bilstm_attn,validation,1,evidence_dominated,sequence_distal_ge21,one_water_bridge,19,29,-0.0042991000457154056,-0.011352557592465756,0.002754357501034946,True,0.375,0.6365821678321678
esm2_top28_bilstm_attn,validation,1,evidence_dominated,sequence_distal_ge21,ordinary_contact_path_exists,19,29,0.0,0.0,0.0,True,1.0,1.0
esm2_top28_bilstm_attn,validation,1,evidence_dominated,sequence_distal_ge21,query_distance_to_band_domain_boundary_sequence,19,29,-2.4550906584276797,-10.401611553342534,5.491430236487174,True,0.063568115234375,0.15887938196287807
esm2_top28_bilstm_attn,validation,1,evidence_dominated,sequence_distal_ge21,query_distance_to_community_boundary_edges,18,28,0.32334729537821155,-0.040992805825177114,0.6876873965816002,True,0.007537841796875,0.02541404300265842
esm2_top28_bilstm_attn,validation,1,evidence_dominated,sequence_distal_ge21,query_distance_to_ecod_boundary_sequence,19,29,-2.21777939093342,-9.185628153820465,4.750069371953625,True,0.004425048828125,0.015681468657333487
esm2_top28_bilstm_attn,validation,1,evidence_dominated,sequence_distal_ge21,query_in_any_band,20,30,0.5452030541938115,0.34178516145180793,0.7486209469358152,True,0.002349853515625,0.009072396674639662
esm2_top28_bilstm_attn,validation,1,evidence_dominated,sequence_distal_ge21,query_to_band_contact_count,19,29,-0.0026015963307336755,-0.10844228752267228,0.10323909486120493,True,0.75390625,1.0
esm2_top28_bilstm_attn,validation,1,evidence_dominated,sequence_distal_ge21,query_to_band_contact_fraction,19,29,0.002103248230651773,-0.02200288363411401,0.026209380095417557,True,0.75390625,1.0
esm2_top28_bilstm_attn,validation,1,evidence_dominated,sequence_distal_ge21,query_water_contact_count,19,29,0.14994077128649952,-0.07148626505677527,0.3713678076297743,True,0.359283447265625,0.6308575538787013
esm2_top28_bilstm_attn,validation,1,evidence_dominated,sequence_distal_ge21,reachable_query_water_entry_count,19,29,-0.005030264045479846,-0.011611845196599841,0.0015513171056401494,True,0.375,0.6365821678321678
esm2_top28_bilstm_attn,validation,1,evidence_dominated,sequence_distal_ge21,relative_backbone_orientation_cosine,18,28,0.014808936740519772,-0.183334658839789,0.21295253232082856,True,0.8145294189453125,1.0
esm2_top28_bilstm_attn,validation,1,evidence_dominated,sequence_distal_ge21,rsa,20,30,0.07578876499857387,0.011807363500566645,0.13977016649658108,True,0.0004024505615234375,0.0018260724076600832
esm2_top28_bilstm_attn,validation,1,evidence_dominated,sequence_distal_ge21,same_community_as_band_apex,19,29,-0.02345634357223354,-0.161216331769771,0.11430364462530392,True,0.1795654296875,0.3606164058460445
esm2_top28_bilstm_attn,validation,1,evidence_dominated,sequence_distal_ge21,same_community_as_band_majority,18,27,-0.023245801766915486,-0.1693577671861595,0.12286616365232852,True,0.1795654296875,0.3606164058460445
esm2_top28_bilstm_attn,validation,1,evidence_dominated,sequence_distal_ge21,same_ecod_domain_as_band_apex,19,29,0.01974036289019544,-0.03313838829924402,0.07261911407963491,True,1.0,1.0
esm2_top28_bilstm_attn,validation,1,evidence_dominated,sequence_distal_ge21,shared_water_count,19,29,-0.005176293106598705,-0.013278032755939098,0.0029254465427416875,True,0.375,0.6365821678321678
esm2_top28_bilstm_attn,validation,1,evidence_dominated,sequence_distal_ge21,shared_water_fraction_of_band_contacts,19,29,-0.0006898243231939896,-0.002262328132229797,0.000882679485841818,True,0.375,0.6365821678321678
esm2_top28_bilstm_attn,validation,1,evidence_dominated,sequence_distal_ge21,shared_water_fraction_of_query_contacts,19,29,-0.003080776491519073,-0.008178409492374528,0.0020168565093363804,True,0.375,0.6365821678321678
esm2_top28_bilstm_attn,validation,1,evidence_dominated,sequence_distal_ge21,shares_any_ecod_domain_with_band,19,29,0.01796044069704108,-0.035534063588790556,0.07145494498287272,True,1.0,1.0
esm2_top28_bilstm_attn,validation,1,evidence_dominated,sequence_distal_ge21,shortest_nonlocal_contact_path_edges,18,28,0.5519466242698766,-0.4303125326387284,1.5342057811784815,True,0.09625244140625,0.2209482756630467
esm2_top28_bilstm_attn,validation,1,evidence_dominated,sequence_distal_ge21,shortest_ordinary_contact_path_edges,19,29,0.3098140913093699,-0.49182311995294303,1.1114513025716828,True,1.0,1.0
esm2_top28_bilstm_attn,validation,1,evidence_dominated,sequence_distal_ge21,torsion_change_from_previous,20,30,26.126603453349258,2.2610830880702224,49.99212381862829,True,0.26317596435546875,0.494282130346538
esm2_top28_bilstm_attn,validation,1,evidence_dominated,sequence_distal_ge21,water_path_at_most_1,19,29,-0.0042991000457154056,-0.011352557592465756,0.002754357501034946,True,0.375,0.6365821678321678
esm2_top28_bilstm_attn,validation,1,evidence_dominated,sequence_distal_ge21,water_path_at_most_2,19,29,-0.0045436137599392835,-0.01188374598167078,0.0027965184617922143,True,0.375,0.6365821678321678
esm2_top28_bilstm_attn,validation,1,evidence_dominated,sequence_distal_ge21,water_path_at_most_3,19,29,-0.004576894740979421,-0.010095914250633036,0.0009421247686741954,True,0.375,0.6365821678321678
esm2_top28_bilstm_attn,validation,1,evidence_dominated,sequence_distal_ge21,water_path_exists,19,29,-0.004554481041728953,-0.010055057350700818,0.0009460952672429119,True,0.375,0.6365821678321678
esm2_top28_bilstm_attn,validation,1,evidence_dominated,sequence_distal_ge21,water_path_without_direct_ca_contact,19,29,-0.0006119635145964948,-0.0028361506145367656,0.001612223585343776,True,1.0,1.0
esm2_top28_bilstm_attn,validation,1,evidence_dominated,sequence_distal_ge21,water_path_without_direct_polar_contact,19,29,-0.0030089505452510156,-0.006989030521690904,0.0009711294311888726,True,0.375,0.6365821678321678
esm2_top28_bilstm_attn,validation,1,evidence_dominated,sequence_distal_ge21_no_direct_ca,absolute_backbone_orientation_cosine,18,28,-0.026426415225881846,-0.119612293242404,0.0667594627906403,True,0.8145294189453125,1.0
esm2_top28_bilstm_attn,validation,1,evidence_dominated,sequence_distal_ge21_no_direct_ca,absolute_sequence_separation,19,29,-1.1736627281695113,-9.631827838804094,7.284502382465072,True,1.0,1.0
esm2_top28_bilstm_attn,validation,1,evidence_dominated,sequence_distal_ge21_no_direct_ca,band_water_contact_count,19,29,0.0,0.0,0.0,True,1.0,1.0
esm2_top28_bilstm_attn,validation,1,evidence_dominated,sequence_distal_ge21_no_direct_ca,direct_ca_contact,19,29,0.0,0.0,0.0,True,1.0,1.0
esm2_top28_bilstm_attn,validation,1,evidence_dominated,sequence_distal_ge21_no_direct_ca,direct_putative_polar_contact,19,29,-6.162948010111052e-05,-0.00019110821317412533,6.784925297190427e-05,True,1.0,1.0
esm2_top28_bilstm_attn,validation,1,evidence_dominated,sequence_distal_ge21_no_direct_ca,direct_putative_polar_contact_count,19,29,-6.162948010111052e-05,-0.00019110821317412533,6.784925297190427e-05,True,1.0,1.0
esm2_top28_bilstm_attn,validation,1,evidence_dominated,sequence_distal_ge21_no_direct_ca,disorder,19,29,-0.023096490769053884,-0.08734524552606923,0.04115226398796146,True,1.0,1.0
esm2_top28_bilstm_attn,validation,1,evidence_dominated,sequence_distal_ge21_no_direct_ca,mean_query_contact_water_degree,16,23,-0.07288262414901206,-0.2453309425657777,0.09956569426775358,True,0.1795654296875,0.3606164058460445
esm2_top28_bilstm_attn,validation,1,evidence_dominated,sequence_distal_ge21_no_direct_ca,minimum_ca_distance_angstrom,19,29,2.8334036465575525,-1.9028191637970475,7.569626456912152,True,0.359283447265625,0.6308575538787013
esm2_top28_bilstm_attn,validation,1,evidence_dominated,sequence_distal_ge21_no_direct_ca,minimum_heavy_atom_distance_angstrom,19,29,2.69972166941877,-2.3044361792204424,7.703879518057983,True,0.359283447265625,0.6308575538787013
esm2_top28_bilstm_attn,validation,1,evidence_dominated,sequence_distal_ge21_no_direct_ca,minimum_polar_atom_distance_angstrom,19,29,2.6639275915740233,-2.316740549753336,7.644595732901383,True,0.359283447265625,0.6308575538787013
esm2_top28_bilstm_attn,validation,1,evidence_dominated,sequence_distal_ge21_no_direct_ca,neq,19,29,0.49442008269655785,0.2338932346535751,0.7549469307395407,True,0.0192108154296875,0.0585673525344633
esm2_top28_bilstm_attn,validation,1,evidence_dominated,sequence_distal_ge21_no_direct_ca,nonlocal_contact_path_exists,19,29,0.005480804414478274,-0.12025333015898122,0.13121493898793776,True,0.5810546875,0.8516288325471698
esm2_top28_bilstm_attn,validation,1,evidence_dominated,sequence_distal_ge21_no_direct_ca,normalized_query_position,19,29,-0.11832276182284392,-0.21010110359309117,-0.026544420052596662,True,0.063568115234375,0.15887938196287807
esm2_top28_bilstm_attn,validation,1,evidence_dominated,sequence_distal_ge21_no_direct_ca,one_water_bridge,19,29,-0.00041771094713892107,-0.0012952890824330069,0.0004598671881551648,True,1.0,1.0
esm2_top28_bilstm_attn,validation,1,evidence_dominated,sequence_distal_ge21_no_direct_ca,ordinary_contact_path_exists,19,29,0.0,0.0,0.0,True,1.0,1.0
esm2_top28_bilstm_attn,validation,1,evidence_dominated,sequence_distal_ge21_no_direct_ca,query_distance_to_band_domain_boundary_sequence,19,29,-2.261134288783061,-9.881202785681435,5.358934208115313,True,0.063568115234375,0.15887938196287807
esm2_top28_bilstm_attn,validation,1,evidence_dominated,sequence_distal_ge21_no_direct_ca,query_distance_to_community_boundary_edges,18,28,0.3470794895821541,-0.009921368262111818,0.7040803474264201,True,0.007537841796875,0.02541404300265842
esm2_top28_bilstm_attn,validation,1,evidence_dominated,sequence_distal_ge21_no_direct_ca,query_distance_to_ecod_boundary_sequence,19,29,-2.0719714778606955,-8.806420374789699,4.662477419068309,True,0.004425048828125,0.015681468657333487
esm2_top28_bilstm_attn,validation,1,evidence_dominated,sequence_distal_ge21_no_direct_ca,query_in_any_band,19,29,0.5821679725941474,0.3754085438399919,0.788927401348303,True,0.002349853515625,0.009072396674639662
esm2_top28_bilstm_attn,validation,1,evidence_dominated,sequence_distal_ge21_no_direct_ca,query_to_band_contact_count,19,29,0.0,0.0,0.0,True,1.0,1.0
esm2_top28_bilstm_attn,validation,1,evidence_dominated,sequence_distal_ge21_no_direct_ca,query_to_band_contact_fraction,19,29,0.0,0.0,0.0,True,1.0,1.0
esm2_top28_bilstm_attn,validation,1,evidence_dominated,sequence_distal_ge21_no_direct_ca,query_water_contact_count,19,29,0.1441892055372895,-0.082021587417664,0.37039999849224303,True,0.359283447265625,0.6308575538787013
esm2_top28_bilstm_attn,validation,1,evidence_dominated,sequence_distal_ge21_no_direct_ca,reachable_query_water_entry_count,19,29,-0.00021456186982523687,-0.002880351716944633,0.0024512279772941595,True,1.0,1.0
esm2_top28_bilstm_attn,validation,1,evidence_dominated,sequence_distal_ge21_no_direct_ca,relative_backbone_orientation_cosine,18,28,0.005386840334783011,-0.1952079533227403,0.20598163399230632,True,0.8145294189453125,1.0
esm2_top28_bilstm_attn,validation,1,evidence_dominated,sequence_distal_ge21_no_direct_ca,rsa,19,29,0.0968780881092532,0.02542661568277091,0.1683295605357355,True,0.000728607177734375,0.003137372814102342
esm2_top28_bilstm_attn,validation,1,evidence_dominated,sequence_distal_ge21_no_direct_ca,same_community_as_band_apex,19,29,-0.0045273979031461315,-0.1348359828441267,0.12578118703783445,True,0.1795654296875,0.3606164058460445
esm2_top28_bilstm_attn,validation,1,evidence_dominated,sequence_distal_ge21_no_direct_ca,same_community_as_band_majority,18,27,-0.0034241752360242663,-0.14147797182803945,0.13462962135599094,True,0.1795654296875,0.3606164058460445
esm2_top28_bilstm_attn,validation,1,evidence_dominated,sequence_distal_ge21_no_direct_ca,same_ecod_domain_as_band_apex,19,29,0.017019264166279947,-0.03682654105338148,0.07086506938594136,True,1.0,1.0
esm2_top28_bilstm_attn,validation,1,evidence_dominated,sequence_distal_ge21_no_direct_ca,shared_water_count,19,29,-0.00041771094713892107,-0.0012952890824330069,0.0004598671881551648,True,1.0,1.0
esm2_top28_bilstm_attn,validation,1,evidence_dominated,sequence_distal_ge21_no_direct_ca,shared_water_fraction_of_band_contacts,19,29,-4.1771095414131576e-05,-0.0001295289104146887,4.598671958642553e-05,True,1.0,1.0
esm2_top28_bilstm_attn,validation,1,evidence_dominated,sequence_distal_ge21_no_direct_ca,shared_water_fraction_of_query_contacts,19,29,-0.00020885547356945788,-0.0006476445412164952,0.00022993359407757943,True,1.0,1.0
esm2_top28_bilstm_attn,validation,1,evidence_dominated,sequence_distal_ge21_no_direct_ca,shares_any_ecod_domain_with_band,19,29,0.017213926213788016,-0.03654976744706519,0.07097761987464123,True,1.0,1.0
esm2_top28_bilstm_attn,validation,1,evidence_dominated,sequence_distal_ge21_no_direct_ca,shortest_nonlocal_contact_path_edges,18,28,0.545461977348126,-0.3911878439753099,1.482111798671562,True,0.480682373046875,0.7528106197234123
esm2_top28_bilstm_attn,validation,1,evidence_dominated,sequence_distal_ge21_no_direct_ca,shortest_ordinary_contact_path_edges,19,29,0.3113905185396311,-0.43929265007055524,1.0620736871498175,True,0.359283447265625,0.6308575538787013
esm2_top28_bilstm_attn,validation,1,evidence_dominated,sequence_distal_ge21_no_direct_ca,torsion_change_from_previous,19,29,23.64930914403793,-0.1579362669182771,47.456554554994135,True,0.1670684814453125,0.3426050590990463
esm2_top28_bilstm_attn,validation,1,evidence_dominated,sequence_distal_ge21_no_direct_ca,water_path_at_most_1,19,29,-0.00041771094713892107,-0.0012952890824330069,0.0004598671881551648,True,1.0,1.0
esm2_top28_bilstm_attn,validation,1,evidence_dominated,sequence_distal_ge21_no_direct_ca,water_path_at_most_2,19,29,-0.0006025994014471053,-0.0018686137653833388,0.0006634149624891283,True,1.0,1.0
esm2_top28_bilstm_attn,validation,1,evidence_dominated,sequence_distal_ge21_no_direct_ca,water_path_at_most_3,19,29,-0.0006363814200275421,-0.0028408739481252014,0.0015681111080701174,True,1.0,1.0
esm2_top28_bilstm_attn,validation,1,evidence_dominated,sequence_distal_ge21_no_direct_ca,water_path_exists,19,29,-0.0006144687863270632,-0.0028365887417917414,0.0016076511691376148,True,1.0,1.0
esm2_top28_bilstm_attn,validation,1,evidence_dominated,sequence_distal_ge21_no_direct_ca,water_path_without_direct_ca_contact,19,29,-0.0006144687863270632,-0.0028365887417917414,0.0016076511691376148,True,1.0,1.0
esm2_top28_bilstm_attn,validation,1,evidence_dominated,sequence_distal_ge21_no_direct_ca,water_path_without_direct_polar_contact,19,29,-0.0006144687863270632,-0.0028365887417917414,0.0016076511691376148,True,1.0,1.0
esm2_top28_bilstm_attn,validation,1,unclassified,all_eligible_queries,mean_query_contact_water_degree,8,10,-0.11359345016794073,,,False,,
esm2_top28_bilstm_attn,validation,1,unclassified,sequence_distal_ge21,mean_query_contact_water_degree,7,9,-0.10454760409063764,,,False,,
esm2_top28_bilstm_attn,validation,1,unclassified,sequence_distal_ge21_no_direct_ca,mean_query_contact_water_degree,7,9,-0.10736607973064695,,,False,,
esm2_top28_bilstm_attn,validation,1,combined,all_eligible_queries,shortest_water_path_water_count,16,17,0.546875,-0.07648052540989514,1.1702305254098953,True,0.34375,0.6096461187214612
esm2_top28_bilstm_attn,validation,1,evidence_dominated,all_eligible_queries,shortest_water_path_water_count,2,2,-1.5416666865348816,,,False,,
esm2_top28_bilstm_attn,validation,1,evidence_dominated,sequence_distal_ge21,shortest_water_path_water_count,2,2,-1.0833333730697632,,,False,,
esm2_top28_bilstm_attn,validation,1,evidence_dominated,sequence_distal_ge21_no_direct_ca,shortest_water_path_water_count,1,1,-0.1666667461395263,,,False,,
esm2_top28_bilstm_attn,validation,1,combined,sequence_distal_ge21,shortest_water_path_water_count,12,13,0.4791666666666667,-0.323543771972097,1.2818771053054303,True,0.7265625,0.9915561314125088
esm2_top28_bilstm_attn,validation,1,combined,sequence_distal_ge21_no_direct_ca,shortest_water_path_water_count,7,7,0.5,,,False,,
esm2_top28_bilstm_attn,validation,1,unclassified,all_eligible_queries,shortest_water_path_water_count,1,1,1.0,,,False,,
esm2_top28_bilstm_attn,validation,-1,evidence_dominated,all_eligible_queries,shortest_water_path_water_count,3,3,-0.8333333333333334,,,False,,
esm2_top28_bilstm_attn,validation,-1,evidence_dominated,sequence_distal_ge21,shortest_water_path_water_count,3,3,-0.8333333333333334,,,False,,
esm2_top28_bilstm_attn,validation,-1,combined,sequence_distal_ge21_no_direct_ca,shortest_water_path_water_count,2,2,0.5,,,False,,
esm2_top28_bilstm_attn,validation,1,consultation_dominated,all_eligible_queries,mean_query_contact_water_degree,2,3,-0.12222225219011305,,,False,,
esm2_top28_bilstm_attn,validation,1,consultation_dominated,sequence_distal_ge21,mean_query_contact_water_degree,2,3,-0.12222225219011305,,,False,,
esm2_top28_bilstm_attn,validation,1,consultation_dominated,sequence_distal_ge21_no_direct_ca,mean_query_contact_water_degree,2,3,0.1937499977648258,,,False,,
esm2_top28_bilstm_attn,validation,-1,evidence_dominated,sequence_distal_ge21_no_direct_ca,shortest_water_path_water_count,1,1,2.0,,,False,,
