condition,split,sign,mechanism_class,receiver_scope,feature,n_proteins,n_bands,high_minus_low_macro_protein_mean,ci95_low,ci95_high,inference_eligible,protein_sign_p_two_sided,protein_sign_q_bh
esm3_frozen_bilstm_attn,test,-1,combined,all_eligible_queries,absolute_backbone_orientation_cosine,148,557,0.0036470106834933925,-0.013713848025501883,0.02100786939248867,True,0.9345249854171014,1.0
esm3_frozen_bilstm_attn,test,-1,combined,all_eligible_queries,absolute_sequence_separation,148,559,-0.6351616517650238,-2.8587013030800072,1.5883779995499596,True,0.285216687181283,0.5135666818329783
esm3_frozen_bilstm_attn,test,-1,combined,all_eligible_queries,band_water_contact_count,148,557,-0.003800675675675676,-0.011311697542213384,0.0037103461908620326,True,1.0,1.0
esm3_frozen_bilstm_attn,test,-1,combined,all_eligible_queries,direct_ca_contact,148,557,0.0921213915851343,0.0683722896461731,0.1158704935240955,True,8.921023429334677e-18,8.56418249216129e-17
esm3_frozen_bilstm_attn,test,-1,combined,all_eligible_queries,direct_putative_polar_contact,148,557,0.053553519769486954,0.03344436975122202,0.07366266978775189,True,3.0109103586376684e-11,2.0806913606772368e-10
esm3_frozen_bilstm_attn,test,-1,combined,all_eligible_queries,direct_putative_polar_contact_count,148,557,0.2934969462842902,0.22160176327044562,0.36539212929813475,True,1.3869287779064768e-17,1.312474271641041e-16
esm3_frozen_bilstm_attn,test,-1,combined,all_eligible_queries,disorder,148,559,-0.014369662693544507,-0.017874182397079566,-0.010865142990009447,True,2.797312157195774e-32,4.320022948851909e-31
esm3_frozen_bilstm_attn,test,-1,combined,all_eligible_queries,minimum_ca_distance_angstrom,148,557,-2.4696346765963604,-3.0270185221059753,-1.9122508310867454,True,2.0804836938185115e-15,1.7511559432330224e-14
esm3_frozen_bilstm_attn,test,-1,combined,all_eligible_queries,minimum_heavy_atom_distance_angstrom,148,557,-2.288546340866578,-2.8447037579013443,-1.7323889238318115,True,3.817657045442608e-14,3.0404300056977906e-13
esm3_frozen_bilstm_attn,test,-1,combined,all_eligible_queries,minimum_polar_atom_distance_angstrom,148,557,-2.083428628064565,-2.623623364271339,-1.5432338918577906,True,3.817657045442608e-14,3.0404300056977906e-13
esm3_frozen_bilstm_attn,test,-1,combined,all_eligible_queries,neq,148,559,-0.3786789832638648,-0.4211902894821983,-0.3361676770455313,True,5.605193857299268e-45,1.2443530363204375e-43
esm3_frozen_bilstm_attn,test,-1,combined,all_eligible_queries,nonlocal_contact_path_exists,148,557,0.004397210686302574,0.0007392367874604049,0.008055184585144743,True,1.52587890625e-05,6.609660823170732e-05
esm3_frozen_bilstm_attn,test,-1,combined,all_eligible_queries,normalized_query_position,148,559,-0.0060414484487866385,-0.02271365062947874,0.010630753731905463,True,0.4595410438306956,0.7355751700851839
esm3_frozen_bilstm_attn,test,-1,combined,all_eligible_queries,one_water_bridge,148,557,0.0089237090794105,-0.0004345705600708599,0.018281988718891858,True,0.52577336017565,0.7926769844413875
esm3_frozen_bilstm_attn,test,-1,combined,all_eligible_queries,ordinary_contact_path_exists,148,557,0.0,0.0,0.0,True,1.0,1.0
esm3_frozen_bilstm_attn,test,-1,combined,all_eligible_queries,query_distance_to_band_domain_boundary_sequence,148,557,0.31063046888641094,-1.9605535269844097,2.5818144647572314,True,0.3659440738175885,0.6195583175405501
esm3_frozen_bilstm_attn,test,-1,combined,all_eligible_queries,query_distance_to_community_boundary_edges,148,557,-0.3631747267849007,-0.45110339435705543,-0.275246059212746,True,2.9545137576578215e-11,2.0496939193751137e-10
esm3_frozen_bilstm_attn,test,-1,combined,all_eligible_queries,query_distance_to_ecod_boundary_sequence,148,557,0.7325172493330743,-1.4409730287611238,2.9060075274272723,True,0.2174455477829043,0.41794728664766023
esm3_frozen_bilstm_attn,test,-1,combined,all_eligible_queries,query_in_any_band,148,559,0.5911791354019496,0.5391408582706279,0.6432174125332712,True,1.8643680069333046e-30,2.7364608101764865e-29
esm3_frozen_bilstm_attn,test,-1,combined,all_eligible_queries,query_to_band_contact_count,148,557,0.4097398518667199,0.3232697018433305,0.49621000189010933,True,2.643235632987314e-19,2.6979232667732585e-18
esm3_frozen_bilstm_attn,test,-1,combined,all_eligible_queries,query_to_band_contact_fraction,148,557,0.07704646636989998,0.05989103595462659,0.09420189678517338,True,5.09476472849151e-21,5.620063452050262e-20
esm3_frozen_bilstm_attn,test,-1,combined,all_eligible_queries,query_water_contact_count,148,557,-0.2769663490522929,-0.3553968841415169,-0.1985358139630689,True,8.08924594039042e-08,4.288507698547279e-07
esm3_frozen_bilstm_attn,test,-1,combined,all_eligible_queries,reachable_query_water_entry_count,148,557,0.010290256442375125,-0.0021818104886257,0.02276232337337595,True,0.2604255258972435,0.47780551032386825
esm3_frozen_bilstm_attn,test,-1,combined,all_eligible_queries,relative_backbone_orientation_cosine,148,557,-0.02289416849513044,-0.06174795332019738,0.015959616329936494,True,0.6812170868939303,0.9457784663051898
esm3_frozen_bilstm_attn,test,-1,combined,all_eligible_queries,rsa,148,559,-0.14583473962545734,-0.164025286889252,-0.1276441923616627,True,9.191926693634371e-26,1.1915957524010688e-24
esm3_frozen_bilstm_attn,test,-1,combined,all_eligible_queries,same_community_as_band_apex,148,557,0.03752307612585334,0.009391465999441656,0.06565468625226502,True,0.06717037054890544,0.15255061137449624
esm3_frozen_bilstm_attn,test,-1,combined,all_eligible_queries,same_community_as_band_majority,144,506,0.03622779863698782,0.006552165543738029,0.06590343173023762,True,0.3271229672167788,0.5651462935573921
esm3_frozen_bilstm_attn,test,-1,combined,all_eligible_queries,same_ecod_domain_as_band_apex,148,557,0.0013418101592424928,-0.00894275260639059,0.011626372924875577,True,1.0,1.0
esm3_frozen_bilstm_attn,test,-1,combined,all_eligible_queries,shared_water_count,148,557,0.00898187867015066,-0.0004089278227793411,0.01837268516308066,True,0.52577336017565,0.7926769844413875
esm3_frozen_bilstm_attn,test,-1,combined,all_eligible_queries,shared_water_fraction_of_band_contacts,148,557,0.002182508609916664,-0.0031385613539041813,0.007503578573737509,True,0.6089207154048286,0.8944939541430733
esm3_frozen_bilstm_attn,test,-1,combined,all_eligible_queries,shared_water_fraction_of_query_contacts,148,557,0.007493835986777172,-0.00012125008846545875,0.015108922062019803,True,0.52577336017565,0.7926769844413875
esm3_frozen_bilstm_attn,test,-1,combined,all_eligible_queries,shares_any_ecod_domain_with_band,148,557,0.0013418101592424928,-0.00894275260639059,0.011626372924875577,True,1.0,1.0
esm3_frozen_bilstm_attn,test,-1,combined,all_eligible_queries,shortest_nonlocal_contact_path_edges,148,556,-0.4720281803043428,-0.5987747507177099,-0.34528160989097567,True,2.0804836938185115e-15,1.7511559432330224e-14
esm3_frozen_bilstm_attn,test,-1,combined,all_eligible_queries,shortest_ordinary_contact_path_edges,148,557,-0.4835382750227109,-0.6056282218418042,-0.3614483282036176,True,9.105896553265623e-15,7.452567870322465e-14
esm3_frozen_bilstm_attn,test,-1,combined,all_eligible_queries,torsion_change_from_previous,148,559,-41.30023991160672,-45.54622237478886,-37.05425744842457,True,8.35173884737591e-43,1.6855327491976836e-41
esm3_frozen_bilstm_attn,test,-1,combined,all_eligible_queries,water_path_at_most_1,148,557,0.0089237090794105,-0.0004345705600708599,0.018281988718891858,True,0.52577336017565,0.7926769844413875
esm3_frozen_bilstm_attn,test,-1,combined,all_eligible_queries,water_path_at_most_2,148,557,0.008037317224155346,-0.0033605081849404778,0.01943514263325117,True,0.3018724904870079,0.5329279752534057
esm3_frozen_bilstm_attn,test,-1,combined,all_eligible_queries,water_path_at_most_3,148,557,0.009069743900931002,-0.0023806465981755422,0.020520134400037547,True,0.17106097355391153,0.3394461329963652
esm3_frozen_bilstm_attn,test,-1,combined,all_eligible_queries,water_path_exists,148,557,0.00864566452739618,-0.0028316397121321106,0.02012296876692447,True,0.3081682319436807,0.5424249553339712
esm3_frozen_bilstm_attn,test,-1,combined,all_eligible_queries,water_path_without_direct_ca_contact,148,557,-0.008941239960896968,-0.016719447867105226,-0.0011630320546887115,True,0.006600447966810918,0.02014157317707249
esm3_frozen_bilstm_attn,test,-1,combined,all_eligible_queries,water_path_without_direct_polar_contact,148,557,-0.006885210357417542,-0.015042292843302132,0.0012718721284670472,True,0.6089207154048286,0.8944939541430733
esm3_frozen_bilstm_attn,test,-1,combined,sequence_distal_ge21,absolute_backbone_orientation_cosine,145,550,-0.008040625898731906,-0.027592666767331915,0.011511414969868105,True,0.06732947143058453,0.15271665550538713
esm3_frozen_bilstm_attn,test,-1,combined,sequence_distal_ge21,absolute_sequence_separation,145,552,-0.821221553243183,-3.4164292348021243,1.773986128315758,True,0.40636805135936505,0.6713578225248673
esm3_frozen_bilstm_attn,test,-1,combined,sequence_distal_ge21,band_water_contact_count,145,550,0.0,0.0,0.0,True,1.0,1.0
esm3_frozen_bilstm_attn,test,-1,combined,sequence_distal_ge21,direct_ca_contact,145,550,0.03753830231282927,0.016503238545461946,0.0585733660801966,True,9.925611878636325e-09,5.70481770111913e-08
esm3_frozen_bilstm_attn,test,-1,combined,sequence_distal_ge21,direct_putative_polar_contact,145,550,0.00804530299876395,-0.0020376201154856007,0.018128226113013502,True,0.06273668035582848,0.1441401608175309
esm3_frozen_bilstm_attn,test,-1,combined,sequence_distal_ge21,direct_putative_polar_contact_count,145,550,0.011218969634951103,-0.00407741766209049,0.026515356931992695,True,0.06273668035582848,0.1441401608175309
esm3_frozen_bilstm_attn,test,-1,combined,sequence_distal_ge21,disorder,145,552,-0.015248549004682439,-0.018879069716227378,-0.0116180282931375,True,2.907347193787138e-30,4.2323349312835713e-29
esm3_frozen_bilstm_attn,test,-1,combined,sequence_distal_ge21,minimum_ca_distance_angstrom,145,550,-2.3937369101669823,-3.0891106526065424,-1.6983631677274222,True,2.9545137576578215e-11,2.0496939193751137e-10
esm3_frozen_bilstm_attn,test,-1,combined,sequence_distal_ge21,minimum_heavy_atom_distance_angstrom,145,550,-2.2797801610569643,-2.9715069722452307,-1.588053349868698,True,3.1877570240121074e-10,2.066224990746534e-09
esm3_frozen_bilstm_attn,test,-1,combined,sequence_distal_ge21,minimum_polar_atom_distance_angstrom,145,550,-2.163342060774434,-2.838415401265367,-1.488268720283501,True,3.1877570240121074e-10,2.066224990746534e-09
esm3_frozen_bilstm_attn,test,-1,combined,sequence_distal_ge21,neq,145,552,-0.3901270052391314,-0.4338202257393634,-0.3464337847388994,True,8.96831017167883e-44,1.919002272879711e-42
esm3_frozen_bilstm_attn,test,-1,combined,sequence_distal_ge21,nonlocal_contact_path_exists,145,550,0.006570638046905603,-0.0004326392603405376,0.013573915354151743,True,1.52587890625e-05,6.609660823170732e-05
esm3_frozen_bilstm_attn,test,-1,combined,sequence_distal_ge21,normalized_query_position,145,552,-0.008779268590468344,-0.031386317495738406,0.013827780314801714,True,1.0,1.0
esm3_frozen_bilstm_attn,test,-1,combined,sequence_distal_ge21,one_water_bridge,145,550,0.0022602000509111667,-0.005575133558673945,0.010095533660496278,True,0.6587380770236564,0.9285070038047728
esm3_frozen_bilstm_attn,test,-1,combined,sequence_distal_ge21,ordinary_contact_path_exists,145,550,0.0,0.0,0.0,True,1.0,1.0
esm3_frozen_bilstm_attn,test,-1,combined,sequence_distal_ge21,query_distance_to_band_domain_boundary_sequence,145,550,1.0110118794155922,-1.7548806662068301,3.7769044250380146,True,0.5065964185708862,0.7754729148753224
esm3_frozen_bilstm_attn,test,-1,combined,sequence_distal_ge21,query_distance_to_community_boundary_edges,145,550,-0.3839090382274375,-0.48296967732275253,-0.28484839913212245,True,1.0942877832555666e-10,7.306222191961979e-10
esm3_frozen_bilstm_attn,test,-1,combined,sequence_distal_ge21,query_distance_to_ecod_boundary_sequence,145,550,1.3037649025190168,-1.3766036762333183,3.9841334812713516,True,0.18374624131166653,0.36259258285502194
esm3_frozen_bilstm_attn,test,-1,combined,sequence_distal_ge21,query_in_any_band,145,552,0.6579301604833466,0.6023719930093786,0.7134883279573146,True,3.1876229928981844e-32,4.880360720161358e-31
esm3_frozen_bilstm_attn,test,-1,combined,sequence_distal_ge21,query_to_band_contact_count,145,550,0.07058645629596827,0.03615171951345611,0.10502119307848043,True,1.46756912668857e-07,7.62106072806696e-07
esm3_frozen_bilstm_attn,test,-1,combined,sequence_distal_ge21,query_to_band_contact_fraction,145,550,0.010312223886891252,0.0046211778606608574,0.016003269913121648,True,3.1385246161595734e-06,1.4824520527392027e-05
esm3_frozen_bilstm_attn,test,-1,combined,sequence_distal_ge21,query_water_contact_count,145,550,-0.2462064668195676,-0.32192438978699256,-0.17048854385214263,True,4.855921972764477e-10,3.0910815138457748e-09
esm3_frozen_bilstm_attn,test,-1,combined,sequence_distal_ge21,reachable_query_water_entry_count,145,550,0.0001109806056914309,-0.00964360723178589,0.009865568443168752,True,1.0,1.0
esm3_frozen_bilstm_attn,test,-1,combined,sequence_distal_ge21,relative_backbone_orientation_cosine,145,550,-0.012096968699886934,-0.05564497697241099,0.031451039572637125,True,1.0,1.0
esm3_frozen_bilstm_attn,test,-1,combined,sequence_distal_ge21,rsa,145,552,-0.14054696617120804,-0.15927033615718478,-0.12182359618523131,True,4.935136788675153e-28,6.847502294286775e-27
esm3_frozen_bilstm_attn,test,-1,combined,sequence_distal_ge21,same_community_as_band_apex,145,550,0.012872088268265325,-0.02081676801798446,0.04656094455451511,True,1.0,1.0
esm3_frozen_bilstm_attn,test,-1,combined,sequence_distal_ge21,same_community_as_band_majority,141,499,0.02217833956826582,-0.0104454003892816,0.054802079525813244,True,0.7117032769279408,0.9700575746922662
esm3_frozen_bilstm_attn,test,-1,combined,sequence_distal_ge21,same_ecod_domain_as_band_apex,145,550,0.004204929150388906,-0.008347434005356463,0.016757292306134274,True,0.7754496546815659,1.0
esm3_frozen_bilstm_attn,test,-1,combined,sequence_distal_ge21,shared_water_count,145,550,0.0023118394237583266,-0.005628950060647231,0.010252628908163884,True,0.6587380770236564,0.9285070038047728
esm3_frozen_bilstm_attn,test,-1,combined,sequence_distal_ge21,shared_water_fraction_of_band_contacts,145,550,-0.0004704468631131375,-0.0030578222358969187,0.0021169285096706435,True,0.6587380770236564,0.9285070038047728
esm3_frozen_bilstm_attn,test,-1,combined,sequence_distal_ge21,shared_water_fraction_of_query_contacts,145,550,0.0032691055860184243,-0.003842369453094398,0.010380580625131246,True,0.6587380770236564,0.9285070038047728
esm3_frozen_bilstm_attn,test,-1,combined,sequence_distal_ge21,shares_any_ecod_domain_with_band,145,550,0.004204929150388906,-0.008347434005356463,0.016757292306134274,True,0.7754496546815659,1.0
esm3_frozen_bilstm_attn,test,-1,combined,sequence_distal_ge21,shortest_nonlocal_contact_path_edges,145,549,-0.4784825339835283,-0.6341620853092859,-0.32280298265777074,True,1.2746973691979559e-08,7.255969640049903e-08
esm3_frozen_bilstm_attn,test,-1,combined,sequence_distal_ge21,shortest_ordinary_contact_path_edges,145,550,-0.49012291660644763,-0.6413925458280894,-0.33885328738480597,True,2.2533836638015286e-09,1.3752609577015515e-08
esm3_frozen_bilstm_attn,test,-1,combined,sequence_distal_ge21,torsion_change_from_previous,145,552,-41.44573341086731,-45.97528013521504,-36.91618668651959,True,6.546866425325545e-42,1.3064308731885582e-40
esm3_frozen_bilstm_attn,test,-1,combined,sequence_distal_ge21,water_path_at_most_1,145,550,0.0022602000509111667,-0.005575133558673945,0.010095533660496278,True,0.6587380770236564,0.9285070038047728
esm3_frozen_bilstm_attn,test,-1,combined,sequence_distal_ge21,water_path_at_most_2,145,550,0.0012047707025978104,-0.007843559294312156,0.010253100699507777,True,0.794843653982861,1.0
esm3_frozen_bilstm_attn,test,-1,combined,sequence_distal_ge21,water_path_at_most_3,145,550,0.0009784644445928383,-0.008097788729899538,0.010054717619085215,True,0.8974218269914307,1.0
esm3_frozen_bilstm_attn,test,-1,combined,sequence_distal_ge21,water_path_exists,145,550,0.0002083620421049045,-0.008964478124825172,0.009381202209034982,True,1.0,1.0
esm3_frozen_bilstm_attn,test,-1,combined,sequence_distal_ge21,water_path_without_direct_ca_contact,145,550,-0.004793977275952123,-0.009152046434295465,-0.00043590811760877996,True,0.03153949735315109,0.08048009669424762
esm3_frozen_bilstm_attn,test,-1,combined,sequence_distal_ge21,water_path_without_direct_polar_contact,145,550,-0.002916959728077735,-0.00890486209003151,0.003070942633876039,True,0.6834892282353371,0.9457784663051898
esm3_frozen_bilstm_attn,test,-1,combined,sequence_distal_ge21_no_direct_ca,absolute_backbone_orientation_cosine,144,548,-0.003551484257432354,-0.021817777365200564,0.014714808850335857,True,0.6770697943668327,0.942433613394048
esm3_frozen_bilstm_attn,test,-1,combined,sequence_distal_ge21_no_direct_ca,absolute_sequence_separation,144,548,-0.4323103485781139,-3.047231564360639,2.182610867204411,True,0.4533716994309739,0.7298272738189421
esm3_frozen_bilstm_attn,test,-1,combined,sequence_distal_ge21_no_direct_ca,band_water_contact_count,144,548,0.0,0.0,0.0,True,1.0,1.0
esm3_frozen_bilstm_attn,test,-1,combined,sequence_distal_ge21_no_direct_ca,direct_ca_contact,144,548,0.0,0.0,0.0,True,1.0,1.0
esm3_frozen_bilstm_attn,test,-1,combined,sequence_distal_ge21_no_direct_ca,direct_putative_polar_contact,144,548,0.0057768914957845256,-0.001936538839629973,0.013490321831199024,True,0.8505540192127228,1.0
esm3_frozen_bilstm_attn,test,-1,combined,sequence_distal_ge21_no_direct_ca,direct_putative_polar_contact_count,144,548,0.0057768914957845256,-0.001936538839629973,0.013490321831199024,True,0.8505540192127228,1.0
esm3_frozen_bilstm_attn,test,-1,combined,sequence_distal_ge21_no_direct_ca,disorder,144,548,-0.015243797359136965,-0.018805301806279203,-0.011682292911994727,True,3.581409356808509e-31,5.300485848076593e-30
esm3_frozen_bilstm_attn,test,-1,combined,sequence_distal_ge21_no_direct_ca,minimum_ca_distance_angstrom,144,548,-2.2162884957660247,-2.9086500462391407,-1.5239269452929087,True,4.855921972764477e-10,3.0910815138457748e-09
esm3_frozen_bilstm_attn,test,-1,combined,sequence_distal_ge21_no_direct_ca,minimum_heavy_atom_distance_angstrom,144,548,-2.140760011712772,-2.8258952655581777,-1.455624757867366,True,9.454907617706643e-08,4.982764370637092e-07
esm3_frozen_bilstm_attn,test,-1,combined,sequence_distal_ge21_no_direct_ca,minimum_polar_atom_distance_angstrom,144,548,-2.020376622538189,-2.694814783601191,-1.3459384614751873,True,4.444353010344193e-09,2.639856503803106e-08
esm3_frozen_bilstm_attn,test,-1,combined,sequence_distal_ge21_no_direct_ca,neq,144,548,-0.37855184157548244,-0.42083503198528405,-0.33626865116568083,True,1.793662034335766e-43,3.7041206662561864e-42
esm3_frozen_bilstm_attn,test,-1,combined,sequence_distal_ge21_no_direct_ca,nonlocal_contact_path_exists,144,548,0.006639076785640515,-0.0004157891287752931,0.013693942700056323,True,1.52587890625e-05,6.609660823170732e-05
esm3_frozen_bilstm_attn,test,-1,combined,sequence_distal_ge21_no_direct_ca,normalized_query_position,144,548,-0.006009592491217741,-0.028979427903202154,0.01696024292076667,True,1.0,1.0
esm3_frozen_bilstm_attn,test,-1,combined,sequence_distal_ge21_no_direct_ca,one_water_bridge,144,548,-0.0011826503062005427,-0.004239055727753576,0.001873755115352491,True,0.2295229434967041,0.4336518592022835
esm3_frozen_bilstm_attn,test,-1,combined,sequence_distal_ge21_no_direct_ca,ordinary_contact_path_exists,144,548,0.0,0.0,0.0,True,1.0,1.0
esm3_frozen_bilstm_attn,test,-1,combined,sequence_distal_ge21_no_direct_ca,query_distance_to_band_domain_boundary_sequence,144,548,1.1425888816904974,-1.668650574129456,3.953828337510451,True,0.21115264054329322,0.4071738215036794
esm3_frozen_bilstm_attn,test,-1,combined,sequence_distal_ge21_no_direct_ca,query_distance_to_community_boundary_edges,144,548,-0.38049057828145816,-0.48603857955150415,-0.27494257701141217,True,1.6944739220950857e-09,1.0449255852919696e-08
esm3_frozen_bilstm_attn,test,-1,combined,sequence_distal_ge21_no_direct_ca,query_distance_to_ecod_boundary_sequence,144,548,1.3106336012558546,-1.40310213098949,4.024369333501199,True,0.05490187249732853,0.12831323732861857
esm3_frozen_bilstm_attn,test,-1,combined,sequence_distal_ge21_no_direct_ca,query_in_any_band,144,548,0.6572331093992093,0.6016936449117919,0.7127725738866267,True,6.139234950382772e-32,9.31904382211949e-31
esm3_frozen_bilstm_attn,test,-1,combined,sequence_distal_ge21_no_direct_ca,query_to_band_contact_count,144,548,0.0,0.0,0.0,True,1.0,1.0
esm3_frozen_bilstm_attn,test,-1,combined,sequence_distal_ge21_no_direct_ca,query_to_band_contact_fraction,144,548,0.0,0.0,0.0,True,1.0,1.0
esm3_frozen_bilstm_attn,test,-1,combined,sequence_distal_ge21_no_direct_ca,query_water_contact_count,144,548,-0.23909890323488442,-0.3171726029394732,-0.16102520353029565,True,3.3871719969774525e-09,2.0186635794066965e-08
esm3_frozen_bilstm_attn,test,-1,combined,sequence_distal_ge21_no_direct_ca,reachable_query_water_entry_count,144,548,-0.006921119603973321,-0.013682285140269874,-0.00015995406767676645,True,0.04355852192384191,0.10568297122505906
esm3_frozen_bilstm_attn,test,-1,combined,sequence_distal_ge21_no_direct_ca,relative_backbone_orientation_cosine,144,548,-0.036399549948216314,-0.07730048658726256,0.004501386690829931,True,0.27861454634422095,0.5067306911128426
esm3_frozen_bilstm_attn,test,-1,combined,sequence_distal_ge21_no_direct_ca,rsa,144,548,-0.13207427439013716,-0.15173039558509105,-0.11241815319518329,True,9.874919036815883e-25,1.2527040149560719e-23
esm3_frozen_bilstm_attn,test,-1,combined,sequence_distal_ge21_no_direct_ca,same_community_as_band_apex,144,548,-0.003926037026687257,-0.0350151829895715,0.02716310893619699,True,0.8534084458955624,1.0
esm3_frozen_bilstm_attn,test,-1,combined,sequence_distal_ge21_no_direct_ca,same_community_as_band_majority,140,497,5.670880629623668e-06,-0.02859104082817366,0.028602382589432908,True,0.5046848075879908,0.7754729148753224
esm3_frozen_bilstm_attn,test,-1,combined,sequence_distal_ge21_no_direct_ca,same_ecod_domain_as_band_apex,144,548,0.002130520458400719,-0.010779956295467314,0.015040997212268752,True,0.2528697301676033,0.4653851199768533
esm3_frozen_bilstm_attn,test,-1,combined,sequence_distal_ge21_no_direct_ca,shared_water_count,144,548,-0.0012465037109611796,-0.0044386052172435825,0.0019455977953212232,True,0.2295229434967041,0.4336518592022835
esm3_frozen_bilstm_attn,test,-1,combined,sequence_distal_ge21_no_direct_ca,shared_water_fraction_of_band_contacts,144,548,-0.0010290919186362612,-0.003359606654874334,0.0013014228176018116,True,0.2295229434967041,0.4336518592022835
esm3_frozen_bilstm_attn,test,-1,combined,sequence_distal_ge21_no_direct_ca,shared_water_fraction_of_query_contacts,144,548,-0.0005976835505270972,-0.001830641261646955,0.0006352741605927605,True,0.2295229434967041,0.4336518592022835
esm3_frozen_bilstm_attn,test,-1,combined,sequence_distal_ge21_no_direct_ca,shares_any_ecod_domain_with_band,144,548,0.002130520458400719,-0.010779956295467314,0.015040997212268752,True,0.2528697301676033,0.4653851199768533
esm3_frozen_bilstm_attn,test,-1,combined,sequence_distal_ge21_no_direct_ca,shortest_nonlocal_contact_path_edges,144,547,-0.4112906986146847,-0.5638504895962996,-0.25873090763306983,True,2.874979961018759e-07,1.4588469745055188e-06
esm3_frozen_bilstm_attn,test,-1,combined,sequence_distal_ge21_no_direct_ca,shortest_ordinary_contact_path_edges,144,548,-0.4434743260677976,-0.5908931180354245,-0.2960555341001706,True,1.6065634901570444e-07,8.294351042206136e-07
esm3_frozen_bilstm_attn,test,-1,combined,sequence_distal_ge21_no_direct_ca,torsion_change_from_previous,144,548,-41.02703073726689,-45.531052226122874,-36.52300924841091,True,8.96831017167883e-44,1.919002272879711e-42
esm3_frozen_bilstm_attn,test,-1,combined,sequence_distal_ge21_no_direct_ca,water_path_at_most_1,144,548,-0.0011826503062005427,-0.004239055727753576,0.001873755115352491,True,0.2295229434967041,0.4336518592022835
esm3_frozen_bilstm_attn,test,-1,combined,sequence_distal_ge21_no_direct_ca,water_path_at_most_2,144,548,-0.005585888955922118,-0.011986140956480736,0.0008143630446364996,True,0.07295138851623051,0.16297064906267344
esm3_frozen_bilstm_attn,test,-1,combined,sequence_distal_ge21_no_direct_ca,water_path_at_most_3,144,548,-0.005381116866797013,-0.011783892692922512,0.0010216589593284872,True,0.10812902140605732,0.2313700506230817
esm3_frozen_bilstm_attn,test,-1,combined,sequence_distal_ge21_no_direct_ca,water_path_exists,144,548,-0.006178910042247274,-0.012672629743153929,0.0003148096586593806,True,0.04355852192384191,0.10568297122505906
esm3_frozen_bilstm_attn,test,-1,combined,sequence_distal_ge21_no_direct_ca,water_path_without_direct_ca_contact,144,548,-0.006178910042247274,-0.012672629743153929,0.0003148096586593806,True,0.04355852192384191,0.10568297122505906
esm3_frozen_bilstm_attn,test,-1,combined,sequence_distal_ge21_no_direct_ca,water_path_without_direct_polar_contact,144,548,-0.005850005916096478,-0.012349846727424025,0.0006498348952310691,True,0.11727520595741225,0.24795329259567161
esm3_frozen_bilstm_attn,test,1,combined,all_eligible_queries,absolute_backbone_orientation_cosine,200,969,-0.0001749622431119585,-0.01662556851628644,0.016275644030062524,True,0.9436515209907435,1.0
esm3_frozen_bilstm_attn,test,1,combined,all_eligible_queries,absolute_sequence_separation,204,1038,-1.3114310225753147,-3.0432915805403686,0.42042953538973915,True,0.0015651594811070717,0.0051860508179965665
esm3_frozen_bilstm_attn,test,1,combined,all_eligible_queries,band_water_contact_count,200,970,0.0,0.0,0.0,True,1.0,1.0
esm3_frozen_bilstm_attn,test,1,combined,all_eligible_queries,direct_ca_contact,200,970,0.09055171037023803,0.0678047010849945,0.11329871965548155,True,1.5673472118039113e-19,1.6090223399790443e-18
esm3_frozen_bilstm_attn,test,1,combined,all_eligible_queries,direct_putative_polar_contact,200,970,0.08103976854005758,0.06292151796022141,0.09915801911989375,True,2.5044824569704488e-25,3.22316003157936e-24
esm3_frozen_bilstm_attn,test,1,combined,all_eligible_queries,direct_putative_polar_contact_count,200,970,0.12608226674984194,0.09572220894582281,0.15644232455386106,True,5.917729069018047e-26,7.785101353019298e-25
esm3_frozen_bilstm_attn,test,1,combined,all_eligible_queries,disorder,204,1038,-0.03294890080009903,-0.044778569814868024,-0.02111923178533004,True,0.0798030469373801,0.1768130719569159
esm3_frozen_bilstm_attn,test,1,combined,all_eligible_queries,mean_query_contact_water_degree,183,902,-0.027485147817518457,-0.08153133916726739,0.026561043532230474,True,0.1325341922381054,0.27626845705971265
esm3_frozen_bilstm_attn,test,1,combined,all_eligible_queries,minimum_ca_distance_angstrom,200,970,0.3028110050002979,-0.3229589089886049,0.9285809189892007,True,0.008722501247447119,0.02527106397302787
esm3_frozen_bilstm_attn,test,1,combined,all_eligible_queries,minimum_heavy_atom_distance_angstrom,200,970,0.4517879113682816,-0.1675605460791167,1.0711363688156799,True,0.013130355940531638,0.03695643763927763
esm3_frozen_bilstm_attn,test,1,combined,all_eligible_queries,minimum_polar_atom_distance_angstrom,200,970,0.37539729837040525,-0.23249808650070214,0.9832926832415126,True,0.019396944540338436,0.05180296767464822
esm3_frozen_bilstm_attn,test,1,combined,all_eligible_queries,neq,204,1038,0.6333052943403469,0.5663273398627977,0.700283248817896,True,1.1491893327778618e-46,2.7580543986668684e-45
esm3_frozen_bilstm_attn,test,1,combined,all_eligible_queries,nonlocal_contact_path_exists,200,970,-0.03901564269446456,-0.055323150326841916,-0.0227081350620872,True,9.497885371464027e-17,8.476504733527695e-16
esm3_frozen_bilstm_attn,test,1,combined,all_eligible_queries,normalized_query_position,204,1038,-0.027763896961332524,-0.04303387643585593,-0.012493917486809118,True,0.0009527251059124084,0.0032728042323025863
esm3_frozen_bilstm_attn,test,1,combined,all_eligible_queries,one_water_bridge,200,970,0.008296357614051586,0.0009503824868475905,0.015642332741255583,True,0.9247750936572267,1.0
esm3_frozen_bilstm_attn,test,1,combined,all_eligible_queries,ordinary_contact_path_exists,200,970,0.0,0.0,0.0,True,1.0,1.0
esm3_frozen_bilstm_attn,test,1,combined,all_eligible_queries,query_distance_to_band_domain_boundary_sequence,200,966,2.862660135846886,1.0950237690014488,4.630296502692324,True,0.0008450699446919163,0.002966095299946331
esm3_frozen_bilstm_attn,test,1,combined,all_eligible_queries,query_distance_to_community_boundary_edges,198,965,0.4128577987610735,0.3350156926089213,0.4906999049132257,True,1.3893308731335343e-17,1.312474271641041e-16
esm3_frozen_bilstm_attn,test,1,combined,all_eligible_queries,query_distance_to_ecod_boundary_sequence,200,970,1.9971960063474667,0.26364680888659375,3.7307452038083397,True,0.055965740494264664,0.130611241941937
esm3_frozen_bilstm_attn,test,1,combined,all_eligible_queries,query_in_any_band,204,1038,0.4246732768342571,0.3844138045627849,0.4649327491057293,True,2.638496790073136e-36,4.2990553203393477e-35
esm3_frozen_bilstm_attn,test,1,combined,all_eligible_queries,query_to_band_contact_count,200,970,0.2319987119992397,0.17421420421295494,0.2897832197855244,True,2.8309418823858135e-24,3.5159110371448983e-23
esm3_frozen_bilstm_attn,test,1,combined,all_eligible_queries,query_to_band_contact_fraction,200,970,0.06410760629419959,0.04946384389299038,0.0787513686954088,True,6.054284435023474e-26,7.906183203383595e-25
esm3_frozen_bilstm_attn,test,1,combined,all_eligible_queries,query_water_contact_count,200,970,0.0900467913493018,0.022596087579594692,0.1574974951190089,True,0.6707043457315791,0.9357194956946461
esm3_frozen_bilstm_attn,test,1,combined,all_eligible_queries,reachable_query_water_entry_count,200,970,0.01283883205631105,0.003239576687141227,0.02243808742548087,True,0.3193082974752452,0.5548840864149075
esm3_frozen_bilstm_attn,test,1,combined,all_eligible_queries,relative_backbone_orientation_cosine,200,969,-0.0006409191461493013,-0.03746862122690508,0.03618678293460647,True,0.4367534895513279,0.7109754330368088
esm3_frozen_bilstm_attn,test,1,combined,all_eligible_queries,rsa,204,1038,0.11368219282930835,0.09730534864412897,0.13005903701448773,True,4.793260482996339e-29,6.865185982097983e-28
esm3_frozen_bilstm_attn,test,1,combined,all_eligible_queries,same_community_as_band_apex,200,970,0.02593359842389883,-0.0025906791516332253,0.05445787599943089,True,0.09983295689826419,0.21387615374103403
esm3_frozen_bilstm_attn,test,1,combined,all_eligible_queries,same_community_as_band_majority,198,897,0.022672221740737755,-0.0059965306074170055,0.051340974088892516,True,0.7650574199487117,1.0
esm3_frozen_bilstm_attn,test,1,combined,all_eligible_queries,same_ecod_domain_as_band_apex,200,963,-0.005878844948579801,-0.013226900629076666,0.0014692107319170629,True,0.0075081755341502,0.022448686445539993
esm3_frozen_bilstm_attn,test,1,combined,all_eligible_queries,shared_water_count,200,970,0.009069163088295777,0.0014591298236182717,0.016679196352973283,True,0.9247750936572267,1.0
esm3_frozen_bilstm_attn,test,1,combined,all_eligible_queries,shared_water_fraction_of_band_contacts,200,970,0.0031554702772197507,0.0005137371806240489,0.0057972033738154525,True,0.9247750936572267,1.0
esm3_frozen_bilstm_attn,test,1,combined,all_eligible_queries,shared_water_fraction_of_query_contacts,200,970,0.004271760532110551,-0.0011158581106812402,0.009659379174902342,True,0.6367997716142331,0.9127977355826294
esm3_frozen_bilstm_attn,test,1,combined,all_eligible_queries,shares_any_ecod_domain_with_band,200,966,-0.005382558743370866,-0.012554890300571785,0.001789772813830053,True,0.016348103897376145,0.04480591438540129
esm3_frozen_bilstm_attn,test,1,combined,all_eligible_queries,shortest_nonlocal_contact_path_edges,197,955,0.2743898231476117,0.1340720474519953,0.41470759884322805,True,2.1305934798711122e-07,1.0967924696379987e-06
esm3_frozen_bilstm_attn,test,1,combined,all_eligible_queries,shortest_ordinary_contact_path_edges,200,970,0.09473748254484801,-0.04338164804585745,0.23285661313555348,True,0.0008450699446919163,0.002966095299946331
esm3_frozen_bilstm_attn,test,1,combined,all_eligible_queries,torsion_change_from_previous,204,1038,21.205095098490453,17.776415287468694,24.633774909512212,True,2.2491438355402192e-24,2.8130136985348094e-23
esm3_frozen_bilstm_attn,test,1,combined,all_eligible_queries,water_path_at_most_1,200,970,0.008296357614051586,0.0009503824868475905,0.015642332741255583,True,0.9247750936572267,1.0
esm3_frozen_bilstm_attn,test,1,combined,all_eligible_queries,water_path_at_most_2,200,970,0.009910646459495017,0.0021882679752777334,0.0176330249437123,True,0.3633632605480971,0.6157759071883783
esm3_frozen_bilstm_attn,test,1,combined,all_eligible_queries,water_path_at_most_3,200,970,0.010274989488853975,0.002410483601322476,0.018139495376385473,True,0.17420540549297117,0.34491505034059844
esm3_frozen_bilstm_attn,test,1,combined,all_eligible_queries,water_path_exists,200,970,0.01049902279361377,0.0024258376335731663,0.018572207953654375,True,0.23908881247691446,0.4474412338872498
esm3_frozen_bilstm_attn,test,1,combined,all_eligible_queries,water_path_without_direct_ca_contact,200,970,0.0017660950746074978,-0.003066839838147771,0.006599029987362766,True,0.0002236893560948182,0.000831113590846019
esm3_frozen_bilstm_attn,test,1,combined,all_eligible_queries,water_path_without_direct_polar_contact,200,970,0.0016503670489014866,-0.003823839712350209,0.007124573810153183,True,0.0060160815152493306,0.01848539925792874
esm3_frozen_bilstm_attn,test,1,combined,sequence_distal_ge21,absolute_backbone_orientation_cosine,192,941,-0.00035275134344964383,-0.018746727661976027,0.018041224975076736,True,0.61354723759346,0.9005453669140372
esm3_frozen_bilstm_attn,test,1,combined,sequence_distal_ge21,absolute_sequence_separation,198,1016,-1.6690306822298637,-3.776725446018755,0.4386640815590279,True,0.005444076256877213,0.01681509466471988
esm3_frozen_bilstm_attn,test,1,combined,sequence_distal_ge21,band_water_contact_count,193,945,0.0,0.0,0.0,True,1.0,1.0
esm3_frozen_bilstm_attn,test,1,combined,sequence_distal_ge21,direct_ca_contact,193,945,0.01600560914557434,1.3491658158285708e-05,0.0319977266329904,True,1.0,1.0
esm3_frozen_bilstm_attn,test,1,combined,sequence_distal_ge21,direct_putative_polar_contact,193,945,0.0024916076527845008,-0.004923581544130615,0.009906796849699617,True,0.2502820046919219,0.4625398962880888
esm3_frozen_bilstm_attn,test,1,combined,sequence_distal_ge21,direct_putative_polar_contact_count,193,945,0.0019252520739697493,-0.005566168483715975,0.009416672631655474,True,0.0549088177757602,0.12831323732861857
esm3_frozen_bilstm_attn,test,1,combined,sequence_distal_ge21,disorder,198,1016,-0.03536873251958935,-0.04859554285743614,-0.02214192218174256,True,0.018789022465367216,0.050483061873664414
esm3_frozen_bilstm_attn,test,1,combined,sequence_distal_ge21,mean_query_contact_water_degree,176,871,-0.030715285251430084,-0.0827992496999495,0.021368679197089336,True,0.02584438758134155,0.06710472564979912
esm3_frozen_bilstm_attn,test,1,combined,sequence_distal_ge21,minimum_ca_distance_angstrom,193,945,1.0182300514296667,0.24859265698410538,1.7878674458752282,True,0.00016678949831036756,0.0006356612639468086
esm3_frozen_bilstm_attn,test,1,combined,sequence_distal_ge21,minimum_heavy_atom_distance_angstrom,193,945,1.1432623944102307,0.37519888795290024,1.9113259008675612,True,2.604349213905658e-05,0.00010883115773873996
esm3_frozen_bilstm_attn,test,1,combined,sequence_distal_ge21,minimum_polar_atom_distance_angstrom,193,945,0.9799871689651092,0.22299986846129372,1.7369744694689246,True,0.0002967526212958216,0.0010934287456875085
esm3_frozen_bilstm_attn,test,1,combined,sequence_distal_ge21,neq,198,1016,0.6562871263575644,0.5820969651939902,0.7304772875211385,True,4.1297423543581746e-40,7.72044465404223e-39
esm3_frozen_bilstm_attn,test,1,combined,sequence_distal_ge21,nonlocal_contact_path_exists,193,945,-0.03652004882089745,-0.05522731636675582,-0.017812781275039075,True,2.6418869265765717e-13,2.022409992068962e-12
esm3_frozen_bilstm_attn,test,1,combined,sequence_distal_ge21,normalized_query_position,198,1016,-0.03132393620404448,-0.052708761477805156,-0.009939110930283802,True,0.0034659860835590138,0.011051330851707016
esm3_frozen_bilstm_attn,test,1,combined,sequence_distal_ge21,one_water_bridge,193,945,0.0017344544572804297,-0.004008590479006259,0.007477499393567118,True,0.008045928133225093,0.023574094794578292
esm3_frozen_bilstm_attn,test,1,combined,sequence_distal_ge21,ordinary_contact_path_exists,193,945,0.0,0.0,0.0,True,1.0,1.0
esm3_frozen_bilstm_attn,test,1,combined,sequence_distal_ge21,query_distance_to_band_domain_boundary_sequence,193,941,3.057634297435071,0.8461420251980583,5.269126569672084,True,0.003871258022729052,0.012255533419548657
esm3_frozen_bilstm_attn,test,1,combined,sequence_distal_ge21,query_distance_to_community_boundary_edges,191,939,0.4358123106518648,0.3282684253928777,0.5433561959108519,True,1.8258472464730804e-12,1.3455206264465521e-11
esm3_frozen_bilstm_attn,test,1,combined,sequence_distal_ge21,query_distance_to_ecod_boundary_sequence,193,945,2.1949979969498186,0.04580629258525537,4.344189701314382,True,0.021014080254850215,0.055454690241625526
esm3_frozen_bilstm_attn,test,1,combined,sequence_distal_ge21,query_in_any_band,198,1016,0.4812537467426575,0.4387243752014395,0.5237831182838755,True,1.7533124457063382e-38,2.9656027653090063e-37
esm3_frozen_bilstm_attn,test,1,combined,sequence_distal_ge21,query_to_band_contact_count,193,945,0.03257745732235406,0.0026412428878787655,0.06251367175682934,True,0.9312017456335951,1.0
esm3_frozen_bilstm_attn,test,1,combined,sequence_distal_ge21,query_to_band_contact_fraction,193,945,0.007331392446186839,-9.534292924853922e-06,0.014672319185298533,True,0.6659501639012324,0.9298172099753056
esm3_frozen_bilstm_attn,test,1,combined,sequence_distal_ge21,query_water_contact_count,193,945,0.10148545784609225,0.029988241321838457,0.17298267437034603,True,0.7723417190395664,1.0
esm3_frozen_bilstm_attn,test,1,combined,sequence_distal_ge21,reachable_query_water_entry_count,193,945,0.0019008742799698807,-0.004741585157227683,0.008543333717167444,True,0.0077996161848893665,0.023048449824232136
esm3_frozen_bilstm_attn,test,1,combined,sequence_distal_ge21,relative_backbone_orientation_cosine,192,941,-0.02067824417315317,-0.062230926815159536,0.020874438468853194,True,0.8286634291730075,1.0
esm3_frozen_bilstm_attn,test,1,combined,sequence_distal_ge21,rsa,198,1016,0.11087519219356488,0.09364810945214956,0.12810227493498022,True,5.14050212845931e-23,6.127202537009217e-22
esm3_frozen_bilstm_attn,test,1,combined,sequence_distal_ge21,same_community_as_band_apex,193,945,0.021657819535119093,-0.009673513447430972,0.052989152517669155,True,0.017834406249420464,0.048063589528028444
esm3_frozen_bilstm_attn,test,1,combined,sequence_distal_ge21,same_community_as_band_majority,190,872,0.018639881085147643,-0.013299320204207446,0.05057908237450273,True,0.05486518238547441,0.12831323732861857
esm3_frozen_bilstm_attn,test,1,combined,sequence_distal_ge21,same_ecod_domain_as_band_apex,193,938,-0.007380761595835312,-0.018678323072572386,0.0039167998809017624,True,0.016348103897376145,0.04480591438540129
esm3_frozen_bilstm_attn,test,1,combined,sequence_distal_ge21,shared_water_count,193,945,0.0018183301362803593,-0.003984559944838836,0.007621220217399555,True,0.008045928133225093,0.023574094794578292
esm3_frozen_bilstm_attn,test,1,combined,sequence_distal_ge21,shared_water_fraction_of_band_contacts,193,945,0.0009219494897374666,-0.0008066347361160123,0.0026505337155909455,True,0.00610552107452477,0.018695526600613778
esm3_frozen_bilstm_attn,test,1,combined,sequence_distal_ge21,shared_water_fraction_of_query_contacts,193,945,0.0012474851176653753,-0.003441279793685,0.00593625002901575,True,0.011456340539425666,0.03271135176530544
esm3_frozen_bilstm_attn,test,1,combined,sequence_distal_ge21,shares_any_ecod_domain_with_band,193,941,-0.006165650340535331,-0.017512648027875825,0.005181347346805164,True,0.016348103897376145,0.04480591438540129
esm3_frozen_bilstm_attn,test,1,combined,sequence_distal_ge21,shortest_nonlocal_contact_path_edges,189,929,0.37042028306229463,0.19520326004779862,0.5456373060767906,True,1.3409935847820256e-09,8.327288834170899e-09
esm3_frozen_bilstm_attn,test,1,combined,sequence_distal_ge21,shortest_ordinary_contact_path_edges,193,945,0.21623370800598335,0.04691010268870846,0.38555731332325827,True,6.771563217990256e-06,3.0679327232527285e-05
esm3_frozen_bilstm_attn,test,1,combined,sequence_distal_ge21,torsion_change_from_previous,198,1016,20.629075766571678,16.38340930361251,24.874742229530845,True,5.780190494108585e-15,4.7526010729337254e-14
esm3_frozen_bilstm_attn,test,1,combined,sequence_distal_ge21,water_path_at_most_1,193,945,0.0017344544572804297,-0.004008590479006259,0.007477499393567118,True,0.008045928133225093,0.023574094794578292
esm3_frozen_bilstm_attn,test,1,combined,sequence_distal_ge21,water_path_at_most_2,193,945,0.002455698339010986,-0.003594425197789024,0.008505821875810997,True,0.0165058557016076,0.045050423814447155
esm3_frozen_bilstm_attn,test,1,combined,sequence_distal_ge21,water_path_at_most_3,193,945,0.002847594070032817,-0.0032910457840625335,0.008986233924128168,True,0.023645635749768138,0.06193901045956964
esm3_frozen_bilstm_attn,test,1,combined,sequence_distal_ge21,water_path_exists,193,945,0.002566520261351143,-0.003531151115106489,0.008664191637808776,True,0.013836195066747886,0.03856248637007369
esm3_frozen_bilstm_attn,test,1,combined,sequence_distal_ge21,water_path_without_direct_ca_contact,193,945,0.0004304161617312622,-0.003678678444571203,0.004539510768033728,True,1.1296023055413025e-05,4.9535152954107495e-05
esm3_frozen_bilstm_attn,test,1,combined,sequence_distal_ge21,water_path_without_direct_polar_contact,193,945,0.0026377733845800674,-0.0021639990493565087,0.007439545818516644,True,0.008780930806975229,0.02535761481819188
esm3_frozen_bilstm_attn,test,1,combined,sequence_distal_ge21_no_direct_ca,absolute_backbone_orientation_cosine,191,937,-0.0030905005372683044,-0.02222326956365062,0.016042268489114008,True,0.3852883963184292,0.6461493785283572
esm3_frozen_bilstm_attn,test,1,combined,sequence_distal_ge21_no_direct_ca,absolute_sequence_separation,192,941,-1.1750703491308647,-3.4229116208189234,1.0727709225571942,True,0.07091955904416077,0.15923278996514478
esm3_frozen_bilstm_attn,test,1,combined,sequence_distal_ge21_no_direct_ca,band_water_contact_count,192,941,0.0,0.0,0.0,True,1.0,1.0
esm3_frozen_bilstm_attn,test,1,combined,sequence_distal_ge21_no_direct_ca,direct_ca_contact,192,941,0.0,0.0,0.0,True,1.0,1.0
esm3_frozen_bilstm_attn,test,1,combined,sequence_distal_ge21_no_direct_ca,direct_putative_polar_contact,192,941,8.188396385671902e-05,-0.0032296652626102934,0.003393433190323731,True,0.03961701489849968,0.09731648472992453
esm3_frozen_bilstm_attn,test,1,combined,sequence_distal_ge21_no_direct_ca,direct_putative_polar_contact_count,192,941,1.8599096795630758e-05,-0.003306312269578014,0.0033435104631692756,True,0.03961701489849968,0.09731648472992453
esm3_frozen_bilstm_attn,test,1,combined,sequence_distal_ge21_no_direct_ca,disorder,192,941,-0.018814298090207446,-0.03348008490732725,-0.00414851127308764,True,0.7183188542176949,0.9755041372890656
esm3_frozen_bilstm_attn,test,1,combined,sequence_distal_ge21_no_direct_ca,mean_query_contact_water_degree,176,864,-0.035824715638034396,-0.08923219866093055,0.017582767384861753,True,0.016513415486038907,0.045050423814447155
esm3_frozen_bilstm_attn,test,1,combined,sequence_distal_ge21_no_direct_ca,minimum_ca_distance_angstrom,192,941,1.184498990184242,0.4383881346069557,1.9306098457615284,True,0.00021459976635164886,0.0008006915652111941
esm3_frozen_bilstm_attn,test,1,combined,sequence_distal_ge21_no_direct_ca,minimum_heavy_atom_distance_angstrom,192,941,1.2899262508443636,0.5391997976332578,2.0406527040554696,True,1.7807035577043082e-05,7.638960189572104e-05
esm3_frozen_bilstm_attn,test,1,combined,sequence_distal_ge21_no_direct_ca,minimum_polar_atom_distance_angstrom,192,941,1.122116781081923,0.3830807208173368,1.8611528413465093,True,0.0006550303498023465,0.002326667802497935
esm3_frozen_bilstm_attn,test,1,combined,sequence_distal_ge21_no_direct_ca,neq,192,941,0.6331540335995913,0.5598795999026936,0.706428467296489,True,1.7533124457063382e-38,2.9656027653090063e-37
esm3_frozen_bilstm_attn,test,1,combined,sequence_distal_ge21_no_direct_ca,nonlocal_contact_path_exists,192,941,-0.041055499263163965,-0.06131298178966353,-0.020798016736664402,True,4.246281288380078e-13,3.209104497090646e-12
esm3_frozen_bilstm_attn,test,1,combined,sequence_distal_ge21_no_direct_ca,normalized_query_position,192,941,-0.037472775339673976,-0.06016392855294396,-0.014781622126403996,True,0.0018388607962488929,0.006081595482566171
esm3_frozen_bilstm_attn,test,1,combined,sequence_distal_ge21_no_direct_ca,one_water_bridge,192,941,0.00035312933657806277,-0.0036227963046356667,0.0043290549777917926,True,0.0020881073339964478,0.006829610727767387
esm3_frozen_bilstm_attn,test,1,combined,sequence_distal_ge21_no_direct_ca,ordinary_contact_path_exists,192,941,0.0,0.0,0.0,True,1.0,1.0
esm3_frozen_bilstm_attn,test,1,combined,sequence_distal_ge21_no_direct_ca,query_distance_to_band_domain_boundary_sequence,192,937,3.094369758222998,0.8348742694850806,5.353865246960916,True,0.017012063582441155,0.045986948131530425
esm3_frozen_bilstm_attn,test,1,combined,sequence_distal_ge21_no_direct_ca,query_distance_to_community_boundary_edges,189,933,0.4460501738735795,0.3374894186738072,0.5546109290733517,True,2.820354163765338e-13,2.1497635171018197e-12
esm3_frozen_bilstm_attn,test,1,combined,sequence_distal_ge21_no_direct_ca,query_distance_to_ecod_boundary_sequence,192,941,2.1789375465858143,-0.029156497323773678,4.387031590495402,True,0.09668353137621126,0.20788129748686587
esm3_frozen_bilstm_attn,test,1,combined,sequence_distal_ge21_no_direct_ca,query_in_any_band,192,941,0.47544450297179025,0.4318998317463019,0.5189891741972785,True,1.3669414414945156e-36,2.247859259346537e-35
esm3_frozen_bilstm_attn,test,1,combined,sequence_distal_ge21_no_direct_ca,query_to_band_contact_count,192,941,0.0,0.0,0.0,True,1.0,1.0
esm3_frozen_bilstm_attn,test,1,combined,sequence_distal_ge21_no_direct_ca,query_to_band_contact_fraction,192,941,0.0,0.0,0.0,True,1.0,1.0
esm3_frozen_bilstm_attn,test,1,combined,sequence_distal_ge21_no_direct_ca,query_water_contact_count,192,941,0.11094950902226636,0.037662895696927004,0.18423612234760572,True,1.0,1.0
esm3_frozen_bilstm_attn,test,1,combined,sequence_distal_ge21_no_direct_ca,reachable_query_water_entry_count,192,941,-0.0003573067801502343,-0.0049662081288012715,0.004251594568500803,True,3.2317126198897614e-05,0.000134415026063799
esm3_frozen_bilstm_attn,test,1,combined,sequence_distal_ge21_no_direct_ca,relative_backbone_orientation_cosine,191,937,-0.011272537496587052,-0.052513329500237446,0.029968254507063346,True,1.0,1.0
esm3_frozen_bilstm_attn,test,1,combined,sequence_distal_ge21_no_direct_ca,rsa,192,941,0.12266305245644604,0.1040436726631854,0.14128243224970669,True,5.689733559041948e-27,7.59771939914173e-26
esm3_frozen_bilstm_attn,test,1,combined,sequence_distal_ge21_no_direct_ca,same_community_as_band_apex,192,941,0.012035944495971685,-0.016487801356017497,0.04055969034796087,True,0.0013880533620919003,0.0046338022012692
esm3_frozen_bilstm_attn,test,1,combined,sequence_distal_ge21_no_direct_ca,same_community_as_band_majority,189,868,0.009692192119395966,-0.019126962013529453,0.03851134625232139,True,0.006103457241000203,0.018695526600613778
esm3_frozen_bilstm_attn,test,1,combined,sequence_distal_ge21_no_direct_ca,same_ecod_domain_as_band_apex,192,934,-0.007977103595995962,-0.019277308658917833,0.0033231014669259096,True,0.016348103897376145,0.04480591438540129
esm3_frozen_bilstm_attn,test,1,combined,sequence_distal_ge21_no_direct_ca,shared_water_count,192,941,0.0004574710153498294,-0.0035471472638826927,0.004462089294582351,True,0.0020881073339964478,0.006829610727767387
esm3_frozen_bilstm_attn,test,1,combined,sequence_distal_ge21_no_direct_ca,shared_water_fraction_of_band_contacts,192,941,0.00015364237587994927,-0.0011714989075169982,0.0014787836592768965,True,0.00551520148550111,0.016975732821923693
esm3_frozen_bilstm_attn,test,1,combined,sequence_distal_ge21_no_direct_ca,shared_water_fraction_of_query_contacts,192,941,0.0014099088353189384,-0.0022125000709268105,0.005032317741564687,True,0.0007172696733945829,0.0025426565667640306
esm3_frozen_bilstm_attn,test,1,combined,sequence_distal_ge21_no_direct_ca,shares_any_ecod_domain_with_band,192,937,-0.006907884089732699,-0.018238139084165564,0.004422370904700165,True,0.016348103897376145,0.04480591438540129
esm3_frozen_bilstm_attn,test,1,combined,sequence_distal_ge21_no_direct_ca,shortest_nonlocal_contact_path_edges,186,923,0.43589071508619776,0.2785657389160682,0.5932156912563273,True,3.2212119772068427e-10,2.080317262370674e-09
esm3_frozen_bilstm_attn,test,1,combined,sequence_distal_ge21_no_direct_ca,shortest_ordinary_contact_path_edges,192,941,0.24633683059797573,0.08164807393723322,0.41102558725871824,True,1.0370122869690992e-06,5.144507881723799e-06
esm3_frozen_bilstm_attn,test,1,combined,sequence_distal_ge21_no_direct_ca,torsion_change_from_previous,192,941,21.728913311407435,17.039838553122465,26.417988069692406,True,1.425944673485655e-16,1.25993917418434e-15
esm3_frozen_bilstm_attn,test,1,combined,sequence_distal_ge21_no_direct_ca,water_path_at_most_1,192,941,0.00035312933657806277,-0.0036227963046356667,0.0043290549777917926,True,0.0020881073339964478,0.006829610727767387
esm3_frozen_bilstm_attn,test,1,combined,sequence_distal_ge21_no_direct_ca,water_path_at_most_2,192,941,0.000251948925464723,-0.0038872859788143385,0.004391183829743785,True,2.568720337924735e-05,0.0001075954556640172
esm3_frozen_bilstm_attn,test,1,combined,sequence_distal_ge21_no_direct_ca,water_path_at_most_3,192,941,0.0007384709780770965,-0.0035694770652615173,0.00504641902141571,True,2.5291102564670602e-05,0.00010618675686726948
esm3_frozen_bilstm_attn,test,1,combined,sequence_distal_ge21_no_direct_ca,water_path_exists,192,941,0.000448254378341358,-0.0037966904921349167,0.004693199248817633,True,1.69358312158601e-05,7.282817491372284e-05
esm3_frozen_bilstm_attn,test,1,combined,sequence_distal_ge21_no_direct_ca,water_path_without_direct_ca_contact,192,941,0.000448254378341358,-0.0037966904921349167,0.004693199248817633,True,1.69358312158601e-05,7.282817491372284e-05
esm3_frozen_bilstm_attn,test,1,combined,sequence_distal_ge21_no_direct_ca,water_path_without_direct_polar_contact,192,941,0.0005885973562067744,-0.0036885496941879395,0.0048657444066014886,True,3.376813810738312e-05,0.00014012199364185147
esm3_frozen_bilstm_attn,test,-1,combined,all_eligible_queries,mean_query_contact_water_degree,138,523,0.013100567858311173,-0.04985925832811402,0.07606039404473636,True,0.5946154859354928,0.8808277360121319
esm3_frozen_bilstm_attn,test,-1,combined,sequence_distal_ge21,mean_query_contact_water_degree,129,507,0.017656288241702005,-0.044734025132538595,0.0800466016159426,True,0.4152851813125318,0.6822816669852512
esm3_frozen_bilstm_attn,test,-1,combined,sequence_distal_ge21_no_direct_ca,mean_query_contact_water_degree,126,503,0.005922416363873764,-0.05717899304752627,0.0690238257752738,True,0.4114232202639376,0.6765626288784751
esm3_frozen_bilstm_attn,test,-1,evidence_dominated,all_eligible_queries,absolute_backbone_orientation_cosine,80,173,-0.005232643948434286,-0.03359351590062148,0.0231282280037529,True,0.7375543089843226,0.9794097558298628
esm3_frozen_bilstm_attn,test,-1,evidence_dominated,all_eligible_queries,absolute_sequence_separation,80,174,-0.007275564165822868,-3.771396315263044,3.756845186931398,True,0.7375543089843226,0.9794097558298628
esm3_frozen_bilstm_attn,test,-1,evidence_dominated,all_eligible_queries,band_water_contact_count,80,173,-0.0006740196545918774,-0.002239375334997653,0.0008913360258138982,True,1.0,1.0
esm3_frozen_bilstm_attn,test,-1,evidence_dominated,all_eligible_queries,direct_ca_contact,80,173,0.0628932646045673,0.025096760633924915,0.1006897685752097,True,0.00042213032347520506,0.0015425997006007493
esm3_frozen_bilstm_attn,test,-1,evidence_dominated,all_eligible_queries,direct_putative_polar_contact,80,173,0.04512207696026452,0.012764486966456608,0.07747966695407243,True,0.11727520595741225,0.24795329259567161
esm3_frozen_bilstm_attn,test,-1,evidence_dominated,all_eligible_queries,direct_putative_polar_contact_count,80,173,0.23157439200847568,0.094575808616432,0.36857297540051936,True,0.02589608179323477,0.06714079016756927
esm3_frozen_bilstm_attn,test,-1,evidence_dominated,all_eligible_queries,disorder,80,174,-0.01391784537475647,-0.021663584523354498,-0.006172106226158441,True,5.375095844566712e-14,4.205361330374661e-13
esm3_frozen_bilstm_attn,test,-1,evidence_dominated,all_eligible_queries,mean_query_contact_water_degree,75,164,0.04005902932877315,-0.02762143264605322,0.10773949130359953,True,0.3355576182340152,0.5741332658801648
esm3_frozen_bilstm_attn,test,-1,evidence_dominated,all_eligible_queries,minimum_ca_distance_angstrom,80,173,-2.305766355436315,-3.2758582292998124,-1.3356744815728172,True,2.5291102564670602e-05,0.00010618675686726948
esm3_frozen_bilstm_attn,test,-1,evidence_dominated,all_eligible_queries,minimum_heavy_atom_distance_angstrom,80,173,-2.289807405338243,-3.2430721442943478,-1.3365426663821385,True,8.580559867049611e-06,3.81931687315291e-05
esm3_frozen_bilstm_attn,test,-1,evidence_dominated,all_eligible_queries,minimum_polar_atom_distance_angstrom,80,173,-1.9571464543643766,-2.9223790394713958,-0.9919138692573576,True,0.0004515172719148108,0.001643226792870295
esm3_frozen_bilstm_attn,test,-1,evidence_dominated,all_eligible_queries,neq,80,174,-0.4069774318384651,-0.4757775104652744,-0.33817735321165576,True,1.3400325923359048e-22,1.5657222920977415e-21
esm3_frozen_bilstm_attn,test,-1,evidence_dominated,all_eligible_queries,nonlocal_contact_path_exists,80,173,0.008736309632658947,0.0030122137516574036,0.014460405513660492,True,3.814697265625e-06,1.778189591535433e-05
esm3_frozen_bilstm_attn,test,-1,evidence_dominated,all_eligible_queries,normalized_query_position,80,174,-0.011596618595043328,-0.03611520450000663,0.012921967309919973,True,0.911072121226093,1.0
esm3_frozen_bilstm_attn,test,-1,evidence_dominated,all_eligible_queries,one_water_bridge,80,173,-0.004367534234126897,-0.012734797105510405,0.0039997286372566105,True,1.0,1.0
esm3_frozen_bilstm_attn,test,-1,evidence_dominated,all_eligible_queries,ordinary_contact_path_exists,80,173,0.0,0.0,0.0,True,1.0,1.0
esm3_frozen_bilstm_attn,test,-1,evidence_dominated,all_eligible_queries,query_distance_to_band_domain_boundary_sequence,80,173,-1.2773819056146987,-4.749744726708139,2.194980915478741,True,0.7375543089843226,0.9794097558298628
esm3_frozen_bilstm_attn,test,-1,evidence_dominated,all_eligible_queries,query_distance_to_community_boundary_edges,80,173,-0.4184706864936928,-0.5562023653528367,-0.28073900763454884,True,8.580559867049611e-06,3.81931687315291e-05
esm3_frozen_bilstm_attn,test,-1,evidence_dominated,all_eligible_queries,query_distance_to_ecod_boundary_sequence,80,173,0.13247719796372454,-3.220714415173625,3.4856688111010743,True,1.0,1.0
esm3_frozen_bilstm_attn,test,-1,evidence_dominated,all_eligible_queries,query_in_any_band,80,174,0.4449729785214657,0.3627722008763087,0.5271737561666228,True,1.0271364278048329e-11,7.295290233490379e-11
esm3_frozen_bilstm_attn,test,-1,evidence_dominated,all_eligible_queries,query_to_band_contact_count,80,173,0.32920339387799796,0.18057669084447453,0.4778300969115214,True,5.85395552938811e-06,2.6658012872290468e-05
esm3_frozen_bilstm_attn,test,-1,evidence_dominated,all_eligible_queries,query_to_band_contact_fraction,80,173,0.07006492276410867,0.03846855464668761,0.10166129088152973,True,5.85395552938811e-06,2.6658012872290468e-05
esm3_frozen_bilstm_attn,test,-1,evidence_dominated,all_eligible_queries,query_water_contact_count,80,173,-0.24143351364484125,-0.33126852827550834,-0.15159849901417416,True,1.2967077325175125e-05,5.658361014621873e-05
esm3_frozen_bilstm_attn,test,-1,evidence_dominated,all_eligible_queries,reachable_query_water_entry_count,80,173,0.010319831729704883,-0.007683536036651223,0.02832319949606099,True,0.617719317029696,0.9029378658804444
esm3_frozen_bilstm_attn,test,-1,evidence_dominated,all_eligible_queries,relative_backbone_orientation_cosine,80,173,-0.00030580365462302695,-0.0697181283760722,0.06910652106682615,True,0.911072121226093,1.0
esm3_frozen_bilstm_attn,test,-1,evidence_dominated,all_eligible_queries,rsa,80,174,-0.11539889052385122,-0.14208859072780583,-0.08870919031989662,True,5.396645380673323e-16,4.675337656622353e-15
esm3_frozen_bilstm_attn,test,-1,evidence_dominated,all_eligible_queries,same_community_as_band_apex,80,173,0.03794232922662222,-0.014589196708496205,0.09047385516174064,True,0.47668779343427553,0.7505297173220509
esm3_frozen_bilstm_attn,test,-1,evidence_dominated,all_eligible_queries,same_community_as_band_majority,79,166,-0.008061874784272472,-0.06108449421608858,0.04496074464754364,True,1.0,1.0
esm3_frozen_bilstm_attn,test,-1,evidence_dominated,all_eligible_queries,same_ecod_domain_as_band_apex,80,173,-0.0029118313915367233,-0.019637012602744218,0.013813349819670771,True,0.8450189828872681,1.0
esm3_frozen_bilstm_attn,test,-1,evidence_dominated,all_eligible_queries,shared_water_count,80,173,-0.003811763677063576,-0.012312852738033002,0.004689325383905849,True,1.0,1.0
esm3_frozen_bilstm_attn,test,-1,evidence_dominated,all_eligible_queries,shared_water_fraction_of_band_contacts,80,173,-0.003478301246886889,-0.008295112967540836,0.001338510473767058,True,1.0,1.0
esm3_frozen_bilstm_attn,test,-1,evidence_dominated,all_eligible_queries,shared_water_fraction_of_query_contacts,80,173,-0.0044208402008790795,-0.01119833995363059,0.002356659551872431,True,1.0,1.0
esm3_frozen_bilstm_attn,test,-1,evidence_dominated,all_eligible_queries,shares_any_ecod_domain_with_band,80,173,-0.0029118313915367233,-0.019637012602744218,0.013813349819670771,True,0.8450189828872681,1.0
esm3_frozen_bilstm_attn,test,-1,evidence_dominated,all_eligible_queries,shortest_nonlocal_contact_path_edges,80,173,-0.4781926699870872,-0.6893349381342366,-0.2670504018399378,True,8.580559867049611e-06,3.81931687315291e-05
esm3_frozen_bilstm_attn,test,-1,evidence_dominated,all_eligible_queries,shortest_ordinary_contact_path_edges,80,173,-0.4279894503820195,-0.6366565605923986,-0.21932234017164048,True,0.002324541288088704,0.007506155141173707
esm3_frozen_bilstm_attn,test,-1,evidence_dominated,all_eligible_queries,torsion_change_from_previous,80,174,-32.217147347508174,-38.85215594798902,-25.58213874702733,True,1.4128410298528223e-19,1.4673717362681943e-18
esm3_frozen_bilstm_attn,test,-1,evidence_dominated,all_eligible_queries,water_path_at_most_1,80,173,-0.004367534234126897,-0.012734797105510405,0.0039997286372566105,True,1.0,1.0
esm3_frozen_bilstm_attn,test,-1,evidence_dominated,all_eligible_queries,water_path_at_most_2,80,173,0.013371576407966494,-0.005102233542671506,0.0318453863586045,True,1.0,1.0
esm3_frozen_bilstm_attn,test,-1,evidence_dominated,all_eligible_queries,water_path_at_most_3,80,173,0.013621368193575466,-0.004936400435871003,0.03217913682302194,True,1.0,1.0
esm3_frozen_bilstm_attn,test,-1,evidence_dominated,all_eligible_queries,water_path_exists,80,173,0.012533769217236942,-0.005720217488439179,0.030787755922913065,True,0.8679394004284404,1.0
esm3_frozen_bilstm_attn,test,-1,evidence_dominated,all_eligible_queries,water_path_without_direct_ca_contact,80,173,-0.0029552475214132306,-0.009398228206379014,0.0034877331635525533,True,0.28627872467041016,0.5135666818329783
esm3_frozen_bilstm_attn,test,-1,evidence_dominated,all_eligible_queries,water_path_without_direct_polar_contact,80,173,-0.004179678815775784,-0.011226392747529235,0.002867035115977667,True,0.711071103811264,0.9699403075029224
esm3_frozen_bilstm_attn,test,-1,evidence_dominated,sequence_distal_ge21,absolute_backbone_orientation_cosine,75,166,0.0035024359194689935,-0.021426261864969952,0.028431133703907936,True,0.8175538505509841,1.0
esm3_frozen_bilstm_attn,test,-1,evidence_dominated,sequence_distal_ge21,absolute_sequence_separation,75,167,-0.17137389989129115,-5.328178234477216,4.985430434694633,True,0.3556992390814873,0.6039405818439021
esm3_frozen_bilstm_attn,test,-1,evidence_dominated,sequence_distal_ge21,band_water_contact_count,75,166,0.0,0.0,0.0,True,1.0,1.0
esm3_frozen_bilstm_attn,test,-1,evidence_dominated,sequence_distal_ge21,direct_ca_contact,75,166,0.02673671564811634,0.0016673132079330112,0.05180611808829967,True,0.22032849417661093,0.42120926335593223
esm3_frozen_bilstm_attn,test,-1,evidence_dominated,sequence_distal_ge21,direct_putative_polar_contact,75,166,-0.0013968462774643408,-0.014079059710357361,0.011285367155428678,True,0.8450189828872681,1.0
esm3_frozen_bilstm_attn,test,-1,evidence_dominated,sequence_distal_ge21,direct_putative_polar_contact_count,75,166,-9.941600709071145e-06,-0.013377220677633904,0.013357337476215763,True,0.8450189828872681,1.0
esm3_frozen_bilstm_attn,test,-1,evidence_dominated,sequence_distal_ge21,disorder,75,167,-0.013601156317494784,-0.023342431506293726,-0.003859881128695843,True,1.1641661378765454e-14,9.4842158755447e-14
esm3_frozen_bilstm_attn,test,-1,evidence_dominated,sequence_distal_ge21,mean_query_contact_water_degree,69,153,0.004055204685911968,-0.062024017228553295,0.07013442660037723,True,0.8013064925040663,1.0
esm3_frozen_bilstm_attn,test,-1,evidence_dominated,sequence_distal_ge21,minimum_ca_distance_angstrom,75,166,-2.368915833051873,-3.5727992410680445,-1.1650324250357016,True,0.00017630923003028777,0.0006648093259740787
esm3_frozen_bilstm_attn,test,-1,evidence_dominated,sequence_distal_ge21,minimum_heavy_atom_distance_angstrom,75,166,-2.387040164054386,-3.5742491933431375,-1.1998311347656343,True,0.00017630923003028777,0.0006648093259740787
esm3_frozen_bilstm_attn,test,-1,evidence_dominated,sequence_distal_ge21,minimum_polar_atom_distance_angstrom,75,166,-2.1385361093970197,-3.3235539319140024,-0.9535182868800371,True,0.00017630923003028777,0.0006648093259740787
esm3_frozen_bilstm_attn,test,-1,evidence_dominated,sequence_distal_ge21,neq,75,167,-0.3712358111973203,-0.4353586339410125,-0.3071129884536281,True,5.293955920339377e-23,6.226533585776645e-22
esm3_frozen_bilstm_attn,test,-1,evidence_dominated,sequence_distal_ge21,nonlocal_contact_path_exists,75,166,0.012541642222139562,0.005017065897540719,0.020066218546738405,True,7.62939453125e-06,3.439036722715736e-05
esm3_frozen_bilstm_attn,test,-1,evidence_dominated,sequence_distal_ge21,normalized_query_position,75,167,-0.007012691848437985,-0.036365926128288706,0.022340542431412733,True,1.0,1.0
esm3_frozen_bilstm_attn,test,-1,evidence_dominated,sequence_distal_ge21,one_water_bridge,75,166,0.004037257356519892,-0.00029891683112157324,0.008373431544161359,True,0.143463134765625,0.2952381545118772
esm3_frozen_bilstm_attn,test,-1,evidence_dominated,sequence_distal_ge21,ordinary_contact_path_exists,75,166,0.0,0.0,0.0,True,1.0,1.0
esm3_frozen_bilstm_attn,test,-1,evidence_dominated,sequence_distal_ge21,query_distance_to_band_domain_boundary_sequence,75,166,-1.8636557889363128,-6.293686095219874,2.5663745173472488,True,1.0,1.0
esm3_frozen_bilstm_attn,test,-1,evidence_dominated,sequence_distal_ge21,query_distance_to_community_boundary_edges,75,166,-0.44789221091576353,-0.598489480340579,-0.29729494149094804,True,2.1823279653758543e-06,1.0600000784182129e-05
esm3_frozen_bilstm_attn,test,-1,evidence_dominated,sequence_distal_ge21,query_distance_to_ecod_boundary_sequence,75,166,-0.10053738226713989,-4.219442292833535,4.0183675282992555,True,1.0,1.0
esm3_frozen_bilstm_attn,test,-1,evidence_dominated,sequence_distal_ge21,query_in_any_band,75,167,0.4865861825640973,0.402749964926402,0.5704224002017926,True,7.651062942926057e-14,5.933750125168855e-13
esm3_frozen_bilstm_attn,test,-1,evidence_dominated,sequence_distal_ge21,query_to_band_contact_count,75,166,0.06800327352742866,0.009017607426123841,0.12698893962873348,True,0.13367423536410522,0.27760478937737293
esm3_frozen_bilstm_attn,test,-1,evidence_dominated,sequence_distal_ge21,query_to_band_contact_fraction,75,166,0.011153742133089083,-0.0010185321187967198,0.023326016384974883,True,0.13367423536410522,0.27760478937737293
esm3_frozen_bilstm_attn,test,-1,evidence_dominated,sequence_distal_ge21,query_water_contact_count,75,166,-0.27664749526796206,-0.3694454880537672,-0.18384950248215692,True,9.674891137601897e-07,4.813055086941448e-06
esm3_frozen_bilstm_attn,test,-1,evidence_dominated,sequence_distal_ge21,reachable_query_water_entry_count,75,166,0.00025352832336452086,-0.010195976292042623,0.010703032938771664,True,1.0,1.0
esm3_frozen_bilstm_attn,test,-1,evidence_dominated,sequence_distal_ge21,relative_backbone_orientation_cosine,75,166,0.05016944181211489,-0.019464608123290116,0.11980349174751989,True,0.06394991646706692,0.14579595846663781
esm3_frozen_bilstm_attn,test,-1,evidence_dominated,sequence_distal_ge21,rsa,75,167,-0.12688323485911412,-0.14718130874150684,-0.10658516097672141,True,6.8071061652263e-17,6.168071708898933e-16
esm3_frozen_bilstm_attn,test,-1,evidence_dominated,sequence_distal_ge21,same_community_as_band_apex,75,166,0.022792062847219678,-0.01722103114268394,0.06280515683712329,True,0.8990763136528589,1.0
esm3_frozen_bilstm_attn,test,-1,evidence_dominated,sequence_distal_ge21,same_community_as_band_majority,74,159,-0.006193462135228285,-0.04606650562717936,0.03367958135672279,True,0.794843653982861,1.0
esm3_frozen_bilstm_attn,test,-1,evidence_dominated,sequence_distal_ge21,same_ecod_domain_as_band_apex,75,166,0.00021915914772679623,-0.02184076518856001,0.0222790834840136,True,1.0,1.0
esm3_frozen_bilstm_attn,test,-1,evidence_dominated,sequence_distal_ge21,shared_water_count,75,166,0.0046300792840541,6.470819225658231e-05,0.009195450375851618,True,0.143463134765625,0.2952381545118772
esm3_frozen_bilstm_attn,test,-1,evidence_dominated,sequence_distal_ge21,shared_water_fraction_of_band_contacts,75,166,0.00042920395783049457,-0.0007767265224823308,0.00163513443814332,True,0.049041748046875,0.1172249589922611
esm3_frozen_bilstm_attn,test,-1,evidence_dominated,sequence_distal_ge21,shared_water_fraction_of_query_contacts,75,166,0.002348793805741932,-0.00016405036271019673,0.004861637974194061,True,0.049041748046875,0.1172249589922611
esm3_frozen_bilstm_attn,test,-1,evidence_dominated,sequence_distal_ge21,shares_any_ecod_domain_with_band,75,166,0.00021915914772679623,-0.02184076518856001,0.0222790834840136,True,1.0,1.0
esm3_frozen_bilstm_attn,test,-1,evidence_dominated,sequence_distal_ge21,shortest_nonlocal_contact_path_edges,75,166,-0.5247238906312872,-0.7812176772939895,-0.26823010396858493,True,0.0010795155066662817,0.0036778012882880623
esm3_frozen_bilstm_attn,test,-1,evidence_dominated,sequence_distal_ge21,shortest_ordinary_contact_path_edges,75,166,-0.48274808754302834,-0.7334573938422251,-0.23203878124383165,True,0.01058211705170527,0.030361615321209307
esm3_frozen_bilstm_attn,test,-1,evidence_dominated,sequence_distal_ge21,torsion_change_from_previous,75,167,-34.54001800550305,-39.82202406192781,-29.258011949078288,True,1.5093068328887564e-19,1.558447055354902e-18
esm3_frozen_bilstm_attn,test,-1,evidence_dominated,sequence_distal_ge21,water_path_at_most_1,75,166,0.004037257356519892,-0.00029891683112157324,0.008373431544161359,True,0.143463134765625,0.2952381545118772
esm3_frozen_bilstm_attn,test,-1,evidence_dominated,sequence_distal_ge21,water_path_at_most_2,75,166,0.0017109700540504464,-0.005483509223229958,0.008905449331330851,True,1.0,1.0
esm3_frozen_bilstm_attn,test,-1,evidence_dominated,sequence_distal_ge21,water_path_at_most_3,75,166,0.0014347239307241281,-0.005921275559421147,0.008790723420869404,True,0.557197093963623,0.8336832678006694
esm3_frozen_bilstm_attn,test,-1,evidence_dominated,sequence_distal_ge21,water_path_exists,75,166,-0.0003056343515014251,-0.008542901266242462,0.007931632563239614,True,0.7011080384254456,0.9570852238613308
esm3_frozen_bilstm_attn,test,-1,evidence_dominated,sequence_distal_ge21,water_path_without_direct_ca_contact,75,166,-0.00019122199837127993,-0.005635573625906242,0.005253129629163683,True,0.480682373046875,0.7534791655174315
esm3_frozen_bilstm_attn,test,-1,evidence_dominated,sequence_distal_ge21,water_path_without_direct_polar_contact,75,166,-0.0007090791982485237,-0.00788420853880992,0.0064660501423128725,True,0.6776394844055176,0.942433613394048
esm3_frozen_bilstm_attn,test,-1,evidence_dominated,sequence_distal_ge21_no_direct_ca,absolute_backbone_orientation_cosine,75,165,-0.0019109557972698584,-0.026270544505094764,0.02244863291055505,True,1.0,1.0
esm3_frozen_bilstm_attn,test,-1,evidence_dominated,sequence_distal_ge21_no_direct_ca,absolute_sequence_separation,75,165,-0.3302821097070639,-5.3835787525440395,4.723014533129911,True,0.6444639138942256,0.9186486192404653
esm3_frozen_bilstm_attn,test,-1,evidence_dominated,sequence_distal_ge21_no_direct_ca,band_water_contact_count,75,165,0.0,0.0,0.0,True,1.0,1.0
esm3_frozen_bilstm_attn,test,-1,evidence_dominated,sequence_distal_ge21_no_direct_ca,direct_ca_contact,75,165,0.0,0.0,0.0,True,1.0,1.0
esm3_frozen_bilstm_attn,test,-1,evidence_dominated,sequence_distal_ge21_no_direct_ca,direct_putative_polar_contact,75,165,-0.0024906645083119915,-0.005918130841592325,0.000936801824968342,True,0.14599609375,0.29734984231651373
esm3_frozen_bilstm_attn,test,-1,evidence_dominated,sequence_distal_ge21_no_direct_ca,direct_putative_polar_contact_count,75,165,-0.001749923745495457,-0.006055702241624376,0.0025558547506334627,True,0.14599609375,0.29734984231651373
esm3_frozen_bilstm_attn,test,-1,evidence_dominated,sequence_distal_ge21_no_direct_ca,disorder,75,165,-0.012325004142578618,-0.02360011708027421,-0.0010498912048830245,True,9.817755603717254e-16,8.382852861635502e-15
esm3_frozen_bilstm_attn,test,-1,evidence_dominated,sequence_distal_ge21_no_direct_ca,mean_query_contact_water_degree,69,153,0.014502270361834935,-0.0535443089483226,0.08254884967199247,True,0.8013064925040663,1.0
esm3_frozen_bilstm_attn,test,-1,evidence_dominated,sequence_distal_ge21_no_direct_ca,minimum_ca_distance_angstrom,75,165,-2.3722444469462,-3.5102973369118917,-1.234191556980508,True,0.0010795155066662817,0.0036778012882880623
esm3_frozen_bilstm_attn,test,-1,evidence_dominated,sequence_distal_ge21_no_direct_ca,minimum_heavy_atom_distance_angstrom,75,165,-2.3901423521496,-3.517522364785763,-1.2627623395134375,True,0.00044964797164381224,0.001639783978725689
esm3_frozen_bilstm_attn,test,-1,evidence_dominated,sequence_distal_ge21_no_direct_ca,minimum_polar_atom_distance_angstrom,75,165,-2.155865106365668,-3.2814122399680428,-1.0303179727632936,True,0.0010795155066662817,0.0036778012882880623
esm3_frozen_bilstm_attn,test,-1,evidence_dominated,sequence_distal_ge21_no_direct_ca,neq,75,165,-0.36783090613496155,-0.4330313796415746,-0.3026304326283485,True,5.293955920339377e-23,6.226533585776645e-22
esm3_frozen_bilstm_attn,test,-1,evidence_dominated,sequence_distal_ge21_no_direct_ca,nonlocal_contact_path_exists,75,165,0.012814766622251924,0.0051846236545949245,0.020444909589908924,True,7.62939453125e-06,3.439036722715736e-05
esm3_frozen_bilstm_attn,test,-1,evidence_dominated,sequence_distal_ge21_no_direct_ca,normalized_query_position,75,165,-0.007595064253496028,-0.0370988596183089,0.02190873111131685,True,0.8175538505509841,1.0
esm3_frozen_bilstm_attn,test,-1,evidence_dominated,sequence_distal_ge21_no_direct_ca,one_water_bridge,75,165,0.003682508608621975,-0.0012842116457636504,0.008649228863007601,True,1.0,1.0
esm3_frozen_bilstm_attn,test,-1,evidence_dominated,sequence_distal_ge21_no_direct_ca,ordinary_contact_path_exists,75,165,0.0,0.0,0.0,True,1.0,1.0
esm3_frozen_bilstm_attn,test,-1,evidence_dominated,sequence_distal_ge21_no_direct_ca,query_distance_to_band_domain_boundary_sequence,75,165,-1.560827819228803,-5.926935156696859,2.805279518239254,True,1.0,1.0
esm3_frozen_bilstm_attn,test,-1,evidence_dominated,sequence_distal_ge21_no_direct_ca,query_distance_to_community_boundary_edges,75,165,-0.4270717982375432,-0.5779932246120142,-0.27615037186307223,True,2.2429642158970264e-05,9.529914946012246e-05
esm3_frozen_bilstm_attn,test,-1,evidence_dominated,sequence_distal_ge21_no_direct_ca,query_distance_to_ecod_boundary_sequence,75,165,-0.03990171085337461,-4.175649229253532,4.095845807546782,True,0.9075606176124984,1.0
esm3_frozen_bilstm_attn,test,-1,evidence_dominated,sequence_distal_ge21_no_direct_ca,query_in_any_band,75,165,0.4783229353348228,0.3912735174377715,0.5653723532318741,True,7.387402755493211e-12,5.3117519407918796e-11
esm3_frozen_bilstm_attn,test,-1,evidence_dominated,sequence_distal_ge21_no_direct_ca,query_to_band_contact_count,75,165,0.0,0.0,0.0,True,1.0,1.0
esm3_frozen_bilstm_attn,test,-1,evidence_dominated,sequence_distal_ge21_no_direct_ca,query_to_band_contact_fraction,75,165,0.0,0.0,0.0,True,1.0,1.0
esm3_frozen_bilstm_attn,test,-1,evidence_dominated,sequence_distal_ge21_no_direct_ca,query_water_contact_count,75,165,-0.23679705860769307,-0.3371974415784977,-0.13639667563688845,True,0.00017630923003028777,0.0006648093259740787
esm3_frozen_bilstm_attn,test,-1,evidence_dominated,sequence_distal_ge21_no_direct_ca,reachable_query_water_entry_count,75,165,0.00021484248059501818,-0.00810722230542091,0.008536907266610947,True,0.237884521484375,0.4456570782238924
esm3_frozen_bilstm_attn,test,-1,evidence_dominated,sequence_distal_ge21_no_direct_ca,relative_backbone_orientation_cosine,75,165,0.08298232781899867,0.009255255557318987,0.15670940008067835,True,0.02029840699010744,0.053725738918674826
esm3_frozen_bilstm_attn,test,-1,evidence_dominated,sequence_distal_ge21_no_direct_ca,rsa,75,165,-0.12309692047333977,-0.1439446717611875,-0.10224916918549204,True,9.817755603717254e-16,8.382852861635502e-15
esm3_frozen_bilstm_attn,test,-1,evidence_dominated,sequence_distal_ge21_no_direct_ca,same_community_as_band_apex,75,165,0.01841452615127637,-0.019832989203814686,0.05666204150636743,True,0.8956832138895906,1.0
esm3_frozen_bilstm_attn,test,-1,evidence_dominated,sequence_distal_ge21_no_direct_ca,same_community_as_band_majority,74,158,-0.009486335471517386,-0.0433018055703378,0.024329134627303024,True,0.4101027163746913,0.6750161485462944
esm3_frozen_bilstm_attn,test,-1,evidence_dominated,sequence_distal_ge21_no_direct_ca,same_ecod_domain_as_band_apex,75,165,-0.0027137767411571307,-0.024045066651409108,0.018617513169094848,True,0.8450189828872681,1.0
esm3_frozen_bilstm_attn,test,-1,evidence_dominated,sequence_distal_ge21_no_direct_ca,shared_water_count,75,165,0.003924105247364395,-0.0011156922745043972,0.008963902769233187,True,1.0,1.0
esm3_frozen_bilstm_attn,test,-1,evidence_dominated,sequence_distal_ge21_no_direct_ca,shared_water_fraction_of_band_contacts,75,165,0.0003074302478501239,-0.0005987870873243165,0.0012136475830245644,True,1.0,1.0
esm3_frozen_bilstm_attn,test,-1,evidence_dominated,sequence_distal_ge21_no_direct_ca,shared_water_fraction_of_query_contacts,75,165,0.0015405157104716027,-0.0006861156921322015,0.003767147113075407,True,1.0,1.0
esm3_frozen_bilstm_attn,test,-1,evidence_dominated,sequence_distal_ge21_no_direct_ca,shares_any_ecod_domain_with_band,75,165,-0.0027137767411571307,-0.024045066651409108,0.018617513169094848,True,0.8450189828872681,1.0
esm3_frozen_bilstm_attn,test,-1,evidence_dominated,sequence_distal_ge21_no_direct_ca,shortest_nonlocal_contact_path_edges,75,165,-0.5032242691050132,-0.741283761287292,-0.2651647769227343,True,0.0369549040273683,0.09166467814609791
esm3_frozen_bilstm_attn,test,-1,evidence_dominated,sequence_distal_ge21_no_direct_ca,shortest_ordinary_contact_path_edges,75,165,-0.4641962424560829,-0.6988103408494785,-0.22958214406268726,True,0.0369549040273683,0.09166467814609791
esm3_frozen_bilstm_attn,test,-1,evidence_dominated,sequence_distal_ge21_no_direct_ca,torsion_change_from_previous,75,165,-34.627223368081864,-40.012690683287225,-29.241756052876504,True,3.72567441849804e-18,3.675998759584733e-17
esm3_frozen_bilstm_attn,test,-1,evidence_dominated,sequence_distal_ge21_no_direct_ca,water_path_at_most_1,75,165,0.003682508608621975,-0.0012842116457636504,0.008649228863007601,True,1.0,1.0
esm3_frozen_bilstm_attn,test,-1,evidence_dominated,sequence_distal_ge21_no_direct_ca,water_path_at_most_2,75,165,0.0029305769411758333,-0.0031212356944264434,0.00898238957677811,True,0.79052734375,1.0
esm3_frozen_bilstm_attn,test,-1,evidence_dominated,sequence_distal_ge21_no_direct_ca,water_path_at_most_3,75,165,0.002475285072057026,-0.00364744344619066,0.008598013590304713,True,0.454498291015625,0.7298272738189421
esm3_frozen_bilstm_attn,test,-1,evidence_dominated,sequence_distal_ge21_no_direct_ca,water_path_exists,75,165,0.0006145124833700756,-0.006058770872173903,0.007287795838914055,True,0.480682373046875,0.7534791655174315
esm3_frozen_bilstm_attn,test,-1,evidence_dominated,sequence_distal_ge21_no_direct_ca,water_path_without_direct_ca_contact,75,165,0.0006145124833700756,-0.006058770872173903,0.007287795838914055,True,0.480682373046875,0.7534791655174315
esm3_frozen_bilstm_attn,test,-1,evidence_dominated,sequence_distal_ge21_no_direct_ca,water_path_without_direct_polar_contact,75,165,0.0011515495339285372,-0.004946323921833386,0.007249422989690462,True,0.454498291015625,0.7298272738189421
esm3_frozen_bilstm_attn,test,-1,combined,all_eligible_queries,shortest_water_path_water_count,11,13,0.20454545454545456,-0.04250067460237414,0.4515915836932832,True,0.25,0.4625
esm3_frozen_bilstm_attn,test,-1,combined,sequence_distal_ge21,shortest_water_path_water_count,9,10,0.3055555555555556,,,False,,
esm3_frozen_bilstm_attn,test,1,evidence_dominated,all_eligible_queries,absolute_backbone_orientation_cosine,31,44,-0.014658393680713637,-0.07139968828454231,0.042082900923115035,True,0.720100131817162,0.9755041372890656
esm3_frozen_bilstm_attn,test,1,evidence_dominated,all_eligible_queries,absolute_sequence_separation,32,48,3.220130384833055,-6.526609888773166,12.966870658439277,True,0.5966148958541453,0.8808277360121319
esm3_frozen_bilstm_attn,test,1,evidence_dominated,all_eligible_queries,band_water_contact_count,31,44,0.0,0.0,0.0,True,1.0,1.0
esm3_frozen_bilstm_attn,test,1,evidence_dominated,all_eligible_queries,direct_ca_contact,31,44,0.025119672291966967,-0.02120169625638431,0.07144104084031824,True,0.0192108154296875,0.0513831448842244
esm3_frozen_bilstm_attn,test,1,evidence_dominated,all_eligible_queries,direct_putative_polar_contact,31,44,0.024611177006866925,0.005360938637279582,0.04386141537645427,True,0.00738525390625,0.022193250317258884
esm3_frozen_bilstm_attn,test,1,evidence_dominated,all_eligible_queries,direct_putative_polar_contact_count,31,44,0.04003420388382974,0.005636609832232388,0.07443179793542709,True,0.00738525390625,0.022193250317258884
esm3_frozen_bilstm_attn,test,1,evidence_dominated,all_eligible_queries,disorder,32,48,-0.016895936471634742,-0.04892276538090638,0.015130892437636895,True,0.5966148958541453,0.8808277360121319
esm3_frozen_bilstm_attn,test,1,evidence_dominated,all_eligible_queries,mean_query_contact_water_degree,30,43,0.09076553652910564,-0.06344411049165462,0.24497518354986592,True,0.26493089646101,0.48357376373561534
esm3_frozen_bilstm_attn,test,1,evidence_dominated,all_eligible_queries,minimum_ca_distance_angstrom,31,44,1.8319745467310984,-0.36601453577723797,4.029963629239434,True,0.28104151505976915,0.5067306911128426
esm3_frozen_bilstm_attn,test,1,evidence_dominated,all_eligible_queries,minimum_heavy_atom_distance_angstrom,31,44,1.9784128162412842,-0.16880931659641374,4.125634949078982,True,0.28104151505976915,0.5067306911128426
esm3_frozen_bilstm_attn,test,1,evidence_dominated,all_eligible_queries,minimum_polar_atom_distance_angstrom,31,44,1.9059343313932784,-0.19586035925830325,4.00772902204486,True,0.14961278438568115,0.3009199377904527
esm3_frozen_bilstm_attn,test,1,evidence_dominated,all_eligible_queries,neq,32,48,0.4155114791269905,0.2456377163320785,0.5853852419219024,True,0.0005350527353584766,0.0019235904008029444
esm3_frozen_bilstm_attn,test,1,evidence_dominated,all_eligible_queries,nonlocal_contact_path_exists,31,44,0.02389269612473949,-0.02033218288087101,0.06811757513035,True,0.38331031799316406,0.6434396264233075
esm3_frozen_bilstm_attn,test,1,evidence_dominated,all_eligible_queries,normalized_query_position,32,48,0.019286353114589552,-0.028804151662588637,0.06737685789176774,True,1.0,1.0
esm3_frozen_bilstm_attn,test,1,evidence_dominated,all_eligible_queries,one_water_bridge,31,44,0.006012348675676201,-0.010235710267362582,0.02226040761871498,True,1.0,1.0
esm3_frozen_bilstm_attn,test,1,evidence_dominated,all_eligible_queries,ordinary_contact_path_exists,31,44,0.0,0.0,0.0,True,1.0,1.0
esm3_frozen_bilstm_attn,test,1,evidence_dominated,all_eligible_queries,query_distance_to_band_domain_boundary_sequence,30,43,-0.28704673826379107,-5.659578670248826,5.085485193721245,True,0.8555355519056321,1.0
esm3_frozen_bilstm_attn,test,1,evidence_dominated,all_eligible_queries,query_distance_to_community_boundary_edges,31,44,0.2722723294217359,-0.06485713794142633,0.6094017967848981,True,0.029449373483657837,0.07547198745595428
esm3_frozen_bilstm_attn,test,1,evidence_dominated,all_eligible_queries,query_distance_to_ecod_boundary_sequence,31,44,1.169329710184948,-2.7653695922705848,5.104029012640481,True,0.720100131817162,0.9755041372890656
esm3_frozen_bilstm_attn,test,1,evidence_dominated,all_eligible_queries,query_in_any_band,32,48,0.28867101721351063,0.11293618034610306,0.46440585408091817,True,0.20048842206597334,0.39085338923070106
esm3_frozen_bilstm_attn,test,1,evidence_dominated,all_eligible_queries,query_to_band_contact_count,31,44,0.05369353118859024,-0.013177350669019053,0.12056441304619954,True,0.007537841796875,0.02246175676384228
esm3_frozen_bilstm_attn,test,1,evidence_dominated,all_eligible_queries,query_to_band_contact_fraction,31,44,0.02323592668898732,0.0034991433096935275,0.042972710068281114,True,0.007537841796875,0.02246175676384228
esm3_frozen_bilstm_attn,test,1,evidence_dominated,all_eligible_queries,query_water_contact_count,31,44,0.272269852570064,0.0649837329007385,0.47955597223938945,True,0.07075554598122835,0.1590656324843817
esm3_frozen_bilstm_attn,test,1,evidence_dominated,all_eligible_queries,reachable_query_water_entry_count,31,44,0.009649337646830396,-0.009280200796900069,0.02857887609056086,True,0.7265625,0.9755041372890656
esm3_frozen_bilstm_attn,test,1,evidence_dominated,all_eligible_queries,relative_backbone_orientation_cosine,31,44,-0.02670350439829348,-0.1365443195500332,0.08313731075344626,True,0.720100131817162,0.9755041372890656
esm3_frozen_bilstm_attn,test,1,evidence_dominated,all_eligible_queries,rsa,32,48,0.08022975862525808,0.03849527251794711,0.12196424473256905,True,0.0005350527353584766,0.0019235904008029444
esm3_frozen_bilstm_attn,test,1,evidence_dominated,all_eligible_queries,same_community_as_band_apex,31,44,-0.007598727301198971,-0.06408954790524324,0.0488920933028453,True,0.2295229434967041,0.4336518592022835
esm3_frozen_bilstm_attn,test,1,evidence_dominated,all_eligible_queries,same_ecod_domain_as_band_apex,30,43,-0.012536192606868479,-0.05091252100692472,0.02584013579318776,True,0.3876953125,0.6489602968897267
esm3_frozen_bilstm_attn,test,1,evidence_dominated,all_eligible_queries,shared_water_count,31,44,0.005953267969233278,-0.010286660975865052,0.02219319691433161,True,1.0,1.0
esm3_frozen_bilstm_attn,test,1,evidence_dominated,all_eligible_queries,shared_water_fraction_of_band_contacts,31,44,0.000725011437479603,-0.0022868312228792294,0.0037368540978384357,True,1.0,1.0
esm3_frozen_bilstm_attn,test,1,evidence_dominated,all_eligible_queries,shared_water_fraction_of_query_contacts,31,44,0.0008456072721418579,-0.009001225429177181,0.010692439973460897,True,1.0,1.0
esm3_frozen_bilstm_attn,test,1,evidence_dominated,all_eligible_queries,shares_any_ecod_domain_with_band,30,43,-0.013731541623405747,-0.052325092662377226,0.02486200941556573,True,0.3876953125,0.6489602968897267
esm3_frozen_bilstm_attn,test,1,evidence_dominated,all_eligible_queries,shortest_nonlocal_contact_path_edges,30,43,0.2530940665344082,-0.247444350552875,0.7536324836216914,True,0.8555355519056321,1.0
esm3_frozen_bilstm_attn,test,1,evidence_dominated,all_eligible_queries,shortest_ordinary_contact_path_edges,31,44,0.3713483160572423,-0.07222630008173275,0.8149229321962173,True,0.47312965989112854,0.7455885323572709
esm3_frozen_bilstm_attn,test,1,evidence_dominated,all_eligible_queries,torsion_change_from_previous,32,48,8.555122355042169,-0.8018451810241611,17.9120898911085,True,0.050102459732443094,0.1192787781297841
esm3_frozen_bilstm_attn,test,1,evidence_dominated,all_eligible_queries,water_path_at_most_1,31,44,0.006012348675676201,-0.010235710267362582,0.02226040761871498,True,1.0,1.0
esm3_frozen_bilstm_attn,test,1,evidence_dominated,all_eligible_queries,water_path_at_most_2,31,44,0.005947259753640632,-0.010291892404097128,0.022186411911378393,True,1.0,1.0
esm3_frozen_bilstm_attn,test,1,evidence_dominated,all_eligible_queries,water_path_at_most_3,31,44,0.00609296139007071,-0.010167628285377421,0.02235355106551884,True,1.0,1.0
esm3_frozen_bilstm_attn,test,1,evidence_dominated,all_eligible_queries,water_path_exists,31,44,0.006174321203190723,-0.01008287860573616,0.02243152101211761,True,0.7265625,0.9755041372890656
esm3_frozen_bilstm_attn,test,1,evidence_dominated,all_eligible_queries,water_path_without_direct_ca_contact,31,44,0.005078873526234857,-0.0026669704706741865,0.0128247175231439,True,0.375,0.6330798479087453
esm3_frozen_bilstm_attn,test,1,evidence_dominated,all_eligible_queries,water_path_without_direct_polar_contact,31,44,0.004029000514850713,-0.012926972945215682,0.020984973974917106,True,0.7265625,0.9755041372890656
esm3_frozen_bilstm_attn,test,1,evidence_dominated,sequence_distal_ge21,absolute_backbone_orientation_cosine,31,44,-0.0034125978091833886,-0.06428567099613296,0.05746047537776618,True,0.47312965989112854,0.7455885323572709
esm3_frozen_bilstm_attn,test,1,evidence_dominated,sequence_distal_ge21,absolute_sequence_separation,32,48,2.848899115931462,-7.475021612918387,13.172819844781312,True,0.5966148958541453,0.8808277360121319
esm3_frozen_bilstm_attn,test,1,evidence_dominated,sequence_distal_ge21,band_water_contact_count,31,44,0.0,0.0,0.0,True,1.0,1.0
esm3_frozen_bilstm_attn,test,1,evidence_dominated,sequence_distal_ge21,direct_ca_contact,31,44,0.0023685112423647357,-0.04026257804201093,0.0449996005267404,True,1.0,1.0
esm3_frozen_bilstm_attn,test,1,evidence_dominated,sequence_distal_ge21,direct_putative_polar_contact,31,44,-0.005772897283867559,-0.013965098973459806,0.002419304405724689,True,1.0,1.0
esm3_frozen_bilstm_attn,test,1,evidence_dominated,sequence_distal_ge21,direct_putative_polar_contact_count,31,44,-0.00870094703108881,-0.020511433927308476,0.0031095398651308573,True,1.0,1.0
esm3_frozen_bilstm_attn,test,1,evidence_dominated,sequence_distal_ge21,disorder,32,48,-0.01064794569566594,-0.04512703288565078,0.0238311414943189,True,0.5966148958541453,0.8808277360121319
esm3_frozen_bilstm_attn,test,1,evidence_dominated,sequence_distal_ge21,mean_query_contact_water_degree,29,42,0.04564938233154978,-0.10963593700520416,0.2009347016683037,True,0.7011080384254456,0.9570852238613308
esm3_frozen_bilstm_attn,test,1,evidence_dominated,sequence_distal_ge21,minimum_ca_distance_angstrom,31,44,1.9021361857027015,-0.6137634015774978,4.4180357729829005,True,0.28104151505976915,0.5067306911128426
esm3_frozen_bilstm_attn,test,1,evidence_dominated,sequence_distal_ge21,minimum_heavy_atom_distance_angstrom,31,44,2.068063476130832,-0.38619221079476374,4.522319163056428,True,0.28104151505976915,0.5067306911128426
esm3_frozen_bilstm_attn,test,1,evidence_dominated,sequence_distal_ge21,minimum_polar_atom_distance_angstrom,31,44,1.9804763284147067,-0.435637921989408,4.396590578818821,True,0.47312965989112854,0.7455885323572709
esm3_frozen_bilstm_attn,test,1,evidence_dominated,sequence_distal_ge21,neq,32,48,0.39439024696553215,0.22160605964767677,0.5671744342833875,True,0.0021024015732109547,0.006863722783129881
esm3_frozen_bilstm_attn,test,1,evidence_dominated,sequence_distal_ge21,nonlocal_contact_path_exists,31,44,0.015160112294687474,-0.024614421041214203,0.05493464563058915,True,0.6476058959960938,0.9186486192404653
esm3_frozen_bilstm_attn,test,1,evidence_dominated,sequence_distal_ge21,normalized_query_position,32,48,0.022127390962926884,-0.031914365591118765,0.07616914751697253,True,1.0,1.0
esm3_frozen_bilstm_attn,test,1,evidence_dominated,sequence_distal_ge21,one_water_bridge,31,44,0.0034563971628066357,-0.01827255750427589,0.025185351829889163,True,1.0,1.0
esm3_frozen_bilstm_attn,test,1,evidence_dominated,sequence_distal_ge21,ordinary_contact_path_exists,31,44,0.0,0.0,0.0,True,1.0,1.0
esm3_frozen_bilstm_attn,test,1,evidence_dominated,sequence_distal_ge21,query_distance_to_band_domain_boundary_sequence,30,43,-0.945661617183181,-7.382283029525577,5.490959795159214,True,0.5846647117286922,0.8681977659115028
esm3_frozen_bilstm_attn,test,1,evidence_dominated,sequence_distal_ge21,query_distance_to_community_boundary_edges,31,44,0.2545069762096915,-0.09327527291388277,0.6022892253332657,True,0.14961278438568115,0.3009199377904527
esm3_frozen_bilstm_attn,test,1,evidence_dominated,sequence_distal_ge21,query_distance_to_ecod_boundary_sequence,31,44,1.1400078662529518,-3.7207379730109817,6.000753705516885,True,1.0,1.0
esm3_frozen_bilstm_attn,test,1,evidence_dominated,sequence_distal_ge21,query_in_any_band,32,48,0.28850469360176423,0.11048983915107827,0.4665195480524502,True,0.20048842206597334,0.39085338923070106
esm3_frozen_bilstm_attn,test,1,evidence_dominated,sequence_distal_ge21,query_to_band_contact_count,31,44,-0.0067345816776045835,-0.05976427917145265,0.04629511581624349,True,1.0,1.0
esm3_frozen_bilstm_attn,test,1,evidence_dominated,sequence_distal_ge21,query_to_band_contact_fraction,31,44,0.0011122042976600688,-0.012245067995638492,0.01446947659095863,True,1.0,1.0
esm3_frozen_bilstm_attn,test,1,evidence_dominated,sequence_distal_ge21,query_water_contact_count,31,44,0.24641186464930795,0.033269227188164,0.4595545021104519,True,0.28104151505976915,0.5067306911128426
esm3_frozen_bilstm_attn,test,1,evidence_dominated,sequence_distal_ge21,reachable_query_water_entry_count,31,44,0.0036643911399141743,-0.018061296238223425,0.02539007851805177,True,0.6875,0.9457784663051898
esm3_frozen_bilstm_attn,test,1,evidence_dominated,sequence_distal_ge21,relative_backbone_orientation_cosine,31,44,-0.05074779174118447,-0.16663213600527874,0.06513655252290981,True,0.14961278438568115,0.3009199377904527
esm3_frozen_bilstm_attn,test,1,evidence_dominated,sequence_distal_ge21,rsa,32,48,0.06931591664287669,0.02826737372880421,0.11036445955694917,True,0.0070003666914999485,0.02125239528906651
esm3_frozen_bilstm_attn,test,1,evidence_dominated,sequence_distal_ge21,same_community_as_band_apex,31,44,-9.23427209819166e-05,-0.05602766000883167,0.05584297456686784,True,0.0931396484375,0.20099151351761846
esm3_frozen_bilstm_attn,test,1,evidence_dominated,sequence_distal_ge21,same_ecod_domain_as_band_apex,30,43,-0.006295525321254015,-0.04340794239451715,0.030816891752009124,True,0.14599609375,0.29734984231651373
esm3_frozen_bilstm_attn,test,1,evidence_dominated,sequence_distal_ge21,shared_water_count,31,44,0.0033874696719565587,-0.018343891172253678,0.0251188305161668,True,1.0,1.0
esm3_frozen_bilstm_attn,test,1,evidence_dominated,sequence_distal_ge21,shared_water_fraction_of_band_contacts,31,44,0.00012741790370239994,-0.004047815083193327,0.004302650890598126,True,1.0,1.0
esm3_frozen_bilstm_attn,test,1,evidence_dominated,sequence_distal_ge21,shared_water_fraction_of_query_contacts,31,44,-0.0011338094656851158,-0.015721184214640038,0.013453565283269804,True,1.0,1.0
esm3_frozen_bilstm_attn,test,1,evidence_dominated,sequence_distal_ge21,shares_any_ecod_domain_with_band,30,43,-0.007889324009970375,-0.045262200099889204,0.029483552079948454,True,0.14599609375,0.29734984231651373
esm3_frozen_bilstm_attn,test,1,evidence_dominated,sequence_distal_ge21,shortest_nonlocal_contact_path_edges,30,43,0.22953533155892886,-0.3458043748882454,0.8048750380061032,True,0.8555355519056321,1.0
esm3_frozen_bilstm_attn,test,1,evidence_dominated,sequence_distal_ge21,shortest_ordinary_contact_path_edges,31,44,0.36173379921449256,-0.14505822972556037,0.8685258281545455,True,0.28104151505976915,0.5067306911128426
esm3_frozen_bilstm_attn,test,1,evidence_dominated,sequence_distal_ge21,torsion_change_from_previous,32,48,7.977851473363401,-0.9026216844267392,16.858324631153543,True,0.0070003666914999485,0.02125239528906651
esm3_frozen_bilstm_attn,test,1,evidence_dominated,sequence_distal_ge21,water_path_at_most_1,31,44,0.0034563971628066357,-0.01827255750427589,0.025185351829889163,True,1.0,1.0
esm3_frozen_bilstm_attn,test,1,evidence_dominated,sequence_distal_ge21,water_path_at_most_2,31,44,0.003380267927768849,-0.018351396918554266,0.025111932774091968,True,1.0,1.0
esm3_frozen_bilstm_attn,test,1,evidence_dominated,sequence_distal_ge21,water_path_at_most_3,31,44,0.0035467840836889324,-0.018180397071344463,0.025273965238722326,True,1.0,1.0
esm3_frozen_bilstm_attn,test,1,evidence_dominated,sequence_distal_ge21,water_path_exists,31,44,0.0036444158594329487,-0.018081464372088244,0.025370296090954144,True,0.6875,0.9457784663051898
esm3_frozen_bilstm_attn,test,1,evidence_dominated,sequence_distal_ge21,water_path_without_direct_ca_contact,31,44,0.0031921982720849,-0.0042876304613844165,0.010672027005554217,True,0.625,0.9046454767726161
esm3_frozen_bilstm_attn,test,1,evidence_dominated,sequence_distal_ge21,water_path_without_direct_polar_contact,31,44,0.003585772284357126,-0.018128639739374605,0.025300184308088856,True,0.6875,0.9457784663051898
esm3_frozen_bilstm_attn,test,1,evidence_dominated,sequence_distal_ge21_no_direct_ca,absolute_backbone_orientation_cosine,31,44,-0.0007021110062332546,-0.06194352729194776,0.06053930527948125,True,0.47312965989112854,0.7455885323572709
esm3_frozen_bilstm_attn,test,1,evidence_dominated,sequence_distal_ge21_no_direct_ca,absolute_sequence_separation,31,44,0.9272016624294678,-9.081133922603717,10.935537247462653,True,0.14961278438568115,0.3009199377904527
esm3_frozen_bilstm_attn,test,1,evidence_dominated,sequence_distal_ge21_no_direct_ca,band_water_contact_count,31,44,0.0,0.0,0.0,True,1.0,1.0
esm3_frozen_bilstm_attn,test,1,evidence_dominated,sequence_distal_ge21_no_direct_ca,direct_ca_contact,31,44,0.0,0.0,0.0,True,1.0,1.0
esm3_frozen_bilstm_attn,test,1,evidence_dominated,sequence_distal_ge21_no_direct_ca,direct_putative_polar_contact,31,44,-0.0016950379108129775,-0.004987705088760041,0.0015976292671340858,True,0.5,0.7754729148753224
esm3_frozen_bilstm_attn,test,1,evidence_dominated,sequence_distal_ge21_no_direct_ca,direct_putative_polar_contact_count,31,44,-0.0016950379108129775,-0.004987705088760041,0.0015976292671340858,True,0.5,0.7754729148753224
esm3_frozen_bilstm_attn,test,1,evidence_dominated,sequence_distal_ge21_no_direct_ca,disorder,31,44,-0.011710853732482474,-0.04863415373930424,0.02521244627433929,True,1.0,1.0
esm3_frozen_bilstm_attn,test,1,evidence_dominated,sequence_distal_ge21_no_direct_ca,mean_query_contact_water_degree,29,42,0.05895813557889757,-0.10249121961357505,0.22040749077137017,True,0.44206833839416504,0.7183104931272069
esm3_frozen_bilstm_attn,test,1,evidence_dominated,sequence_distal_ge21_no_direct_ca,minimum_ca_distance_angstrom,31,44,2.098997307702693,-0.35143597739525445,4.54943059280064,True,0.28104151505976915,0.5067306911128426
esm3_frozen_bilstm_attn,test,1,evidence_dominated,sequence_distal_ge21_no_direct_ca,minimum_heavy_atom_distance_angstrom,31,44,2.2778131480102224,-0.10761911747611519,4.6632454134965595,True,0.14961278438568115,0.3009199377904527
esm3_frozen_bilstm_attn,test,1,evidence_dominated,sequence_distal_ge21_no_direct_ca,minimum_polar_atom_distance_angstrom,31,44,2.164179096829873,-0.19122609398945567,4.519584287649201,True,0.28104151505976915,0.5067306911128426
esm3_frozen_bilstm_attn,test,1,evidence_dominated,sequence_distal_ge21_no_direct_ca,neq,31,44,0.401818669120266,0.2163936583080366,0.5872436799324954,True,0.003326892852783203,0.01062690954414203
esm3_frozen_bilstm_attn,test,1,evidence_dominated,sequence_distal_ge21_no_direct_ca,nonlocal_contact_path_exists,31,44,0.011810089921301234,-0.033607771704426914,0.05722795154702938,True,0.6476058959960938,0.9186486192404653
esm3_frozen_bilstm_attn,test,1,evidence_dominated,sequence_distal_ge21_no_direct_ca,normalized_query_position,31,44,0.024601878995578568,-0.02987131901134878,0.07907507700250592,True,1.0,1.0
esm3_frozen_bilstm_attn,test,1,evidence_dominated,sequence_distal_ge21_no_direct_ca,one_water_bridge,31,44,0.002955445048806513,-0.004531089967962995,0.010441980065576022,True,1.0,1.0
esm3_frozen_bilstm_attn,test,1,evidence_dominated,sequence_distal_ge21_no_direct_ca,ordinary_contact_path_exists,31,44,0.0,0.0,0.0,True,1.0,1.0
esm3_frozen_bilstm_attn,test,1,evidence_dominated,sequence_distal_ge21_no_direct_ca,query_distance_to_band_domain_boundary_sequence,30,43,-1.1352770536917227,-7.907655385191883,5.637101277808438,True,0.5846647117286922,0.8681977659115028
esm3_frozen_bilstm_attn,test,1,evidence_dominated,sequence_distal_ge21_no_direct_ca,query_distance_to_community_boundary_edges,31,44,0.26611894315105794,-0.08076949047649495,0.6130073767786108,True,0.14961278438568115,0.3009199377904527
esm3_frozen_bilstm_attn,test,1,evidence_dominated,sequence_distal_ge21_no_direct_ca,query_distance_to_ecod_boundary_sequence,31,44,1.0537545832010395,-4.160076365792618,6.267585532194698,True,1.0,1.0
esm3_frozen_bilstm_attn,test,1,evidence_dominated,sequence_distal_ge21_no_direct_ca,query_in_any_band,31,44,0.26304601916136516,0.08380817967502427,0.44228385864770603,True,0.26493089646101,0.48357376373561534
esm3_frozen_bilstm_attn,test,1,evidence_dominated,sequence_distal_ge21_no_direct_ca,query_to_band_contact_count,31,44,0.0,0.0,0.0,True,1.0,1.0
esm3_frozen_bilstm_attn,test,1,evidence_dominated,sequence_distal_ge21_no_direct_ca,query_to_band_contact_fraction,31,44,0.0,0.0,0.0,True,1.0,1.0
esm3_frozen_bilstm_attn,test,1,evidence_dominated,sequence_distal_ge21_no_direct_ca,query_water_contact_count,31,44,0.19818258046134882,-0.01617841200126363,0.41254357292396127,True,0.47312965989112854,0.7455885323572709
esm3_frozen_bilstm_attn,test,1,evidence_dominated,sequence_distal_ge21_no_direct_ca,reachable_query_water_entry_count,31,44,0.003220696938085842,-0.004264678285403038,0.010706072161574723,True,0.625,0.9046454767726161
esm3_frozen_bilstm_attn,test,1,evidence_dominated,sequence_distal_ge21_no_direct_ca,relative_backbone_orientation_cosine,31,44,-0.039374476698495704,-0.1572892333354695,0.07854027993847812,True,0.14961278438568115,0.3009199377904527
esm3_frozen_bilstm_attn,test,1,evidence_dominated,sequence_distal_ge21_no_direct_ca,rsa,31,44,0.06527790971169906,0.02195595463222643,0.10859986479117167,True,0.07075554598122835,0.1590656324843817
esm3_frozen_bilstm_attn,test,1,evidence_dominated,sequence_distal_ge21_no_direct_ca,same_community_as_band_apex,31,44,-0.013236430008757148,-0.06235490059474353,0.035882040577229234,True,0.052478790283203125,0.12328350733196924
esm3_frozen_bilstm_attn,test,1,evidence_dominated,sequence_distal_ge21_no_direct_ca,same_ecod_domain_as_band_apex,30,43,-0.006681161101059928,-0.04382166504648329,0.030459342844363434,True,0.14599609375,0.29734984231651373
esm3_frozen_bilstm_attn,test,1,evidence_dominated,sequence_distal_ge21_no_direct_ca,shared_water_count,31,44,0.002886517557956442,-0.004603798605792703,0.010376833721705586,True,1.0,1.0
esm3_frozen_bilstm_attn,test,1,evidence_dominated,sequence_distal_ge21_no_direct_ca,shared_water_fraction_of_band_contacts,31,44,0.0005279475814490968,-0.0007060112692980008,0.0017619064321961943,True,1.0,1.0
esm3_frozen_bilstm_attn,test,1,evidence_dominated,sequence_distal_ge21_no_direct_ca,shared_water_fraction_of_query_contacts,31,44,0.001226011258725242,-0.0026430098386141035,0.005095032356064588,True,1.0,1.0
esm3_frozen_bilstm_attn,test,1,evidence_dominated,sequence_distal_ge21_no_direct_ca,shares_any_ecod_domain_with_band,30,43,-0.008193790784706821,-0.045567947506026066,0.029180365936612426,True,0.14599609375,0.29734984231651373
esm3_frozen_bilstm_attn,test,1,evidence_dominated,sequence_distal_ge21_no_direct_ca,shortest_nonlocal_contact_path_edges,30,43,0.29002305106511195,-0.2565723352386524,0.8366184373688763,True,0.5846647117286922,0.8681977659115028
esm3_frozen_bilstm_attn,test,1,evidence_dominated,sequence_distal_ge21_no_direct_ca,shortest_ordinary_contact_path_edges,31,44,0.3994853279801802,-0.0927820419550009,0.8917526979153614,True,0.47312965989112854,0.7455885323572709
esm3_frozen_bilstm_attn,test,1,evidence_dominated,sequence_distal_ge21_no_direct_ca,torsion_change_from_previous,31,44,5.212529701093736,-3.710191102135024,14.135250504322496,True,0.029449373483657837,0.07547198745595428
esm3_frozen_bilstm_attn,test,1,evidence_dominated,sequence_distal_ge21_no_direct_ca,water_path_at_most_1,31,44,0.002955445048806513,-0.004531089967962995,0.010441980065576022,True,1.0,1.0
esm3_frozen_bilstm_attn,test,1,evidence_dominated,sequence_distal_ge21_no_direct_ca,water_path_at_most_2,31,44,0.0029137151186338743,-0.004574793239173469,0.010402223476441218,True,1.0,1.0
esm3_frozen_bilstm_attn,test,1,evidence_dominated,sequence_distal_ge21_no_direct_ca,water_path_at_most_3,31,44,0.003084802995443045,-0.004401779026499768,0.01057138501738586,True,1.0,1.0
esm3_frozen_bilstm_attn,test,1,evidence_dominated,sequence_distal_ge21_no_direct_ca,water_path_exists,31,44,0.003182434771187061,-0.004301208914874852,0.010666078457248974,True,0.625,0.9046454767726161
esm3_frozen_bilstm_attn,test,1,evidence_dominated,sequence_distal_ge21_no_direct_ca,water_path_without_direct_ca_contact,31,44,0.003182434771187061,-0.004301208914874852,0.010666078457248974,True,0.625,0.9046454767726161
esm3_frozen_bilstm_attn,test,1,evidence_dominated,sequence_distal_ge21_no_direct_ca,water_path_without_direct_polar_contact,31,44,0.0032513622620371383,-0.00423598916168549,0.010738713685759767,True,0.625,0.9046454767726161
esm3_frozen_bilstm_attn,test,1,consultation_dominated,all_eligible_queries,absolute_backbone_orientation_cosine,8,9,-0.05266466604634406,,,False,,
esm3_frozen_bilstm_attn,test,1,consultation_dominated,all_eligible_queries,absolute_sequence_separation,8,9,9.193105804162302,,,False,,
esm3_frozen_bilstm_attn,test,1,consultation_dominated,all_eligible_queries,band_water_contact_count,8,9,0.0,,,False,,
esm3_frozen_bilstm_attn,test,1,consultation_dominated,all_eligible_queries,direct_ca_contact,8,9,0.09017497101976049,,,False,,
esm3_frozen_bilstm_attn,test,1,consultation_dominated,all_eligible_queries,direct_putative_polar_contact,8,9,0.035416666666666666,,,False,,
esm3_frozen_bilstm_attn,test,1,consultation_dominated,all_eligible_queries,direct_putative_polar_contact_count,8,9,-0.05416666666666668,,,False,,
esm3_frozen_bilstm_attn,test,1,consultation_dominated,all_eligible_queries,disorder,8,9,-0.14459921713694132,,,False,,
esm3_frozen_bilstm_attn,test,1,consultation_dominated,all_eligible_queries,minimum_ca_distance_angstrom,8,9,2.738310654674258,,,False,,
esm3_frozen_bilstm_attn,test,1,consultation_dominated,all_eligible_queries,minimum_heavy_atom_distance_angstrom,8,9,2.9162327207270127,,,False,,
esm3_frozen_bilstm_attn,test,1,consultation_dominated,all_eligible_queries,minimum_polar_atom_distance_angstrom,8,9,3.142888244844618,,,False,,
esm3_frozen_bilstm_attn,test,1,consultation_dominated,all_eligible_queries,neq,8,9,0.9300965331383365,,,False,,
esm3_frozen_bilstm_attn,test,1,consultation_dominated,all_eligible_queries,nonlocal_contact_path_exists,8,9,0.022014243545986363,,,False,,
esm3_frozen_bilstm_attn,test,1,consultation_dominated,all_eligible_queries,normalized_query_position,8,9,-0.043153112239245936,,,False,,
esm3_frozen_bilstm_attn,test,1,consultation_dominated,all_eligible_queries,one_water_bridge,8,9,-0.039843750003880504,,,False,,
esm3_frozen_bilstm_attn,test,1,consultation_dominated,all_eligible_queries,ordinary_contact_path_exists,8,9,0.0,,,False,,
esm3_frozen_bilstm_attn,test,1,consultation_dominated,all_eligible_queries,query_distance_to_band_domain_boundary_sequence,8,9,3.409257886523293,,,False,,
esm3_frozen_bilstm_attn,test,1,consultation_dominated,all_eligible_queries,query_distance_to_community_boundary_edges,8,9,0.5586138302903799,,,False,,
esm3_frozen_bilstm_attn,test,1,consultation_dominated,all_eligible_queries,query_distance_to_ecod_boundary_sequence,8,9,0.4377200580778575,,,False,,
esm3_frozen_bilstm_attn,test,1,consultation_dominated,all_eligible_queries,query_in_any_band,8,9,0.4403385046831676,,,False,,
esm3_frozen_bilstm_attn,test,1,consultation_dominated,all_eligible_queries,query_to_band_contact_count,8,9,0.2482478877019492,,,False,,
esm3_frozen_bilstm_attn,test,1,consultation_dominated,all_eligible_queries,query_to_band_contact_fraction,8,9,0.06399929592236213,,,False,,
esm3_frozen_bilstm_attn,test,1,consultation_dominated,all_eligible_queries,query_water_contact_count,8,9,-0.057042713658440686,,,False,,
esm3_frozen_bilstm_attn,test,1,consultation_dominated,all_eligible_queries,reachable_query_water_entry_count,8,9,-0.030208333348855372,,,False,,
esm3_frozen_bilstm_attn,test,1,consultation_dominated,all_eligible_queries,relative_backbone_orientation_cosine,8,9,0.15947737039643384,,,False,,
esm3_frozen_bilstm_attn,test,1,consultation_dominated,all_eligible_queries,rsa,8,9,-0.03319609410868477,,,False,,
esm3_frozen_bilstm_attn,test,1,consultation_dominated,all_eligible_queries,same_community_as_band_apex,8,9,-0.293478202063679,,,False,,
esm3_frozen_bilstm_attn,test,1,consultation_dominated,all_eligible_queries,same_ecod_domain_as_band_apex,8,9,-0.030830337426492136,,,False,,
esm3_frozen_bilstm_attn,test,1,consultation_dominated,all_eligible_queries,shared_water_count,8,9,-0.029427083337213847,,,False,,
esm3_frozen_bilstm_attn,test,1,consultation_dominated,all_eligible_queries,shared_water_fraction_of_band_contacts,8,9,-0.012773437736905188,,,False,,
esm3_frozen_bilstm_attn,test,1,consultation_dominated,all_eligible_queries,shared_water_fraction_of_query_contacts,8,9,-0.04277343762514647,,,False,,
esm3_frozen_bilstm_attn,test,1,consultation_dominated,all_eligible_queries,shares_any_ecod_domain_with_band,8,9,-0.030830337426492136,,,False,,
esm3_frozen_bilstm_attn,test,1,consultation_dominated,all_eligible_queries,shortest_nonlocal_contact_path_edges,8,9,1.0745685260920297,,,False,,
esm3_frozen_bilstm_attn,test,1,consultation_dominated,all_eligible_queries,shortest_ordinary_contact_path_edges,8,9,0.7383198995675361,,,False,,
esm3_frozen_bilstm_attn,test,1,consultation_dominated,all_eligible_queries,torsion_change_from_previous,8,9,-9.11429963665484,,,False,,
esm3_frozen_bilstm_attn,test,1,consultation_dominated,all_eligible_queries,water_path_at_most_1,8,9,-0.039843750003880504,,,False,,
esm3_frozen_bilstm_attn,test,1,consultation_dominated,all_eligible_queries,water_path_at_most_2,8,9,-0.04036458336437742,,,False,,
esm3_frozen_bilstm_attn,test,1,consultation_dominated,all_eligible_queries,water_path_at_most_3,8,9,-0.04036458336437742,,,False,,
esm3_frozen_bilstm_attn,test,1,consultation_dominated,all_eligible_queries,water_path_exists,8,9,-0.04036458336437742,,,False,,
esm3_frozen_bilstm_attn,test,1,consultation_dominated,all_eligible_queries,water_path_without_direct_ca_contact,8,9,0.0,,,False,,
esm3_frozen_bilstm_attn,test,1,consultation_dominated,all_eligible_queries,water_path_without_direct_polar_contact,8,9,-0.06328125003104408,,,False,,
esm3_frozen_bilstm_attn,test,1,combined,all_eligible_queries,shortest_water_path_water_count,33,38,-0.18434343915997128,-0.511367561641108,0.14268068332116537,True,0.332305908203125,0.5696672712053571
esm3_frozen_bilstm_attn,test,-1,combined,sequence_distal_ge21_no_direct_ca,shortest_water_path_water_count,2,2,0.5,,,False,,
esm3_frozen_bilstm_attn,test,1,unclassified,all_eligible_queries,absolute_backbone_orientation_cosine,8,11,-0.013048930921488303,,,False,,
esm3_frozen_bilstm_attn,test,1,unclassified,all_eligible_queries,absolute_sequence_separation,8,11,1.6293188896449773,,,False,,
esm3_frozen_bilstm_attn,test,1,unclassified,all_eligible_queries,band_water_contact_count,8,11,0.0,,,False,,
esm3_frozen_bilstm_attn,test,1,unclassified,all_eligible_queries,direct_ca_contact,8,11,0.0976228628618022,,,False,,
esm3_frozen_bilstm_attn,test,1,unclassified,all_eligible_queries,direct_putative_polar_contact,8,11,0.020833333333333325,,,False,,
esm3_frozen_bilstm_attn,test,1,unclassified,all_eligible_queries,direct_putative_polar_contact_count,8,11,0.04166666666666665,,,False,,
esm3_frozen_bilstm_attn,test,1,unclassified,all_eligible_queries,disorder,8,11,-0.04738091705268155,,,False,,
esm3_frozen_bilstm_attn,test,1,unclassified,all_eligible_queries,mean_query_contact_water_degree,7,8,-0.059659864221300395,,,False,,
esm3_frozen_bilstm_attn,test,1,unclassified,all_eligible_queries,minimum_ca_distance_angstrom,8,11,2.068238854408264,,,False,,
esm3_frozen_bilstm_attn,test,1,unclassified,all_eligible_queries,minimum_heavy_atom_distance_angstrom,8,11,2.2136046522193484,,,False,,
esm3_frozen_bilstm_attn,test,1,unclassified,all_eligible_queries,minimum_polar_atom_distance_angstrom,8,11,2.2594131148523755,,,False,,
esm3_frozen_bilstm_attn,test,1,unclassified,all_eligible_queries,neq,8,11,0.9908301370730717,,,False,,
esm3_frozen_bilstm_attn,test,1,unclassified,all_eligible_queries,nonlocal_contact_path_exists,8,11,0.013986819734175999,,,False,,
esm3_frozen_bilstm_attn,test,1,unclassified,all_eligible_queries,normalized_query_position,8,11,-0.01809821798740041,,,False,,
esm3_frozen_bilstm_attn,test,1,unclassified,all_eligible_queries,one_water_bridge,8,11,-0.024305556590358414,,,False,,
esm3_frozen_bilstm_attn,test,1,unclassified,all_eligible_queries,ordinary_contact_path_exists,8,11,0.0,,,False,,
esm3_frozen_bilstm_attn,test,1,unclassified,all_eligible_queries,query_distance_to_band_domain_boundary_sequence,8,11,0.5313363207711115,,,False,,
esm3_frozen_bilstm_attn,test,1,unclassified,all_eligible_queries,query_distance_to_community_boundary_edges,8,11,0.31886861152533036,,,False,,
esm3_frozen_bilstm_attn,test,1,unclassified,all_eligible_queries,query_distance_to_ecod_boundary_sequence,8,11,-3.22979572084215,,,False,,
esm3_frozen_bilstm_attn,test,1,unclassified,all_eligible_queries,query_in_any_band,8,11,0.7221574721574722,,,False,,
esm3_frozen_bilstm_attn,test,1,unclassified,all_eligible_queries,query_to_band_contact_count,8,11,0.39623397293811047,,,False,,
esm3_frozen_bilstm_attn,test,1,unclassified,all_eligible_queries,query_to_band_contact_fraction,8,11,0.053721511464876436,,,False,,
esm3_frozen_bilstm_attn,test,1,unclassified,all_eligible_queries,query_water_contact_count,8,11,0.19582561879522273,,,False,,
esm3_frozen_bilstm_attn,test,1,unclassified,all_eligible_queries,reachable_query_water_entry_count,8,11,-0.027777778605620064,,,False,,
esm3_frozen_bilstm_attn,test,1,unclassified,all_eligible_queries,relative_backbone_orientation_cosine,8,11,-0.017928484361618757,,,False,,
esm3_frozen_bilstm_attn,test,1,unclassified,all_eligible_queries,rsa,8,11,0.07411633993775603,,,False,,
esm3_frozen_bilstm_attn,test,1,unclassified,all_eligible_queries,same_community_as_band_apex,8,11,0.033449403475970065,,,False,,
esm3_frozen_bilstm_attn,test,1,unclassified,all_eligible_queries,same_community_as_band_majority,8,11,0.033449403475970065,,,False,,
esm3_frozen_bilstm_attn,test,1,unclassified,all_eligible_queries,same_ecod_domain_as_band_apex,8,11,0.0466067437082529,,,False,,
esm3_frozen_bilstm_attn,test,1,unclassified,all_eligible_queries,shared_water_count,8,11,-0.024305556590358414,,,False,,
esm3_frozen_bilstm_attn,test,1,unclassified,all_eligible_queries,shared_water_fraction_of_band_contacts,8,11,0.002777777301768475,,,False,,
esm3_frozen_bilstm_attn,test,1,unclassified,all_eligible_queries,shared_water_fraction_of_query_contacts,8,11,-0.031250000620881714,,,False,,
esm3_frozen_bilstm_attn,test,1,unclassified,all_eligible_queries,shares_any_ecod_domain_with_band,8,11,0.0466067437082529,,,False,,
esm3_frozen_bilstm_attn,test,1,unclassified,all_eligible_queries,shortest_nonlocal_contact_path_edges,8,11,0.7431681834989123,,,False,,
esm3_frozen_bilstm_attn,test,1,unclassified,all_eligible_queries,shortest_ordinary_contact_path_edges,8,11,0.4413425077994665,,,False,,
esm3_frozen_bilstm_attn,test,1,unclassified,all_eligible_queries,shortest_water_path_water_count,2,2,0.25,,,False,,
esm3_frozen_bilstm_attn,test,1,unclassified,all_eligible_queries,torsion_change_from_previous,8,11,1.9789107717508454,,,False,,
esm3_frozen_bilstm_attn,test,1,unclassified,all_eligible_queries,water_path_at_most_1,8,11,-0.024305556590358414,,,False,,
esm3_frozen_bilstm_attn,test,1,unclassified,all_eligible_queries,water_path_at_most_2,8,11,-0.027777778605620064,,,False,,
esm3_frozen_bilstm_attn,test,1,unclassified,all_eligible_queries,water_path_at_most_3,8,11,-0.027777778605620064,,,False,,
esm3_frozen_bilstm_attn,test,1,unclassified,all_eligible_queries,water_path_exists,8,11,-0.027777778605620064,,,False,,
esm3_frozen_bilstm_attn,test,1,unclassified,all_eligible_queries,water_path_without_direct_ca_contact,8,11,-0.034722222325702504,,,False,,
esm3_frozen_bilstm_attn,test,1,unclassified,all_eligible_queries,water_path_without_direct_polar_contact,8,11,-0.04861111131807168,,,False,,
esm3_frozen_bilstm_attn,test,1,unclassified,sequence_distal_ge21,absolute_backbone_orientation_cosine,7,10,0.0038988955673717423,,,False,,
esm3_frozen_bilstm_attn,test,1,unclassified,sequence_distal_ge21,absolute_sequence_separation,7,10,-0.021199564755464546,,,False,,
esm3_frozen_bilstm_attn,test,1,unclassified,sequence_distal_ge21,band_water_contact_count,7,10,0.0,,,False,,
esm3_frozen_bilstm_attn,test,1,unclassified,sequence_distal_ge21,direct_ca_contact,7,10,-0.011599511972495471,,,False,,
esm3_frozen_bilstm_attn,test,1,unclassified,sequence_distal_ge21,direct_putative_polar_contact,7,10,0.0,,,False,,
esm3_frozen_bilstm_attn,test,1,unclassified,sequence_distal_ge21,direct_putative_polar_contact_count,7,10,0.0,,,False,,
esm3_frozen_bilstm_attn,test,1,unclassified,sequence_distal_ge21,disorder,7,10,-0.085374155430306,,,False,,
esm3_frozen_bilstm_attn,test,1,unclassified,sequence_distal_ge21,mean_query_contact_water_degree,6,7,-0.08349206381373935,,,False,,
esm3_frozen_bilstm_attn,test,1,unclassified,sequence_distal_ge21,minimum_ca_distance_angstrom,7,10,2.8930486156826922,,,False,,
esm3_frozen_bilstm_attn,test,1,unclassified,sequence_distal_ge21,minimum_heavy_atom_distance_angstrom,7,10,2.726654007321312,,,False,,
esm3_frozen_bilstm_attn,test,1,unclassified,sequence_distal_ge21,minimum_polar_atom_distance_angstrom,7,10,2.467603127161662,,,False,,
esm3_frozen_bilstm_attn,test,1,unclassified,sequence_distal_ge21,neq,7,10,1.088876156541296,,,False,,
esm3_frozen_bilstm_attn,test,1,unclassified,sequence_distal_ge21,nonlocal_contact_path_exists,7,10,0.08476800436065311,,,False,,
esm3_frozen_bilstm_attn,test,1,unclassified,sequence_distal_ge21,normalized_query_position,7,10,0.03810608259974814,,,False,,
esm3_frozen_bilstm_attn,test,1,unclassified,sequence_distal_ge21,one_water_bridge,7,10,-0.0079365081730343,,,False,,
esm3_frozen_bilstm_attn,test,1,unclassified,sequence_distal_ge21,ordinary_contact_path_exists,7,10,0.0,,,False,,
esm3_frozen_bilstm_attn,test,1,unclassified,sequence_distal_ge21,query_distance_to_band_domain_boundary_sequence,7,10,3.68157012122018,,,False,,
esm3_frozen_bilstm_attn,test,1,unclassified,sequence_distal_ge21,query_distance_to_community_boundary_edges,7,9,0.3723084869838897,,,False,,
esm3_frozen_bilstm_attn,test,1,unclassified,sequence_distal_ge21,query_distance_to_ecod_boundary_sequence,7,10,-0.6168664977664046,,,False,,
esm3_frozen_bilstm_attn,test,1,unclassified,sequence_distal_ge21,query_in_any_band,7,10,0.7145562770562771,,,False,,
esm3_frozen_bilstm_attn,test,1,unclassified,sequence_distal_ge21,query_to_band_contact_count,7,10,-0.01953602014552977,,,False,,
esm3_frozen_bilstm_attn,test,1,unclassified,sequence_distal_ge21,query_to_band_contact_fraction,7,10,-0.004395604577092886,,,False,,
esm3_frozen_bilstm_attn,test,1,unclassified,sequence_distal_ge21,query_water_contact_count,7,10,0.41385357755990254,,,False,,
esm3_frozen_bilstm_attn,test,1,unclassified,sequence_distal_ge21,reachable_query_water_entry_count,7,10,-0.0119047619047619,,,False,,
esm3_frozen_bilstm_attn,test,1,unclassified,sequence_distal_ge21,relative_backbone_orientation_cosine,7,10,-0.2830605309988771,,,False,,
esm3_frozen_bilstm_attn,test,1,unclassified,sequence_distal_ge21,rsa,7,10,0.06372161390172289,,,False,,
esm3_frozen_bilstm_attn,test,1,unclassified,sequence_distal_ge21,same_community_as_band_apex,7,10,-0.05303468289119855,,,False,,
esm3_frozen_bilstm_attn,test,1,unclassified,sequence_distal_ge21,same_community_as_band_majority,7,10,-0.05303468289119855,,,False,,
esm3_frozen_bilstm_attn,test,1,unclassified,sequence_distal_ge21,same_ecod_domain_as_band_apex,7,10,0.05326484995228903,,,False,,
esm3_frozen_bilstm_attn,test,1,unclassified,sequence_distal_ge21,shared_water_count,7,10,-0.0079365081730343,,,False,,
esm3_frozen_bilstm_attn,test,1,unclassified,sequence_distal_ge21,shared_water_fraction_of_band_contacts,7,10,-0.0007936508350429,,,False,,
esm3_frozen_bilstm_attn,test,1,unclassified,sequence_distal_ge21,shared_water_fraction_of_query_contacts,7,10,-0.0079365081730343,,,False,,
esm3_frozen_bilstm_attn,test,1,unclassified,sequence_distal_ge21,shares_any_ecod_domain_with_band,7,10,0.05326484995228903,,,False,,
esm3_frozen_bilstm_attn,test,1,unclassified,sequence_distal_ge21,shortest_nonlocal_contact_path_edges,7,9,0.9653238427071343,,,False,,
esm3_frozen_bilstm_attn,test,1,unclassified,sequence_distal_ge21,shortest_ordinary_contact_path_edges,7,10,0.6141470273335774,,,False,,
esm3_frozen_bilstm_attn,test,1,unclassified,sequence_distal_ge21,shortest_water_path_water_count,1,1,0.5,,,False,,
esm3_frozen_bilstm_attn,test,1,unclassified,sequence_distal_ge21,torsion_change_from_previous,7,10,13.35111270169575,,,False,,
esm3_frozen_bilstm_attn,test,1,unclassified,sequence_distal_ge21,water_path_at_most_1,7,10,-0.0079365081730343,,,False,,
esm3_frozen_bilstm_attn,test,1,unclassified,sequence_distal_ge21,water_path_at_most_2,7,10,-0.0119047619047619,,,False,,
esm3_frozen_bilstm_attn,test,1,unclassified,sequence_distal_ge21,water_path_at_most_3,7,10,-0.0119047619047619,,,False,,
esm3_frozen_bilstm_attn,test,1,unclassified,sequence_distal_ge21,water_path_exists,7,10,-0.0119047619047619,,,False,,
esm3_frozen_bilstm_attn,test,1,unclassified,sequence_distal_ge21,water_path_without_direct_ca_contact,7,10,-0.003968254086517143,,,False,,
esm3_frozen_bilstm_attn,test,1,unclassified,sequence_distal_ge21,water_path_without_direct_polar_contact,7,10,-0.0119047619047619,,,False,,
esm3_frozen_bilstm_attn,test,1,unclassified,sequence_distal_ge21_no_direct_ca,absolute_backbone_orientation_cosine,7,10,-0.0005799947040421463,,,False,,
esm3_frozen_bilstm_attn,test,1,unclassified,sequence_distal_ge21_no_direct_ca,absolute_sequence_separation,7,10,-0.03768308123898097,,,False,,
esm3_frozen_bilstm_attn,test,1,unclassified,sequence_distal_ge21_no_direct_ca,band_water_contact_count,7,10,0.0,,,False,,
esm3_frozen_bilstm_attn,test,1,unclassified,sequence_distal_ge21_no_direct_ca,direct_ca_contact,7,10,0.0,,,False,,
esm3_frozen_bilstm_attn,test,1,unclassified,sequence_distal_ge21_no_direct_ca,direct_putative_polar_contact,7,10,0.0,,,False,,
esm3_frozen_bilstm_attn,test,1,unclassified,sequence_distal_ge21_no_direct_ca,direct_putative_polar_contact_count,7,10,0.0,,,False,,
esm3_frozen_bilstm_attn,test,1,unclassified,sequence_distal_ge21_no_direct_ca,disorder,7,10,-0.08545498263714775,,,False,,
esm3_frozen_bilstm_attn,test,1,unclassified,sequence_distal_ge21_no_direct_ca,mean_query_contact_water_degree,6,7,-0.05293650958273146,,,False,,
esm3_frozen_bilstm_attn,test,1,unclassified,sequence_distal_ge21_no_direct_ca,minimum_ca_distance_angstrom,7,10,2.819092693782988,,,False,,
esm3_frozen_bilstm_attn,test,1,unclassified,sequence_distal_ge21_no_direct_ca,minimum_heavy_atom_distance_angstrom,7,10,2.6601212592352006,,,False,,
esm3_frozen_bilstm_attn,test,1,unclassified,sequence_distal_ge21_no_direct_ca,minimum_polar_atom_distance_angstrom,7,10,2.406520582380749,,,False,,
esm3_frozen_bilstm_attn,test,1,unclassified,sequence_distal_ge21_no_direct_ca,neq,7,10,1.0885573734725131,,,False,,
esm3_frozen_bilstm_attn,test,1,unclassified,sequence_distal_ge21_no_direct_ca,nonlocal_contact_path_exists,7,10,0.08476800436065311,,,False,,
esm3_frozen_bilstm_attn,test,1,unclassified,sequence_distal_ge21_no_direct_ca,normalized_query_position,7,10,0.03828871415373891,,,False,,
esm3_frozen_bilstm_attn,test,1,unclassified,sequence_distal_ge21_no_direct_ca,one_water_bridge,7,10,0.0,,,False,,
esm3_frozen_bilstm_attn,test,1,unclassified,sequence_distal_ge21_no_direct_ca,ordinary_contact_path_exists,7,10,0.0,,,False,,
esm3_frozen_bilstm_attn,test,1,unclassified,sequence_distal_ge21_no_direct_ca,query_distance_to_band_domain_boundary_sequence,7,10,3.441032886505126,,,False,,
esm3_frozen_bilstm_attn,test,1,unclassified,sequence_distal_ge21_no_direct_ca,query_distance_to_community_boundary_edges,7,9,0.3652877353486561,,,False,,
esm3_frozen_bilstm_attn,test,1,unclassified,sequence_distal_ge21_no_direct_ca,query_distance_to_ecod_boundary_sequence,7,10,-0.5161338760739286,,,False,,
esm3_frozen_bilstm_attn,test,1,unclassified,sequence_distal_ge21_no_direct_ca,query_in_any_band,7,10,0.7145562770562771,,,False,,
esm3_frozen_bilstm_attn,test,1,unclassified,sequence_distal_ge21_no_direct_ca,query_to_band_contact_count,7,10,0.0,,,False,,
esm3_frozen_bilstm_attn,test,1,unclassified,sequence_distal_ge21_no_direct_ca,query_to_band_contact_fraction,7,10,0.0,,,False,,
esm3_frozen_bilstm_attn,test,1,unclassified,sequence_distal_ge21_no_direct_ca,query_water_contact_count,7,10,0.4071380726638294,,,False,,
esm3_frozen_bilstm_attn,test,1,unclassified,sequence_distal_ge21_no_direct_ca,reachable_query_water_entry_count,7,10,-0.0079365074634552,,,False,,
esm3_frozen_bilstm_attn,test,1,unclassified,sequence_distal_ge21_no_direct_ca,relative_backbone_orientation_cosine,7,10,-0.27936694327564465,,,False,,
esm3_frozen_bilstm_attn,test,1,unclassified,sequence_distal_ge21_no_direct_ca,rsa,7,10,0.06223094546825127,,,False,,
esm3_frozen_bilstm_attn,test,1,unclassified,sequence_distal_ge21_no_direct_ca,same_community_as_band_apex,7,10,-0.047234925308397825,,,False,,
esm3_frozen_bilstm_attn,test,1,unclassified,sequence_distal_ge21_no_direct_ca,same_community_as_band_majority,7,10,-0.047234925308397825,,,False,,
esm3_frozen_bilstm_attn,test,1,unclassified,sequence_distal_ge21_no_direct_ca,same_ecod_domain_as_band_apex,7,10,0.04929659622056143,,,False,,
esm3_frozen_bilstm_attn,test,1,unclassified,sequence_distal_ge21_no_direct_ca,shared_water_count,7,10,0.0,,,False,,
esm3_frozen_bilstm_attn,test,1,unclassified,sequence_distal_ge21_no_direct_ca,shared_water_fraction_of_band_contacts,7,10,0.0,,,False,,
esm3_frozen_bilstm_attn,test,1,unclassified,sequence_distal_ge21_no_direct_ca,shared_water_fraction_of_query_contacts,7,10,0.0,,,False,,
esm3_frozen_bilstm_attn,test,1,unclassified,sequence_distal_ge21_no_direct_ca,shares_any_ecod_domain_with_band,7,10,0.04929659622056143,,,False,,
esm3_frozen_bilstm_attn,test,1,unclassified,sequence_distal_ge21_no_direct_ca,shortest_nonlocal_contact_path_edges,7,9,0.9402933205877032,,,False,,
esm3_frozen_bilstm_attn,test,1,unclassified,sequence_distal_ge21_no_direct_ca,shortest_ordinary_contact_path_edges,7,10,0.5949162415095738,,,False,,
esm3_frozen_bilstm_attn,test,1,unclassified,sequence_distal_ge21_no_direct_ca,shortest_water_path_water_count,1,1,0.0,,,False,,
esm3_frozen_bilstm_attn,test,1,unclassified,sequence_distal_ge21_no_direct_ca,torsion_change_from_previous,7,10,14.284095962868532,,,False,,
esm3_frozen_bilstm_attn,test,1,unclassified,sequence_distal_ge21_no_direct_ca,water_path_at_most_1,7,10,0.0,,,False,,
esm3_frozen_bilstm_attn,test,1,unclassified,sequence_distal_ge21_no_direct_ca,water_path_at_most_2,7,10,-0.0079365074634552,,,False,,
esm3_frozen_bilstm_attn,test,1,unclassified,sequence_distal_ge21_no_direct_ca,water_path_at_most_3,7,10,-0.0079365074634552,,,False,,
esm3_frozen_bilstm_attn,test,1,unclassified,sequence_distal_ge21_no_direct_ca,water_path_exists,7,10,-0.0079365074634552,,,False,,
esm3_frozen_bilstm_attn,test,1,unclassified,sequence_distal_ge21_no_direct_ca,water_path_without_direct_ca_contact,7,10,-0.0079365074634552,,,False,,
esm3_frozen_bilstm_attn,test,1,unclassified,sequence_distal_ge21_no_direct_ca,water_path_without_direct_polar_contact,7,10,-0.0079365074634552,,,False,,
esm3_frozen_bilstm_attn,test,1,consultation_dominated,all_eligible_queries,mean_query_contact_water_degree,6,7,0.03699074097805552,,,False,,
esm3_frozen_bilstm_attn,test,1,consultation_dominated,all_eligible_queries,same_community_as_band_majority,7,8,-0.19254651664420455,,,False,,
esm3_frozen_bilstm_attn,test,1,consultation_dominated,sequence_distal_ge21,absolute_backbone_orientation_cosine,7,8,-0.07089645243218153,,,False,,
esm3_frozen_bilstm_attn,test,1,consultation_dominated,sequence_distal_ge21,absolute_sequence_separation,7,8,11.231908334008617,,,False,,
esm3_frozen_bilstm_attn,test,1,consultation_dominated,sequence_distal_ge21,band_water_contact_count,7,8,0.0,,,False,,
esm3_frozen_bilstm_attn,test,1,consultation_dominated,sequence_distal_ge21,direct_ca_contact,7,8,0.06168806208234257,,,False,,
esm3_frozen_bilstm_attn,test,1,consultation_dominated,sequence_distal_ge21,direct_putative_polar_contact,7,8,0.0,,,False,,
esm3_frozen_bilstm_attn,test,1,consultation_dominated,sequence_distal_ge21,direct_putative_polar_contact_count,7,8,0.0,,,False,,
esm3_frozen_bilstm_attn,test,1,consultation_dominated,sequence_distal_ge21,disorder,7,8,-0.10540056466276505,,,False,,
esm3_frozen_bilstm_attn,test,1,consultation_dominated,sequence_distal_ge21,mean_query_contact_water_degree,6,7,0.03027777820825577,,,False,,
esm3_frozen_bilstm_attn,test,1,consultation_dominated,sequence_distal_ge21,minimum_ca_distance_angstrom,7,8,3.6825232911272114,,,False,,
esm3_frozen_bilstm_attn,test,1,consultation_dominated,sequence_distal_ge21,minimum_heavy_atom_distance_angstrom,7,8,4.047328898695861,,,False,,
esm3_frozen_bilstm_attn,test,1,consultation_dominated,sequence_distal_ge21,minimum_polar_atom_distance_angstrom,7,8,4.108008966964929,,,False,,
esm3_frozen_bilstm_attn,test,1,consultation_dominated,sequence_distal_ge21,neq,7,8,0.5828924957333068,,,False,,
esm3_frozen_bilstm_attn,test,1,consultation_dominated,sequence_distal_ge21,nonlocal_contact_path_exists,7,8,0.03206389747103867,,,False,,
esm3_frozen_bilstm_attn,test,1,consultation_dominated,sequence_distal_ge21,normalized_query_position,7,8,-0.029756378493214834,,,False,,
esm3_frozen_bilstm_attn,test,1,consultation_dominated,sequence_distal_ge21,one_water_bridge,7,8,-0.07202380953267926,,,False,,
esm3_frozen_bilstm_attn,test,1,consultation_dominated,sequence_distal_ge21,ordinary_contact_path_exists,7,8,0.0,,,False,,
esm3_frozen_bilstm_attn,test,1,consultation_dominated,sequence_distal_ge21,query_distance_to_band_domain_boundary_sequence,7,8,2.340793025736907,,,False,,
esm3_frozen_bilstm_attn,test,1,consultation_dominated,sequence_distal_ge21,query_distance_to_community_boundary_edges,7,8,0.7175484583998213,,,False,,
esm3_frozen_bilstm_attn,test,1,consultation_dominated,sequence_distal_ge21,query_distance_to_ecod_boundary_sequence,7,8,-0.3104883310746174,,,False,,
esm3_frozen_bilstm_attn,test,1,consultation_dominated,sequence_distal_ge21,query_in_any_band,7,8,0.5318352751934614,,,False,,
esm3_frozen_bilstm_attn,test,1,consultation_dominated,sequence_distal_ge21,query_to_band_contact_count,7,8,-0.010335747405988,,,False,,
esm3_frozen_bilstm_attn,test,1,consultation_dominated,sequence_distal_ge21,query_to_band_contact_fraction,7,8,-0.003445249125298057,,,False,,
esm3_frozen_bilstm_attn,test,1,consultation_dominated,sequence_distal_ge21,query_water_contact_count,7,8,-0.2185391785234821,,,False,,
esm3_frozen_bilstm_attn,test,1,consultation_dominated,sequence_distal_ge21,reachable_query_water_entry_count,7,8,-0.07380952384500275,,,False,,
esm3_frozen_bilstm_attn,test,1,consultation_dominated,sequence_distal_ge21,relative_backbone_orientation_cosine,7,8,0.1529885392737429,,,False,,
esm3_frozen_bilstm_attn,test,1,consultation_dominated,sequence_distal_ge21,rsa,7,8,0.019939557894218196,,,False,,
esm3_frozen_bilstm_attn,test,1,consultation_dominated,sequence_distal_ge21,same_community_as_band_apex,7,8,-0.2600210068531993,,,False,,
esm3_frozen_bilstm_attn,test,1,consultation_dominated,sequence_distal_ge21,same_community_as_band_majority,7,8,-0.2600210068531993,,,False,,
esm3_frozen_bilstm_attn,test,1,consultation_dominated,sequence_distal_ge21,same_ecod_domain_as_band_apex,7,8,-0.039758480705168776,,,False,,
esm3_frozen_bilstm_attn,test,1,consultation_dominated,sequence_distal_ge21,shared_water_count,7,8,-0.07202380953267926,,,False,,
esm3_frozen_bilstm_attn,test,1,consultation_dominated,sequence_distal_ge21,shared_water_fraction_of_band_contacts,7,8,-0.012053571785578416,,,False,,
esm3_frozen_bilstm_attn,test,1,consultation_dominated,sequence_distal_ge21,shared_water_fraction_of_query_contacts,7,8,-0.0715773809545984,,,False,,
esm3_frozen_bilstm_attn,test,1,consultation_dominated,sequence_distal_ge21,shares_any_ecod_domain_with_band,7,8,-0.039758480705168776,,,False,,
esm3_frozen_bilstm_attn,test,1,consultation_dominated,sequence_distal_ge21,shortest_nonlocal_contact_path_edges,7,8,1.3368765054916847,,,False,,
esm3_frozen_bilstm_attn,test,1,consultation_dominated,sequence_distal_ge21,shortest_ordinary_contact_path_edges,7,8,0.8782159418475872,,,False,,
esm3_frozen_bilstm_attn,test,1,consultation_dominated,sequence_distal_ge21,torsion_change_from_previous,7,8,-17.810514796118945,,,False,,
esm3_frozen_bilstm_attn,test,1,consultation_dominated,sequence_distal_ge21,water_path_at_most_1,7,8,-0.07202380953267926,,,False,,
esm3_frozen_bilstm_attn,test,1,consultation_dominated,sequence_distal_ge21,water_path_at_most_2,7,8,-0.07321428578524361,,,False,,
esm3_frozen_bilstm_attn,test,1,consultation_dominated,sequence_distal_ge21,water_path_at_most_3,7,8,-0.07321428578524361,,,False,,
esm3_frozen_bilstm_attn,test,1,consultation_dominated,sequence_distal_ge21,water_path_exists,7,8,-0.07321428578524361,,,False,,
esm3_frozen_bilstm_attn,test,1,consultation_dominated,sequence_distal_ge21,water_path_without_direct_ca_contact,7,8,0.0,,,False,,
esm3_frozen_bilstm_attn,test,1,consultation_dominated,sequence_distal_ge21,water_path_without_direct_polar_contact,7,8,-0.07321428578524361,,,False,,
esm3_frozen_bilstm_attn,test,1,consultation_dominated,sequence_distal_ge21_no_direct_ca,absolute_backbone_orientation_cosine,6,7,-0.013375759243019035,,,False,,
esm3_frozen_bilstm_attn,test,1,consultation_dominated,sequence_distal_ge21_no_direct_ca,absolute_sequence_separation,6,7,16.179200621973532,,,False,,
esm3_frozen_bilstm_attn,test,1,consultation_dominated,sequence_distal_ge21_no_direct_ca,band_water_contact_count,6,7,0.0,,,False,,
esm3_frozen_bilstm_attn,test,1,consultation_dominated,sequence_distal_ge21_no_direct_ca,direct_ca_contact,6,7,0.0,,,False,,
esm3_frozen_bilstm_attn,test,1,consultation_dominated,sequence_distal_ge21_no_direct_ca,direct_putative_polar_contact,6,7,0.0,,,False,,
esm3_frozen_bilstm_attn,test,1,consultation_dominated,sequence_distal_ge21_no_direct_ca,direct_putative_polar_contact_count,6,7,0.0,,,False,,
esm3_frozen_bilstm_attn,test,1,consultation_dominated,sequence_distal_ge21_no_direct_ca,disorder,6,7,-0.010335688958472315,,,False,,
esm3_frozen_bilstm_attn,test,1,consultation_dominated,sequence_distal_ge21_no_direct_ca,mean_query_contact_water_degree,5,6,0.036333333849906925,,,False,,
esm3_frozen_bilstm_attn,test,1,consultation_dominated,sequence_distal_ge21_no_direct_ca,minimum_ca_distance_angstrom,6,7,4.9338871543369605,,,False,,
esm3_frozen_bilstm_attn,test,1,consultation_dominated,sequence_distal_ge21_no_direct_ca,minimum_heavy_atom_distance_angstrom,6,7,5.051480323549302,,,False,,
esm3_frozen_bilstm_attn,test,1,consultation_dominated,sequence_distal_ge21_no_direct_ca,minimum_polar_atom_distance_angstrom,6,7,5.043428052039373,,,False,,
esm3_frozen_bilstm_attn,test,1,consultation_dominated,sequence_distal_ge21_no_direct_ca,neq,6,7,0.5051212829374105,,,False,,
esm3_frozen_bilstm_attn,test,1,consultation_dominated,sequence_distal_ge21_no_direct_ca,nonlocal_contact_path_exists,6,7,-0.04592545295045489,,,False,,
esm3_frozen_bilstm_attn,test,1,consultation_dominated,sequence_distal_ge21_no_direct_ca,normalized_query_position,6,7,0.03953400743673325,,,False,,
esm3_frozen_bilstm_attn,test,1,consultation_dominated,sequence_distal_ge21_no_direct_ca,one_water_bridge,6,7,0.0,,,False,,
esm3_frozen_bilstm_attn,test,1,consultation_dominated,sequence_distal_ge21_no_direct_ca,ordinary_contact_path_exists,6,7,0.0,,,False,,
esm3_frozen_bilstm_attn,test,1,consultation_dominated,sequence_distal_ge21_no_direct_ca,query_distance_to_band_domain_boundary_sequence,6,7,1.9102099017491423,,,False,,
esm3_frozen_bilstm_attn,test,1,consultation_dominated,sequence_distal_ge21_no_direct_ca,query_distance_to_community_boundary_edges,6,7,0.8401388070058254,,,False,,
esm3_frozen_bilstm_attn,test,1,consultation_dominated,sequence_distal_ge21_no_direct_ca,query_distance_to_ecod_boundary_sequence,6,7,-1.182951681197636,,,False,,
esm3_frozen_bilstm_attn,test,1,consultation_dominated,sequence_distal_ge21_no_direct_ca,query_in_any_band,6,7,0.4452819564847867,,,False,,
esm3_frozen_bilstm_attn,test,1,consultation_dominated,sequence_distal_ge21_no_direct_ca,query_to_band_contact_count,6,7,0.0,,,False,,
esm3_frozen_bilstm_attn,test,1,consultation_dominated,sequence_distal_ge21_no_direct_ca,query_to_band_contact_fraction,6,7,0.0,,,False,,
esm3_frozen_bilstm_attn,test,1,consultation_dominated,sequence_distal_ge21_no_direct_ca,query_water_contact_count,6,7,-0.34121005751547356,,,False,,
esm3_frozen_bilstm_attn,test,1,consultation_dominated,sequence_distal_ge21_no_direct_ca,reachable_query_water_entry_count,6,7,0.0,,,False,,
esm3_frozen_bilstm_attn,test,1,consultation_dominated,sequence_distal_ge21_no_direct_ca,relative_backbone_orientation_cosine,6,7,0.11687623106297991,,,False,,
esm3_frozen_bilstm_attn,test,1,consultation_dominated,sequence_distal_ge21_no_direct_ca,rsa,6,7,0.054561088269652946,,,False,,
esm3_frozen_bilstm_attn,test,1,consultation_dominated,sequence_distal_ge21_no_direct_ca,same_community_as_band_apex,6,7,-0.3003130627958665,,,False,,
esm3_frozen_bilstm_attn,test,1,consultation_dominated,sequence_distal_ge21_no_direct_ca,same_community_as_band_majority,6,7,-0.3003130627958665,,,False,,
esm3_frozen_bilstm_attn,test,1,consultation_dominated,sequence_distal_ge21_no_direct_ca,same_ecod_domain_as_band_apex,6,7,-0.04638489415603023,,,False,,
esm3_frozen_bilstm_attn,test,1,consultation_dominated,sequence_distal_ge21_no_direct_ca,shared_water_count,6,7,0.0,,,False,,
esm3_frozen_bilstm_attn,test,1,consultation_dominated,sequence_distal_ge21_no_direct_ca,shared_water_fraction_of_band_contacts,6,7,0.0,,,False,,
esm3_frozen_bilstm_attn,test,1,consultation_dominated,sequence_distal_ge21_no_direct_ca,shared_water_fraction_of_query_contacts,6,7,0.0,,,False,,
esm3_frozen_bilstm_attn,test,1,consultation_dominated,sequence_distal_ge21_no_direct_ca,shares_any_ecod_domain_with_band,6,7,-0.04638489415603023,,,False,,
esm3_frozen_bilstm_attn,test,1,consultation_dominated,sequence_distal_ge21_no_direct_ca,shortest_nonlocal_contact_path_edges,6,7,1.532088780686969,,,False,,
esm3_frozen_bilstm_attn,test,1,consultation_dominated,sequence_distal_ge21_no_direct_ca,shortest_ordinary_contact_path_edges,6,7,1.0863993891647883,,,False,,
esm3_frozen_bilstm_attn,test,1,consultation_dominated,sequence_distal_ge21_no_direct_ca,torsion_change_from_previous,6,7,-4.238906277049802,,,False,,
esm3_frozen_bilstm_attn,test,1,consultation_dominated,sequence_distal_ge21_no_direct_ca,water_path_at_most_1,6,7,0.0,,,False,,
esm3_frozen_bilstm_attn,test,1,consultation_dominated,sequence_distal_ge21_no_direct_ca,water_path_at_most_2,6,7,0.0,,,False,,
esm3_frozen_bilstm_attn,test,1,consultation_dominated,sequence_distal_ge21_no_direct_ca,water_path_at_most_3,6,7,0.0,,,False,,
esm3_frozen_bilstm_attn,test,1,consultation_dominated,sequence_distal_ge21_no_direct_ca,water_path_exists,6,7,0.0,,,False,,
esm3_frozen_bilstm_attn,test,1,consultation_dominated,sequence_distal_ge21_no_direct_ca,water_path_without_direct_ca_contact,6,7,0.0,,,False,,
esm3_frozen_bilstm_attn,test,1,consultation_dominated,sequence_distal_ge21_no_direct_ca,water_path_without_direct_polar_contact,6,7,0.0,,,False,,
esm3_frozen_bilstm_attn,test,1,combined,sequence_distal_ge21,shortest_water_path_water_count,14,14,-0.13095239230564662,-0.7255704135863603,0.46366562897506713,True,0.5078125,0.7754729148753224
esm3_frozen_bilstm_attn,test,1,evidence_dominated,all_eligible_queries,same_community_as_band_majority,27,39,-0.018888877969873565,-0.08128870593939189,0.04351094999964476,True,0.21003961563110352,0.40546777974004333
esm3_frozen_bilstm_attn,test,1,evidence_dominated,sequence_distal_ge21,same_community_as_band_majority,27,39,-0.0007560192144487709,-0.0657701066324177,0.06425806820352015,True,0.13380050659179688,0.27760478937737293
esm3_frozen_bilstm_attn,test,1,evidence_dominated,sequence_distal_ge21_no_direct_ca,same_community_as_band_majority,27,39,-0.015274256485976157,-0.07223083524544571,0.041682322273493395,True,0.0783538818359375,0.17416332182806632
esm3_frozen_bilstm_attn,test,1,evidence_dominated,all_eligible_queries,shortest_water_path_water_count,2,4,0.0208333333333333,,,False,,
esm3_frozen_bilstm_attn,test,1,combined,sequence_distal_ge21_no_direct_ca,shortest_water_path_water_count,5,5,-0.2,,,False,,
esm3_frozen_bilstm_attn,test,-1,evidence_dominated,all_eligible_queries,shortest_water_path_water_count,6,9,0.6944444179534912,,,False,,
esm3_frozen_bilstm_attn,test,-1,evidence_dominated,sequence_distal_ge21,shortest_water_path_water_count,4,6,0.6041666269302369,,,False,,
esm3_frozen_bilstm_attn,test,-1,evidence_dominated,sequence_distal_ge21_no_direct_ca,shortest_water_path_water_count,2,2,0.5,,,False,,
esm3_frozen_bilstm_attn,test,1,evidence_dominated,sequence_distal_ge21,shortest_water_path_water_count,1,3,0.0416666666666666,,,False,,
esm3_frozen_bilstm_attn,test,1,evidence_dominated,sequence_distal_ge21_no_direct_ca,shortest_water_path_water_count,1,2,0.0,,,False,,
esm3_frozen_bilstm_attn,train,-1,combined,all_eligible_queries,absolute_backbone_orientation_cosine,658,2744,0.019623680067507396,0.010796128927928474,0.02845123120708632,True,0.00020767310033179416,0.0007797620004001405
esm3_frozen_bilstm_attn,train,-1,combined,all_eligible_queries,absolute_sequence_separation,661,2753,-1.5049471680871116,-2.4054718109124833,-0.6044225252617397,True,0.008123337942211244,0.023728697673301265
esm3_frozen_bilstm_attn,train,-1,combined,all_eligible_queries,band_water_contact_count,659,2746,0.0,0.0,0.0,True,1.0,1.0
esm3_frozen_bilstm_attn,train,-1,combined,all_eligible_queries,direct_ca_contact,659,2746,0.10654581738901221,0.09416800103437484,0.11892363374364959,True,5.14828642748537e-73,2.1263620221427946e-71
esm3_frozen_bilstm_attn,train,-1,combined,all_eligible_queries,direct_putative_polar_contact,659,2746,0.060677822236708874,0.051184012240850306,0.07017163223256745,True,2.8287980103990073e-59,8.66197459735972e-58
esm3_frozen_bilstm_attn,train,-1,combined,all_eligible_queries,direct_putative_polar_contact_count,659,2746,0.33636422248048803,0.302795736673183,0.36993270828779307,True,2.1704136826170188e-92,1.2434370001057502e-90
esm3_frozen_bilstm_attn,train,-1,combined,all_eligible_queries,disorder,661,2753,-0.015392543266656495,-0.018106359074384536,-0.012678727458928453,True,4.365221394050784e-141,5.168422130556128e-139
esm3_frozen_bilstm_attn,train,-1,combined,all_eligible_queries,mean_query_contact_water_degree,590,2560,0.020638764824200292,-0.008369923773954287,0.04964745342235487,True,1.0,1.0
esm3_frozen_bilstm_attn,train,-1,combined,all_eligible_queries,minimum_ca_distance_angstrom,659,2746,-2.897682259439059,-3.1394738887069495,-2.655890630171169,True,1.497138295225475e-92,8.863058707734813e-91
esm3_frozen_bilstm_attn,train,-1,combined,all_eligible_queries,minimum_heavy_atom_distance_angstrom,659,2746,-2.715312359604741,-2.9515718709593424,-2.4790528482501397,True,7.169795039116018e-91,3.97923624670939e-89
esm3_frozen_bilstm_attn,train,-1,combined,all_eligible_queries,minimum_polar_atom_distance_angstrom,659,2746,-2.340925847123239,-2.574335286824936,-2.1075164074215422,True,3.8973779096748e-73,1.6480340875196297e-71
esm3_frozen_bilstm_attn,train,-1,combined,all_eligible_queries,neq,661,2753,-0.4310526331119591,-0.4540547454147015,-0.4080505208092168,True,8.361089130433666e-199,1.4849294295650191e-195
esm3_frozen_bilstm_attn,train,-1,combined,all_eligible_queries,nonlocal_contact_path_exists,659,2746,0.011173893421053049,0.006558193057400115,0.015789593784705982,True,7.183257715107875e-39,1.2757465702031586e-37
esm3_frozen_bilstm_attn,train,-1,combined,all_eligible_queries,normalized_query_position,661,2753,-0.005743785430769545,-0.013357209659496922,0.0018696387979578316,True,0.08693018740960151,0.19036746342719146
esm3_frozen_bilstm_attn,train,-1,combined,all_eligible_queries,one_water_bridge,659,2746,0.002039068388467193,-0.002452965617126039,0.006531102394060425,True,0.8647397156679187,1.0
esm3_frozen_bilstm_attn,train,-1,combined,all_eligible_queries,ordinary_contact_path_exists,659,2746,0.0,0.0,0.0,True,1.0,1.0
esm3_frozen_bilstm_attn,train,-1,combined,all_eligible_queries,query_distance_to_band_domain_boundary_sequence,658,2735,-0.07583327876936145,-1.055586659048354,0.9039201015096312,True,0.7849636419958936,1.0
esm3_frozen_bilstm_attn,train,-1,combined,all_eligible_queries,query_distance_to_community_boundary_edges,657,2744,-0.34375108444211977,-0.3780748525771456,-0.3094273163070939,True,1.671364438969213e-61,5.396987715653314e-60
esm3_frozen_bilstm_attn,train,-1,combined,all_eligible_queries,query_distance_to_ecod_boundary_sequence,659,2742,1.3577910499060477,0.480670185713181,2.234911914098914,True,0.0023530293362152236,0.0075843559003960755
esm3_frozen_bilstm_attn,train,-1,combined,all_eligible_queries,query_in_any_band,661,2753,0.49158482772600315,0.46686862848418587,0.5163010269678204,True,4.6761667651273706e-126,3.954701035650576e-124
esm3_frozen_bilstm_attn,train,-1,combined,all_eligible_queries,query_to_band_contact_count,659,2746,0.46494181646828875,0.42328522004952773,0.5065984128870498,True,1.6707761115538313e-112,1.290129727878089e-110
esm3_frozen_bilstm_attn,train,-1,combined,all_eligible_queries,query_to_band_contact_fraction,659,2746,0.09407374931135068,0.08593199164231087,0.10221550698039049,True,1.1779273749218624e-114,9.509086444823762e-113
esm3_frozen_bilstm_attn,train,-1,combined,all_eligible_queries,query_water_contact_count,659,2746,-0.27333910323901883,-0.30893634458536595,-0.2377418618926717,True,1.5275209007891025e-53,4.0490703280618596e-52
esm3_frozen_bilstm_attn,train,-1,combined,all_eligible_queries,reachable_query_water_entry_count,659,2746,-0.0004838318167390069,-0.01050408071326741,0.009536417079789396,True,0.7541795954251869,0.991430763490105
esm3_frozen_bilstm_attn,train,-1,combined,all_eligible_queries,relative_backbone_orientation_cosine,658,2744,0.003230735611922359,-0.016162617462245774,0.02262408868609049,True,0.02620217281340356,0.06783536285219346
esm3_frozen_bilstm_attn,train,-1,combined,all_eligible_queries,rsa,661,2753,-0.15375534685866424,-0.16077177190923952,-0.14673892180808895,True,4.1695431953795065e-157,6.17092392916167e-155
esm3_frozen_bilstm_attn,train,-1,combined,all_eligible_queries,same_community_as_band_apex,659,2746,0.018664980798239486,0.004489992380478694,0.03283996921600028,True,0.0335279529533131,0.08512733267287591
esm3_frozen_bilstm_attn,train,-1,combined,all_eligible_queries,same_community_as_band_majority,639,2541,0.021190203106422167,0.0065550328782025494,0.03582537333464179,True,0.00543720753969348,0.01681509466471988
esm3_frozen_bilstm_attn,train,-1,combined,all_eligible_queries,same_ecod_domain_as_band_apex,658,2734,0.011313456745157784,0.004868098597423558,0.017758814892892008,True,0.019870551616344007,0.05277322606741914
esm3_frozen_bilstm_attn,train,-1,combined,all_eligible_queries,shared_water_count,659,2746,0.0003378404603711578,-0.006609015754704157,0.007284696675446472,True,1.0,1.0
esm3_frozen_bilstm_attn,train,-1,combined,all_eligible_queries,shared_water_fraction_of_band_contacts,659,2746,0.0012420697801872613,-0.00041772483519906677,0.002901864395573589,True,1.0,1.0
esm3_frozen_bilstm_attn,train,-1,combined,all_eligible_queries,shared_water_fraction_of_query_contacts,659,2746,0.0007336966258050996,-0.0026793235130086667,0.0041467167646188656,True,0.8647397156679187,1.0
esm3_frozen_bilstm_attn,train,-1,combined,all_eligible_queries,shares_any_ecod_domain_with_band,658,2735,0.011177165953965871,0.0047664775803811935,0.01758785432755055,True,0.027395935418365235,0.07082268020817563
esm3_frozen_bilstm_attn,train,-1,combined,all_eligible_queries,shortest_nonlocal_contact_path_edges,658,2744,-0.5503861481472772,-0.6046891336068686,-0.4960831626876857,True,7.280115726039656e-71,2.9385194385105523e-69
esm3_frozen_bilstm_attn,train,-1,combined,all_eligible_queries,shortest_ordinary_contact_path_edges,659,2746,-0.5478523655823965,-0.5990350274780216,-0.49666970368677127,True,6.99180714566716e-79,3.1839614078730453e-77
esm3_frozen_bilstm_attn,train,-1,combined,all_eligible_queries,shortest_water_path_water_count,68,86,-0.08496731957968542,-0.261956830046118,0.09202219088674721,True,0.8714146793645341,1.0
esm3_frozen_bilstm_attn,train,-1,combined,all_eligible_queries,torsion_change_from_previous,661,2753,-39.98214902908207,-41.91462113050521,-38.049676927658936,True,2.7973427443900874e-174,8.280134523394658e-172
esm3_frozen_bilstm_attn,train,-1,combined,all_eligible_queries,water_path_at_most_1,659,2746,0.002039068388467193,-0.002452965617126039,0.006531102394060425,True,0.8647397156679187,1.0
esm3_frozen_bilstm_attn,train,-1,combined,all_eligible_queries,water_path_at_most_2,659,2746,0.002581714939194985,-0.002166944994275654,0.007330374872665624,True,0.7495143729890353,0.9874907466086994
esm3_frozen_bilstm_attn,train,-1,combined,all_eligible_queries,water_path_at_most_3,659,2746,0.0024013215807384665,-0.0024331503152291746,0.007235793476706108,True,0.8341955707549278,1.0
esm3_frozen_bilstm_attn,train,-1,combined,all_eligible_queries,water_path_exists,659,2746,0.0020946878698033544,-0.002845680934794852,0.00703505667440156,True,0.8346412420903659,1.0
esm3_frozen_bilstm_attn,train,-1,combined,all_eligible_queries,water_path_without_direct_ca_contact,659,2746,-0.004226466705948362,-0.006511173243627296,-0.001941760168269429,True,9.481607559751952e-06,4.209833756529866e-05
esm3_frozen_bilstm_attn,train,-1,combined,all_eligible_queries,water_path_without_direct_polar_contact,659,2746,-0.004211692326788362,-0.006866335083557833,-0.001557049570018892,True,4.698335720088262e-05,0.0001918217066408449
esm3_frozen_bilstm_attn,train,-1,combined,sequence_distal_ge21,absolute_backbone_orientation_cosine,633,2681,0.003968096025618969,-0.004669873121933263,0.0126060651731712,True,0.6334272583814847,0.9106391835615104
esm3_frozen_bilstm_attn,train,-1,combined,sequence_distal_ge21,absolute_sequence_separation,636,2689,-2.4309765580166522,-3.5968735220501866,-1.2650795939831179,True,0.0005508335765127336,0.0019763241048214443
esm3_frozen_bilstm_attn,train,-1,combined,sequence_distal_ge21,band_water_contact_count,633,2682,0.0,0.0,0.0,True,1.0,1.0
esm3_frozen_bilstm_attn,train,-1,combined,sequence_distal_ge21,direct_ca_contact,633,2682,0.043394235581789946,0.03289254193568952,0.05389592922789037,True,3.041234573323533e-18,3.034400338327301e-17
esm3_frozen_bilstm_attn,train,-1,combined,sequence_distal_ge21,direct_putative_polar_contact,633,2682,-0.0012317975629481891,-0.005393706671395545,0.0029301115454991662,True,0.506421298635587,0.7754729148753224
esm3_frozen_bilstm_attn,train,-1,combined,sequence_distal_ge21,direct_putative_polar_contact_count,633,2682,-0.0008795732063888543,-0.005159093599993524,0.003399947187215815,True,0.506421298635587,0.7754729148753224
esm3_frozen_bilstm_attn,train,-1,combined,sequence_distal_ge21,disorder,636,2689,-0.014873563924526437,-0.01865554498020179,-0.011091582868851084,True,3.6714094339208457e-134,3.6224573081352346e-132
esm3_frozen_bilstm_attn,train,-1,combined,sequence_distal_ge21,mean_query_contact_water_degree,571,2508,0.01422172260880394,-0.015760245794607008,0.044203691012214885,True,0.8299725259747504,1.0
esm3_frozen_bilstm_attn,train,-1,combined,sequence_distal_ge21,minimum_ca_distance_angstrom,633,2682,-2.998989433243174,-3.322066870649083,-2.6759119958372652,True,1.2616540995447349e-62,4.309034001522017e-61
esm3_frozen_bilstm_attn,train,-1,combined,sequence_distal_ge21,minimum_heavy_atom_distance_angstrom,633,2682,-2.8865302625316147,-3.202610601215491,-2.5704499238477383,True,5.651148472605023e-66,2.0482529974176575e-64
esm3_frozen_bilstm_attn,train,-1,combined,sequence_distal_ge21,minimum_polar_atom_distance_angstrom,633,2682,-2.6325778143686716,-2.9448915676092926,-2.3202640611280505,True,2.8557905978496003e-56,8.180458228678854e-55
esm3_frozen_bilstm_attn,train,-1,combined,sequence_distal_ge21,neq,636,2689,-0.441669686775231,-0.4659526634732901,-0.4173867100771719,True,5.647391420390342e-186,5.014883581306624e-183
esm3_frozen_bilstm_attn,train,-1,combined,sequence_distal_ge21,nonlocal_contact_path_exists,633,2682,0.012972023279905657,0.006380696982401512,0.0195633495774098,True,9.62796454058168e-36,1.5404743264930688e-34
esm3_frozen_bilstm_attn,train,-1,combined,sequence_distal_ge21,normalized_query_position,636,2689,-0.007218806234964693,-0.017466584369253406,0.003028971899324018,True,0.062282958036766464,0.14384204612912516
esm3_frozen_bilstm_attn,train,-1,combined,sequence_distal_ge21,one_water_bridge,633,2682,-0.003220686367791238,-0.007015612024151132,0.0005742392885686562,True,0.025072115407896976,0.06519484182199857
esm3_frozen_bilstm_attn,train,-1,combined,sequence_distal_ge21,ordinary_contact_path_exists,633,2682,0.0,0.0,0.0,True,1.0,1.0
esm3_frozen_bilstm_attn,train,-1,combined,sequence_distal_ge21,query_distance_to_band_domain_boundary_sequence,631,2671,-0.14970939849394993,-1.3838372620297852,1.0844184650418853,True,0.8734979566959501,1.0
esm3_frozen_bilstm_attn,train,-1,combined,sequence_distal_ge21,query_distance_to_community_boundary_edges,630,2679,-0.3681568374126881,-0.4092375969409081,-0.32707607788446813,True,2.0381463188692356e-54,5.568842865095019e-53
esm3_frozen_bilstm_attn,train,-1,combined,sequence_distal_ge21,query_distance_to_ecod_boundary_sequence,632,2678,1.6871336317274628,0.5776339345620078,2.7966333288929177,True,0.007647023197761612,0.022661916266327308
esm3_frozen_bilstm_attn,train,-1,combined,sequence_distal_ge21,query_in_any_band,636,2689,0.5684206896734794,0.5419032819106356,0.5949380974363231,True,2.3539003692368616e-127,2.0902635278823331e-125
esm3_frozen_bilstm_attn,train,-1,combined,sequence_distal_ge21,query_to_band_contact_count,633,2682,0.0759967117565086,0.0546496667512215,0.0973437567617957,True,3.18405778172131e-17,2.9299930675321487e-16
esm3_frozen_bilstm_attn,train,-1,combined,sequence_distal_ge21,query_to_band_contact_fraction,633,2682,0.011995917146750442,0.008505076315941613,0.01548675797755927,True,2.007204450279353e-17,1.8861349755005984e-16
esm3_frozen_bilstm_attn,train,-1,combined,sequence_distal_ge21,query_water_contact_count,633,2682,-0.28182095769642584,-0.31809920409404147,-0.2455427112988102,True,2.0381463188692356e-54,5.568842865095019e-53
esm3_frozen_bilstm_attn,train,-1,combined,sequence_distal_ge21,reachable_query_water_entry_count,633,2682,-0.007423227847099571,-0.017268508548057,0.0024220528538578577,True,0.028503750488224268,0.07357944893471846
esm3_frozen_bilstm_attn,train,-1,combined,sequence_distal_ge21,relative_backbone_orientation_cosine,633,2681,-0.0013203319200321049,-0.022057844535679234,0.019417180695615027,True,0.38190364407966626,0.6434396264233075
esm3_frozen_bilstm_attn,train,-1,combined,sequence_distal_ge21,rsa,636,2689,-0.1516015163803148,-0.15900544188039287,-0.14419759088023673,True,1.9004486169205784e-144,2.4108548168935337e-142
esm3_frozen_bilstm_attn,train,-1,combined,sequence_distal_ge21,same_community_as_band_apex,633,2682,0.022812590990583703,0.008784887722779158,0.03684029425838825,True,0.013070081513616851,0.036845182171719885
esm3_frozen_bilstm_attn,train,-1,combined,sequence_distal_ge21,same_community_as_band_majority,615,2484,0.023348547213121344,0.009351985861564395,0.03734510856467829,True,0.05656757312210499,0.13184253263104784
esm3_frozen_bilstm_attn,train,-1,combined,sequence_distal_ge21,same_ecod_domain_as_band_apex,631,2670,0.013285773908927231,0.004662165256142577,0.021909382561711883,True,0.12515357836207935,0.2621140980790718
esm3_frozen_bilstm_attn,train,-1,combined,sequence_distal_ge21,shared_water_count,633,2682,-0.00497152728286973,-0.011610183797632097,0.0016671292318926369,True,0.025072115407896976,0.06519484182199857
esm3_frozen_bilstm_attn,train,-1,combined,sequence_distal_ge21,shared_water_fraction_of_band_contacts,633,2682,-0.0009434505888391896,-0.0019083571576614068,2.145597998302743e-05,True,0.009970063452442373,0.028651832834203327
esm3_frozen_bilstm_attn,train,-1,combined,sequence_distal_ge21,shared_water_fraction_of_query_contacts,633,2682,-0.002393489860278382,-0.005277573750000286,0.0004905940294435219,True,0.03502510593929697,0.08757012622720897
esm3_frozen_bilstm_attn,train,-1,combined,sequence_distal_ge21,shares_any_ecod_domain_with_band,631,2671,0.013024443220540218,0.004418053714000723,0.02163083272707971,True,0.15834592223790278,0.3166918444758055
esm3_frozen_bilstm_attn,train,-1,combined,sequence_distal_ge21,shortest_nonlocal_contact_path_edges,629,2678,-0.6100694566325882,-0.677549018110417,-0.5425898951547593,True,3.1980690208261225e-62,1.0716548266013573e-60
esm3_frozen_bilstm_attn,train,-1,combined,sequence_distal_ge21,shortest_ordinary_contact_path_edges,633,2682,-0.6069899595182239,-0.6743545764804142,-0.5396253425560336,True,1.8213818100293145e-60,5.675042271249232e-59
esm3_frozen_bilstm_attn,train,-1,combined,sequence_distal_ge21,shortest_water_path_water_count,54,64,-0.08950617247157627,-0.311042376257006,0.13203003131385344,True,0.720100131817162,0.9755041372890656
esm3_frozen_bilstm_attn,train,-1,combined,sequence_distal_ge21,torsion_change_from_previous,636,2689,-38.41889779173556,-40.29538673563131,-36.54240884783981,True,4.512774548703998e-174,1.1449553712140429e-171
esm3_frozen_bilstm_attn,train,-1,combined,sequence_distal_ge21,water_path_at_most_1,633,2682,-0.003220686367791238,-0.007015612024151132,0.0005742392885686562,True,0.025072115407896976,0.06519484182199857
esm3_frozen_bilstm_attn,train,-1,combined,sequence_distal_ge21,water_path_at_most_2,633,2682,-0.0029069215590403147,-0.006921563585557102,0.0011077204674764729,True,0.14621329780629644,0.2974511075646992
esm3_frozen_bilstm_attn,train,-1,combined,sequence_distal_ge21,water_path_at_most_3,633,2682,-0.003388594735139317,-0.007467742563018189,0.0006905530927395552,True,0.043821603408675094,0.10617621780874074
esm3_frozen_bilstm_attn,train,-1,combined,sequence_distal_ge21,water_path_exists,633,2682,-0.0035915476570368117,-0.007743542932865042,0.0005604476187914187,True,0.038304434907125894,0.09487960445614446
esm3_frozen_bilstm_attn,train,-1,combined,sequence_distal_ge21,water_path_without_direct_ca_contact,633,2682,-0.0023960942269634104,-0.004383008761410008,-0.00040917969251681296,True,0.007203828622098756,0.02179557007299385
esm3_frozen_bilstm_attn,train,-1,combined,sequence_distal_ge21,water_path_without_direct_polar_contact,633,2682,-0.001988652382480418,-0.004561048990360746,0.0005837442253999099,True,0.03442792482271673,0.08697581007844225
esm3_frozen_bilstm_attn,train,-1,combined,sequence_distal_ge21_no_direct_ca,absolute_backbone_orientation_cosine,631,2673,0.0028370693926776103,-0.006410431331338073,0.012084570116693293,True,1.0,1.0
esm3_frozen_bilstm_attn,train,-1,combined,sequence_distal_ge21_no_direct_ca,absolute_sequence_separation,631,2674,-2.3118327212275944,-3.504223710273708,-1.119441732181481,True,0.0010809753786522344,0.0036778012882880623
esm3_frozen_bilstm_attn,train,-1,combined,sequence_distal_ge21_no_direct_ca,band_water_contact_count,631,2674,0.0,0.0,0.0,True,1.0,1.0
esm3_frozen_bilstm_attn,train,-1,combined,sequence_distal_ge21_no_direct_ca,direct_ca_contact,631,2674,0.0,0.0,0.0,True,1.0,1.0
esm3_frozen_bilstm_attn,train,-1,combined,sequence_distal_ge21_no_direct_ca,direct_putative_polar_contact,631,2674,-0.00020809642523404582,-0.0016998513685732822,0.0012836585181051907,True,0.20999518680228335,0.40546777974004333
esm3_frozen_bilstm_attn,train,-1,combined,sequence_distal_ge21_no_direct_ca,direct_putative_polar_contact_count,631,2674,-2.4248817988140817e-05,-0.001719400694975527,0.0016709030589992452,True,0.20999518680228335,0.40546777974004333
esm3_frozen_bilstm_attn,train,-1,combined,sequence_distal_ge21_no_direct_ca,disorder,631,2674,-0.016156365105025716,-0.01949838104158256,-0.012814349168468873,True,8.60240448049355e-138,8.98698256315091e-136
esm3_frozen_bilstm_attn,train,-1,combined,sequence_distal_ge21_no_direct_ca,mean_query_contact_water_degree,568,2492,0.015124383106526045,-0.016836051459970622,0.04708481767302271,True,0.729960444974816,0.9769478148268828
esm3_frozen_bilstm_attn,train,-1,combined,sequence_distal_ge21_no_direct_ca,minimum_ca_distance_angstrom,631,2674,-2.9670009879460593,-3.290020486483296,-2.6439814894088225,True,3.2211361665823247e-66,1.1918203816354602e-64
esm3_frozen_bilstm_attn,train,-1,combined,sequence_distal_ge21_no_direct_ca,minimum_heavy_atom_distance_angstrom,631,2674,-2.873018524409762,-3.1918333177471876,-2.5542037310723362,True,3.4727385554423015e-64,1.2335167348931055e-62
esm3_frozen_bilstm_attn,train,-1,combined,sequence_distal_ge21_no_direct_ca,minimum_polar_atom_distance_angstrom,631,2674,-2.634658437459144,-2.9488831562207327,-2.320433718697555,True,1.79869168811174e-56,5.236846619813853e-55
esm3_frozen_bilstm_attn,train,-1,combined,sequence_distal_ge21_no_direct_ca,neq,631,2674,-0.4383730932926805,-0.46377057627795487,-0.4129756103074061,True,1.7787958770693282e-184,1.0530471592250423e-181
esm3_frozen_bilstm_attn,train,-1,combined,sequence_distal_ge21_no_direct_ca,nonlocal_contact_path_exists,631,2674,0.013682552418655035,0.006932893935876238,0.02043221090143383,True,9.62796454058168e-36,1.5404743264930688e-34
esm3_frozen_bilstm_attn,train,-1,combined,sequence_distal_ge21_no_direct_ca,normalized_query_position,631,2674,-0.005879398960567416,-0.016172876632389074,0.004414078711254244,True,0.339368554758283,0.580094853946786
esm3_frozen_bilstm_attn,train,-1,combined,sequence_distal_ge21_no_direct_ca,one_water_bridge,631,2674,-0.001398801019501545,-0.003199590749026102,0.0004019887100230122,True,0.07135326795326226,0.15960126433878308
esm3_frozen_bilstm_attn,train,-1,combined,sequence_distal_ge21_no_direct_ca,ordinary_contact_path_exists,631,2674,0.0,0.0,0.0,True,1.0,1.0
esm3_frozen_bilstm_attn,train,-1,combined,sequence_distal_ge21_no_direct_ca,query_distance_to_band_domain_boundary_sequence,628,2663,-0.0854440280326654,-1.3575790780737373,1.1866910220084066,True,0.9681736120924319,1.0
esm3_frozen_bilstm_attn,train,-1,combined,sequence_distal_ge21_no_direct_ca,query_distance_to_community_boundary_edges,628,2671,-0.3713547648479479,-0.413358272424166,-0.32935125727172976,True,9.584913678385002e-49,2.3975784074382764e-47
esm3_frozen_bilstm_attn,train,-1,combined,sequence_distal_ge21_no_direct_ca,query_distance_to_ecod_boundary_sequence,629,2670,1.6950311041312345,0.5602453878501163,2.8298168204123524,True,0.0052124173985274224,0.01618400926535787
esm3_frozen_bilstm_attn,train,-1,combined,sequence_distal_ge21_no_direct_ca,query_in_any_band,631,2674,0.5743406285861572,0.5478082224265013,0.6008730347458131,True,3.1002590918114247e-128,2.8979263931879423e-126
esm3_frozen_bilstm_attn,train,-1,combined,sequence_distal_ge21_no_direct_ca,query_to_band_contact_count,631,2674,0.0,0.0,0.0,True,1.0,1.0
esm3_frozen_bilstm_attn,train,-1,combined,sequence_distal_ge21_no_direct_ca,query_to_band_contact_fraction,631,2674,0.0,0.0,0.0,True,1.0,1.0
esm3_frozen_bilstm_attn,train,-1,combined,sequence_distal_ge21_no_direct_ca,query_water_contact_count,631,2674,-0.2607550277808727,-0.29788550035862593,-0.2236245552031194,True,1.6435009465480529e-49,4.169796687241917e-48
esm3_frozen_bilstm_attn,train,-1,combined,sequence_distal_ge21_no_direct_ca,reachable_query_water_entry_count,631,2674,-0.0025550285743881226,-0.005039432277643773,-7.062487113247175e-05,True,0.008722501247447119,0.02527106397302787
esm3_frozen_bilstm_attn,train,-1,combined,sequence_distal_ge21_no_direct_ca,relative_backbone_orientation_cosine,631,2673,-0.001127048297704251,-0.022446179696010517,0.020192083100602012,True,0.4259456125718609,0.6977259550595964
esm3_frozen_bilstm_attn,train,-1,combined,sequence_distal_ge21_no_direct_ca,rsa,631,2674,-0.14770662472583962,-0.15558058400481903,-0.1398326654468602,True,4.429040838911153e-139,4.91623533119138e-137
esm3_frozen_bilstm_attn,train,-1,combined,sequence_distal_ge21_no_direct_ca,same_community_as_band_apex,631,2674,0.015403452174330059,0.002490660451516911,0.028316243897143205,True,0.04748459891020635,0.11396303738449524
esm3_frozen_bilstm_attn,train,-1,combined,sequence_distal_ge21_no_direct_ca,same_community_as_band_majority,613,2476,0.016584897760637346,0.0037599170459849535,0.02940987847528974,True,0.11890345467537829,0.25109695065811155
esm3_frozen_bilstm_attn,train,-1,combined,sequence_distal_ge21_no_direct_ca,same_ecod_domain_as_band_apex,628,2662,0.014504786616847398,0.005492118174735407,0.02351745505895939,True,0.2688100302830913,0.4896478090079694
esm3_frozen_bilstm_attn,train,-1,combined,sequence_distal_ge21_no_direct_ca,shared_water_count,631,2674,-0.001394219271535557,-0.0033731273757745487,0.0005846888327034347,True,0.07135326795326226,0.15960126433878308
esm3_frozen_bilstm_attn,train,-1,combined,sequence_distal_ge21_no_direct_ca,shared_water_fraction_of_band_contacts,631,2674,-0.0002985009421731714,-0.0008813217266615287,0.00028431984231518597,True,0.03847150032552212,0.09489636746962123
esm3_frozen_bilstm_attn,train,-1,combined,sequence_distal_ge21_no_direct_ca,shared_water_fraction_of_query_contacts,631,2674,-0.0014492698547663781,-0.0031634832793605277,0.00026494356982777146,True,0.02026001125424602,0.053704149235135716
esm3_frozen_bilstm_attn,train,-1,combined,sequence_distal_ge21_no_direct_ca,shares_any_ecod_domain_with_band,628,2663,0.014253397611861273,0.005253076102934653,0.023253719120787893,True,0.3898213933200055,0.6519047029532296
esm3_frozen_bilstm_attn,train,-1,combined,sequence_distal_ge21_no_direct_ca,shortest_nonlocal_contact_path_edges,625,2668,-0.5651591345583872,-0.6303647677120858,-0.4999535014046886,True,2.2547006299768467e-61,7.150621997926571e-60
esm3_frozen_bilstm_attn,train,-1,combined,sequence_distal_ge21_no_direct_ca,shortest_ordinary_contact_path_edges,631,2674,-0.5810059578225397,-0.6470905547089046,-0.5149213609361748,True,5.413380838543818e-62,1.7804008091210777e-60
esm3_frozen_bilstm_attn,train,-1,combined,sequence_distal_ge21_no_direct_ca,torsion_change_from_previous,631,2674,-37.754278998104006,-39.54168772015475,-35.966870276053264,True,9.397744524790263e-171,2.0862992845034384e-168
esm3_frozen_bilstm_attn,train,-1,combined,sequence_distal_ge21_no_direct_ca,water_path_at_most_1,631,2674,-0.001398801019501545,-0.003199590749026102,0.0004019887100230122,True,0.07135326795326226,0.15960126433878308
esm3_frozen_bilstm_attn,train,-1,combined,sequence_distal_ge21_no_direct_ca,water_path_at_most_2,631,2674,-0.0018239166327438006,-0.0038416192161936638,0.00019378595070606262,True,0.015308531789131533,0.04228297427293562
esm3_frozen_bilstm_attn,train,-1,combined,sequence_distal_ge21_no_direct_ca,water_path_at_most_3,631,2674,-0.002065627910591122,-0.004140896845960842,9.641024778597913e-06,True,0.015205873559445634,0.042130470267668405
esm3_frozen_bilstm_attn,train,-1,combined,sequence_distal_ge21_no_direct_ca,water_path_exists,631,2674,-0.0021289189867563364,-0.004293997678318409,3.615970480573636e-05,True,0.008722501247447119,0.02527106397302787
esm3_frozen_bilstm_attn,train,-1,combined,sequence_distal_ge21_no_direct_ca,water_path_without_direct_ca_contact,631,2674,-0.0021289189867563364,-0.004293997678318409,3.615970480573636e-05,True,0.008722501247447119,0.02527106397302787
esm3_frozen_bilstm_attn,train,-1,combined,sequence_distal_ge21_no_direct_ca,water_path_without_direct_polar_contact,631,2674,-0.0022007799162092655,-0.004307621644190048,-9.393818822848359e-05,True,0.004118244470934732,0.013014238755124705
esm3_frozen_bilstm_attn,train,1,combined,all_eligible_queries,absolute_backbone_orientation_cosine,864,4425,-0.0032527782679305918,-0.011749403520997221,0.005243846985136037,True,0.04466370575419036,0.10777546388511153
esm3_frozen_bilstm_attn,train,1,combined,all_eligible_queries,absolute_sequence_separation,897,4806,-2.3051310465645733,-3.0593520633452256,-1.5509100297839211,True,1.9490210099572334e-14,1.5805759423214826e-13
esm3_frozen_bilstm_attn,train,1,combined,all_eligible_queries,band_water_contact_count,869,4448,6.393044367727849e-06,-6.154588710210045e-06,1.894067744566574e-05,True,1.0,1.0
esm3_frozen_bilstm_attn,train,1,combined,all_eligible_queries,direct_ca_contact,869,4448,0.06292799012865152,0.052195615918093866,0.07366036433920918,True,5.542808199743286e-55,1.5625440258323928e-53
esm3_frozen_bilstm_attn,train,1,combined,all_eligible_queries,direct_putative_polar_contact,869,4448,0.07144021769876553,0.061434193947139074,0.08144624145039199,True,3.922861575226405e-100,2.786800863040838e-98
esm3_frozen_bilstm_attn,train,1,combined,all_eligible_queries,direct_putative_polar_contact_count,869,4448,0.11695966355021858,0.09976590036693844,0.13415342673349873,True,6.217060304401665e-98,4.089444111339762e-96
esm3_frozen_bilstm_attn,train,1,combined,all_eligible_queries,disorder,897,4806,-0.03712082583357889,-0.04378181593344505,-0.03045983573371273,True,1.8503854469004788e-08,1.0366828245095427e-07
esm3_frozen_bilstm_attn,train,1,combined,all_eligible_queries,mean_query_contact_water_degree,800,4191,-0.021528919878472243,-0.045214162038211145,0.002156322281266658,True,0.007190966932185694,0.02179378373986654
esm3_frozen_bilstm_attn,train,1,combined,all_eligible_queries,minimum_ca_distance_angstrom,869,4448,0.6393120088323906,0.3046918643864004,0.9739321532783808,True,3.7907256682262873e-06,1.7716654702026016e-05
esm3_frozen_bilstm_attn,train,1,combined,all_eligible_queries,minimum_heavy_atom_distance_angstrom,869,4448,0.6764866660070171,0.34646904419357655,1.0065042878204578,True,5.2564217028768954e-06,2.4184986902355872e-05
esm3_frozen_bilstm_attn,train,1,combined,all_eligible_queries,minimum_polar_atom_distance_angstrom,869,4445,0.657755336873771,0.32689915170027295,0.988611522047269,True,9.970455564763172e-06,4.404857980850595e-05
esm3_frozen_bilstm_attn,train,1,combined,all_eligible_queries,neq,897,4806,0.6148610760297102,0.5832480531618848,0.6464740988975356,True,3.104997204985914e-179,1.3786187590137457e-176
esm3_frozen_bilstm_attn,train,1,combined,all_eligible_queries,nonlocal_contact_path_exists,869,4448,-0.028416217969693208,-0.03668121012081184,-0.020151225818574578,True,4.4821048022177863e-45,1.007622547941619e-43
esm3_frozen_bilstm_attn,train,1,combined,all_eligible_queries,normalized_query_position,897,4806,-0.014590724721717501,-0.022489268726111046,-0.006692180717323958,True,0.0032786791323729317,0.010491773223593381
esm3_frozen_bilstm_attn,train,1,combined,all_eligible_queries,one_water_bridge,869,4448,0.012306019077958556,0.00743755852358556,0.01717447963233155,True,0.050518929050396254,0.11962882399133833
esm3_frozen_bilstm_attn,train,1,combined,all_eligible_queries,ordinary_contact_path_exists,869,4448,0.00035217946969004114,-0.0004926933763652257,0.001197052315745308,True,1.0,1.0
esm3_frozen_bilstm_attn,train,1,combined,all_eligible_queries,query_distance_to_band_domain_boundary_sequence,867,4428,3.117336203014378,2.2646745861644204,3.9699978198643358,True,1.0340057835610953e-09,6.46617701269192e-09
esm3_frozen_bilstm_attn,train,1,combined,all_eligible_queries,query_distance_to_community_boundary_edges,861,4427,0.31237723279937096,0.27338080292824996,0.35137366267049197,True,1.2652964084913957e-63,4.406208669570036e-62
esm3_frozen_bilstm_attn,train,1,combined,all_eligible_queries,query_distance_to_ecod_boundary_sequence,867,4445,3.050441640319366,2.207467800105631,3.8934154805331014,True,4.33374730769262e-10,2.778604772007976e-09
esm3_frozen_bilstm_attn,train,1,combined,all_eligible_queries,query_in_any_band,897,4806,0.3873396449628486,0.3668293343958033,0.40784995552989395,True,2.4112610363039918e-169,4.758221778306544e-167
esm3_frozen_bilstm_attn,train,1,combined,all_eligible_queries,query_to_band_contact_count,869,4448,0.1634941934130322,0.13594664358214395,0.19104174324392045,True,2.1354812304334307e-67,8.069392904786751e-66
esm3_frozen_bilstm_attn,train,1,combined,all_eligible_queries,query_to_band_contact_fraction,869,4448,0.047749371002302025,0.04050515591273951,0.05499358609186454,True,8.249348445315497e-68,3.184965834539201e-66
esm3_frozen_bilstm_attn,train,1,combined,all_eligible_queries,query_water_contact_count,869,4448,0.10471655027851076,0.07281814341256544,0.1366149571444561,True,2.293029510972126e-06,1.1066359813822001e-05
esm3_frozen_bilstm_attn,train,1,combined,all_eligible_queries,reachable_query_water_entry_count,869,4448,0.017108924507847404,0.010925915483533933,0.023291933532160875,True,0.00020828407577693083,0.0007804061573414117
esm3_frozen_bilstm_attn,train,1,combined,all_eligible_queries,relative_backbone_orientation_cosine,864,4425,0.023161062446749963,0.0034595665000689557,0.04286255839343097,True,0.14345355628263434,0.2952381545118772
esm3_frozen_bilstm_attn,train,1,combined,all_eligible_queries,rsa,897,4806,0.08679501480742524,0.08013217716653444,0.09345785244831604,True,1.5098754511279193e-104,1.1173078338346602e-102
esm3_frozen_bilstm_attn,train,1,combined,all_eligible_queries,same_community_as_band_apex,869,4447,-0.010648605463703392,-0.022775701722977906,0.0014784907955711218,True,0.007500314666307668,0.022448686445539993
esm3_frozen_bilstm_attn,train,1,combined,all_eligible_queries,same_community_as_band_majority,856,4076,-0.008834978130509279,-0.022042461120269405,0.004372504859250847,True,0.004434809405426092,0.013940215051392459
esm3_frozen_bilstm_attn,train,1,combined,all_eligible_queries,same_ecod_domain_as_band_apex,867,4419,0.0016279416895287819,-0.002804983906324934,0.006060867285382498,True,0.6983050419110254,0.9547265238136883
esm3_frozen_bilstm_attn,train,1,combined,all_eligible_queries,shared_water_count,869,4448,0.013061948778069415,0.007953888959294803,0.018170008596844027,True,0.06168785725470056,0.14265316990149504
esm3_frozen_bilstm_attn,train,1,combined,all_eligible_queries,shared_water_fraction_of_band_contacts,869,4448,0.003497157235917971,0.0016863755551599293,0.005307938916676013,True,0.04109514587801476,0.10053027421398651
esm3_frozen_bilstm_attn,train,1,combined,all_eligible_queries,shared_water_fraction_of_query_contacts,869,4448,0.00966418017674122,0.005384042123463157,0.013944318230019284,True,0.032871578311866,0.08375885664544334
esm3_frozen_bilstm_attn,train,1,combined,all_eligible_queries,shares_any_ecod_domain_with_band,867,4428,0.0008573363694687913,-0.0034512469420689917,0.005165919681006574,True,0.6171434010006926,0.9029378658804444
esm3_frozen_bilstm_attn,train,1,combined,all_eligible_queries,shortest_nonlocal_contact_path_edges,859,4397,0.3345078426169198,0.26572766663660385,0.40328801859723573,True,1.7415643629632283e-27,2.3792448527866874e-26
esm3_frozen_bilstm_attn,train,1,combined,all_eligible_queries,shortest_ordinary_contact_path_edges,869,4446,0.17642547354021582,0.11096671851714929,0.24188422856328234,True,4.74964608470734e-14,3.732465241787715e-13
esm3_frozen_bilstm_attn,train,1,combined,all_eligible_queries,shortest_water_path_water_count,133,175,-0.033639655276547886,-0.15719859254594698,0.08991928199285121,True,0.3018724904870079,0.5329279752534057
esm3_frozen_bilstm_attn,train,1,combined,all_eligible_queries,torsion_change_from_previous,897,4806,22.658926004560517,20.576994527871975,24.74085748124906,True,6.267598246410962e-96,3.975448030580667e-94
esm3_frozen_bilstm_attn,train,1,combined,all_eligible_queries,water_path_at_most_1,869,4448,0.012306019077958556,0.00743755852358556,0.01717447963233155,True,0.050518929050396254,0.11962882399133833
esm3_frozen_bilstm_attn,train,1,combined,all_eligible_queries,water_path_at_most_2,869,4448,0.01384914717456411,0.008442608702014735,0.019255685647113486,True,0.0014487451886712882,0.004827338564878439
esm3_frozen_bilstm_attn,train,1,combined,all_eligible_queries,water_path_at_most_3,869,4448,0.014964949732068964,0.009289860073071816,0.020640039391066112,True,0.00017412737090860488,0.000662206018701675
esm3_frozen_bilstm_attn,train,1,combined,all_eligible_queries,water_path_exists,869,4448,0.015460444762464302,0.009677556835637452,0.021243332689291152,True,5.4230247410429526e-05,0.00022090119128652025
esm3_frozen_bilstm_attn,train,1,combined,all_eligible_queries,water_path_without_direct_ca_contact,869,4448,-0.001447685307370532,-0.0040778761888886055,0.0011825055741475415,True,2.5267129101697807e-09,1.536795249473127e-08
esm3_frozen_bilstm_attn,train,1,combined,all_eligible_queries,water_path_without_direct_polar_contact,869,4448,0.0019754768500984707,-0.00225646583174004,0.006207419531936981,True,4.193878810736585e-05,0.00017241501777472625
esm3_frozen_bilstm_attn,train,1,combined,sequence_distal_ge21,absolute_backbone_orientation_cosine,815,4316,0.00010905520948468103,-0.008810691642870632,0.009028802061839996,True,0.2933205016408728,0.5219811732607116
esm3_frozen_bilstm_attn,train,1,combined,sequence_distal_ge21,absolute_sequence_separation,849,4698,-3.096658043835687,-4.025057596459101,-2.1682584912122733,True,5.83709877003548e-11,3.9871874675319275e-10
esm3_frozen_bilstm_attn,train,1,combined,sequence_distal_ge21,band_water_contact_count,821,4340,0.0,0.0,0.0,True,1.0,1.0
esm3_frozen_bilstm_attn,train,1,combined,sequence_distal_ge21,direct_ca_contact,821,4340,-0.00420236189380046,-0.0117662093991354,0.00336148561153448,True,2.1844596210645604e-06,1.0600000784182129e-05
esm3_frozen_bilstm_attn,train,1,combined,sequence_distal_ge21,direct_putative_polar_contact,821,4340,-0.003201184170753922,-0.007829402899342065,0.0014270345578342209,True,1.6148482718300372e-08,9.075856110032108e-08
esm3_frozen_bilstm_attn,train,1,combined,sequence_distal_ge21,direct_putative_polar_contact_count,821,4340,-0.003319890199783332,-0.008135991710011888,0.0014962113104452241,True,4.759940553181369e-08,2.580628243646067e-07
esm3_frozen_bilstm_attn,train,1,combined,sequence_distal_ge21,disorder,849,4698,-0.04322305692319114,-0.05117643202837753,-0.035269681818004744,True,2.456075165013218e-07,1.2534452566274356e-06
esm3_frozen_bilstm_attn,train,1,combined,sequence_distal_ge21,mean_query_contact_water_degree,755,4058,-0.018901442476418128,-0.04251552618883434,0.004712641235998086,True,0.00226910677174858,0.007353893479243572
esm3_frozen_bilstm_attn,train,1,combined,sequence_distal_ge21,minimum_ca_distance_angstrom,821,4340,1.0886991204146124,0.696267752301885,1.4811304885273398,True,6.290340496992848e-12,4.5598549888405296e-11
esm3_frozen_bilstm_attn,train,1,combined,sequence_distal_ge21,minimum_heavy_atom_distance_angstrom,821,4340,1.0928563325987115,0.7052151699168521,1.480497495280571,True,1.0310348246655885e-11,7.295290233490379e-11
esm3_frozen_bilstm_attn,train,1,combined,sequence_distal_ge21,minimum_polar_atom_distance_angstrom,821,4337,0.9965672635853444,0.6082023069891654,1.3849322201815233,True,1.7979960401706096e-10,1.1915078236354486e-09
esm3_frozen_bilstm_attn,train,1,combined,sequence_distal_ge21,neq,849,4698,0.6092767449119503,0.573902202954933,0.6446512868689676,True,9.278252276264947e-169,1.6478176042646544e-166
esm3_frozen_bilstm_attn,train,1,combined,sequence_distal_ge21,nonlocal_contact_path_exists,821,4340,-0.028740582522441216,-0.038140056493526205,-0.019341108551356227,True,3.361002225689059e-45,7.752129808862037e-44
esm3_frozen_bilstm_attn,train,1,combined,sequence_distal_ge21,normalized_query_position,849,4698,-0.02086801485962819,-0.03079489632371,-0.01094113339554638,True,8.928657302352869e-05,0.00035082511878271454
esm3_frozen_bilstm_attn,train,1,combined,sequence_distal_ge21,one_water_bridge,821,4340,0.0018978749056216893,-0.0009564810484865951,0.0047522308597299735,True,3.27800418226873e-09,1.960180278689988e-08
esm3_frozen_bilstm_attn,train,1,combined,sequence_distal_ge21,ordinary_contact_path_exists,821,4340,0.0007737329685731579,-0.0005846137134934302,0.0021320796506397463,True,1.0,1.0
esm3_frozen_bilstm_attn,train,1,combined,sequence_distal_ge21,query_distance_to_band_domain_boundary_sequence,818,4317,3.3689162276048688,2.36132973553471,4.3765027196750275,True,9.671427050963278e-08,5.081791255180705e-07
esm3_frozen_bilstm_attn,train,1,combined,sequence_distal_ge21,query_distance_to_community_boundary_edges,813,4312,0.31022984020209626,0.26775485226931345,0.3527048281348791,True,2.766815304257571e-51,7.1215420005238355e-50
esm3_frozen_bilstm_attn,train,1,combined,sequence_distal_ge21,query_distance_to_ecod_boundary_sequence,818,4334,3.3933704776372493,2.4081377556909924,4.378603199583506,True,8.582898502211172e-09,4.949099915560728e-08
esm3_frozen_bilstm_attn,train,1,combined,sequence_distal_ge21,query_in_any_band,849,4698,0.43317108278902583,0.4108322388812034,0.45550992669684826,True,9.230988519333076e-168,1.4903850554850494e-165
esm3_frozen_bilstm_attn,train,1,combined,sequence_distal_ge21,query_to_band_contact_count,821,4340,-0.013782239105197814,-0.02853538161912563,0.0009709034087300051,True,2.2699007462634993e-06,1.0984587807531265e-05
esm3_frozen_bilstm_attn,train,1,combined,sequence_distal_ge21,query_to_band_contact_fraction,821,4340,-0.0030594122007330596,-0.006397618416261086,0.0002787940147949671,True,4.990147866093625e-06,2.3019487299174747e-05
esm3_frozen_bilstm_attn,train,1,combined,sequence_distal_ge21,query_water_contact_count,821,4340,0.09685971928966544,0.06202878260087889,0.13169065597845198,True,7.702193548889617e-05,0.00030682036424340667
esm3_frozen_bilstm_attn,train,1,combined,sequence_distal_ge21,reachable_query_water_entry_count,821,4340,0.003060841821473081,-0.001140398628992049,0.007262082271938211,True,0.00010397873137186898,0.00040765171504732737
esm3_frozen_bilstm_attn,train,1,combined,sequence_distal_ge21,relative_backbone_orientation_cosine,815,4316,-0.0024444215085749686,-0.024402212605956236,0.019513369588806298,True,0.2623132583087594,0.4807722876742587
esm3_frozen_bilstm_attn,train,1,combined,sequence_distal_ge21,rsa,849,4698,0.07974351550989564,0.07250623277641334,0.08698079824337794,True,1.8711563487708343e-81,8.74519388267632e-80
esm3_frozen_bilstm_attn,train,1,combined,sequence_distal_ge21,same_community_as_band_apex,821,4339,-0.016941659708992574,-0.029374277158345716,-0.004509042259639431,True,2.317876542132567e-07,1.18632528496468e-06
esm3_frozen_bilstm_attn,train,1,combined,sequence_distal_ge21,same_community_as_band_majority,809,3979,-0.019187292490276644,-0.03325375115385469,-0.0051208338266985984,True,8.837760709953821e-07,4.421369865036052e-06
esm3_frozen_bilstm_attn,train,1,combined,sequence_distal_ge21,same_ecod_domain_as_band_apex,818,4308,0.0010089763598142992,-0.004343926268223695,0.006361878987852293,True,0.5424349444917194,0.8164105605231301
esm3_frozen_bilstm_attn,train,1,combined,sequence_distal_ge21,shared_water_count,821,4340,0.0017521953959250783,-0.0011648356959380625,0.004669226487788219,True,1.7754216380709622e-09,1.0910549582055464e-08
esm3_frozen_bilstm_attn,train,1,combined,sequence_distal_ge21,shared_water_fraction_of_band_contacts,821,4340,0.0002016828084313802,-0.000949379337505214,0.0013527449543679743,True,4.6343622506887445e-09,2.734427693429638e-08
esm3_frozen_bilstm_attn,train,1,combined,sequence_distal_ge21,shared_water_fraction_of_query_contacts,821,4340,0.0008833382221370607,-0.0010363986498236734,0.002803075094097795,True,4.6343622506887445e-09,2.734427693429638e-08
esm3_frozen_bilstm_attn,train,1,combined,sequence_distal_ge21,shares_any_ecod_domain_with_band,818,4317,0.0008473644715539083,-0.004378458410649735,0.006073187353757552,True,0.47021300242026104,0.7455885323572709
esm3_frozen_bilstm_attn,train,1,combined,sequence_distal_ge21,shortest_nonlocal_contact_path_edges,807,4271,0.39859318200230826,0.31967797415377963,0.4775083898508369,True,4.0789229824996425e-29,5.889566843023874e-28
esm3_frozen_bilstm_attn,train,1,combined,sequence_distal_ge21,shortest_ordinary_contact_path_edges,821,4337,0.24516516459504156,0.16807032923601894,0.3222599999540642,True,4.481250510632483e-21,4.9741880668020556e-20
esm3_frozen_bilstm_attn,train,1,combined,sequence_distal_ge21,shortest_water_path_water_count,68,83,0.1530228718823078,-0.10391485967378672,0.4099606034384023,True,0.7708669945730263,1.0
esm3_frozen_bilstm_attn,train,1,combined,sequence_distal_ge21,torsion_change_from_previous,849,4698,21.501526731305074,19.369979697563974,23.633073765046174,True,5.277824692201788e-77,2.286199183743994e-75
esm3_frozen_bilstm_attn,train,1,combined,sequence_distal_ge21,water_path_at_most_1,821,4340,0.0018978749056216893,-0.0009564810484865951,0.0047522308597299735,True,3.27800418226873e-09,1.960180278689988e-08
esm3_frozen_bilstm_attn,train,1,combined,sequence_distal_ge21,water_path_at_most_2,821,4340,0.0014696967771097265,-0.0016132844151727692,0.0045526779693922225,True,2.9227232303624354e-06,1.3879027960223758e-05
esm3_frozen_bilstm_attn,train,1,combined,sequence_distal_ge21,water_path_at_most_3,821,4340,0.0016899783355993606,-0.0014231664749926188,0.00480312314619134,True,2.4873564556304064e-05,0.00010492981152493116
esm3_frozen_bilstm_attn,train,1,combined,sequence_distal_ge21,water_path_exists,821,4340,0.0029400153667376544,-0.0009988291596798762,0.0068788598931551845,True,0.00021766744646030712,0.0008104347692107032
esm3_frozen_bilstm_attn,train,1,combined,sequence_distal_ge21,water_path_without_direct_ca_contact,821,4340,0.0006683457528112799,-0.0023591617570593243,0.003695853262681884,True,0.00014685304835113455,0.0005633067254246543
esm3_frozen_bilstm_attn,train,1,combined,sequence_distal_ge21,water_path_without_direct_polar_contact,821,4340,0.003923812567583781,0.0003706818144038832,0.007476943320763678,True,0.0012412581287463626,0.004198998926959124
esm3_frozen_bilstm_attn,train,1,combined,sequence_distal_ge21_no_direct_ca,absolute_backbone_orientation_cosine,811,4304,-0.002390158297604001,-0.011380091502308464,0.0065997749071004625,True,0.14021321396035488,0.29023154777807725
esm3_frozen_bilstm_attn,train,1,combined,sequence_distal_ge21_no_direct_ca,absolute_sequence_separation,817,4327,-2.523410599908819,-3.505560152316569,-1.5412610475010693,True,1.3011415650174584e-08,7.382835205977656e-08
esm3_frozen_bilstm_attn,train,1,combined,sequence_distal_ge21_no_direct_ca,band_water_contact_count,817,4327,0.0,0.0,0.0,True,1.0,1.0
esm3_frozen_bilstm_attn,train,1,combined,sequence_distal_ge21_no_direct_ca,direct_ca_contact,817,4327,0.0,0.0,0.0,True,1.0,1.0
esm3_frozen_bilstm_attn,train,1,combined,sequence_distal_ge21_no_direct_ca,direct_putative_polar_contact,817,4327,0.0002924362521479685,-0.002599349860901237,0.0031842223651971737,True,4.7805556990965996e-08,2.580628243646067e-07
esm3_frozen_bilstm_attn,train,1,combined,sequence_distal_ge21_no_direct_ca,direct_putative_polar_contact_count,817,4327,9.833462312725815e-05,-0.002820211676153327,0.003016880922407843,True,4.7805556990965996e-08,2.580628243646067e-07
esm3_frozen_bilstm_attn,train,1,combined,sequence_distal_ge21_no_direct_ca,disorder,817,4327,-0.019391628290458617,-0.026531285423482768,-0.012251971157434465,True,0.48413037126493197,0.7582147613461369
esm3_frozen_bilstm_attn,train,1,combined,sequence_distal_ge21_no_direct_ca,mean_query_contact_water_degree,752,4038,-0.021777575477745496,-0.04606854603910485,0.0025133950836138605,True,0.01865381675218701,0.05019572507861232
esm3_frozen_bilstm_attn,train,1,combined,sequence_distal_ge21_no_direct_ca,minimum_ca_distance_angstrom,817,4327,1.0611639128135983,0.6778130246191364,1.4445148010080602,True,3.377077694892941e-12,2.4580696664466653e-11
esm3_frozen_bilstm_attn,train,1,combined,sequence_distal_ge21_no_direct_ca,minimum_heavy_atom_distance_angstrom,817,4327,1.0731033556503982,0.693293003652641,1.4529137076481553,True,4.31285618321391e-13,3.245607026011824e-12
esm3_frozen_bilstm_attn,train,1,combined,sequence_distal_ge21_no_direct_ca,minimum_polar_atom_distance_angstrom,817,4324,0.9654559736106397,0.5847709827310321,1.3461409644902473,True,1.0170387515349303e-10,6.841897055780441e-10
esm3_frozen_bilstm_attn,train,1,combined,sequence_distal_ge21_no_direct_ca,neq,817,4327,0.5955889225663415,0.5619596855264211,0.629218159606262,True,2.3004211161134952e-175,8.171095804435135e-173
esm3_frozen_bilstm_attn,train,1,combined,sequence_distal_ge21_no_direct_ca,nonlocal_contact_path_exists,817,4327,-0.02906955169520785,-0.03872044176981962,-0.019418661620596075,True,3.60192941868217e-45,8.201316214845557e-44
esm3_frozen_bilstm_attn,train,1,combined,sequence_distal_ge21_no_direct_ca,normalized_query_position,817,4327,-0.023312013770466433,-0.033737716736114545,-0.012886310804818325,True,0.00011626552409722909,0.00044986398866378837
esm3_frozen_bilstm_attn,train,1,combined,sequence_distal_ge21_no_direct_ca,one_water_bridge,817,4327,4.459556750591229e-05,-0.0012297589027485266,0.001318950037760351,True,1.2307853767903e-08,7.028536428230137e-08
esm3_frozen_bilstm_attn,train,1,combined,sequence_distal_ge21_no_direct_ca,ordinary_contact_path_exists,817,4327,0.0007655284979643991,-0.0005565460088510988,0.002087603004779897,True,1.0,1.0
esm3_frozen_bilstm_attn,train,1,combined,sequence_distal_ge21_no_direct_ca,query_distance_to_band_domain_boundary_sequence,813,4303,3.3840558330303514,2.366736402153999,4.401375263906704,True,8.989580409501795e-08,4.7516353593080915e-07
esm3_frozen_bilstm_attn,train,1,combined,sequence_distal_ge21_no_direct_ca,query_distance_to_community_boundary_edges,809,4296,0.31834079061279974,0.2752113454519146,0.36147023577368487,True,2.861493085815808e-54,7.700017758195266e-53
esm3_frozen_bilstm_attn,train,1,combined,sequence_distal_ge21_no_direct_ca,query_distance_to_ecod_boundary_sequence,813,4320,3.4039283801257687,2.410311424489162,4.397545335762375,True,5.163806409146741e-09,3.0367285372995403e-08
esm3_frozen_bilstm_attn,train,1,combined,sequence_distal_ge21_no_direct_ca,query_in_any_band,817,4327,0.43143511669239043,0.40852914724769707,0.4543410861370838,True,2.935091944906048e-153,4.00978714934857e-151
esm3_frozen_bilstm_attn,train,1,combined,sequence_distal_ge21_no_direct_ca,query_to_band_contact_count,817,4327,0.0,0.0,0.0,True,1.0,1.0
esm3_frozen_bilstm_attn,train,1,combined,sequence_distal_ge21_no_direct_ca,query_to_band_contact_fraction,817,4327,0.0,0.0,0.0,True,1.0,1.0
esm3_frozen_bilstm_attn,train,1,combined,sequence_distal_ge21_no_direct_ca,query_water_contact_count,817,4327,0.09182408160499178,0.05797119414472584,0.12567696906525772,True,8.657257554798447e-05,0.00034243406274659337
esm3_frozen_bilstm_attn,train,1,combined,sequence_distal_ge21_no_direct_ca,reachable_query_water_entry_count,817,4327,0.0015066299949855727,-0.0020112716201119802,0.005024531610083125,True,2.1255842138393324e-06,1.0370982318073225e-05
esm3_frozen_bilstm_attn,train,1,combined,sequence_distal_ge21_no_direct_ca,relative_backbone_orientation_cosine,811,4304,0.0012069602421957576,-0.020726310746461342,0.023140231230852855,True,0.39938016897976497,0.6635165389224159
esm3_frozen_bilstm_attn,train,1,combined,sequence_distal_ge21_no_direct_ca,rsa,817,4327,0.09629478435061457,0.0890602955866816,0.10352927311454754,True,1.2223590397386893e-99,8.349652517599663e-98
esm3_frozen_bilstm_attn,train,1,combined,sequence_distal_ge21_no_direct_ca,same_community_as_band_apex,817,4326,-0.010706904375722916,-0.02238208058515115,0.0009682718337053163,True,3.657655964647074e-07,1.8507113940778357e-06
esm3_frozen_bilstm_attn,train,1,combined,sequence_distal_ge21_no_direct_ca,same_community_as_band_majority,804,3966,-0.01296184961732815,-0.025997271606002147,7.357237134584561e-05,True,5.940613321016567e-08,3.1778702584715126e-07
esm3_frozen_bilstm_attn,train,1,combined,sequence_distal_ge21_no_direct_ca,same_ecod_domain_as_band_apex,813,4294,0.0008285071263523023,-0.004733862654841697,0.006390876907546302,True,0.781888594151013,1.0
esm3_frozen_bilstm_attn,train,1,combined,sequence_distal_ge21_no_direct_ca,shared_water_count,817,4327,-6.96925427898549e-05,-0.0013720567370618263,0.0012326716514821166,True,2.606158140759836e-09,1.5797054122830954e-08
esm3_frozen_bilstm_attn,train,1,combined,sequence_distal_ge21_no_direct_ca,shared_water_fraction_of_band_contacts,817,4327,-0.0002765757498947893,-0.0009549915055262864,0.00040184000573670775,True,1.1677951417535318e-09,7.27720762019043e-09
esm3_frozen_bilstm_attn,train,1,combined,sequence_distal_ge21_no_direct_ca,shared_water_fraction_of_query_contacts,817,4327,-0.0003618432129885703,-0.0013995473493398608,0.0006758609233627202,True,5.139937785688145e-10,3.2601891097793376e-09
esm3_frozen_bilstm_attn,train,1,combined,sequence_distal_ge21_no_direct_ca,shares_any_ecod_domain_with_band,813,4303,0.0007945530811411975,-0.004604154636625833,0.0061932607989082285,True,0.6171434010006926,0.9029378658804444
esm3_frozen_bilstm_attn,train,1,combined,sequence_distal_ge21_no_direct_ca,shortest_nonlocal_contact_path_edges,803,4254,0.384669935158071,0.308193967706982,0.46114590260916005,True,2.9034356058947232e-31,4.333194652158847e-30
esm3_frozen_bilstm_attn,train,1,combined,sequence_distal_ge21_no_direct_ca,shortest_ordinary_contact_path_edges,817,4324,0.2388330330238688,0.16369705963495973,0.31396900641277786,True,1.0562999079604556e-21,1.2181744393102397e-20
esm3_frozen_bilstm_attn,train,1,combined,sequence_distal_ge21_no_direct_ca,shortest_water_path_water_count,28,30,0.22023808104651316,-0.3362719340802884,0.7767480961733146,True,0.8238029479980469,1.0
esm3_frozen_bilstm_attn,train,1,combined,sequence_distal_ge21_no_direct_ca,torsion_change_from_previous,817,4327,21.490376621362728,19.199454813848224,23.781298428877232,True,3.1258735686161995e-77,1.3878878644655924e-75
esm3_frozen_bilstm_attn,train,1,combined,sequence_distal_ge21_no_direct_ca,water_path_at_most_1,817,4327,4.459556750591229e-05,-0.0012297589027485266,0.001318950037760351,True,1.2307853767903e-08,7.028536428230137e-08
esm3_frozen_bilstm_attn,train,1,combined,sequence_distal_ge21_no_direct_ca,water_path_at_most_2,817,4327,-0.00011376599225830717,-0.0022427998494591417,0.002015267864942527,True,2.1475116075248076e-07,1.1023065361167798e-06
esm3_frozen_bilstm_attn,train,1,combined,sequence_distal_ge21_no_direct_ca,water_path_at_most_3,817,4327,3.8928195388884594e-05,-0.0021471437384628094,0.0022250001292405783,True,1.007654188166838e-05,4.440679499216636e-05
esm3_frozen_bilstm_attn,train,1,combined,sequence_distal_ge21_no_direct_ca,water_path_exists,817,4327,0.0011756274837226121,-0.0020891693505780662,0.00444042431802329,True,3.9450163006276435e-05,0.00016293834767243476
esm3_frozen_bilstm_attn,train,1,combined,sequence_distal_ge21_no_direct_ca,water_path_without_direct_ca_contact,817,4327,0.0011756274837226121,-0.0020891693505780662,0.00444042431802329,True,3.9450163006276435e-05,0.00016293834767243476
esm3_frozen_bilstm_attn,train,1,combined,sequence_distal_ge21_no_direct_ca,water_path_without_direct_polar_contact,817,4327,0.0019612358358991775,-0.0011928442936500732,0.005115315965448428,True,2.770687708283408e-05,0.00011551036079604068
esm3_frozen_bilstm_attn,train,1,consultation_dominated,all_eligible_queries,absolute_backbone_orientation_cosine,78,90,0.04513496206838663,0.012086051913711732,0.07818387222306153,True,0.008771714457060136,0.02535761481819188
esm3_frozen_bilstm_attn,train,1,consultation_dominated,all_eligible_queries,absolute_sequence_separation,80,92,-5.179123822074436,-8.622923016613838,-1.7353246275350345,True,0.02381979285800128,0.062303316812680816
esm3_frozen_bilstm_attn,train,1,consultation_dominated,all_eligible_queries,band_water_contact_count,78,90,0.0,0.0,0.0,True,1.0,1.0
esm3_frozen_bilstm_attn,train,1,consultation_dominated,all_eligible_queries,direct_ca_contact,78,90,0.10934040509902186,0.06259938285583982,0.1560814273422039,True,3.3052667092192682e-06,1.552950707823656e-05
esm3_frozen_bilstm_attn,train,1,consultation_dominated,all_eligible_queries,direct_putative_polar_contact,78,90,0.10549750576499697,0.07006637010869095,0.140928641421303,True,2.8288777684792876e-06,1.3469401921767331e-05
esm3_frozen_bilstm_attn,train,1,consultation_dominated,all_eligible_queries,direct_putative_polar_contact_count,78,90,0.1809532768643118,0.11149914378422873,0.2504074099443949,True,4.873598300036974e-06,2.2540392137671006e-05
esm3_frozen_bilstm_attn,train,1,consultation_dominated,all_eligible_queries,disorder,80,92,-0.044270688941745726,-0.07299121800459994,-0.015550159878891509,True,0.31430657986393706,0.5499590993481303
esm3_frozen_bilstm_attn,train,1,consultation_dominated,all_eligible_queries,mean_query_contact_water_degree,61,72,0.0030482617179002133,-0.1137501849718587,0.11984670840765911,True,0.6940040940761318,0.9495772504462329
esm3_frozen_bilstm_attn,train,1,consultation_dominated,all_eligible_queries,minimum_ca_distance_angstrom,78,90,-0.2238378373965769,-1.7038880965718182,1.2562124217786645,True,1.0,1.0
esm3_frozen_bilstm_attn,train,1,consultation_dominated,all_eligible_queries,minimum_heavy_atom_distance_angstrom,78,90,-0.18066408839495102,-1.6687499677755362,1.307421790985634,True,0.9099464518745242,1.0
esm3_frozen_bilstm_attn,train,1,consultation_dominated,all_eligible_queries,minimum_polar_atom_distance_angstrom,78,90,-0.3110146313815295,-1.7623882775046882,1.140359014741629,True,0.7343420330298466,0.9794097558298628
esm3_frozen_bilstm_attn,train,1,consultation_dominated,all_eligible_queries,neq,80,92,0.8000182112262781,0.6822618771483824,0.9177745453041739,True,1.4128410298528223e-19,1.4673717362681943e-18
esm3_frozen_bilstm_attn,train,1,consultation_dominated,all_eligible_queries,nonlocal_contact_path_exists,78,90,-0.04741392326096896,-0.07955147520110012,-0.015276371320837805,True,4.2277022657799534e-05,0.00017340413912298377
esm3_frozen_bilstm_attn,train,1,consultation_dominated,all_eligible_queries,normalized_query_position,80,92,0.0031208503087345836,-0.029600408874135727,0.03584210949160489,True,0.911072121226093,1.0
esm3_frozen_bilstm_attn,train,1,consultation_dominated,all_eligible_queries,one_water_bridge,78,90,0.023745167385885883,0.004892975080388603,0.04259735969138316,True,0.6476058959960938,0.9186486192404653
esm3_frozen_bilstm_attn,train,1,consultation_dominated,all_eligible_queries,ordinary_contact_path_exists,78,90,0.0,0.0,0.0,True,1.0,1.0
esm3_frozen_bilstm_attn,train,1,consultation_dominated,all_eligible_queries,query_distance_to_band_domain_boundary_sequence,75,87,1.333167951090282,-2.0399734276498185,4.706309329830383,True,0.16542794172425662,0.32937222477834055
esm3_frozen_bilstm_attn,train,1,consultation_dominated,all_eligible_queries,query_distance_to_community_boundary_edges,77,89,0.41340780477618,0.27490189106559293,0.5519137184867671,True,3.807704084089984e-08,2.0807638317980956e-07
esm3_frozen_bilstm_attn,train,1,consultation_dominated,all_eligible_queries,query_distance_to_ecod_boundary_sequence,77,89,1.65397143088856,-1.075543348122378,4.383486209899498,True,0.03953953287797775,0.09731648472992453
esm3_frozen_bilstm_attn,train,1,consultation_dominated,all_eligible_queries,query_in_any_band,80,92,0.3611424379079585,0.2843738702683408,0.4379110055475762,True,6.26942884485106e-08,3.333684319896851e-07
esm3_frozen_bilstm_attn,train,1,consultation_dominated,all_eligible_queries,query_to_band_contact_count,78,90,0.28577686245787254,0.180886505013892,0.39066721990185305,True,1.163555804595262e-06,5.724307781055916e-06
esm3_frozen_bilstm_attn,train,1,consultation_dominated,all_eligible_queries,query_to_band_contact_fraction,78,90,0.09702003495027425,0.061341038867406994,0.1326990310331415,True,1.163555804595262e-06,5.724307781055916e-06
esm3_frozen_bilstm_attn,train,1,consultation_dominated,all_eligible_queries,query_water_contact_count,78,90,0.025628030199513305,-0.11255601199516123,0.16381207239418782,True,1.0,1.0
esm3_frozen_bilstm_attn,train,1,consultation_dominated,all_eligible_queries,reachable_query_water_entry_count,78,90,0.028057445843930908,0.006221623754788533,0.04989326793307328,True,0.32693958282470703,0.5651462935573921
esm3_frozen_bilstm_attn,train,1,consultation_dominated,all_eligible_queries,relative_backbone_orientation_cosine,78,90,0.03816020271784824,-0.0353018381712618,0.11162224360695829,True,0.5715867180030723,0.8516280391072267
esm3_frozen_bilstm_attn,train,1,consultation_dominated,all_eligible_queries,rsa,80,92,0.09475953767281696,0.06527609583469432,0.1242429795109396,True,1.411466840981396e-08,7.983328374468023e-08
esm3_frozen_bilstm_attn,train,1,consultation_dominated,all_eligible_queries,same_community_as_band_apex,78,90,0.04198712819747721,0.0003024799153241442,0.08367177647963027,True,0.08543313315739454,0.18732005492287987
esm3_frozen_bilstm_attn,train,1,consultation_dominated,all_eligible_queries,same_community_as_band_majority,71,82,0.05714374382555437,0.006992517474101283,0.10729497017700745,True,0.09837064844049181,0.21125304912976237
esm3_frozen_bilstm_attn,train,1,consultation_dominated,all_eligible_queries,same_ecod_domain_as_band_apex,75,87,-0.0158753365589312,-0.043298142832068606,0.011547469714206202,True,0.2295229434967041,0.4336518592022835
esm3_frozen_bilstm_attn,train,1,consultation_dominated,all_eligible_queries,shared_water_count,78,90,0.022755114020605306,0.003386443584410575,0.04212378445680004,True,0.6476058959960938,0.9186486192404653
esm3_frozen_bilstm_attn,train,1,consultation_dominated,all_eligible_queries,shared_water_fraction_of_band_contacts,78,90,0.0117333150835275,0.0016647373668774446,0.021801892800177556,True,0.6476058959960938,0.9186486192404653
esm3_frozen_bilstm_attn,train,1,consultation_dominated,all_eligible_queries,shared_water_fraction_of_query_contacts,78,90,0.022624876399924568,0.0040433510367658375,0.041206401763083295,True,0.6476058959960938,0.9186486192404653
esm3_frozen_bilstm_attn,train,1,consultation_dominated,all_eligible_queries,shares_any_ecod_domain_with_band,75,87,-0.017622217235942483,-0.04476243759680995,0.00951800312492498,True,0.15158963203430176,0.3045511159422171
esm3_frozen_bilstm_attn,train,1,consultation_dominated,all_eligible_queries,shortest_nonlocal_contact_path_edges,77,89,0.16382749117742612,-0.12679676393433237,0.4544517462891846,True,0.13538510529943087,0.2805646989635813
esm3_frozen_bilstm_attn,train,1,consultation_dominated,all_eligible_queries,shortest_ordinary_contact_path_edges,78,90,0.08292926819579129,-0.2257498800207413,0.39160841641232386,True,0.49438227369550003,0.7722277203898048
esm3_frozen_bilstm_attn,train,1,consultation_dominated,all_eligible_queries,torsion_change_from_previous,80,92,21.148103011611994,12.951913175221321,29.344292848002667,True,7.010573979919962e-05,0.000282330598375008
esm3_frozen_bilstm_attn,train,1,consultation_dominated,all_eligible_queries,water_path_at_most_1,78,90,0.023745167385885883,0.004892975080388603,0.04259735969138316,True,0.6476058959960938,0.9186486192404653
esm3_frozen_bilstm_attn,train,1,consultation_dominated,all_eligible_queries,water_path_at_most_2,78,90,0.027529403169665817,0.006754464144052834,0.0483043421952788,True,0.42435622215270996,0.6958971842504275
esm3_frozen_bilstm_attn,train,1,consultation_dominated,all_eligible_queries,water_path_at_most_3,78,90,0.027621810757506228,0.006812923430594954,0.0484306980844175,True,0.32693958282470703,0.5651462935573921
esm3_frozen_bilstm_attn,train,1,consultation_dominated,all_eligible_queries,water_path_exists,78,90,0.02779275093736162,0.006982188788925311,0.04860331308579793,True,0.32693958282470703,0.5651462935573921
esm3_frozen_bilstm_attn,train,1,consultation_dominated,all_eligible_queries,water_path_without_direct_ca_contact,78,90,-0.003316603196160689,-0.007637749556007312,0.0010045431636859347,True,0.548828125,0.8253334038950042
esm3_frozen_bilstm_attn,train,1,consultation_dominated,all_eligible_queries,water_path_without_direct_polar_contact,78,90,0.0008259078454647423,-0.0066900030279396765,0.008341818718869161,True,1.0,1.0
esm3_frozen_bilstm_attn,train,1,consultation_dominated,sequence_distal_ge21,absolute_backbone_orientation_cosine,72,84,0.06400843783900982,0.02351313484726359,0.10450374083075606,True,0.002942760530124976,0.009433831591158768
esm3_frozen_bilstm_attn,train,1,consultation_dominated,sequence_distal_ge21,absolute_sequence_separation,74,86,-6.265308858635437,-10.587059293694715,-1.9435584235761594,True,0.04739297550405176,0.1138970561504681
esm3_frozen_bilstm_attn,train,1,consultation_dominated,sequence_distal_ge21,band_water_contact_count,72,84,0.0,0.0,0.0,True,1.0,1.0
esm3_frozen_bilstm_attn,train,1,consultation_dominated,sequence_distal_ge21,direct_ca_contact,72,84,0.004061185169309657,-0.018875834698920284,0.0269982050375396,True,0.4048728942871094,0.669510484407734
esm3_frozen_bilstm_attn,train,1,consultation_dominated,sequence_distal_ge21,direct_putative_polar_contact,72,84,0.001095532310442472,-0.0063845765402102996,0.008575641161095243,True,0.7744140625,1.0
esm3_frozen_bilstm_attn,train,1,consultation_dominated,sequence_distal_ge21,direct_putative_polar_contact_count,72,84,-0.001190071737675432,-0.011259446850906915,0.008879303375556051,True,0.7744140625,1.0
esm3_frozen_bilstm_attn,train,1,consultation_dominated,sequence_distal_ge21,disorder,74,86,-0.06682508866604392,-0.10319243187428334,-0.03045774545780449,True,0.29541328065567,0.52517916561008
esm3_frozen_bilstm_attn,train,1,consultation_dominated,sequence_distal_ge21,mean_query_contact_water_degree,56,65,-0.018629454470465545,-0.1510862842354825,0.11382737529455142,True,0.7838463022094988,1.0
esm3_frozen_bilstm_attn,train,1,consultation_dominated,sequence_distal_ge21,minimum_ca_distance_angstrom,72,84,0.31887567843289183,-1.5231221962677173,2.160873553133501,True,0.40957939592707177,0.6747801550709457
esm3_frozen_bilstm_attn,train,1,consultation_dominated,sequence_distal_ge21,minimum_heavy_atom_distance_angstrom,72,84,0.36442771393418105,-1.4327725032217593,2.1616279310901216,True,0.7239481457469141,0.9755041372890656
esm3_frozen_bilstm_attn,train,1,consultation_dominated,sequence_distal_ge21,minimum_polar_atom_distance_angstrom,72,84,0.1341146312877407,-1.6310656302646844,1.899294892840166,True,0.555997717760971,0.83259017431997
esm3_frozen_bilstm_attn,train,1,consultation_dominated,sequence_distal_ge21,neq,74,86,0.7801457819929213,0.6566545387853183,0.9036370252005242,True,7.157428404298838e-18,6.908474372844965e-17
esm3_frozen_bilstm_attn,train,1,consultation_dominated,sequence_distal_ge21,nonlocal_contact_path_exists,72,84,-0.05760591254229583,-0.09620623400284245,-0.0190055910817492,True,0.00011616700794547796,0.00044986398866378837
esm3_frozen_bilstm_attn,train,1,consultation_dominated,sequence_distal_ge21,normalized_query_position,74,86,-0.006500512388474411,-0.04851433173086636,0.03551330695391754,True,0.9075606176124984,1.0
esm3_frozen_bilstm_attn,train,1,consultation_dominated,sequence_distal_ge21,one_water_bridge,72,84,3.291775413536252e-05,-0.0010219649913404433,0.0010878004996111685,True,0.453125,0.7298272738189421
esm3_frozen_bilstm_attn,train,1,consultation_dominated,sequence_distal_ge21,ordinary_contact_path_exists,72,84,0.0,0.0,0.0,True,1.0,1.0
esm3_frozen_bilstm_attn,train,1,consultation_dominated,sequence_distal_ge21,query_distance_to_band_domain_boundary_sequence,69,81,2.932827299853865,-1.6552207746119603,7.52087537431969,True,0.038460053348927506,0.09489636746962123
esm3_frozen_bilstm_attn,train,1,consultation_dominated,sequence_distal_ge21,query_distance_to_community_boundary_edges,71,82,0.3738657600423139,0.22178412148877683,0.525947398595851,True,0.0006361729964503618,0.0022642149132181214
esm3_frozen_bilstm_attn,train,1,consultation_dominated,sequence_distal_ge21,query_distance_to_ecod_boundary_sequence,71,83,3.4493888241371105,-0.42562020113668675,7.324397849410907,True,0.011526409654363478,0.032753445673839254
esm3_frozen_bilstm_attn,train,1,consultation_dominated,sequence_distal_ge21,query_in_any_band,74,86,0.42244961722835167,0.33457018262327354,0.5103290518334298,True,3.601449657605633e-08,1.99257775448835e-07
esm3_frozen_bilstm_attn,train,1,consultation_dominated,sequence_distal_ge21,query_to_band_contact_count,72,84,0.010277654367849741,-0.021692362426025458,0.04224767116172494,True,0.4048728942871094,0.669510484407734
esm3_frozen_bilstm_attn,train,1,consultation_dominated,sequence_distal_ge21,query_to_band_contact_fraction,72,84,0.002495947745908921,-0.004537391469127546,0.009529286960945389,True,0.4048728942871094,0.669510484407734
esm3_frozen_bilstm_attn,train,1,consultation_dominated,sequence_distal_ge21,query_water_contact_count,72,84,-0.04677110082934722,-0.1971664018637898,0.10362420020509538,True,0.8125886494061619,1.0
esm3_frozen_bilstm_attn,train,1,consultation_dominated,sequence_distal_ge21,reachable_query_water_entry_count,72,84,0.0027379148149644463,-0.0057596064127291655,0.011235436042658057,True,0.79052734375,1.0
esm3_frozen_bilstm_attn,train,1,consultation_dominated,sequence_distal_ge21,relative_backbone_orientation_cosine,72,84,0.03230797721086788,-0.06757341117934153,0.1321893656010773,True,0.555997717760971,0.83259017431997
esm3_frozen_bilstm_attn,train,1,consultation_dominated,sequence_distal_ge21,rsa,74,86,0.08457796680404504,0.050244310082432866,0.11891162352565722,True,2.5534220074411045e-07,1.2993918295746135e-06
esm3_frozen_bilstm_attn,train,1,consultation_dominated,sequence_distal_ge21,same_community_as_band_apex,72,84,0.01190149835251334,-0.023322330752098393,0.047125327457125075,True,0.6358280026288412,0.9121409795386284
esm3_frozen_bilstm_attn,train,1,consultation_dominated,sequence_distal_ge21,same_community_as_band_majority,66,77,0.03171157903515498,-0.01370776781799371,0.07713092588830367,True,1.0,1.0
esm3_frozen_bilstm_attn,train,1,consultation_dominated,sequence_distal_ge21,same_ecod_domain_as_band_apex,69,81,-0.019994301482870548,-0.055192112429663605,0.015203509463922509,True,0.30745625495910645,0.5417086396898542
esm3_frozen_bilstm_attn,train,1,consultation_dominated,sequence_distal_ge21,shared_water_count,72,84,0.00027033466706340143,-0.0013063522920797965,0.0018470216262065993,True,0.453125,0.7298272738189421
esm3_frozen_bilstm_attn,train,1,consultation_dominated,sequence_distal_ge21,shared_water_fraction_of_band_contacts,72,84,6.2680624125069405e-06,-0.00022185293111277803,0.0002343890559377919,True,0.453125,0.7298272738189421
esm3_frozen_bilstm_attn,train,1,consultation_dominated,sequence_distal_ge21,shared_water_fraction_of_query_contacts,72,84,0.0001969540250605514,-0.0006785194730896773,0.0010724275232107802,True,0.453125,0.7298272738189421
esm3_frozen_bilstm_attn,train,1,consultation_dominated,sequence_distal_ge21,shares_any_ecod_domain_with_band,69,81,-0.02227284149636352,-0.05709050070568131,0.012544817712954265,True,0.21003961563110352,0.40546777974004333
esm3_frozen_bilstm_attn,train,1,consultation_dominated,sequence_distal_ge21,shortest_nonlocal_contact_path_edges,71,82,0.30686282213038574,-0.05806546890685854,0.67179111316763,True,0.007620521855025698,0.022632185308571303
esm3_frozen_bilstm_attn,train,1,consultation_dominated,sequence_distal_ge21,shortest_ordinary_contact_path_edges,72,84,0.17750972369899298,-0.20748217406171315,0.5625016214596992,True,0.12491820036864004,0.26210153482880755
esm3_frozen_bilstm_attn,train,1,consultation_dominated,sequence_distal_ge21,torsion_change_from_previous,74,86,22.819261517979605,14.523540513181386,31.114982522777822,True,3.3971668169915183e-06,1.5919177485427273e-05
esm3_frozen_bilstm_attn,train,1,consultation_dominated,sequence_distal_ge21,water_path_at_most_1,72,84,3.291775413536252e-05,-0.0010219649913404433,0.0010878004996111685,True,0.453125,0.7298272738189421
esm3_frozen_bilstm_attn,train,1,consultation_dominated,sequence_distal_ge21,water_path_at_most_2,72,84,0.0018740128651031408,-0.006275377675259934,0.010023403405466216,True,0.5810546875,0.8650068105616094
esm3_frozen_bilstm_attn,train,1,consultation_dominated,sequence_distal_ge21,water_path_at_most_3,72,84,0.0020171731335317947,-0.006254220065233416,0.010288566332297005,True,0.79052734375,1.0
esm3_frozen_bilstm_attn,train,1,consultation_dominated,sequence_distal_ge21,water_path_exists,72,84,0.002248654627085976,-0.006081221480937782,0.010578530735109734,True,0.79052734375,1.0
esm3_frozen_bilstm_attn,train,1,consultation_dominated,sequence_distal_ge21,water_path_without_direct_ca_contact,72,84,-0.001074632071749089,-0.004839247800039347,0.0026899836565411695,True,1.0,1.0
esm3_frozen_bilstm_attn,train,1,consultation_dominated,sequence_distal_ge21,water_path_without_direct_polar_contact,72,84,0.0039236641095169375,-0.003196832159460439,0.011044160378494313,True,1.0,1.0
esm3_frozen_bilstm_attn,train,1,consultation_dominated,sequence_distal_ge21_no_direct_ca,absolute_backbone_orientation_cosine,72,84,0.06986717125663705,0.02825908976048256,0.11147525275279155,True,0.0012935849626762883,0.0043265666548269075
esm3_frozen_bilstm_attn,train,1,consultation_dominated,sequence_distal_ge21_no_direct_ca,absolute_sequence_separation,72,84,-5.001169425140329,-9.232842463322232,-0.7694963869584264,True,0.04437092000802569,0.10721463120306617
esm3_frozen_bilstm_attn,train,1,consultation_dominated,sequence_distal_ge21_no_direct_ca,band_water_contact_count,72,84,0.0,0.0,0.0,True,1.0,1.0
esm3_frozen_bilstm_attn,train,1,consultation_dominated,sequence_distal_ge21_no_direct_ca,direct_ca_contact,72,84,0.0,0.0,0.0,True,1.0,1.0
esm3_frozen_bilstm_attn,train,1,consultation_dominated,sequence_distal_ge21_no_direct_ca,direct_putative_polar_contact,72,84,-0.002031509646460308,-0.005506221907190885,0.0014432026142702698,True,0.0625,0.14396887159533073
esm3_frozen_bilstm_attn,train,1,consultation_dominated,sequence_distal_ge21_no_direct_ca,direct_putative_polar_contact_count,72,84,-0.00376762075757142,-0.010693401608379244,0.003158160093236405,True,0.0625,0.14396887159533073
esm3_frozen_bilstm_attn,train,1,consultation_dominated,sequence_distal_ge21_no_direct_ca,disorder,72,84,-0.05161542770203914,-0.08691248749859379,-0.016318367905484493,True,0.906294324703081,1.0
esm3_frozen_bilstm_attn,train,1,consultation_dominated,sequence_distal_ge21_no_direct_ca,mean_query_contact_water_degree,56,65,-0.02029141445312641,-0.15332376948055954,0.11274094057430672,True,0.7838463022094988,1.0
esm3_frozen_bilstm_attn,train,1,consultation_dominated,sequence_distal_ge21_no_direct_ca,minimum_ca_distance_angstrom,72,84,0.45687756640360244,-1.2961452368132118,2.2099003696204167,True,0.40957939592707177,0.6747801550709457
esm3_frozen_bilstm_attn,train,1,consultation_dominated,sequence_distal_ge21_no_direct_ca,minimum_heavy_atom_distance_angstrom,72,84,0.4951514063373444,-1.2125069499584207,2.2028097626331093,True,0.7239481457469141,0.9755041372890656
esm3_frozen_bilstm_attn,train,1,consultation_dominated,sequence_distal_ge21_no_direct_ca,minimum_polar_atom_distance_angstrom,72,84,0.285321463142543,-1.3856938797247023,1.956336806009788,True,0.555997717760971,0.83259017431997
esm3_frozen_bilstm_attn,train,1,consultation_dominated,sequence_distal_ge21_no_direct_ca,neq,72,84,0.7864740544326625,0.660461809043821,0.912486299821504,True,1.1134248091657778e-18,1.1235468528854667e-17
esm3_frozen_bilstm_attn,train,1,consultation_dominated,sequence_distal_ge21_no_direct_ca,nonlocal_contact_path_exists,72,84,-0.060290087275601256,-0.09897886730951956,-0.02160130724168295,True,0.00011616700794547796,0.00044986398866378837
esm3_frozen_bilstm_attn,train,1,consultation_dominated,sequence_distal_ge21_no_direct_ca,normalized_query_position,72,84,-0.01838361048575398,-0.05982514211444399,0.023057921142936026,True,1.0,1.0
esm3_frozen_bilstm_attn,train,1,consultation_dominated,sequence_distal_ge21_no_direct_ca,one_water_bridge,72,84,-0.00018704475466316945,-0.0005122518384252039,0.0001381623290988649,True,0.25,0.4625
esm3_frozen_bilstm_attn,train,1,consultation_dominated,sequence_distal_ge21_no_direct_ca,ordinary_contact_path_exists,72,84,0.0,0.0,0.0,True,1.0,1.0
esm3_frozen_bilstm_attn,train,1,consultation_dominated,sequence_distal_ge21_no_direct_ca,query_distance_to_band_domain_boundary_sequence,69,81,2.8499243096754636,-1.7798842361308616,7.479732855481789,True,0.038460053348927506,0.09489636746962123
esm3_frozen_bilstm_attn,train,1,consultation_dominated,sequence_distal_ge21_no_direct_ca,query_distance_to_community_boundary_edges,71,82,0.3721506054742395,0.2184167385346062,0.5258844724138728,True,0.0006361729964503618,0.0022642149132181214
esm3_frozen_bilstm_attn,train,1,consultation_dominated,sequence_distal_ge21_no_direct_ca,query_distance_to_ecod_boundary_sequence,71,83,3.3470619658136056,-0.5895717102688853,7.283695641896097,True,0.011526409654363478,0.032753445673839254
esm3_frozen_bilstm_attn,train,1,consultation_dominated,sequence_distal_ge21_no_direct_ca,query_in_any_band,72,84,0.40921270788645403,0.3195550626587798,0.49887035311412825,True,1.0058579844832594e-07,5.238720763760319e-07
esm3_frozen_bilstm_attn,train,1,consultation_dominated,sequence_distal_ge21_no_direct_ca,query_to_band_contact_count,72,84,0.0,0.0,0.0,True,1.0,1.0
esm3_frozen_bilstm_attn,train,1,consultation_dominated,sequence_distal_ge21_no_direct_ca,query_to_band_contact_fraction,72,84,0.0,0.0,0.0,True,1.0,1.0
esm3_frozen_bilstm_attn,train,1,consultation_dominated,sequence_distal_ge21_no_direct_ca,query_water_contact_count,72,84,-0.05628697281650793,-0.2082299952906997,0.09565604965768382,True,1.0,1.0
esm3_frozen_bilstm_attn,train,1,consultation_dominated,sequence_distal_ge21_no_direct_ca,reachable_query_water_entry_count,72,84,-0.0008245760409296542,-0.0047469201712625605,0.003097768089403252,True,1.0,1.0
esm3_frozen_bilstm_attn,train,1,consultation_dominated,sequence_distal_ge21_no_direct_ca,relative_backbone_orientation_cosine,72,84,0.019372509354041778,-0.0856477703870076,0.12439278909509116,True,0.555997717760971,0.83259017431997
esm3_frozen_bilstm_attn,train,1,consultation_dominated,sequence_distal_ge21_no_direct_ca,rsa,72,84,0.08973424486731851,0.053201688678935766,0.12626680105570126,True,8.055498526741105e-09,4.6906771749154764e-08
esm3_frozen_bilstm_attn,train,1,consultation_dominated,sequence_distal_ge21_no_direct_ca,same_community_as_band_apex,72,84,0.009569499281036288,-0.024887677020884055,0.04402667558295663,True,0.6271025701571489,0.9053553452947731
esm3_frozen_bilstm_attn,train,1,consultation_dominated,sequence_distal_ge21_no_direct_ca,same_community_as_band_majority,66,77,0.032722711001629,-0.011925189840183037,0.07737061184344103,True,0.880395821280672,1.0
esm3_frozen_bilstm_attn,train,1,consultation_dominated,sequence_distal_ge21_no_direct_ca,same_ecod_domain_as_band_apex,69,81,-0.018918795259345908,-0.05522929989170355,0.01739170937301173,True,0.30745625495910645,0.5417086396898542
esm3_frozen_bilstm_attn,train,1,consultation_dominated,sequence_distal_ge21_no_direct_ca,shared_water_count,72,84,-0.0002682663277179597,-0.0007547607727130504,0.00021822811727713093,True,0.25,0.4625
esm3_frozen_bilstm_attn,train,1,consultation_dominated,sequence_distal_ge21_no_direct_ca,shared_water_fraction_of_band_contacts,72,84,-3.9629297275999996e-05,-0.00010923299624580291,2.9974401693802917e-05,True,0.25,0.4625
esm3_frozen_bilstm_attn,train,1,consultation_dominated,sequence_distal_ge21_no_direct_ca,shared_water_fraction_of_query_contacts,72,84,-0.00017474395038637362,-0.0004988004408382618,0.0001493125400655146,True,0.25,0.4625
esm3_frozen_bilstm_attn,train,1,consultation_dominated,sequence_distal_ge21_no_direct_ca,shares_any_ecod_domain_with_band,69,81,-0.02119733527283888,-0.05714345110163114,0.014748780555953377,True,0.21003961563110352,0.40546777974004333
esm3_frozen_bilstm_attn,train,1,consultation_dominated,sequence_distal_ge21_no_direct_ca,shortest_nonlocal_contact_path_edges,71,82,0.34121813919356064,0.0016225207805525832,0.6808137576065687,True,0.007620521855025698,0.022632185308571303
esm3_frozen_bilstm_attn,train,1,consultation_dominated,sequence_distal_ge21_no_direct_ca,shortest_ordinary_contact_path_edges,72,84,0.2023438210735456,-0.15975510096382217,0.5644427431109134,True,0.1539127693264563,0.30817257984643337
esm3_frozen_bilstm_attn,train,1,consultation_dominated,sequence_distal_ge21_no_direct_ca,torsion_change_from_previous,72,84,21.683232001778777,13.0744134837058,30.292050519851752,True,8.14003082672391e-06,3.650680491985269e-05
esm3_frozen_bilstm_attn,train,1,consultation_dominated,sequence_distal_ge21_no_direct_ca,water_path_at_most_1,72,84,-0.00018704475466316945,-0.0005122518384252039,0.0001381623290988649,True,0.25,0.4625
esm3_frozen_bilstm_attn,train,1,consultation_dominated,sequence_distal_ge21_no_direct_ca,water_path_at_most_2,72,84,-0.0016615643644242628,-0.0053481192952098714,0.002024990566361346,True,0.7265625,0.9755041372890656
esm3_frozen_bilstm_attn,train,1,consultation_dominated,sequence_distal_ge21_no_direct_ca,water_path_at_most_3,72,84,-0.0013220581888252819,-0.005064329532627402,0.0024202131549768374,True,1.0,1.0
esm3_frozen_bilstm_attn,train,1,consultation_dominated,sequence_distal_ge21_no_direct_ca,water_path_exists,72,84,-0.0010905766952711013,-0.00486574653316504,0.002684593142622837,True,1.0,1.0
esm3_frozen_bilstm_attn,train,1,consultation_dominated,sequence_distal_ge21_no_direct_ca,water_path_without_direct_ca_contact,72,84,-0.0010905766952711013,-0.00486574653316504,0.002684593142622837,True,1.0,1.0
esm3_frozen_bilstm_attn,train,1,consultation_dominated,sequence_distal_ge21_no_direct_ca,water_path_without_direct_polar_contact,72,84,0.000751357597448389,-0.0006629908899089439,0.002165706084805722,True,0.453125,0.7298272738189421
esm3_frozen_bilstm_attn,train,1,evidence_dominated,all_eligible_queries,absolute_sequence_separation,116,159,0.11522337459716446,-2.9629200401910487,3.193366789385377,True,0.4034696996553114,0.6690589977477432
esm3_frozen_bilstm_attn,train,1,evidence_dominated,all_eligible_queries,disorder,116,159,-0.03332761181922872,-0.04940014908259659,-0.01725507455586085,True,0.0198791037382339,0.05277322606741914
esm3_frozen_bilstm_attn,train,1,evidence_dominated,all_eligible_queries,neq,116,159,0.23927247893107564,0.1434367612968641,0.3351081965652872,True,9.758911934869404e-08,5.097596351861195e-07
esm3_frozen_bilstm_attn,train,1,evidence_dominated,all_eligible_queries,normalized_query_position,116,159,-0.005860753235690419,-0.026432506576314144,0.014711000104933307,True,0.4034696996553114,0.6690589977477432
esm3_frozen_bilstm_attn,train,1,evidence_dominated,all_eligible_queries,query_in_any_band,116,159,0.11108812431734438,0.02840255003799408,0.1937736985966947,True,0.6337556480191593,0.9106391835615104
esm3_frozen_bilstm_attn,train,1,evidence_dominated,all_eligible_queries,rsa,116,159,0.05194161451122814,0.035053471592043126,0.06882975743041315,True,9.685884063140466e-06,4.2898080040243064e-05
esm3_frozen_bilstm_attn,train,1,evidence_dominated,all_eligible_queries,torsion_change_from_previous,116,159,17.73209106864618,10.950715624580468,24.513466512711894,True,3.865427244352972e-06,1.797120101039497e-05
esm3_frozen_bilstm_attn,train,1,evidence_dominated,sequence_distal_ge21,absolute_sequence_separation,114,154,0.2871873326422976,-3.383081751339382,3.957456416623977,True,0.39937318688053813,0.6635165389224159
esm3_frozen_bilstm_attn,train,1,evidence_dominated,sequence_distal_ge21,disorder,114,154,-0.03830977835644279,-0.05579971293103589,-0.02081984378184969,True,0.011118593448764544,0.031849390266138436
esm3_frozen_bilstm_attn,train,1,evidence_dominated,sequence_distal_ge21,neq,114,154,0.2185003600938914,0.11914929846355288,0.3178514217242299,True,1.1461598747783254e-05,5.013743688685483e-05
esm3_frozen_bilstm_attn,train,1,evidence_dominated,sequence_distal_ge21,normalized_query_position,114,154,-0.004129336442792665,-0.027615590956337574,0.019356918070752245,True,0.39937318688053813,0.6635165389224159
esm3_frozen_bilstm_attn,train,1,evidence_dominated,sequence_distal_ge21,query_in_any_band,114,154,0.11369575750213304,0.027230648779602032,0.20016086622466406,True,0.8481947835965661,1.0
esm3_frozen_bilstm_attn,train,1,evidence_dominated,sequence_distal_ge21,rsa,114,154,0.052118947934692746,0.03389291959440244,0.07034497627498305,True,0.0063516239199018,0.01941563525257418
esm3_frozen_bilstm_attn,train,1,evidence_dominated,sequence_distal_ge21,torsion_change_from_previous,114,154,13.458323007013611,7.149646033293794,19.766999980733427,True,0.0018667182273168978,0.006162251992034963
esm3_frozen_bilstm_attn,train,1,evidence_dominated,all_eligible_queries,absolute_backbone_orientation_cosine,106,147,0.019605961900097117,-0.0104465629283945,0.04965848672858873,True,0.20649820735970997,0.4019772897669873
esm3_frozen_bilstm_attn,train,1,evidence_dominated,all_eligible_queries,band_water_contact_count,106,147,0.0,0.0,0.0,True,1.0,1.0
esm3_frozen_bilstm_attn,train,1,evidence_dominated,all_eligible_queries,direct_ca_contact,106,147,0.03748854770053027,0.006889925872518025,0.06808716952854252,True,0.19276043534155876,0.3774449097757534
esm3_frozen_bilstm_attn,train,1,evidence_dominated,all_eligible_queries,direct_putative_polar_contact,106,147,0.04284059608935385,0.021781911679704734,0.06389928049900297,True,0.09592363141082376,0.20649741743711877
esm3_frozen_bilstm_attn,train,1,evidence_dominated,all_eligible_queries,direct_putative_polar_contact_count,106,147,0.07605772098831746,0.030869636532675125,0.1212458054439598,True,0.3355576182340152,0.5741332658801648
esm3_frozen_bilstm_attn,train,1,evidence_dominated,all_eligible_queries,mean_query_contact_water_degree,98,137,0.006408945327533571,-0.051684870915365375,0.06450276157043251,True,0.6817425059181854,0.9457784663051898
esm3_frozen_bilstm_attn,train,1,evidence_dominated,all_eligible_queries,minimum_ca_distance_angstrom,106,147,0.4325064814392424,-0.48699405748186164,1.3520070203603465,True,0.9226851594412753,1.0
esm3_frozen_bilstm_attn,train,1,evidence_dominated,all_eligible_queries,minimum_heavy_atom_distance_angstrom,106,147,0.43311902524659995,-0.47399643425888593,1.3402344847520857,True,0.9226851594412753,1.0
esm3_frozen_bilstm_attn,train,1,evidence_dominated,all_eligible_queries,minimum_polar_atom_distance_angstrom,106,147,0.42658164450490105,-0.4902925542295125,1.3434558432393147,True,0.9226851594412753,1.0
esm3_frozen_bilstm_attn,train,1,evidence_dominated,all_eligible_queries,nonlocal_contact_path_exists,106,147,-0.00843884639122687,-0.024853632705042043,0.007975939922588302,True,0.6487911623106449,0.9195954543205949
esm3_frozen_bilstm_attn,train,1,evidence_dominated,all_eligible_queries,one_water_bridge,106,147,0.011107000331734056,0.0003479596308541954,0.021866041032613914,True,0.4613911821367651,0.7355751700851839
esm3_frozen_bilstm_attn,train,1,evidence_dominated,all_eligible_queries,ordinary_contact_path_exists,106,147,0.0,0.0,0.0,True,1.0,1.0
esm3_frozen_bilstm_attn,train,1,evidence_dominated,all_eligible_queries,query_distance_to_band_domain_boundary_sequence,106,147,5.101624658658093,2.398816491795725,7.80443282552046,True,0.0006060762772090588,0.002170144089361468
esm3_frozen_bilstm_attn,train,1,evidence_dominated,all_eligible_queries,query_distance_to_community_boundary_edges,105,146,0.04295569847181179,-0.062436583283981044,0.14834798022760462,True,0.7687918101386723,1.0
esm3_frozen_bilstm_attn,train,1,evidence_dominated,all_eligible_queries,query_distance_to_ecod_boundary_sequence,106,147,2.686861314533222,0.47155803534554064,4.9021645937209035,True,0.040871970607754805,0.10012223420603109
esm3_frozen_bilstm_attn,train,1,evidence_dominated,all_eligible_queries,query_to_band_contact_count,106,147,0.09995474567502775,0.02879340548136529,0.1711160858686902,True,0.3318343545999156,0.5696672712053571
esm3_frozen_bilstm_attn,train,1,evidence_dominated,all_eligible_queries,query_to_band_contact_fraction,106,147,0.033424002113899516,0.01189453783567988,0.05495346639211915,True,0.3318343545999156,0.5696672712053571
esm3_frozen_bilstm_attn,train,1,evidence_dominated,all_eligible_queries,query_water_contact_count,106,147,0.16681258632834248,0.08254197619804124,0.25108319645864374,True,1.8940835677418383e-05,8.105764858577121e-05
esm3_frozen_bilstm_attn,train,1,evidence_dominated,all_eligible_queries,reachable_query_water_entry_count,106,147,0.01998187523831294,0.0037987678338531304,0.03616498264277275,True,0.5966417603730826,0.8808277360121319
esm3_frozen_bilstm_attn,train,1,evidence_dominated,all_eligible_queries,relative_backbone_orientation_cosine,106,147,0.0026507326157085382,-0.0572004082773699,0.06250187350878697,True,0.7709189909371141,1.0
esm3_frozen_bilstm_attn,train,1,evidence_dominated,all_eligible_queries,same_community_as_band_apex,106,147,-0.004344851878706655,-0.04205542086799572,0.033365717110582414,True,1.0,1.0
esm3_frozen_bilstm_attn,train,1,evidence_dominated,all_eligible_queries,same_community_as_band_majority,100,136,-0.02388975054216482,-0.0696795248434306,0.021900023759100946,True,0.6024122776961508,0.8886081438441561
esm3_frozen_bilstm_attn,train,1,evidence_dominated,all_eligible_queries,same_ecod_domain_as_band_apex,106,147,0.004306107128491428,-0.014334669067926496,0.022946883324909354,True,1.0,1.0
esm3_frozen_bilstm_attn,train,1,evidence_dominated,all_eligible_queries,shared_water_count,106,147,0.011444131634011577,-0.0008124863436113905,0.023700749611634545,True,0.4613911821367651,0.7355751700851839
esm3_frozen_bilstm_attn,train,1,evidence_dominated,all_eligible_queries,shared_water_fraction_of_band_contacts,106,147,0.0023796286483233134,-0.0012827294324014118,0.006041986729048038,True,0.4613911821367651,0.7355751700851839
esm3_frozen_bilstm_attn,train,1,evidence_dominated,all_eligible_queries,shared_water_fraction_of_query_contacts,106,147,0.0062848815352704755,-0.002089791110818415,0.014659554181359367,True,0.4613911821367651,0.7355751700851839
esm3_frozen_bilstm_attn,train,1,evidence_dominated,all_eligible_queries,shares_any_ecod_domain_with_band,106,147,0.009201878171366433,-0.008515917929975024,0.02691967427270789,True,0.5600646295802106,0.8365641565470597
esm3_frozen_bilstm_attn,train,1,evidence_dominated,all_eligible_queries,shortest_nonlocal_contact_path_edges,105,146,0.20863152789912623,0.004379045018361477,0.412884010779891,True,0.17156469715424197,0.3400657390021582
esm3_frozen_bilstm_attn,train,1,evidence_dominated,all_eligible_queries,shortest_ordinary_contact_path_edges,106,147,0.07660122810403544,-0.10773483451247448,0.2609372907205454,True,0.6274309770786343,0.9053553452947731
esm3_frozen_bilstm_attn,train,1,evidence_dominated,all_eligible_queries,water_path_at_most_1,106,147,0.011107000331734056,0.0003479596308541954,0.021866041032613914,True,0.4613911821367651,0.7355751700851839
esm3_frozen_bilstm_attn,train,1,evidence_dominated,all_eligible_queries,water_path_at_most_2,106,147,0.013676628053535533,0.002289914617893891,0.025063341489177174,True,0.7913664277791806,1.0
esm3_frozen_bilstm_attn,train,1,evidence_dominated,all_eligible_queries,water_path_at_most_3,106,147,0.014598518484319804,0.002692035883696778,0.02650500108494283,True,0.7913664277791806,1.0
esm3_frozen_bilstm_attn,train,1,evidence_dominated,all_eligible_queries,water_path_exists,106,147,0.01579175593738018,0.003778586059556383,0.027804925815203982,True,0.5966417603730826,0.8808277360121319
esm3_frozen_bilstm_attn,train,1,evidence_dominated,all_eligible_queries,water_path_without_direct_ca_contact,106,147,0.003931186480187636,-0.0019546452619192863,0.009817018222294558,True,0.04703102743951604,0.11318035871623372
esm3_frozen_bilstm_attn,train,1,evidence_dominated,all_eligible_queries,water_path_without_direct_polar_contact,106,147,0.006246047161445425,-0.002794557360138064,0.015286651683028913,True,0.3222363203575469,0.5594249315298175
esm3_frozen_bilstm_attn,train,1,evidence_dominated,sequence_distal_ge21,absolute_backbone_orientation_cosine,104,142,0.02708811361269133,-0.005555477386553067,0.05973170461193572,True,0.7687918101386723,1.0
esm3_frozen_bilstm_attn,train,1,evidence_dominated,sequence_distal_ge21,band_water_contact_count,104,142,0.0,0.0,0.0,True,1.0,1.0
esm3_frozen_bilstm_attn,train,1,evidence_dominated,sequence_distal_ge21,direct_ca_contact,104,142,-0.0031439857060494955,-0.027521764651378313,0.021233793239279323,True,0.22840022535329702,0.4336518592022835
esm3_frozen_bilstm_attn,train,1,evidence_dominated,sequence_distal_ge21,direct_putative_polar_contact,104,142,-0.0029694860459032867,-0.01014403493196126,0.004205062840154686,True,0.000936222910851825,0.003222348623396979
esm3_frozen_bilstm_attn,train,1,evidence_dominated,sequence_distal_ge21,direct_putative_polar_contact_count,104,142,-0.004238342367883325,-0.012515751017343958,0.0040390662815773075,True,0.000936222910851825,0.003222348623396979
esm3_frozen_bilstm_attn,train,1,evidence_dominated,sequence_distal_ge21,mean_query_contact_water_degree,94,131,0.010800033380182785,-0.04813093265808159,0.06973099941844715,True,0.6752224599160574,0.9412834292079418
esm3_frozen_bilstm_attn,train,1,evidence_dominated,sequence_distal_ge21,minimum_ca_distance_angstrom,104,142,0.4592097200771683,-0.5782812164042497,1.4967006565585863,True,0.7687918101386723,1.0
esm3_frozen_bilstm_attn,train,1,evidence_dominated,sequence_distal_ge21,minimum_heavy_atom_distance_angstrom,104,142,0.4058023733624755,-0.6141675213705889,1.4257722680955398,True,0.624143515844679,0.9046454767726161
esm3_frozen_bilstm_attn,train,1,evidence_dominated,sequence_distal_ge21,minimum_polar_atom_distance_angstrom,104,142,0.34485095195172044,-0.7002604010948652,1.389962304998306,True,0.624143515844679,0.9046454767726161
esm3_frozen_bilstm_attn,train,1,evidence_dominated,sequence_distal_ge21,nonlocal_contact_path_exists,104,142,-0.011711319931470069,-0.03250188630134341,0.009079246438403271,True,0.6444639138942256,0.9186486192404653
esm3_frozen_bilstm_attn,train,1,evidence_dominated,sequence_distal_ge21,one_water_bridge,104,142,0.004387089746122593,-0.004287929640568752,0.013062109132813937,True,0.8714146793645341,1.0
esm3_frozen_bilstm_attn,train,1,evidence_dominated,sequence_distal_ge21,ordinary_contact_path_exists,104,142,0.0,0.0,0.0,True,1.0,1.0
esm3_frozen_bilstm_attn,train,1,evidence_dominated,sequence_distal_ge21,query_distance_to_band_domain_boundary_sequence,104,142,5.418366347293956,2.1379441710245426,8.698788523563369,True,0.000247115841064573,0.0009162374399387925
esm3_frozen_bilstm_attn,train,1,evidence_dominated,sequence_distal_ge21,query_distance_to_community_boundary_edges,103,141,0.027193598415798836,-0.08921527846544522,0.1436024752970429,True,0.9211910492538722,1.0
esm3_frozen_bilstm_attn,train,1,evidence_dominated,sequence_distal_ge21,query_distance_to_ecod_boundary_sequence,104,142,2.6474679120997853,-0.06630726742489834,5.361243091624469,True,0.013836195066747886,0.03856248637007369
esm3_frozen_bilstm_attn,train,1,evidence_dominated,sequence_distal_ge21,query_to_band_contact_count,104,142,-0.006859280741956434,-0.058467796540451804,0.04474923505653893,True,0.1480321806927584,0.30012003756888006
esm3_frozen_bilstm_attn,train,1,evidence_dominated,sequence_distal_ge21,query_to_band_contact_fraction,104,142,0.00014251007376498939,-0.013167681577723805,0.013452701725253783,True,0.1480321806927584,0.30012003756888006
esm3_frozen_bilstm_attn,train,1,evidence_dominated,sequence_distal_ge21,query_water_contact_count,104,142,0.19867993122632704,0.10389125896650124,0.29346860348615283,True,0.00046860434916208907,0.0017019249981837837
esm3_frozen_bilstm_attn,train,1,evidence_dominated,sequence_distal_ge21,reachable_query_water_entry_count,104,142,0.011030343933480655,-0.0017328436731144578,0.02379353154007577,True,1.0,1.0
esm3_frozen_bilstm_attn,train,1,evidence_dominated,sequence_distal_ge21,relative_backbone_orientation_cosine,104,142,-0.0002583264187390573,-0.06327179433595272,0.0627551414984746,True,0.7687918101386723,1.0
esm3_frozen_bilstm_attn,train,1,evidence_dominated,sequence_distal_ge21,same_community_as_band_apex,104,142,0.0007880894990084834,-0.03421223566952487,0.03578841466754184,True,0.7406528413457826,0.9794097558298628
esm3_frozen_bilstm_attn,train,1,evidence_dominated,sequence_distal_ge21,same_community_as_band_majority,98,132,-0.02261548643996007,-0.06505844559565187,0.019827472715731726,True,0.913202362224597,1.0
esm3_frozen_bilstm_attn,train,1,evidence_dominated,sequence_distal_ge21,same_ecod_domain_as_band_apex,104,142,0.006088266314344361,-0.017224573469401143,0.029401106098089866,True,1.0,1.0
esm3_frozen_bilstm_attn,train,1,evidence_dominated,sequence_distal_ge21,shared_water_count,104,142,0.003758051434963592,-0.00560441406171253,0.013120516931639715,True,0.8714146793645341,1.0
esm3_frozen_bilstm_attn,train,1,evidence_dominated,sequence_distal_ge21,shared_water_fraction_of_band_contacts,104,142,0.0007232217521363002,-0.002630299790250558,0.004076743294523158,True,1.0,1.0
esm3_frozen_bilstm_attn,train,1,evidence_dominated,sequence_distal_ge21,shared_water_fraction_of_query_contacts,104,142,0.0012952053229933224,-0.005543205861992273,0.008133616507978919,True,0.8714146793645341,1.0
esm3_frozen_bilstm_attn,train,1,evidence_dominated,sequence_distal_ge21,shares_any_ecod_domain_with_band,104,142,0.009631891541878214,-0.013112814549425035,0.032376597633181466,True,0.7708669945730263,1.0
esm3_frozen_bilstm_attn,train,1,evidence_dominated,sequence_distal_ge21,shortest_nonlocal_contact_path_edges,103,141,0.14973880365684578,-0.07910660615924345,0.378584213472935,True,0.4306890663081313,0.7023909841719387
esm3_frozen_bilstm_attn,train,1,evidence_dominated,sequence_distal_ge21,shortest_ordinary_contact_path_edges,104,142,0.06964948693738388,-0.13608981608377654,0.2753887899585443,True,0.2806903290341796,0.5067306911128426
esm3_frozen_bilstm_attn,train,1,evidence_dominated,sequence_distal_ge21,water_path_at_most_1,104,142,0.004387089746122593,-0.004287929640568752,0.013062109132813937,True,0.8714146793645341,1.0
esm3_frozen_bilstm_attn,train,1,evidence_dominated,sequence_distal_ge21,water_path_at_most_2,104,142,0.006848718159119026,-0.0024803071031901493,0.016177743421428203,True,0.7754496546815659,1.0
esm3_frozen_bilstm_attn,train,1,evidence_dominated,sequence_distal_ge21,water_path_at_most_3,104,142,0.006892765595724872,-0.00245188469065621,0.016237415882105952,True,0.7754496546815659,1.0
esm3_frozen_bilstm_attn,train,1,evidence_dominated,sequence_distal_ge21,water_path_exists,104,142,0.008192761317653348,-0.0014296548668109935,0.01781517750211769,True,1.0,1.0
esm3_frozen_bilstm_attn,train,1,evidence_dominated,sequence_distal_ge21,water_path_without_direct_ca_contact,104,142,0.004417834542984529,-0.0016336467433682488,0.010469315829337307,True,0.08014331245794892,0.1768130719569159
esm3_frozen_bilstm_attn,train,1,evidence_dominated,sequence_distal_ge21,water_path_without_direct_polar_contact,104,142,0.0076327644675797356,-0.0014896687430135027,0.016755197678172976,True,0.3712980344710104,0.6274265549196142
esm3_frozen_bilstm_attn,train,1,evidence_dominated,sequence_distal_ge21_no_direct_ca,absolute_backbone_orientation_cosine,103,141,0.02177950970982773,-0.009288195360079094,0.05284721477973456,True,0.8438976552528614,1.0
esm3_frozen_bilstm_attn,train,1,evidence_dominated,sequence_distal_ge21_no_direct_ca,absolute_sequence_separation,103,141,0.2396341059936569,-3.6861597845331144,4.165427996520428,True,0.3244787802880654,0.5627678845621135
esm3_frozen_bilstm_attn,train,1,evidence_dominated,sequence_distal_ge21_no_direct_ca,band_water_contact_count,103,141,0.0,0.0,0.0,True,1.0,1.0
esm3_frozen_bilstm_attn,train,1,evidence_dominated,sequence_distal_ge21_no_direct_ca,direct_ca_contact,103,141,0.0,0.0,0.0,True,1.0,1.0
esm3_frozen_bilstm_attn,train,1,evidence_dominated,sequence_distal_ge21_no_direct_ca,direct_putative_polar_contact,103,141,-0.0015138665287449484,-0.002884515992989922,-0.00014321706449997498,True,2.09808349609375e-05,8.93572251573741e-05
esm3_frozen_bilstm_attn,train,1,evidence_dominated,sequence_distal_ge21_no_direct_ca,direct_putative_polar_contact_count,103,141,-0.0017042339385536843,-0.0032165080464620103,-0.00019195983064535806,True,2.09808349609375e-05,8.93572251573741e-05
esm3_frozen_bilstm_attn,train,1,evidence_dominated,sequence_distal_ge21_no_direct_ca,disorder,103,141,-0.026338552025824885,-0.042307766265410204,-0.010369337786239562,True,0.017609056867909468,0.047528396652594555
esm3_frozen_bilstm_attn,train,1,evidence_dominated,sequence_distal_ge21_no_direct_ca,mean_query_contact_water_degree,92,129,0.008364150334847609,-0.05003946799008275,0.06676776865977796,True,1.0,1.0
esm3_frozen_bilstm_attn,train,1,evidence_dominated,sequence_distal_ge21_no_direct_ca,minimum_ca_distance_angstrom,103,141,0.4823042319295782,-0.5101031064988035,1.4747115703579599,True,0.6936859650244839,0.9495772504462329
esm3_frozen_bilstm_attn,train,1,evidence_dominated,sequence_distal_ge21_no_direct_ca,minimum_heavy_atom_distance_angstrom,103,141,0.4127826429591583,-0.5678761562920516,1.3934414422103683,True,0.5546010666648732,0.83259017431997
esm3_frozen_bilstm_attn,train,1,evidence_dominated,sequence_distal_ge21_no_direct_ca,minimum_polar_atom_distance_angstrom,103,141,0.3375158556989464,-0.6618564078538528,1.3368881192517454,True,0.8438976552528614,1.0
esm3_frozen_bilstm_attn,train,1,evidence_dominated,sequence_distal_ge21_no_direct_ca,neq,103,141,0.25131373609284957,0.1475191438931987,0.35510832829250044,True,6.596332626923021e-05,0.00026656931096857243
esm3_frozen_bilstm_attn,train,1,evidence_dominated,sequence_distal_ge21_no_direct_ca,nonlocal_contact_path_exists,103,141,-0.011537442250025993,-0.03258438886456496,0.009509504364512976,True,0.6444639138942256,0.9186486192404653
esm3_frozen_bilstm_attn,train,1,evidence_dominated,sequence_distal_ge21_no_direct_ca,normalized_query_position,103,141,-0.0031098693285703007,-0.026577469302931804,0.020357730645791203,True,0.23690187778029279,0.44428483097972543
esm3_frozen_bilstm_attn,train,1,evidence_dominated,sequence_distal_ge21_no_direct_ca,one_water_bridge,103,141,0.0027035439830307316,-0.002472491980083949,0.007879579946145413,True,0.063568115234375,0.14511179004659383
esm3_frozen_bilstm_attn,train,1,evidence_dominated,sequence_distal_ge21_no_direct_ca,ordinary_contact_path_exists,103,141,0.0,0.0,0.0,True,1.0,1.0
esm3_frozen_bilstm_attn,train,1,evidence_dominated,sequence_distal_ge21_no_direct_ca,query_distance_to_band_domain_boundary_sequence,103,141,5.023872643994851,1.6692158814058482,8.378529406583855,True,0.0014896711969493315,0.0049544120707528325
esm3_frozen_bilstm_attn,train,1,evidence_dominated,sequence_distal_ge21_no_direct_ca,query_distance_to_community_boundary_edges,102,140,0.044137455147625085,-0.07697837077270553,0.1652532810679557,True,0.7666042612518517,1.0
esm3_frozen_bilstm_attn,train,1,evidence_dominated,sequence_distal_ge21_no_direct_ca,query_distance_to_ecod_boundary_sequence,103,141,2.531488638254382,-0.25609348659146214,5.3190707631002265,True,0.04823365217099688,0.11560454285518279
esm3_frozen_bilstm_attn,train,1,evidence_dominated,sequence_distal_ge21_no_direct_ca,query_in_any_band,103,141,0.10504636204281409,0.014727258403075538,0.19536546568255264,True,0.4796924995674869,0.7534791655174315
esm3_frozen_bilstm_attn,train,1,evidence_dominated,sequence_distal_ge21_no_direct_ca,query_to_band_contact_count,103,141,0.0,0.0,0.0,True,1.0,1.0
esm3_frozen_bilstm_attn,train,1,evidence_dominated,sequence_distal_ge21_no_direct_ca,query_to_band_contact_fraction,103,141,0.0,0.0,0.0,True,1.0,1.0
esm3_frozen_bilstm_attn,train,1,evidence_dominated,sequence_distal_ge21_no_direct_ca,query_water_contact_count,103,141,0.18927570463523166,0.09913806089795273,0.2794133483725106,True,0.0002133912534118648,0.0007978586653883617
esm3_frozen_bilstm_attn,train,1,evidence_dominated,sequence_distal_ge21_no_direct_ca,reachable_query_water_entry_count,103,141,0.006482139749027364,-0.0014787902771950974,0.014443069775249825,True,0.03508203336969018,0.08757012622720897
esm3_frozen_bilstm_attn,train,1,evidence_dominated,sequence_distal_ge21_no_direct_ca,relative_backbone_orientation_cosine,103,141,0.010992381871513508,-0.05353264007229318,0.0755174038153202,True,0.6936859650244839,0.9495772504462329
esm3_frozen_bilstm_attn,train,1,evidence_dominated,sequence_distal_ge21_no_direct_ca,rsa,103,141,0.06118686999232445,0.04118866734654373,0.08118507263810518,True,1.0705258229134963e-05,4.706073914590023e-05
esm3_frozen_bilstm_attn,train,1,evidence_dominated,sequence_distal_ge21_no_direct_ca,same_community_as_band_apex,103,141,0.012080747641166806,-0.014627279099120701,0.03878877438145431,True,0.7343420330298466,0.9794097558298628
esm3_frozen_bilstm_attn,train,1,evidence_dominated,sequence_distal_ge21_no_direct_ca,same_community_as_band_majority,97,131,-0.010101998721956084,-0.0461786735140891,0.02597467607017693,True,0.8243132151052083,1.0
esm3_frozen_bilstm_attn,train,1,evidence_dominated,sequence_distal_ge21_no_direct_ca,same_ecod_domain_as_band_apex,103,141,0.006939764552679935,-0.015892366161095323,0.02977189526645519,True,1.0,1.0
esm3_frozen_bilstm_attn,train,1,evidence_dominated,sequence_distal_ge21_no_direct_ca,shared_water_count,103,141,0.002531069624763735,-0.0026349199169714748,0.007697059166498945,True,0.063568115234375,0.14511179004659383
esm3_frozen_bilstm_attn,train,1,evidence_dominated,sequence_distal_ge21_no_direct_ca,shared_water_fraction_of_band_contacts,103,141,0.0005554398496467104,-0.00029382996677664876,0.0014047096660700696,True,0.063568115234375,0.14511179004659383
esm3_frozen_bilstm_attn,train,1,evidence_dominated,sequence_distal_ge21_no_direct_ca,shared_water_fraction_of_query_contacts,103,141,0.0010911078886515814,-0.0014583636106052496,0.0036405793879084125,True,0.063568115234375,0.14511179004659383
esm3_frozen_bilstm_attn,train,1,evidence_dominated,sequence_distal_ge21_no_direct_ca,shares_any_ecod_domain_with_band,103,141,0.008885277310960532,-0.013806703673255975,0.03157725829517704,True,0.5600646295802106,0.8365641565470597
esm3_frozen_bilstm_attn,train,1,evidence_dominated,sequence_distal_ge21_no_direct_ca,shortest_nonlocal_contact_path_edges,102,140,0.14254841512463895,-0.07100145982362444,0.35609829007290233,True,0.19778986306808302,0.38644092058186513
esm3_frozen_bilstm_attn,train,1,evidence_dominated,sequence_distal_ge21_no_direct_ca,shortest_ordinary_contact_path_edges,103,141,0.06762088033606388,-0.1304027397788311,0.2656445004509589,True,0.6936859650244839,0.9495772504462329
esm3_frozen_bilstm_attn,train,1,evidence_dominated,sequence_distal_ge21_no_direct_ca,torsion_change_from_previous,103,141,12.47260940662887,6.969522520914404,17.975696292343336,True,0.00015323388084216913,0.0005865158887407163
esm3_frozen_bilstm_attn,train,1,evidence_dominated,sequence_distal_ge21_no_direct_ca,water_path_at_most_1,103,141,0.0027035439830307316,-0.002472491980083949,0.007879579946145413,True,0.063568115234375,0.14511179004659383
esm3_frozen_bilstm_attn,train,1,evidence_dominated,sequence_distal_ge21_no_direct_ca,water_path_at_most_2,103,141,0.0031955346671999657,-0.002346061713921393,0.008737131048321325,True,0.050102459732443094,0.1192787781297841
esm3_frozen_bilstm_attn,train,1,evidence_dominated,sequence_distal_ge21_no_direct_ca,water_path_at_most_3,103,141,0.003273721284755895,-0.0022498324612637596,0.008797275030775549,True,0.08014331245794892,0.1768130719569159
esm3_frozen_bilstm_attn,train,1,evidence_dominated,sequence_distal_ge21_no_direct_ca,water_path_exists,103,141,0.004614810279265827,-0.0015719294448285044,0.01080155000336016,True,0.08014331245794892,0.1768130719569159
esm3_frozen_bilstm_attn,train,1,evidence_dominated,sequence_distal_ge21_no_direct_ca,water_path_without_direct_ca_contact,103,141,0.004614810279265827,-0.0015719294448285044,0.01080155000336016,True,0.08014331245794892,0.1768130719569159
esm3_frozen_bilstm_attn,train,1,evidence_dominated,sequence_distal_ge21_no_direct_ca,water_path_without_direct_polar_contact,103,141,0.004942552908434941,-0.0012611965197075773,0.01114630233657746,True,0.11018416518345475,0.23407545139451633
esm3_frozen_bilstm_attn,train,-1,evidence_dominated,all_eligible_queries,absolute_backbone_orientation_cosine,323,603,0.01219461973889643,-0.0017313421233699049,0.026120581601162766,True,0.09491641241975839,0.2045771219144307
esm3_frozen_bilstm_attn,train,-1,evidence_dominated,all_eligible_queries,absolute_sequence_separation,326,611,-0.36745007085311693,-2.3215624400066157,1.586662298300382,True,0.08487143461667122,0.18631850170483077
esm3_frozen_bilstm_attn,train,-1,evidence_dominated,all_eligible_queries,band_water_contact_count,323,604,-0.00021499787813861795,-0.0012281945697307567,0.0007981988134535207,True,1.0,1.0
esm3_frozen_bilstm_attn,train,-1,evidence_dominated,all_eligible_queries,direct_ca_contact,323,604,0.06577639981119095,0.04982423280275186,0.08172856681963003,True,4.22601212970893e-15,3.523660818010826e-14
esm3_frozen_bilstm_attn,train,-1,evidence_dominated,all_eligible_queries,direct_putative_polar_contact,323,604,0.04273577743390477,0.030908572894240722,0.05456298197356882,True,9.738534504771362e-11,6.576287939343702e-10
esm3_frozen_bilstm_attn,train,-1,evidence_dominated,all_eligible_queries,direct_putative_polar_contact_count,323,604,0.18552312471806723,0.13785649428022861,0.23318975515590584,True,1.1137047323553833e-16,9.889698023315804e-16
esm3_frozen_bilstm_attn,train,-1,evidence_dominated,all_eligible_queries,disorder,326,611,-0.014341077813611696,-0.01822113974848141,-0.010461015878741983,True,3.0634530087960554e-53,8.001018446502639e-52
esm3_frozen_bilstm_attn,train,-1,evidence_dominated,all_eligible_queries,mean_query_contact_water_degree,301,570,0.026723632555177224,-0.013680567280338379,0.06712783239069282,True,0.44052008045022384,0.7164502407322322
esm3_frozen_bilstm_attn,train,-1,evidence_dominated,all_eligible_queries,minimum_ca_distance_angstrom,323,604,-2.346246741572526,-2.7694867468468383,-1.9230067362982137,True,1.484389432854008e-21,1.6899202774030244e-20
esm3_frozen_bilstm_attn,train,-1,evidence_dominated,all_eligible_queries,minimum_heavy_atom_distance_angstrom,323,604,-2.2624127688557643,-2.67929793874103,-1.8455275989704985,True,1.4625641411091994e-20,1.5742508573393565e-19
esm3_frozen_bilstm_attn,train,-1,evidence_dominated,all_eligible_queries,minimum_polar_atom_distance_angstrom,323,603,-1.9326143164973126,-2.348084376070739,-1.5171442569238862,True,1.9360949808555126e-16,1.7022300425739556e-15
esm3_frozen_bilstm_attn,train,-1,evidence_dominated,all_eligible_queries,neq,326,611,-0.4271558143142008,-0.456979170610547,-0.3973324580178546,True,3.0811867718862367e-93,1.8869612782310195e-91
esm3_frozen_bilstm_attn,train,-1,evidence_dominated,all_eligible_queries,nonlocal_contact_path_exists,323,604,0.015030818713535477,0.006921823613681124,0.02313981381338983,True,1.7566946283140407e-28,2.4761029046712193e-27
esm3_frozen_bilstm_attn,train,-1,evidence_dominated,all_eligible_queries,normalized_query_position,326,611,-0.0036562918655296166,-0.01698366684462818,0.00967108311356895,True,0.955843136850611,1.0
esm3_frozen_bilstm_attn,train,-1,evidence_dominated,all_eligible_queries,one_water_bridge,323,604,0.005053449921420868,-0.002638360374255789,0.012745260217097525,True,0.06990057369494627,0.15754240974901595
esm3_frozen_bilstm_attn,train,-1,evidence_dominated,all_eligible_queries,ordinary_contact_path_exists,323,604,0.0,0.0,0.0,True,1.0,1.0
esm3_frozen_bilstm_attn,train,-1,evidence_dominated,all_eligible_queries,query_distance_to_band_domain_boundary_sequence,323,603,1.4399826336655277,-0.3746776304623143,3.25464289779337,True,0.07482645681358328,0.166949481533824
esm3_frozen_bilstm_attn,train,-1,evidence_dominated,all_eligible_queries,query_distance_to_community_boundary_edges,323,604,-0.34189057979219484,-0.39697832875192807,-0.2868028308324616,True,1.3568447618542865e-23,1.639289997995383e-22
esm3_frozen_bilstm_attn,train,-1,evidence_dominated,all_eligible_queries,query_distance_to_ecod_boundary_sequence,323,604,1.684122353326285,0.20362828944729983,3.16461641720527,True,0.0074718067639898324,0.022415420291969496
esm3_frozen_bilstm_attn,train,-1,evidence_dominated,all_eligible_queries,query_in_any_band,326,611,0.3380125828577907,0.30190548045073773,0.3741196852648436,True,9.16179038909035e-39,1.595229385394555e-37
esm3_frozen_bilstm_attn,train,-1,evidence_dominated,all_eligible_queries,query_to_band_contact_count,323,604,0.2839860889334707,0.22586994608857414,0.3421022317783673,True,1.2907948318249268e-20,1.397836354464067e-19
esm3_frozen_bilstm_attn,train,-1,evidence_dominated,all_eligible_queries,query_to_band_contact_fraction,323,604,0.06216136847661809,0.049866229061650134,0.07445650789158605,True,3.586601737202354e-21,4.0061664687241393e-20
esm3_frozen_bilstm_attn,train,-1,evidence_dominated,all_eligible_queries,query_water_contact_count,323,604,-0.2484981022854943,-0.2934313699778958,-0.20356483459309277,True,2.4825871391818238e-20,2.6560691320403123e-19
esm3_frozen_bilstm_attn,train,-1,evidence_dominated,all_eligible_queries,reachable_query_water_entry_count,323,604,-0.0006558799374473484,-0.010492779559899032,0.009181019685004335,True,0.23520336797252533,0.44156573099281715
esm3_frozen_bilstm_attn,train,-1,evidence_dominated,all_eligible_queries,relative_backbone_orientation_cosine,323,603,-0.010541237745762764,-0.04184119294084395,0.02075871744931842,True,0.43603808008377465,0.710462046081453
esm3_frozen_bilstm_attn,train,-1,evidence_dominated,all_eligible_queries,rsa,326,611,-0.1349551259752034,-0.14524366965752217,-0.12466658229288463,True,4.232528636075396e-68,1.6704379683710898e-66
esm3_frozen_bilstm_attn,train,-1,evidence_dominated,all_eligible_queries,same_community_as_band_apex,323,604,0.02650854194884988,0.0054419309277629405,0.04757515296993682,True,0.04234120526227237,0.10315223668833433
esm3_frozen_bilstm_attn,train,-1,evidence_dominated,all_eligible_queries,same_community_as_band_majority,308,559,0.020336153380599218,-0.000935957640679129,0.041608264401877565,True,0.04998317639678589,0.1192787781297841
esm3_frozen_bilstm_attn,train,-1,evidence_dominated,all_eligible_queries,same_ecod_domain_as_band_apex,323,603,0.009329311494405862,-0.0025179746346369568,0.02117659762344868,True,0.13197859831859354,0.2754335964909778
esm3_frozen_bilstm_attn,train,-1,evidence_dominated,all_eligible_queries,shared_water_count,323,604,0.0051875251040519295,-0.002269129993246597,0.012644180201350455,True,0.06990057369494627,0.15754240974901595
esm3_frozen_bilstm_attn,train,-1,evidence_dominated,all_eligible_queries,shared_water_fraction_of_band_contacts,323,604,0.0037177251394729955,-0.0009520122723532401,0.00838746255129923,True,0.06990057369494627,0.15754240974901595
esm3_frozen_bilstm_attn,train,-1,evidence_dominated,all_eligible_queries,shared_water_fraction_of_query_contacts,323,604,0.0036875792674255217,-0.0034842844369306954,0.010859442971781739,True,0.22762615711004688,0.4336518592022835
esm3_frozen_bilstm_attn,train,-1,evidence_dominated,all_eligible_queries,shares_any_ecod_domain_with_band,323,603,0.009329311494405862,-0.0025179746346369568,0.02117659762344868,True,0.13197859831859354,0.2754335964909778
esm3_frozen_bilstm_attn,train,-1,evidence_dominated,all_eligible_queries,shortest_nonlocal_contact_path_edges,322,603,-0.44046332087013834,-0.5288583675067602,-0.35206827423351655,True,3.478668460069303e-17,3.1845954562283925e-16
esm3_frozen_bilstm_attn,train,-1,evidence_dominated,all_eligible_queries,shortest_ordinary_contact_path_edges,323,604,-0.4205843403213014,-0.5070479210220924,-0.33412075962051035,True,5.968106054608041e-16,5.1453186179533414e-15
esm3_frozen_bilstm_attn,train,-1,evidence_dominated,all_eligible_queries,torsion_change_from_previous,326,611,-34.77705623741597,-37.274581939795105,-32.279530535036834,True,2.372992124886511e-86,1.2041240039424125e-84
esm3_frozen_bilstm_attn,train,-1,evidence_dominated,all_eligible_queries,water_path_at_most_1,323,604,0.005053449921420868,-0.002638360374255789,0.012745260217097525,True,0.06990057369494627,0.15754240974901595
esm3_frozen_bilstm_attn,train,-1,evidence_dominated,all_eligible_queries,water_path_at_most_2,323,604,0.003131892761592967,-0.005960705749987676,0.01222449127317361,True,0.39937318688053813,0.6635165389224159
esm3_frozen_bilstm_attn,train,-1,evidence_dominated,all_eligible_queries,water_path_at_most_3,323,604,0.0026721972308983762,-0.006439725721391433,0.011784120183188185,True,0.3112309933213219,0.5472735090481858
esm3_frozen_bilstm_attn,train,-1,evidence_dominated,all_eligible_queries,water_path_exists,323,604,0.0020184596874092795,-0.007106156553158107,0.011143075927976665,True,0.23520336797252533,0.44156573099281715
esm3_frozen_bilstm_attn,train,-1,evidence_dominated,all_eligible_queries,water_path_without_direct_ca_contact,323,604,-0.005162462964906259,-0.009714796116962209,-0.0006101298128503088,True,0.0007645817391550476,0.0026942404141654056
esm3_frozen_bilstm_attn,train,-1,evidence_dominated,all_eligible_queries,water_path_without_direct_polar_contact,323,604,-0.005376480740712397,-0.010998423810623867,0.0002454623291990735,True,0.013378703026003939,0.03759584900978322
esm3_frozen_bilstm_attn,train,-1,evidence_dominated,sequence_distal_ge21,absolute_backbone_orientation_cosine,306,582,0.005307505464852938,-0.008257199440564297,0.018872210370270173,True,0.04523535493836219,0.10900677119475069
esm3_frozen_bilstm_attn,train,-1,evidence_dominated,sequence_distal_ge21,absolute_sequence_separation,310,591,-1.0302874333341492,-3.4366095965888857,1.376034729920587,True,0.030472334360636736,0.07798107467505885
esm3_frozen_bilstm_attn,train,-1,evidence_dominated,sequence_distal_ge21,band_water_contact_count,306,583,0.0,0.0,0.0,True,1.0,1.0
esm3_frozen_bilstm_attn,train,-1,evidence_dominated,sequence_distal_ge21,direct_ca_contact,306,583,0.024714313253732786,0.011765338916853023,0.03766328759061255,True,2.2530245105886897e-05,9.549812722686188e-05
esm3_frozen_bilstm_attn,train,-1,evidence_dominated,sequence_distal_ge21,direct_putative_polar_contact,306,583,0.0033853626658041877,-0.0009290020320799589,0.007699727363688335,True,0.6908264239959597,0.9481512589001735
esm3_frozen_bilstm_attn,train,-1,evidence_dominated,sequence_distal_ge21,direct_putative_polar_contact_count,306,583,0.004377722464705309,-0.0009768317815172147,0.009732276710927832,True,0.6908264239959597,0.9481512589001735
esm3_frozen_bilstm_attn,train,-1,evidence_dominated,sequence_distal_ge21,disorder,310,591,-0.011882189894382738,-0.01651556174399352,-0.007248818044771954,True,2.874628295504639e-48,7.090749795578109e-47
esm3_frozen_bilstm_attn,train,-1,evidence_dominated,sequence_distal_ge21,mean_query_contact_water_degree,289,553,0.033539974672931565,-0.0069283496702325295,0.07400829901609565,True,0.186118873835645,0.3660543963810692
esm3_frozen_bilstm_attn,train,-1,evidence_dominated,sequence_distal_ge21,minimum_ca_distance_angstrom,306,583,-2.411895796857764,-2.9204696906048797,-1.9033219031106485,True,1.7150504882082227e-13,1.324317246546871e-12
esm3_frozen_bilstm_attn,train,-1,evidence_dominated,sequence_distal_ge21,minimum_heavy_atom_distance_angstrom,306,583,-2.343108374509722,-2.846467067034913,-1.839749681984531,True,2.370080246421849e-12,1.7322067973848578e-11
esm3_frozen_bilstm_attn,train,-1,evidence_dominated,sequence_distal_ge21,minimum_polar_atom_distance_angstrom,306,582,-2.081345154094544,-2.5815378219991136,-1.5811524861899744,True,3.006370054333636e-10,1.977523413517236e-09
esm3_frozen_bilstm_attn,train,-1,evidence_dominated,sequence_distal_ge21,neq,310,591,-0.43833866990545844,-0.47327533354781853,-0.40340200626309836,True,9.184607055230465e-89,4.9429885242694865e-87
esm3_frozen_bilstm_attn,train,-1,evidence_dominated,sequence_distal_ge21,nonlocal_contact_path_exists,306,583,0.01610958071061426,0.007270199566862036,0.024948961854366486,True,3.778133811389131e-25,4.8273134165662566e-24
esm3_frozen_bilstm_attn,train,-1,evidence_dominated,sequence_distal_ge21,normalized_query_position,310,591,-0.00012885285602740425,-0.016357452072675856,0.01609974636062105,True,0.5321976230076527,0.8016819155738687
esm3_frozen_bilstm_attn,train,-1,evidence_dominated,sequence_distal_ge21,one_water_bridge,306,583,-0.001687356099763504,-0.005407390511523415,0.0020326783119964074,True,0.0009142745821630902,0.0031594512081842487
esm3_frozen_bilstm_attn,train,-1,evidence_dominated,sequence_distal_ge21,ordinary_contact_path_exists,306,583,0.0,0.0,0.0,True,1.0,1.0
esm3_frozen_bilstm_attn,train,-1,evidence_dominated,sequence_distal_ge21,query_distance_to_band_domain_boundary_sequence,306,582,2.0166660154112335,-0.18249108516413948,4.215823115986606,True,0.01894053931733113,0.05073664830705895
esm3_frozen_bilstm_attn,train,-1,evidence_dominated,sequence_distal_ge21,query_distance_to_community_boundary_edges,306,582,-0.34643341648720793,-0.4052759004304241,-0.28759093254399176,True,5.8187704998568065e-21,6.379096547991166e-20
esm3_frozen_bilstm_attn,train,-1,evidence_dominated,sequence_distal_ge21,query_distance_to_ecod_boundary_sequence,306,583,2.5919273174980653,0.8154253072795803,4.36842932771655,True,0.0003022151474972086,0.0011112507286853881
esm3_frozen_bilstm_attn,train,-1,evidence_dominated,sequence_distal_ge21,query_in_any_band,310,591,0.36461683960000507,0.3266737267086333,0.4025599524913768,True,1.3584641939956786e-40,2.5942283962756185e-39
esm3_frozen_bilstm_attn,train,-1,evidence_dominated,sequence_distal_ge21,query_to_band_contact_count,306,583,0.0564045276739448,0.02773833183776951,0.08507072351012009,True,2.3409525272880848e-06,1.1236572130982807e-05
esm3_frozen_bilstm_attn,train,-1,evidence_dominated,sequence_distal_ge21,query_to_band_contact_fraction,306,583,0.012785119739554617,0.006975118886243315,0.01859512059286592,True,2.3409525272880848e-06,1.1236572130982807e-05
esm3_frozen_bilstm_attn,train,-1,evidence_dominated,sequence_distal_ge21,query_water_contact_count,306,583,-0.24874407764149337,-0.2929235621776046,-0.2045645931053821,True,3.006652044793727e-21,3.379629133894721e-20
esm3_frozen_bilstm_attn,train,-1,evidence_dominated,sequence_distal_ge21,reachable_query_water_entry_count,306,583,-0.005236393232722232,-0.010542989466643825,7.020300119936138e-05,True,0.001110927323374987,0.0037652803937289637
esm3_frozen_bilstm_attn,train,-1,evidence_dominated,sequence_distal_ge21,relative_backbone_orientation_cosine,306,582,5.754034639307915e-05,-0.03425790600114958,0.03437298669393573,True,0.9544252250129451,1.0
esm3_frozen_bilstm_attn,train,-1,evidence_dominated,sequence_distal_ge21,rsa,310,591,-0.1304824569677478,-0.14065769077542517,-0.12030722316007042,True,3.49309249412968e-59,1.0339553782623853e-57
esm3_frozen_bilstm_attn,train,-1,evidence_dominated,sequence_distal_ge21,same_community_as_band_apex,306,583,0.016018944080346084,-0.003228181959111485,0.03526607011980365,True,0.8518854392846715,1.0
esm3_frozen_bilstm_attn,train,-1,evidence_dominated,sequence_distal_ge21,same_community_as_band_majority,293,540,0.021354394409475685,0.0023379816640813414,0.04037080715487003,True,0.22377628757372928,0.42734052336660555
esm3_frozen_bilstm_attn,train,-1,evidence_dominated,sequence_distal_ge21,same_ecod_domain_as_band_apex,306,582,0.009943576517070465,-0.003624526789681781,0.023511679823822712,True,0.15344375016434325,0.3075802486364262
esm3_frozen_bilstm_attn,train,-1,evidence_dominated,sequence_distal_ge21,shared_water_count,306,583,-0.0017583861814416913,-0.0055379366336985245,0.0020211642708151414,True,0.0009142745821630902,0.0031594512081842487
esm3_frozen_bilstm_attn,train,-1,evidence_dominated,sequence_distal_ge21,shared_water_fraction_of_band_contacts,306,583,-0.0011586469830577029,-0.0034187658151016336,0.001101471848986228,True,0.0009142745821630902,0.0031594512081842487
esm3_frozen_bilstm_attn,train,-1,evidence_dominated,sequence_distal_ge21,shared_water_fraction_of_query_contacts,306,583,-0.0005807151235498472,-0.0038428294225394503,0.0026813991754397557,True,0.004626293921895512,0.014465313389588784
esm3_frozen_bilstm_attn,train,-1,evidence_dominated,sequence_distal_ge21,shares_any_ecod_domain_with_band,306,582,0.009943576517070465,-0.003624526789681781,0.023511679823822712,True,0.15344375016434325,0.3075802486364262
esm3_frozen_bilstm_attn,train,-1,evidence_dominated,sequence_distal_ge21,shortest_nonlocal_contact_path_edges,305,580,-0.476351469246199,-0.579832505731979,-0.372870432760419,True,2.6617355050247018e-15,2.2298312532659767e-14
esm3_frozen_bilstm_attn,train,-1,evidence_dominated,sequence_distal_ge21,shortest_ordinary_contact_path_edges,306,583,-0.4569096784307204,-0.5579171049589264,-0.35590225190251434,True,3.952059032318612e-11,2.7204871478286263e-10
esm3_frozen_bilstm_attn,train,-1,evidence_dominated,sequence_distal_ge21,torsion_change_from_previous,310,591,-34.228163280737895,-36.550572662595776,-31.905753898880015,True,2.251187164119308e-83,1.0805698387772678e-81
esm3_frozen_bilstm_attn,train,-1,evidence_dominated,sequence_distal_ge21,water_path_at_most_1,306,583,-0.001687356099763504,-0.005407390511523415,0.0020326783119964074,True,0.0009142745821630902,0.0031594512081842487
esm3_frozen_bilstm_attn,train,-1,evidence_dominated,sequence_distal_ge21,water_path_at_most_2,306,583,-0.0028924741113109287,-0.007039944517875107,0.0012549962952532498,True,0.0007317100653124087,0.002588679434252665
esm3_frozen_bilstm_attn,train,-1,evidence_dominated,sequence_distal_ge21,water_path_at_most_3,306,583,-0.002791985718187784,-0.007067347745123671,0.0014833763087481033,True,0.0020602656809630745,0.006775984906278556
esm3_frozen_bilstm_attn,train,-1,evidence_dominated,sequence_distal_ge21,water_path_exists,306,583,-0.0034960043321302058,-0.007782973758358746,0.0007909650940983344,True,0.001110927323374987,0.0037652803937289637
esm3_frozen_bilstm_attn,train,-1,evidence_dominated,sequence_distal_ge21,water_path_without_direct_ca_contact,306,583,-0.003395715883277631,-0.006031427469964063,-0.0007600042965911981,True,0.0015503169494868645,0.005146472714558264
esm3_frozen_bilstm_attn,train,-1,evidence_dominated,sequence_distal_ge21,water_path_without_direct_polar_contact,306,583,-0.002736935212142283,-0.0068900586165650856,0.0014161881922805193,True,0.015232201861994662,0.04213767991729364
esm3_frozen_bilstm_attn,train,-1,evidence_dominated,sequence_distal_ge21_no_direct_ca,absolute_backbone_orientation_cosine,306,581,-0.001210875329521439,-0.015591702802293023,0.013169952143250147,True,0.22989350149904345,0.4338903917771532
esm3_frozen_bilstm_attn,train,-1,evidence_dominated,sequence_distal_ge21_no_direct_ca,absolute_sequence_separation,306,582,-0.697537413360639,-3.1691085286826803,1.774033701961402,True,0.02184424649426691,0.05755991361100598
esm3_frozen_bilstm_attn,train,-1,evidence_dominated,sequence_distal_ge21_no_direct_ca,band_water_contact_count,306,582,0.0,0.0,0.0,True,1.0,1.0
esm3_frozen_bilstm_attn,train,-1,evidence_dominated,sequence_distal_ge21_no_direct_ca,direct_ca_contact,306,582,0.0,0.0,0.0,True,1.0,1.0
esm3_frozen_bilstm_attn,train,-1,evidence_dominated,sequence_distal_ge21_no_direct_ca,direct_putative_polar_contact,306,582,-0.0007465643186161023,-0.003125072515288182,0.0016319438780559776,True,0.31232680747326935,0.5475739487389204
esm3_frozen_bilstm_attn,train,-1,evidence_dominated,sequence_distal_ge21_no_direct_ca,direct_putative_polar_contact_count,306,582,-0.0007397560396475483,-0.0031184889138011727,0.0016389768345060763,True,0.31232680747326935,0.5475739487389204
esm3_frozen_bilstm_attn,train,-1,evidence_dominated,sequence_distal_ge21_no_direct_ca,disorder,306,582,-0.012225282056023024,-0.01663067386542659,-0.007819890246619459,True,3.581194679448292e-48,8.712605137945434e-47
esm3_frozen_bilstm_attn,train,-1,evidence_dominated,sequence_distal_ge21_no_direct_ca,mean_query_contact_water_degree,284,546,0.040023552434680226,0.0007665658572206316,0.07928053901213983,True,0.06922339529896074,0.15681218118744167
esm3_frozen_bilstm_attn,train,-1,evidence_dominated,sequence_distal_ge21_no_direct_ca,minimum_ca_distance_angstrom,306,582,-2.3836392984809267,-2.8842716051645056,-1.8830069917973478,True,1.2644263597551353e-11,8.911195297321906e-11
esm3_frozen_bilstm_attn,train,-1,evidence_dominated,sequence_distal_ge21_no_direct_ca,minimum_heavy_atom_distance_angstrom,306,582,-2.3446673940535048,-2.8443559529844262,-1.844978835122583,True,2.85517219690107e-11,1.996372370746575e-10
esm3_frozen_bilstm_attn,train,-1,evidence_dominated,sequence_distal_ge21_no_direct_ca,minimum_polar_atom_distance_angstrom,306,581,-2.065791787197181,-2.562631682432875,-1.568951891961487,True,2.7738038149266057e-09,1.675603937180154e-08
esm3_frozen_bilstm_attn,train,-1,evidence_dominated,sequence_distal_ge21_no_direct_ca,neq,306,582,-0.4218171879573694,-0.45031993271511644,-0.39331444319962233,True,1.4317984728223982e-87,7.479041434507586e-86
esm3_frozen_bilstm_attn,train,-1,evidence_dominated,sequence_distal_ge21_no_direct_ca,nonlocal_contact_path_exists,306,582,0.015654551302801904,0.006796228207310377,0.02451287439829343,True,6.61789839683711e-24,8.050265447111444e-23
esm3_frozen_bilstm_attn,train,-1,evidence_dominated,sequence_distal_ge21_no_direct_ca,normalized_query_position,306,582,-0.0013260334654453785,-0.0166468719580254,0.01399480502713464,True,0.6891039860610385,0.9472512997247712
esm3_frozen_bilstm_attn,train,-1,evidence_dominated,sequence_distal_ge21_no_direct_ca,one_water_bridge,306,582,-0.001426626828897983,-0.0036776175286807925,0.0008243638708848263,True,0.0012600338162656044,0.0042223019956371954
esm3_frozen_bilstm_attn,train,-1,evidence_dominated,sequence_distal_ge21_no_direct_ca,ordinary_contact_path_exists,306,582,0.0,0.0,0.0,True,1.0,1.0
esm3_frozen_bilstm_attn,train,-1,evidence_dominated,sequence_distal_ge21_no_direct_ca,query_distance_to_band_domain_boundary_sequence,306,581,1.9160889692754954,-0.3217129683785347,4.153890906929526,True,0.01894053931733113,0.05073664830705895
esm3_frozen_bilstm_attn,train,-1,evidence_dominated,sequence_distal_ge21_no_direct_ca,query_distance_to_community_boundary_edges,306,581,-0.34482430287537585,-0.4043988029278072,-0.2852498028229445,True,8.906900081109284e-21,9.704696039294532e-20
esm3_frozen_bilstm_attn,train,-1,evidence_dominated,sequence_distal_ge21_no_direct_ca,query_distance_to_ecod_boundary_sequence,306,582,2.306626564492229,0.5073498498547824,4.1059032791296755,True,0.0023923859920503363,0.007697241887466299
esm3_frozen_bilstm_attn,train,-1,evidence_dominated,sequence_distal_ge21_no_direct_ca,query_in_any_band,306,582,0.36589722276287484,0.3275230320671694,0.4042714134585803,True,1.1607282344504976e-37,1.9265919106393304e-36
esm3_frozen_bilstm_attn,train,-1,evidence_dominated,sequence_distal_ge21_no_direct_ca,query_to_band_contact_count,306,582,0.0,0.0,0.0,True,1.0,1.0
esm3_frozen_bilstm_attn,train,-1,evidence_dominated,sequence_distal_ge21_no_direct_ca,query_to_band_contact_fraction,306,582,0.0,0.0,0.0,True,1.0,1.0
esm3_frozen_bilstm_attn,train,-1,evidence_dominated,sequence_distal_ge21_no_direct_ca,query_water_contact_count,306,582,-0.23903506979657713,-0.2849393549513824,-0.19313078464177189,True,4.841080338248248e-20,5.087431172028928e-19
esm3_frozen_bilstm_attn,train,-1,evidence_dominated,sequence_distal_ge21_no_direct_ca,reachable_query_water_entry_count,306,582,-0.003825923377930463,-0.006863829650587731,-0.0007880171052731953,True,0.0021862431776861714,0.007098295948026765
esm3_frozen_bilstm_attn,train,-1,evidence_dominated,sequence_distal_ge21_no_direct_ca,relative_backbone_orientation_cosine,306,581,0.01613235380933253,-0.01904120444350543,0.051305912062170486,True,0.6069779078902132,0.8940200974490392
esm3_frozen_bilstm_attn,train,-1,evidence_dominated,sequence_distal_ge21_no_direct_ca,rsa,306,582,-0.12980896130433797,-0.13988535421164133,-0.11973256839703461,True,3.310462506851665e-59,9.965053240963655e-58
esm3_frozen_bilstm_attn,train,-1,evidence_dominated,sequence_distal_ge21_no_direct_ca,same_community_as_band_apex,306,582,0.01134017066695742,-0.006944403896177443,0.029624745230092283,True,0.8495635544175514,1.0
esm3_frozen_bilstm_attn,train,-1,evidence_dominated,sequence_distal_ge21_no_direct_ca,same_community_as_band_majority,293,539,0.014959521005199311,-0.002984416586366138,0.03290345859676476,True,0.8966702477067269,1.0
esm3_frozen_bilstm_attn,train,-1,evidence_dominated,sequence_distal_ge21_no_direct_ca,same_ecod_domain_as_band_apex,306,581,0.008790336724044915,-0.0048950813754121345,0.022475754823501965,True,0.20795842151862862,0.403643887013207
esm3_frozen_bilstm_attn,train,-1,evidence_dominated,sequence_distal_ge21_no_direct_ca,shared_water_count,306,582,-0.0014758163649493717,-0.003729357354651126,0.0007777246247523829,True,0.0012600338162656044,0.0042223019956371954
esm3_frozen_bilstm_attn,train,-1,evidence_dominated,sequence_distal_ge21_no_direct_ca,shared_water_fraction_of_band_contacts,306,582,-0.0005520735168386729,-0.0025403130422170872,0.0014361660085397416,True,0.0012600338162656044,0.0042223019956371954
esm3_frozen_bilstm_attn,train,-1,evidence_dominated,sequence_distal_ge21_no_direct_ca,shared_water_fraction_of_query_contacts,306,582,-0.0011329866920938693,-0.0031967992159508806,0.0009308258317631418,True,0.0012600338162656044,0.0042223019956371954
esm3_frozen_bilstm_attn,train,-1,evidence_dominated,sequence_distal_ge21_no_direct_ca,shares_any_ecod_domain_with_band,306,581,0.008790336724044915,-0.0048950813754121345,0.022475754823501965,True,0.20795842151862862,0.403643887013207
esm3_frozen_bilstm_attn,train,-1,evidence_dominated,sequence_distal_ge21_no_direct_ca,shortest_nonlocal_contact_path_edges,304,578,-0.44847638477838175,-0.5505528097212554,-0.3463999598355081,True,3.369313011340332e-13,2.5572221829659956e-12
esm3_frozen_bilstm_attn,train,-1,evidence_dominated,sequence_distal_ge21_no_direct_ca,shortest_ordinary_contact_path_edges,306,582,-0.4385685366878277,-0.5379077724520955,-0.3392293009235598,True,1.5971450496149037e-09,9.883378425491529e-09
esm3_frozen_bilstm_attn,train,-1,evidence_dominated,sequence_distal_ge21_no_direct_ca,torsion_change_from_previous,306,582,-34.0913407202379,-36.498727693059415,-31.68395374741639,True,5.568388276779974e-84,2.74707154987812e-82
esm3_frozen_bilstm_attn,train,-1,evidence_dominated,sequence_distal_ge21_no_direct_ca,water_path_at_most_1,306,582,-0.001426626828897983,-0.0036776175286807925,0.0008243638708848263,True,0.0012600338162656044,0.0042223019956371954
esm3_frozen_bilstm_attn,train,-1,evidence_dominated,sequence_distal_ge21_no_direct_ca,water_path_at_most_2,306,582,-0.0028390183151334927,-0.005526180297626394,-0.0001518563326405914,True,0.0006173782640671298,0.002206164581455176
esm3_frozen_bilstm_attn,train,-1,evidence_dominated,sequence_distal_ge21_no_direct_ca,water_path_at_most_3,306,582,-0.0030464843536699275,-0.005760385997475266,-0.00033258270986458865,True,0.0009143907212875585,0.0031594512081842487
esm3_frozen_bilstm_attn,train,-1,evidence_dominated,sequence_distal_ge21_no_direct_ca,water_path_exists,306,582,-0.00349837687495302,-0.006297833561526987,-0.000698920188379052,True,0.0021862431776861714,0.007098295948026765
esm3_frozen_bilstm_attn,train,-1,evidence_dominated,sequence_distal_ge21_no_direct_ca,water_path_without_direct_ca_contact,306,582,-0.00349837687495302,-0.006297833561526987,-0.000698920188379052,True,0.0021862431776861714,0.007098295948026765
esm3_frozen_bilstm_attn,train,-1,evidence_dominated,sequence_distal_ge21_no_direct_ca,water_path_without_direct_polar_contact,306,582,-0.0029964170023471467,-0.005652490782386475,-0.00034034322230781875,True,0.0037937056353716074,0.012074589979247267
esm3_frozen_bilstm_attn,train,-1,combined,sequence_distal_ge21_no_direct_ca,shortest_water_path_water_count,23,26,0.15579710144927536,-0.3557143539980666,0.6673085568966174,True,0.5078125,0.7754729148753224
esm3_frozen_bilstm_attn,train,-1,evidence_dominated,all_eligible_queries,shortest_water_path_water_count,13,14,-0.1794871733738826,-1.2044981069084568,0.8455237601606918,True,0.5078125,0.7754729148753224
esm3_frozen_bilstm_attn,train,1,unclassified,all_eligible_queries,absolute_backbone_orientation_cosine,48,53,-0.03626244590092923,-0.09603822766278147,0.02351333586092301,True,0.8854334972865135,1.0
esm3_frozen_bilstm_attn,train,1,unclassified,all_eligible_queries,absolute_sequence_separation,48,53,-0.8672772987966137,-3.7305847728833044,1.9960301752900769,True,0.03998605682605215,0.09808734381639311
esm3_frozen_bilstm_attn,train,1,unclassified,all_eligible_queries,band_water_contact_count,48,53,0.0,0.0,0.0,True,1.0,1.0
esm3_frozen_bilstm_attn,train,1,unclassified,all_eligible_queries,direct_ca_contact,48,53,0.15642109151887115,0.07898680658632799,0.2338553764514143,True,8.797645568847656e-05,0.00034644386985085225
esm3_frozen_bilstm_attn,train,1,unclassified,all_eligible_queries,direct_putative_polar_contact,48,53,0.15909802107406512,0.077336583357152,0.24085945879097825,True,6.604194641113281e-05,0.00026656931096857243
esm3_frozen_bilstm_attn,train,1,unclassified,all_eligible_queries,direct_putative_polar_contact_count,48,53,0.22535959553742216,0.1077659654290817,0.3429532256457626,True,6.604194641113281e-05,0.00026656931096857243
esm3_frozen_bilstm_attn,train,1,unclassified,all_eligible_queries,disorder,48,53,-0.017124482824623612,-0.04688566647153805,0.012636700822290826,True,0.6654658120766188,0.9298172099753056
esm3_frozen_bilstm_attn,train,1,unclassified,all_eligible_queries,mean_query_contact_water_degree,37,41,0.02534789929541202,-0.10349693126255223,0.1541927298533763,True,0.5715881884098053,0.8516280391072267
esm3_frozen_bilstm_attn,train,1,unclassified,all_eligible_queries,minimum_ca_distance_angstrom,48,53,0.6796947245796522,-1.6727138944782807,3.0321033436375853,True,0.31232680747326935,0.5475739487389204
esm3_frozen_bilstm_attn,train,1,unclassified,all_eligible_queries,minimum_heavy_atom_distance_angstrom,48,53,0.881919375440431,-1.469912991074667,3.2337517419555293,True,0.470879013621712,0.7455885323572709
esm3_frozen_bilstm_attn,train,1,unclassified,all_eligible_queries,minimum_polar_atom_distance_angstrom,48,53,0.8708135405703197,-1.4679565571132653,3.2095836382539047,True,0.6654658120766188,0.9298172099753056
esm3_frozen_bilstm_attn,train,1,unclassified,all_eligible_queries,neq,48,53,0.5139830702452435,0.34109644875723355,0.6868696917332534,True,6.240408438884516e-07,3.1396502514047876e-06
esm3_frozen_bilstm_attn,train,1,unclassified,all_eligible_queries,nonlocal_contact_path_exists,48,53,0.00307242556785544,-0.048005713192128326,0.054150564327839205,True,0.6476058959960938,0.9186486192404653
esm3_frozen_bilstm_attn,train,1,unclassified,all_eligible_queries,normalized_query_position,48,53,-0.0281528791364844,-0.08256444483814028,0.026258686565171482,True,0.6654658120766188,0.9298172099753056
esm3_frozen_bilstm_attn,train,1,unclassified,all_eligible_queries,one_water_bridge,48,53,0.05437958304962468,0.012217949672390802,0.09654121642685856,True,0.09228515625,0.20061008261933905
esm3_frozen_bilstm_attn,train,1,unclassified,all_eligible_queries,ordinary_contact_path_exists,48,53,0.008730158209800718,-0.00357932315247521,0.02103963957207665,True,0.5,0.7754729148753224
esm3_frozen_bilstm_attn,train,1,unclassified,all_eligible_queries,query_distance_to_band_domain_boundary_sequence,48,53,3.429809538759882,-0.40344255696623055,7.263061634485995,True,0.029304946720529308,0.07531922630341542
esm3_frozen_bilstm_attn,train,1,unclassified,all_eligible_queries,query_distance_to_community_boundary_edges,48,53,0.26741368580786956,0.04517272109856926,0.48965465051716983,True,0.24296021728332556,0.45420773252124863
esm3_frozen_bilstm_attn,train,1,unclassified,all_eligible_queries,query_distance_to_ecod_boundary_sequence,48,53,4.296039599416748,-0.032045856613757806,8.624125055447253,True,0.029304946720529308,0.07531922630341542
esm3_frozen_bilstm_attn,train,1,unclassified,all_eligible_queries,query_in_any_band,48,53,0.5134212788569844,0.3876750212898994,0.6391675364240694,True,5.65314621780999e-08,3.042420509948649e-07
esm3_frozen_bilstm_attn,train,1,unclassified,all_eligible_queries,query_to_band_contact_count,48,53,0.35589477833663485,0.1731185876275281,0.5386709690457416,True,8.797645568847656e-05,0.00034644386985085225
esm3_frozen_bilstm_attn,train,1,unclassified,all_eligible_queries,query_to_band_contact_fraction,48,53,0.11264864189881972,0.053937623684898836,0.17135966011274062,True,0.000310748815536499,0.0011402683809769055
esm3_frozen_bilstm_attn,train,1,unclassified,all_eligible_queries,query_water_contact_count,48,53,0.10161901811610848,-0.10696730998868435,0.3102053462209013,True,0.6358280026288412,0.9121409795386284
esm3_frozen_bilstm_attn,train,1,unclassified,all_eligible_queries,reachable_query_water_entry_count,48,53,0.06539055931544492,0.020288451414614543,0.11049266721627529,True,0.03515625,0.08757012622720897
esm3_frozen_bilstm_attn,train,1,unclassified,all_eligible_queries,relative_backbone_orientation_cosine,48,53,0.14945540883400968,-0.023040437232288408,0.32195125490030774,True,0.6654658120766188,0.9298172099753056
esm3_frozen_bilstm_attn,train,1,unclassified,all_eligible_queries,rsa,48,53,0.09532097135405071,0.058498911512923024,0.1321430311951784,True,3.3052667092192682e-06,1.552950707823656e-05
esm3_frozen_bilstm_attn,train,1,unclassified,all_eligible_queries,same_community_as_band_apex,48,53,0.017582995421992285,-0.060931145414995926,0.0960971362589805,True,0.47312965989112854,0.7455885323572709
esm3_frozen_bilstm_attn,train,1,unclassified,all_eligible_queries,same_community_as_band_majority,47,52,0.009733528512498892,-0.06603354400093561,0.0855006010259334,True,0.7283324808813632,0.9755041372890656
esm3_frozen_bilstm_attn,train,1,unclassified,all_eligible_queries,same_ecod_domain_as_band_apex,48,53,0.006598600289887849,-0.010345720859923593,0.023542921439699292,True,0.6875,0.9457784663051898
esm3_frozen_bilstm_attn,train,1,unclassified,all_eligible_queries,shared_water_count,48,53,0.05437958304962468,0.012217949672390802,0.09654121642685856,True,0.09228515625,0.20061008261933905
esm3_frozen_bilstm_attn,train,1,unclassified,all_eligible_queries,shared_water_fraction_of_band_contacts,48,53,0.012798063243168315,-0.0008327660622774909,0.026428892548614122,True,0.09228515625,0.20061008261933905
esm3_frozen_bilstm_attn,train,1,unclassified,all_eligible_queries,shared_water_fraction_of_query_contacts,48,53,0.03856140049802701,0.0025723519300139067,0.07455044906604011,True,0.09228515625,0.20061008261933905
esm3_frozen_bilstm_attn,train,1,unclassified,all_eligible_queries,shares_any_ecod_domain_with_band,48,53,0.006598600289887849,-0.010345720859923593,0.023542921439699292,True,0.6875,0.9457784663051898
esm3_frozen_bilstm_attn,train,1,unclassified,all_eligible_queries,shortest_nonlocal_contact_path_edges,48,53,0.162629428411287,-0.3402371676824273,0.6654960245050013,True,1.0,1.0
esm3_frozen_bilstm_attn,train,1,unclassified,all_eligible_queries,shortest_ordinary_contact_path_edges,48,53,0.13532373337518602,-0.2659213481505197,0.5365688149008918,True,0.765991824244793,1.0
esm3_frozen_bilstm_attn,train,1,unclassified,all_eligible_queries,torsion_change_from_previous,48,53,31.132750377091906,14.583018446713812,47.682482307469996,True,6.169640777642373e-05,0.0002507387190181431
esm3_frozen_bilstm_attn,train,1,unclassified,all_eligible_queries,water_path_at_most_1,48,53,0.05437958304962468,0.012217949672390802,0.09654121642685856,True,0.09228515625,0.20061008261933905
esm3_frozen_bilstm_attn,train,1,unclassified,all_eligible_queries,water_path_at_most_2,48,53,0.055123630735195335,0.013338588773477357,0.0969086726969133,True,0.057373046875,0.13319546568627452
esm3_frozen_bilstm_attn,train,1,unclassified,all_eligible_queries,water_path_at_most_3,48,53,0.059158451878835276,0.017236490366684988,0.10108041339098556,True,0.03515625,0.08757012622720897
esm3_frozen_bilstm_attn,train,1,unclassified,all_eligible_queries,water_path_exists,48,53,0.059158451878835276,0.017236490366684988,0.10108041339098556,True,0.03515625,0.08757012622720897
esm3_frozen_bilstm_attn,train,1,unclassified,all_eligible_queries,water_path_without_direct_ca_contact,48,53,0.011379956781941777,-0.012046806313327581,0.03480671987721114,True,1.0,1.0
esm3_frozen_bilstm_attn,train,1,unclassified,all_eligible_queries,water_path_without_direct_polar_contact,48,53,-0.0049618091950717836,-0.0220018026579344,0.012078184267790833,True,0.5078125,0.7754729148753224
esm3_frozen_bilstm_attn,train,1,unclassified,sequence_distal_ge21,absolute_backbone_orientation_cosine,35,40,-0.08553895058072343,-0.16770400374022054,-0.0033738974212263045,True,0.175465248990804,0.3466365764267719
esm3_frozen_bilstm_attn,train,1,unclassified,sequence_distal_ge21,absolute_sequence_separation,38,43,-3.101342716091231,-7.637558110985056,1.4348726788025945,True,0.03355243967962451,0.08512733267287591
esm3_frozen_bilstm_attn,train,1,unclassified,sequence_distal_ge21,band_water_contact_count,37,42,0.0,0.0,0.0,True,1.0,1.0
esm3_frozen_bilstm_attn,train,1,unclassified,sequence_distal_ge21,direct_ca_contact,37,42,0.05288259761850659,-0.037811056730394525,0.1435762519674077,True,0.30175781249999994,0.5329279752534057
esm3_frozen_bilstm_attn,train,1,unclassified,sequence_distal_ge21,direct_putative_polar_contact,37,42,0.035089902891144185,-0.032611769773634634,0.102791575555923,True,0.34375,0.5864553314121037
esm3_frozen_bilstm_attn,train,1,unclassified,sequence_distal_ge21,direct_putative_polar_contact_count,37,42,0.037020404907946274,-0.030912473221264662,0.1049532830371572,True,0.34375,0.5864553314121037
esm3_frozen_bilstm_attn,train,1,unclassified,sequence_distal_ge21,disorder,38,43,-0.037871381229327136,-0.08858763314966503,0.012844870691010757,True,0.2558750795433298,0.4699422350247711
esm3_frozen_bilstm_attn,train,1,unclassified,sequence_distal_ge21,mean_query_contact_water_degree,27,31,-0.009376786581773332,-0.1580894655912077,0.13933589242766106,True,0.8238029479980469,1.0
esm3_frozen_bilstm_attn,train,1,unclassified,sequence_distal_ge21,minimum_ca_distance_angstrom,37,42,1.8624353187680498,-1.778100483221945,5.502971120758044,True,0.7428293587290682,0.9794097558298628
esm3_frozen_bilstm_attn,train,1,unclassified,sequence_distal_ge21,minimum_heavy_atom_distance_angstrom,37,42,2.0472905418382905,-1.539251504931324,5.6338325886079055,True,0.7428293587290682,0.9794097558298628
esm3_frozen_bilstm_attn,train,1,unclassified,sequence_distal_ge21,minimum_polar_atom_distance_angstrom,37,42,1.8791567759061771,-1.7646034871889218,5.5229170390012765,True,0.7428293587290682,0.9794097558298628
esm3_frozen_bilstm_attn,train,1,unclassified,sequence_distal_ge21,neq,38,43,0.49411826996337177,0.2611362271300626,0.7271003127966809,True,0.0004719867429230362,0.0017107111335332905
esm3_frozen_bilstm_attn,train,1,unclassified,sequence_distal_ge21,nonlocal_contact_path_exists,37,42,-0.02163126562885438,-0.08481732109787829,0.041554789840169526,True,0.6072387695312499,0.8940200974490392
esm3_frozen_bilstm_attn,train,1,unclassified,sequence_distal_ge21,normalized_query_position,38,43,0.0026760288978238908,-0.08297206415695829,0.08832412195260608,True,1.0,1.0
esm3_frozen_bilstm_attn,train,1,unclassified,sequence_distal_ge21,one_water_bridge,37,42,0.013345312669470505,-0.014202050935267819,0.040892676274208825,True,0.6875,0.9457784663051898
esm3_frozen_bilstm_attn,train,1,unclassified,sequence_distal_ge21,ordinary_contact_path_exists,37,42,0.019991418799838505,-0.008878442662239288,0.0488612802619163,True,0.5,0.7754729148753224
esm3_frozen_bilstm_attn,train,1,unclassified,sequence_distal_ge21,query_distance_to_band_domain_boundary_sequence,37,42,4.994299774075822,-0.08190618119367254,10.070505729345317,True,0.09887174959294498,0.21207273825733125
esm3_frozen_bilstm_attn,train,1,unclassified,sequence_distal_ge21,query_distance_to_community_boundary_edges,36,41,0.42754176095312024,0.09083439439127777,0.7642491275149628,True,0.08953107893466952,0.19582167018223284
esm3_frozen_bilstm_attn,train,1,unclassified,sequence_distal_ge21,query_distance_to_ecod_boundary_sequence,37,42,6.196662337234837,0.7275522648705399,11.665772409599136,True,0.18774155899882317,0.3688373990950331
esm3_frozen_bilstm_attn,train,1,unclassified,sequence_distal_ge21,query_in_any_band,38,43,0.5927493195602578,0.4343757822585483,0.7511228568619672,True,7.660128176212311e-07,3.84304735620143e-06
esm3_frozen_bilstm_attn,train,1,unclassified,sequence_distal_ge21,query_to_band_contact_count,37,42,0.07845195422363749,-0.074241743197338,0.23114565164461298,True,0.30175781249999994,0.5329279752534057
esm3_frozen_bilstm_attn,train,1,unclassified,sequence_distal_ge21,query_to_band_contact_fraction,37,42,0.016205350228464237,-0.02185011375936635,0.05426081421629482,True,0.30175781249999994,0.5329279752534057
esm3_frozen_bilstm_attn,train,1,unclassified,sequence_distal_ge21,query_water_contact_count,37,42,0.08303450354111648,-0.1755385611019346,0.34160756818416754,True,0.8641662404406816,1.0
esm3_frozen_bilstm_attn,train,1,unclassified,sequence_distal_ge21,reachable_query_water_entry_count,37,42,0.01885624994207789,-0.009764894418495935,0.047477394302651715,True,1.0,1.0
esm3_frozen_bilstm_attn,train,1,unclassified,sequence_distal_ge21,relative_backbone_orientation_cosine,35,40,0.0865816937424158,-0.10393573686773284,0.27709912435256445,True,1.0,1.0
esm3_frozen_bilstm_attn,train,1,unclassified,sequence_distal_ge21,rsa,38,43,0.05936910464533924,0.007461073471440302,0.11127713581923818,True,0.013852965261321515,0.03856248637007369
esm3_frozen_bilstm_attn,train,1,unclassified,sequence_distal_ge21,same_community_as_band_apex,37,42,-0.003860240990670775,-0.10096454607489479,0.09324406409355325,True,0.8318119049072266,1.0
esm3_frozen_bilstm_attn,train,1,unclassified,sequence_distal_ge21,same_community_as_band_majority,36,41,-0.015012442983433969,-0.10893488331237361,0.07890999734550566,True,1.0,1.0
esm3_frozen_bilstm_attn,train,1,unclassified,sequence_distal_ge21,same_ecod_domain_as_band_apex,37,42,0.02130523404559573,-0.005170598533955104,0.04778106662514657,True,0.21875,0.41864224137931033
esm3_frozen_bilstm_attn,train,1,unclassified,sequence_distal_ge21,shared_water_count,37,42,0.013345312669470505,-0.014202050935267819,0.040892676274208825,True,0.6875,0.9457784663051898
esm3_frozen_bilstm_attn,train,1,unclassified,sequence_distal_ge21,shared_water_fraction_of_band_contacts,37,42,0.0031672468125769865,-0.00388726124450894,0.010221754869662912,True,0.6875,0.9457784663051898
esm3_frozen_bilstm_attn,train,1,unclassified,sequence_distal_ge21,shared_water_fraction_of_query_contacts,37,42,0.0023839309643786245,-0.0033611180686096537,0.008128979997366902,True,0.6875,0.9457784663051898
esm3_frozen_bilstm_attn,train,1,unclassified,sequence_distal_ge21,shares_any_ecod_domain_with_band,37,42,0.02130523404559573,-0.005170598533955104,0.04778106662514657,True,0.21875,0.41864224137931033
esm3_frozen_bilstm_attn,train,1,unclassified,sequence_distal_ge21,shortest_nonlocal_contact_path_edges,36,41,0.4818875634007983,-0.18608391153802117,1.149859038339618,True,1.0,1.0
esm3_frozen_bilstm_attn,train,1,unclassified,sequence_distal_ge21,shortest_ordinary_contact_path_edges,37,42,0.30257382127973764,-0.2657393618614673,0.8708870044209426,True,0.617719317029696,0.9029378658804444
esm3_frozen_bilstm_attn,train,1,unclassified,sequence_distal_ge21,torsion_change_from_previous,38,43,34.38039683950924,13.952370645412554,54.80842303360592,True,0.013852965261321515,0.03856248637007369
esm3_frozen_bilstm_attn,train,1,unclassified,sequence_distal_ge21,water_path_at_most_1,37,42,0.013345312669470505,-0.014202050935267819,0.040892676274208825,True,0.6875,0.9457784663051898
esm3_frozen_bilstm_attn,train,1,unclassified,sequence_distal_ge21,water_path_at_most_2,37,42,0.015275814686272598,-0.012442396391518807,0.042994025764064005,True,1.0,1.0
esm3_frozen_bilstm_attn,train,1,unclassified,sequence_distal_ge21,water_path_at_most_3,37,42,0.017557317067731965,-0.010856591534285889,0.045971225669749816,True,1.0,1.0
esm3_frozen_bilstm_attn,train,1,unclassified,sequence_distal_ge21,water_path_exists,37,42,0.017557317067731965,-0.010856591534285889,0.045971225669749816,True,1.0,1.0
esm3_frozen_bilstm_attn,train,1,unclassified,sequence_distal_ge21,water_path_without_direct_ca_contact,37,42,0.017280082597310568,-0.01104059926034031,0.045600764454961445,True,0.625,0.9046454767726161
esm3_frozen_bilstm_attn,train,1,unclassified,sequence_distal_ge21,water_path_without_direct_polar_contact,37,42,0.004284587101143849,-0.00398406791585492,0.012553242118142616,True,1.0,1.0
esm3_frozen_bilstm_attn,train,1,unclassified,sequence_distal_ge21_no_direct_ca,absolute_backbone_orientation_cosine,33,38,-0.08283789488144251,-0.16990668518771262,0.004230895424827616,True,0.16275565745308995,0.3247798288052671
esm3_frozen_bilstm_attn,train,1,unclassified,sequence_distal_ge21_no_direct_ca,absolute_sequence_separation,35,40,-0.6423822146501904,-4.985892296281555,3.7011278669811736,True,0.4995598332025112,0.7754729148753224
esm3_frozen_bilstm_attn,train,1,unclassified,sequence_distal_ge21_no_direct_ca,band_water_contact_count,35,40,0.0,0.0,0.0,True,1.0,1.0
esm3_frozen_bilstm_attn,train,1,unclassified,sequence_distal_ge21_no_direct_ca,direct_ca_contact,35,40,0.0,0.0,0.0,True,1.0,1.0
esm3_frozen_bilstm_attn,train,1,unclassified,sequence_distal_ge21_no_direct_ca,direct_putative_polar_contact,35,40,0.02966003975305124,-0.028470006142450904,0.08779008564855338,True,1.0,1.0
esm3_frozen_bilstm_attn,train,1,unclassified,sequence_distal_ge21_no_direct_ca,direct_putative_polar_contact_count,35,40,0.02966003975305124,-0.028470006142450904,0.08779008564855338,True,1.0,1.0
esm3_frozen_bilstm_attn,train,1,unclassified,sequence_distal_ge21_no_direct_ca,disorder,35,40,0.016773628771643456,-0.026636741262484852,0.060183998805771764,True,0.4995598332025112,0.7754729148753224
esm3_frozen_bilstm_attn,train,1,unclassified,sequence_distal_ge21_no_direct_ca,minimum_ca_distance_angstrom,35,40,2.002385857445853,-1.4684556730069906,5.473227387898696,True,0.735878800856881,0.9794097558298628
esm3_frozen_bilstm_attn,train,1,unclassified,sequence_distal_ge21_no_direct_ca,minimum_heavy_atom_distance_angstrom,35,40,2.070148038712759,-1.409667785906989,5.549963863332507,True,0.735878800856881,0.9794097558298628
esm3_frozen_bilstm_attn,train,1,unclassified,sequence_distal_ge21_no_direct_ca,minimum_polar_atom_distance_angstrom,35,40,1.9296980124320036,-1.5947066920640678,5.454102716928075,True,0.735878800856881,0.9794097558298628
esm3_frozen_bilstm_attn,train,1,unclassified,sequence_distal_ge21_no_direct_ca,neq,35,40,0.4791359145205083,0.21143200955406516,0.7468398194869514,True,0.0018782254774123432,0.006188735524831766
esm3_frozen_bilstm_attn,train,1,unclassified,sequence_distal_ge21_no_direct_ca,nonlocal_contact_path_exists,35,40,-0.028001405761625756,-0.0937201111947804,0.037717299671528884,True,0.4239501953125,0.6958738880545287
esm3_frozen_bilstm_attn,train,1,unclassified,sequence_distal_ge21_no_direct_ca,normalized_query_position,35,40,-0.021613045300134748,-0.1193772642496553,0.0761511736493858,True,1.0,1.0
esm3_frozen_bilstm_attn,train,1,unclassified,sequence_distal_ge21_no_direct_ca,one_water_bridge,35,40,0.02810012209894402,-0.029999045192898834,0.08619928939078687,True,1.0,1.0
esm3_frozen_bilstm_attn,train,1,unclassified,sequence_distal_ge21_no_direct_ca,ordinary_contact_path_exists,35,40,0.020793649128505162,-0.00939976454467005,0.050987062801680375,True,0.5,0.7754729148753224
esm3_frozen_bilstm_attn,train,1,unclassified,sequence_distal_ge21_no_direct_ca,query_distance_to_band_domain_boundary_sequence,35,40,2.7237975306737994,-2.1268410779757465,7.574436139323345,True,0.4995598332025112,0.7754729148753224
esm3_frozen_bilstm_attn,train,1,unclassified,sequence_distal_ge21_no_direct_ca,query_distance_to_community_boundary_edges,34,39,0.5467036667115548,0.2379648314375153,0.8554425019855942,True,0.013530986849218607,0.037963716657523294
esm3_frozen_bilstm_attn,train,1,unclassified,sequence_distal_ge21_no_direct_ca,query_distance_to_ecod_boundary_sequence,35,40,4.083821574165707,-1.2835682611490808,9.451211409480496,True,0.735878800856881,0.9794097558298628
esm3_frozen_bilstm_attn,train,1,unclassified,sequence_distal_ge21_no_direct_ca,query_in_any_band,35,40,0.6231607799304534,0.4598754752171945,0.7864460846437122,True,1.4011748135089874e-06,6.8742720132374636e-06
esm3_frozen_bilstm_attn,train,1,unclassified,sequence_distal_ge21_no_direct_ca,query_to_band_contact_count,35,40,0.0,0.0,0.0,True,1.0,1.0
esm3_frozen_bilstm_attn,train,1,unclassified,sequence_distal_ge21_no_direct_ca,query_to_band_contact_fraction,35,40,0.0,0.0,0.0,True,1.0,1.0
esm3_frozen_bilstm_attn,train,1,unclassified,sequence_distal_ge21_no_direct_ca,query_water_contact_count,35,40,0.08737261963606961,-0.26538810519106165,0.4401333444632009,True,0.7283324808813632,0.9755041372890656
esm3_frozen_bilstm_attn,train,1,unclassified,sequence_distal_ge21_no_direct_ca,reachable_query_water_entry_count,35,40,0.0330063271986705,-0.025411074639400573,0.09142372903674156,True,0.625,0.9046454767726161
esm3_frozen_bilstm_attn,train,1,unclassified,sequence_distal_ge21_no_direct_ca,relative_backbone_orientation_cosine,33,38,0.09192287021134264,-0.0913899828467402,0.27523572326942547,True,0.7283324808813632,0.9755041372890656
esm3_frozen_bilstm_attn,train,1,unclassified,sequence_distal_ge21_no_direct_ca,rsa,35,40,0.10637340172361931,0.061802307507260325,0.1509444959399783,True,0.0001168418675661087,0.00045111121042915015
esm3_frozen_bilstm_attn,train,1,unclassified,sequence_distal_ge21_no_direct_ca,same_community_as_band_apex,35,40,-0.00618466632537831,-0.10273462003364604,0.09036528738288942,True,0.8238029479980469,1.0
esm3_frozen_bilstm_attn,train,1,unclassified,sequence_distal_ge21_no_direct_ca,same_community_as_band_majority,34,39,-0.00825732466682137,-0.09539443455646832,0.07887978522282557,True,0.5034446716308594,0.7754729148753224
esm3_frozen_bilstm_attn,train,1,unclassified,sequence_distal_ge21_no_direct_ca,same_ecod_domain_as_band_apex,35,40,0.023263304006485706,-2.245996256637281e-05,0.04654906797553779,True,0.21875,0.41864224137931033
esm3_frozen_bilstm_attn,train,1,unclassified,sequence_distal_ge21_no_direct_ca,shared_water_count,35,40,0.02810012209894402,-0.029999045192898834,0.08619928939078687,True,1.0,1.0
esm3_frozen_bilstm_attn,train,1,unclassified,sequence_distal_ge21_no_direct_ca,shared_water_fraction_of_band_contacts,35,40,0.006988400483636989,-0.007539911926382658,0.021516712893656635,True,1.0,1.0
esm3_frozen_bilstm_attn,train,1,unclassified,sequence_distal_ge21_no_direct_ca,shared_water_fraction_of_query_contacts,35,40,0.0054627595469355595,-0.006173771996287411,0.01709929109015853,True,1.0,1.0
esm3_frozen_bilstm_attn,train,1,unclassified,sequence_distal_ge21_no_direct_ca,shares_any_ecod_domain_with_band,35,40,0.023263304006485706,-2.245996256637281e-05,0.04654906797553779,True,0.21875,0.41864224137931033
esm3_frozen_bilstm_attn,train,1,unclassified,sequence_distal_ge21_no_direct_ca,shortest_nonlocal_contact_path_edges,34,39,0.5682998227527717,-0.029876238934683608,1.166475884440227,True,0.296206368599087,0.5260625106319785
esm3_frozen_bilstm_attn,train,1,unclassified,sequence_distal_ge21_no_direct_ca,shortest_ordinary_contact_path_edges,35,40,0.3616515320877369,-0.15630920717241747,0.8796122713478913,True,0.6075913612730801,0.8940200974490392
esm3_frozen_bilstm_attn,train,1,unclassified,sequence_distal_ge21_no_direct_ca,torsion_change_from_previous,35,40,29.80898847201972,9.142597256148637,50.47537968789081,True,0.016673847800120715,0.0454183338849914
esm3_frozen_bilstm_attn,train,1,unclassified,sequence_distal_ge21_no_direct_ca,water_path_at_most_1,35,40,0.02810012209894402,-0.029999045192898834,0.08619928939078687,True,1.0,1.0
esm3_frozen_bilstm_attn,train,1,unclassified,sequence_distal_ge21_no_direct_ca,water_path_at_most_2,35,40,0.03014093851670623,-0.027986356516167248,0.0882682335495797,True,1.0,1.0
esm3_frozen_bilstm_attn,train,1,unclassified,sequence_distal_ge21_no_direct_ca,water_path_at_most_3,35,40,0.03255281246282042,-0.025876816422056727,0.09098244134769756,True,0.625,0.9046454767726161
esm3_frozen_bilstm_attn,train,1,unclassified,sequence_distal_ge21_no_direct_ca,water_path_exists,35,40,0.03255281246282042,-0.025876816422056727,0.09098244134769756,True,0.625,0.9046454767726161
esm3_frozen_bilstm_attn,train,1,unclassified,sequence_distal_ge21_no_direct_ca,water_path_without_direct_ca_contact,35,40,0.03255281246282042,-0.025876816422056727,0.09098244134769756,True,0.625,0.9046454767726161
esm3_frozen_bilstm_attn,train,1,unclassified,sequence_distal_ge21_no_direct_ca,water_path_without_direct_polar_contact,35,40,0.004013129923906591,-0.0043701349083221964,0.012396394756135378,True,1.0,1.0
esm3_frozen_bilstm_attn,train,-1,evidence_dominated,sequence_distal_ge21,shortest_water_path_water_count,7,7,0.02380953516278948,,,False,,
esm3_frozen_bilstm_attn,train,1,unclassified,all_eligible_queries,shortest_water_path_water_count,3,3,-0.3333333333333333,,,False,,
esm3_frozen_bilstm_attn,train,1,evidence_dominated,all_eligible_queries,shortest_water_path_water_count,9,10,-0.1851851675245497,,,False,,
esm3_frozen_bilstm_attn,train,1,evidence_dominated,sequence_distal_ge21,shortest_water_path_water_count,7,8,-0.05952378681727818,,,False,,
esm3_frozen_bilstm_attn,train,1,unclassified,sequence_distal_ge21_no_direct_ca,mean_query_contact_water_degree,25,29,-0.019911257664362587,-0.18084071181809616,0.141018196489371,True,1.0,1.0
esm3_frozen_bilstm_attn,train,-1,consultation_dominated,all_eligible_queries,absolute_backbone_orientation_cosine,4,4,-0.06525041908025743,,,False,,
esm3_frozen_bilstm_attn,train,-1,consultation_dominated,all_eligible_queries,absolute_sequence_separation,4,4,2.807881944444443,,,False,,
esm3_frozen_bilstm_attn,train,-1,consultation_dominated,all_eligible_queries,band_water_contact_count,4,4,0.0,,,False,,
esm3_frozen_bilstm_attn,train,-1,consultation_dominated,all_eligible_queries,direct_ca_contact,4,4,0.044687500223517425,,,False,,
esm3_frozen_bilstm_attn,train,-1,consultation_dominated,all_eligible_queries,direct_putative_polar_contact,4,4,-0.015625,,,False,,
esm3_frozen_bilstm_attn,train,-1,consultation_dominated,all_eligible_queries,direct_putative_polar_contact_count,4,4,-0.015625,,,False,,
esm3_frozen_bilstm_attn,train,-1,consultation_dominated,all_eligible_queries,disorder,4,4,-0.009443067976305074,,,False,,
esm3_frozen_bilstm_attn,train,-1,consultation_dominated,all_eligible_queries,minimum_ca_distance_angstrom,4,4,-2.4446160793304443,,,False,,
esm3_frozen_bilstm_attn,train,-1,consultation_dominated,all_eligible_queries,minimum_heavy_atom_distance_angstrom,4,4,-2.5435770750045776,,,False,,
esm3_frozen_bilstm_attn,train,-1,consultation_dominated,all_eligible_queries,minimum_polar_atom_distance_angstrom,4,4,-2.1745123863220215,,,False,,
esm3_frozen_bilstm_attn,train,-1,consultation_dominated,all_eligible_queries,neq,4,4,-0.34581765046296287,,,False,,
esm3_frozen_bilstm_attn,train,-1,consultation_dominated,all_eligible_queries,nonlocal_contact_path_exists,4,4,0.05513889342546462,,,False,,
esm3_frozen_bilstm_attn,train,-1,consultation_dominated,all_eligible_queries,normalized_query_position,4,4,-0.04996207683982418,,,False,,
esm3_frozen_bilstm_attn,train,-1,consultation_dominated,all_eligible_queries,one_water_bridge,4,4,-0.009999999776482575,,,False,,
esm3_frozen_bilstm_attn,train,-1,consultation_dominated,all_eligible_queries,ordinary_contact_path_exists,4,4,0.0,,,False,,
esm3_frozen_bilstm_attn,train,-1,consultation_dominated,all_eligible_queries,query_distance_to_band_domain_boundary_sequence,4,4,-6.184444904327393,,,False,,
esm3_frozen_bilstm_attn,train,-1,consultation_dominated,all_eligible_queries,query_distance_to_community_boundary_edges,4,4,-0.02968749776482582,,,False,,
esm3_frozen_bilstm_attn,train,-1,consultation_dominated,all_eligible_queries,query_distance_to_ecod_boundary_sequence,4,4,-3.551632165908813,,,False,,
esm3_frozen_bilstm_attn,train,-1,consultation_dominated,all_eligible_queries,query_in_any_band,4,4,-0.0378125,,,False,,
esm3_frozen_bilstm_attn,train,-1,consultation_dominated,all_eligible_queries,query_to_band_contact_count,4,4,0.044687500223517425,,,False,,
esm3_frozen_bilstm_attn,train,-1,consultation_dominated,all_eligible_queries,query_to_band_contact_fraction,4,4,0.011171875055879375,,,False,,
esm3_frozen_bilstm_attn,train,-1,consultation_dominated,all_eligible_queries,query_water_contact_count,4,4,-0.334027785807848,,,False,,
esm3_frozen_bilstm_attn,train,-1,consultation_dominated,all_eligible_queries,reachable_query_water_entry_count,4,4,-0.041249999776482575,,,False,,
esm3_frozen_bilstm_attn,train,-1,consultation_dominated,all_eligible_queries,relative_backbone_orientation_cosine,4,4,-0.26602572761476034,,,False,,
esm3_frozen_bilstm_attn,train,-1,consultation_dominated,all_eligible_queries,rsa,4,4,-0.16084444074270626,,,False,,
esm3_frozen_bilstm_attn,train,-1,consultation_dominated,all_eligible_queries,same_community_as_band_apex,4,4,-0.02295138780027628,,,False,,
esm3_frozen_bilstm_attn,train,-1,consultation_dominated,all_eligible_queries,same_community_as_band_majority,4,4,-0.02295138780027628,,,False,,
esm3_frozen_bilstm_attn,train,-1,consultation_dominated,all_eligible_queries,same_ecod_domain_as_band_apex,4,4,0.0,,,False,,
esm3_frozen_bilstm_attn,train,-1,consultation_dominated,all_eligible_queries,shared_water_count,4,4,-0.009999999776482575,,,False,,
esm3_frozen_bilstm_attn,train,-1,consultation_dominated,all_eligible_queries,shared_water_fraction_of_band_contacts,4,4,-0.002499999944120625,,,False,,
esm3_frozen_bilstm_attn,train,-1,consultation_dominated,all_eligible_queries,shared_water_fraction_of_query_contacts,4,4,-0.009999999776482575,,,False,,
esm3_frozen_bilstm_attn,train,-1,consultation_dominated,all_eligible_queries,shares_any_ecod_domain_with_band,4,4,0.0,,,False,,
esm3_frozen_bilstm_attn,train,-1,consultation_dominated,all_eligible_queries,shortest_nonlocal_contact_path_edges,4,4,-0.2875000536441803,,,False,,
esm3_frozen_bilstm_attn,train,-1,consultation_dominated,all_eligible_queries,shortest_ordinary_contact_path_edges,4,4,-0.5042708218097687,,,False,,
esm3_frozen_bilstm_attn,train,-1,consultation_dominated,all_eligible_queries,torsion_change_from_previous,4,4,-37.09470118186998,,,False,,
esm3_frozen_bilstm_attn,train,-1,consultation_dominated,all_eligible_queries,water_path_at_most_1,4,4,-0.009999999776482575,,,False,,
esm3_frozen_bilstm_attn,train,-1,consultation_dominated,all_eligible_queries,water_path_at_most_2,4,4,-0.009999999776482575,,,False,,
esm3_frozen_bilstm_attn,train,-1,consultation_dominated,all_eligible_queries,water_path_at_most_3,4,4,-0.009999999776482575,,,False,,
esm3_frozen_bilstm_attn,train,-1,consultation_dominated,all_eligible_queries,water_path_exists,4,4,-0.041249999776482575,,,False,,
esm3_frozen_bilstm_attn,train,-1,consultation_dominated,all_eligible_queries,water_path_without_direct_ca_contact,4,4,-0.03125,,,False,,
esm3_frozen_bilstm_attn,train,-1,consultation_dominated,all_eligible_queries,water_path_without_direct_polar_contact,4,4,-0.041249999776482575,,,False,,
esm3_frozen_bilstm_attn,train,-1,consultation_dominated,sequence_distal_ge21,absolute_backbone_orientation_cosine,4,4,-0.0450296849012375,,,False,,
esm3_frozen_bilstm_attn,train,-1,consultation_dominated,sequence_distal_ge21,absolute_sequence_separation,4,4,4.66690972222222,,,False,,
esm3_frozen_bilstm_attn,train,-1,consultation_dominated,sequence_distal_ge21,band_water_contact_count,4,4,0.0,,,False,,
esm3_frozen_bilstm_attn,train,-1,consultation_dominated,sequence_distal_ge21,direct_ca_contact,4,4,-0.017812499776482575,,,False,,
esm3_frozen_bilstm_attn,train,-1,consultation_dominated,sequence_distal_ge21,direct_putative_polar_contact,4,4,-0.015625,,,False,,
esm3_frozen_bilstm_attn,train,-1,consultation_dominated,sequence_distal_ge21,direct_putative_polar_contact_count,4,4,-0.015625,,,False,,
esm3_frozen_bilstm_attn,train,-1,consultation_dominated,sequence_distal_ge21,disorder,4,4,-0.00755113972502535,,,False,,
esm3_frozen_bilstm_attn,train,-1,consultation_dominated,sequence_distal_ge21,minimum_ca_distance_angstrom,4,4,-4.07818603515625,,,False,,
esm3_frozen_bilstm_attn,train,-1,consultation_dominated,sequence_distal_ge21,minimum_heavy_atom_distance_angstrom,4,4,-4.040697455406189,,,False,,
esm3_frozen_bilstm_attn,train,-1,consultation_dominated,sequence_distal_ge21,minimum_polar_atom_distance_angstrom,4,4,-3.879441499710083,,,False,,
esm3_frozen_bilstm_attn,train,-1,consultation_dominated,sequence_distal_ge21,neq,4,4,-0.28030144675925917,,,False,,
esm3_frozen_bilstm_attn,train,-1,consultation_dominated,sequence_distal_ge21,nonlocal_contact_path_exists,4,4,0.037777781486511224,,,False,,
esm3_frozen_bilstm_attn,train,-1,consultation_dominated,sequence_distal_ge21,normalized_query_position,4,4,-0.08116327459721459,,,False,,
esm3_frozen_bilstm_attn,train,-1,consultation_dominated,sequence_distal_ge21,one_water_bridge,4,4,-0.009999999776482575,,,False,,
esm3_frozen_bilstm_attn,train,-1,consultation_dominated,sequence_distal_ge21,ordinary_contact_path_exists,4,4,0.0,,,False,,
esm3_frozen_bilstm_attn,train,-1,consultation_dominated,sequence_distal_ge21,query_distance_to_band_domain_boundary_sequence,4,4,-7.749722480773926,,,False,,
esm3_frozen_bilstm_attn,train,-1,consultation_dominated,sequence_distal_ge21,query_distance_to_community_boundary_edges,4,4,0.06822916865348816,,,False,,
esm3_frozen_bilstm_attn,train,-1,consultation_dominated,sequence_distal_ge21,query_distance_to_ecod_boundary_sequence,4,4,-5.116909742355347,,,False,,
esm3_frozen_bilstm_attn,train,-1,consultation_dominated,sequence_distal_ge21,query_in_any_band,4,4,-0.0378125,,,False,,
esm3_frozen_bilstm_attn,train,-1,consultation_dominated,sequence_distal_ge21,query_to_band_contact_count,4,4,-0.017812499776482575,,,False,,
esm3_frozen_bilstm_attn,train,-1,consultation_dominated,sequence_distal_ge21,query_to_band_contact_fraction,4,4,-0.004453124944120625,,,False,,
esm3_frozen_bilstm_attn,train,-1,consultation_dominated,sequence_distal_ge21,query_water_contact_count,4,4,-0.3201389014720917,,,False,,
esm3_frozen_bilstm_attn,train,-1,consultation_dominated,sequence_distal_ge21,reachable_query_water_entry_count,4,4,-0.009999999776482575,,,False,,
esm3_frozen_bilstm_attn,train,-1,consultation_dominated,sequence_distal_ge21,relative_backbone_orientation_cosine,4,4,-0.29049149900674814,,,False,,
esm3_frozen_bilstm_attn,train,-1,consultation_dominated,sequence_distal_ge21,rsa,4,4,-0.13751481119155268,,,False,,
esm3_frozen_bilstm_attn,train,-1,consultation_dominated,sequence_distal_ge21,same_community_as_band_apex,4,4,0.09440972469747066,,,False,,
esm3_frozen_bilstm_attn,train,-1,consultation_dominated,sequence_distal_ge21,same_community_as_band_majority,4,4,0.09440972469747066,,,False,,
esm3_frozen_bilstm_attn,train,-1,consultation_dominated,sequence_distal_ge21,same_ecod_domain_as_band_apex,4,4,0.0,,,False,,
esm3_frozen_bilstm_attn,train,-1,consultation_dominated,sequence_distal_ge21,shared_water_count,4,4,-0.009999999776482575,,,False,,
esm3_frozen_bilstm_attn,train,-1,consultation_dominated,sequence_distal_ge21,shared_water_fraction_of_band_contacts,4,4,-0.002499999944120625,,,False,,
esm3_frozen_bilstm_attn,train,-1,consultation_dominated,sequence_distal_ge21,shared_water_fraction_of_query_contacts,4,4,-0.009999999776482575,,,False,,
esm3_frozen_bilstm_attn,train,-1,consultation_dominated,sequence_distal_ge21,shares_any_ecod_domain_with_band,4,4,0.0,,,False,,
esm3_frozen_bilstm_attn,train,-1,consultation_dominated,sequence_distal_ge21,shortest_nonlocal_contact_path_edges,4,4,-0.5979167222976686,,,False,,
esm3_frozen_bilstm_attn,train,-1,consultation_dominated,sequence_distal_ge21,shortest_ordinary_contact_path_edges,4,4,-0.7771874666213989,,,False,,
esm3_frozen_bilstm_attn,train,-1,consultation_dominated,sequence_distal_ge21,torsion_change_from_previous,4,4,-22.503810808952586,,,False,,
esm3_frozen_bilstm_attn,train,-1,consultation_dominated,sequence_distal_ge21,water_path_at_most_1,4,4,-0.009999999776482575,,,False,,
esm3_frozen_bilstm_attn,train,-1,consultation_dominated,sequence_distal_ge21,water_path_at_most_2,4,4,-0.009999999776482575,,,False,,
esm3_frozen_bilstm_attn,train,-1,consultation_dominated,sequence_distal_ge21,water_path_at_most_3,4,4,-0.009999999776482575,,,False,,
esm3_frozen_bilstm_attn,train,-1,consultation_dominated,sequence_distal_ge21,water_path_exists,4,4,-0.009999999776482575,,,False,,
esm3_frozen_bilstm_attn,train,-1,consultation_dominated,sequence_distal_ge21,water_path_without_direct_ca_contact,4,4,0.0,,,False,,
esm3_frozen_bilstm_attn,train,-1,consultation_dominated,sequence_distal_ge21,water_path_without_direct_polar_contact,4,4,-0.009999999776482575,,,False,,
esm3_frozen_bilstm_attn,train,-1,consultation_dominated,sequence_distal_ge21_no_direct_ca,absolute_backbone_orientation_cosine,4,4,-0.05103567987680434,,,False,,
esm3_frozen_bilstm_attn,train,-1,consultation_dominated,sequence_distal_ge21_no_direct_ca,absolute_sequence_separation,4,4,4.347222222222221,,,False,,
esm3_frozen_bilstm_attn,train,-1,consultation_dominated,sequence_distal_ge21_no_direct_ca,band_water_contact_count,4,4,0.0,,,False,,
esm3_frozen_bilstm_attn,train,-1,consultation_dominated,sequence_distal_ge21_no_direct_ca,direct_ca_contact,4,4,0.0,,,False,,
esm3_frozen_bilstm_attn,train,-1,consultation_dominated,sequence_distal_ge21_no_direct_ca,direct_putative_polar_contact,4,4,-0.008333333767950524,,,False,,
esm3_frozen_bilstm_attn,train,-1,consultation_dominated,sequence_distal_ge21_no_direct_ca,direct_putative_polar_contact_count,4,4,-0.008333333767950524,,,False,,
esm3_frozen_bilstm_attn,train,-1,consultation_dominated,sequence_distal_ge21_no_direct_ca,disorder,4,4,-0.007680626153402625,,,False,,
esm3_frozen_bilstm_attn,train,-1,consultation_dominated,sequence_distal_ge21_no_direct_ca,minimum_ca_distance_angstrom,4,4,-4.270066738128662,,,False,,
esm3_frozen_bilstm_attn,train,-1,consultation_dominated,sequence_distal_ge21_no_direct_ca,minimum_heavy_atom_distance_angstrom,4,4,-4.223313808441162,,,False,,
esm3_frozen_bilstm_attn,train,-1,consultation_dominated,sequence_distal_ge21_no_direct_ca,minimum_polar_atom_distance_angstrom,4,4,-4.075173616409302,,,False,,
esm3_frozen_bilstm_attn,train,-1,consultation_dominated,sequence_distal_ge21_no_direct_ca,neq,4,4,-0.2825148148148148,,,False,,
esm3_frozen_bilstm_attn,train,-1,consultation_dominated,sequence_distal_ge21_no_direct_ca,nonlocal_contact_path_exists,4,4,0.03819444775581358,,,False,,
esm3_frozen_bilstm_attn,train,-1,consultation_dominated,sequence_distal_ge21_no_direct_ca,normalized_query_position,4,4,-0.08576932456806366,,,False,,
esm3_frozen_bilstm_attn,train,-1,consultation_dominated,sequence_distal_ge21_no_direct_ca,one_water_bridge,4,4,0.0,,,False,,
esm3_frozen_bilstm_attn,train,-1,consultation_dominated,sequence_distal_ge21_no_direct_ca,ordinary_contact_path_exists,4,4,0.0,,,False,,
esm3_frozen_bilstm_attn,train,-1,consultation_dominated,sequence_distal_ge21_no_direct_ca,query_distance_to_band_domain_boundary_sequence,4,4,-7.543055772781372,,,False,,
esm3_frozen_bilstm_attn,train,-1,consultation_dominated,sequence_distal_ge21_no_direct_ca,query_distance_to_community_boundary_edges,4,4,0.05615942180156709,,,False,,
esm3_frozen_bilstm_attn,train,-1,consultation_dominated,sequence_distal_ge21_no_direct_ca,query_distance_to_ecod_boundary_sequence,4,4,-4.751388788223267,,,False,,
esm3_frozen_bilstm_attn,train,-1,consultation_dominated,sequence_distal_ge21_no_direct_ca,query_in_any_band,4,4,-0.039583333333333325,,,False,,
esm3_frozen_bilstm_attn,train,-1,consultation_dominated,sequence_distal_ge21_no_direct_ca,query_to_band_contact_count,4,4,0.0,,,False,,
esm3_frozen_bilstm_attn,train,-1,consultation_dominated,sequence_distal_ge21_no_direct_ca,query_to_band_contact_fraction,4,4,0.0,,,False,,
esm3_frozen_bilstm_attn,train,-1,consultation_dominated,sequence_distal_ge21_no_direct_ca,query_water_contact_count,4,4,-0.31805555894970894,,,False,,
esm3_frozen_bilstm_attn,train,-1,consultation_dominated,sequence_distal_ge21_no_direct_ca,reachable_query_water_entry_count,4,4,0.0,,,False,,
esm3_frozen_bilstm_attn,train,-1,consultation_dominated,sequence_distal_ge21_no_direct_ca,relative_backbone_orientation_cosine,4,4,-0.28985769487917423,,,False,,
esm3_frozen_bilstm_attn,train,-1,consultation_dominated,sequence_distal_ge21_no_direct_ca,rsa,4,4,-0.13731971403661497,,,False,,
esm3_frozen_bilstm_attn,train,-1,consultation_dominated,sequence_distal_ge21_no_direct_ca,same_community_as_band_apex,4,4,0.10972222499549389,,,False,,
esm3_frozen_bilstm_attn,train,-1,consultation_dominated,sequence_distal_ge21_no_direct_ca,same_community_as_band_majority,4,4,0.10972222499549389,,,False,,
esm3_frozen_bilstm_attn,train,-1,consultation_dominated,sequence_distal_ge21_no_direct_ca,same_ecod_domain_as_band_apex,4,4,0.0,,,False,,
esm3_frozen_bilstm_attn,train,-1,consultation_dominated,sequence_distal_ge21_no_direct_ca,shared_water_count,4,4,0.0,,,False,,
esm3_frozen_bilstm_attn,train,-1,consultation_dominated,sequence_distal_ge21_no_direct_ca,shared_water_fraction_of_band_contacts,4,4,0.0,,,False,,
esm3_frozen_bilstm_attn,train,-1,consultation_dominated,sequence_distal_ge21_no_direct_ca,shared_water_fraction_of_query_contacts,4,4,0.0,,,False,,
esm3_frozen_bilstm_attn,train,-1,consultation_dominated,sequence_distal_ge21_no_direct_ca,shares_any_ecod_domain_with_band,4,4,0.0,,,False,,
esm3_frozen_bilstm_attn,train,-1,consultation_dominated,sequence_distal_ge21_no_direct_ca,shortest_nonlocal_contact_path_edges,4,4,-0.6443840861320497,,,False,,
esm3_frozen_bilstm_attn,train,-1,consultation_dominated,sequence_distal_ge21_no_direct_ca,shortest_ordinary_contact_path_edges,4,4,-0.8187499642372131,,,False,,
esm3_frozen_bilstm_attn,train,-1,consultation_dominated,sequence_distal_ge21_no_direct_ca,torsion_change_from_previous,4,4,-23.15090971564174,,,False,,
esm3_frozen_bilstm_attn,train,-1,consultation_dominated,sequence_distal_ge21_no_direct_ca,water_path_at_most_1,4,4,0.0,,,False,,
esm3_frozen_bilstm_attn,train,-1,consultation_dominated,sequence_distal_ge21_no_direct_ca,water_path_at_most_2,4,4,0.0,,,False,,
esm3_frozen_bilstm_attn,train,-1,consultation_dominated,sequence_distal_ge21_no_direct_ca,water_path_at_most_3,4,4,0.0,,,False,,
esm3_frozen_bilstm_attn,train,-1,consultation_dominated,sequence_distal_ge21_no_direct_ca,water_path_exists,4,4,0.0,,,False,,
esm3_frozen_bilstm_attn,train,-1,consultation_dominated,sequence_distal_ge21_no_direct_ca,water_path_without_direct_ca_contact,4,4,0.0,,,False,,
esm3_frozen_bilstm_attn,train,-1,consultation_dominated,sequence_distal_ge21_no_direct_ca,water_path_without_direct_polar_contact,4,4,0.0,,,False,,
esm3_frozen_bilstm_attn,train,-1,evidence_dominated,sequence_distal_ge21_no_direct_ca,shortest_water_path_water_count,4,4,0.5416666865348816,,,False,,
esm3_frozen_bilstm_attn,train,1,consultation_dominated,all_eligible_queries,shortest_water_path_water_count,2,2,0.0,,,False,,
esm3_frozen_bilstm_attn,train,1,evidence_dominated,sequence_distal_ge21_no_direct_ca,shortest_water_path_water_count,2,3,-2.5,,,False,,
esm3_frozen_bilstm_attn,train,1,not_magnitude_enriched,all_eligible_queries,absolute_backbone_orientation_cosine,1,1,-0.0796771546204884,,,False,,
esm3_frozen_bilstm_attn,train,1,not_magnitude_enriched,all_eligible_queries,absolute_sequence_separation,1,1,10.333333333333334,,,False,,
esm3_frozen_bilstm_attn,train,1,not_magnitude_enriched,all_eligible_queries,band_water_contact_count,1,1,0.0,,,False,,
esm3_frozen_bilstm_attn,train,1,not_magnitude_enriched,all_eligible_queries,direct_ca_contact,1,1,0.3333333333333333,,,False,,
esm3_frozen_bilstm_attn,train,1,not_magnitude_enriched,all_eligible_queries,direct_putative_polar_contact,1,1,0.3333333333333333,,,False,,
esm3_frozen_bilstm_attn,train,1,not_magnitude_enriched,all_eligible_queries,direct_putative_polar_contact_count,1,1,1.0,,,False,,
esm3_frozen_bilstm_attn,train,1,not_magnitude_enriched,all_eligible_queries,disorder,1,1,0.1133896881559242,,,False,,
esm3_frozen_bilstm_attn,train,1,not_magnitude_enriched,all_eligible_queries,mean_query_contact_water_degree,1,1,-0.2083333283662796,,,False,,
esm3_frozen_bilstm_attn,train,1,not_magnitude_enriched,all_eligible_queries,minimum_ca_distance_angstrom,1,1,-0.0353630383809407,,,False,,
esm3_frozen_bilstm_attn,train,1,not_magnitude_enriched,all_eligible_queries,minimum_heavy_atom_distance_angstrom,1,1,0.3806591033935547,,,False,,
esm3_frozen_bilstm_attn,train,1,not_magnitude_enriched,all_eligible_queries,minimum_polar_atom_distance_angstrom,1,1,1.2112961610158284,,,False,,
esm3_frozen_bilstm_attn,train,1,not_magnitude_enriched,all_eligible_queries,neq,1,1,0.5793686868686869,,,False,,
esm3_frozen_bilstm_attn,train,1,not_magnitude_enriched,all_eligible_queries,nonlocal_contact_path_exists,1,1,0.0,,,False,,
esm3_frozen_bilstm_attn,train,1,not_magnitude_enriched,all_eligible_queries,normalized_query_position,1,1,-0.1174242424242423,,,False,,
esm3_frozen_bilstm_attn,train,1,not_magnitude_enriched,all_eligible_queries,one_water_bridge,1,1,0.0,,,False,,
esm3_frozen_bilstm_attn,train,1,not_magnitude_enriched,all_eligible_queries,ordinary_contact_path_exists,1,1,0.0,,,False,,
esm3_frozen_bilstm_attn,train,1,not_magnitude_enriched,all_eligible_queries,query_distance_to_band_domain_boundary_sequence,1,1,-4.0,,,False,,
esm3_frozen_bilstm_attn,train,1,not_magnitude_enriched,all_eligible_queries,query_distance_to_community_boundary_edges,1,1,1.25,,,False,,
esm3_frozen_bilstm_attn,train,1,not_magnitude_enriched,all_eligible_queries,query_distance_to_ecod_boundary_sequence,1,1,-4.0,,,False,,
esm3_frozen_bilstm_attn,train,1,not_magnitude_enriched,all_eligible_queries,query_in_any_band,1,1,-0.5151515151515151,,,False,,
esm3_frozen_bilstm_attn,train,1,not_magnitude_enriched,all_eligible_queries,query_to_band_contact_count,1,1,1.3333333333333333,,,False,,
esm3_frozen_bilstm_attn,train,1,not_magnitude_enriched,all_eligible_queries,query_to_band_contact_fraction,1,1,0.3333333333333333,,,False,,
esm3_frozen_bilstm_attn,train,1,not_magnitude_enriched,all_eligible_queries,query_water_contact_count,1,1,-0.2272727290789286,,,False,,
esm3_frozen_bilstm_attn,train,1,not_magnitude_enriched,all_eligible_queries,reachable_query_water_entry_count,1,1,0.0,,,False,,
esm3_frozen_bilstm_attn,train,1,not_magnitude_enriched,all_eligible_queries,relative_backbone_orientation_cosine,1,1,0.0137693633635838,,,False,,
esm3_frozen_bilstm_attn,train,1,not_magnitude_enriched,all_eligible_queries,rsa,1,1,0.1733155711130662,,,False,,
esm3_frozen_bilstm_attn,train,1,not_magnitude_enriched,all_eligible_queries,same_community_as_band_apex,1,1,0.0,,,False,,
esm3_frozen_bilstm_attn,train,1,not_magnitude_enriched,all_eligible_queries,same_community_as_band_majority,1,1,0.0,,,False,,
esm3_frozen_bilstm_attn,train,1,not_magnitude_enriched,all_eligible_queries,same_ecod_domain_as_band_apex,1,1,0.0,,,False,,
esm3_frozen_bilstm_attn,train,1,not_magnitude_enriched,all_eligible_queries,shared_water_count,1,1,0.0,,,False,,
esm3_frozen_bilstm_attn,train,1,not_magnitude_enriched,all_eligible_queries,shared_water_fraction_of_band_contacts,1,1,0.0,,,False,,
esm3_frozen_bilstm_attn,train,1,not_magnitude_enriched,all_eligible_queries,shared_water_fraction_of_query_contacts,1,1,0.0,,,False,,
esm3_frozen_bilstm_attn,train,1,not_magnitude_enriched,all_eligible_queries,shares_any_ecod_domain_with_band,1,1,0.0,,,False,,
esm3_frozen_bilstm_attn,train,1,not_magnitude_enriched,all_eligible_queries,shortest_nonlocal_contact_path_edges,1,1,0.8106060028076172,,,False,,
esm3_frozen_bilstm_attn,train,1,not_magnitude_enriched,all_eligible_queries,shortest_ordinary_contact_path_edges,1,1,0.9166666666666666,,,False,,
esm3_frozen_bilstm_attn,train,1,not_magnitude_enriched,all_eligible_queries,torsion_change_from_previous,1,1,43.86166750654095,,,False,,
esm3_frozen_bilstm_attn,train,1,not_magnitude_enriched,all_eligible_queries,water_path_at_most_1,1,1,0.0,,,False,,
esm3_frozen_bilstm_attn,train,1,not_magnitude_enriched,all_eligible_queries,water_path_at_most_2,1,1,0.0,,,False,,
esm3_frozen_bilstm_attn,train,1,not_magnitude_enriched,all_eligible_queries,water_path_at_most_3,1,1,0.0,,,False,,
esm3_frozen_bilstm_attn,train,1,not_magnitude_enriched,all_eligible_queries,water_path_exists,1,1,0.0,,,False,,
esm3_frozen_bilstm_attn,train,1,not_magnitude_enriched,all_eligible_queries,water_path_without_direct_ca_contact,1,1,0.0,,,False,,
esm3_frozen_bilstm_attn,train,1,not_magnitude_enriched,all_eligible_queries,water_path_without_direct_polar_contact,1,1,0.0,,,False,,
esm3_frozen_bilstm_attn,train,1,not_magnitude_enriched,sequence_distal_ge21,absolute_backbone_orientation_cosine,1,1,0.0047013908624649,,,False,,
esm3_frozen_bilstm_attn,train,1,not_magnitude_enriched,sequence_distal_ge21,absolute_sequence_separation,1,1,17.5,,,False,,
esm3_frozen_bilstm_attn,train,1,not_magnitude_enriched,sequence_distal_ge21,band_water_contact_count,1,1,0.0,,,False,,
esm3_frozen_bilstm_attn,train,1,not_magnitude_enriched,sequence_distal_ge21,direct_ca_contact,1,1,0.0,,,False,,
esm3_frozen_bilstm_attn,train,1,not_magnitude_enriched,sequence_distal_ge21,direct_putative_polar_contact,1,1,0.0,,,False,,
esm3_frozen_bilstm_attn,train,1,not_magnitude_enriched,sequence_distal_ge21,direct_putative_polar_contact_count,1,1,0.0,,,False,,
esm3_frozen_bilstm_attn,train,1,not_magnitude_enriched,sequence_distal_ge21,disorder,1,1,0.1465385424671694,,,False,,
esm3_frozen_bilstm_attn,train,1,not_magnitude_enriched,sequence_distal_ge21,mean_query_contact_water_degree,1,1,-0.2083333283662796,,,False,,
esm3_frozen_bilstm_attn,train,1,not_magnitude_enriched,sequence_distal_ge21,minimum_ca_distance_angstrom,1,1,2.3173208236694336,,,False,,
esm3_frozen_bilstm_attn,train,1,not_magnitude_enriched,sequence_distal_ge21,minimum_heavy_atom_distance_angstrom,1,1,2.382509231567383,,,False,,
esm3_frozen_bilstm_attn,train,1,not_magnitude_enriched,sequence_distal_ge21,minimum_polar_atom_distance_angstrom,1,1,3.1664581298828125,,,False,,
esm3_frozen_bilstm_attn,train,1,not_magnitude_enriched,sequence_distal_ge21,neq,1,1,0.8680530303030304,,,False,,
esm3_frozen_bilstm_attn,train,1,not_magnitude_enriched,sequence_distal_ge21,nonlocal_contact_path_exists,1,1,0.0,,,False,,
esm3_frozen_bilstm_attn,train,1,not_magnitude_enriched,sequence_distal_ge21,normalized_query_position,1,1,-0.1988636363636363,,,False,,
esm3_frozen_bilstm_attn,train,1,not_magnitude_enriched,sequence_distal_ge21,one_water_bridge,1,1,0.0,,,False,,
esm3_frozen_bilstm_attn,train,1,not_magnitude_enriched,sequence_distal_ge21,ordinary_contact_path_exists,1,1,0.0,,,False,,
esm3_frozen_bilstm_attn,train,1,not_magnitude_enriched,sequence_distal_ge21,query_distance_to_band_domain_boundary_sequence,1,1,-4.0,,,False,,
esm3_frozen_bilstm_attn,train,1,not_magnitude_enriched,sequence_distal_ge21,query_distance_to_community_boundary_edges,1,1,1.375,,,False,,
esm3_frozen_bilstm_attn,train,1,not_magnitude_enriched,sequence_distal_ge21,query_distance_to_ecod_boundary_sequence,1,1,-4.0,,,False,,
esm3_frozen_bilstm_attn,train,1,not_magnitude_enriched,sequence_distal_ge21,query_in_any_band,1,1,-0.7727272727272727,,,False,,
esm3_frozen_bilstm_attn,train,1,not_magnitude_enriched,sequence_distal_ge21,query_to_band_contact_count,1,1,0.0,,,False,,
esm3_frozen_bilstm_attn,train,1,not_magnitude_enriched,sequence_distal_ge21,query_to_band_contact_fraction,1,1,0.0,,,False,,
esm3_frozen_bilstm_attn,train,1,not_magnitude_enriched,sequence_distal_ge21,query_water_contact_count,1,1,0.159090906381607,,,False,,
esm3_frozen_bilstm_attn,train,1,not_magnitude_enriched,sequence_distal_ge21,reachable_query_water_entry_count,1,1,0.0,,,False,,
esm3_frozen_bilstm_attn,train,1,not_magnitude_enriched,sequence_distal_ge21,relative_backbone_orientation_cosine,1,1,0.1448711678385734,,,False,,
esm3_frozen_bilstm_attn,train,1,not_magnitude_enriched,sequence_distal_ge21,rsa,1,1,0.1510377174073999,,,False,,
esm3_frozen_bilstm_attn,train,1,not_magnitude_enriched,sequence_distal_ge21,same_community_as_band_apex,1,1,0.0,,,False,,
esm3_frozen_bilstm_attn,train,1,not_magnitude_enriched,sequence_distal_ge21,same_community_as_band_majority,1,1,0.0,,,False,,
esm3_frozen_bilstm_attn,train,1,not_magnitude_enriched,sequence_distal_ge21,same_ecod_domain_as_band_apex,1,1,0.0,,,False,,
esm3_frozen_bilstm_attn,train,1,not_magnitude_enriched,sequence_distal_ge21,shared_water_count,1,1,0.0,,,False,,
esm3_frozen_bilstm_attn,train,1,not_magnitude_enriched,sequence_distal_ge21,shared_water_fraction_of_band_contacts,1,1,0.0,,,False,,
esm3_frozen_bilstm_attn,train,1,not_magnitude_enriched,sequence_distal_ge21,shared_water_fraction_of_query_contacts,1,1,0.0,,,False,,
esm3_frozen_bilstm_attn,train,1,not_magnitude_enriched,sequence_distal_ge21,shares_any_ecod_domain_with_band,1,1,0.0,,,False,,
esm3_frozen_bilstm_attn,train,1,not_magnitude_enriched,sequence_distal_ge21,shortest_nonlocal_contact_path_edges,1,1,1.7159090042114258,,,False,,
esm3_frozen_bilstm_attn,train,1,not_magnitude_enriched,sequence_distal_ge21,shortest_ordinary_contact_path_edges,1,1,1.875,,,False,,
esm3_frozen_bilstm_attn,train,1,not_magnitude_enriched,sequence_distal_ge21,torsion_change_from_previous,1,1,65.91279061619396,,,False,,
esm3_frozen_bilstm_attn,train,1,not_magnitude_enriched,sequence_distal_ge21,water_path_at_most_1,1,1,0.0,,,False,,
esm3_frozen_bilstm_attn,train,1,not_magnitude_enriched,sequence_distal_ge21,water_path_at_most_2,1,1,0.0,,,False,,
esm3_frozen_bilstm_attn,train,1,not_magnitude_enriched,sequence_distal_ge21,water_path_at_most_3,1,1,0.0,,,False,,
esm3_frozen_bilstm_attn,train,1,not_magnitude_enriched,sequence_distal_ge21,water_path_exists,1,1,0.0,,,False,,
esm3_frozen_bilstm_attn,train,1,not_magnitude_enriched,sequence_distal_ge21,water_path_without_direct_ca_contact,1,1,0.0,,,False,,
esm3_frozen_bilstm_attn,train,1,not_magnitude_enriched,sequence_distal_ge21,water_path_without_direct_polar_contact,1,1,0.0,,,False,,
esm3_frozen_bilstm_attn,train,1,not_magnitude_enriched,sequence_distal_ge21_no_direct_ca,absolute_backbone_orientation_cosine,1,1,0.0047013908624649,,,False,,
esm3_frozen_bilstm_attn,train,1,not_magnitude_enriched,sequence_distal_ge21_no_direct_ca,absolute_sequence_separation,1,1,17.5,,,False,,
esm3_frozen_bilstm_attn,train,1,not_magnitude_enriched,sequence_distal_ge21_no_direct_ca,band_water_contact_count,1,1,0.0,,,False,,
esm3_frozen_bilstm_attn,train,1,not_magnitude_enriched,sequence_distal_ge21_no_direct_ca,direct_ca_contact,1,1,0.0,,,False,,
esm3_frozen_bilstm_attn,train,1,not_magnitude_enriched,sequence_distal_ge21_no_direct_ca,direct_putative_polar_contact,1,1,0.0,,,False,,
esm3_frozen_bilstm_attn,train,1,not_magnitude_enriched,sequence_distal_ge21_no_direct_ca,direct_putative_polar_contact_count,1,1,0.0,,,False,,
esm3_frozen_bilstm_attn,train,1,not_magnitude_enriched,sequence_distal_ge21_no_direct_ca,disorder,1,1,0.1465385424671694,,,False,,
esm3_frozen_bilstm_attn,train,1,not_magnitude_enriched,sequence_distal_ge21_no_direct_ca,mean_query_contact_water_degree,1,1,-0.2083333283662796,,,False,,
esm3_frozen_bilstm_attn,train,1,not_magnitude_enriched,sequence_distal_ge21_no_direct_ca,minimum_ca_distance_angstrom,1,1,2.3173208236694336,,,False,,
esm3_frozen_bilstm_attn,train,1,not_magnitude_enriched,sequence_distal_ge21_no_direct_ca,minimum_heavy_atom_distance_angstrom,1,1,2.382509231567383,,,False,,
esm3_frozen_bilstm_attn,train,1,not_magnitude_enriched,sequence_distal_ge21_no_direct_ca,minimum_polar_atom_distance_angstrom,1,1,3.1664581298828125,,,False,,
esm3_frozen_bilstm_attn,train,1,not_magnitude_enriched,sequence_distal_ge21_no_direct_ca,neq,1,1,0.8680530303030304,,,False,,
esm3_frozen_bilstm_attn,train,1,not_magnitude_enriched,sequence_distal_ge21_no_direct_ca,nonlocal_contact_path_exists,1,1,0.0,,,False,,
esm3_frozen_bilstm_attn,train,1,not_magnitude_enriched,sequence_distal_ge21_no_direct_ca,normalized_query_position,1,1,-0.1988636363636363,,,False,,
esm3_frozen_bilstm_attn,train,1,not_magnitude_enriched,sequence_distal_ge21_no_direct_ca,one_water_bridge,1,1,0.0,,,False,,
esm3_frozen_bilstm_attn,train,1,not_magnitude_enriched,sequence_distal_ge21_no_direct_ca,ordinary_contact_path_exists,1,1,0.0,,,False,,
esm3_frozen_bilstm_attn,train,1,not_magnitude_enriched,sequence_distal_ge21_no_direct_ca,query_distance_to_band_domain_boundary_sequence,1,1,-4.0,,,False,,
esm3_frozen_bilstm_attn,train,1,not_magnitude_enriched,sequence_distal_ge21_no_direct_ca,query_distance_to_community_boundary_edges,1,1,1.375,,,False,,
esm3_frozen_bilstm_attn,train,1,not_magnitude_enriched,sequence_distal_ge21_no_direct_ca,query_distance_to_ecod_boundary_sequence,1,1,-4.0,,,False,,
esm3_frozen_bilstm_attn,train,1,not_magnitude_enriched,sequence_distal_ge21_no_direct_ca,query_in_any_band,1,1,-0.7727272727272727,,,False,,
esm3_frozen_bilstm_attn,train,1,not_magnitude_enriched,sequence_distal_ge21_no_direct_ca,query_to_band_contact_count,1,1,0.0,,,False,,
esm3_frozen_bilstm_attn,train,1,not_magnitude_enriched,sequence_distal_ge21_no_direct_ca,query_to_band_contact_fraction,1,1,0.0,,,False,,
esm3_frozen_bilstm_attn,train,1,not_magnitude_enriched,sequence_distal_ge21_no_direct_ca,query_water_contact_count,1,1,0.159090906381607,,,False,,
esm3_frozen_bilstm_attn,train,1,not_magnitude_enriched,sequence_distal_ge21_no_direct_ca,reachable_query_water_entry_count,1,1,0.0,,,False,,
esm3_frozen_bilstm_attn,train,1,not_magnitude_enriched,sequence_distal_ge21_no_direct_ca,relative_backbone_orientation_cosine,1,1,0.1448711678385734,,,False,,
esm3_frozen_bilstm_attn,train,1,not_magnitude_enriched,sequence_distal_ge21_no_direct_ca,rsa,1,1,0.1510377174073999,,,False,,
esm3_frozen_bilstm_attn,train,1,not_magnitude_enriched,sequence_distal_ge21_no_direct_ca,same_community_as_band_apex,1,1,0.0,,,False,,
esm3_frozen_bilstm_attn,train,1,not_magnitude_enriched,sequence_distal_ge21_no_direct_ca,same_community_as_band_majority,1,1,0.0,,,False,,
esm3_frozen_bilstm_attn,train,1,not_magnitude_enriched,sequence_distal_ge21_no_direct_ca,same_ecod_domain_as_band_apex,1,1,0.0,,,False,,
esm3_frozen_bilstm_attn,train,1,not_magnitude_enriched,sequence_distal_ge21_no_direct_ca,shared_water_count,1,1,0.0,,,False,,
esm3_frozen_bilstm_attn,train,1,not_magnitude_enriched,sequence_distal_ge21_no_direct_ca,shared_water_fraction_of_band_contacts,1,1,0.0,,,False,,
esm3_frozen_bilstm_attn,train,1,not_magnitude_enriched,sequence_distal_ge21_no_direct_ca,shared_water_fraction_of_query_contacts,1,1,0.0,,,False,,
esm3_frozen_bilstm_attn,train,1,not_magnitude_enriched,sequence_distal_ge21_no_direct_ca,shares_any_ecod_domain_with_band,1,1,0.0,,,False,,
esm3_frozen_bilstm_attn,train,1,not_magnitude_enriched,sequence_distal_ge21_no_direct_ca,shortest_nonlocal_contact_path_edges,1,1,1.7159090042114258,,,False,,
esm3_frozen_bilstm_attn,train,1,not_magnitude_enriched,sequence_distal_ge21_no_direct_ca,shortest_ordinary_contact_path_edges,1,1,1.875,,,False,,
esm3_frozen_bilstm_attn,train,1,not_magnitude_enriched,sequence_distal_ge21_no_direct_ca,torsion_change_from_previous,1,1,65.91279061619396,,,False,,
esm3_frozen_bilstm_attn,train,1,not_magnitude_enriched,sequence_distal_ge21_no_direct_ca,water_path_at_most_1,1,1,0.0,,,False,,
esm3_frozen_bilstm_attn,train,1,not_magnitude_enriched,sequence_distal_ge21_no_direct_ca,water_path_at_most_2,1,1,0.0,,,False,,
esm3_frozen_bilstm_attn,train,1,not_magnitude_enriched,sequence_distal_ge21_no_direct_ca,water_path_at_most_3,1,1,0.0,,,False,,
esm3_frozen_bilstm_attn,train,1,not_magnitude_enriched,sequence_distal_ge21_no_direct_ca,water_path_exists,1,1,0.0,,,False,,
esm3_frozen_bilstm_attn,train,1,not_magnitude_enriched,sequence_distal_ge21_no_direct_ca,water_path_without_direct_ca_contact,1,1,0.0,,,False,,
esm3_frozen_bilstm_attn,train,1,not_magnitude_enriched,sequence_distal_ge21_no_direct_ca,water_path_without_direct_polar_contact,1,1,0.0,,,False,,
esm3_frozen_bilstm_attn,train,-1,consultation_dominated,all_eligible_queries,mean_query_contact_water_degree,1,1,-0.1666666865348816,,,False,,
esm3_frozen_bilstm_attn,train,-1,consultation_dominated,sequence_distal_ge21,mean_query_contact_water_degree,1,1,0.5,,,False,,
esm3_frozen_bilstm_attn,train,-1,consultation_dominated,sequence_distal_ge21_no_direct_ca,mean_query_contact_water_degree,1,1,0.5,,,False,,
esm3_frozen_bilstm_attn,validation,-1,combined,all_eligible_queries,absolute_backbone_orientation_cosine,151,584,0.004937197403195419,-0.020854626588197717,0.030729021394588555,True,0.2545002933425906,0.46790116043109825
esm3_frozen_bilstm_attn,validation,-1,combined,all_eligible_queries,absolute_sequence_separation,151,584,-1.7435008851261231,-3.6911967649811515,0.20419499472890523,True,0.034010542302069895,0.0860437651402794
esm3_frozen_bilstm_attn,validation,-1,combined,all_eligible_queries,band_water_contact_count,151,584,0.0,0.0,0.0,True,1.0,1.0
esm3_frozen_bilstm_attn,validation,-1,combined,all_eligible_queries,direct_ca_contact,151,584,0.09316000282917797,0.0676982264133394,0.11862177924501653,True,7.580954667483135e-17,6.834403801751294e-16
esm3_frozen_bilstm_attn,validation,-1,combined,all_eligible_queries,direct_putative_polar_contact,151,584,0.055604101964131375,0.035557930459709716,0.07565027346855303,True,4.825421503937195e-13,3.616012063709898e-12
esm3_frozen_bilstm_attn,validation,-1,combined,all_eligible_queries,direct_putative_polar_contact_count,151,584,0.3609598039313241,0.28031597808335074,0.44160362977929746,True,3.073178824824113e-23,3.6878145897889353e-22
esm3_frozen_bilstm_attn,validation,-1,combined,all_eligible_queries,disorder,151,584,-0.019100437163772768,-0.022707903965934473,-0.015492970361611064,True,8.041351237527963e-42,1.569388988774688e-40
esm3_frozen_bilstm_attn,validation,-1,combined,all_eligible_queries,mean_query_contact_water_degree,135,534,0.1045592471773338,0.04543240797310453,0.16368608638156307,True,0.1126574161116803,0.2390436929681532
esm3_frozen_bilstm_attn,validation,-1,combined,all_eligible_queries,minimum_ca_distance_angstrom,151,584,-2.2638569325796682,-2.7768009161119194,-1.7509129490474171,True,3.9700083416655554e-18,3.8954335993359264e-17
esm3_frozen_bilstm_attn,validation,-1,combined,all_eligible_queries,minimum_heavy_atom_distance_angstrom,151,584,-2.024304936936385,-2.535282788806309,-1.5133270850664604,True,4.685813768279812e-16,4.079414339443601e-15
esm3_frozen_bilstm_attn,validation,-1,combined,all_eligible_queries,minimum_polar_atom_distance_angstrom,151,584,-1.5897174097357156,-2.0883388088244077,-1.0910960106470238,True,7.2024588873475634e-12,5.1998239772070214e-11
esm3_frozen_bilstm_attn,validation,-1,combined,all_eligible_queries,neq,151,584,-0.38924241360677303,-0.43599132986267175,-0.3424934973508743,True,2.802596928649634e-45,6.549226506949671e-44
esm3_frozen_bilstm_attn,validation,-1,combined,all_eligible_queries,nonlocal_contact_path_exists,151,584,0.005097128871683811,0.00035226263041032886,0.009841995112957294,True,7.62939453125e-05,0.00030517578125
esm3_frozen_bilstm_attn,validation,-1,combined,all_eligible_queries,normalized_query_position,151,584,0.0014170932590377796,-0.012271613438451894,0.015105799956527454,True,0.8065959963978482,1.0
esm3_frozen_bilstm_attn,validation,-1,combined,all_eligible_queries,one_water_bridge,151,584,0.011778752225092878,0.00499628423104882,0.018561220219136938,True,0.005152397042092064,0.01602566925876621
esm3_frozen_bilstm_attn,validation,-1,combined,all_eligible_queries,ordinary_contact_path_exists,151,584,0.0,0.0,0.0,True,1.0,1.0
esm3_frozen_bilstm_attn,validation,-1,combined,all_eligible_queries,query_distance_to_band_domain_boundary_sequence,151,578,1.0638835675965226,-1.0874752435929167,3.2152423787859616,True,0.12052916970948842,0.25422779739198503
esm3_frozen_bilstm_attn,validation,-1,combined,all_eligible_queries,query_distance_to_community_boundary_edges,150,583,-0.3412977617648247,-0.4128076507678106,-0.26978787276183874,True,1.0273868726367439e-17,9.809887558079877e-17
esm3_frozen_bilstm_attn,validation,-1,combined,all_eligible_queries,query_distance_to_ecod_boundary_sequence,151,584,0.8805983442442764,-1.0791113438866244,2.8403080323751775,True,0.36916146966178837,0.6244102572565107
esm3_frozen_bilstm_attn,validation,-1,combined,all_eligible_queries,query_in_any_band,151,584,0.5304516056726479,0.4761637818989606,0.5847394294463353,True,4.417855826116116e-28,6.1780409032930884e-27
esm3_frozen_bilstm_attn,validation,-1,combined,all_eligible_queries,query_to_band_contact_count,151,584,0.47434022949553256,0.38317424563037067,0.5655062133606944,True,5.738497867872483e-26,7.605650905478754e-25
esm3_frozen_bilstm_attn,validation,-1,combined,all_eligible_queries,query_to_band_contact_fraction,151,584,0.09105534652468547,0.07547246251086381,0.10663823053850713,True,4.813511452666796e-24,5.936664124955715e-23
esm3_frozen_bilstm_attn,validation,-1,combined,all_eligible_queries,query_water_contact_count,151,584,-0.21830404999469233,-0.2878587151928964,-0.14874938479648822,True,1.4920913863662092e-06,7.300149592799965e-06
esm3_frozen_bilstm_attn,validation,-1,combined,all_eligible_queries,reachable_query_water_entry_count,151,584,0.019156028223372194,0.008088103451533985,0.030223952995210406,True,0.08205429958748713,0.1808045112498476
esm3_frozen_bilstm_attn,validation,-1,combined,all_eligible_queries,relative_backbone_orientation_cosine,151,584,0.042329093448866505,0.0006454575679137459,0.08401272932981926,True,0.034010542302069895,0.0860437651402794
esm3_frozen_bilstm_attn,validation,-1,combined,all_eligible_queries,rsa,151,584,-0.16544372528937878,-0.18165049814974488,-0.1492369524290127,True,1.4983753071938456e-38,2.583606354928417e-37
esm3_frozen_bilstm_attn,validation,-1,combined,all_eligible_queries,same_community_as_band_apex,151,584,0.007795505943602702,-0.027244353262411,0.04283536514961641,True,0.041397794652400795,0.1011313387932102
esm3_frozen_bilstm_attn,validation,-1,combined,all_eligible_queries,same_community_as_band_majority,146,541,0.009448316997162398,-0.02580778049026477,0.04470441448458957,True,0.08249129252516192,0.18154217537136008
esm3_frozen_bilstm_attn,validation,-1,combined,all_eligible_queries,same_ecod_domain_as_band_apex,151,578,-0.0009399785792271375,-0.010293457657590264,0.008413500499135989,True,0.42704285650325524,0.6977259550595964
esm3_frozen_bilstm_attn,validation,-1,combined,all_eligible_queries,shared_water_count,151,584,0.011820082837860887,0.004728228425098333,0.018911937250623442,True,0.011141407415305074,0.03186334874328794
esm3_frozen_bilstm_attn,validation,-1,combined,all_eligible_queries,shared_water_fraction_of_band_contacts,151,584,0.00393309982648198,0.0010146428115882476,0.006851556841375712,True,0.022574972673257185,0.05922178946485193
esm3_frozen_bilstm_attn,validation,-1,combined,all_eligible_queries,shared_water_fraction_of_query_contacts,151,584,0.007298127238602462,0.0023273838852786366,0.012268870591926287,True,0.005152397042092064,0.01602566925876621
esm3_frozen_bilstm_attn,validation,-1,combined,all_eligible_queries,shares_any_ecod_domain_with_band,151,578,-0.0007820411478851097,-0.010100311212095944,0.008536228916325725,True,0.42704285650325524,0.6977259550595964
esm3_frozen_bilstm_attn,validation,-1,combined,all_eligible_queries,shortest_nonlocal_contact_path_edges,150,583,-0.42704770094974304,-0.5260195451005444,-0.3280758567989417,True,2.1972856076781616e-12,1.6125534046431467e-11
esm3_frozen_bilstm_attn,validation,-1,combined,all_eligible_queries,shortest_ordinary_contact_path_edges,151,584,-0.3843932277331883,-0.49307049451658036,-0.2757159609497962,True,5.924261607140778e-13,4.40229649133139e-12
esm3_frozen_bilstm_attn,validation,-1,combined,all_eligible_queries,torsion_change_from_previous,151,584,-42.81839957600979,-47.58037178221029,-38.056427369809285,True,8.041351237527963e-42,1.569388988774688e-40
esm3_frozen_bilstm_attn,validation,-1,combined,all_eligible_queries,water_path_at_most_1,151,584,0.011778752225092878,0.00499628423104882,0.018561220219136938,True,0.005152397042092064,0.01602566925876621
esm3_frozen_bilstm_attn,validation,-1,combined,all_eligible_queries,water_path_at_most_2,151,584,0.014047181070474077,0.006787565077659541,0.021306797063288613,True,0.013999473719986937,0.03885281984297183
esm3_frozen_bilstm_attn,validation,-1,combined,all_eligible_queries,water_path_at_most_3,151,584,0.014779496339557973,0.00742754687077646,0.022131445808339485,True,0.011634454119925825,0.03295500879902435
esm3_frozen_bilstm_attn,validation,-1,combined,all_eligible_queries,water_path_exists,151,584,0.014692488032307355,0.007253707138349206,0.022131268926265504,True,0.016508822028535212,0.045050423814447155
esm3_frozen_bilstm_attn,validation,-1,combined,all_eligible_queries,water_path_without_direct_ca_contact,151,584,0.0003050475232237577,-0.0029806617849327684,0.003590756831380284,True,0.4613911821367651,0.7355751700851839
esm3_frozen_bilstm_attn,validation,-1,combined,all_eligible_queries,water_path_without_direct_polar_contact,151,584,0.001489084562640964,-0.0019315190720488092,0.004909688197330737,True,0.5189580031896519,0.791132543918302
esm3_frozen_bilstm_attn,validation,-1,combined,sequence_distal_ge21,absolute_backbone_orientation_cosine,145,567,9.823677223236562e-05,-0.024230226048211716,0.02442669959267645,True,0.7398815747182804,0.9794097558298628
esm3_frozen_bilstm_attn,validation,-1,combined,sequence_distal_ge21,absolute_sequence_separation,145,567,-2.5459667656082092,-5.042006223906727,-0.04992730730969219,True,0.012456898341172414,0.035172418845663286
esm3_frozen_bilstm_attn,validation,-1,combined,sequence_distal_ge21,band_water_contact_count,145,567,0.0,0.0,0.0,True,1.0,1.0
esm3_frozen_bilstm_attn,validation,-1,combined,sequence_distal_ge21,direct_ca_contact,145,567,0.0428999024706358,0.023674891931265398,0.062124913010006194,True,1.935609019546314e-08,1.0810193769541677e-07
esm3_frozen_bilstm_attn,validation,-1,combined,sequence_distal_ge21,direct_putative_polar_contact,145,567,-0.0015497644905873222,-0.009441519427768727,0.0063419904465940825,True,0.34968195298368476,0.5942920081330374
esm3_frozen_bilstm_attn,validation,-1,combined,sequence_distal_ge21,direct_putative_polar_contact_count,145,567,-0.0042819339132993284,-0.014585242016722023,0.006021374190123366,True,0.5044037600228255,0.7754729148753224
esm3_frozen_bilstm_attn,validation,-1,combined,sequence_distal_ge21,disorder,145,567,-0.02246522458038435,-0.02773604723611469,-0.01719440192465401,True,4.746926573869604e-40,8.515698581002442e-39
esm3_frozen_bilstm_attn,validation,-1,combined,sequence_distal_ge21,mean_query_contact_water_degree,131,520,0.11556340856081014,0.05682786144363747,0.17429895567798281,True,0.024370170122399618,0.06364915020203195
esm3_frozen_bilstm_attn,validation,-1,combined,sequence_distal_ge21,minimum_ca_distance_angstrom,145,567,-2.346823609087254,-3.0706879401439444,-1.6229592780305637,True,3.893241002593815e-14,3.0730648980473847e-13
esm3_frozen_bilstm_attn,validation,-1,combined,sequence_distal_ge21,minimum_heavy_atom_distance_angstrom,145,567,-2.1864503833924447,-2.911152065631802,-1.4617487011530872,True,8.496680376155465e-12,6.060282870703658e-11
esm3_frozen_bilstm_attn,validation,-1,combined,sequence_distal_ge21,minimum_polar_atom_distance_angstrom,145,567,-1.8419723291703052,-2.539422506852438,-1.1445221514881725,True,9.906754734264702e-10,6.217101204259403e-09
esm3_frozen_bilstm_attn,validation,-1,combined,sequence_distal_ge21,neq,145,567,-0.3726940709940258,-0.4140662490301706,-0.331321892957881,True,1.793662034335766e-43,3.7041206662561864e-42
esm3_frozen_bilstm_attn,validation,-1,combined,sequence_distal_ge21,nonlocal_contact_path_exists,145,567,0.005065982711889338,0.00019455265017886188,0.009937412773599816,True,7.62939453125e-05,0.00030517578125
esm3_frozen_bilstm_attn,validation,-1,combined,sequence_distal_ge21,normalized_query_position,145,567,0.006750234443377979,-0.013508738277051494,0.027009207163807454,True,0.8681591543092657,1.0
esm3_frozen_bilstm_attn,validation,-1,combined,sequence_distal_ge21,one_water_bridge,145,567,0.0024166838264165127,-0.0005263107095093366,0.005359678362342362,True,1.0,1.0
esm3_frozen_bilstm_attn,validation,-1,combined,sequence_distal_ge21,ordinary_contact_path_exists,145,567,0.0,0.0,0.0,True,1.0,1.0
esm3_frozen_bilstm_attn,validation,-1,combined,sequence_distal_ge21,query_distance_to_band_domain_boundary_sequence,145,561,1.8602354643074435,-0.7473812679757215,4.467852196590608,True,0.31898947481598944,0.5548729748023479
esm3_frozen_bilstm_attn,validation,-1,combined,sequence_distal_ge21,query_distance_to_community_boundary_edges,144,566,-0.36830845736344353,-0.44718866921548084,-0.2894282455114062,True,5.4081768250748685e-15,4.4674056006199843e-14
esm3_frozen_bilstm_attn,validation,-1,combined,sequence_distal_ge21,query_distance_to_ecod_boundary_sequence,145,567,1.6138488304623522,-0.7355502716308178,3.963247932555522,True,0.31898947481598944,0.5548729748023479
esm3_frozen_bilstm_attn,validation,-1,combined,sequence_distal_ge21,query_in_any_band,145,567,0.6125529629232941,0.5530418367029796,0.6720640891436086,True,2.8830610215881073e-27,3.879027556318544e-26
esm3_frozen_bilstm_attn,validation,-1,combined,sequence_distal_ge21,query_to_band_contact_count,145,567,0.05771553571039145,0.023104974482286517,0.09232609693849639,True,5.686281754638146e-08,3.0510079746940626e-07
esm3_frozen_bilstm_attn,validation,-1,combined,sequence_distal_ge21,query_to_band_contact_fraction,145,567,0.010489439472954389,0.005074443276104744,0.015904435669804033,True,6.327437536723091e-09,3.708755467069376e-08
esm3_frozen_bilstm_attn,validation,-1,combined,sequence_distal_ge21,query_water_contact_count,145,567,-0.23674683645137182,-0.30008874342140435,-0.17340492948133931,True,7.793986201015429e-11,5.283251714886795e-10
esm3_frozen_bilstm_attn,validation,-1,combined,sequence_distal_ge21,reachable_query_water_entry_count,145,567,0.002183232078548325,-0.004619827662871973,0.008986291819968625,True,0.8990763136528589,1.0
esm3_frozen_bilstm_attn,validation,-1,combined,sequence_distal_ge21,relative_backbone_orientation_cosine,145,567,0.03958668988941412,-0.004270791865626004,0.08344417164445425,True,0.01974093986302583,0.05256358200409877
esm3_frozen_bilstm_attn,validation,-1,combined,sequence_distal_ge21,rsa,145,567,-0.15965388467350375,-0.17527073227128753,-0.14403703707571996,True,5.44409368472581e-34,8.632777128636641e-33
esm3_frozen_bilstm_attn,validation,-1,combined,sequence_distal_ge21,same_community_as_band_apex,145,567,-0.0038796541067224626,-0.03695818670565722,0.029198878492212293,True,0.4264394964440236,0.6977259550595964
esm3_frozen_bilstm_attn,validation,-1,combined,sequence_distal_ge21,same_community_as_band_majority,138,525,0.0033080356715396017,-0.03327928431192844,0.039895355655007646,True,0.20664710898494335,0.4019772897669873
esm3_frozen_bilstm_attn,validation,-1,combined,sequence_distal_ge21,same_ecod_domain_as_band_apex,145,561,0.0014535195376961364,-0.012298090614251708,0.01520512968964398,True,0.2892437471090205,0.5152426227338218
esm3_frozen_bilstm_attn,validation,-1,combined,sequence_distal_ge21,shared_water_count,145,567,0.002554065732429532,-0.0007027865360016406,0.005810918000860704,True,1.0,1.0
esm3_frozen_bilstm_attn,validation,-1,combined,sequence_distal_ge21,shared_water_fraction_of_band_contacts,145,567,0.0003944202815050918,-0.00033807888584758274,0.0011269194488577664,True,0.651587827208914,0.9228229514537729
esm3_frozen_bilstm_attn,validation,-1,combined,sequence_distal_ge21,shared_water_fraction_of_query_contacts,145,567,0.001782655432763034,2.5151469345959616e-05,0.003540159396180108,True,1.0,1.0
esm3_frozen_bilstm_attn,validation,-1,combined,sequence_distal_ge21,shares_any_ecod_domain_with_band,145,561,0.0006886056113454771,-0.012857098374562894,0.01423430959725385,True,0.2892437471090205,0.5152426227338218
esm3_frozen_bilstm_attn,validation,-1,combined,sequence_distal_ge21,shortest_nonlocal_contact_path_edges,144,565,-0.49435034720674587,-0.6330169036213086,-0.35568379079218315,True,5.447167391561191e-10,3.442764870965365e-09
esm3_frozen_bilstm_attn,validation,-1,combined,sequence_distal_ge21,shortest_ordinary_contact_path_edges,145,567,-0.4704899436846096,-0.6151902814723343,-0.3257896058968849,True,1.5773024918785618e-12,1.1672038439901358e-11
esm3_frozen_bilstm_attn,validation,-1,combined,sequence_distal_ge21,torsion_change_from_previous,145,567,-40.88532720408267,-45.6080031740169,-36.16265123414844,True,4.746926573869604e-40,8.515698581002442e-39
esm3_frozen_bilstm_attn,validation,-1,combined,sequence_distal_ge21,water_path_at_most_1,145,567,0.0024166838264165127,-0.0005263107095093366,0.005359678362342362,True,1.0,1.0
esm3_frozen_bilstm_attn,validation,-1,combined,sequence_distal_ge21,water_path_at_most_2,145,567,0.000990624215367097,-0.002577449234499294,0.004558697665233488,True,0.7913664277791806,1.0
esm3_frozen_bilstm_attn,validation,-1,combined,sequence_distal_ge21,water_path_at_most_3,145,567,0.00026701497366374917,-0.0037619844263536754,0.004296014373681174,True,0.8974218269914307,1.0
esm3_frozen_bilstm_attn,validation,-1,combined,sequence_distal_ge21,water_path_exists,145,567,0.00036631215470472726,-0.0037223681381452246,0.004454992447554679,True,0.8990763136528589,1.0
esm3_frozen_bilstm_attn,validation,-1,combined,sequence_distal_ge21,water_path_without_direct_ca_contact,145,567,0.0002967425432637999,-0.002693971208471475,0.003287456294999075,True,0.6271025701571489,0.9053553452947731
esm3_frozen_bilstm_attn,validation,-1,combined,sequence_distal_ge21,water_path_without_direct_polar_contact,145,567,0.0003251061736258185,-0.0026364559736193494,0.0032866683208709864,True,0.8919231511047488,1.0
esm3_frozen_bilstm_attn,validation,-1,combined,sequence_distal_ge21_no_direct_ca,absolute_backbone_orientation_cosine,145,567,-0.0013277743724801696,-0.029515614073668987,0.02686006532870865,True,0.7398815747182804,0.9794097558298628
esm3_frozen_bilstm_attn,validation,-1,combined,sequence_distal_ge21_no_direct_ca,absolute_sequence_separation,145,567,-2.3495843954499644,-4.922660066996105,0.2234912760961767,True,0.007656052792678145,0.022661916266327308
esm3_frozen_bilstm_attn,validation,-1,combined,sequence_distal_ge21_no_direct_ca,band_water_contact_count,145,567,0.0,0.0,0.0,True,1.0,1.0
esm3_frozen_bilstm_attn,validation,-1,combined,sequence_distal_ge21_no_direct_ca,direct_ca_contact,145,567,0.0,0.0,0.0,True,1.0,1.0
esm3_frozen_bilstm_attn,validation,-1,combined,sequence_distal_ge21_no_direct_ca,direct_putative_polar_contact,145,567,0.0017477367476282112,-0.002314981876245349,0.005810455371501771,True,0.47312965989112854,0.7455885323572709
esm3_frozen_bilstm_attn,validation,-1,combined,sequence_distal_ge21_no_direct_ca,direct_putative_polar_contact_count,145,567,0.001799369052785806,-0.0022665271362002095,0.005865265241771821,True,0.47312965989112854,0.7455885323572709
esm3_frozen_bilstm_attn,validation,-1,combined,sequence_distal_ge21_no_direct_ca,disorder,145,567,-0.022270080182289827,-0.027601108463604918,-0.016939051900974736,True,4.746926573869604e-40,8.515698581002442e-39
esm3_frozen_bilstm_attn,validation,-1,combined,sequence_distal_ge21_no_direct_ca,mean_query_contact_water_degree,131,519,0.11620929528383098,0.05761316798283667,0.1748054225848253,True,0.011959013523238242,0.03382039493196038
esm3_frozen_bilstm_attn,validation,-1,combined,sequence_distal_ge21_no_direct_ca,minimum_ca_distance_angstrom,145,567,-2.2034351894010076,-2.9077813488122657,-1.4990890299897495,True,8.496680376155465e-12,6.060282870703658e-11
esm3_frozen_bilstm_attn,validation,-1,combined,sequence_distal_ge21_no_direct_ca,minimum_heavy_atom_distance_angstrom,145,567,-2.0435277639634792,-2.7482303630078015,-1.338825164919157,True,3.1877570240121074e-10,2.066224990746534e-09
esm3_frozen_bilstm_attn,validation,-1,combined,sequence_distal_ge21_no_direct_ca,minimum_polar_atom_distance_angstrom,145,567,-1.7215274715724913,-2.403371817525397,-1.0396831256195855,True,3.1877570240121074e-10,2.066224990746534e-09
esm3_frozen_bilstm_attn,validation,-1,combined,sequence_distal_ge21_no_direct_ca,neq,145,567,-0.3653013518674849,-0.40557589003855454,-0.3250268136964153,True,1.793662034335766e-43,3.7041206662561864e-42
esm3_frozen_bilstm_attn,validation,-1,combined,sequence_distal_ge21_no_direct_ca,nonlocal_contact_path_exists,145,567,0.007339917741548702,-0.0018622574007589755,0.01654209288385638,True,7.62939453125e-05,0.00030517578125
esm3_frozen_bilstm_attn,validation,-1,combined,sequence_distal_ge21_no_direct_ca,normalized_query_position,145,567,0.005687605856094346,-0.014867588109622527,0.02624279982181122,True,0.7398815747182804,0.9794097558298628
esm3_frozen_bilstm_attn,validation,-1,combined,sequence_distal_ge21_no_direct_ca,one_water_bridge,145,567,0.0015519740416052759,-0.0005716294228237011,0.003675577506034253,True,1.0,1.0
esm3_frozen_bilstm_attn,validation,-1,combined,sequence_distal_ge21_no_direct_ca,ordinary_contact_path_exists,145,567,0.0,0.0,0.0,True,1.0,1.0
esm3_frozen_bilstm_attn,validation,-1,combined,sequence_distal_ge21_no_direct_ca,query_distance_to_band_domain_boundary_sequence,145,561,2.112460837354943,-0.5641657904840476,4.7890874651939335,True,0.31898947481598944,0.5548729748023479
esm3_frozen_bilstm_attn,validation,-1,combined,sequence_distal_ge21_no_direct_ca,query_distance_to_community_boundary_edges,144,566,-0.369245437862708,-0.44860049928859014,-0.2898903764368259,True,2.4239447396778804e-14,1.9479302523384233e-13
esm3_frozen_bilstm_attn,validation,-1,combined,sequence_distal_ge21_no_direct_ca,query_distance_to_ecod_boundary_sequence,145,567,1.6905046743552246,-0.7123012997096783,4.093310648420127,True,0.31898947481598944,0.5548729748023479
esm3_frozen_bilstm_attn,validation,-1,combined,sequence_distal_ge21_no_direct_ca,query_in_any_band,145,567,0.6151598968982365,0.5541169001065626,0.6762028936899104,True,2.8830610215881073e-27,3.879027556318544e-26
esm3_frozen_bilstm_attn,validation,-1,combined,sequence_distal_ge21_no_direct_ca,query_to_band_contact_count,145,567,0.0,0.0,0.0,True,1.0,1.0
esm3_frozen_bilstm_attn,validation,-1,combined,sequence_distal_ge21_no_direct_ca,query_to_band_contact_fraction,145,567,0.0,0.0,0.0,True,1.0,1.0
esm3_frozen_bilstm_attn,validation,-1,combined,sequence_distal_ge21_no_direct_ca,query_water_contact_count,145,567,-0.2099242926668952,-0.27675978867699363,-0.14308879665679675,True,4.09804793129638e-08,2.2325561736142243e-07
esm3_frozen_bilstm_attn,validation,-1,combined,sequence_distal_ge21_no_direct_ca,reachable_query_water_entry_count,145,567,0.002438082030655393,-0.0035744743310269903,0.008450638392337777,True,0.7428293587290682,0.9794097558298628
esm3_frozen_bilstm_attn,validation,-1,combined,sequence_distal_ge21_no_direct_ca,relative_backbone_orientation_cosine,145,567,0.03265100594242125,-0.013783010007405706,0.0790850218922482,True,0.01974093986302583,0.05256358200409877
esm3_frozen_bilstm_attn,validation,-1,combined,sequence_distal_ge21_no_direct_ca,rsa,145,567,-0.15232372653228188,-0.16805605129819043,-0.13659140176637333,True,1.0895042428717087e-32,1.6973329257369777e-31
esm3_frozen_bilstm_attn,validation,-1,combined,sequence_distal_ge21_no_direct_ca,same_community_as_band_apex,145,567,-0.014204321006264448,-0.04667593526714565,0.018267293254616755,True,1.0,1.0
esm3_frozen_bilstm_attn,validation,-1,combined,sequence_distal_ge21_no_direct_ca,same_community_as_band_majority,138,525,-0.007141950189786422,-0.043470700934034275,0.029186800554461427,True,1.0,1.0
esm3_frozen_bilstm_attn,validation,-1,combined,sequence_distal_ge21_no_direct_ca,same_ecod_domain_as_band_apex,145,561,-0.0017543672400096117,-0.015977747362978755,0.012469012882959533,True,0.18485048241641844,0.3639628123853206
esm3_frozen_bilstm_attn,validation,-1,combined,sequence_distal_ge21_no_direct_ca,shared_water_count,145,567,0.0017445431082089605,-0.0005875872005975038,0.004076673417015425,True,1.0,1.0
esm3_frozen_bilstm_attn,validation,-1,combined,sequence_distal_ge21_no_direct_ca,shared_water_fraction_of_band_contacts,145,567,0.0002837863646897449,-0.00026585701799353455,0.0008334297473730243,True,0.6776394844055176,0.942433613394048
esm3_frozen_bilstm_attn,validation,-1,combined,sequence_distal_ge21_no_direct_ca,shared_water_fraction_of_query_contacts,145,567,0.000984661609157507,-4.9016440577838785e-05,0.0020183396588928527,True,1.0,1.0
esm3_frozen_bilstm_attn,validation,-1,combined,sequence_distal_ge21_no_direct_ca,shares_any_ecod_domain_with_band,145,561,-0.0025194152254277014,-0.016482878665963395,0.01144404821510799,True,0.18485048241641844,0.3639628123853206
esm3_frozen_bilstm_attn,validation,-1,combined,sequence_distal_ge21_no_direct_ca,shortest_nonlocal_contact_path_edges,144,565,-0.4225910742772879,-0.5499476075190639,-0.29523454103551194,True,7.600909757854836e-09,4.4405314901151934e-08
esm3_frozen_bilstm_attn,validation,-1,combined,sequence_distal_ge21_no_direct_ca,shortest_ordinary_contact_path_edges,145,567,-0.420990404712199,-0.5586044070985532,-0.28337640232584477,True,2.7833777337348257e-08,1.5447746422228284e-07
esm3_frozen_bilstm_attn,validation,-1,combined,sequence_distal_ge21_no_direct_ca,torsion_change_from_previous,145,567,-41.87219091182229,-46.81504904184577,-36.929332781798806,True,4.746926573869604e-40,8.515698581002442e-39
esm3_frozen_bilstm_attn,validation,-1,combined,sequence_distal_ge21_no_direct_ca,water_path_at_most_1,145,567,0.0015519740416052759,-0.0005716294228237011,0.003675577506034253,True,1.0,1.0
esm3_frozen_bilstm_attn,validation,-1,combined,sequence_distal_ge21_no_direct_ca,water_path_at_most_2,145,567,0.001190410432507893,-0.0011004992813894924,0.0034813201464052785,True,0.720100131817162,0.9755041372890656
esm3_frozen_bilstm_attn,validation,-1,combined,sequence_distal_ge21_no_direct_ca,water_path_at_most_3,145,567,0.00047999907733729645,-0.002415051844733754,0.0033750499994083466,True,0.735878800856881,0.9794097558298628
esm3_frozen_bilstm_attn,validation,-1,combined,sequence_distal_ge21_no_direct_ca,water_path_exists,145,567,0.0005792962583782746,-0.0023999891452823967,0.0035585816620389457,True,0.7428293587290682,0.9794097558298628
esm3_frozen_bilstm_attn,validation,-1,combined,sequence_distal_ge21_no_direct_ca,water_path_without_direct_ca_contact,145,567,0.0005792962583782746,-0.0023999891452823967,0.0035585816620389457,True,0.7428293587290682,0.9794097558298628
esm3_frozen_bilstm_attn,validation,-1,combined,sequence_distal_ge21_no_direct_ca,water_path_without_direct_polar_contact,145,567,-0.0006342740954949835,-0.002903514554555916,0.001634966363565949,True,0.7283324808813632,0.9755041372890656
esm3_frozen_bilstm_attn,validation,-1,evidence_dominated,all_eligible_queries,absolute_backbone_orientation_cosine,78,142,0.040003154319352814,0.010385055502800201,0.06962125313590542,True,0.14053828626952242,0.2905657699821558
esm3_frozen_bilstm_attn,validation,-1,evidence_dominated,all_eligible_queries,absolute_sequence_separation,79,143,1.4672037083466904,-1.5495819338765207,4.483989350569901,True,1.0,1.0
esm3_frozen_bilstm_attn,validation,-1,evidence_dominated,all_eligible_queries,band_water_contact_count,78,142,0.0,0.0,0.0,True,1.0,1.0
esm3_frozen_bilstm_attn,validation,-1,evidence_dominated,all_eligible_queries,direct_ca_contact,78,142,0.13735024800452475,0.07349967678578795,0.20120081922326155,True,0.0008980471786680215,0.00313346127566681
esm3_frozen_bilstm_attn,validation,-1,evidence_dominated,all_eligible_queries,direct_putative_polar_contact,78,142,0.08126134157692881,0.027527234731094835,0.1349954484227628,True,0.028816719655878845,0.07427938187059627
esm3_frozen_bilstm_attn,validation,-1,evidence_dominated,all_eligible_queries,direct_putative_polar_contact_count,78,142,0.27878245392156253,0.11776511774523715,0.43979979009788794,True,0.007915897334896727,0.023314483692830158
esm3_frozen_bilstm_attn,validation,-1,evidence_dominated,all_eligible_queries,disorder,79,143,-0.009928678667513563,-0.020356251251250235,0.000498893916223108,True,9.995152261577009e-16,8.493488237588885e-15
esm3_frozen_bilstm_attn,validation,-1,evidence_dominated,all_eligible_queries,mean_query_contact_water_degree,67,126,0.031197710071457177,-0.04977886798809687,0.11217428813101123,True,0.52577336017565,0.7926769844413875
esm3_frozen_bilstm_attn,validation,-1,evidence_dominated,all_eligible_queries,minimum_ca_distance_angstrom,78,142,-2.935862405330707,-3.6861718149559657,-2.1855529957054483,True,1.807703105408552e-09,1.1070623155881339e-08
esm3_frozen_bilstm_attn,validation,-1,evidence_dominated,all_eligible_queries,minimum_heavy_atom_distance_angstrom,78,142,-2.866232642357336,-3.5899386026645654,-2.1425266820501063,True,6.11831045524052e-11,4.163264125864813e-10
esm3_frozen_bilstm_attn,validation,-1,evidence_dominated,all_eligible_queries,minimum_polar_atom_distance_angstrom,78,142,-2.4769854028680043,-3.1938409098858966,-1.760129895850112,True,3.748661169432698e-08,2.067584545624991e-07
esm3_frozen_bilstm_attn,validation,-1,evidence_dominated,all_eligible_queries,neq,79,143,-0.3653349195588315,-0.42456528098264024,-0.3061045581350228,True,6.617444900424222e-24,8.050265447111444e-23
esm3_frozen_bilstm_attn,validation,-1,evidence_dominated,all_eligible_queries,nonlocal_contact_path_exists,78,142,0.0022819467079945024,0.0007597768819583525,0.0038041165340306523,True,0.00048828125,0.0017625762195121952
esm3_frozen_bilstm_attn,validation,-1,evidence_dominated,all_eligible_queries,normalized_query_position,79,143,-0.0024966201147182286,-0.025550358500703783,0.020557118271267324,True,0.6529643755164601,0.924035642165126
esm3_frozen_bilstm_attn,validation,-1,evidence_dominated,all_eligible_queries,one_water_bridge,78,142,0.0007703278686034059,-0.009709332346508797,0.011249988083715608,True,0.0931396484375,0.20099151351761846
esm3_frozen_bilstm_attn,validation,-1,evidence_dominated,all_eligible_queries,ordinary_contact_path_exists,78,142,0.0,0.0,0.0,True,1.0,1.0
esm3_frozen_bilstm_attn,validation,-1,evidence_dominated,all_eligible_queries,query_distance_to_band_domain_boundary_sequence,78,141,-0.48795560279123446,-3.408153900212597,2.4322426946301277,True,0.4282070357175807,0.6989850141860509
esm3_frozen_bilstm_attn,validation,-1,evidence_dominated,all_eligible_queries,query_distance_to_community_boundary_edges,78,142,-0.38599614991071474,-0.49064313974884066,-0.2813491600725888,True,2.8555486161534813e-09,1.7191370651825705e-08
esm3_frozen_bilstm_attn,validation,-1,evidence_dominated,all_eligible_queries,query_distance_to_ecod_boundary_sequence,78,142,-1.051761710100364,-3.853639814782678,1.7501163945819502,True,0.21268281985080573,0.40923584838031524
esm3_frozen_bilstm_attn,validation,-1,evidence_dominated,all_eligible_queries,query_in_any_band,79,143,0.3751785373760537,0.2955769714030072,0.45478010334910024,True,1.8267652540930775e-11,1.282345885877196e-10
esm3_frozen_bilstm_attn,validation,-1,evidence_dominated,all_eligible_queries,query_to_band_contact_count,78,142,0.4931362928514849,0.28344700610744955,0.7028255795955203,True,1.5717029852739467e-05,6.791592461913697e-05
esm3_frozen_bilstm_attn,validation,-1,evidence_dominated,all_eligible_queries,query_to_band_contact_fraction,78,142,0.09879109859440018,0.05512411348137783,0.14245808370742252,True,4.475224849487538e-06,2.0751956482218974e-05
esm3_frozen_bilstm_attn,validation,-1,evidence_dominated,all_eligible_queries,query_water_contact_count,78,142,-0.28861018319022536,-0.3770314677067298,-0.20018889867372094,True,1.5877990745379462e-07,8.221373633759161e-07
esm3_frozen_bilstm_attn,validation,-1,evidence_dominated,all_eligible_queries,reachable_query_water_entry_count,78,142,-0.004529954618681486,-0.019415753705868864,0.010355844468505893,True,0.34492845088243484,0.5867748359839121
esm3_frozen_bilstm_attn,validation,-1,evidence_dominated,all_eligible_queries,relative_backbone_orientation_cosine,78,142,0.04143190300093758,-0.020341604243629588,0.10320541024550475,True,0.21268281985080573,0.40923584838031524
esm3_frozen_bilstm_attn,validation,-1,evidence_dominated,all_eligible_queries,rsa,79,143,-0.1473142841233344,-0.17437870435214853,-0.12024986389452023,True,7.981384997696379e-17,7.159060482782206e-16
esm3_frozen_bilstm_attn,validation,-1,evidence_dominated,all_eligible_queries,same_community_as_band_apex,78,142,0.002078973469483605,-0.04015848316126087,0.04431643010022807,True,0.31350305329645284,0.5490941051819529
esm3_frozen_bilstm_attn,validation,-1,evidence_dominated,all_eligible_queries,same_community_as_band_majority,72,132,0.004051936410847515,-0.04021011072914,0.04831398355083503,True,0.2975952082844287,0.5280010888243211
esm3_frozen_bilstm_attn,validation,-1,evidence_dominated,all_eligible_queries,same_ecod_domain_as_band_apex,78,141,0.0024761018781071036,-0.012380534859326152,0.01733273861554036,True,0.48685024166479707,0.7611320679548236
esm3_frozen_bilstm_attn,validation,-1,evidence_dominated,all_eligible_queries,shared_water_count,78,142,0.0009127780365256174,-0.010515023806975608,0.012340579880026842,True,0.0931396484375,0.20099151351761846
esm3_frozen_bilstm_attn,validation,-1,evidence_dominated,all_eligible_queries,shared_water_fraction_of_band_contacts,78,142,4.0138364739508955e-05,-0.002928344112529732,0.0030086208420087497,True,0.0931396484375,0.20099151351761846
esm3_frozen_bilstm_attn,validation,-1,evidence_dominated,all_eligible_queries,shared_water_fraction_of_query_contacts,78,142,0.0036647438327715542,-0.005804630385039637,0.013134118050582747,True,0.0931396484375,0.20099151351761846
esm3_frozen_bilstm_attn,validation,-1,evidence_dominated,all_eligible_queries,shares_any_ecod_domain_with_band,78,141,0.0024761018781071036,-0.012380534859326152,0.01733273861554036,True,0.48685024166479707,0.7611320679548236
esm3_frozen_bilstm_attn,validation,-1,evidence_dominated,all_eligible_queries,shortest_nonlocal_contact_path_edges,77,141,-0.6529123289029491,-0.8139518031207362,-0.491872854685162,True,1.0539880077661144e-10,7.063708308651393e-10
esm3_frozen_bilstm_attn,validation,-1,evidence_dominated,all_eligible_queries,shortest_ordinary_contact_path_edges,78,142,-0.5530607659592588,-0.7356848257696367,-0.3704367061488809,True,8.582179419760152e-09,4.949099915560728e-08
esm3_frozen_bilstm_attn,validation,-1,evidence_dominated,all_eligible_queries,torsion_change_from_previous,79,143,-41.11683461177037,-48.87836632484003,-33.355302898700714,True,2.72109334305444e-19,2.76152101557982e-18
esm3_frozen_bilstm_attn,validation,-1,evidence_dominated,all_eligible_queries,water_path_at_most_1,78,142,0.0007703278686034059,-0.009709332346508797,0.011249988083715608,True,0.0931396484375,0.20099151351761846
esm3_frozen_bilstm_attn,validation,-1,evidence_dominated,all_eligible_queries,water_path_at_most_2,78,142,-0.001228137960540728,-0.012581154478927445,0.01012487855784599,True,0.24778856337070465,0.46177068930936005
esm3_frozen_bilstm_attn,validation,-1,evidence_dominated,all_eligible_queries,water_path_at_most_3,78,142,-0.0042697193227082125,-0.018196749755072954,0.009657311109656527,True,0.34492845088243484,0.5867748359839121
esm3_frozen_bilstm_attn,validation,-1,evidence_dominated,all_eligible_queries,water_path_exists,78,142,-0.004251166262618791,-0.01817906055563063,0.009676728030393045,True,0.34492845088243484,0.5867748359839121
esm3_frozen_bilstm_attn,validation,-1,evidence_dominated,all_eligible_queries,water_path_without_direct_ca_contact,78,142,-0.009824848658288494,-0.019495987555876802,-0.00015370976070018354,True,0.0308837890625,0.07892030125899281
esm3_frozen_bilstm_attn,validation,-1,evidence_dominated,all_eligible_queries,water_path_without_direct_polar_contact,78,142,-0.009991028395672445,-0.020481115511742573,0.0004990587203976826,True,0.28627872467041016,0.5135666818329783
esm3_frozen_bilstm_attn,validation,-1,evidence_dominated,sequence_distal_ge21,absolute_backbone_orientation_cosine,75,139,0.003749834052390526,-0.027801074023883387,0.035300742128664436,True,0.24804574189252784,0.46177068930936005
esm3_frozen_bilstm_attn,validation,-1,evidence_dominated,sequence_distal_ge21,absolute_sequence_separation,76,140,1.3391967341148705,-2.5089924271505413,5.187385895380283,True,0.9087769252754927,1.0
esm3_frozen_bilstm_attn,validation,-1,evidence_dominated,sequence_distal_ge21,band_water_contact_count,75,139,0.0,0.0,0.0,True,1.0,1.0
esm3_frozen_bilstm_attn,validation,-1,evidence_dominated,sequence_distal_ge21,direct_ca_contact,75,139,0.09051155205629766,0.04448489645439301,0.1365382076582023,True,0.0002685401188191605,0.0009935984396308938
esm3_frozen_bilstm_attn,validation,-1,evidence_dominated,sequence_distal_ge21,direct_putative_polar_contact,75,139,0.022120817518896527,0.00013961958108381356,0.04410201545670924,True,0.38331031799316406,0.6434396264233075
esm3_frozen_bilstm_attn,validation,-1,evidence_dominated,sequence_distal_ge21,direct_putative_polar_contact_count,75,139,0.026628753710124232,-0.0035130499275077,0.05677055734775616,True,0.38331031799316406,0.6434396264233075
esm3_frozen_bilstm_attn,validation,-1,evidence_dominated,sequence_distal_ge21,disorder,76,140,-0.00627002914901553,-0.019963386230450606,0.007423327932419547,True,5.632907524806409e-13,4.203379732796715e-12
esm3_frozen_bilstm_attn,validation,-1,evidence_dominated,sequence_distal_ge21,mean_query_contact_water_degree,65,124,0.0507365907728672,-0.028036814778930913,0.1295099963246653,True,0.2450608330229457,0.45765303832676296
esm3_frozen_bilstm_attn,validation,-1,evidence_dominated,sequence_distal_ge21,minimum_ca_distance_angstrom,75,139,-3.510849241044786,-4.454958478235243,-2.5667400038543287,True,6.114156572521501e-07,3.0848699070449394e-06
esm3_frozen_bilstm_attn,validation,-1,evidence_dominated,sequence_distal_ge21,minimum_heavy_atom_distance_angstrom,75,139,-3.449653178056081,-4.362219396199697,-2.537086959912465,True,8.396008067237178e-09,4.8729772311807936e-08
esm3_frozen_bilstm_attn,validation,-1,evidence_dominated,sequence_distal_ge21,minimum_polar_atom_distance_angstrom,75,139,-3.17828509150611,-4.120288049245855,-2.236282133766365,True,3.807704084089984e-08,2.0807638317980956e-07
esm3_frozen_bilstm_attn,validation,-1,evidence_dominated,sequence_distal_ge21,neq,76,140,-0.38757767718012787,-0.4512535946859023,-0.3239017596743534,True,2.0381730293306602e-21,2.3056021019689507e-20
esm3_frozen_bilstm_attn,validation,-1,evidence_dominated,sequence_distal_ge21,nonlocal_contact_path_exists,75,139,0.0033017530441284124,0.0009334466975138914,0.0056700593907429335,True,0.00048828125,0.0017625762195121952
esm3_frozen_bilstm_attn,validation,-1,evidence_dominated,sequence_distal_ge21,normalized_query_position,76,140,0.004623969138170968,-0.02971329640217818,0.03896123467852011,True,0.9087769252754927,1.0
esm3_frozen_bilstm_attn,validation,-1,evidence_dominated,sequence_distal_ge21,one_water_bridge,75,139,-0.002659505700485569,-0.010719587525259894,0.005400576124288757,True,0.332305908203125,0.5696672712053571
esm3_frozen_bilstm_attn,validation,-1,evidence_dominated,sequence_distal_ge21,ordinary_contact_path_exists,75,139,0.0,0.0,0.0,True,1.0,1.0
esm3_frozen_bilstm_attn,validation,-1,evidence_dominated,sequence_distal_ge21,query_distance_to_band_domain_boundary_sequence,75,138,-1.6241550172170003,-5.256670999543678,2.0083609651096768,True,0.16542794172425662,0.32937222477834055
esm3_frozen_bilstm_attn,validation,-1,evidence_dominated,sequence_distal_ge21,query_distance_to_community_boundary_edges,75,139,-0.4456538833710883,-0.5502337287105376,-0.34107403803163905,True,1.5535957242568204e-10,1.033402998606784e-09
esm3_frozen_bilstm_attn,validation,-1,evidence_dominated,sequence_distal_ge21,query_distance_to_ecod_boundary_sequence,75,139,-2.093600838979085,-5.569431812579077,1.3822301346209063,True,0.0369549040273683,0.09166467814609791
esm3_frozen_bilstm_attn,validation,-1,evidence_dominated,sequence_distal_ge21,query_in_any_band,76,140,0.40509921665812565,0.3191913013171229,0.4910071319991284,True,2.2444496451277593e-10,1.4818373865230113e-09
esm3_frozen_bilstm_attn,validation,-1,evidence_dominated,sequence_distal_ge21,query_to_band_contact_count,75,139,0.20454498035833238,0.08347500735542956,0.3256149533612352,True,8.171334999262925e-05,0.0003239350660422088
esm3_frozen_bilstm_attn,validation,-1,evidence_dominated,sequence_distal_ge21,query_to_band_contact_fraction,75,139,0.044250359021592876,0.013378424772874136,0.07512229327031161,True,8.171334999262925e-05,0.0003239350660422088
esm3_frozen_bilstm_attn,validation,-1,evidence_dominated,sequence_distal_ge21,query_water_contact_count,75,139,-0.3153557784540786,-0.424336543834846,-0.2063750130733112,True,9.674891137601897e-07,4.813055086941448e-06
esm3_frozen_bilstm_attn,validation,-1,evidence_dominated,sequence_distal_ge21,reachable_query_water_entry_count,75,139,-0.007956518711729183,-0.02044600785912807,0.0045329704356697025,True,0.6636238098144531,0.9298172099753056
esm3_frozen_bilstm_attn,validation,-1,evidence_dominated,sequence_distal_ge21,relative_backbone_orientation_cosine,75,139,0.030339872454758724,-0.04965144798265303,0.11033119289217047,True,0.24804574189252784,0.46177068930936005
esm3_frozen_bilstm_attn,validation,-1,evidence_dominated,sequence_distal_ge21,rsa,76,140,-0.15071639979389512,-0.17514485384977363,-0.1262879457380166,True,1.938302550893458e-18,1.9448730680151307e-17
esm3_frozen_bilstm_attn,validation,-1,evidence_dominated,sequence_distal_ge21,same_community_as_band_apex,75,139,0.03315048249645365,-0.0170339847093815,0.0833349497022888,True,0.4426260049464714,0.7185592182677635
esm3_frozen_bilstm_attn,validation,-1,evidence_dominated,sequence_distal_ge21,same_community_as_band_majority,70,130,0.03263919222567763,-0.017024280049724984,0.08230266450108023,True,0.2288055412343561,0.4336518592022835
esm3_frozen_bilstm_attn,validation,-1,evidence_dominated,sequence_distal_ge21,same_ecod_domain_as_band_apex,75,138,-0.0024071579757663905,-0.02093023495462451,0.016115919003091728,True,1.0,1.0
esm3_frozen_bilstm_attn,validation,-1,evidence_dominated,sequence_distal_ge21,shared_water_count,75,139,-0.002659505700485569,-0.010719587525259894,0.005400576124288757,True,0.332305908203125,0.5696672712053571
esm3_frozen_bilstm_attn,validation,-1,evidence_dominated,sequence_distal_ge21,shared_water_fraction_of_band_contacts,75,139,-0.0008171275517541067,-0.003030162630605964,0.0013959075270977505,True,0.332305908203125,0.5696672712053571
esm3_frozen_bilstm_attn,validation,-1,evidence_dominated,sequence_distal_ge21,shared_water_fraction_of_query_contacts,75,139,-0.0011136202991215683,-0.007584019062108052,0.0053567784638649165,True,0.332305908203125,0.5696672712053571
esm3_frozen_bilstm_attn,validation,-1,evidence_dominated,sequence_distal_ge21,shares_any_ecod_domain_with_band,75,138,-0.0024071579757663905,-0.02093023495462451,0.016115919003091728,True,1.0,1.0
esm3_frozen_bilstm_attn,validation,-1,evidence_dominated,sequence_distal_ge21,shortest_nonlocal_contact_path_edges,74,138,-0.7788321327384528,-0.9766142786169143,-0.5810499868599912,True,6.221761416347879e-08,3.318272755385535e-07
esm3_frozen_bilstm_attn,validation,-1,evidence_dominated,sequence_distal_ge21,shortest_ordinary_contact_path_edges,75,139,-0.6842706206109788,-0.8994453402995536,-0.46909590092240394,True,3.807704084089984e-08,2.0807638317980956e-07
esm3_frozen_bilstm_attn,validation,-1,evidence_dominated,sequence_distal_ge21,torsion_change_from_previous,76,140,-35.298615045884986,-40.45498215230125,-30.142247939468728,True,3.589836803538052e-17,3.269512904145426e-16
esm3_frozen_bilstm_attn,validation,-1,evidence_dominated,sequence_distal_ge21,water_path_at_most_1,75,139,-0.002659505700485569,-0.010719587525259894,0.005400576124288757,True,0.332305908203125,0.5696672712053571
esm3_frozen_bilstm_attn,validation,-1,evidence_dominated,sequence_distal_ge21,water_path_at_most_2,75,139,-0.005621804689781531,-0.015021888775011111,0.003778279395448051,True,0.5034446716308594,0.7754729148753224
esm3_frozen_bilstm_attn,validation,-1,evidence_dominated,sequence_distal_ge21,water_path_at_most_3,75,139,-0.00799139847730597,-0.02014087520153806,0.004158078246926123,True,0.6636238098144531,0.9298172099753056
esm3_frozen_bilstm_attn,validation,-1,evidence_dominated,sequence_distal_ge21,water_path_exists,75,139,-0.007972103294812972,-0.020122852203694516,0.004178645614068572,True,0.6636238098144531,0.9298172099753056
esm3_frozen_bilstm_attn,validation,-1,evidence_dominated,sequence_distal_ge21,water_path_without_direct_ca_contact,75,139,-0.008757544076691071,-0.018599213424164762,0.0010841252707826186,True,0.076812744140625,0.17095167117011278
esm3_frozen_bilstm_attn,validation,-1,evidence_dominated,sequence_distal_ge21,water_path_without_direct_polar_contact,75,139,-0.00890837074112561,-0.02027078531684283,0.0024540438345916106,True,0.6476058959960938,0.9186486192404653
esm3_frozen_bilstm_attn,validation,-1,evidence_dominated,sequence_distal_ge21_no_direct_ca,absolute_backbone_orientation_cosine,72,136,-0.005084757092926225,-0.033564777199605926,0.023395263013753477,True,0.12491820036864004,0.26210153482880755
esm3_frozen_bilstm_attn,validation,-1,evidence_dominated,sequence_distal_ge21_no_direct_ca,absolute_sequence_separation,72,136,1.8158244496622362,-2.4220892359334503,6.053738135257923,True,0.906294324703081,1.0
esm3_frozen_bilstm_attn,validation,-1,evidence_dominated,sequence_distal_ge21_no_direct_ca,band_water_contact_count,72,136,0.0,0.0,0.0,True,1.0,1.0
esm3_frozen_bilstm_attn,validation,-1,evidence_dominated,sequence_distal_ge21_no_direct_ca,direct_ca_contact,72,136,0.0,0.0,0.0,True,1.0,1.0
esm3_frozen_bilstm_attn,validation,-1,evidence_dominated,sequence_distal_ge21_no_direct_ca,direct_putative_polar_contact,72,136,0.0012089546700870585,-0.0035790545639110462,0.005996963904085164,True,0.5078125,0.7754729148753224
esm3_frozen_bilstm_attn,validation,-1,evidence_dominated,sequence_distal_ge21_no_direct_ca,direct_putative_polar_contact_count,72,136,0.000745991707124096,-0.0042966315337363845,0.005788614947984576,True,0.5078125,0.7754729148753224
esm3_frozen_bilstm_attn,validation,-1,evidence_dominated,sequence_distal_ge21_no_direct_ca,disorder,72,136,-0.014597624979191167,-0.024056157185200107,-0.00513909277318223,True,7.255748219519502e-14,5.651845981520454e-13
esm3_frozen_bilstm_attn,validation,-1,evidence_dominated,sequence_distal_ge21_no_direct_ca,mean_query_contact_water_degree,62,120,0.045907788134871,-0.0389303937174589,0.1307459699872009,True,0.358143301806138,0.6075095549261711
esm3_frozen_bilstm_attn,validation,-1,evidence_dominated,sequence_distal_ge21_no_direct_ca,minimum_ca_distance_angstrom,72,136,-2.8847345763886416,-3.8875905607434222,-1.881878592033861,True,2.397319809534421e-06,1.1445268768099817e-05
esm3_frozen_bilstm_attn,validation,-1,evidence_dominated,sequence_distal_ge21_no_direct_ca,minimum_heavy_atom_distance_angstrom,72,136,-2.8888484555814,-3.8744243405710526,-1.9032725705917473,True,2.397319809534421e-06,1.1445268768099817e-05
esm3_frozen_bilstm_attn,validation,-1,evidence_dominated,sequence_distal_ge21_no_direct_ca,minimum_polar_atom_distance_angstrom,72,136,-2.6124912180282447,-3.6255275150970125,-1.5994549209594768,True,8.14003082672391e-06,3.650680491985269e-05
esm3_frozen_bilstm_attn,validation,-1,evidence_dominated,sequence_distal_ge21_no_direct_ca,neq,72,136,-0.3800971298033437,-0.44296001818483094,-0.31723424142185647,True,3.091670257478196e-20,3.268337129334093e-19
esm3_frozen_bilstm_attn,validation,-1,evidence_dominated,sequence_distal_ge21_no_direct_ca,nonlocal_contact_path_exists,72,136,0.0033169719218103916,0.0008558124518804906,0.005778131391740293,True,0.0009765625,0.0033482142857142855
esm3_frozen_bilstm_attn,validation,-1,evidence_dominated,sequence_distal_ge21_no_direct_ca,normalized_query_position,72,136,-0.010792474331132122,-0.038858869001540966,0.017273920339276723,True,1.0,1.0
esm3_frozen_bilstm_attn,validation,-1,evidence_dominated,sequence_distal_ge21_no_direct_ca,one_water_bridge,72,136,-0.004085289937642365,-0.009193277310276526,0.0010226974349917947,True,0.109375,0.23263473053892217
esm3_frozen_bilstm_attn,validation,-1,evidence_dominated,sequence_distal_ge21_no_direct_ca,ordinary_contact_path_exists,72,136,0.0,0.0,0.0,True,1.0,1.0
esm3_frozen_bilstm_attn,validation,-1,evidence_dominated,sequence_distal_ge21_no_direct_ca,query_distance_to_band_domain_boundary_sequence,72,135,-1.7118857765639268,-5.539598443441973,2.1158268903141186,True,0.1945051658673991,0.3804418222252211
esm3_frozen_bilstm_attn,validation,-1,evidence_dominated,sequence_distal_ge21_no_direct_ca,query_distance_to_community_boundary_edges,72,136,-0.4225230402761587,-0.5335062116408196,-0.3115398689114979,True,8.004823399455647e-10,5.04133558774228e-09
esm3_frozen_bilstm_attn,validation,-1,evidence_dominated,sequence_distal_ge21_no_direct_ca,query_distance_to_ecod_boundary_sequence,72,136,-1.9641790838153272,-5.678170087985453,1.7498119203547993,True,0.04437092000802569,0.10721463120306617
esm3_frozen_bilstm_attn,validation,-1,evidence_dominated,sequence_distal_ge21_no_direct_ca,query_in_any_band,72,136,0.4422766315264931,0.3583541214238501,0.5261991416291361,True,2.6307135723296904e-13,2.022409992068962e-12
esm3_frozen_bilstm_attn,validation,-1,evidence_dominated,sequence_distal_ge21_no_direct_ca,query_to_band_contact_count,72,136,0.0,0.0,0.0,True,1.0,1.0
esm3_frozen_bilstm_attn,validation,-1,evidence_dominated,sequence_distal_ge21_no_direct_ca,query_to_band_contact_fraction,72,136,0.0,0.0,0.0,True,1.0,1.0
esm3_frozen_bilstm_attn,validation,-1,evidence_dominated,sequence_distal_ge21_no_direct_ca,query_water_contact_count,72,136,-0.284518377346642,-0.4016589624160375,-0.16737779227724645,True,0.000112268646894988,0.00043725683527521647
esm3_frozen_bilstm_attn,validation,-1,evidence_dominated,sequence_distal_ge21_no_direct_ca,reachable_query_water_entry_count,72,136,-0.010721507711611962,-0.021891604632193976,0.0004485892089700523,True,0.03515625,0.08757012622720897
esm3_frozen_bilstm_attn,validation,-1,evidence_dominated,sequence_distal_ge21_no_direct_ca,relative_backbone_orientation_cosine,72,136,0.05625449197902559,-0.009462658234609851,0.12197164219266105,True,0.12491820036864004,0.26210153482880755
esm3_frozen_bilstm_attn,validation,-1,evidence_dominated,sequence_distal_ge21_no_direct_ca,rsa,72,136,-0.13889102546871865,-0.1633733556409794,-0.11440869529645789,True,2.6371947296289014e-17,2.439405124906734e-16
esm3_frozen_bilstm_attn,validation,-1,evidence_dominated,sequence_distal_ge21_no_direct_ca,same_community_as_band_apex,72,136,0.003011470485081968,-0.03890528600143393,0.044928226971597866,True,1.0,1.0
esm3_frozen_bilstm_attn,validation,-1,evidence_dominated,sequence_distal_ge21_no_direct_ca,same_community_as_band_majority,67,127,-0.0025328813838906864,-0.041510944695414866,0.0364451819276335,True,0.887724827340783,1.0
esm3_frozen_bilstm_attn,validation,-1,evidence_dominated,sequence_distal_ge21_no_direct_ca,same_ecod_domain_as_band_apex,72,135,-0.005104584845334844,-0.024501186484298824,0.014292016793629138,True,1.0,1.0
esm3_frozen_bilstm_attn,validation,-1,evidence_dominated,sequence_distal_ge21_no_direct_ca,shared_water_count,72,136,-0.004085289937642365,-0.009193277310276526,0.0010226974349917947,True,0.109375,0.23263473053892217
esm3_frozen_bilstm_attn,validation,-1,evidence_dominated,sequence_distal_ge21_no_direct_ca,shared_water_fraction_of_band_contacts,72,136,-0.0015245008144389666,-0.0033791139987413305,0.0003301123698633971,True,0.109375,0.23263473053892217
esm3_frozen_bilstm_attn,validation,-1,evidence_dominated,sequence_distal_ge21_no_direct_ca,shared_water_fraction_of_query_contacts,72,136,-0.0025421213941795163,-0.005410833222924649,0.000326590434565616,True,0.109375,0.23263473053892217
esm3_frozen_bilstm_attn,validation,-1,evidence_dominated,sequence_distal_ge21_no_direct_ca,shares_any_ecod_domain_with_band,72,135,-0.005104584845334844,-0.024501186484298824,0.014292016793629138,True,1.0,1.0
esm3_frozen_bilstm_attn,validation,-1,evidence_dominated,sequence_distal_ge21_no_direct_ca,shortest_nonlocal_contact_path_edges,71,135,-0.6098868546771331,-0.812690445257451,-0.4070832640968152,True,5.85395552938811e-06,2.6658012872290468e-05
esm3_frozen_bilstm_attn,validation,-1,evidence_dominated,sequence_distal_ge21_no_direct_ca,shortest_ordinary_contact_path_edges,72,136,-0.5425334707454399,-0.7633927370911442,-0.3216742043997356,True,1.0414019304757919e-06,5.151893672771605e-06
esm3_frozen_bilstm_attn,validation,-1,evidence_dominated,sequence_distal_ge21_no_direct_ca,torsion_change_from_previous,72,136,-35.23708404496417,-40.58768012689407,-29.886487963034266,True,2.6371947296289014e-17,2.439405124906734e-16
esm3_frozen_bilstm_attn,validation,-1,evidence_dominated,sequence_distal_ge21_no_direct_ca,water_path_at_most_1,72,136,-0.004085289937642365,-0.009193277310276526,0.0010226974349917947,True,0.109375,0.23263473053892217
esm3_frozen_bilstm_attn,validation,-1,evidence_dominated,sequence_distal_ge21_no_direct_ca,water_path_at_most_2,72,136,-0.007299912614635775,-0.014511478277655495,-8.834695161605462e-05,True,0.057373046875,0.13319546568627452
esm3_frozen_bilstm_attn,validation,-1,evidence_dominated,sequence_distal_ge21_no_direct_ca,water_path_at_most_3,72,136,-0.009965904018005215,-0.020731561489417932,0.000799753453407501,True,0.03515625,0.08757012622720897
esm3_frozen_bilstm_attn,validation,-1,evidence_dominated,sequence_distal_ge21_no_direct_ca,water_path_exists,72,136,-0.00994346509838511,-0.020710119156392787,0.0008231889596225696,True,0.03515625,0.08757012622720897
esm3_frozen_bilstm_attn,validation,-1,evidence_dominated,sequence_distal_ge21_no_direct_ca,water_path_without_direct_ca_contact,72,136,-0.00994346509838511,-0.020710119156392787,0.0008231889596225696,True,0.03515625,0.08757012622720897
esm3_frozen_bilstm_attn,validation,-1,evidence_dominated,sequence_distal_ge21_no_direct_ca,water_path_without_direct_polar_contact,72,136,-0.009249020643592636,-0.019776799300370664,0.0012787580131853916,True,0.03515625,0.08757012622720897
esm3_frozen_bilstm_attn,validation,1,combined,all_eligible_queries,absolute_backbone_orientation_cosine,196,957,-0.006768463238267834,-0.02285527426313797,0.009318347786602302,True,0.6171884623458013,0.9029378658804444
esm3_frozen_bilstm_attn,validation,1,combined,all_eligible_queries,absolute_sequence_separation,198,1018,-2.720573115619043,-4.460844637583522,-0.9803015936545643,True,0.008386485389687849,0.02445713965859708
esm3_frozen_bilstm_attn,validation,1,combined,all_eligible_queries,band_water_contact_count,196,958,0.0,0.0,0.0,True,1.0,1.0
esm3_frozen_bilstm_attn,validation,1,combined,all_eligible_queries,direct_ca_contact,196,958,0.057850507165258615,0.040515714472279106,0.07518529985823813,True,4.605473988366557e-16,4.029222563221185e-15
esm3_frozen_bilstm_attn,validation,1,combined,all_eligible_queries,direct_putative_polar_contact,196,958,0.06772242595544976,0.052229327492692254,0.08321552441820727,True,1.0626966311362292e-27,1.463061408448018e-26
esm3_frozen_bilstm_attn,validation,1,combined,all_eligible_queries,direct_putative_polar_contact_count,196,958,0.11095950154709062,0.07381810346331022,0.14810089963087103,True,1.1394687722815318e-28,1.6189572316576005e-27
esm3_frozen_bilstm_attn,validation,1,combined,all_eligible_queries,disorder,198,1018,-0.02978837990281107,-0.04121905197932331,-0.01835770782629883,True,0.07535614736054401,0.16792034844708428
esm3_frozen_bilstm_attn,validation,1,combined,all_eligible_queries,mean_query_contact_water_degree,182,899,-0.05208514529861702,-0.10111881473550802,-0.003051475861726022,True,0.013596354306730772,0.038086948341883045
esm3_frozen_bilstm_attn,validation,1,combined,all_eligible_queries,minimum_ca_distance_angstrom,196,958,0.8457791962248772,0.30347130249564236,1.388087089954112,True,0.00014023150174828468,0.0005390717469804189
esm3_frozen_bilstm_attn,validation,1,combined,all_eligible_queries,minimum_heavy_atom_distance_angstrom,196,958,0.8993661564186629,0.36216673904145014,1.4365655737958756,True,7.70506094890537e-05,0.00030682036424340667
esm3_frozen_bilstm_attn,validation,1,combined,all_eligible_queries,minimum_polar_atom_distance_angstrom,196,958,0.7907100895020156,0.2579717640171654,1.3234484149868657,True,4.144867813662958e-05,0.00017079548113840866
esm3_frozen_bilstm_attn,validation,1,combined,all_eligible_queries,neq,198,1018,0.5781158563103919,0.5283197922910491,0.6279119203297346,True,2.6373156723925076e-46,6.245163512225458e-45
esm3_frozen_bilstm_attn,validation,1,combined,all_eligible_queries,nonlocal_contact_path_exists,196,958,-0.03670675800740677,-0.0493827922794602,-0.024030723735353338,True,3.893241002593815e-14,3.0730648980473847e-13
esm3_frozen_bilstm_attn,validation,1,combined,all_eligible_queries,normalized_query_position,198,1018,-0.012536251048886723,-0.030907024448607854,0.005834522350834408,True,0.9433683628047674,1.0
esm3_frozen_bilstm_attn,validation,1,combined,all_eligible_queries,one_water_bridge,196,958,0.001827005841717626,-0.008021663415426355,0.011675675098861606,True,0.23520336797252533,0.44156573099281715
esm3_frozen_bilstm_attn,validation,1,combined,all_eligible_queries,ordinary_contact_path_exists,196,958,0.0,0.0,0.0,True,1.0,1.0
esm3_frozen_bilstm_attn,validation,1,combined,all_eligible_queries,query_distance_to_band_domain_boundary_sequence,196,953,2.1179666368088736,0.11184558230813035,4.124087691309617,True,0.17458216426608175,0.34527608433915496
esm3_frozen_bilstm_attn,validation,1,combined,all_eligible_queries,query_distance_to_community_boundary_edges,195,955,0.40204187568486127,0.3351326435458498,0.4689511078238727,True,1.2094089884805531e-21,1.385748621639653e-20
esm3_frozen_bilstm_attn,validation,1,combined,all_eligible_queries,query_distance_to_ecod_boundary_sequence,196,958,2.6984275673156537,1.1858630773589445,4.210992057272363,True,0.008057137128552378,0.023574094794578292
esm3_frozen_bilstm_attn,validation,1,combined,all_eligible_queries,query_in_any_band,198,1018,0.4117208539524029,0.3722627963365074,0.45117891156829837,True,3.3939314642716165e-41,6.55176334841999e-40
esm3_frozen_bilstm_attn,validation,1,combined,all_eligible_queries,query_to_band_contact_count,196,958,0.1533980475216309,0.09482168184316177,0.21197441320010002,True,2.5960289994977246e-17,2.426603949004189e-16
esm3_frozen_bilstm_attn,validation,1,combined,all_eligible_queries,query_to_band_contact_fraction,196,958,0.04297933152424911,0.031047208330907836,0.05491145471759039,True,5.827889659702132e-18,5.686995623973069e-17
esm3_frozen_bilstm_attn,validation,1,combined,all_eligible_queries,query_water_contact_count,196,958,0.09501621441685881,0.03367250996943311,0.15635991886428452,True,0.017012063582441155,0.045986948131530425
esm3_frozen_bilstm_attn,validation,1,combined,all_eligible_queries,reachable_query_water_entry_count,196,958,-0.001306861050355626,-0.016773604448155593,0.014159882347444341,True,0.18810748401589172,0.36914794653284383
esm3_frozen_bilstm_attn,validation,1,combined,all_eligible_queries,relative_backbone_orientation_cosine,196,957,0.03739610070995605,-0.00014581953256768976,0.07493802095247978,True,0.0535062501075568,0.1255311759458664
esm3_frozen_bilstm_attn,validation,1,combined,all_eligible_queries,rsa,198,1018,0.11849132196559077,0.10471892697596319,0.13226371695521835,True,6.778189452767974e-38,1.135666459256219e-36
esm3_frozen_bilstm_attn,validation,1,combined,all_eligible_queries,same_community_as_band_apex,196,958,-0.0031761260849678995,-0.02236950598186141,0.016017253811925612,True,0.0054010329732476015,0.016740374451112986
esm3_frozen_bilstm_attn,validation,1,combined,all_eligible_queries,same_community_as_band_majority,195,879,0.007651879417274042,-0.01664156585397252,0.031945324688520606,True,0.2661420292429954,0.48528567139174517
esm3_frozen_bilstm_attn,validation,1,combined,all_eligible_queries,same_ecod_domain_as_band_apex,196,952,0.002162328491354514,-0.011714957876110139,0.01603961485881917,True,0.5613807442989817,0.8378253797268835
esm3_frozen_bilstm_attn,validation,1,combined,all_eligible_queries,shared_water_count,196,958,0.0021401116814297213,-0.008661204456554713,0.012941427819414156,True,0.23520336797252533,0.44156573099281715
esm3_frozen_bilstm_attn,validation,1,combined,all_eligible_queries,shared_water_fraction_of_band_contacts,196,958,0.002087509487459848,-0.0009865683051114029,0.0051615872800310995,True,0.3153033008322579,0.5506181536657719
esm3_frozen_bilstm_attn,validation,1,combined,all_eligible_queries,shared_water_fraction_of_query_contacts,196,958,0.0013094402962437106,-0.005784791683091999,0.00840367227557942,True,0.3153033008322579,0.5506181536657719
esm3_frozen_bilstm_attn,validation,1,combined,all_eligible_queries,shares_any_ecod_domain_with_band,196,953,0.00123927281928192,-0.012040984291831956,0.014519529930395795,True,0.9075606176124984,1.0
esm3_frozen_bilstm_attn,validation,1,combined,all_eligible_queries,shortest_nonlocal_contact_path_edges,196,950,0.3462719806373417,0.22772864573499904,0.46481531553968436,True,5.1564913584681934e-11,3.535879788663904e-10
esm3_frozen_bilstm_attn,validation,1,combined,all_eligible_queries,shortest_ordinary_contact_path_edges,196,958,0.24339070937082746,0.13947512906414067,0.34730628967751426,True,1.493334839550204e-08,8.419564047749722e-08
esm3_frozen_bilstm_attn,validation,1,combined,all_eligible_queries,shortest_water_path_water_count,27,31,0.1786694075345012,-0.22292413179858492,0.5802629468675873,True,0.454498291015625,0.7298272738189421
esm3_frozen_bilstm_attn,validation,1,combined,all_eligible_queries,torsion_change_from_previous,198,1018,23.38035031544019,19.25810662533846,27.50259400554192,True,1.7868602363967824e-24,2.2506835318019047e-23
esm3_frozen_bilstm_attn,validation,1,combined,all_eligible_queries,water_path_at_most_1,196,958,0.001827005841717626,-0.008021663415426355,0.011675675098861606,True,0.23520336797252533,0.44156573099281715
esm3_frozen_bilstm_attn,validation,1,combined,all_eligible_queries,water_path_at_most_2,196,958,0.002362863873080293,-0.009447748371322593,0.01417347611748318,True,0.041638283839502584,0.10157911002603927
esm3_frozen_bilstm_attn,validation,1,combined,all_eligible_queries,water_path_at_most_3,196,958,0.001836359835092903,-0.009968853313697866,0.01364157298388367,True,0.06508646998863736,0.14800713277825858
esm3_frozen_bilstm_attn,validation,1,combined,all_eligible_queries,water_path_exists,196,958,0.0020877683134982307,-0.009745171090003417,0.013920707716999879,True,0.06508646998863736,0.14800713277825858
esm3_frozen_bilstm_attn,validation,1,combined,all_eligible_queries,water_path_without_direct_ca_contact,196,958,-0.004631783109025316,-0.01272687573538853,0.0034633095173378986,True,0.002314601521425493,0.007487672681332743
esm3_frozen_bilstm_attn,validation,1,combined,all_eligible_queries,water_path_without_direct_polar_contact,196,958,-0.00594783006666182,-0.014450088110084013,0.0025544279767603737,True,0.003854108187381312,0.012244894706241878
esm3_frozen_bilstm_attn,validation,1,combined,sequence_distal_ge21,absolute_backbone_orientation_cosine,191,939,-0.011854610181414434,-0.031256796563381,0.007547576200552127,True,0.46942078247474495,0.7455885323572709
esm3_frozen_bilstm_attn,validation,1,combined,sequence_distal_ge21,absolute_sequence_separation,193,1000,-3.849041159997248,-6.022525534985238,-1.6755567850092574,True,0.003871258022729052,0.012255533419548657
esm3_frozen_bilstm_attn,validation,1,combined,sequence_distal_ge21,band_water_contact_count,191,939,0.0,0.0,0.0,True,1.0,1.0
esm3_frozen_bilstm_attn,validation,1,combined,sequence_distal_ge21,direct_ca_contact,191,939,-0.008453081253149461,-0.018285166961464306,0.0013790044551653842,True,0.009543281732431066,0.027469802847321836
esm3_frozen_bilstm_attn,validation,1,combined,sequence_distal_ge21,direct_putative_polar_contact,191,939,-0.003369613388481833,-0.008232948526392746,0.0014937217494290795,True,0.03294666029982693,0.08382989784024732
esm3_frozen_bilstm_attn,validation,1,combined,sequence_distal_ge21,direct_putative_polar_contact_count,191,939,-0.004580361725279472,-0.011429640581341898,0.0022689171307829544,True,0.011598202043786154,0.03290480324243484
esm3_frozen_bilstm_attn,validation,1,combined,sequence_distal_ge21,disorder,193,1000,-0.03945255842628919,-0.052036895040333146,-0.026868221812245234,True,0.021014080254850215,0.055454690241625526
esm3_frozen_bilstm_attn,validation,1,combined,sequence_distal_ge21,mean_query_contact_water_degree,173,862,-0.05556695287693352,-0.0971034060211857,-0.014030499732681348,True,0.014001016159629487,0.03885281984297183
esm3_frozen_bilstm_attn,validation,1,combined,sequence_distal_ge21,minimum_ca_distance_angstrom,191,939,1.3616901234660381,0.6883872492033194,2.034992997728757,True,6.036583515951758e-06,2.741936655838957e-05
esm3_frozen_bilstm_attn,validation,1,combined,sequence_distal_ge21,minimum_heavy_atom_distance_angstrom,191,939,1.384850377674809,0.7118193804154562,2.0578813749341616,True,2.9544105719194555e-06,1.3992088468610541e-05
esm3_frozen_bilstm_attn,validation,1,combined,sequence_distal_ge21,minimum_polar_atom_distance_angstrom,191,939,1.209675724949304,0.5414126502748962,1.8779387996237118,True,4.500450151619139e-05,0.0001841658863888385
esm3_frozen_bilstm_attn,validation,1,combined,sequence_distal_ge21,neq,193,1000,0.5795980969337331,0.5258020104100604,0.6333941834574058,True,6.859944774782176e-45,1.504106409878166e-43
esm3_frozen_bilstm_attn,validation,1,combined,sequence_distal_ge21,nonlocal_contact_path_exists,191,939,-0.042587140875759225,-0.057787021657780664,-0.027387260093737785,True,5.247371793292725e-15,4.3548281798541486e-14
esm3_frozen_bilstm_attn,validation,1,combined,sequence_distal_ge21,normalized_query_position,193,1000,-0.010109374541939282,-0.03245473234877714,0.012235983264898574,True,0.6659330459055757,0.9298172099753056
esm3_frozen_bilstm_attn,validation,1,combined,sequence_distal_ge21,one_water_bridge,191,939,-0.0015983922128742652,-0.007290646964912512,0.004093862539163981,True,0.9161288770112892,1.0
esm3_frozen_bilstm_attn,validation,1,combined,sequence_distal_ge21,ordinary_contact_path_exists,191,939,0.0,0.0,0.0,True,1.0,1.0
esm3_frozen_bilstm_attn,validation,1,combined,sequence_distal_ge21,query_distance_to_band_domain_boundary_sequence,190,932,3.0305544259039725,0.6065293317813167,5.454579520026629,True,0.004537135222797176,0.014211555830137187
esm3_frozen_bilstm_attn,validation,1,combined,sequence_distal_ge21,query_distance_to_community_boundary_edges,190,931,0.3833518602640683,0.3098702403985758,0.4568334801295608,True,5.8615484011661634e-18,5.688584677853064e-17
esm3_frozen_bilstm_attn,validation,1,combined,sequence_distal_ge21,query_distance_to_ecod_boundary_sequence,190,937,3.781814228727273,1.963066936415161,5.600561521039385,True,0.0001093055776494787,0.00042665210089115206
esm3_frozen_bilstm_attn,validation,1,combined,sequence_distal_ge21,query_in_any_band,193,1000,0.4443094230475733,0.40311202055834616,0.48550682553680047,True,3.966788341455925e-43,8.097719648765198e-42
esm3_frozen_bilstm_attn,validation,1,combined,sequence_distal_ge21,query_to_band_contact_count,191,939,-0.02119592561287342,-0.041468948901896445,-0.0009229023238503942,True,0.0072366685838441925,0.021820583030402862
esm3_frozen_bilstm_attn,validation,1,combined,sequence_distal_ge21,query_to_band_contact_fraction,191,939,-0.0073292797705128065,-0.013334151412672121,-0.0013244081283534928,True,0.0072366685838441925,0.021820583030402862
esm3_frozen_bilstm_attn,validation,1,combined,sequence_distal_ge21,query_water_contact_count,191,939,0.07394880370421723,0.011356679260704328,0.13654092814773014,True,0.05697078139259503,0.13260826704226578
esm3_frozen_bilstm_attn,validation,1,combined,sequence_distal_ge21,reachable_query_water_entry_count,191,939,-0.0048402835183064446,-0.01340214630731296,0.0037215792707000718,True,0.02229766182469301,0.05858083935008104
esm3_frozen_bilstm_attn,validation,1,combined,sequence_distal_ge21,relative_backbone_orientation_cosine,191,939,0.008629349866258077,-0.035761365293783376,0.05302006502629954,True,0.46942078247474495,0.7455885323572709
esm3_frozen_bilstm_attn,validation,1,combined,sequence_distal_ge21,rsa,193,1000,0.10990508716219506,0.0946668312800697,0.12514334304432043,True,1.371434163740538e-31,2.064124639663725e-30
esm3_frozen_bilstm_attn,validation,1,combined,sequence_distal_ge21,same_community_as_band_apex,191,939,-0.021472041443099898,-0.03886476068052179,-0.004079322205678009,True,0.0003144409965485084,0.0011514375461240227
esm3_frozen_bilstm_attn,validation,1,combined,sequence_distal_ge21,same_community_as_band_majority,189,862,-0.017889489437511258,-0.04185727061451239,0.006078291739489872,True,0.005461315704369491,0.01683905675513926
esm3_frozen_bilstm_attn,validation,1,combined,sequence_distal_ge21,same_ecod_domain_as_band_apex,190,931,0.001682339962958734,-0.014456860465248201,0.01782154039116567,True,0.40957939592707177,0.6747801550709457
esm3_frozen_bilstm_attn,validation,1,combined,sequence_distal_ge21,shared_water_count,191,939,-0.0016714771152772688,-0.007379012365832873,0.004036058135278335,True,0.7520332015985953,0.9893414563252632
esm3_frozen_bilstm_attn,validation,1,combined,sequence_distal_ge21,shared_water_fraction_of_band_contacts,191,939,-0.0004727193620102527,-0.004221611126930892,0.003276172402910387,True,0.7520332015985953,0.9893414563252632
esm3_frozen_bilstm_attn,validation,1,combined,sequence_distal_ge21,shared_water_fraction_of_query_contacts,191,939,0.00027351344889492164,-0.0038544848898344544,0.004401511787624298,True,0.4607924727189733,0.7355751700851839
esm3_frozen_bilstm_attn,validation,1,combined,sequence_distal_ge21,shares_any_ecod_domain_with_band,190,932,0.0008741109046142345,-0.015067360967740324,0.016815582776968794,True,0.7239481457469141,0.9755041372890656
esm3_frozen_bilstm_attn,validation,1,combined,sequence_distal_ge21,shortest_nonlocal_contact_path_edges,190,924,0.4349026858859048,0.28467261234214136,0.5851327594296682,True,4.0672472733377737e-10,2.617185201973872e-09
esm3_frozen_bilstm_attn,validation,1,combined,sequence_distal_ge21,shortest_ordinary_contact_path_edges,191,939,0.31639853765076165,0.18505776292951573,0.4477393123720076,True,2.0845517099019963e-08,1.1605529268921458e-07
esm3_frozen_bilstm_attn,validation,1,combined,sequence_distal_ge21,torsion_change_from_previous,193,1000,22.54498137529314,18.42733660202579,26.66262614856049,True,6.794957784195135e-22,7.887480408320628e-21
esm3_frozen_bilstm_attn,validation,1,combined,sequence_distal_ge21,water_path_at_most_1,191,939,-0.0015983922128742652,-0.007290646964912512,0.004093862539163981,True,0.9161288770112892,1.0
esm3_frozen_bilstm_attn,validation,1,combined,sequence_distal_ge21,water_path_at_most_2,191,939,-0.0037268909212560307,-0.012018304933265722,0.00456452309075366,True,0.15906965188123823,0.31778144177849166
esm3_frozen_bilstm_attn,validation,1,combined,sequence_distal_ge21,water_path_at_most_3,191,939,-0.0034315561171712372,-0.011781113799346259,0.004918001565003785,True,0.05940053690343337,0.13754283382072707
esm3_frozen_bilstm_attn,validation,1,combined,sequence_distal_ge21,water_path_exists,191,939,-0.0035349481467151942,-0.01190716964454459,0.004837273351114202,True,0.05940053690343337,0.13754283382072707
esm3_frozen_bilstm_attn,validation,1,combined,sequence_distal_ge21,water_path_without_direct_ca_contact,191,939,-0.0023899784180635418,-0.009541748766097804,0.0047617919299707216,True,0.022033458764822118,0.05797247817233197
esm3_frozen_bilstm_attn,validation,1,combined,sequence_distal_ge21,water_path_without_direct_polar_contact,191,939,-0.0013440948379792024,-0.00902596839254409,0.0063377787165856845,True,0.1253456971884924,0.26220725348264134
esm3_frozen_bilstm_attn,validation,1,combined,sequence_distal_ge21_no_direct_ca,absolute_backbone_orientation_cosine,191,937,-0.014353128603195608,-0.0341773859426166,0.005471128736225388,True,0.1476620972185266,0.30005478794062157
esm3_frozen_bilstm_attn,validation,1,combined,sequence_distal_ge21_no_direct_ca,absolute_sequence_separation,191,937,-3.710473603545585,-6.175470249793224,-1.2454769572979458,True,0.002837056046486548,0.009111413270452276
esm3_frozen_bilstm_attn,validation,1,combined,sequence_distal_ge21_no_direct_ca,band_water_contact_count,191,937,0.0,0.0,0.0,True,1.0,1.0
esm3_frozen_bilstm_attn,validation,1,combined,sequence_distal_ge21_no_direct_ca,direct_ca_contact,191,937,0.0,0.0,0.0,True,1.0,1.0
esm3_frozen_bilstm_attn,validation,1,combined,sequence_distal_ge21_no_direct_ca,direct_putative_polar_contact,191,937,-0.0014880285569624303,-0.003459881981895814,0.00048382486797095324,True,0.0001980394513374506,0.0007451653931680345
esm3_frozen_bilstm_attn,validation,1,combined,sequence_distal_ge21_no_direct_ca,direct_putative_polar_contact_count,191,937,-0.0015098812179921708,-0.0034816773923934128,0.0004619149564090714,True,0.0001275387838557407,0.0004913424731622461
esm3_frozen_bilstm_attn,validation,1,combined,sequence_distal_ge21_no_direct_ca,disorder,191,937,-0.022921974360937188,-0.03484514026322693,-0.010998808458647447,True,0.6642959893958239,0.9298172099753056
esm3_frozen_bilstm_attn,validation,1,combined,sequence_distal_ge21_no_direct_ca,mean_query_contact_water_degree,171,855,-0.06101794038641274,-0.10303233600819361,-0.019003544764631862,True,0.006822620067898693,0.020783830601351767
esm3_frozen_bilstm_attn,validation,1,combined,sequence_distal_ge21_no_direct_ca,minimum_ca_distance_angstrom,191,937,1.2723663248017627,0.6238693417677303,1.920863307835795,True,2.35553958859482e-05,9.960567403200953e-05
esm3_frozen_bilstm_attn,validation,1,combined,sequence_distal_ge21_no_direct_ca,minimum_heavy_atom_distance_angstrom,191,937,1.3056417849965596,0.6546432440368554,1.956640325956264,True,0.00015384088404918686,0.0005875729248846363
esm3_frozen_bilstm_attn,validation,1,combined,sequence_distal_ge21_no_direct_ca,minimum_polar_atom_distance_angstrom,191,937,1.1377312873573044,0.4924224632196783,1.7830401114949306,True,0.00027535864865410907,0.001016708856569018
esm3_frozen_bilstm_attn,validation,1,combined,sequence_distal_ge21_no_direct_ca,neq,191,937,0.5790560644662903,0.515414446638884,0.6426976822936966,True,1.5637040035956178e-40,2.954402457857253e-39
esm3_frozen_bilstm_attn,validation,1,combined,sequence_distal_ge21_no_direct_ca,nonlocal_contact_path_exists,191,937,-0.04106297809572979,-0.056819252609059276,-0.025306703582400312,True,2.403640054084458e-14,1.9403930618427262e-13
esm3_frozen_bilstm_attn,validation,1,combined,sequence_distal_ge21_no_direct_ca,normalized_query_position,191,937,-0.027410105111644708,-0.050918590815929796,-0.003901619407359617,True,0.5139096358872464,0.7841095475393037
esm3_frozen_bilstm_attn,validation,1,combined,sequence_distal_ge21_no_direct_ca,one_water_bridge,191,937,-0.0006797370254146374,-0.004347459645580655,0.00298798559475138,True,0.3916029105474905,0.6530392198425757
esm3_frozen_bilstm_attn,validation,1,combined,sequence_distal_ge21_no_direct_ca,ordinary_contact_path_exists,191,937,0.0,0.0,0.0,True,1.0,1.0
esm3_frozen_bilstm_attn,validation,1,combined,sequence_distal_ge21_no_direct_ca,query_distance_to_band_domain_boundary_sequence,190,930,2.972145950054529,0.5216632547320113,5.422628645377047,True,0.004537135222797176,0.014211555830137187
esm3_frozen_bilstm_attn,validation,1,combined,sequence_distal_ge21_no_direct_ca,query_distance_to_community_boundary_edges,190,927,0.38700065791954313,0.31323453920113575,0.4607667766379505,True,2.5282331751731362e-20,2.688707855752988e-19
esm3_frozen_bilstm_attn,validation,1,combined,sequence_distal_ge21_no_direct_ca,query_distance_to_ecod_boundary_sequence,190,935,3.8054045400061725,1.950991862337275,5.659817217675069,True,0.0001093055776494787,0.00042665210089115206
esm3_frozen_bilstm_attn,validation,1,combined,sequence_distal_ge21_no_direct_ca,query_in_any_band,191,937,0.4226255500503339,0.3796137690485831,0.4656373310520847,True,7.999370551377486e-39,1.4066219900243974e-37
esm3_frozen_bilstm_attn,validation,1,combined,sequence_distal_ge21_no_direct_ca,query_to_band_contact_count,191,937,0.0,0.0,0.0,True,1.0,1.0
esm3_frozen_bilstm_attn,validation,1,combined,sequence_distal_ge21_no_direct_ca,query_to_band_contact_fraction,191,937,0.0,0.0,0.0,True,1.0,1.0
esm3_frozen_bilstm_attn,validation,1,combined,sequence_distal_ge21_no_direct_ca,query_water_contact_count,191,937,0.08606068882853272,0.022152272783814708,0.14996910487325074,True,0.07897134041071459,0.17531637571178638
esm3_frozen_bilstm_attn,validation,1,combined,sequence_distal_ge21_no_direct_ca,reachable_query_water_entry_count,191,937,-0.0030368714570973834,-0.01022021345294458,0.004146470538749812,True,0.08464609267083598,0.1860537878507484
esm3_frozen_bilstm_attn,validation,1,combined,sequence_distal_ge21_no_direct_ca,relative_backbone_orientation_cosine,191,937,0.012875775506295374,-0.031826162907807126,0.05757771392039787,True,0.6642959893958239,0.9298172099753056
esm3_frozen_bilstm_attn,validation,1,combined,sequence_distal_ge21_no_direct_ca,rsa,191,937,0.12167339584302894,0.10587514904236912,0.13747164264368875,True,5.70580878026324e-34,8.967713622785411e-33
esm3_frozen_bilstm_attn,validation,1,combined,sequence_distal_ge21_no_direct_ca,same_community_as_band_apex,191,937,-0.016529068723695806,-0.03356793600548397,0.0005097985580923524,True,0.000736247378403232,0.002599553367880994
esm3_frozen_bilstm_attn,validation,1,combined,sequence_distal_ge21_no_direct_ca,same_community_as_band_majority,189,860,-0.01328784018770991,-0.036413594870308395,0.009837914494888576,True,0.0008548765507311543,0.0029906926192636565
esm3_frozen_bilstm_attn,validation,1,combined,sequence_distal_ge21_no_direct_ca,same_ecod_domain_as_band_apex,190,929,0.0028780593807128264,-0.013576382045533292,0.019332500806958947,True,0.2887842804141049,0.5152426227338218
esm3_frozen_bilstm_attn,validation,1,combined,sequence_distal_ge21_no_direct_ca,shared_water_count,191,937,-0.0006571544565927791,-0.004337500605630004,0.0030231916924444453,True,0.3916029105474905,0.6530392198425757
esm3_frozen_bilstm_attn,validation,1,combined,sequence_distal_ge21_no_direct_ca,shared_water_fraction_of_band_contacts,191,937,3.0467699545664188e-05,-0.0008360183077554754,0.0008969537068468038,True,0.2528697301676033,0.4653851199768533
esm3_frozen_bilstm_attn,validation,1,combined,sequence_distal_ge21_no_direct_ca,shared_water_fraction_of_query_contacts,191,937,0.00010349013514868413,-0.0020095082527694782,0.0022164885230668467,True,0.2528697301676033,0.4653851199768533
esm3_frozen_bilstm_attn,validation,1,combined,sequence_distal_ge21_no_direct_ca,shares_any_ecod_domain_with_band,190,930,0.0020172079578440394,-0.01423823053843781,0.01827264645412589,True,0.7239481457469141,0.9755041372890656
esm3_frozen_bilstm_attn,validation,1,combined,sequence_distal_ge21_no_direct_ca,shortest_nonlocal_contact_path_edges,190,920,0.41423454529256765,0.2714550074792215,0.5570140831059138,True,9.740659662828559e-08,5.097596351861195e-07
esm3_frozen_bilstm_attn,validation,1,combined,sequence_distal_ge21_no_direct_ca,shortest_ordinary_contact_path_edges,191,937,0.29340992403425853,0.16693205966774377,0.4198877884007733,True,5.367830973617492e-06,2.4633766948694226e-05
esm3_frozen_bilstm_attn,validation,1,combined,sequence_distal_ge21_no_direct_ca,torsion_change_from_previous,191,937,23.143682107689052,18.86716349818421,27.420200717193897,True,3.627727204587861e-18,3.59935391918885e-17
esm3_frozen_bilstm_attn,validation,1,combined,sequence_distal_ge21_no_direct_ca,water_path_at_most_1,191,937,-0.0006797370254146374,-0.004347459645580655,0.00298798559475138,True,0.3916029105474905,0.6530392198425757
esm3_frozen_bilstm_attn,validation,1,combined,sequence_distal_ge21_no_direct_ca,water_path_at_most_2,191,937,-0.0027030957977235734,-0.009741931769771329,0.004335740174324181,True,0.011526409654363478,0.032753445673839254
esm3_frozen_bilstm_attn,validation,1,combined,sequence_distal_ge21_no_direct_ca,water_path_at_most_3,191,937,-0.0023167252597847583,-0.009421277193083402,0.004787826673513886,True,0.007905180027859783,0.023314483692830158
esm3_frozen_bilstm_attn,validation,1,combined,sequence_distal_ge21_no_direct_ca,water_path_exists,191,937,-0.0023675765109985062,-0.00951624695739881,0.004781093935401798,True,0.050452410247217666,0.11962882399133833
esm3_frozen_bilstm_attn,validation,1,combined,sequence_distal_ge21_no_direct_ca,water_path_without_direct_ca_contact,191,937,-0.0023675765109985062,-0.00951624695739881,0.004781093935401798,True,0.050452410247217666,0.11962882399133833
esm3_frozen_bilstm_attn,validation,1,combined,sequence_distal_ge21_no_direct_ca,water_path_without_direct_polar_contact,191,937,-0.0029663410817985063,-0.01005456640861195,0.004121884245014939,True,0.009542211425865477,0.027469802847321836
esm3_frozen_bilstm_attn,validation,1,consultation_dominated,all_eligible_queries,absolute_backbone_orientation_cosine,8,8,-0.04793495852500197,,,False,,
esm3_frozen_bilstm_attn,validation,1,consultation_dominated,all_eligible_queries,absolute_sequence_separation,9,9,-14.476374091385484,,,False,,
esm3_frozen_bilstm_attn,validation,1,consultation_dominated,all_eligible_queries,band_water_contact_count,8,8,0.0,,,False,,
esm3_frozen_bilstm_attn,validation,1,consultation_dominated,all_eligible_queries,direct_ca_contact,8,8,0.09699074056309959,,,False,,
esm3_frozen_bilstm_attn,validation,1,consultation_dominated,all_eligible_queries,direct_putative_polar_contact,8,8,0.1,,,False,,
esm3_frozen_bilstm_attn,validation,1,consultation_dominated,all_eligible_queries,direct_putative_polar_contact_count,8,8,0.125,,,False,,
esm3_frozen_bilstm_attn,validation,1,consultation_dominated,all_eligible_queries,disorder,9,9,-0.04019214589765902,,,False,,
esm3_frozen_bilstm_attn,validation,1,consultation_dominated,all_eligible_queries,mean_query_contact_water_degree,6,6,-0.037808010478814436,,,False,,
esm3_frozen_bilstm_attn,validation,1,consultation_dominated,all_eligible_queries,minimum_ca_distance_angstrom,8,8,-1.3425438523292543,,,False,,
esm3_frozen_bilstm_attn,validation,1,consultation_dominated,all_eligible_queries,minimum_heavy_atom_distance_angstrom,8,8,-1.5802796483039856,,,False,,
esm3_frozen_bilstm_attn,validation,1,consultation_dominated,all_eligible_queries,minimum_polar_atom_distance_angstrom,8,8,-1.8643172979354858,,,False,,
esm3_frozen_bilstm_attn,validation,1,consultation_dominated,all_eligible_queries,neq,9,9,0.6842828399418265,,,False,,
esm3_frozen_bilstm_attn,validation,1,consultation_dominated,all_eligible_queries,nonlocal_contact_path_exists,8,8,-0.010383597761392587,,,False,,
esm3_frozen_bilstm_attn,validation,1,consultation_dominated,all_eligible_queries,normalized_query_position,9,9,-0.02355742144736612,,,False,,
esm3_frozen_bilstm_attn,validation,1,consultation_dominated,all_eligible_queries,one_water_bridge,8,8,0.0125,,,False,,
esm3_frozen_bilstm_attn,validation,1,consultation_dominated,all_eligible_queries,ordinary_contact_path_exists,8,8,0.0,,,False,,
esm3_frozen_bilstm_attn,validation,1,consultation_dominated,all_eligible_queries,query_distance_to_band_domain_boundary_sequence,8,8,-4.771800144513449,,,False,,
esm3_frozen_bilstm_attn,validation,1,consultation_dominated,all_eligible_queries,query_distance_to_community_boundary_edges,8,8,-0.04334502269824346,,,False,,
esm3_frozen_bilstm_attn,validation,1,consultation_dominated,all_eligible_queries,query_distance_to_ecod_boundary_sequence,8,8,-1.6761520226796467,,,False,,
esm3_frozen_bilstm_attn,validation,1,consultation_dominated,all_eligible_queries,query_in_any_band,9,9,0.4696789962266998,,,False,,
esm3_frozen_bilstm_attn,validation,1,consultation_dominated,all_eligible_queries,query_to_band_contact_count,8,8,0.11365740698141356,,,False,,
esm3_frozen_bilstm_attn,validation,1,consultation_dominated,all_eligible_queries,query_to_band_contact_fraction,8,8,0.04139467602168831,,,False,,
esm3_frozen_bilstm_attn,validation,1,consultation_dominated,all_eligible_queries,query_water_contact_count,8,8,0.09169466849416494,,,False,,
esm3_frozen_bilstm_attn,validation,1,consultation_dominated,all_eligible_queries,reachable_query_water_entry_count,8,8,0.04869791666666668,,,False,,
esm3_frozen_bilstm_attn,validation,1,consultation_dominated,all_eligible_queries,relative_backbone_orientation_cosine,8,8,0.3795967961661517,,,False,,
esm3_frozen_bilstm_attn,validation,1,consultation_dominated,all_eligible_queries,rsa,9,9,0.13571382288987655,,,False,,
esm3_frozen_bilstm_attn,validation,1,consultation_dominated,all_eligible_queries,same_community_as_band_apex,8,8,-0.050811973121017213,,,False,,
esm3_frozen_bilstm_attn,validation,1,consultation_dominated,all_eligible_queries,same_community_as_band_majority,8,8,-0.010784374705205362,,,False,,
esm3_frozen_bilstm_attn,validation,1,consultation_dominated,all_eligible_queries,same_ecod_domain_as_band_apex,8,8,0.13448219870527583,,,False,,
esm3_frozen_bilstm_attn,validation,1,consultation_dominated,all_eligible_queries,shared_water_count,8,8,0.0125,,,False,,
esm3_frozen_bilstm_attn,validation,1,consultation_dominated,all_eligible_queries,shared_water_fraction_of_band_contacts,8,8,0.0015625,,,False,,
esm3_frozen_bilstm_attn,validation,1,consultation_dominated,all_eligible_queries,shared_water_fraction_of_query_contacts,8,8,0.003125,,,False,,
esm3_frozen_bilstm_attn,validation,1,consultation_dominated,all_eligible_queries,shares_any_ecod_domain_with_band,8,8,0.13448219870527583,,,False,,
esm3_frozen_bilstm_attn,validation,1,consultation_dominated,all_eligible_queries,shortest_nonlocal_contact_path_edges,8,8,-0.4764208734035492,,,False,,
esm3_frozen_bilstm_attn,validation,1,consultation_dominated,all_eligible_queries,shortest_ordinary_contact_path_edges,8,8,-0.24960618615150454,,,False,,
esm3_frozen_bilstm_attn,validation,1,consultation_dominated,all_eligible_queries,torsion_change_from_previous,9,9,26.81756817306454,,,False,,
esm3_frozen_bilstm_attn,validation,1,consultation_dominated,all_eligible_queries,water_path_at_most_1,8,8,0.0125,,,False,,
esm3_frozen_bilstm_attn,validation,1,consultation_dominated,all_eligible_queries,water_path_at_most_2,8,8,0.023697916666666676,,,False,,
esm3_frozen_bilstm_attn,validation,1,consultation_dominated,all_eligible_queries,water_path_at_most_3,8,8,0.023697916666666676,,,False,,
esm3_frozen_bilstm_attn,validation,1,consultation_dominated,all_eligible_queries,water_path_exists,8,8,0.023697916666666676,,,False,,
esm3_frozen_bilstm_attn,validation,1,consultation_dominated,all_eligible_queries,water_path_without_direct_ca_contact,8,8,0.011197916666666675,,,False,,
esm3_frozen_bilstm_attn,validation,1,consultation_dominated,all_eligible_queries,water_path_without_direct_polar_contact,8,8,0.011197916666666675,,,False,,
esm3_frozen_bilstm_attn,validation,1,consultation_dominated,sequence_distal_ge21,absolute_backbone_orientation_cosine,8,8,-0.0032346202060579976,,,False,,
esm3_frozen_bilstm_attn,validation,1,consultation_dominated,sequence_distal_ge21,absolute_sequence_separation,9,9,-15.250748241253405,,,False,,
esm3_frozen_bilstm_attn,validation,1,consultation_dominated,sequence_distal_ge21,band_water_contact_count,8,8,0.0,,,False,,
esm3_frozen_bilstm_attn,validation,1,consultation_dominated,sequence_distal_ge21,direct_ca_contact,8,8,0.026157407478118927,,,False,,
esm3_frozen_bilstm_attn,validation,1,consultation_dominated,sequence_distal_ge21,direct_putative_polar_contact,8,8,0.020833333333333325,,,False,,
esm3_frozen_bilstm_attn,validation,1,consultation_dominated,sequence_distal_ge21,direct_putative_polar_contact_count,8,8,0.020833333333333325,,,False,,
esm3_frozen_bilstm_attn,validation,1,consultation_dominated,sequence_distal_ge21,disorder,9,9,-0.0500784673717879,,,False,,
esm3_frozen_bilstm_attn,validation,1,consultation_dominated,sequence_distal_ge21,mean_query_contact_water_degree,6,6,0.09089569631550047,,,False,,
esm3_frozen_bilstm_attn,validation,1,consultation_dominated,sequence_distal_ge21,minimum_ca_distance_angstrom,8,8,-1.3091766635576887,,,False,,
esm3_frozen_bilstm_attn,validation,1,consultation_dominated,sequence_distal_ge21,minimum_heavy_atom_distance_angstrom,8,8,-1.580116907755534,,,False,,
esm3_frozen_bilstm_attn,validation,1,consultation_dominated,sequence_distal_ge21,minimum_polar_atom_distance_angstrom,8,8,-1.8476970593134563,,,False,,
esm3_frozen_bilstm_attn,validation,1,consultation_dominated,sequence_distal_ge21,neq,9,9,0.7440366722281586,,,False,,
esm3_frozen_bilstm_attn,validation,1,consultation_dominated,sequence_distal_ge21,nonlocal_contact_path_exists,8,8,-0.009193121145168938,,,False,,
esm3_frozen_bilstm_attn,validation,1,consultation_dominated,sequence_distal_ge21,normalized_query_position,9,9,-0.054654877376350885,,,False,,
esm3_frozen_bilstm_attn,validation,1,consultation_dominated,sequence_distal_ge21,one_water_bridge,8,8,0.020833333333333325,,,False,,
esm3_frozen_bilstm_attn,validation,1,consultation_dominated,sequence_distal_ge21,ordinary_contact_path_exists,8,8,0.0,,,False,,
esm3_frozen_bilstm_attn,validation,1,consultation_dominated,sequence_distal_ge21,query_distance_to_band_domain_boundary_sequence,8,8,-4.590375145276388,,,False,,
esm3_frozen_bilstm_attn,validation,1,consultation_dominated,sequence_distal_ge21,query_distance_to_community_boundary_edges,8,8,-0.02796598834296067,,,False,,
esm3_frozen_bilstm_attn,validation,1,consultation_dominated,sequence_distal_ge21,query_distance_to_ecod_boundary_sequence,8,8,-1.3358138799667367,,,False,,
esm3_frozen_bilstm_attn,validation,1,consultation_dominated,sequence_distal_ge21,query_in_any_band,9,9,0.5470730965857598,,,False,,
esm3_frozen_bilstm_attn,validation,1,consultation_dominated,sequence_distal_ge21,query_to_band_contact_count,8,8,0.026157407478118927,,,False,,
esm3_frozen_bilstm_attn,validation,1,consultation_dominated,sequence_distal_ge21,query_to_band_contact_fraction,8,8,0.0032696759347648624,,,False,,
esm3_frozen_bilstm_attn,validation,1,consultation_dominated,sequence_distal_ge21,query_water_contact_count,8,8,0.1110164737328887,,,False,,
esm3_frozen_bilstm_attn,validation,1,consultation_dominated,sequence_distal_ge21,reachable_query_water_entry_count,8,8,0.08203125,,,False,,
esm3_frozen_bilstm_attn,validation,1,consultation_dominated,sequence_distal_ge21,relative_backbone_orientation_cosine,8,8,0.3685279496324559,,,False,,
esm3_frozen_bilstm_attn,validation,1,consultation_dominated,sequence_distal_ge21,rsa,9,9,0.11594326209701156,,,False,,
esm3_frozen_bilstm_attn,validation,1,consultation_dominated,sequence_distal_ge21,same_community_as_band_apex,8,8,-0.06063340123121938,,,False,,
esm3_frozen_bilstm_attn,validation,1,consultation_dominated,sequence_distal_ge21,same_community_as_band_majority,8,8,-0.010784374705205362,,,False,,
esm3_frozen_bilstm_attn,validation,1,consultation_dominated,sequence_distal_ge21,same_ecod_domain_as_band_apex,8,8,0.14902037506302196,,,False,,
esm3_frozen_bilstm_attn,validation,1,consultation_dominated,sequence_distal_ge21,shared_water_count,8,8,0.020833333333333325,,,False,,
esm3_frozen_bilstm_attn,validation,1,consultation_dominated,sequence_distal_ge21,shared_water_fraction_of_band_contacts,8,8,0.0026041666666666626,,,False,,
esm3_frozen_bilstm_attn,validation,1,consultation_dominated,sequence_distal_ge21,shared_water_fraction_of_query_contacts,8,8,0.005208333333333325,,,False,,
esm3_frozen_bilstm_attn,validation,1,consultation_dominated,sequence_distal_ge21,shares_any_ecod_domain_with_band,8,8,0.14902037506302196,,,False,,
esm3_frozen_bilstm_attn,validation,1,consultation_dominated,sequence_distal_ge21,shortest_nonlocal_contact_path_edges,8,8,-0.4964679380257925,,,False,,
esm3_frozen_bilstm_attn,validation,1,consultation_dominated,sequence_distal_ge21,shortest_ordinary_contact_path_edges,8,8,-0.2209646304448446,,,False,,
esm3_frozen_bilstm_attn,validation,1,consultation_dominated,sequence_distal_ge21,torsion_change_from_previous,9,9,40.910385451512504,,,False,,
esm3_frozen_bilstm_attn,validation,1,consultation_dominated,sequence_distal_ge21,water_path_at_most_1,8,8,0.020833333333333325,,,False,,
esm3_frozen_bilstm_attn,validation,1,consultation_dominated,sequence_distal_ge21,water_path_at_most_2,8,8,0.04036458333333334,,,False,,
esm3_frozen_bilstm_attn,validation,1,consultation_dominated,sequence_distal_ge21,water_path_at_most_3,8,8,0.04036458333333334,,,False,,
esm3_frozen_bilstm_attn,validation,1,consultation_dominated,sequence_distal_ge21,water_path_exists,8,8,0.04036458333333334,,,False,,
esm3_frozen_bilstm_attn,validation,1,consultation_dominated,sequence_distal_ge21,water_path_without_direct_ca_contact,8,8,0.01953125,,,False,,
esm3_frozen_bilstm_attn,validation,1,consultation_dominated,sequence_distal_ge21,water_path_without_direct_polar_contact,8,8,0.01953125,,,False,,
esm3_frozen_bilstm_attn,validation,1,consultation_dominated,sequence_distal_ge21_no_direct_ca,absolute_backbone_orientation_cosine,8,8,-0.0022778719042738163,,,False,,
esm3_frozen_bilstm_attn,validation,1,consultation_dominated,sequence_distal_ge21_no_direct_ca,absolute_sequence_separation,8,8,-14.097046576183143,,,False,,
esm3_frozen_bilstm_attn,validation,1,consultation_dominated,sequence_distal_ge21_no_direct_ca,band_water_contact_count,8,8,0.0,,,False,,
esm3_frozen_bilstm_attn,validation,1,consultation_dominated,sequence_distal_ge21_no_direct_ca,direct_ca_contact,8,8,0.0,,,False,,
esm3_frozen_bilstm_attn,validation,1,consultation_dominated,sequence_distal_ge21_no_direct_ca,direct_putative_polar_contact,8,8,0.0,,,False,,
esm3_frozen_bilstm_attn,validation,1,consultation_dominated,sequence_distal_ge21_no_direct_ca,direct_putative_polar_contact_count,8,8,0.0,,,False,,
esm3_frozen_bilstm_attn,validation,1,consultation_dominated,sequence_distal_ge21_no_direct_ca,disorder,8,8,-0.04139670382893865,,,False,,
esm3_frozen_bilstm_attn,validation,1,consultation_dominated,sequence_distal_ge21_no_direct_ca,mean_query_contact_water_degree,6,6,0.07006236298216713,,,False,,
esm3_frozen_bilstm_attn,validation,1,consultation_dominated,sequence_distal_ge21_no_direct_ca,minimum_ca_distance_angstrom,8,8,-1.164251426855723,,,False,,
esm3_frozen_bilstm_attn,validation,1,consultation_dominated,sequence_distal_ge21_no_direct_ca,minimum_heavy_atom_distance_angstrom,8,8,-1.439014514287313,,,False,,
esm3_frozen_bilstm_attn,validation,1,consultation_dominated,sequence_distal_ge21_no_direct_ca,minimum_polar_atom_distance_angstrom,8,8,-1.706855376561483,,,False,,
esm3_frozen_bilstm_attn,validation,1,consultation_dominated,sequence_distal_ge21_no_direct_ca,neq,8,8,0.7550826190948781,,,False,,
esm3_frozen_bilstm_attn,validation,1,consultation_dominated,sequence_distal_ge21_no_direct_ca,nonlocal_contact_path_exists,8,8,-0.009782036145528163,,,False,,
esm3_frozen_bilstm_attn,validation,1,consultation_dominated,sequence_distal_ge21_no_direct_ca,normalized_query_position,8,8,-0.055555758049491276,,,False,,
esm3_frozen_bilstm_attn,validation,1,consultation_dominated,sequence_distal_ge21_no_direct_ca,one_water_bridge,8,8,0.0,,,False,,
esm3_frozen_bilstm_attn,validation,1,consultation_dominated,sequence_distal_ge21_no_direct_ca,ordinary_contact_path_exists,8,8,0.0,,,False,,
esm3_frozen_bilstm_attn,validation,1,consultation_dominated,sequence_distal_ge21_no_direct_ca,query_distance_to_band_domain_boundary_sequence,8,8,-5.311739484469096,,,False,,
esm3_frozen_bilstm_attn,validation,1,consultation_dominated,sequence_distal_ge21_no_direct_ca,query_distance_to_community_boundary_edges,8,8,-0.02664323709905149,,,False,,
esm3_frozen_bilstm_attn,validation,1,consultation_dominated,sequence_distal_ge21_no_direct_ca,query_distance_to_ecod_boundary_sequence,8,8,-1.11044959227244,,,False,,
esm3_frozen_bilstm_attn,validation,1,consultation_dominated,sequence_distal_ge21_no_direct_ca,query_in_any_band,8,8,0.5166511690423574,,,False,,
esm3_frozen_bilstm_attn,validation,1,consultation_dominated,sequence_distal_ge21_no_direct_ca,query_to_band_contact_count,8,8,0.0,,,False,,
esm3_frozen_bilstm_attn,validation,1,consultation_dominated,sequence_distal_ge21_no_direct_ca,query_to_band_contact_fraction,8,8,0.0,,,False,,
esm3_frozen_bilstm_attn,validation,1,consultation_dominated,sequence_distal_ge21_no_direct_ca,query_water_contact_count,8,8,0.06797113176435232,,,False,,
esm3_frozen_bilstm_attn,validation,1,consultation_dominated,sequence_distal_ge21_no_direct_ca,reachable_query_water_entry_count,8,8,0.04036458333333334,,,False,,
esm3_frozen_bilstm_attn,validation,1,consultation_dominated,sequence_distal_ge21_no_direct_ca,relative_backbone_orientation_cosine,8,8,0.36862154972429073,,,False,,
esm3_frozen_bilstm_attn,validation,1,consultation_dominated,sequence_distal_ge21_no_direct_ca,rsa,8,8,0.10441622596386901,,,False,,
esm3_frozen_bilstm_attn,validation,1,consultation_dominated,sequence_distal_ge21_no_direct_ca,same_community_as_band_apex,8,8,-0.0605653184466064,,,False,,
esm3_frozen_bilstm_attn,validation,1,consultation_dominated,sequence_distal_ge21_no_direct_ca,same_community_as_band_majority,8,8,-0.015972283358375226,,,False,,
esm3_frozen_bilstm_attn,validation,1,consultation_dominated,sequence_distal_ge21_no_direct_ca,same_ecod_domain_as_band_apex,8,8,0.14929270620147383,,,False,,
esm3_frozen_bilstm_attn,validation,1,consultation_dominated,sequence_distal_ge21_no_direct_ca,shared_water_count,8,8,0.0,,,False,,
esm3_frozen_bilstm_attn,validation,1,consultation_dominated,sequence_distal_ge21_no_direct_ca,shared_water_fraction_of_band_contacts,8,8,0.0,,,False,,
esm3_frozen_bilstm_attn,validation,1,consultation_dominated,sequence_distal_ge21_no_direct_ca,shared_water_fraction_of_query_contacts,8,8,0.0,,,False,,
esm3_frozen_bilstm_attn,validation,1,consultation_dominated,sequence_distal_ge21_no_direct_ca,shares_any_ecod_domain_with_band,8,8,0.14929270620147383,,,False,,
esm3_frozen_bilstm_attn,validation,1,consultation_dominated,sequence_distal_ge21_no_direct_ca,shortest_nonlocal_contact_path_edges,8,8,-0.4508427480856577,,,False,,
esm3_frozen_bilstm_attn,validation,1,consultation_dominated,sequence_distal_ge21_no_direct_ca,shortest_ordinary_contact_path_edges,8,8,-0.17802141110102332,,,False,,
esm3_frozen_bilstm_attn,validation,1,consultation_dominated,sequence_distal_ge21_no_direct_ca,torsion_change_from_previous,8,8,45.39389367115016,,,False,,
esm3_frozen_bilstm_attn,validation,1,consultation_dominated,sequence_distal_ge21_no_direct_ca,water_path_at_most_1,8,8,0.0,,,False,,
esm3_frozen_bilstm_attn,validation,1,consultation_dominated,sequence_distal_ge21_no_direct_ca,water_path_at_most_2,8,8,0.04036458333333334,,,False,,
esm3_frozen_bilstm_attn,validation,1,consultation_dominated,sequence_distal_ge21_no_direct_ca,water_path_at_most_3,8,8,0.04036458333333334,,,False,,
esm3_frozen_bilstm_attn,validation,1,consultation_dominated,sequence_distal_ge21_no_direct_ca,water_path_exists,8,8,0.04036458333333334,,,False,,
esm3_frozen_bilstm_attn,validation,1,consultation_dominated,sequence_distal_ge21_no_direct_ca,water_path_without_direct_ca_contact,8,8,0.04036458333333334,,,False,,
esm3_frozen_bilstm_attn,validation,1,consultation_dominated,sequence_distal_ge21_no_direct_ca,water_path_without_direct_polar_contact,8,8,0.04036458333333334,,,False,,
esm3_frozen_bilstm_attn,validation,1,unclassified,all_eligible_queries,absolute_backbone_orientation_cosine,6,8,-0.07981157261464333,,,False,,
esm3_frozen_bilstm_attn,validation,1,unclassified,all_eligible_queries,absolute_sequence_separation,6,8,-9.663065044858525,,,False,,
esm3_frozen_bilstm_attn,validation,1,unclassified,all_eligible_queries,band_water_contact_count,6,8,0.0,,,False,,
esm3_frozen_bilstm_attn,validation,1,unclassified,all_eligible_queries,direct_ca_contact,6,8,-0.12698412790066663,,,False,,
esm3_frozen_bilstm_attn,validation,1,unclassified,all_eligible_queries,direct_putative_polar_contact,6,8,0.019841269486480285,,,False,,
esm3_frozen_bilstm_attn,validation,1,unclassified,all_eligible_queries,direct_putative_polar_contact_count,6,8,0.047619047264258065,,,False,,
esm3_frozen_bilstm_attn,validation,1,unclassified,all_eligible_queries,disorder,6,8,0.006552922742396633,,,False,,
esm3_frozen_bilstm_attn,validation,1,unclassified,all_eligible_queries,minimum_ca_distance_angstrom,6,8,3.274059865209791,,,False,,
esm3_frozen_bilstm_attn,validation,1,unclassified,all_eligible_queries,minimum_heavy_atom_distance_angstrom,6,8,4.004508362876044,,,False,,
esm3_frozen_bilstm_attn,validation,1,unclassified,all_eligible_queries,minimum_polar_atom_distance_angstrom,6,8,2.977634694841173,,,False,,
esm3_frozen_bilstm_attn,validation,1,unclassified,all_eligible_queries,neq,6,8,0.1807908315600797,,,False,,
esm3_frozen_bilstm_attn,validation,1,unclassified,all_eligible_queries,nonlocal_contact_path_exists,6,8,0.0,,,False,,
esm3_frozen_bilstm_attn,validation,1,unclassified,all_eligible_queries,normalized_query_position,6,8,-0.03731837810812733,,,False,,
esm3_frozen_bilstm_attn,validation,1,unclassified,all_eligible_queries,one_water_bridge,6,8,0.0,,,False,,
esm3_frozen_bilstm_attn,validation,1,unclassified,all_eligible_queries,ordinary_contact_path_exists,6,8,0.0,,,False,,
esm3_frozen_bilstm_attn,validation,1,unclassified,all_eligible_queries,query_distance_to_band_domain_boundary_sequence,6,8,3.3634223673078747,,,False,,
esm3_frozen_bilstm_attn,validation,1,unclassified,all_eligible_queries,query_distance_to_community_boundary_edges,6,8,0.8484047825137774,,,False,,
esm3_frozen_bilstm_attn,validation,1,unclassified,all_eligible_queries,query_distance_to_ecod_boundary_sequence,6,8,5.076083474689059,,,False,,
esm3_frozen_bilstm_attn,validation,1,unclassified,all_eligible_queries,query_in_any_band,6,8,0.4305555555555556,,,False,,
esm3_frozen_bilstm_attn,validation,1,unclassified,all_eligible_queries,query_to_band_contact_count,6,8,-0.10615079477429389,,,False,,
esm3_frozen_bilstm_attn,validation,1,unclassified,all_eligible_queries,query_to_band_contact_fraction,6,8,-0.03290344019316963,,,False,,
esm3_frozen_bilstm_attn,validation,1,unclassified,all_eligible_queries,query_water_contact_count,6,8,0.04806835204362871,,,False,,
esm3_frozen_bilstm_attn,validation,1,unclassified,all_eligible_queries,reachable_query_water_entry_count,6,8,0.0,,,False,,
esm3_frozen_bilstm_attn,validation,1,unclassified,all_eligible_queries,relative_backbone_orientation_cosine,6,8,0.0999114467865891,,,False,,
esm3_frozen_bilstm_attn,validation,1,unclassified,all_eligible_queries,rsa,6,8,0.19788339375576106,,,False,,
esm3_frozen_bilstm_attn,validation,1,unclassified,all_eligible_queries,same_community_as_band_apex,6,8,-0.05140758057435354,,,False,,
esm3_frozen_bilstm_attn,validation,1,unclassified,all_eligible_queries,same_community_as_band_majority,6,8,-0.23196313612990913,,,False,,
esm3_frozen_bilstm_attn,validation,1,unclassified,all_eligible_queries,same_ecod_domain_as_band_apex,6,8,0.010643116301960416,,,False,,
esm3_frozen_bilstm_attn,validation,1,unclassified,all_eligible_queries,shared_water_count,6,8,0.0,,,False,,
esm3_frozen_bilstm_attn,validation,1,unclassified,all_eligible_queries,shared_water_fraction_of_band_contacts,6,8,0.0,,,False,,
esm3_frozen_bilstm_attn,validation,1,unclassified,all_eligible_queries,shared_water_fraction_of_query_contacts,6,8,0.0,,,False,,
esm3_frozen_bilstm_attn,validation,1,unclassified,all_eligible_queries,shares_any_ecod_domain_with_band,6,8,0.010643116301960416,,,False,,
esm3_frozen_bilstm_attn,validation,1,unclassified,all_eligible_queries,shortest_nonlocal_contact_path_edges,6,8,0.45715436008241445,,,False,,
esm3_frozen_bilstm_attn,validation,1,unclassified,all_eligible_queries,shortest_ordinary_contact_path_edges,6,8,0.45383671919504814,,,False,,
esm3_frozen_bilstm_attn,validation,1,unclassified,all_eligible_queries,torsion_change_from_previous,6,8,58.76563412034307,,,False,,
esm3_frozen_bilstm_attn,validation,1,unclassified,all_eligible_queries,water_path_at_most_1,6,8,0.0,,,False,,
esm3_frozen_bilstm_attn,validation,1,unclassified,all_eligible_queries,water_path_at_most_2,6,8,0.0,,,False,,
esm3_frozen_bilstm_attn,validation,1,unclassified,all_eligible_queries,water_path_at_most_3,6,8,0.0,,,False,,
esm3_frozen_bilstm_attn,validation,1,unclassified,all_eligible_queries,water_path_exists,6,8,0.0,,,False,,
esm3_frozen_bilstm_attn,validation,1,unclassified,all_eligible_queries,water_path_without_direct_ca_contact,6,8,0.0,,,False,,
esm3_frozen_bilstm_attn,validation,1,unclassified,all_eligible_queries,water_path_without_direct_polar_contact,6,8,0.0,,,False,,
esm3_frozen_bilstm_attn,validation,1,unclassified,sequence_distal_ge21,absolute_backbone_orientation_cosine,6,6,-0.11033213411768278,,,False,,
esm3_frozen_bilstm_attn,validation,1,unclassified,sequence_distal_ge21,absolute_sequence_separation,6,6,-10.070281228433403,,,False,,
esm3_frozen_bilstm_attn,validation,1,unclassified,sequence_distal_ge21,band_water_contact_count,6,6,0.0,,,False,,
esm3_frozen_bilstm_attn,validation,1,unclassified,sequence_distal_ge21,direct_ca_contact,6,6,-0.131944444651405,,,False,,
esm3_frozen_bilstm_attn,validation,1,unclassified,sequence_distal_ge21,direct_putative_polar_contact,6,6,0.0,,,False,,
esm3_frozen_bilstm_attn,validation,1,unclassified,sequence_distal_ge21,direct_putative_polar_contact_count,6,6,0.0,,,False,,
esm3_frozen_bilstm_attn,validation,1,unclassified,sequence_distal_ge21,disorder,6,6,0.00013347479875090024,,,False,,
esm3_frozen_bilstm_attn,validation,1,unclassified,sequence_distal_ge21,minimum_ca_distance_angstrom,6,6,2.387009366353353,,,False,,
esm3_frozen_bilstm_attn,validation,1,unclassified,sequence_distal_ge21,minimum_heavy_atom_distance_angstrom,6,6,3.0664642333984378,,,False,,
esm3_frozen_bilstm_attn,validation,1,unclassified,sequence_distal_ge21,minimum_polar_atom_distance_angstrom,6,6,2.1660852909088137,,,False,,
esm3_frozen_bilstm_attn,validation,1,unclassified,sequence_distal_ge21,neq,6,6,0.08950964602024379,,,False,,
esm3_frozen_bilstm_attn,validation,1,unclassified,sequence_distal_ge21,nonlocal_contact_path_exists,6,6,0.0,,,False,,
esm3_frozen_bilstm_attn,validation,1,unclassified,sequence_distal_ge21,normalized_query_position,6,6,-0.022935501011016032,,,False,,
esm3_frozen_bilstm_attn,validation,1,unclassified,sequence_distal_ge21,one_water_bridge,6,6,0.0,,,False,,
esm3_frozen_bilstm_attn,validation,1,unclassified,sequence_distal_ge21,ordinary_contact_path_exists,6,6,0.0,,,False,,
esm3_frozen_bilstm_attn,validation,1,unclassified,sequence_distal_ge21,query_distance_to_band_domain_boundary_sequence,6,6,4.655154403050741,,,False,,
esm3_frozen_bilstm_attn,validation,1,unclassified,sequence_distal_ge21,query_distance_to_community_boundary_edges,6,6,0.4960619325439135,,,False,,
esm3_frozen_bilstm_attn,validation,1,unclassified,sequence_distal_ge21,query_distance_to_ecod_boundary_sequence,6,6,6.710347731908162,,,False,,
esm3_frozen_bilstm_attn,validation,1,unclassified,sequence_distal_ge21,query_in_any_band,6,6,0.35555555555555557,,,False,,
esm3_frozen_bilstm_attn,validation,1,unclassified,sequence_distal_ge21,query_to_band_contact_count,6,6,-0.13888888930281004,,,False,,
esm3_frozen_bilstm_attn,validation,1,unclassified,sequence_distal_ge21,query_to_band_contact_fraction,6,6,-0.045138890234132596,,,False,,
esm3_frozen_bilstm_attn,validation,1,unclassified,sequence_distal_ge21,query_water_contact_count,6,6,-0.022675108412901546,,,False,,
esm3_frozen_bilstm_attn,validation,1,unclassified,sequence_distal_ge21,reachable_query_water_entry_count,6,6,0.0,,,False,,
esm3_frozen_bilstm_attn,validation,1,unclassified,sequence_distal_ge21,relative_backbone_orientation_cosine,6,6,0.08981383318702381,,,False,,
esm3_frozen_bilstm_attn,validation,1,unclassified,sequence_distal_ge21,rsa,6,6,0.1627188362449046,,,False,,
esm3_frozen_bilstm_attn,validation,1,unclassified,sequence_distal_ge21,same_community_as_band_apex,6,6,-0.025181157886981966,,,False,,
esm3_frozen_bilstm_attn,validation,1,unclassified,sequence_distal_ge21,same_community_as_band_majority,6,6,-0.19184782455364865,,,False,,
esm3_frozen_bilstm_attn,validation,1,unclassified,sequence_distal_ge21,same_ecod_domain_as_band_apex,6,6,0.012771739562352483,,,False,,
esm3_frozen_bilstm_attn,validation,1,unclassified,sequence_distal_ge21,shared_water_count,6,6,0.0,,,False,,
esm3_frozen_bilstm_attn,validation,1,unclassified,sequence_distal_ge21,shared_water_fraction_of_band_contacts,6,6,0.0,,,False,,
esm3_frozen_bilstm_attn,validation,1,unclassified,sequence_distal_ge21,shared_water_fraction_of_query_contacts,6,6,0.0,,,False,,
esm3_frozen_bilstm_attn,validation,1,unclassified,sequence_distal_ge21,shares_any_ecod_domain_with_band,6,6,0.012771739562352483,,,False,,
esm3_frozen_bilstm_attn,validation,1,unclassified,sequence_distal_ge21,shortest_nonlocal_contact_path_edges,6,6,0.12953761021296184,,,False,,
esm3_frozen_bilstm_attn,validation,1,unclassified,sequence_distal_ge21,shortest_ordinary_contact_path_edges,6,6,0.1610723177591959,,,False,,
esm3_frozen_bilstm_attn,validation,1,unclassified,sequence_distal_ge21,torsion_change_from_previous,6,6,57.97928895620459,,,False,,
esm3_frozen_bilstm_attn,validation,1,unclassified,sequence_distal_ge21,water_path_at_most_1,6,6,0.0,,,False,,
esm3_frozen_bilstm_attn,validation,1,unclassified,sequence_distal_ge21,water_path_at_most_2,6,6,0.0,,,False,,
esm3_frozen_bilstm_attn,validation,1,unclassified,sequence_distal_ge21,water_path_at_most_3,6,6,0.0,,,False,,
esm3_frozen_bilstm_attn,validation,1,unclassified,sequence_distal_ge21,water_path_exists,6,6,0.0,,,False,,
esm3_frozen_bilstm_attn,validation,1,unclassified,sequence_distal_ge21,water_path_without_direct_ca_contact,6,6,0.0,,,False,,
esm3_frozen_bilstm_attn,validation,1,unclassified,sequence_distal_ge21,water_path_without_direct_polar_contact,6,6,0.0,,,False,,
esm3_frozen_bilstm_attn,validation,-1,combined,all_eligible_queries,shortest_water_path_water_count,9,13,-0.03703703703703703,,,False,,
esm3_frozen_bilstm_attn,validation,-1,combined,sequence_distal_ge21,shortest_water_path_water_count,4,6,-0.25,,,False,,
esm3_frozen_bilstm_attn,validation,1,combined,sequence_distal_ge21,shortest_water_path_water_count,11,13,0.33333333513953467,-0.30743392030654626,0.9741005905856156,True,0.453125,0.7298272738189421
esm3_frozen_bilstm_attn,validation,1,evidence_dominated,all_eligible_queries,absolute_backbone_orientation_cosine,21,27,0.00854840786368758,-0.04783823405670791,0.06493504978408307,True,1.0,1.0
esm3_frozen_bilstm_attn,validation,1,evidence_dominated,all_eligible_queries,absolute_sequence_separation,22,28,2.109720993111871,-5.2111716497747,9.430613635998442,True,0.5234670639038086,0.7925639433019301
esm3_frozen_bilstm_attn,validation,1,evidence_dominated,all_eligible_queries,band_water_contact_count,22,28,0.0,0.0,0.0,True,1.0,1.0
esm3_frozen_bilstm_attn,validation,1,evidence_dominated,all_eligible_queries,direct_ca_contact,22,28,0.026769824062634007,-0.045263332218372865,0.09880298034364088,True,0.629058837890625,0.9053553452947731
esm3_frozen_bilstm_attn,validation,1,evidence_dominated,all_eligible_queries,direct_putative_polar_contact,22,28,0.04876832652152993,-0.014798786739090491,0.11233543978215035,True,0.7744140625,1.0
esm3_frozen_bilstm_attn,validation,1,evidence_dominated,all_eligible_queries,direct_putative_polar_contact_count,22,28,0.0664450942359268,-0.017231218932820216,0.15012140740467383,True,0.7744140625,1.0
esm3_frozen_bilstm_attn,validation,1,evidence_dominated,all_eligible_queries,disorder,22,28,-0.03222739967799427,-0.0688322489688392,0.004377449612850665,True,0.5234670639038086,0.7925639433019301
esm3_frozen_bilstm_attn,validation,1,evidence_dominated,all_eligible_queries,mean_query_contact_water_degree,21,26,0.16682811794874353,0.0192740900679782,0.31438214582950885,True,0.38331031799316406,0.6434396264233075
esm3_frozen_bilstm_attn,validation,1,evidence_dominated,all_eligible_queries,minimum_ca_distance_angstrom,22,28,0.8096494969222452,-1.5563070057176855,3.175605999562176,True,0.8318119049072266,1.0
esm3_frozen_bilstm_attn,validation,1,evidence_dominated,all_eligible_queries,minimum_heavy_atom_distance_angstrom,22,28,0.5738045224766709,-1.7367981665958845,2.884407211549226,True,0.8318119049072266,1.0
esm3_frozen_bilstm_attn,validation,1,evidence_dominated,all_eligible_queries,minimum_polar_atom_distance_angstrom,22,28,0.5064348406992948,-1.8321586012144615,2.845028282613051,True,0.8318119049072266,1.0
esm3_frozen_bilstm_attn,validation,1,evidence_dominated,all_eligible_queries,neq,22,28,0.4423326132379913,0.20364278897383611,0.6810224375021464,True,0.004343509674072266,0.01367743471835522
esm3_frozen_bilstm_attn,validation,1,evidence_dominated,all_eligible_queries,nonlocal_contact_path_exists,22,28,-0.01635292150284477,-0.051899119388859966,0.01919327638317043,True,1.0,1.0
esm3_frozen_bilstm_attn,validation,1,evidence_dominated,all_eligible_queries,normalized_query_position,22,28,-0.009176875617271983,-0.053826375352139966,0.035472624117596,True,1.0,1.0
esm3_frozen_bilstm_attn,validation,1,evidence_dominated,all_eligible_queries,one_water_bridge,22,28,0.0075421419703572325,-0.011331472017068323,0.02641575595778279,True,0.7265625,0.9755041372890656
esm3_frozen_bilstm_attn,validation,1,evidence_dominated,all_eligible_queries,ordinary_contact_path_exists,22,28,0.0,0.0,0.0,True,1.0,1.0
esm3_frozen_bilstm_attn,validation,1,evidence_dominated,all_eligible_queries,query_distance_to_band_domain_boundary_sequence,22,28,5.452754196494516,-2.0802200378004088,12.985728430789441,True,1.0,1.0
esm3_frozen_bilstm_attn,validation,1,evidence_dominated,all_eligible_queries,query_distance_to_community_boundary_edges,22,28,0.10513001674380353,-0.13803791978706975,0.3482979532746768,True,1.0,1.0
esm3_frozen_bilstm_attn,validation,1,evidence_dominated,all_eligible_queries,query_distance_to_ecod_boundary_sequence,22,28,1.3347212274353233,-4.304620267582532,6.974062722453178,True,1.0,1.0
esm3_frozen_bilstm_attn,validation,1,evidence_dominated,all_eligible_queries,query_in_any_band,22,28,0.23143945833659893,0.022588882301689817,0.44029003437150804,True,0.11531829833984375,0.2443977301331295
esm3_frozen_bilstm_attn,validation,1,evidence_dominated,all_eligible_queries,query_to_band_contact_count,22,28,0.059451653850553794,-0.07332055900068454,0.19222386670179212,True,0.629058837890625,0.9053553452947731
esm3_frozen_bilstm_attn,validation,1,evidence_dominated,all_eligible_queries,query_to_band_contact_fraction,22,28,0.03132756041882132,-0.020137530575190826,0.08279265141283347,True,0.629058837890625,0.9053553452947731
esm3_frozen_bilstm_attn,validation,1,evidence_dominated,all_eligible_queries,query_water_contact_count,22,28,0.2453374505306434,0.010600575671949414,0.48007432538933736,True,0.01690053939819336,0.04582497400181894
esm3_frozen_bilstm_attn,validation,1,evidence_dominated,all_eligible_queries,reachable_query_water_entry_count,22,28,0.010691014167208968,-0.008627591976548697,0.03000962031096663,True,0.5078125,0.7754729148753224
esm3_frozen_bilstm_attn,validation,1,evidence_dominated,all_eligible_queries,relative_backbone_orientation_cosine,21,27,-0.005989961229540668,-0.10024121806920416,0.08826129561012283,True,1.0,1.0
esm3_frozen_bilstm_attn,validation,1,evidence_dominated,all_eligible_queries,rsa,22,28,0.08663293856187247,0.03394236850300006,0.13932350862074488,True,0.28627872467041016,0.5135666818329783
esm3_frozen_bilstm_attn,validation,1,evidence_dominated,all_eligible_queries,same_community_as_band_apex,22,28,-1.013911561703228e-05,-0.059109696432178824,0.059089418200944765,True,0.8145294189453125,1.0
esm3_frozen_bilstm_attn,validation,1,evidence_dominated,all_eligible_queries,same_community_as_band_majority,22,27,-0.001800478788423312,-0.06692457045085572,0.0633236128740091,True,0.5034446716308594,0.7754729148753224
esm3_frozen_bilstm_attn,validation,1,evidence_dominated,all_eligible_queries,same_ecod_domain_as_band_apex,22,28,-0.029415066193515083,-0.07146757135189279,0.012637438964862621,True,0.125,0.26210153482880755
esm3_frozen_bilstm_attn,validation,1,evidence_dominated,all_eligible_queries,shared_water_count,22,28,0.0075421419703572325,-0.011331472017068323,0.02641575595778279,True,0.7265625,0.9755041372890656
esm3_frozen_bilstm_attn,validation,1,evidence_dominated,all_eligible_queries,shared_water_fraction_of_band_contacts,22,28,0.0003831278389282138,-0.006233399638990663,0.006999655316847091,True,0.7265625,0.9755041372890656
esm3_frozen_bilstm_attn,validation,1,evidence_dominated,all_eligible_queries,shared_water_fraction_of_query_contacts,22,28,0.003506113240000768,-0.01276831088964537,0.019780537369646904,True,0.7265625,0.9755041372890656
esm3_frozen_bilstm_attn,validation,1,evidence_dominated,all_eligible_queries,shares_any_ecod_domain_with_band,22,28,-0.029415066193515083,-0.07146757135189279,0.012637438964862621,True,0.125,0.26210153482880755
esm3_frozen_bilstm_attn,validation,1,evidence_dominated,all_eligible_queries,shortest_nonlocal_contact_path_edges,22,28,0.4130013714234035,-0.024811754050823365,0.8508144968976303,True,0.5234670639038086,0.7925639433019301
esm3_frozen_bilstm_attn,validation,1,evidence_dominated,all_eligible_queries,shortest_ordinary_contact_path_edges,22,28,0.3596901972271491,-0.03504490487523498,0.7544252993295333,True,0.052478790283203125,0.12328350733196924
esm3_frozen_bilstm_attn,validation,1,evidence_dominated,all_eligible_queries,torsion_change_from_previous,22,28,25.1172321714198,3.62730737614692,46.607156966692685,True,0.01690053939819336,0.04582497400181894
esm3_frozen_bilstm_attn,validation,1,evidence_dominated,all_eligible_queries,water_path_at_most_1,22,28,0.0075421419703572325,-0.011331472017068323,0.02641575595778279,True,0.7265625,0.9755041372890656
esm3_frozen_bilstm_attn,validation,1,evidence_dominated,all_eligible_queries,water_path_at_most_2,22,28,0.01562704215004965,-0.008446728016615342,0.03970081231671464,True,0.5078125,0.7754729148753224
esm3_frozen_bilstm_attn,validation,1,evidence_dominated,all_eligible_queries,water_path_at_most_3,22,28,0.009343619711904063,-0.009543431929881519,0.028230671353689646,True,0.5078125,0.7754729148753224
esm3_frozen_bilstm_attn,validation,1,evidence_dominated,all_eligible_queries,water_path_exists,22,28,0.010858771249633095,-0.008676333103966268,0.030393875603232458,True,0.5078125,0.7754729148753224
esm3_frozen_bilstm_attn,validation,1,evidence_dominated,all_eligible_queries,water_path_without_direct_ca_contact,22,28,0.0006944588377459049,-0.013201938514063002,0.01459085618955481,True,1.0,1.0
esm3_frozen_bilstm_attn,validation,1,evidence_dominated,all_eligible_queries,water_path_without_direct_polar_contact,22,28,-0.0016092459133639366,-0.02002880282959166,0.01681031100286379,True,1.0,1.0
esm3_frozen_bilstm_attn,validation,1,evidence_dominated,sequence_distal_ge21,absolute_backbone_orientation_cosine,21,27,-0.034427840108909306,-0.09865381473791396,0.029798134520095353,True,0.38331031799316406,0.6434396264233075
esm3_frozen_bilstm_attn,validation,1,evidence_dominated,sequence_distal_ge21,absolute_sequence_separation,22,28,3.021625823545818,-6.440138514820054,12.483390161911691,True,0.8318119049072266,1.0
esm3_frozen_bilstm_attn,validation,1,evidence_dominated,sequence_distal_ge21,band_water_contact_count,22,28,0.0,0.0,0.0,True,1.0,1.0
esm3_frozen_bilstm_attn,validation,1,evidence_dominated,sequence_distal_ge21,direct_ca_contact,22,28,-0.010337650380802867,-0.05205019473123962,0.03137489396963389,True,0.14599609375,0.29734984231651373
esm3_frozen_bilstm_attn,validation,1,evidence_dominated,sequence_distal_ge21,direct_putative_polar_contact,22,28,0.014866771798750218,-0.021976579820709927,0.051710123418210366,True,1.0,1.0
esm3_frozen_bilstm_attn,validation,1,evidence_dominated,sequence_distal_ge21,direct_putative_polar_contact_count,22,28,0.01612939809900568,-0.022050673623364377,0.05430946982137573,True,1.0,1.0
esm3_frozen_bilstm_attn,validation,1,evidence_dominated,sequence_distal_ge21,disorder,22,28,-0.02234037540160251,-0.05778801303874475,0.013107262235539728,True,0.8318119049072266,1.0
esm3_frozen_bilstm_attn,validation,1,evidence_dominated,sequence_distal_ge21,mean_query_contact_water_degree,21,26,0.16661638127061248,0.018286879407280826,0.3149458831339441,True,0.1670684814453125,0.3318944329383389
esm3_frozen_bilstm_attn,validation,1,evidence_dominated,sequence_distal_ge21,minimum_ca_distance_angstrom,22,28,0.17321453311226592,-2.2798383822504547,2.626267448474987,True,0.5234670639038086,0.7925639433019301
esm3_frozen_bilstm_attn,validation,1,evidence_dominated,sequence_distal_ge21,minimum_heavy_atom_distance_angstrom,22,28,-0.151644313696659,-2.5459518049537797,2.2426631775604617,True,0.5234670639038086,0.7925639433019301
esm3_frozen_bilstm_attn,validation,1,evidence_dominated,sequence_distal_ge21,minimum_polar_atom_distance_angstrom,22,28,-0.3455148653550583,-2.7896119628470584,2.0985822321369416,True,0.5234670639038086,0.7925639433019301
esm3_frozen_bilstm_attn,validation,1,evidence_dominated,sequence_distal_ge21,neq,22,28,0.4185689910169318,0.17426243058917282,0.6628755514446908,True,0.004343509674072266,0.01367743471835522
esm3_frozen_bilstm_attn,validation,1,evidence_dominated,sequence_distal_ge21,nonlocal_contact_path_exists,22,28,-0.015731224756349225,-0.05086912504726228,0.019406675534563825,True,0.7744140625,1.0
esm3_frozen_bilstm_attn,validation,1,evidence_dominated,sequence_distal_ge21,normalized_query_position,22,28,0.0035055252179105917,-0.05125130621284746,0.05826235664866865,True,0.8318119049072266,1.0
esm3_frozen_bilstm_attn,validation,1,evidence_dominated,sequence_distal_ge21,one_water_bridge,22,28,0.011692837020382285,-0.00931996961693374,0.03270564365769831,True,1.0,1.0
esm3_frozen_bilstm_attn,validation,1,evidence_dominated,sequence_distal_ge21,ordinary_contact_path_exists,22,28,0.0,0.0,0.0,True,1.0,1.0
esm3_frozen_bilstm_attn,validation,1,evidence_dominated,sequence_distal_ge21,query_distance_to_band_domain_boundary_sequence,22,28,3.611929553927797,-5.461403560432479,12.685262668288072,True,0.8318119049072266,1.0
esm3_frozen_bilstm_attn,validation,1,evidence_dominated,sequence_distal_ge21,query_distance_to_community_boundary_edges,22,28,0.11619701582486881,-0.15690575416350694,0.38929978581324454,True,1.0,1.0
esm3_frozen_bilstm_attn,validation,1,evidence_dominated,sequence_distal_ge21,query_distance_to_ecod_boundary_sequence,22,28,-0.325868316852685,-7.495424308695151,6.843687674989781,True,0.8318119049072266,1.0
esm3_frozen_bilstm_attn,validation,1,evidence_dominated,sequence_distal_ge21,query_in_any_band,22,28,0.21696017016036254,0.0033525745501977733,0.4305677657705273,True,0.26317596435546875,0.48135995128250514
esm3_frozen_bilstm_attn,validation,1,evidence_dominated,sequence_distal_ge21,query_to_band_contact_count,22,28,-0.02677104040472344,-0.10588423994396956,0.05234215913452267,True,0.14599609375,0.29734984231651373
esm3_frozen_bilstm_attn,validation,1,evidence_dominated,sequence_distal_ge21,query_to_band_contact_fraction,22,28,-0.0018335546135803535,-0.015562570709622255,0.011895461482461546,True,0.14599609375,0.29734984231651373
esm3_frozen_bilstm_attn,validation,1,evidence_dominated,sequence_distal_ge21,query_water_contact_count,22,28,0.23358320576900785,0.037143787514782284,0.43002262402323344,True,0.01690053939819336,0.04582497400181894
esm3_frozen_bilstm_attn,validation,1,evidence_dominated,sequence_distal_ge21,reachable_query_water_entry_count,22,28,0.01448925569173739,-0.006579181948346205,0.03555769333182099,True,1.0,1.0
esm3_frozen_bilstm_attn,validation,1,evidence_dominated,sequence_distal_ge21,relative_backbone_orientation_cosine,21,27,-0.030003049993325794,-0.13327898848071554,0.07327288849406396,True,1.0,1.0
esm3_frozen_bilstm_attn,validation,1,evidence_dominated,sequence_distal_ge21,rsa,22,28,0.08545249153908385,0.03369325755617419,0.1372117255219935,True,0.052478790283203125,0.12328350733196924
esm3_frozen_bilstm_attn,validation,1,evidence_dominated,sequence_distal_ge21,same_community_as_band_apex,22,28,-0.01182100992141799,-0.08571135645491768,0.062069336612081694,True,0.629058837890625,0.9053553452947731
esm3_frozen_bilstm_attn,validation,1,evidence_dominated,sequence_distal_ge21,same_community_as_band_majority,22,27,-0.006877342941747466,-0.08298206382114691,0.06922737793765198,True,0.6476058959960938,0.9186486192404653
esm3_frozen_bilstm_attn,validation,1,evidence_dominated,sequence_distal_ge21,same_ecod_domain_as_band_apex,22,28,-0.024247823452407655,-0.06859734031873613,0.020101693413920818,True,0.2890625,0.5152426227338218
esm3_frozen_bilstm_attn,validation,1,evidence_dominated,sequence_distal_ge21,shared_water_count,22,28,0.011692837020382285,-0.00931996961693374,0.03270564365769831,True,1.0,1.0
esm3_frozen_bilstm_attn,validation,1,evidence_dominated,sequence_distal_ge21,shared_water_fraction_of_band_contacts,22,28,0.0036230793272173313,-0.002887511740761368,0.010133670395196031,True,1.0,1.0
esm3_frozen_bilstm_attn,validation,1,evidence_dominated,sequence_distal_ge21,shared_water_fraction_of_query_contacts,22,28,0.00481007354841991,-0.0064054855586502205,0.016025632655490042,True,1.0,1.0
esm3_frozen_bilstm_attn,validation,1,evidence_dominated,sequence_distal_ge21,shares_any_ecod_domain_with_band,22,28,-0.024247823452407655,-0.06859734031873613,0.020101693413920818,True,0.2890625,0.5152426227338218
esm3_frozen_bilstm_attn,validation,1,evidence_dominated,sequence_distal_ge21,shortest_nonlocal_contact_path_edges,22,28,0.2524781124158339,-0.21574942303854278,0.7207056478702105,True,1.0,1.0
esm3_frozen_bilstm_attn,validation,1,evidence_dominated,sequence_distal_ge21,shortest_ordinary_contact_path_edges,22,28,0.23170532782872516,-0.178170294592025,0.6415809502494754,True,0.8318119049072266,1.0
esm3_frozen_bilstm_attn,validation,1,evidence_dominated,sequence_distal_ge21,torsion_change_from_previous,22,28,27.20185365733612,1.8042229858704815,52.59948432880176,True,0.13380050659179688,0.27760478937737293
esm3_frozen_bilstm_attn,validation,1,evidence_dominated,sequence_distal_ge21,water_path_at_most_1,22,28,0.011692837020382285,-0.00931996961693374,0.03270564365769831,True,1.0,1.0
esm3_frozen_bilstm_attn,validation,1,evidence_dominated,sequence_distal_ge21,water_path_at_most_2,22,28,0.019738969995611994,-0.005734760197980995,0.04521270018920498,True,0.6875,0.9457784663051898
esm3_frozen_bilstm_attn,validation,1,evidence_dominated,sequence_distal_ge21,water_path_at_most_3,22,28,0.013410984277443005,-0.007632032837139114,0.034454001392025126,True,1.0,1.0
esm3_frozen_bilstm_attn,validation,1,evidence_dominated,sequence_distal_ge21,water_path_exists,22,28,0.014926135815172038,-0.006641660504676107,0.03649393213502018,True,1.0,1.0
esm3_frozen_bilstm_attn,validation,1,evidence_dominated,sequence_distal_ge21,water_path_without_direct_ca_contact,22,28,0.005117815766822214,-0.01653647456162876,0.02677210609527319,True,1.0,1.0
esm3_frozen_bilstm_attn,validation,1,evidence_dominated,sequence_distal_ge21,water_path_without_direct_polar_contact,22,28,0.004986063458702787,-0.016683848189445016,0.02665597510685059,True,1.0,1.0
esm3_frozen_bilstm_attn,validation,1,evidence_dominated,sequence_distal_ge21_no_direct_ca,absolute_backbone_orientation_cosine,21,27,-0.028978720129955365,-0.09770468662333084,0.03974724636342011,True,0.18924713134765625,0.37097450913182944
esm3_frozen_bilstm_attn,validation,1,evidence_dominated,sequence_distal_ge21_no_direct_ca,absolute_sequence_separation,22,28,5.5150523154215385,-7.061856304681539,18.091960935524618,True,0.5234670639038086,0.7925639433019301
esm3_frozen_bilstm_attn,validation,1,evidence_dominated,sequence_distal_ge21_no_direct_ca,band_water_contact_count,22,28,0.0,0.0,0.0,True,1.0,1.0
esm3_frozen_bilstm_attn,validation,1,evidence_dominated,sequence_distal_ge21_no_direct_ca,direct_ca_contact,22,28,0.0,0.0,0.0,True,1.0,1.0
esm3_frozen_bilstm_attn,validation,1,evidence_dominated,sequence_distal_ge21_no_direct_ca,direct_putative_polar_contact,22,28,0.00849282296205109,-0.010512635710764407,0.02749828163486659,True,1.0,1.0
esm3_frozen_bilstm_attn,validation,1,evidence_dominated,sequence_distal_ge21_no_direct_ca,direct_putative_polar_contact_count,22,28,0.00849282296205109,-0.010512635710764407,0.02749828163486659,True,1.0,1.0
esm3_frozen_bilstm_attn,validation,1,evidence_dominated,sequence_distal_ge21_no_direct_ca,disorder,22,28,0.007533308774016878,-0.01690759083762501,0.031974208385658766,True,1.0,1.0
esm3_frozen_bilstm_attn,validation,1,evidence_dominated,sequence_distal_ge21_no_direct_ca,mean_query_contact_water_degree,21,26,0.1681162278144673,0.019436329623075205,0.3167961260058594,True,0.1670684814453125,0.3318944329383389
esm3_frozen_bilstm_attn,validation,1,evidence_dominated,sequence_distal_ge21_no_direct_ca,minimum_ca_distance_angstrom,22,28,0.19285140543273008,-2.4206367659417483,2.8063395768072086,True,0.8318119049072266,1.0
esm3_frozen_bilstm_attn,validation,1,evidence_dominated,sequence_distal_ge21_no_direct_ca,minimum_heavy_atom_distance_angstrom,22,28,-0.08891457788871988,-2.6530778586501254,2.4752487028726855,True,0.8318119049072266,1.0
esm3_frozen_bilstm_attn,validation,1,evidence_dominated,sequence_distal_ge21_no_direct_ca,minimum_polar_atom_distance_angstrom,22,28,-0.3208801782492435,-2.9550159203785564,2.313255563880069,True,0.28627872467041016,0.5135666818329783
esm3_frozen_bilstm_attn,validation,1,evidence_dominated,sequence_distal_ge21_no_direct_ca,neq,22,28,0.4624818921072786,0.21204317018829766,0.7129206140262595,True,0.0008554458618164062,0.0029906926192636565
esm3_frozen_bilstm_attn,validation,1,evidence_dominated,sequence_distal_ge21_no_direct_ca,nonlocal_contact_path_exists,22,28,-0.0181328255344521,-0.054475602174667744,0.018209951105763546,True,0.7744140625,1.0
esm3_frozen_bilstm_attn,validation,1,evidence_dominated,sequence_distal_ge21_no_direct_ca,normalized_query_position,22,28,0.006314623097940001,-0.056549060573404177,0.06917830676928417,True,1.0,1.0
esm3_frozen_bilstm_attn,validation,1,evidence_dominated,sequence_distal_ge21_no_direct_ca,one_water_bridge,22,28,0.009421134571488382,-0.009485377088444366,0.02832764623142113,True,1.0,1.0
esm3_frozen_bilstm_attn,validation,1,evidence_dominated,sequence_distal_ge21_no_direct_ca,ordinary_contact_path_exists,22,28,0.0,0.0,0.0,True,1.0,1.0
esm3_frozen_bilstm_attn,validation,1,evidence_dominated,sequence_distal_ge21_no_direct_ca,query_distance_to_band_domain_boundary_sequence,22,28,3.5879617560993537,-5.8317070760034735,13.007630588202181,True,0.8318119049072266,1.0
esm3_frozen_bilstm_attn,validation,1,evidence_dominated,sequence_distal_ge21_no_direct_ca,query_distance_to_community_boundary_edges,22,28,0.12843253486648654,-0.14716933933703924,0.4040344090700123,True,0.8318119049072266,1.0
esm3_frozen_bilstm_attn,validation,1,evidence_dominated,sequence_distal_ge21_no_direct_ca,query_distance_to_ecod_boundary_sequence,22,28,-0.4097966172478417,-7.914594673464844,7.095001438969161,True,0.8318119049072266,1.0
esm3_frozen_bilstm_attn,validation,1,evidence_dominated,sequence_distal_ge21_no_direct_ca,query_in_any_band,22,28,0.223382328593182,0.011076842186938746,0.4356878149994252,True,0.26317596435546875,0.48135995128250514
esm3_frozen_bilstm_attn,validation,1,evidence_dominated,sequence_distal_ge21_no_direct_ca,query_to_band_contact_count,22,28,0.0,0.0,0.0,True,1.0,1.0
esm3_frozen_bilstm_attn,validation,1,evidence_dominated,sequence_distal_ge21_no_direct_ca,query_to_band_contact_fraction,22,28,0.0,0.0,0.0,True,1.0,1.0
esm3_frozen_bilstm_attn,validation,1,evidence_dominated,sequence_distal_ge21_no_direct_ca,query_water_contact_count,22,28,0.20438965325328437,-0.001611949258342682,0.4103912557649114,True,0.052478790283203125,0.12328350733196924
esm3_frozen_bilstm_attn,validation,1,evidence_dominated,sequence_distal_ge21_no_direct_ca,reachable_query_water_entry_count,22,28,0.0124210432058934,-0.007614314297118622,0.03245640070890542,True,1.0,1.0
esm3_frozen_bilstm_attn,validation,1,evidence_dominated,sequence_distal_ge21_no_direct_ca,relative_backbone_orientation_cosine,21,27,-0.03946447416785219,-0.14817694639118761,0.06924799805548323,True,0.6636238098144531,0.9298172099753056
esm3_frozen_bilstm_attn,validation,1,evidence_dominated,sequence_distal_ge21_no_direct_ca,rsa,22,28,0.09240030337037401,0.04183159089494814,0.14296901584579988,True,0.052478790283203125,0.12328350733196924
esm3_frozen_bilstm_attn,validation,1,evidence_dominated,sequence_distal_ge21_no_direct_ca,same_community_as_band_apex,22,28,-0.020339275233334654,-0.09184591765703554,0.05116736719036622,True,0.454498291015625,0.7298272738189421
esm3_frozen_bilstm_attn,validation,1,evidence_dominated,sequence_distal_ge21_no_direct_ca,same_community_as_band_majority,22,27,-0.015179532103127592,-0.08906698707697178,0.058707922870716585,True,0.480682373046875,0.7534791655174315
esm3_frozen_bilstm_attn,validation,1,evidence_dominated,sequence_distal_ge21_no_direct_ca,same_ecod_domain_as_band_apex,22,28,-0.02541729398071765,-0.07012709949503998,0.019292511533604676,True,0.2890625,0.5152426227338218
esm3_frozen_bilstm_attn,validation,1,evidence_dominated,sequence_distal_ge21_no_direct_ca,shared_water_count,22,28,0.009421134571488382,-0.009485377088444366,0.02832764623142113,True,1.0,1.0
esm3_frozen_bilstm_attn,validation,1,evidence_dominated,sequence_distal_ge21_no_direct_ca,shared_water_fraction_of_band_contacts,22,28,0.0031216007833735956,-0.003177251973079185,0.009420453539826377,True,1.0,1.0
esm3_frozen_bilstm_attn,validation,1,evidence_dominated,sequence_distal_ge21_no_direct_ca,shared_water_fraction_of_query_contacts,22,28,0.004588189659372087,-0.004863607735928559,0.014039987054672732,True,1.0,1.0
esm3_frozen_bilstm_attn,validation,1,evidence_dominated,sequence_distal_ge21_no_direct_ca,shares_any_ecod_domain_with_band,22,28,-0.02541729398071765,-0.07012709949503998,0.019292511533604676,True,0.2890625,0.5152426227338218
esm3_frozen_bilstm_attn,validation,1,evidence_dominated,sequence_distal_ge21_no_direct_ca,shortest_nonlocal_contact_path_edges,22,28,0.28377695914470785,-0.2267123962807545,0.7942663145701703,True,1.0,1.0
esm3_frozen_bilstm_attn,validation,1,evidence_dominated,sequence_distal_ge21_no_direct_ca,shortest_ordinary_contact_path_edges,22,28,0.2185545771410971,-0.22430089993389812,0.6614100542160923,True,0.5234670639038086,0.7925639433019301
esm3_frozen_bilstm_attn,validation,1,evidence_dominated,sequence_distal_ge21_no_direct_ca,torsion_change_from_previous,22,28,27.321997632432627,0.9106656751414341,53.73332958972382,True,0.052478790283203125,0.12328350733196924
esm3_frozen_bilstm_attn,validation,1,evidence_dominated,sequence_distal_ge21_no_direct_ca,water_path_at_most_1,22,28,0.009421134571488382,-0.009485377088444366,0.02832764623142113,True,1.0,1.0
esm3_frozen_bilstm_attn,validation,1,evidence_dominated,sequence_distal_ge21_no_direct_ca,water_path_at_most_2,22,28,0.009852370011592,-0.009137041726532468,0.02884178174971647,True,1.0,1.0
esm3_frozen_bilstm_attn,validation,1,evidence_dominated,sequence_distal_ge21_no_direct_ca,water_path_at_most_3,22,28,0.011100141869180583,-0.008029381277191185,0.03022966501555235,True,1.0,1.0
esm3_frozen_bilstm_attn,validation,1,evidence_dominated,sequence_distal_ge21_no_direct_ca,water_path_exists,22,28,0.012615293406909615,-0.007126592224246801,0.03235717903806603,True,1.0,1.0
esm3_frozen_bilstm_attn,validation,1,evidence_dominated,sequence_distal_ge21_no_direct_ca,water_path_without_direct_ca_contact,22,28,0.012615293406909615,-0.007126592224246801,0.03235717903806603,True,1.0,1.0
esm3_frozen_bilstm_attn,validation,1,evidence_dominated,sequence_distal_ge21_no_direct_ca,water_path_without_direct_polar_contact,22,28,0.012615293406909615,-0.007126592224246801,0.03235717903806603,True,1.0,1.0
esm3_frozen_bilstm_attn,validation,1,unclassified,all_eligible_queries,mean_query_contact_water_degree,4,4,-0.17145832628011703,,,False,,
esm3_frozen_bilstm_attn,validation,1,unclassified,sequence_distal_ge21,mean_query_contact_water_degree,4,4,-0.2589583247900009,,,False,,
esm3_frozen_bilstm_attn,validation,1,unclassified,sequence_distal_ge21_no_direct_ca,absolute_backbone_orientation_cosine,5,5,-0.10112102031707766,,,False,,
esm3_frozen_bilstm_attn,validation,1,unclassified,sequence_distal_ge21_no_direct_ca,absolute_sequence_separation,5,5,-8.919788725766987,,,False,,
esm3_frozen_bilstm_attn,validation,1,unclassified,sequence_distal_ge21_no_direct_ca,band_water_contact_count,5,5,0.0,,,False,,
esm3_frozen_bilstm_attn,validation,1,unclassified,sequence_distal_ge21_no_direct_ca,direct_ca_contact,5,5,0.0,,,False,,
esm3_frozen_bilstm_attn,validation,1,unclassified,sequence_distal_ge21_no_direct_ca,direct_putative_polar_contact,5,5,0.0,,,False,,
esm3_frozen_bilstm_attn,validation,1,unclassified,sequence_distal_ge21_no_direct_ca,direct_putative_polar_contact_count,5,5,0.0,,,False,,
esm3_frozen_bilstm_attn,validation,1,unclassified,sequence_distal_ge21_no_direct_ca,disorder,5,5,-0.0006109429941061187,,,False,,
esm3_frozen_bilstm_attn,validation,1,unclassified,sequence_distal_ge21_no_direct_ca,mean_query_contact_water_degree,4,4,-0.2283333241939545,,,False,,
esm3_frozen_bilstm_attn,validation,1,unclassified,sequence_distal_ge21_no_direct_ca,minimum_ca_distance_angstrom,5,5,0.033218765258789064,,,False,,
esm3_frozen_bilstm_attn,validation,1,unclassified,sequence_distal_ge21_no_direct_ca,minimum_heavy_atom_distance_angstrom,5,5,0.6460557937622072,,,False,,
esm3_frozen_bilstm_attn,validation,1,unclassified,sequence_distal_ge21_no_direct_ca,minimum_polar_atom_distance_angstrom,5,5,-0.356078815460205,,,False,,
esm3_frozen_bilstm_attn,validation,1,unclassified,sequence_distal_ge21_no_direct_ca,neq,5,5,0.11161407220496886,,,False,,
esm3_frozen_bilstm_attn,validation,1,unclassified,sequence_distal_ge21_no_direct_ca,nonlocal_contact_path_exists,5,5,0.0,,,False,,
esm3_frozen_bilstm_attn,validation,1,unclassified,sequence_distal_ge21_no_direct_ca,normalized_query_position,5,5,0.035711733650200396,,,False,,
esm3_frozen_bilstm_attn,validation,1,unclassified,sequence_distal_ge21_no_direct_ca,one_water_bridge,5,5,0.0,,,False,,
esm3_frozen_bilstm_attn,validation,1,unclassified,sequence_distal_ge21_no_direct_ca,ordinary_contact_path_exists,5,5,0.0,,,False,,
esm3_frozen_bilstm_attn,validation,1,unclassified,sequence_distal_ge21_no_direct_ca,query_distance_to_band_domain_boundary_sequence,5,5,1.6700151920318604,,,False,,
esm3_frozen_bilstm_attn,validation,1,unclassified,sequence_distal_ge21_no_direct_ca,query_distance_to_community_boundary_edges,5,5,0.3068364053964615,,,False,,
esm3_frozen_bilstm_attn,validation,1,unclassified,sequence_distal_ge21_no_direct_ca,query_distance_to_ecod_boundary_sequence,5,5,4.752805185317993,,,False,,
esm3_frozen_bilstm_attn,validation,1,unclassified,sequence_distal_ge21_no_direct_ca,query_in_any_band,5,5,0.4458333333333333,,,False,,
esm3_frozen_bilstm_attn,validation,1,unclassified,sequence_distal_ge21_no_direct_ca,query_to_band_contact_count,5,5,0.0,,,False,,
esm3_frozen_bilstm_attn,validation,1,unclassified,sequence_distal_ge21_no_direct_ca,query_to_band_contact_fraction,5,5,0.0,,,False,,
esm3_frozen_bilstm_attn,validation,1,unclassified,sequence_distal_ge21_no_direct_ca,query_water_contact_count,5,5,-0.3737853914499283,,,False,,
esm3_frozen_bilstm_attn,validation,1,unclassified,sequence_distal_ge21_no_direct_ca,reachable_query_water_entry_count,5,5,0.0,,,False,,
esm3_frozen_bilstm_attn,validation,1,unclassified,sequence_distal_ge21_no_direct_ca,relative_backbone_orientation_cosine,5,5,-0.13250364884734156,,,False,,
esm3_frozen_bilstm_attn,validation,1,unclassified,sequence_distal_ge21_no_direct_ca,rsa,5,5,0.08868262927387885,,,False,,
esm3_frozen_bilstm_attn,validation,1,unclassified,sequence_distal_ge21_no_direct_ca,same_community_as_band_apex,5,5,-0.07318840473890305,,,False,,
esm3_frozen_bilstm_attn,validation,1,unclassified,sequence_distal_ge21_no_direct_ca,same_community_as_band_majority,5,5,-0.07318840473890305,,,False,,
esm3_frozen_bilstm_attn,validation,1,unclassified,sequence_distal_ge21_no_direct_ca,same_ecod_domain_as_band_apex,5,5,0.01915760934352874,,,False,,
esm3_frozen_bilstm_attn,validation,1,unclassified,sequence_distal_ge21_no_direct_ca,shared_water_count,5,5,0.0,,,False,,
esm3_frozen_bilstm_attn,validation,1,unclassified,sequence_distal_ge21_no_direct_ca,shared_water_fraction_of_band_contacts,5,5,0.0,,,False,,
esm3_frozen_bilstm_attn,validation,1,unclassified,sequence_distal_ge21_no_direct_ca,shared_water_fraction_of_query_contacts,5,5,0.0,,,False,,
esm3_frozen_bilstm_attn,validation,1,unclassified,sequence_distal_ge21_no_direct_ca,shares_any_ecod_domain_with_band,5,5,0.01915760934352874,,,False,,
esm3_frozen_bilstm_attn,validation,1,unclassified,sequence_distal_ge21_no_direct_ca,shortest_nonlocal_contact_path_edges,5,5,-0.4151362419128418,,,False,,
esm3_frozen_bilstm_attn,validation,1,unclassified,sequence_distal_ge21_no_direct_ca,shortest_ordinary_contact_path_edges,5,5,-0.3953503847122192,,,False,,
esm3_frozen_bilstm_attn,validation,1,unclassified,sequence_distal_ge21_no_direct_ca,torsion_change_from_previous,5,5,54.40876397690872,,,False,,
esm3_frozen_bilstm_attn,validation,1,unclassified,sequence_distal_ge21_no_direct_ca,water_path_at_most_1,5,5,0.0,,,False,,
esm3_frozen_bilstm_attn,validation,1,unclassified,sequence_distal_ge21_no_direct_ca,water_path_at_most_2,5,5,0.0,,,False,,
esm3_frozen_bilstm_attn,validation,1,unclassified,sequence_distal_ge21_no_direct_ca,water_path_at_most_3,5,5,0.0,,,False,,
esm3_frozen_bilstm_attn,validation,1,unclassified,sequence_distal_ge21_no_direct_ca,water_path_exists,5,5,0.0,,,False,,
esm3_frozen_bilstm_attn,validation,1,unclassified,sequence_distal_ge21_no_direct_ca,water_path_without_direct_ca_contact,5,5,0.0,,,False,,
esm3_frozen_bilstm_attn,validation,1,unclassified,sequence_distal_ge21_no_direct_ca,water_path_without_direct_polar_contact,5,5,0.0,,,False,,
esm3_frozen_bilstm_attn,validation,1,combined,sequence_distal_ge21_no_direct_ca,shortest_water_path_water_count,4,5,-0.11458332836627963,,,False,,
esm3_frozen_bilstm_attn,validation,-1,evidence_dominated,all_eligible_queries,shortest_water_path_water_count,3,3,1.3333333333333333,,,False,,
esm3_frozen_bilstm_attn,validation,-1,evidence_dominated,sequence_distal_ge21,shortest_water_path_water_count,2,2,2.5,,,False,,
esm3_frozen_bilstm_attn,validation,-1,combined,sequence_distal_ge21_no_direct_ca,shortest_water_path_water_count,2,2,0.0,,,False,,
esm3_frozen_bilstm_attn,validation,1,evidence_dominated,all_eligible_queries,shortest_water_path_water_count,1,1,-1.0,,,False,,
esm3_frozen_bilstm_attn,validation,1,evidence_dominated,sequence_distal_ge21,shortest_water_path_water_count,1,1,-1.0,,,False,,
esm3_frozen_bilstm_attn,validation,-1,evidence_dominated,sequence_distal_ge21_no_direct_ca,shortest_water_path_water_count,1,1,5.0,,,False,,
