condition,split,sign,mechanism_class,receiver_scope,feature,n_proteins,n_bands,high_minus_low_macro_protein_mean,ci95_low,ci95_high,inference_eligible,protein_sign_p_two_sided,protein_sign_q_bh
esm2_top4_bilstm_attn,test,-1,combined,all_eligible_queries,absolute_backbone_orientation_cosine,145,494,0.029562199589112385,0.010666958661799255,0.04845744051642552,True,0.007656052792678145,0.027233481287136322
esm2_top4_bilstm_attn,test,-1,combined,all_eligible_queries,absolute_sequence_separation,145,496,-0.30745573338648713,-2.333702651819533,1.718791185046559,True,1.0,1.0
esm2_top4_bilstm_attn,test,-1,combined,all_eligible_queries,band_water_contact_count,145,495,0.0006385693604918731,-0.0006236109152520517,0.0019007496362357977,True,1.0,1.0
esm2_top4_bilstm_attn,test,-1,combined,all_eligible_queries,direct_ca_contact,145,495,0.1202820609303534,0.08596785280176723,0.15459626905893958,True,2.6541438130652234e-17,2.919558194371746e-16
esm2_top4_bilstm_attn,test,-1,combined,all_eligible_queries,direct_putative_polar_contact,145,495,0.022581028739242736,0.002697258908178117,0.042464798570307355,True,0.0014660719473423367,0.006006740124333785
esm2_top4_bilstm_attn,test,-1,combined,all_eligible_queries,direct_putative_polar_contact_count,145,495,0.22048032080098381,0.14283593632389402,0.2981247052780736,True,7.8366246313468e-08,5.03534230280823e-07
esm2_top4_bilstm_attn,test,-1,combined,all_eligible_queries,disorder,145,496,-0.01644362492335835,-0.02207145134972028,-0.01081579849699642,True,8.14970344632138e-37,1.832777752817164e-35
esm2_top4_bilstm_attn,test,-1,combined,all_eligible_queries,mean_query_contact_water_degree,133,465,-0.04904027655673859,-0.12186569221240774,0.023785139098930555,True,1.0,1.0
esm2_top4_bilstm_attn,test,-1,combined,all_eligible_queries,minimum_ca_distance_angstrom,145,495,-2.497946630206826,-3.0185518240655056,-1.9773414363481465,True,3.893241002593815e-14,3.6312994420506365e-13
esm2_top4_bilstm_attn,test,-1,combined,all_eligible_queries,minimum_heavy_atom_distance_angstrom,145,495,-2.291981373458584,-2.799716709318461,-1.7842460375987068,True,9.888123188385314e-11,7.848455424820342e-10
esm2_top4_bilstm_attn,test,-1,combined,all_eligible_queries,minimum_polar_atom_distance_angstrom,145,495,-1.9723523881473022,-2.4800680105209527,-1.4646367657736516,True,8.595663351161875e-09,5.8974991941530965e-08
esm2_top4_bilstm_attn,test,-1,combined,all_eligible_queries,neq,145,496,-0.38366475576920156,-0.43210753652823664,-0.3352219750101665,True,1.846933796755538e-39,4.918676321885802e-38
esm2_top4_bilstm_attn,test,-1,combined,all_eligible_queries,nonlocal_contact_path_exists,145,495,0.0022753724558600024,-0.007084318655877891,0.011635063567597895,True,0.012939453125,0.043649088541666665
esm2_top4_bilstm_attn,test,-1,combined,all_eligible_queries,normalized_query_position,145,496,-0.009968607684727659,-0.029175808746546343,0.009238593377091027,True,0.31898947481598944,0.5827027951512298
esm2_top4_bilstm_attn,test,-1,combined,all_eligible_queries,one_water_bridge,145,495,0.0033502153632818665,-0.0030578116051312417,0.009758242331694974,True,0.880395821280672,1.0
esm2_top4_bilstm_attn,test,-1,combined,all_eligible_queries,ordinary_contact_path_exists,145,495,0.0,0.0,0.0,True,1.0,1.0
esm2_top4_bilstm_attn,test,-1,combined,all_eligible_queries,query_distance_to_band_domain_boundary_sequence,145,495,2.946185680051598,0.8908344630591136,5.001536897044082,True,0.007656052792678145,0.027233481287136322
esm2_top4_bilstm_attn,test,-1,combined,all_eligible_queries,query_distance_to_community_boundary_edges,145,495,-0.3356410480311968,-0.41911065254287627,-0.25217144351951737,True,1.6862794099851318e-10,1.3177720176872226e-09
esm2_top4_bilstm_attn,test,-1,combined,all_eligible_queries,query_distance_to_ecod_boundary_sequence,145,495,2.7832486145700144,0.6205889667889837,4.945908262351045,True,0.09639401732287689,0.2347791709524703
esm2_top4_bilstm_attn,test,-1,combined,all_eligible_queries,query_in_any_band,145,496,0.6549771176059008,0.5959160481954074,0.7140381870163942,True,1.5435801604555014e-27,2.581988632034657e-26
esm2_top4_bilstm_attn,test,-1,combined,all_eligible_queries,query_to_band_contact_count,145,495,0.40427332097240326,0.31084692862781305,0.4976997133169935,True,6.691287683282994e-20,8.794263812314794e-19
esm2_top4_bilstm_attn,test,-1,combined,all_eligible_queries,query_to_band_contact_fraction,145,495,0.07012306212020962,0.052553138682974766,0.08769298555744448,True,6.691287683282994e-20,8.794263812314794e-19
esm2_top4_bilstm_attn,test,-1,combined,all_eligible_queries,query_water_contact_count,145,495,-0.30842158927195945,-0.38665382523904146,-0.23018935330487744,True,5.83538118989512e-12,4.9417621457521855e-11
esm2_top4_bilstm_attn,test,-1,combined,all_eligible_queries,reachable_query_water_entry_count,145,495,0.004588763591135296,-0.007862753855599888,0.017040281037870482,True,0.6146550157654618,0.9021477533787488
esm2_top4_bilstm_attn,test,-1,combined,all_eligible_queries,relative_backbone_orientation_cosine,145,494,0.029319470449425594,-0.02026855910020977,0.07890749999906096,True,1.0,1.0
esm2_top4_bilstm_attn,test,-1,combined,all_eligible_queries,rsa,145,496,-0.14608951484904018,-0.16340756186643254,-0.1287714678316478,True,2.907347193787138e-30,5.448584000208488e-29
esm2_top4_bilstm_attn,test,-1,combined,all_eligible_queries,same_community_as_band_apex,145,495,0.043646516107574126,0.01144781068419607,0.07584522153095219,True,0.4779219422067188,0.7695417748817811
esm2_top4_bilstm_attn,test,-1,combined,all_eligible_queries,same_community_as_band_majority,143,460,0.014310771089305502,-0.01860629971787465,0.04722784189648565,True,0.2791985549760793,0.5251838989512867
esm2_top4_bilstm_attn,test,-1,combined,all_eligible_queries,same_ecod_domain_as_band_apex,145,495,0.007619469585527872,-0.007038296047318094,0.02227723521837384,True,0.8854334972865135,1.0
esm2_top4_bilstm_attn,test,-1,combined,all_eligible_queries,shared_water_count,145,495,0.0051224144333864305,-0.002739998407885069,0.01298482727465793,True,0.880395821280672,1.0
esm2_top4_bilstm_attn,test,-1,combined,all_eligible_queries,shared_water_fraction_of_band_contacts,145,495,0.0015663086983704387,-0.0005376364179616718,0.0036702538147025494,True,0.880395821280672,1.0
esm2_top4_bilstm_attn,test,-1,combined,all_eligible_queries,shared_water_fraction_of_query_contacts,145,495,0.002105287780592463,-0.0018762938867979383,0.006086869447982864,True,1.0,1.0
esm2_top4_bilstm_attn,test,-1,combined,all_eligible_queries,shares_any_ecod_domain_with_band,145,495,0.007619469585527872,-0.007038296047318094,0.02227723521837384,True,0.8854334972865135,1.0
esm2_top4_bilstm_attn,test,-1,combined,all_eligible_queries,shortest_nonlocal_contact_path_edges,145,495,-0.4988258907193716,-0.6288020040752149,-0.3688497773635283,True,7.381338353514595e-10,5.389575598445579e-09
esm2_top4_bilstm_attn,test,-1,combined,all_eligible_queries,shortest_ordinary_contact_path_edges,145,495,-0.4863969955544027,-0.6007806238859309,-0.3720133672228745,True,1.495758749576493e-09,1.0773721384849899e-08
esm2_top4_bilstm_attn,test,-1,combined,all_eligible_queries,torsion_change_from_previous,145,496,-44.127313528378565,-49.375902796736604,-38.878724260020526,True,8.14970344632138e-37,1.832777752817164e-35
esm2_top4_bilstm_attn,test,-1,combined,all_eligible_queries,water_path_at_most_1,145,495,0.0033502153632818665,-0.0030578116051312417,0.009758242331694974,True,0.880395821280672,1.0
esm2_top4_bilstm_attn,test,-1,combined,all_eligible_queries,water_path_at_most_2,145,495,0.0018524259929919129,-0.007244465171927558,0.010949317157911384,True,0.5044037600228255,0.7791625099604069
esm2_top4_bilstm_attn,test,-1,combined,all_eligible_queries,water_path_at_most_3,145,495,0.002252757054372226,-0.007059339388058155,0.011564853496802608,True,0.8974218269914307,1.0
esm2_top4_bilstm_attn,test,-1,combined,all_eligible_queries,water_path_exists,145,495,0.001793220396575119,-0.007542258775777783,0.011128699568928022,True,0.7035366713552733,0.9806874812831082
esm2_top4_bilstm_attn,test,-1,combined,all_eligible_queries,water_path_without_direct_ca_contact,145,495,-0.002711430167150794,-0.0063433650365666535,0.0009205047022650655,True,0.05958388801809633,0.1594230849981688
esm2_top4_bilstm_attn,test,-1,combined,all_eligible_queries,water_path_without_direct_polar_contact,145,495,-0.0002190343494445462,-0.004868879335081415,0.004430810636192323,True,0.47988766169832786,0.7714794497834914
esm2_top4_bilstm_attn,test,-1,combined,sequence_distal_ge21,absolute_backbone_orientation_cosine,140,484,0.01771711729103678,-0.0010381407185525264,0.03647237530062608,True,0.07555082875265669,0.19283086682897496
esm2_top4_bilstm_attn,test,-1,combined,sequence_distal_ge21,absolute_sequence_separation,140,486,-0.4674202019750326,-2.984320287844733,2.049479883894668,True,0.6727565036145107,0.9602673930294566
esm2_top4_bilstm_attn,test,-1,combined,sequence_distal_ge21,band_water_contact_count,140,485,0.0,0.0,0.0,True,1.0,1.0
esm2_top4_bilstm_attn,test,-1,combined,sequence_distal_ge21,direct_ca_contact,140,485,0.08865627561438227,0.05741254906771847,0.11990000216104607,True,6.041171809636999e-10,4.528641386187143e-09
esm2_top4_bilstm_attn,test,-1,combined,sequence_distal_ge21,direct_putative_polar_contact,140,485,-0.0018551142744581198,-0.007865545873030096,0.004155317324113857,True,1.0,1.0
esm2_top4_bilstm_attn,test,-1,combined,sequence_distal_ge21,direct_putative_polar_contact_count,140,485,-0.0018296040478220077,-0.007852439421047889,0.0041932313254038735,True,1.0,1.0
esm2_top4_bilstm_attn,test,-1,combined,sequence_distal_ge21,disorder,140,486,-0.016719039307583835,-0.022950674950808544,-0.010487403664359126,True,6.209695184944958e-34,1.2957137169410922e-32
esm2_top4_bilstm_attn,test,-1,combined,sequence_distal_ge21,minimum_ca_distance_angstrom,140,485,-2.5208952168739107,-3.1351465966282563,-1.906643837119565,True,4.143396431880526e-07,2.533605552303983e-06
esm2_top4_bilstm_attn,test,-1,combined,sequence_distal_ge21,minimum_heavy_atom_distance_angstrom,140,485,-2.389711210719705,-2.9857120457337216,-1.7937103757056883,True,6.0187717660317e-08,3.879615940907058e-07
esm2_top4_bilstm_attn,test,-1,combined,sequence_distal_ge21,minimum_polar_atom_distance_angstrom,140,485,-2.135056888887536,-2.7259844759643146,-1.5441293018107574,True,2.49153734808359e-06,1.4007976645892185e-05
esm2_top4_bilstm_attn,test,-1,combined,sequence_distal_ge21,neq,140,486,-0.38864043345923655,-0.43675548739100817,-0.3405253795274649,True,2.792660040979414e-38,6.893102345051627e-37
esm2_top4_bilstm_attn,test,-1,combined,sequence_distal_ge21,nonlocal_contact_path_exists,140,485,0.0016096853866936639,-0.008671959134878778,0.011891329908266107,True,0.012939453125,0.043649088541666665
esm2_top4_bilstm_attn,test,-1,combined,sequence_distal_ge21,normalized_query_position,140,486,-0.0062447618818452484,-0.027884031478750657,0.015394507715060162,True,0.5542689157763171,0.8378654667031004
esm2_top4_bilstm_attn,test,-1,combined,sequence_distal_ge21,one_water_bridge,140,485,-0.002321409348240921,-0.0045712782839439515,-7.154041253789071e-05,True,0.12144948495551944,0.27884483206067834
esm2_top4_bilstm_attn,test,-1,combined,sequence_distal_ge21,ordinary_contact_path_exists,140,485,0.0,0.0,0.0,True,1.0,1.0
esm2_top4_bilstm_attn,test,-1,combined,sequence_distal_ge21,query_distance_to_band_domain_boundary_sequence,140,485,3.5245907606414555,1.0951335542420648,5.954047967040847,True,0.0085565479610758,0.030119048822986817
esm2_top4_bilstm_attn,test,-1,combined,sequence_distal_ge21,query_distance_to_community_boundary_edges,139,484,-0.34722381826702176,-0.4338334060832934,-0.2606142304507501,True,2.1594630021214176e-09,1.528235355347465e-08
esm2_top4_bilstm_attn,test,-1,combined,sequence_distal_ge21,query_distance_to_ecod_boundary_sequence,140,485,3.0379848094818103,0.44722771764120495,5.628741901322416,True,0.051523568581622346,0.1438395900816602
esm2_top4_bilstm_attn,test,-1,combined,sequence_distal_ge21,query_in_any_band,140,486,0.7125615461658612,0.6533447901900654,0.771778302141657,True,5.3820924789250584e-27,8.928979653560916e-26
esm2_top4_bilstm_attn,test,-1,combined,sequence_distal_ge21,query_to_band_contact_count,140,485,0.13836516172650945,0.09018143133209089,0.186548892120928,True,6.041171809636999e-10,4.528641386187143e-09
esm2_top4_bilstm_attn,test,-1,combined,sequence_distal_ge21,query_to_band_contact_fraction,140,485,0.022616872520978434,0.014042966814183142,0.031190778227773726,True,1.5502748845162157e-10,1.2161846380855893e-09
esm2_top4_bilstm_attn,test,-1,combined,sequence_distal_ge21,query_water_contact_count,140,485,-0.299343118601546,-0.377358459881184,-0.221327777321908,True,5.4871722699138016e-11,4.424715806496229e-10
esm2_top4_bilstm_attn,test,-1,combined,sequence_distal_ge21,reachable_query_water_entry_count,140,485,0.0020578496408169993,-0.0064186579008115585,0.010534357182445556,True,0.20263875106454066,0.42022626245351463
esm2_top4_bilstm_attn,test,-1,combined,sequence_distal_ge21,relative_backbone_orientation_cosine,140,484,0.0076425049459253385,-0.041671894675273734,0.05695690456712441,True,0.7999564140878668,1.0
esm2_top4_bilstm_attn,test,-1,combined,sequence_distal_ge21,rsa,140,486,-0.1472593235639354,-0.16487672985579763,-0.12964191727207316,True,6.739276631949471e-29,1.1658372566722846e-27
esm2_top4_bilstm_attn,test,-1,combined,sequence_distal_ge21,same_community_as_band_apex,140,485,0.04185228530477805,0.009415146783354048,0.07428942382620206,True,0.35527968165224744,0.6274747606144405
esm2_top4_bilstm_attn,test,-1,combined,sequence_distal_ge21,same_community_as_band_majority,138,451,0.02411642217972109,-0.004726372995934949,0.05295921735537713,True,1.0,1.0
esm2_top4_bilstm_attn,test,-1,combined,sequence_distal_ge21,same_ecod_domain_as_band_apex,140,485,0.00813869709201607,-0.008480826828494688,0.02475822101252683,True,0.7708669945730263,1.0
esm2_top4_bilstm_attn,test,-1,combined,sequence_distal_ge21,shared_water_count,140,485,-0.0018542237422139879,-0.00436210645968955,0.0006536589752615736,True,0.12144948495551944,0.27884483206067834
esm2_top4_bilstm_attn,test,-1,combined,sequence_distal_ge21,shared_water_fraction_of_band_contacts,140,485,-0.0005788299594912908,-0.0012640738229679218,0.00010641390398534033,True,0.12144948495551944,0.27884483206067834
esm2_top4_bilstm_attn,test,-1,combined,sequence_distal_ge21,shared_water_fraction_of_query_contacts,140,485,-0.001297212788026954,-0.0026975543938930575,0.00010312881783914934,True,0.12144948495551944,0.27884483206067834
esm2_top4_bilstm_attn,test,-1,combined,sequence_distal_ge21,shares_any_ecod_domain_with_band,140,485,0.00813869709201607,-0.008480826828494688,0.02475822101252683,True,0.7708669945730263,1.0
esm2_top4_bilstm_attn,test,-1,combined,sequence_distal_ge21,shortest_nonlocal_contact_path_edges,139,484,-0.5434819676377473,-0.6939315785552149,-0.39303235672027964,True,4.937339874544326e-06,2.6935784113417024e-05
esm2_top4_bilstm_attn,test,-1,combined,sequence_distal_ge21,shortest_ordinary_contact_path_edges,140,485,-0.5222154556239844,-0.6565429949395821,-0.3878879163083867,True,4.143396431880526e-07,2.533605552303983e-06
esm2_top4_bilstm_attn,test,-1,combined,sequence_distal_ge21,torsion_change_from_previous,140,486,-42.823969757045106,-47.72354831248664,-37.92439120160357,True,6.564099930151443e-37,1.509742983934832e-35
esm2_top4_bilstm_attn,test,-1,combined,sequence_distal_ge21,water_path_at_most_1,140,485,-0.002321409348240921,-0.0045712782839439515,-7.154041253789071e-05,True,0.12144948495551944,0.27884483206067834
esm2_top4_bilstm_attn,test,-1,combined,sequence_distal_ge21,water_path_at_most_2,140,485,0.0013511487640088385,-0.005381309483712179,0.008083607011729856,True,0.1351564508456704,0.30345454388266674
esm2_top4_bilstm_attn,test,-1,combined,sequence_distal_ge21,water_path_at_most_3,140,485,0.0013767677032321766,-0.005787579744341702,0.008541115150806055,True,0.19341265286193737,0.4056655019612034
esm2_top4_bilstm_attn,test,-1,combined,sequence_distal_ge21,water_path_exists,140,485,0.0008601610907020383,-0.006342138995400036,0.008062461176804113,True,0.11892045255943628,0.27507999540605604
esm2_top4_bilstm_attn,test,-1,combined,sequence_distal_ge21,water_path_without_direct_ca_contact,140,485,-0.0010032576682984635,-0.0038717528354149278,0.0018652374988180009,True,0.011330984183587134,0.039069696742044906
esm2_top4_bilstm_attn,test,-1,combined,sequence_distal_ge21,water_path_without_direct_polar_contact,140,485,0.0015110011875583938,-0.005049144288011745,0.008071146663128533,True,0.3712980344710104,0.6470588235294118
esm2_top4_bilstm_attn,test,-1,combined,sequence_distal_ge21_no_direct_ca,absolute_backbone_orientation_cosine,138,482,0.011831902722438805,-0.006438707958192423,0.030102513403070033,True,0.1475918641688608,0.3243495473157158
esm2_top4_bilstm_attn,test,-1,combined,sequence_distal_ge21_no_direct_ca,absolute_sequence_separation,138,483,-0.09790802669371632,-2.664102195447218,2.4682861420597852,True,0.670534100245501,0.9577706555376809
esm2_top4_bilstm_attn,test,-1,combined,sequence_distal_ge21_no_direct_ca,band_water_contact_count,138,483,0.0,0.0,0.0,True,1.0,1.0
esm2_top4_bilstm_attn,test,-1,combined,sequence_distal_ge21_no_direct_ca,direct_ca_contact,138,483,0.0,0.0,0.0,True,1.0,1.0
esm2_top4_bilstm_attn,test,-1,combined,sequence_distal_ge21_no_direct_ca,direct_putative_polar_contact,138,483,-0.0016065601033587696,-0.0074858686280005774,0.004272748421283039,True,1.0,1.0
esm2_top4_bilstm_attn,test,-1,combined,sequence_distal_ge21_no_direct_ca,direct_putative_polar_contact_count,138,483,-0.0016065601033587696,-0.0074858686280005774,0.004272748421283039,True,1.0,1.0
esm2_top4_bilstm_attn,test,-1,combined,sequence_distal_ge21_no_direct_ca,disorder,138,483,-0.017691221919958904,-0.02319204525889186,-0.012190398581025948,True,2.3103057490381402e-33,4.6297612238150453e-32
esm2_top4_bilstm_attn,test,-1,combined,sequence_distal_ge21_no_direct_ca,minimum_ca_distance_angstrom,138,483,-2.091558177809291,-2.7115965911131785,-1.4715197645054032,True,2.5036308978341128e-05,0.00012828731486623404
esm2_top4_bilstm_attn,test,-1,combined,sequence_distal_ge21_no_direct_ca,minimum_heavy_atom_distance_angstrom,138,483,-1.9863430727648037,-2.593758412620767,-1.3789277329088403,True,1.1299603475746222e-05,5.987015035316846e-05
esm2_top4_bilstm_attn,test,-1,combined,sequence_distal_ge21_no_direct_ca,minimum_polar_atom_distance_angstrom,138,483,-1.7891776672710622,-2.393840749457351,-1.1845145850847736,True,0.00044058492261106464,0.001986066555378162
esm2_top4_bilstm_attn,test,-1,combined,sequence_distal_ge21_no_direct_ca,neq,138,483,-0.3837980404472675,-0.43141955406626376,-0.33617652682827126,True,1.0852659758470611e-37,2.6464799218246406e-36
esm2_top4_bilstm_attn,test,-1,combined,sequence_distal_ge21_no_direct_ca,nonlocal_contact_path_exists,138,483,0.001828788819568357,-0.008693765069236494,0.012351342708373209,True,0.012939453125,0.043649088541666665
esm2_top4_bilstm_attn,test,-1,combined,sequence_distal_ge21_no_direct_ca,normalized_query_position,138,483,-0.0057276151835521155,-0.02763616680188332,0.016180936434779088,True,0.7985445343004955,1.0
esm2_top4_bilstm_attn,test,-1,combined,sequence_distal_ge21_no_direct_ca,one_water_bridge,138,483,-0.0021770305392878526,-0.004081455280162769,-0.0002726057984129362,True,0.004425048828125,0.0163734896309415
esm2_top4_bilstm_attn,test,-1,combined,sequence_distal_ge21_no_direct_ca,ordinary_contact_path_exists,138,483,0.0,0.0,0.0,True,1.0,1.0
esm2_top4_bilstm_attn,test,-1,combined,sequence_distal_ge21_no_direct_ca,query_distance_to_band_domain_boundary_sequence,138,483,3.525554195114671,1.084120530607739,5.966987859621604,True,0.013273216041919202,0.04462622802133632
esm2_top4_bilstm_attn,test,-1,combined,sequence_distal_ge21_no_direct_ca,query_distance_to_community_boundary_edges,137,482,-0.3308976492633511,-0.4200534938391509,-0.24174180468755121,True,3.957630638799941e-07,2.434724745571757e-06
esm2_top4_bilstm_attn,test,-1,combined,sequence_distal_ge21_no_direct_ca,query_distance_to_ecod_boundary_sequence,138,483,2.989608281412166,0.386317844396046,5.592898718428286,True,0.10545402577641196,0.25409398591840215
esm2_top4_bilstm_attn,test,-1,combined,sequence_distal_ge21_no_direct_ca,query_in_any_band,138,483,0.7293474442649308,0.672759889171091,0.7859349993587706,True,4.581478055141831e-29,8.134132968076374e-28
esm2_top4_bilstm_attn,test,-1,combined,sequence_distal_ge21_no_direct_ca,query_to_band_contact_count,138,483,0.0,0.0,0.0,True,1.0,1.0
esm2_top4_bilstm_attn,test,-1,combined,sequence_distal_ge21_no_direct_ca,query_to_band_contact_fraction,138,483,0.0,0.0,0.0,True,1.0,1.0
esm2_top4_bilstm_attn,test,-1,combined,sequence_distal_ge21_no_direct_ca,query_water_contact_count,138,483,-0.24954481472038803,-0.33355639297084966,-0.1655332364699264,True,2.5103159341769533e-08,1.6824104141636272e-07
esm2_top4_bilstm_attn,test,-1,combined,sequence_distal_ge21_no_direct_ca,reachable_query_water_entry_count,138,483,-0.0004166903974674155,-0.0043285211705438465,0.003495140375609015,True,0.011330984183587134,0.039069696742044906
esm2_top4_bilstm_attn,test,-1,combined,sequence_distal_ge21_no_direct_ca,relative_backbone_orientation_cosine,138,482,-0.007547590277910415,-0.05710551277200717,0.04201033221618634,True,0.44371500352667137,0.7314087567047796
esm2_top4_bilstm_attn,test,-1,combined,sequence_distal_ge21_no_direct_ca,rsa,138,483,-0.13408194973953247,-0.1525287708316696,-0.11563512864739532,True,3.855331674762765e-25,6.0962432107186224e-24
esm2_top4_bilstm_attn,test,-1,combined,sequence_distal_ge21_no_direct_ca,same_community_as_band_apex,138,483,0.0077202797969226425,-0.01782153754734338,0.03326209714118866,True,0.10778227965475437,0.25786209695180007
esm2_top4_bilstm_attn,test,-1,combined,sequence_distal_ge21_no_direct_ca,same_community_as_band_majority,137,450,-0.008094063596890603,-0.028892947427045283,0.012704820233264075,True,0.25460512309379446,0.4893834464784805
esm2_top4_bilstm_attn,test,-1,combined,sequence_distal_ge21_no_direct_ca,same_ecod_domain_as_band_apex,138,483,0.005100128729277971,-0.012054502169308187,0.022254759627864128,True,1.0,1.0
esm2_top4_bilstm_attn,test,-1,combined,sequence_distal_ge21_no_direct_ca,shared_water_count,138,483,-0.0021099344571991123,-0.004030413322786943,-0.00018945559161128128,True,0.004425048828125,0.0163734896309415
esm2_top4_bilstm_attn,test,-1,combined,sequence_distal_ge21_no_direct_ca,shared_water_fraction_of_band_contacts,138,483,-0.0005543806085686826,-0.0010226043260418705,-8.615689109549464e-05,True,0.004425048828125,0.0163734896309415
esm2_top4_bilstm_attn,test,-1,combined,sequence_distal_ge21_no_direct_ca,shared_water_fraction_of_query_contacts,138,483,-0.001089220252591292,-0.0020031866039394975,-0.00017525390124308645,True,0.004425048828125,0.0163734896309415
esm2_top4_bilstm_attn,test,-1,combined,sequence_distal_ge21_no_direct_ca,shares_any_ecod_domain_with_band,138,483,0.005100128729277971,-0.012054502169308187,0.022254759627864128,True,1.0,1.0
esm2_top4_bilstm_attn,test,-1,combined,sequence_distal_ge21_no_direct_ca,shortest_nonlocal_contact_path_edges,137,482,-0.3863391470662579,-0.5323822654250091,-0.24029602870750663,True,0.001988686320811705,0.007923427388430888
esm2_top4_bilstm_attn,test,-1,combined,sequence_distal_ge21_no_direct_ca,shortest_ordinary_contact_path_edges,138,483,-0.40906379792533815,-0.5395138198112186,-0.2786137760394577,True,2.168968539085815e-05,0.00011227601849385394
esm2_top4_bilstm_attn,test,-1,combined,sequence_distal_ge21_no_direct_ca,torsion_change_from_previous,138,483,-43.49719868089186,-48.32118741454285,-38.67320994724088,True,7.978208728725487e-40,2.18214790093789e-38
esm2_top4_bilstm_attn,test,-1,combined,sequence_distal_ge21_no_direct_ca,water_path_at_most_1,138,483,-0.0021770305392878526,-0.004081455280162769,-0.0002726057984129362,True,0.004425048828125,0.0163734896309415
esm2_top4_bilstm_attn,test,-1,combined,sequence_distal_ge21_no_direct_ca,water_path_at_most_2,138,483,-0.000999041977465379,-0.00379089631644719,0.0017928123615164318,True,0.0241195447742939,0.07533635589995502
esm2_top4_bilstm_attn,test,-1,combined,sequence_distal_ge21_no_direct_ca,water_path_at_most_3,138,483,-0.00049694743472274,-0.003647505206284177,0.0026536103368386965,True,0.07075554598122835,0.18336648535980304
esm2_top4_bilstm_attn,test,-1,combined,sequence_distal_ge21_no_direct_ca,water_path_exists,138,483,-0.0010376669831520067,-0.004228037119720146,0.002152703153416132,True,0.011330984183587134,0.039069696742044906
esm2_top4_bilstm_attn,test,-1,combined,sequence_distal_ge21_no_direct_ca,water_path_without_direct_ca_contact,138,483,-0.0010376669831520067,-0.004228037119720146,0.002152703153416132,True,0.011330984183587134,0.039069696742044906
esm2_top4_bilstm_attn,test,-1,combined,sequence_distal_ge21_no_direct_ca,water_path_without_direct_polar_contact,138,483,-0.00022054343218833714,-0.0031554824494255886,0.002714395585048914,True,0.03508203336969018,0.1048833612115996
esm2_top4_bilstm_attn,test,1,combined,all_eligible_queries,absolute_backbone_orientation_cosine,195,1052,-0.004210032814326934,-0.019582708888051432,0.011162643259397562,True,0.47401388441422476,0.7638567691515852
esm2_top4_bilstm_attn,test,1,combined,all_eligible_queries,absolute_sequence_separation,196,1098,-4.404472171455256,-6.015071950531805,-2.793872392378707,True,1.3240945319970282e-07,8.401151513360454e-07
esm2_top4_bilstm_attn,test,1,combined,all_eligible_queries,band_water_contact_count,195,1054,0.0,0.0,0.0,True,1.0,1.0
esm2_top4_bilstm_attn,test,1,combined,all_eligible_queries,direct_ca_contact,195,1054,0.042329818597547905,0.024037874421265513,0.0606217627738303,True,2.0959052717667597e-05,0.00010905395100383676
esm2_top4_bilstm_attn,test,1,combined,all_eligible_queries,direct_putative_polar_contact,195,1054,0.04660597918262409,0.033454975640640906,0.05975698272460727,True,2.923580700821239e-17,3.1985553180876684e-16
esm2_top4_bilstm_attn,test,1,combined,all_eligible_queries,direct_putative_polar_contact_count,195,1054,0.07578475235666773,0.05567649751076059,0.09589300720257488,True,2.491070910758037e-16,2.5724120017215646e-15
esm2_top4_bilstm_attn,test,1,combined,all_eligible_queries,disorder,196,1098,-0.03619257725388286,-0.050668401761888145,-0.02171675274587758,True,0.0012497096331029786,0.005193865087064535
esm2_top4_bilstm_attn,test,1,combined,all_eligible_queries,mean_query_contact_water_degree,181,992,0.04743007828928941,-0.0009661327858013213,0.09582628936438015,True,0.49267221764855357,0.7766675710918516
esm2_top4_bilstm_attn,test,1,combined,all_eligible_queries,minimum_ca_distance_angstrom,195,1054,0.9792650775518831,0.393575161351968,1.5649549937517981,True,0.0003193156634808,0.0014589049726526845
esm2_top4_bilstm_attn,test,1,combined,all_eligible_queries,minimum_heavy_atom_distance_angstrom,195,1054,1.046775439040863,0.47555768910824725,1.6179931889734789,True,2.8733702653621798e-05,0.0001461231511832425
esm2_top4_bilstm_attn,test,1,combined,all_eligible_queries,minimum_polar_atom_distance_angstrom,195,1054,0.9367780412048681,0.37158160116515526,1.5019744812445808,True,5.416365361963827e-05,0.0002673834998198728
esm2_top4_bilstm_attn,test,1,combined,all_eligible_queries,neq,196,1098,0.6727382959787491,0.6164753776329897,0.7290012143245086,True,1.4982596836023165e-48,6.064955199222177e-47
esm2_top4_bilstm_attn,test,1,combined,all_eligible_queries,nonlocal_contact_path_exists,195,1054,-0.03830012648159767,-0.055726734940908566,-0.02087351802228677,True,3.817657045442608e-14,3.5772860462851106e-13
esm2_top4_bilstm_attn,test,1,combined,all_eligible_queries,normalized_query_position,196,1098,-0.024836501664818607,-0.041411575837286344,-0.00826142749235087,True,0.07387580201820056,0.18927167504409864
esm2_top4_bilstm_attn,test,1,combined,all_eligible_queries,one_water_bridge,195,1054,0.007435145010066341,0.002599854075679593,0.012270435944453088,True,0.45185326866574166,0.7369468297981153
esm2_top4_bilstm_attn,test,1,combined,all_eligible_queries,ordinary_contact_path_exists,195,1054,0.0,0.0,0.0,True,1.0,1.0
esm2_top4_bilstm_attn,test,1,combined,all_eligible_queries,query_distance_to_band_domain_boundary_sequence,194,1051,2.1915188706623665,0.24446552489605766,4.138572216428676,True,0.001943483600989264,0.007758601200004478
esm2_top4_bilstm_attn,test,1,combined,all_eligible_queries,query_distance_to_community_boundary_edges,193,1050,0.42130572592922994,0.33769558351278717,0.5049158683456727,True,4.761866709466001e-15,4.589532485694851e-14
esm2_top4_bilstm_attn,test,1,combined,all_eligible_queries,query_distance_to_ecod_boundary_sequence,194,1053,3.001663207175653,1.0643616253194783,4.938964789031827,True,0.0001292798164731033,0.0006156761142154379
esm2_top4_bilstm_attn,test,1,combined,all_eligible_queries,query_in_any_band,196,1098,0.6107529700913713,0.5635341728463819,0.6579717673363608,True,2.948341282536135e-40,8.524918222647339e-39
esm2_top4_bilstm_attn,test,1,combined,all_eligible_queries,query_to_band_contact_count,195,1054,0.12950335680041103,0.08809554045155542,0.17091117314926663,True,6.641000893010107e-10,4.905615258194327e-09
esm2_top4_bilstm_attn,test,1,combined,all_eligible_queries,query_to_band_contact_fraction,195,1054,0.0356673608212326,0.024605257282461275,0.04672946436000392,True,6.641000893010107e-10,4.905615258194327e-09
esm2_top4_bilstm_attn,test,1,combined,all_eligible_queries,query_water_contact_count,195,1054,0.1102222392684639,0.046824912696098245,0.17361956584082955,True,0.02168917189061992,0.06913210064033815
esm2_top4_bilstm_attn,test,1,combined,all_eligible_queries,reachable_query_water_entry_count,195,1054,0.013591183714607494,0.005567274969533348,0.021615092459681642,True,1.0,1.0
esm2_top4_bilstm_attn,test,1,combined,all_eligible_queries,relative_backbone_orientation_cosine,195,1052,0.007422879698357306,-0.02740352472540312,0.04224928412211773,True,0.15189443947042955,0.3323614545817831
esm2_top4_bilstm_attn,test,1,combined,all_eligible_queries,rsa,196,1098,0.12859247382194078,0.11204156525117173,0.14514338239270982,True,6.141176761870397e-28,1.0445161147920743e-26
esm2_top4_bilstm_attn,test,1,combined,all_eligible_queries,same_community_as_band_apex,195,1054,0.007989318464747954,-0.014628789528768147,0.030607426458264055,True,0.29535240587693534,0.5489378048621828
esm2_top4_bilstm_attn,test,1,combined,all_eligible_queries,same_community_as_band_majority,195,986,0.014300460407421375,-0.00933786248070095,0.037938783295543704,True,0.4548953397912325,0.7377469292768065
esm2_top4_bilstm_attn,test,1,combined,all_eligible_queries,same_ecod_domain_as_band_apex,194,1048,-0.00047271808731483707,-0.007955391188727292,0.007009955014097618,True,0.2288055412343561,0.4603403732190226
esm2_top4_bilstm_attn,test,1,combined,all_eligible_queries,shared_water_count,195,1054,0.010359730649525117,0.0039035049320596746,0.01681595636699056,True,0.45185326866574166,0.7369468297981153
esm2_top4_bilstm_attn,test,1,combined,all_eligible_queries,shared_water_fraction_of_band_contacts,195,1054,0.0027061695067435625,0.0010021313108839087,0.004410207702603216,True,0.5726564757939484,0.8553924036951673
esm2_top4_bilstm_attn,test,1,combined,all_eligible_queries,shared_water_fraction_of_query_contacts,195,1054,0.005128462779601333,0.0015617032452063507,0.008695222313996314,True,1.0,1.0
esm2_top4_bilstm_attn,test,1,combined,all_eligible_queries,shares_any_ecod_domain_with_band,194,1051,-0.0015155985567814575,-0.008798916739500692,0.0057677196259377774,True,0.08142681460950618,0.2049849163801499
esm2_top4_bilstm_attn,test,1,combined,all_eligible_queries,shortest_nonlocal_contact_path_edges,193,1042,0.36253178284339815,0.24208113143840737,0.48298243424838894,True,2.035676139640127e-09,1.4456871953093394e-08
esm2_top4_bilstm_attn,test,1,combined,all_eligible_queries,shortest_ordinary_contact_path_edges,195,1054,0.24257146068701935,0.12516122178029104,0.35998169959374765,True,1.1847801490443684e-06,6.9306214499011604e-06
esm2_top4_bilstm_attn,test,1,combined,all_eligible_queries,torsion_change_from_previous,196,1098,19.799698112378007,16.052788484389826,23.546607740366188,True,5.595421300275964e-18,6.508696960780776e-17
esm2_top4_bilstm_attn,test,1,combined,all_eligible_queries,water_path_at_most_1,195,1054,0.007435145010066341,0.002599854075679593,0.012270435944453088,True,0.45185326866574166,0.7369468297981153
esm2_top4_bilstm_attn,test,1,combined,all_eligible_queries,water_path_at_most_2,195,1054,0.009057501439906804,0.0033558203611641297,0.01475918251864948,True,0.7925825227940961,1.0
esm2_top4_bilstm_attn,test,1,combined,all_eligible_queries,water_path_at_most_3,195,1054,0.00958317271995771,0.003758093775132157,0.015408251664783264,True,0.9301553393082163,1.0
esm2_top4_bilstm_attn,test,1,combined,all_eligible_queries,water_path_exists,195,1054,0.009737646178094143,0.0038846704833790796,0.015590621872809206,True,0.8613689310511564,1.0
esm2_top4_bilstm_attn,test,1,combined,all_eligible_queries,water_path_without_direct_ca_contact,195,1054,-0.0015224598575208385,-0.0037521100511612917,0.0007071903361196147,True,0.010546897231105523,0.036741686739686016
esm2_top4_bilstm_attn,test,1,combined,all_eligible_queries,water_path_without_direct_polar_contact,195,1054,0.00015132768053870057,-0.0034136564144385114,0.0037163117755159127,True,0.004195534185394861,0.015696416249980034
esm2_top4_bilstm_attn,test,1,combined,sequence_distal_ge21,absolute_backbone_orientation_cosine,192,1040,-0.0025348255128058578,-0.020419808588728633,0.015350157563116917,True,0.9424925696532246,1.0
esm2_top4_bilstm_attn,test,1,combined,sequence_distal_ge21,absolute_sequence_separation,193,1088,-5.42103907622507,-7.253457282753697,-3.588620869696443,True,2.971794264548816e-08,1.9721021611300996e-07
esm2_top4_bilstm_attn,test,1,combined,sequence_distal_ge21,band_water_contact_count,192,1043,0.0,0.0,0.0,True,1.0,1.0
esm2_top4_bilstm_attn,test,1,combined,sequence_distal_ge21,direct_ca_contact,192,1043,0.0023956666066311323,-0.013989158355386253,0.018780491568648517,True,0.45020799234923226,0.7369468297981153
esm2_top4_bilstm_attn,test,1,combined,sequence_distal_ge21,direct_putative_polar_contact,192,1043,0.0051369126009088335,-0.0025472239172443885,0.012821049119062056,True,0.5507089135982715,0.8354822481439372
esm2_top4_bilstm_attn,test,1,combined,sequence_distal_ge21,direct_putative_polar_contact_count,192,1043,0.003780495484237698,-0.003941922988900349,0.011502913957375746,True,0.48411841360729146,0.775893613487834
esm2_top4_bilstm_attn,test,1,combined,sequence_distal_ge21,disorder,193,1088,-0.04503642555431853,-0.061896059236599854,-0.028176791872037196,True,0.0002967526212958216,0.0013650620579607794
esm2_top4_bilstm_attn,test,1,combined,sequence_distal_ge21,mean_query_contact_water_degree,176,970,0.06181546284116347,0.007936713740402987,0.11569421194192395,True,0.2470819717986578,0.4814462416745956
esm2_top4_bilstm_attn,test,1,combined,sequence_distal_ge21,minimum_ca_distance_angstrom,192,1043,1.2605977626351685,0.5657973005268414,1.9553982247434956,True,0.00011897923026908722,0.0005706491992052904
esm2_top4_bilstm_attn,test,1,combined,sequence_distal_ge21,minimum_heavy_atom_distance_angstrom,192,1043,1.307573034347299,0.6229206526766464,1.9922254160179518,True,9.047629392044941e-06,4.819053128815516e-05
esm2_top4_bilstm_attn,test,1,combined,sequence_distal_ge21,minimum_polar_atom_distance_angstrom,192,1043,1.1491983624108701,0.4689543889320942,1.829442335889646,True,0.0003789054762399982,0.0017156704338025868
esm2_top4_bilstm_attn,test,1,combined,sequence_distal_ge21,neq,193,1088,0.6721080142336509,0.6102418436769178,0.7339741847903839,True,2.9335298739754547e-46,1.1385167454917278e-44
esm2_top4_bilstm_attn,test,1,combined,sequence_distal_ge21,nonlocal_contact_path_exists,192,1043,-0.043222272280179,-0.06628589714702636,-0.020158647413331638,True,3.917818466976086e-13,3.4932443071187655e-12
esm2_top4_bilstm_attn,test,1,combined,sequence_distal_ge21,normalized_query_position,193,1088,-0.030733386406400793,-0.050570776069584294,-0.010895996743217291,True,0.24937669004363636,0.4814462416745956
esm2_top4_bilstm_attn,test,1,combined,sequence_distal_ge21,one_water_bridge,192,1043,0.004677090597178241,-0.001059510923158531,0.010413692117515014,True,0.28909608069606096,0.538794168811075
esm2_top4_bilstm_attn,test,1,combined,sequence_distal_ge21,ordinary_contact_path_exists,192,1043,0.0,0.0,0.0,True,1.0,1.0
esm2_top4_bilstm_attn,test,1,combined,sequence_distal_ge21,query_distance_to_band_domain_boundary_sequence,191,1040,2.2300330007033313,0.011653418995651421,4.448412582411011,True,0.02968511637840341,0.09075932862520922
esm2_top4_bilstm_attn,test,1,combined,sequence_distal_ge21,query_distance_to_community_boundary_edges,189,1034,0.4166750370987729,0.3240546148889744,0.5092954593085715,True,1.1204830967101137e-12,9.733295226357384e-12
esm2_top4_bilstm_attn,test,1,combined,sequence_distal_ge21,query_distance_to_ecod_boundary_sequence,191,1042,3.2213240471429305,0.99953795564939,5.443110138636471,True,0.0022874614851792372,0.00898994572039374
esm2_top4_bilstm_attn,test,1,combined,sequence_distal_ge21,query_in_any_band,193,1088,0.6446336532490857,0.5972001321249891,0.6920671743731823,True,6.430802310536026e-41,1.942678190526107e-39
esm2_top4_bilstm_attn,test,1,combined,sequence_distal_ge21,query_to_band_contact_count,192,1043,0.01477650174013375,-0.01723757215196963,0.04679057563223713,True,0.9331607923848083,1.0
esm2_top4_bilstm_attn,test,1,combined,sequence_distal_ge21,query_to_band_contact_fraction,192,1043,0.0025896809101156816,-0.0050092183478949465,0.010188580168126309,True,0.7363564588511886,1.0
esm2_top4_bilstm_attn,test,1,combined,sequence_distal_ge21,query_water_contact_count,192,1043,0.09668834211118033,0.034432875352095514,0.15894380887026513,True,0.07091955904416077,0.1835565057613573
esm2_top4_bilstm_attn,test,1,combined,sequence_distal_ge21,reachable_query_water_entry_count,192,1043,0.008615146832709397,-0.002834867387149144,0.020065161052567938,True,0.3909274566995051,0.6631243833908922
esm2_top4_bilstm_attn,test,1,combined,sequence_distal_ge21,relative_backbone_orientation_cosine,192,1040,0.008377845552208977,-0.032417834155985356,0.049173525260403306,True,0.61354723759346,0.9018297813283682
esm2_top4_bilstm_attn,test,1,combined,sequence_distal_ge21,rsa,193,1088,0.11915605836742114,0.10160851235282452,0.13670360438201776,True,2.1264646208428243e-26,3.443171514068701e-25
esm2_top4_bilstm_attn,test,1,combined,sequence_distal_ge21,same_community_as_band_apex,192,1043,-0.001653656488570733,-0.026734630157750926,0.02342731718060946,True,0.10698657283154892,0.2571743745974525
esm2_top4_bilstm_attn,test,1,combined,sequence_distal_ge21,same_community_as_band_majority,192,975,0.006017849665278543,-0.02011369934958835,0.032149398680145436,True,0.2526624533075264,0.48611103183881504
esm2_top4_bilstm_attn,test,1,combined,sequence_distal_ge21,same_ecod_domain_as_band_apex,191,1037,-0.0018441366100885768,-0.010570641684939928,0.006882368464762775,True,0.1408954235984807,0.31337619490475266
esm2_top4_bilstm_attn,test,1,combined,sequence_distal_ge21,shared_water_count,192,1043,0.005937827596338607,-0.0006406169094823758,0.012516272102159588,True,0.20311681873649565,0.4203562792665309
esm2_top4_bilstm_attn,test,1,combined,sequence_distal_ge21,shared_water_fraction_of_band_contacts,192,1043,0.0022040095054804637,-0.0004885431670870878,0.004896562178048016,True,0.05577832765373432,0.15318227295950917
esm2_top4_bilstm_attn,test,1,combined,sequence_distal_ge21,shared_water_fraction_of_query_contacts,192,1043,0.002620453488798224,-0.00012770923787129096,0.005368616215467739,True,0.20311681873649565,0.4203562792665309
esm2_top4_bilstm_attn,test,1,combined,sequence_distal_ge21,shares_any_ecod_domain_with_band,191,1040,-0.0024239481743437295,-0.010627512187257592,0.005779615838570134,True,0.08142681460950618,0.2049849163801499
esm2_top4_bilstm_attn,test,1,combined,sequence_distal_ge21,shortest_nonlocal_contact_path_edges,189,1026,0.38534471765121325,0.24468377125311025,0.5260056640493163,True,1.6860965470030647e-06,9.640280822413003e-06
esm2_top4_bilstm_attn,test,1,combined,sequence_distal_ge21,shortest_ordinary_contact_path_edges,192,1043,0.28244975547856294,0.14757466613915582,0.41732484481797005,True,4.163933284650944e-07,2.5359717933265295e-06
esm2_top4_bilstm_attn,test,1,combined,sequence_distal_ge21,torsion_change_from_previous,193,1088,19.21403924868791,15.287624002979378,23.140454494396444,True,4.401183822522763e-15,4.262199070232571e-14
esm2_top4_bilstm_attn,test,1,combined,sequence_distal_ge21,water_path_at_most_1,192,1043,0.004677090597178241,-0.001059510923158531,0.010413692117515014,True,0.28909608069606096,0.538794168811075
esm2_top4_bilstm_attn,test,1,combined,sequence_distal_ge21,water_path_at_most_2,192,1043,0.0037626691028987674,-0.002363511663000484,0.009888849868798018,True,0.21076579397878203,0.43352638924090936
esm2_top4_bilstm_attn,test,1,combined,sequence_distal_ge21,water_path_at_most_3,192,1043,0.004304056365406368,-0.001955426628823348,0.010563539359636085,True,0.3381854121966621,0.6092381786339754
esm2_top4_bilstm_attn,test,1,combined,sequence_distal_ge21,water_path_exists,192,1043,0.004233405174800853,-0.0020163060069020265,0.010483116356503732,True,0.5046848075879908,0.7791625099604069
esm2_top4_bilstm_attn,test,1,combined,sequence_distal_ge21,water_path_without_direct_ca_contact,192,1043,0.0002489245770447818,-0.0013378604416999342,0.0018357095957894976,True,0.027534178012294533,0.08469479680377529
esm2_top4_bilstm_attn,test,1,combined,sequence_distal_ge21,water_path_without_direct_polar_contact,192,1043,0.0007061148692996229,-0.0022992882781360177,0.003711518016735264,True,0.19778986306808302,0.41267390423729394
esm2_top4_bilstm_attn,test,1,combined,sequence_distal_ge21_no_direct_ca,absolute_backbone_orientation_cosine,191,1036,-0.00611541697489447,-0.02511584612716946,0.012885012177380521,True,1.0,1.0
esm2_top4_bilstm_attn,test,1,combined,sequence_distal_ge21_no_direct_ca,absolute_sequence_separation,191,1038,-4.551586794638132,-6.474685399416957,-2.6284881898593055,True,1.4133240999032975e-06,8.220022925874352e-06
esm2_top4_bilstm_attn,test,1,combined,sequence_distal_ge21_no_direct_ca,band_water_contact_count,191,1038,0.0,0.0,0.0,True,1.0,1.0
esm2_top4_bilstm_attn,test,1,combined,sequence_distal_ge21_no_direct_ca,direct_ca_contact,191,1038,0.0,0.0,0.0,True,1.0,1.0
esm2_top4_bilstm_attn,test,1,combined,sequence_distal_ge21_no_direct_ca,direct_putative_polar_contact,191,1038,0.0004341713129498319,-0.0002767722176840324,0.0011451148435836962,True,0.007915897334896727,0.027961215018902225
esm2_top4_bilstm_attn,test,1,combined,sequence_distal_ge21_no_direct_ca,direct_putative_polar_contact_count,191,1038,0.0004215634405246681,-0.00029051779446098843,0.0011336446755103246,True,0.007915897334896727,0.027961215018902225
esm2_top4_bilstm_attn,test,1,combined,sequence_distal_ge21_no_direct_ca,disorder,191,1038,-0.022280868877935307,-0.04104526764183861,-0.003516470114032,True,0.31105393794520875,0.5713005176053562
esm2_top4_bilstm_attn,test,1,combined,sequence_distal_ge21_no_direct_ca,mean_query_contact_water_degree,175,962,0.046982790817896254,-0.009594738257359944,0.10356031989315245,True,0.3502343653830735,0.619104240642219
esm2_top4_bilstm_attn,test,1,combined,sequence_distal_ge21_no_direct_ca,minimum_ca_distance_angstrom,191,1038,1.2308170456326704,0.5481622571935696,1.9134718340717711,True,0.00015384088404918686,0.0007258134016679585
esm2_top4_bilstm_attn,test,1,combined,sequence_distal_ge21_no_direct_ca,minimum_heavy_atom_distance_angstrom,191,1038,1.2756220377009027,0.5959123688543572,1.9553317065474483,True,2.35553958859482e-05,0.00012131328568233882
esm2_top4_bilstm_attn,test,1,combined,sequence_distal_ge21_no_direct_ca,minimum_polar_atom_distance_angstrom,191,1038,1.107122879242638,0.42974084381229716,1.7845049146729788,True,0.00015384088404918686,0.0007258134016679585
esm2_top4_bilstm_attn,test,1,combined,sequence_distal_ge21_no_direct_ca,neq,191,1038,0.6571237147121565,0.5923391124716885,0.7219083169526245,True,9.445000205318144e-42,3.0343937167561784e-40
esm2_top4_bilstm_attn,test,1,combined,sequence_distal_ge21_no_direct_ca,nonlocal_contact_path_exists,191,1038,-0.042707173515984555,-0.0659315261218969,-0.019482820910072213,True,6.299032616264295e-14,5.768887789737073e-13
esm2_top4_bilstm_attn,test,1,combined,sequence_distal_ge21_no_direct_ca,normalized_query_position,191,1038,-0.03902174584639907,-0.06393010625057707,-0.014113385442221071,True,0.1926336219741888,0.4044506751823217
esm2_top4_bilstm_attn,test,1,combined,sequence_distal_ge21_no_direct_ca,one_water_bridge,191,1038,0.00043486623051058475,-0.0006123949694634423,0.0014821274304846117,True,0.002887247974285856,0.011152270801440024
esm2_top4_bilstm_attn,test,1,combined,sequence_distal_ge21_no_direct_ca,ordinary_contact_path_exists,191,1038,0.0,0.0,0.0,True,1.0,1.0
esm2_top4_bilstm_attn,test,1,combined,sequence_distal_ge21_no_direct_ca,query_distance_to_band_domain_boundary_sequence,190,1035,2.314548987304949,0.06874034954899111,4.560357625060908,True,0.01091824238405189,0.03790484148425562
esm2_top4_bilstm_attn,test,1,combined,sequence_distal_ge21_no_direct_ca,query_distance_to_community_boundary_edges,188,1029,0.42105042671575926,0.32590424125861556,0.5161966121729029,True,1.0670282385724535e-11,8.851086700289533e-11
esm2_top4_bilstm_attn,test,1,combined,sequence_distal_ge21_no_direct_ca,query_distance_to_ecod_boundary_sequence,190,1037,3.2507498310223153,1.001642822096847,5.499856839947784,True,0.0017378669238719052,0.00700685787632816
esm2_top4_bilstm_attn,test,1,combined,sequence_distal_ge21_no_direct_ca,query_in_any_band,191,1038,0.6440903170303931,0.5954199594015248,0.6927606746592614,True,1.2181472636440981e-40,3.6257795023759625e-39
esm2_top4_bilstm_attn,test,1,combined,sequence_distal_ge21_no_direct_ca,query_to_band_contact_count,191,1038,0.0,0.0,0.0,True,1.0,1.0
esm2_top4_bilstm_attn,test,1,combined,sequence_distal_ge21_no_direct_ca,query_to_band_contact_fraction,191,1038,0.0,0.0,0.0,True,1.0,1.0
esm2_top4_bilstm_attn,test,1,combined,sequence_distal_ge21_no_direct_ca,query_water_contact_count,191,1038,0.08399884226728087,0.021304863930433876,0.14669282060412786,True,0.1274131384280197,0.28813876221040435
esm2_top4_bilstm_attn,test,1,combined,sequence_distal_ge21_no_direct_ca,reachable_query_water_entry_count,191,1038,0.0008022396565299717,-0.001075232716646966,0.002679712029706909,True,0.059808338334316175,0.1594230849981688
esm2_top4_bilstm_attn,test,1,combined,sequence_distal_ge21_no_direct_ca,relative_backbone_orientation_cosine,191,1036,0.012718023193341359,-0.029398624019246075,0.05483467040592879,True,1.0,1.0
esm2_top4_bilstm_attn,test,1,combined,sequence_distal_ge21_no_direct_ca,rsa,191,1038,0.13123176033419753,0.11314374540524155,0.14931977526315351,True,3.618752157483694e-30,6.598517447519817e-29
esm2_top4_bilstm_attn,test,1,combined,sequence_distal_ge21_no_direct_ca,same_community_as_band_apex,191,1038,-0.0011482588695996227,-0.0232198946281289,0.020923376888929653,True,0.06137832710948887,0.1630311470729731
esm2_top4_bilstm_attn,test,1,combined,sequence_distal_ge21_no_direct_ca,same_community_as_band_majority,191,970,0.007730456600228698,-0.0152900214817829,0.030750934682240293,True,0.24424992712067206,0.4814462416745956
esm2_top4_bilstm_attn,test,1,combined,sequence_distal_ge21_no_direct_ca,same_ecod_domain_as_band_apex,190,1032,-0.00262606376874327,-0.011779822819301199,0.0065276952818146584,True,0.2288055412343561,0.4603403732190226
esm2_top4_bilstm_attn,test,1,combined,sequence_distal_ge21_no_direct_ca,shared_water_count,191,1038,0.00042867562185603666,-0.0006188242301944549,0.001476175473906528,True,0.002887247974285856,0.011152270801440024
esm2_top4_bilstm_attn,test,1,combined,sequence_distal_ge21_no_direct_ca,shared_water_fraction_of_band_contacts,191,1038,0.00019459338100535125,-0.0002430439854905967,0.0006322307475012993,True,0.002887247974285856,0.011152270801440024
esm2_top4_bilstm_attn,test,1,combined,sequence_distal_ge21_no_direct_ca,shared_water_fraction_of_query_contacts,191,1038,0.0003674547062449314,-0.0005454696205341217,0.0012803790330239845,True,0.002887247974285856,0.011152270801440024
esm2_top4_bilstm_attn,test,1,combined,sequence_distal_ge21_no_direct_ca,shares_any_ecod_domain_with_band,190,1035,-0.0030513902395705975,-0.011647648797558236,0.005544868318417042,True,0.1408954235984807,0.31337619490475266
esm2_top4_bilstm_attn,test,1,combined,sequence_distal_ge21_no_direct_ca,shortest_nonlocal_contact_path_edges,188,1021,0.4123562913396563,0.2781165047481985,0.5465960779311141,True,2.224371043736536e-07,1.3852698438531537e-06
esm2_top4_bilstm_attn,test,1,combined,sequence_distal_ge21_no_direct_ca,shortest_ordinary_contact_path_edges,191,1038,0.28017045512499283,0.14776686061780456,0.41257404963218114,True,3.987180563637132e-06,2.19892464871977e-05
esm2_top4_bilstm_attn,test,1,combined,sequence_distal_ge21_no_direct_ca,torsion_change_from_previous,191,1038,19.2839849186953,14.862797436906083,23.705172400484514,True,3.8621376391264534e-13,3.4588347706159032e-12
esm2_top4_bilstm_attn,test,1,combined,sequence_distal_ge21_no_direct_ca,water_path_at_most_1,191,1038,0.00043486623051058475,-0.0006123949694634423,0.0014821274304846117,True,0.002887247974285856,0.011152270801440024
esm2_top4_bilstm_attn,test,1,combined,sequence_distal_ge21_no_direct_ca,water_path_at_most_2,191,1038,-4.139918063952678e-05,-0.0013835952043216252,0.0013007968430425718,True,0.00337223333414807,0.012829699752473108
esm2_top4_bilstm_attn,test,1,combined,sequence_distal_ge21_no_direct_ca,water_path_at_most_3,191,1038,0.0007795505850948382,-0.0010066435816498387,0.002565744751839515,True,0.02565435797169624,0.07939513843228317
esm2_top4_bilstm_attn,test,1,combined,sequence_distal_ge21_no_direct_ca,water_path_exists,191,1038,0.0006810155050777011,-0.001057421099388949,0.002419452109544351,True,0.059808338334316175,0.1594230849981688
esm2_top4_bilstm_attn,test,1,combined,sequence_distal_ge21_no_direct_ca,water_path_without_direct_ca_contact,191,1038,0.0006810155050777011,-0.001057421099388949,0.002419452109544351,True,0.059808338334316175,0.1594230849981688
esm2_top4_bilstm_attn,test,1,combined,sequence_distal_ge21_no_direct_ca,water_path_without_direct_polar_contact,191,1038,0.0006367080656420059,-0.001094205855343684,0.0023676219866276957,True,0.07116340869529121,0.183952412770459
esm2_top4_bilstm_attn,test,-1,combined,sequence_distal_ge21,mean_query_contact_water_degree,128,450,-0.024467231422788893,-0.10011907678930977,0.051184613943731985,True,1.0,1.0
esm2_top4_bilstm_attn,test,-1,combined,sequence_distal_ge21_no_direct_ca,mean_query_contact_water_degree,127,447,-0.027172495430760103,-0.10274526370982412,0.04840027284830392,True,1.0,1.0
esm2_top4_bilstm_attn,test,-1,evidence_dominated,all_eligible_queries,absolute_backbone_orientation_cosine,87,203,0.021997665128602833,-0.0025840153012435876,0.04657934555844925,True,0.5202915935750733,0.7983852808157303
esm2_top4_bilstm_attn,test,-1,evidence_dominated,all_eligible_queries,absolute_sequence_separation,87,203,-3.2434798463339676,-6.531086392525825,0.044126699857890195,True,0.9142116370824498,1.0
esm2_top4_bilstm_attn,test,-1,evidence_dominated,all_eligible_queries,band_water_contact_count,87,203,0.0014766914786659138,-0.0008652109667068746,0.0038185939240387022,True,1.0,1.0
esm2_top4_bilstm_attn,test,-1,evidence_dominated,all_eligible_queries,direct_ca_contact,87,203,0.04825309633288061,0.0060083014231668425,0.09049789124259437,True,0.0035448128470210523,0.013435770041892527
esm2_top4_bilstm_attn,test,-1,evidence_dominated,all_eligible_queries,direct_putative_polar_contact,87,203,0.01945538929875316,0.00042475276737301976,0.0384860258301333,True,0.42959050784338615,0.7132823526456222
esm2_top4_bilstm_attn,test,-1,evidence_dominated,all_eligible_queries,direct_putative_polar_contact_count,87,203,0.13013792893014334,0.05696789380536374,0.20330796405492293,True,0.09614175442061423,0.234716796875
esm2_top4_bilstm_attn,test,-1,evidence_dominated,all_eligible_queries,disorder,87,203,-0.014606175817734263,-0.022798991238017024,-0.006413360397451502,True,8.255809114227991e-17,8.702998774582007e-16
esm2_top4_bilstm_attn,test,-1,evidence_dominated,all_eligible_queries,mean_query_contact_water_degree,84,196,0.022188773689170677,-0.0587821838036789,0.10315973118202025,True,0.20067820312938567,0.4170150750861156
esm2_top4_bilstm_attn,test,-1,evidence_dominated,all_eligible_queries,minimum_ca_distance_angstrom,87,203,-0.2701691810046424,-1.2958538802186252,0.7555155182093406,True,0.1979791406725175,0.41267390423729394
esm2_top4_bilstm_attn,test,-1,evidence_dominated,all_eligible_queries,minimum_heavy_atom_distance_angstrom,87,203,-0.2865372709692057,-1.2926839634923593,0.7196094215539477,True,0.1979791406725175,0.41267390423729394
esm2_top4_bilstm_attn,test,-1,evidence_dominated,all_eligible_queries,minimum_polar_atom_distance_angstrom,87,203,0.10266078861280425,-0.9061813283869021,1.1115029056125105,True,0.2836071084054854,0.5305182878121095
esm2_top4_bilstm_attn,test,-1,evidence_dominated,all_eligible_queries,neq,87,203,-0.3563034792298027,-0.40680214466576703,-0.3058048137938384,True,1.137373342260413e-24,1.7439724581326332e-23
esm2_top4_bilstm_attn,test,-1,evidence_dominated,all_eligible_queries,nonlocal_contact_path_exists,87,203,0.00611625951958646,0.0020724305984522705,0.01016008844072065,True,0.000244140625,0.001135955459770115
esm2_top4_bilstm_attn,test,-1,evidence_dominated,all_eligible_queries,normalized_query_position,87,203,-0.008418161975258047,-0.04242812212275326,0.02559179817223716,True,0.5900356111485566,0.875536713317213
esm2_top4_bilstm_attn,test,-1,evidence_dominated,all_eligible_queries,one_water_bridge,87,203,0.0025152189161100342,-0.008322001235616949,0.013352439067837018,True,0.48685024166479707,0.775893613487834
esm2_top4_bilstm_attn,test,-1,evidence_dominated,all_eligible_queries,ordinary_contact_path_exists,87,203,0.0,0.0,0.0,True,1.0,1.0
esm2_top4_bilstm_attn,test,-1,evidence_dominated,all_eligible_queries,query_distance_to_band_domain_boundary_sequence,87,203,1.1899264598105905,-2.1939853515911327,4.573838271212313,True,0.7465343822890574,1.0
esm2_top4_bilstm_attn,test,-1,evidence_dominated,all_eligible_queries,query_distance_to_community_boundary_edges,87,203,-0.15437904082590742,-0.3250624419829007,0.016304360331085815,True,0.0003783427631607787,0.0017156704338025868
esm2_top4_bilstm_attn,test,-1,evidence_dominated,all_eligible_queries,query_distance_to_ecod_boundary_sequence,87,203,1.4812289329933175,-1.4365589292798777,4.399016795266513,True,0.7465343822890574,1.0
esm2_top4_bilstm_attn,test,-1,evidence_dominated,all_eligible_queries,query_in_any_band,87,203,0.5964503139647496,0.5156446612859501,0.677255966643549,True,5.2434681244715905e-18,6.134554614988728e-17
esm2_top4_bilstm_attn,test,-1,evidence_dominated,all_eligible_queries,query_to_band_contact_count,87,203,0.22193125369821795,0.10932453470111686,0.33453797269531904,True,0.001093244972968613,0.004581217029582759
esm2_top4_bilstm_attn,test,-1,evidence_dominated,all_eligible_queries,query_to_band_contact_fraction,87,203,0.03498714886068116,0.01409056823768506,0.05588372948367726,True,0.001093244972968613,0.004581217029582759
esm2_top4_bilstm_attn,test,-1,evidence_dominated,all_eligible_queries,query_water_contact_count,87,203,-0.2925007684325197,-0.39340863238255774,-0.19159290448248165,True,2.7713609491245692e-05,0.0001412905430989453
esm2_top4_bilstm_attn,test,-1,evidence_dominated,all_eligible_queries,reachable_query_water_entry_count,87,203,-0.002618884770877636,-0.02443852070990997,0.0192007511681547,True,0.6358280026288412,0.9185695055822802
esm2_top4_bilstm_attn,test,-1,evidence_dominated,all_eligible_queries,relative_backbone_orientation_cosine,87,203,-0.005094812343094506,-0.07104036974824206,0.06085074506205305,True,0.6682849967188077,0.9552322269483523
esm2_top4_bilstm_attn,test,-1,evidence_dominated,all_eligible_queries,rsa,87,203,-0.11345673068536048,-0.13821629286237064,-0.08869716850835033,True,4.211350509515077e-13,3.7384971189730334e-12
esm2_top4_bilstm_attn,test,-1,evidence_dominated,all_eligible_queries,same_community_as_band_apex,87,203,-0.009797331548175784,-0.061015973609730496,0.04142131051337893,True,1.0,1.0
esm2_top4_bilstm_attn,test,-1,evidence_dominated,all_eligible_queries,same_community_as_band_majority,86,190,-0.02072217620533797,-0.06932532557690577,0.027880973166229818,True,0.9075606176124984,1.0
esm2_top4_bilstm_attn,test,-1,evidence_dominated,all_eligible_queries,same_ecod_domain_as_band_apex,87,203,0.0038753535117987277,-0.01603235149338003,0.023783058516977484,True,0.45825831964612007,0.7396450071481236
esm2_top4_bilstm_attn,test,-1,evidence_dominated,all_eligible_queries,shared_water_count,87,203,0.003567306166050875,-0.007522227837365602,0.014656840169467352,True,0.48685024166479707,0.775893613487834
esm2_top4_bilstm_attn,test,-1,evidence_dominated,all_eligible_queries,shared_water_fraction_of_band_contacts,87,203,0.00047795397626761605,-0.0018044821315162576,0.0027603900840514894,True,0.296206368599087,0.5495157562278205
esm2_top4_bilstm_attn,test,-1,evidence_dominated,all_eligible_queries,shared_water_fraction_of_query_contacts,87,203,0.0038933594114254734,-0.003918906795791214,0.01170562561864216,True,0.296206368599087,0.5495157562278205
esm2_top4_bilstm_attn,test,-1,evidence_dominated,all_eligible_queries,shares_any_ecod_domain_with_band,87,203,0.0038753535117987277,-0.01603235149338003,0.023783058516977484,True,0.45825831964612007,0.7396450071481236
esm2_top4_bilstm_attn,test,-1,evidence_dominated,all_eligible_queries,shortest_nonlocal_contact_path_edges,87,203,-0.03219494120066802,-0.2859159902317975,0.22152610783046145,True,0.39119096530075365,0.6631243833908922
esm2_top4_bilstm_attn,test,-1,evidence_dominated,all_eligible_queries,shortest_ordinary_contact_path_edges,87,203,-0.056138067980835704,-0.2695006682098581,0.15722453224818664,True,0.3318343545999156,0.6029019153592722
esm2_top4_bilstm_attn,test,-1,evidence_dominated,all_eligible_queries,torsion_change_from_previous,87,203,-41.33424674528004,-48.53965774532444,-34.12883574523564,True,1.2924697071141057e-26,2.1096441025797986e-25
esm2_top4_bilstm_attn,test,-1,evidence_dominated,all_eligible_queries,water_path_at_most_1,87,203,0.0025152189161100342,-0.008322001235616949,0.013352439067837018,True,0.48685024166479707,0.775893613487834
esm2_top4_bilstm_attn,test,-1,evidence_dominated,all_eligible_queries,water_path_at_most_2,87,203,-0.00119415568972856,-0.015678523706236177,0.013290212326779058,True,0.8714146793645341,1.0
esm2_top4_bilstm_attn,test,-1,evidence_dominated,all_eligible_queries,water_path_at_most_3,87,203,-0.0008542164783130301,-0.01544022422329954,0.01373179126667348,True,0.7492586247608418,1.0
esm2_top4_bilstm_attn,test,-1,evidence_dominated,all_eligible_queries,water_path_exists,87,203,-0.00502567247381746,-0.022210513930509882,0.012159168982874963,True,0.6358280026288412,0.9185695055822802
esm2_top4_bilstm_attn,test,-1,evidence_dominated,all_eligible_queries,water_path_without_direct_ca_contact,87,203,-0.011547888907940526,-0.02752159312767323,0.00442581531179218,True,0.42435622215270996,0.7094419857796244
esm2_top4_bilstm_attn,test,-1,evidence_dominated,all_eligible_queries,water_path_without_direct_polar_contact,87,203,-0.015040294971022076,-0.030026818203618057,-5.377173842609738e-05,True,1.0,1.0
esm2_top4_bilstm_attn,test,-1,evidence_dominated,sequence_distal_ge21,absolute_backbone_orientation_cosine,84,198,0.020913465573851552,-0.006138915984300532,0.047965847132003636,True,0.2298644069691203,0.460639168025247
esm2_top4_bilstm_attn,test,-1,evidence_dominated,sequence_distal_ge21,absolute_sequence_separation,84,198,-3.5339149553543927,-7.152087494308448,0.0842575835996624,True,0.6608836477612154,0.9459890403597595
esm2_top4_bilstm_attn,test,-1,evidence_dominated,sequence_distal_ge21,band_water_contact_count,84,198,0.0,0.0,0.0,True,1.0,1.0
esm2_top4_bilstm_attn,test,-1,evidence_dominated,sequence_distal_ge21,direct_ca_contact,84,198,0.020192608779306127,-0.024119336713142273,0.06450455427175453,True,0.024811974571552153,0.07702367566383675
esm2_top4_bilstm_attn,test,-1,evidence_dominated,sequence_distal_ge21,direct_putative_polar_contact,84,198,-0.003651527957571915,-0.012605581616741576,0.005302525701597745,True,0.26493089646101,0.5030207640122741
esm2_top4_bilstm_attn,test,-1,evidence_dominated,sequence_distal_ge21,direct_putative_polar_contact_count,84,198,-0.0031992703238896336,-0.012704141275668265,0.006305600627888997,True,0.26493089646101,0.5030207640122741
esm2_top4_bilstm_attn,test,-1,evidence_dominated,sequence_distal_ge21,disorder,84,198,-0.016262994305004237,-0.02629464464453319,-0.006231343965475282,True,4.543102530270037e-17,4.86520609590823e-16
esm2_top4_bilstm_attn,test,-1,evidence_dominated,sequence_distal_ge21,mean_query_contact_water_degree,78,190,-0.010044889420568089,-0.10230910048830216,0.08221932164716597,True,1.0,1.0
esm2_top4_bilstm_attn,test,-1,evidence_dominated,sequence_distal_ge21,minimum_ca_distance_angstrom,84,198,-0.1600226850105972,-1.3173019074359924,0.9972565374147979,True,0.5856467947212254,0.8696618580453119
esm2_top4_bilstm_attn,test,-1,evidence_dominated,sequence_distal_ge21,minimum_heavy_atom_distance_angstrom,84,198,-0.1979293369269245,-1.3322224071722162,0.9363637333183673,True,0.7436441861052044,1.0
esm2_top4_bilstm_attn,test,-1,evidence_dominated,sequence_distal_ge21,minimum_polar_atom_distance_angstrom,84,198,0.1362887853510165,-0.9881644678425682,1.260742038544601,True,0.5856467947212254,0.8696618580453119
esm2_top4_bilstm_attn,test,-1,evidence_dominated,sequence_distal_ge21,neq,84,198,-0.36069640101291317,-0.415216988453171,-0.30617581357265533,True,8.788794008375919e-24,1.2890231212284682e-22
esm2_top4_bilstm_attn,test,-1,evidence_dominated,sequence_distal_ge21,nonlocal_contact_path_exists,84,198,0.00771819036946725,0.002356692419863541,0.01307968831907096,True,0.000244140625,0.001135955459770115
esm2_top4_bilstm_attn,test,-1,evidence_dominated,sequence_distal_ge21,normalized_query_position,84,198,-0.012738021060858666,-0.049000767639083724,0.02352472551736639,True,0.18745986796619285,0.39564001330925375
esm2_top4_bilstm_attn,test,-1,evidence_dominated,sequence_distal_ge21,one_water_bridge,84,198,-3.901549553986554e-05,-0.009321025974100805,0.009242994983021073,True,0.557197093963623,0.8378654667031004
esm2_top4_bilstm_attn,test,-1,evidence_dominated,sequence_distal_ge21,ordinary_contact_path_exists,84,198,0.0,0.0,0.0,True,1.0,1.0
esm2_top4_bilstm_attn,test,-1,evidence_dominated,sequence_distal_ge21,query_distance_to_band_domain_boundary_sequence,84,198,1.8734563987721842,-2.0141263495580746,5.7610391471024425,True,0.272268945972048,0.5126254387417908
esm2_top4_bilstm_attn,test,-1,evidence_dominated,sequence_distal_ge21,query_distance_to_community_boundary_edges,84,198,-0.16868867192555353,-0.3525086466067159,0.015131302755608783,True,0.00010259635179423318,0.0004979736595480287
esm2_top4_bilstm_attn,test,-1,evidence_dominated,sequence_distal_ge21,query_distance_to_ecod_boundary_sequence,84,198,2.1290390470040537,-1.2523261013972005,5.510404195405307,True,0.6608836477612154,0.9459890403597595
esm2_top4_bilstm_attn,test,-1,evidence_dominated,sequence_distal_ge21,query_in_any_band,84,198,0.6438486329082066,0.563384861042931,0.7243124047734822,True,9.9631125455154e-18,1.1141071708355344e-16
esm2_top4_bilstm_attn,test,-1,evidence_dominated,sequence_distal_ge21,query_to_band_contact_count,84,198,0.04501489772518021,-0.038597902090481064,0.1286276975408415,True,0.26043547657665356,0.4982243899727285
esm2_top4_bilstm_attn,test,-1,evidence_dominated,sequence_distal_ge21,query_to_band_contact_fraction,84,198,0.005921358234700543,-0.010192374321277217,0.0220350907906783,True,0.26043547657665356,0.4982243899727285
esm2_top4_bilstm_attn,test,-1,evidence_dominated,sequence_distal_ge21,query_water_contact_count,84,198,-0.2689196249832295,-0.3735882815437875,-0.16425096842267156,True,4.769842118193509e-05,0.00023720295939124475
esm2_top4_bilstm_attn,test,-1,evidence_dominated,sequence_distal_ge21,reachable_query_water_entry_count,84,198,-0.0116273445445889,-0.030474965459928918,0.0072202763707511185,True,0.6075913612730801,0.8950254113658764
esm2_top4_bilstm_attn,test,-1,evidence_dominated,sequence_distal_ge21,relative_backbone_orientation_cosine,84,198,0.0298035102685736,-0.03760672981268902,0.09721375034983622,True,0.4452046690465761,0.7314087567047796
esm2_top4_bilstm_attn,test,-1,evidence_dominated,sequence_distal_ge21,rsa,84,198,-0.10947425462552463,-0.13577383840307625,-0.083174670847973,True,2.2490938201170897e-12,1.928883852507199e-11
esm2_top4_bilstm_attn,test,-1,evidence_dominated,sequence_distal_ge21,same_community_as_band_apex,84,198,-0.016418222984097047,-0.06490039140547361,0.032063945437279515,True,0.7239481457469141,1.0
esm2_top4_bilstm_attn,test,-1,evidence_dominated,sequence_distal_ge21,same_community_as_band_majority,83,185,-0.02683691616647614,-0.07206746374789971,0.018393631414947438,True,0.9049745264594622,1.0
esm2_top4_bilstm_attn,test,-1,evidence_dominated,sequence_distal_ge21,same_ecod_domain_as_band_apex,84,198,0.001517997034110879,-0.019776857808895282,0.022812851877117037,True,0.45825831964612007,0.7396450071481236
esm2_top4_bilstm_attn,test,-1,evidence_dominated,sequence_distal_ge21,shared_water_count,84,198,0.0003065986799940998,-0.00914337435359429,0.009756571713582489,True,0.557197093963623,0.8378654667031004
esm2_top4_bilstm_attn,test,-1,evidence_dominated,sequence_distal_ge21,shared_water_fraction_of_band_contacts,84,198,0.000630915382972156,-0.0016465168745859993,0.002908347640530311,True,0.557197093963623,0.8378654667031004
esm2_top4_bilstm_attn,test,-1,evidence_dominated,sequence_distal_ge21,shared_water_fraction_of_query_contacts,84,198,0.0019360626488931713,-0.004260349221156985,0.008132474518943328,True,0.557197093963623,0.8378654667031004
esm2_top4_bilstm_attn,test,-1,evidence_dominated,sequence_distal_ge21,shares_any_ecod_domain_with_band,84,198,0.001517997034110879,-0.019776857808895282,0.022812851877117037,True,0.45825831964612007,0.7396450071481236
esm2_top4_bilstm_attn,test,-1,evidence_dominated,sequence_distal_ge21,shortest_nonlocal_contact_path_edges,84,198,-0.026371160697527048,-0.3060880071260229,0.25334568573096883,True,0.37999939641191804,0.6540125666137093
esm2_top4_bilstm_attn,test,-1,evidence_dominated,sequence_distal_ge21,shortest_ordinary_contact_path_edges,84,198,-0.049366183062552166,-0.2883980441655204,0.1896656780404161,True,0.37999939641191804,0.6540125666137093
esm2_top4_bilstm_attn,test,-1,evidence_dominated,sequence_distal_ge21,torsion_change_from_previous,84,198,-40.21273605593865,-47.87527056173141,-32.550201550145886,True,3.6923274592835773e-22,5.1186786147876444e-21
esm2_top4_bilstm_attn,test,-1,evidence_dominated,sequence_distal_ge21,water_path_at_most_1,84,198,-3.901549553986554e-05,-0.009321025974100805,0.009242994983021073,True,0.557197093963623,0.8378654667031004
esm2_top4_bilstm_attn,test,-1,evidence_dominated,sequence_distal_ge21,water_path_at_most_2,84,198,-0.005537005241069619,-0.017993452744974554,0.0069194422628353165,True,0.48685024166479707,0.775893613487834
esm2_top4_bilstm_attn,test,-1,evidence_dominated,sequence_distal_ge21,water_path_at_most_3,84,198,-0.005257676712948112,-0.01785954663770752,0.007344193211811296,True,0.48685024166479707,0.775893613487834
esm2_top4_bilstm_attn,test,-1,evidence_dominated,sequence_distal_ge21,water_path_exists,84,198,-0.009591340794377078,-0.025263850980783275,0.006081169392029118,True,0.6075913612730801,0.8950254113658764
esm2_top4_bilstm_attn,test,-1,evidence_dominated,sequence_distal_ge21,water_path_without_direct_ca_contact,84,198,-0.0019095452534707476,-0.014213031693966113,0.010393941187024617,True,0.8238029479980469,1.0
esm2_top4_bilstm_attn,test,-1,evidence_dominated,sequence_distal_ge21,water_path_without_direct_polar_contact,84,198,-0.009068875471111536,-0.02393571062330303,0.005797959681079958,True,1.0,1.0
esm2_top4_bilstm_attn,test,-1,evidence_dominated,sequence_distal_ge21_no_direct_ca,absolute_backbone_orientation_cosine,82,196,0.03313481303583074,0.007397776780091639,0.05887184929156984,True,0.0198269158458416,0.06472528656771515
esm2_top4_bilstm_attn,test,-1,evidence_dominated,sequence_distal_ge21_no_direct_ca,absolute_sequence_separation,82,196,-3.8206097871168763,-7.588976559945209,-0.05224301428854394,True,0.581114454176647,0.8641995997454324
esm2_top4_bilstm_attn,test,-1,evidence_dominated,sequence_distal_ge21_no_direct_ca,band_water_contact_count,82,196,0.0,0.0,0.0,True,1.0,1.0
esm2_top4_bilstm_attn,test,-1,evidence_dominated,sequence_distal_ge21_no_direct_ca,direct_ca_contact,82,196,0.0,0.0,0.0,True,1.0,1.0
esm2_top4_bilstm_attn,test,-1,evidence_dominated,sequence_distal_ge21_no_direct_ca,direct_putative_polar_contact,82,196,-0.00022024898852920883,-0.007950928384468153,0.0075104304074097355,True,1.0,1.0
esm2_top4_bilstm_attn,test,-1,evidence_dominated,sequence_distal_ge21_no_direct_ca,direct_putative_polar_contact_count,82,196,0.00045725780672981796,-0.00784657248648389,0.008761088099943524,True,1.0,1.0
esm2_top4_bilstm_attn,test,-1,evidence_dominated,sequence_distal_ge21_no_direct_ca,disorder,82,196,-0.016255428868676102,-0.026048426171811054,-0.00646243156554115,True,1.5686991122453906e-16,1.6366221665900363e-15
esm2_top4_bilstm_attn,test,-1,evidence_dominated,sequence_distal_ge21_no_direct_ca,mean_query_contact_water_degree,77,187,-0.012749133814894963,-0.10586900466672931,0.08037073703693938,True,1.0,1.0
esm2_top4_bilstm_attn,test,-1,evidence_dominated,sequence_distal_ge21_no_direct_ca,minimum_ca_distance_angstrom,82,196,-0.12851487088009597,-1.216913319387593,0.959883577627401,True,0.439705429185822,0.72709459858832
esm2_top4_bilstm_attn,test,-1,evidence_dominated,sequence_distal_ge21_no_direct_ca,minimum_heavy_atom_distance_angstrom,82,196,-0.17710958598105883,-1.261021647945241,0.9068024759831234,True,0.3202933636380142,0.5840304216246313
esm2_top4_bilstm_attn,test,-1,evidence_dominated,sequence_distal_ge21_no_direct_ca,minimum_polar_atom_distance_angstrom,82,196,0.12963643767000224,-0.9699194548795261,1.2291923302195307,True,0.581114454176647,0.8641995997454324
esm2_top4_bilstm_attn,test,-1,evidence_dominated,sequence_distal_ge21_no_direct_ca,neq,82,196,-0.3539344368127211,-0.4079138401541792,-0.29995503347126296,True,3.432799542095065e-23,4.998551275683749e-22
esm2_top4_bilstm_attn,test,-1,evidence_dominated,sequence_distal_ge21_no_direct_ca,nonlocal_contact_path_exists,82,196,0.00812635329276888,0.002561078613361548,0.013691627972176212,True,0.000244140625,0.001135955459770115
esm2_top4_bilstm_attn,test,-1,evidence_dominated,sequence_distal_ge21_no_direct_ca,normalized_query_position,82,196,-0.012932075575975976,-0.050675061757500965,0.024810910605549012,True,0.15067520762630385,0.33005045480047507
esm2_top4_bilstm_attn,test,-1,evidence_dominated,sequence_distal_ge21_no_direct_ca,one_water_bridge,82,196,0.005200447781777464,0.00041731196931105077,0.009983583594243877,True,0.03857421875,0.11266121031746032
esm2_top4_bilstm_attn,test,-1,evidence_dominated,sequence_distal_ge21_no_direct_ca,ordinary_contact_path_exists,82,196,0.0,0.0,0.0,True,1.0,1.0
esm2_top4_bilstm_attn,test,-1,evidence_dominated,sequence_distal_ge21_no_direct_ca,query_distance_to_band_domain_boundary_sequence,82,196,1.6946900270172573,-2.354796683913161,5.744176737947676,True,0.22424452830608183,0.45478048626403766
esm2_top4_bilstm_attn,test,-1,evidence_dominated,sequence_distal_ge21_no_direct_ca,query_distance_to_community_boundary_edges,82,196,-0.17611836146129178,-0.36269425822852397,0.010457535305940402,True,0.001761872002940625,0.0070754542340313985
esm2_top4_bilstm_attn,test,-1,evidence_dominated,sequence_distal_ge21_no_direct_ca,query_distance_to_ecod_boundary_sequence,82,196,1.9560007167056324,-1.6119939909833152,5.52399542439458,True,0.439705429185822,0.72709459858832
esm2_top4_bilstm_attn,test,-1,evidence_dominated,sequence_distal_ge21_no_direct_ca,query_in_any_band,82,196,0.6369316219575674,0.5562627237756202,0.7176005201395145,True,1.938302550893458e-18,2.2942247736890987e-17
esm2_top4_bilstm_attn,test,-1,evidence_dominated,sequence_distal_ge21_no_direct_ca,query_to_band_contact_count,82,196,0.0,0.0,0.0,True,1.0,1.0
esm2_top4_bilstm_attn,test,-1,evidence_dominated,sequence_distal_ge21_no_direct_ca,query_to_band_contact_fraction,82,196,0.0,0.0,0.0,True,1.0,1.0
esm2_top4_bilstm_attn,test,-1,evidence_dominated,sequence_distal_ge21_no_direct_ca,query_water_contact_count,82,196,-0.2235765214777251,-0.3341955350569102,-0.11295750789854002,True,0.003183010628835073,0.012132605485427848
esm2_top4_bilstm_attn,test,-1,evidence_dominated,sequence_distal_ge21_no_direct_ca,reachable_query_water_entry_count,82,196,0.0001781170633444819,-0.013093891361858078,0.013450125488547043,True,0.8238029479980469,1.0
esm2_top4_bilstm_attn,test,-1,evidence_dominated,sequence_distal_ge21_no_direct_ca,relative_backbone_orientation_cosine,82,196,0.038309253852493896,-0.02974387250251305,0.10636238020750084,True,0.439705429185822,0.72709459858832
esm2_top4_bilstm_attn,test,-1,evidence_dominated,sequence_distal_ge21_no_direct_ca,rsa,82,196,-0.10937826996079628,-0.13577047301453712,-0.08298606690705543,True,4.1079115101301e-11,3.325765158601329e-10
esm2_top4_bilstm_attn,test,-1,evidence_dominated,sequence_distal_ge21_no_direct_ca,same_community_as_band_apex,82,196,-0.003013103965891978,-0.04572028507668492,0.03969407714490096,True,1.0,1.0
esm2_top4_bilstm_attn,test,-1,evidence_dominated,sequence_distal_ge21_no_direct_ca,same_community_as_band_majority,81,183,-0.01637440784048642,-0.052630592509350385,0.01988177682837754,True,1.0,1.0
esm2_top4_bilstm_attn,test,-1,evidence_dominated,sequence_distal_ge21_no_direct_ca,same_ecod_domain_as_band_apex,82,196,0.0015108223487105613,-0.02122452984038423,0.024246174537805355,True,0.45825831964612007,0.7396450071481236
esm2_top4_bilstm_attn,test,-1,evidence_dominated,sequence_distal_ge21_no_direct_ca,shared_water_count,82,196,0.005200447781777464,0.00041731196931105077,0.009983583594243877,True,0.03857421875,0.11266121031746032
esm2_top4_bilstm_attn,test,-1,evidence_dominated,sequence_distal_ge21_no_direct_ca,shared_water_fraction_of_band_contacts,82,196,0.0016180076183332222,0.00010061898486141791,0.0031353962518050264,True,0.03857421875,0.11266121031746032
esm2_top4_bilstm_attn,test,-1,evidence_dominated,sequence_distal_ge21_no_direct_ca,shared_water_fraction_of_query_contacts,82,196,0.0030296271663611193,0.0005961792608396299,0.005463075071882609,True,0.03857421875,0.11266121031746032
esm2_top4_bilstm_attn,test,-1,evidence_dominated,sequence_distal_ge21_no_direct_ca,shares_any_ecod_domain_with_band,82,196,0.0015108223487105613,-0.02122452984038423,0.024246174537805355,True,0.45825831964612007,0.7396450071481236
esm2_top4_bilstm_attn,test,-1,evidence_dominated,sequence_distal_ge21_no_direct_ca,shortest_nonlocal_contact_path_edges,82,196,-0.0020282752145596513,-0.2708734865969523,0.266816936167833,True,0.18207674694084314,0.38588830974687593
esm2_top4_bilstm_attn,test,-1,evidence_dominated,sequence_distal_ge21_no_direct_ca,shortest_ordinary_contact_path_edges,82,196,-0.03501533644632272,-0.25769528782669804,0.18766461493405262,True,0.1456354544029827,0.3210960345442669
esm2_top4_bilstm_attn,test,-1,evidence_dominated,sequence_distal_ge21_no_direct_ca,torsion_change_from_previous,82,196,-37.79064429174629,-45.13692268352199,-30.444365899970588,True,1.4078614025652531e-21,1.93844318285175e-20
esm2_top4_bilstm_attn,test,-1,evidence_dominated,sequence_distal_ge21_no_direct_ca,water_path_at_most_1,82,196,0.005200447781777464,0.00041731196931105077,0.009983583594243877,True,0.03857421875,0.11266121031746032
esm2_top4_bilstm_attn,test,-1,evidence_dominated,sequence_distal_ge21_no_direct_ca,water_path_at_most_2,82,196,0.0034197006713747842,-0.004973060909931065,0.011812462252680633,True,0.454498291015625,0.7376940986492582
esm2_top4_bilstm_attn,test,-1,evidence_dominated,sequence_distal_ge21_no_direct_ca,water_path_at_most_3,82,196,0.0036970866579993985,-0.004891421951973399,0.012285595267972196,True,0.8145294189453125,1.0
esm2_top4_bilstm_attn,test,-1,evidence_dominated,sequence_distal_ge21_no_direct_ca,water_path_exists,82,196,-0.0007071693797928966,-0.013780989104505276,0.012366650344919482,True,0.8238029479980469,1.0
esm2_top4_bilstm_attn,test,-1,evidence_dominated,sequence_distal_ge21_no_direct_ca,water_path_without_direct_ca_contact,82,196,-0.0007071693797928966,-0.013780989104505276,0.012366650344919482,True,0.8238029479980469,1.0
esm2_top4_bilstm_attn,test,-1,evidence_dominated,sequence_distal_ge21_no_direct_ca,water_path_without_direct_polar_contact,82,196,-0.0025523305262645925,-0.015180372006955952,0.010075710954426767,True,1.0,1.0
esm2_top4_bilstm_attn,test,1,combined,all_eligible_queries,shortest_water_path_water_count,25,29,-0.055,-0.539045451020113,0.429045451020113,True,1.0,1.0
esm2_top4_bilstm_attn,test,1,combined,sequence_distal_ge21,shortest_water_path_water_count,14,16,0.10714285714285714,-0.7839494754630546,0.9982351897487688,True,0.453125,0.7376940986492582
esm2_top4_bilstm_attn,test,1,evidence_dominated,all_eligible_queries,absolute_backbone_orientation_cosine,44,92,-0.005015333703904534,-0.04840266764706431,0.03837200023925524,True,1.0,1.0
esm2_top4_bilstm_attn,test,1,evidence_dominated,all_eligible_queries,absolute_sequence_separation,48,97,4.532020781570013,-0.9120017159174596,9.976043279057485,True,1.0,1.0
esm2_top4_bilstm_attn,test,1,evidence_dominated,all_eligible_queries,band_water_contact_count,45,93,0.0,0.0,0.0,True,1.0,1.0
esm2_top4_bilstm_attn,test,1,evidence_dominated,all_eligible_queries,direct_ca_contact,45,93,-0.04726604950838696,-0.1025215853489938,0.00798948633221988,True,0.08953107893466952,0.22371716514045817
esm2_top4_bilstm_attn,test,1,evidence_dominated,all_eligible_queries,direct_putative_polar_contact,45,93,-0.03553676751759867,-0.09226583718139317,0.021192302146195836,True,0.32693958282470703,0.5945424219561608
esm2_top4_bilstm_attn,test,1,evidence_dominated,all_eligible_queries,direct_putative_polar_contact_count,45,93,-0.012774087864011498,-0.08667347102428136,0.06112529529625837,True,0.16863754391670227,0.3650506833020379
esm2_top4_bilstm_attn,test,1,evidence_dominated,all_eligible_queries,disorder,48,97,-0.017974190645825016,-0.04404147057764367,0.008093089285993633,True,0.8854334972865135,1.0
esm2_top4_bilstm_attn,test,1,evidence_dominated,all_eligible_queries,mean_query_contact_water_degree,41,88,-0.004635224336851298,-0.09849167017686815,0.08922122150316554,True,0.417692190836533,0.7027506186642916
esm2_top4_bilstm_attn,test,1,evidence_dominated,all_eligible_queries,minimum_ca_distance_angstrom,45,93,2.4026548274445214,0.24147058319107684,4.563839071697966,True,0.07245426016254441,0.1868120032725986
esm2_top4_bilstm_attn,test,1,evidence_dominated,all_eligible_queries,minimum_heavy_atom_distance_angstrom,45,93,2.424547914745626,0.2469524720038554,4.602143357487396,True,0.07245426016254441,0.1868120032725986
esm2_top4_bilstm_attn,test,1,evidence_dominated,all_eligible_queries,minimum_polar_atom_distance_angstrom,45,93,2.388379300998041,0.22009739230827607,4.556661209687807,True,0.035697803555194696,0.10547788962877966
esm2_top4_bilstm_attn,test,1,evidence_dominated,all_eligible_queries,neq,48,97,0.5659347782435711,0.3965335588794755,0.7353359976076667,True,1.312585595769633e-10,1.0337249983804426e-09
esm2_top4_bilstm_attn,test,1,evidence_dominated,all_eligible_queries,nonlocal_contact_path_exists,45,93,-0.05885253275382489,-0.11221786275682313,-0.0054872027508266474,True,4.649162292480469e-06,2.5501096151708586e-05
esm2_top4_bilstm_attn,test,1,evidence_dominated,all_eligible_queries,normalized_query_position,48,97,0.03366207025978964,-0.010660552816517586,0.07798469333609687,True,0.029304946720529308,0.08986850327628988
esm2_top4_bilstm_attn,test,1,evidence_dominated,all_eligible_queries,one_water_bridge,45,93,-0.00619082666297762,-0.018717396211671324,0.006335742885716083,True,0.11846923828124999,0.2746640759235395
esm2_top4_bilstm_attn,test,1,evidence_dominated,all_eligible_queries,ordinary_contact_path_exists,45,93,0.0,0.0,0.0,True,1.0,1.0
esm2_top4_bilstm_attn,test,1,evidence_dominated,all_eligible_queries,query_distance_to_band_domain_boundary_sequence,45,93,2.180750183693355,-2.6712327223218986,7.032733089708609,True,0.765991824244793,1.0
esm2_top4_bilstm_attn,test,1,evidence_dominated,all_eligible_queries,query_distance_to_community_boundary_edges,44,92,0.2085608499151313,0.019411308768120583,0.397710391062142,True,0.0137181850586785,0.04574235017918498
esm2_top4_bilstm_attn,test,1,evidence_dominated,all_eligible_queries,query_distance_to_ecod_boundary_sequence,45,93,1.6771320042519664,-2.370746182844978,5.72501019134891,True,0.23269319190831084,0.4653863838166217
esm2_top4_bilstm_attn,test,1,evidence_dominated,all_eligible_queries,query_in_any_band,48,97,0.483528302742201,0.3522062907413639,0.6148503147430381,True,9.24769992138863e-06,4.9126888821235135e-05
esm2_top4_bilstm_attn,test,1,evidence_dominated,all_eligible_queries,query_to_band_contact_count,45,93,-0.06718744409089,-0.19282191798949475,0.05844702980771474,True,0.175465248990804,0.3765846538665646
esm2_top4_bilstm_attn,test,1,evidence_dominated,all_eligible_queries,query_to_band_contact_fraction,45,93,-0.01663056357602679,-0.04609966850562727,0.012838541353573697,True,0.31050465907901537,0.5708096548373544
esm2_top4_bilstm_attn,test,1,evidence_dominated,all_eligible_queries,query_water_contact_count,45,93,0.13989100327637938,-0.005187028667741317,0.2849690352205001,True,0.5514843298025198,0.8354822481439372
esm2_top4_bilstm_attn,test,1,evidence_dominated,all_eligible_queries,reachable_query_water_entry_count,45,93,-0.016698430196737443,-0.036877594658062104,0.0034807342645872194,True,0.09625244140625,0.234716796875
esm2_top4_bilstm_attn,test,1,evidence_dominated,all_eligible_queries,relative_backbone_orientation_cosine,44,92,-0.06792489832689991,-0.16783229424894328,0.03198249759514346,True,0.651587827208914,0.9359927340460198
esm2_top4_bilstm_attn,test,1,evidence_dominated,all_eligible_queries,rsa,48,97,0.11838798675602619,0.08687887088129231,0.14989710263076006,True,1.5221826110689564e-05,8.044119072594172e-05
esm2_top4_bilstm_attn,test,1,evidence_dominated,all_eligible_queries,same_community_as_band_apex,45,93,-0.04096574402010463,-0.11828318529779366,0.03635169725758441,True,1.0,1.0
esm2_top4_bilstm_attn,test,1,evidence_dominated,all_eligible_queries,same_community_as_band_majority,43,90,-0.03213370716658515,-0.11230229723148327,0.04803488289831296,True,1.0,1.0
esm2_top4_bilstm_attn,test,1,evidence_dominated,all_eligible_queries,same_ecod_domain_as_band_apex,45,93,0.00827482565628504,-0.012108596806362625,0.028658248118932705,True,0.4239501953125,0.7094419857796244
esm2_top4_bilstm_attn,test,1,evidence_dominated,all_eligible_queries,shared_water_count,45,93,-0.006475253386546725,-0.019022580562227633,0.006072073789134183,True,0.11846923828124999,0.2746640759235395
esm2_top4_bilstm_attn,test,1,evidence_dominated,all_eligible_queries,shared_water_fraction_of_band_contacts,45,93,-0.0009576138533362379,-0.0031549348052957787,0.0012397070986233027,True,0.11846923828124999,0.2746640759235395
esm2_top4_bilstm_attn,test,1,evidence_dominated,all_eligible_queries,shared_water_fraction_of_query_contacts,45,93,-0.003949253407726906,-0.01074910859296959,0.0028506017775157795,True,0.30175781249999994,0.5554453824960945
esm2_top4_bilstm_attn,test,1,evidence_dominated,all_eligible_queries,shares_any_ecod_domain_with_band,45,93,0.00827482565628504,-0.012108596806362625,0.028658248118932705,True,0.4239501953125,0.7094419857796244
esm2_top4_bilstm_attn,test,1,evidence_dominated,all_eligible_queries,shortest_nonlocal_contact_path_edges,43,91,0.5865484596852141,0.18609453364098166,0.9870023857294465,True,0.0659940344557981,0.17190724033273533
esm2_top4_bilstm_attn,test,1,evidence_dominated,all_eligible_queries,shortest_ordinary_contact_path_edges,45,93,0.4537066376246101,0.06612077730270494,0.8412924979465153,True,0.035697803555194696,0.10547788962877966
esm2_top4_bilstm_attn,test,1,evidence_dominated,all_eligible_queries,torsion_change_from_previous,48,97,25.35653234501754,17.89941530358263,32.813649386452454,True,3.3052667092192682e-06,1.83787357677467e-05
esm2_top4_bilstm_attn,test,1,evidence_dominated,all_eligible_queries,water_path_at_most_1,45,93,-0.00619082666297762,-0.018717396211671324,0.006335742885716083,True,0.11846923828124999,0.2746640759235395
esm2_top4_bilstm_attn,test,1,evidence_dominated,all_eligible_queries,water_path_at_most_2,45,93,-0.016846430646866365,-0.03286216638485401,-0.0008306949088787256,True,0.0308837890625,0.09301903134300596
esm2_top4_bilstm_attn,test,1,evidence_dominated,all_eligible_queries,water_path_at_most_3,45,93,-0.016996255545010202,-0.03300199048678969,-0.000990520603230717,True,0.0308837890625,0.09301903134300596
esm2_top4_bilstm_attn,test,1,evidence_dominated,all_eligible_queries,water_path_exists,45,93,-0.016936795328162838,-0.032951307153311876,-0.0009222835030137967,True,0.0308837890625,0.09301903134300596
esm2_top4_bilstm_attn,test,1,evidence_dominated,all_eligible_queries,water_path_without_direct_ca_contact,45,93,-0.005638253339255842,-0.014592955797302954,0.00331644911879127,True,0.0654296875,0.17109778746770027
esm2_top4_bilstm_attn,test,1,evidence_dominated,all_eligible_queries,water_path_without_direct_polar_contact,45,93,-0.014406576860056579,-0.026928348915831582,-0.001884804804281574,True,0.0308837890625,0.09301903134300596
esm2_top4_bilstm_attn,test,1,evidence_dominated,sequence_distal_ge21,absolute_backbone_orientation_cosine,44,92,0.012539524603284695,-0.02950020580739729,0.05457925501396668,True,0.880395821280672,1.0
esm2_top4_bilstm_attn,test,1,evidence_dominated,sequence_distal_ge21,absolute_sequence_separation,48,97,4.781889872675917,-0.9935780655037583,10.557357810855592,True,0.8854334972865135,1.0
esm2_top4_bilstm_attn,test,1,evidence_dominated,sequence_distal_ge21,band_water_contact_count,45,93,0.0,0.0,0.0,True,1.0,1.0
esm2_top4_bilstm_attn,test,1,evidence_dominated,sequence_distal_ge21,direct_ca_contact,45,93,-0.059086863959513576,-0.11041705701122201,-0.007756670907805144,True,0.020061607006937265,0.06507162272762985
esm2_top4_bilstm_attn,test,1,evidence_dominated,sequence_distal_ge21,direct_putative_polar_contact,45,93,-0.0405766033529421,-0.08874006180100014,0.0075868550951159325,True,0.007197380065917969,0.02578318097950083
esm2_top4_bilstm_attn,test,1,evidence_dominated,sequence_distal_ge21,direct_putative_polar_contact_count,45,93,-0.04025313051036798,-0.08850461712679203,0.007998356106056058,True,0.007197380065917969,0.02578318097950083
esm2_top4_bilstm_attn,test,1,evidence_dominated,sequence_distal_ge21,disorder,48,97,-0.02449471199826872,-0.05516680664391419,0.0061773826473767515,True,0.470879013621712,0.7594096602154143
esm2_top4_bilstm_attn,test,1,evidence_dominated,sequence_distal_ge21,mean_query_contact_water_degree,41,87,0.023362228990890476,-0.07177028662745294,0.1184947446092339,True,0.14330665429588407,0.3166514555786532
esm2_top4_bilstm_attn,test,1,evidence_dominated,sequence_distal_ge21,minimum_ca_distance_angstrom,45,93,2.7175631031973833,0.13982658147730564,5.295299624917461,True,0.035697803555194696,0.10547788962877966
esm2_top4_bilstm_attn,test,1,evidence_dominated,sequence_distal_ge21,minimum_heavy_atom_distance_angstrom,45,93,2.7949426701900255,0.19667364044218338,5.393211699937868,True,0.035697803555194696,0.10547788962877966
esm2_top4_bilstm_attn,test,1,evidence_dominated,sequence_distal_ge21,minimum_polar_atom_distance_angstrom,45,93,2.6474573208770336,0.06126448766574777,5.23365015408832,True,0.035697803555194696,0.10547788962877966
esm2_top4_bilstm_attn,test,1,evidence_dominated,sequence_distal_ge21,neq,48,97,0.5380761323226525,0.35936905290159915,0.7167832117437059,True,1.5138326148189662e-09,1.0865238341821233e-08
esm2_top4_bilstm_attn,test,1,evidence_dominated,sequence_distal_ge21,nonlocal_contact_path_exists,45,93,-0.06100371186472014,-0.10602900885807785,-0.015978414871362423,True,8.67992639541626e-07,5.136892112375003e-06
esm2_top4_bilstm_attn,test,1,evidence_dominated,sequence_distal_ge21,normalized_query_position,48,97,0.03070661498601976,-0.017907035388486335,0.07932026536052586,True,0.05946337525377034,0.1594230849981688
esm2_top4_bilstm_attn,test,1,evidence_dominated,sequence_distal_ge21,one_water_bridge,45,93,-0.009433681867165646,-0.020570432085040304,0.0017030683507090125,True,0.057373046875,0.1561018071988899
esm2_top4_bilstm_attn,test,1,evidence_dominated,sequence_distal_ge21,ordinary_contact_path_exists,45,93,0.0,0.0,0.0,True,1.0,1.0
esm2_top4_bilstm_attn,test,1,evidence_dominated,sequence_distal_ge21,query_distance_to_band_domain_boundary_sequence,45,93,1.950410943721878,-3.6731862651884937,7.57400815263225,True,0.765991824244793,1.0
esm2_top4_bilstm_attn,test,1,evidence_dominated,sequence_distal_ge21,query_distance_to_community_boundary_edges,44,92,0.20060579978108908,-0.001251027701263202,0.4024626272634414,True,0.0659940344557981,0.17190724033273533
esm2_top4_bilstm_attn,test,1,evidence_dominated,sequence_distal_ge21,query_distance_to_ecod_boundary_sequence,45,93,1.4378350765487053,-3.405503352193928,6.281173505291338,True,0.23269319190831084,0.4653863838166217
esm2_top4_bilstm_attn,test,1,evidence_dominated,sequence_distal_ge21,query_in_any_band,48,97,0.4744755203985002,0.33992519402055354,0.6090258467764469,True,1.5374090196473844e-05,8.103426707724755e-05
esm2_top4_bilstm_attn,test,1,evidence_dominated,sequence_distal_ge21,query_to_band_contact_count,45,93,-0.113825347747389,-0.21578699400563722,-0.011863701489140774,True,0.020061607006937265,0.06507162272762985
esm2_top4_bilstm_attn,test,1,evidence_dominated,sequence_distal_ge21,query_to_band_contact_fraction,45,93,-0.02555086551391888,-0.05082399699489003,-0.0002777340329477261,True,0.020061607006937265,0.06507162272762985
esm2_top4_bilstm_attn,test,1,evidence_dominated,sequence_distal_ge21,query_water_contact_count,45,93,0.11730249985042863,-0.02203362452639869,0.256638624227256,True,0.5514843298025198,0.8354822481439372
esm2_top4_bilstm_attn,test,1,evidence_dominated,sequence_distal_ge21,reachable_query_water_entry_count,45,93,-0.021160992673446875,-0.04137235391560275,-0.0009496314312909988,True,0.0308837890625,0.09301903134300596
esm2_top4_bilstm_attn,test,1,evidence_dominated,sequence_distal_ge21,relative_backbone_orientation_cosine,44,92,-0.07571831813403698,-0.17638466938098257,0.02494803311290862,True,0.651587827208914,0.9359927340460198
esm2_top4_bilstm_attn,test,1,evidence_dominated,sequence_distal_ge21,rsa,48,97,0.1132208535969213,0.0765121314207069,0.1499295757731357,True,6.240408438884516e-07,3.7258367788502243e-06
esm2_top4_bilstm_attn,test,1,evidence_dominated,sequence_distal_ge21,same_community_as_band_apex,45,93,-0.041077369190480315,-0.13298540969240602,0.050830671311445405,True,0.5327092552361137,0.814968656536579
esm2_top4_bilstm_attn,test,1,evidence_dominated,sequence_distal_ge21,same_community_as_band_majority,43,90,-0.05143794104021026,-0.13463647060594164,0.031760588525521126,True,0.42959050784338615,0.7132823526456222
esm2_top4_bilstm_attn,test,1,evidence_dominated,sequence_distal_ge21,same_ecod_domain_as_band_apex,45,93,0.008911277235334735,-0.012363474595126605,0.030186029065796073,True,1.0,1.0
esm2_top4_bilstm_attn,test,1,evidence_dominated,sequence_distal_ge21,shared_water_count,45,93,-0.00971923433656319,-0.020871509288773356,0.0014330406156469761,True,0.057373046875,0.1561018071988899
esm2_top4_bilstm_attn,test,1,evidence_dominated,sequence_distal_ge21,shared_water_fraction_of_band_contacts,45,93,-0.0017777581930104246,-0.0035234282666111918,-3.2088119409657504e-05,True,0.057373046875,0.1561018071988899
esm2_top4_bilstm_attn,test,1,evidence_dominated,sequence_distal_ge21,shared_water_fraction_of_query_contacts,45,93,-0.005794460971512155,-0.012149868566290613,0.0005609466232663028,True,0.1795654296875,0.38122379454926625
esm2_top4_bilstm_attn,test,1,evidence_dominated,sequence_distal_ge21,shares_any_ecod_domain_with_band,45,93,0.008911277235334735,-0.012363474595126605,0.030186029065796073,True,1.0,1.0
esm2_top4_bilstm_attn,test,1,evidence_dominated,sequence_distal_ge21,shortest_nonlocal_contact_path_edges,43,91,0.6036107022846663,0.13978763978046488,1.0674337647888676,True,0.12628947438543037,0.2859171097943077
esm2_top4_bilstm_attn,test,1,evidence_dominated,sequence_distal_ge21,shortest_ordinary_contact_path_edges,45,93,0.5023227548124387,0.039367878721482674,0.9652776309033948,True,0.035697803555194696,0.10547788962877966
esm2_top4_bilstm_attn,test,1,evidence_dominated,sequence_distal_ge21,torsion_change_from_previous,48,97,25.848245971966435,18.14911468740773,33.54737725652514,True,1.0087482138487759e-07,6.461096154525071e-07
esm2_top4_bilstm_attn,test,1,evidence_dominated,sequence_distal_ge21,water_path_at_most_1,45,93,-0.009433681867165646,-0.020570432085040304,0.0017030683507090125,True,0.057373046875,0.1561018071988899
esm2_top4_bilstm_attn,test,1,evidence_dominated,sequence_distal_ge21,water_path_at_most_2,45,93,-0.01851043110992407,-0.0356430114075519,-0.0013778508122962406,True,0.0308837890625,0.09301903134300596
esm2_top4_bilstm_attn,test,1,evidence_dominated,sequence_distal_ge21,water_path_at_most_3,45,93,-0.01869022098769668,-0.03581106472541385,-0.0015693772499795061,True,0.0308837890625,0.09301903134300596
esm2_top4_bilstm_attn,test,1,evidence_dominated,sequence_distal_ge21,water_path_exists,45,93,-0.018619886228535245,-0.035751139373364944,-0.0014886330837055456,True,0.0308837890625,0.09301903134300596
esm2_top4_bilstm_attn,test,1,evidence_dominated,sequence_distal_ge21,water_path_without_direct_ca_contact,45,93,-0.0059167312307798975,-0.015201044942168805,0.003367582480609011,True,0.0654296875,0.17109778746770027
esm2_top4_bilstm_attn,test,1,evidence_dominated,sequence_distal_ge21,water_path_without_direct_polar_contact,45,93,-0.013192140705841498,-0.02597508458215885,-0.0004091968295241444,True,0.0308837890625,0.09301903134300596
esm2_top4_bilstm_attn,test,1,evidence_dominated,sequence_distal_ge21_no_direct_ca,absolute_backbone_orientation_cosine,43,91,0.00830206655542754,-0.03637397931055962,0.0529781124214147,True,1.0,1.0
esm2_top4_bilstm_attn,test,1,evidence_dominated,sequence_distal_ge21_no_direct_ca,absolute_sequence_separation,44,92,4.710116436463736,-1.5654496892148764,10.985682562142348,True,0.651587827208914,0.9359927340460198
esm2_top4_bilstm_attn,test,1,evidence_dominated,sequence_distal_ge21_no_direct_ca,band_water_contact_count,44,92,0.0,0.0,0.0,True,1.0,1.0
esm2_top4_bilstm_attn,test,1,evidence_dominated,sequence_distal_ge21_no_direct_ca,direct_ca_contact,44,92,0.0,0.0,0.0,True,1.0,1.0
esm2_top4_bilstm_attn,test,1,evidence_dominated,sequence_distal_ge21_no_direct_ca,direct_putative_polar_contact,44,92,-0.027115620487866168,-0.07366294348712138,0.01943170251138904,True,0.625,0.9074605451936872
esm2_top4_bilstm_attn,test,1,evidence_dominated,sequence_distal_ge21_no_direct_ca,direct_putative_polar_contact_count,44,92,-0.027115620487866168,-0.07366294348712138,0.01943170251138904,True,0.625,0.9074605451936872
esm2_top4_bilstm_attn,test,1,evidence_dominated,sequence_distal_ge21_no_direct_ca,disorder,44,92,-0.029415726225493023,-0.06439595628659822,0.005564503835612175,True,0.880395821280672,1.0
esm2_top4_bilstm_attn,test,1,evidence_dominated,sequence_distal_ge21_no_direct_ca,mean_query_contact_water_degree,41,87,0.03722994027168214,-0.05964267160342154,0.13410255214678582,True,0.03355243967962451,0.10045878389284026
esm2_top4_bilstm_attn,test,1,evidence_dominated,sequence_distal_ge21_no_direct_ca,minimum_ca_distance_angstrom,44,92,2.1504207604648315,-0.49947366836859564,4.800315189298258,True,0.09614175442061423,0.234716796875
esm2_top4_bilstm_attn,test,1,evidence_dominated,sequence_distal_ge21_no_direct_ca,minimum_heavy_atom_distance_angstrom,44,92,2.274845508471933,-0.3976046417011534,4.94729565864502,True,0.09614175442061423,0.234716796875
esm2_top4_bilstm_attn,test,1,evidence_dominated,sequence_distal_ge21_no_direct_ca,minimum_polar_atom_distance_angstrom,44,92,2.111089812434567,-0.5491296749889272,4.771309299858061,True,0.09614175442061423,0.234716796875
esm2_top4_bilstm_attn,test,1,evidence_dominated,sequence_distal_ge21_no_direct_ca,neq,44,92,0.5417465717285812,0.33948304244844607,0.7440101010087163,True,1.4051624930289108e-07,8.859965376605968e-07
esm2_top4_bilstm_attn,test,1,evidence_dominated,sequence_distal_ge21_no_direct_ca,nonlocal_contact_path_exists,44,92,-0.05941902642449126,-0.10537284179570269,-0.01346521105327983,True,1.6242265701293945e-06,9.365910478466937e-06
esm2_top4_bilstm_attn,test,1,evidence_dominated,sequence_distal_ge21_no_direct_ca,normalized_query_position,44,92,0.046076804188758765,-0.005030281624410403,0.09718389000192793,True,0.003657766827927844,0.013786443314201036
esm2_top4_bilstm_attn,test,1,evidence_dominated,sequence_distal_ge21_no_direct_ca,one_water_bridge,44,92,-0.0026407459273720658,-0.006146010744655893,0.0008645188899117614,True,0.375,0.6470588235294118
esm2_top4_bilstm_attn,test,1,evidence_dominated,sequence_distal_ge21_no_direct_ca,ordinary_contact_path_exists,44,92,0.0,0.0,0.0,True,1.0,1.0
esm2_top4_bilstm_attn,test,1,evidence_dominated,sequence_distal_ge21_no_direct_ca,query_distance_to_band_domain_boundary_sequence,44,92,3.262904965824207,-2.166580388285717,8.69239031993413,True,0.651587827208914,0.9359927340460198
esm2_top4_bilstm_attn,test,1,evidence_dominated,sequence_distal_ge21_no_direct_ca,query_distance_to_community_boundary_edges,43,91,0.20451557879398702,-0.010578230767366775,0.4196093883553408,True,0.12628947438543037,0.2859171097943077
esm2_top4_bilstm_attn,test,1,evidence_dominated,sequence_distal_ge21_no_direct_ca,query_distance_to_ecod_boundary_sequence,44,92,2.5666069909386526,-1.9740498154513175,7.107263797328622,True,0.17417114727072658,0.3746252944484066
esm2_top4_bilstm_attn,test,1,evidence_dominated,sequence_distal_ge21_no_direct_ca,query_in_any_band,44,92,0.5113020900489794,0.37208056038339077,0.6505236197145681,True,8.963039363152348e-06,4.786594108448642e-05
esm2_top4_bilstm_attn,test,1,evidence_dominated,sequence_distal_ge21_no_direct_ca,query_to_band_contact_count,44,92,0.0,0.0,0.0,True,1.0,1.0
esm2_top4_bilstm_attn,test,1,evidence_dominated,sequence_distal_ge21_no_direct_ca,query_to_band_contact_fraction,44,92,0.0,0.0,0.0,True,1.0,1.0
esm2_top4_bilstm_attn,test,1,evidence_dominated,sequence_distal_ge21_no_direct_ca,query_water_contact_count,44,92,0.12551657907582703,-0.019864018741406225,0.27089717689306025,True,0.651587827208914,0.9359927340460198
esm2_top4_bilstm_attn,test,1,evidence_dominated,sequence_distal_ge21_no_direct_ca,reachable_query_water_entry_count,44,92,-0.00891726084815507,-0.02345318648986107,0.0056186647935509305,True,0.0654296875,0.17109778746770027
esm2_top4_bilstm_attn,test,1,evidence_dominated,sequence_distal_ge21_no_direct_ca,relative_backbone_orientation_cosine,43,91,-0.1021566833768034,-0.20254853340510065,-0.001764833348506148,True,0.2220528201560228,0.4507872698052057
esm2_top4_bilstm_attn,test,1,evidence_dominated,sequence_distal_ge21_no_direct_ca,rsa,44,92,0.1071430846055165,0.07036462454536296,0.14392154466567003,True,2.5448598648836196e-05,0.00013007061531627388
esm2_top4_bilstm_attn,test,1,evidence_dominated,sequence_distal_ge21_no_direct_ca,same_community_as_band_apex,44,92,0.0039805550764538886,-0.08639436969033018,0.09435547984323797,True,0.42959050784338615,0.7132823526456222
esm2_top4_bilstm_attn,test,1,evidence_dominated,sequence_distal_ge21_no_direct_ca,same_community_as_band_majority,42,89,-0.0037889597081308627,-0.08510436630346421,0.07752644688720248,True,0.3367836351899315,0.6092381786339754
esm2_top4_bilstm_attn,test,1,evidence_dominated,sequence_distal_ge21_no_direct_ca,same_ecod_domain_as_band_apex,44,92,0.009160375550465215,-0.011748525374545857,0.03006927647547629,True,1.0,1.0
esm2_top4_bilstm_attn,test,1,evidence_dominated,sequence_distal_ge21_no_direct_ca,shared_water_count,44,92,-0.002674566273692409,-0.006177784088648576,0.0008286515412637575,True,0.0625,0.1655759162303665
esm2_top4_bilstm_attn,test,1,evidence_dominated,sequence_distal_ge21_no_direct_ca,shared_water_fraction_of_band_contacts,44,92,-0.0006869219357804092,-0.001694848990234297,0.00032100511867347867,True,0.0625,0.1655759162303665
esm2_top4_bilstm_attn,test,1,evidence_dominated,sequence_distal_ge21_no_direct_ca,shared_water_fraction_of_query_contacts,44,92,-0.001812524346844393,-0.004744302206341783,0.0011192535126529964,True,0.375,0.6470588235294118
esm2_top4_bilstm_attn,test,1,evidence_dominated,sequence_distal_ge21_no_direct_ca,shares_any_ecod_domain_with_band,44,92,0.009160375550465215,-0.011748525374545857,0.03006927647547629,True,1.0,1.0
esm2_top4_bilstm_attn,test,1,evidence_dominated,sequence_distal_ge21_no_direct_ca,shortest_nonlocal_contact_path_edges,42,90,0.4583618820122606,-0.0256462152324356,0.9423699792569568,True,0.16414940178310644,0.3572455797946317
esm2_top4_bilstm_attn,test,1,evidence_dominated,sequence_distal_ge21_no_direct_ca,shortest_ordinary_contact_path_edges,44,92,0.36194928887739264,-0.11136679037985525,0.8352653681346405,True,0.17417114727072658,0.3746252944484066
esm2_top4_bilstm_attn,test,1,evidence_dominated,sequence_distal_ge21_no_direct_ca,torsion_change_from_previous,44,92,24.881102810921618,16.097470041596484,33.664735580246756,True,5.299581744111492e-06,2.8834283467961454e-05
esm2_top4_bilstm_attn,test,1,evidence_dominated,sequence_distal_ge21_no_direct_ca,water_path_at_most_1,44,92,-0.0026407459273720658,-0.006146010744655893,0.0008645188899117614,True,0.375,0.6470588235294118
esm2_top4_bilstm_attn,test,1,evidence_dominated,sequence_distal_ge21_no_direct_ca,water_path_at_most_2,44,92,-0.006399528976843296,-0.016277238882934007,0.003478180929247415,True,0.109375,0.2586156542056075
esm2_top4_bilstm_attn,test,1,evidence_dominated,sequence_distal_ge21_no_direct_ca,water_path_at_most_3,44,92,-0.006454279816183315,-0.0163290450650424,0.0034204854326757702,True,0.01171875,0.03999789207419899
esm2_top4_bilstm_attn,test,1,evidence_dominated,sequence_distal_ge21_no_direct_ca,water_path_exists,44,92,-0.006418768452546953,-0.016295831947871795,0.003458295042777889,True,0.0654296875,0.17109778746770027
esm2_top4_bilstm_attn,test,1,evidence_dominated,sequence_distal_ge21_no_direct_ca,water_path_without_direct_ca_contact,44,92,-0.006418768452546953,-0.016295831947871795,0.003458295042777889,True,0.0654296875,0.17109778746770027
esm2_top4_bilstm_attn,test,1,evidence_dominated,sequence_distal_ge21_no_direct_ca,water_path_without_direct_polar_contact,44,92,-0.006380875118639221,-0.016260509555120664,0.0034987593178422236,True,0.2265625,0.4567355577689243
esm2_top4_bilstm_attn,test,-1,combined,all_eligible_queries,shortest_water_path_water_count,10,12,0.2966666658719381,-0.7183954040175136,1.3117287357613898,True,1.0,1.0
esm2_top4_bilstm_attn,test,-1,combined,sequence_distal_ge21,shortest_water_path_water_count,6,8,0.6611111097865635,,,False,,
esm2_top4_bilstm_attn,test,1,combined,sequence_distal_ge21_no_direct_ca,shortest_water_path_water_count,5,5,-0.5,,,False,,
esm2_top4_bilstm_attn,test,1,unclassified,all_eligible_queries,absolute_backbone_orientation_cosine,11,13,-0.07497695867310872,-0.2808493429403765,0.13089542559415906,True,1.0,1.0
esm2_top4_bilstm_attn,test,1,unclassified,all_eligible_queries,absolute_sequence_separation,11,13,-3.432004316878266,-7.812089472148914,0.9480808383923822,True,0.2265625,0.4567355577689243
esm2_top4_bilstm_attn,test,1,unclassified,all_eligible_queries,band_water_contact_count,11,13,0.0,0.0,0.0,True,1.0,1.0
esm2_top4_bilstm_attn,test,1,unclassified,all_eligible_queries,direct_ca_contact,11,13,0.09090909090909091,-0.044970998262780254,0.22678918008096208,True,0.5,0.7766675710918516
esm2_top4_bilstm_attn,test,1,unclassified,all_eligible_queries,direct_putative_polar_contact,11,13,0.04359925792298535,-0.05817631152353701,0.14537482736950771,True,1.0,1.0
esm2_top4_bilstm_attn,test,1,unclassified,all_eligible_queries,direct_putative_polar_contact_count,11,13,0.04359925792298535,-0.05817631152353701,0.14537482736950771,True,1.0,1.0
esm2_top4_bilstm_attn,test,1,unclassified,all_eligible_queries,disorder,11,13,-0.055553846025913914,-0.1497420490325057,0.03863435698067787,True,1.0,1.0
esm2_top4_bilstm_attn,test,1,unclassified,all_eligible_queries,mean_query_contact_water_degree,8,8,0.32326388731598854,,,False,,
esm2_top4_bilstm_attn,test,1,unclassified,all_eligible_queries,minimum_ca_distance_angstrom,11,13,0.9024801687760785,-4.094177358821902,5.8991376963740585,True,1.0,1.0
esm2_top4_bilstm_attn,test,1,unclassified,all_eligible_queries,minimum_heavy_atom_distance_angstrom,11,13,1.0976270762356846,-4.011171076439767,6.206425228911136,True,1.0,1.0
esm2_top4_bilstm_attn,test,1,unclassified,all_eligible_queries,minimum_polar_atom_distance_angstrom,11,13,0.7646255493164062,-4.293147057668856,5.822398156301668,True,1.0,1.0
esm2_top4_bilstm_attn,test,1,unclassified,all_eligible_queries,neq,11,13,1.095518792921209,0.6172017555072908,1.573835830335127,True,0.01171875,0.03999789207419899
esm2_top4_bilstm_attn,test,1,unclassified,all_eligible_queries,nonlocal_contact_path_exists,11,13,0.0003787861628965898,-0.18283746818345994,0.1835950405092531,True,1.0,1.0
esm2_top4_bilstm_attn,test,1,unclassified,all_eligible_queries,normalized_query_position,11,13,0.055592823358804555,-0.18012459242891135,0.29131023914652043,True,0.2265625,0.4567355577689243
esm2_top4_bilstm_attn,test,1,unclassified,all_eligible_queries,one_water_bridge,11,13,0.0,0.0,0.0,True,1.0,1.0
esm2_top4_bilstm_attn,test,1,unclassified,all_eligible_queries,ordinary_contact_path_exists,11,13,0.0,0.0,0.0,True,1.0,1.0
esm2_top4_bilstm_attn,test,1,unclassified,all_eligible_queries,query_distance_to_band_domain_boundary_sequence,11,13,0.3568772836164993,-9.745845501870443,10.459600069103443,True,0.548828125,0.8354822481439372
esm2_top4_bilstm_attn,test,1,unclassified,all_eligible_queries,query_distance_to_community_boundary_edges,11,13,0.9010987769473683,0.05768605481480171,1.7445114990799349,True,0.2265625,0.4567355577689243
esm2_top4_bilstm_attn,test,1,unclassified,all_eligible_queries,query_distance_to_ecod_boundary_sequence,11,13,-0.8533264073458589,-10.771830064929096,9.065177250237378,True,0.548828125,0.8354822481439372
esm2_top4_bilstm_attn,test,1,unclassified,all_eligible_queries,query_in_any_band,11,13,0.8114100185528756,0.5359971707851423,1.086822866320609,True,0.01171875,0.03999789207419899
esm2_top4_bilstm_attn,test,1,unclassified,all_eligible_queries,query_to_band_contact_count,11,13,0.09090909090909091,-0.044970998262780254,0.22678918008096208,True,0.5,0.7766675710918516
esm2_top4_bilstm_attn,test,1,unclassified,all_eligible_queries,query_to_band_contact_fraction,11,13,0.01893939416516911,-0.010052683004970309,0.04793147133530853,True,0.5,0.7766675710918516
esm2_top4_bilstm_attn,test,1,unclassified,all_eligible_queries,query_water_contact_count,11,13,0.05178918621756814,-0.46026045001038174,0.563838822445518,True,1.0,1.0
esm2_top4_bilstm_attn,test,1,unclassified,all_eligible_queries,reachable_query_water_entry_count,11,13,0.0,0.0,0.0,True,1.0,1.0
esm2_top4_bilstm_attn,test,1,unclassified,all_eligible_queries,relative_backbone_orientation_cosine,11,13,0.2663522425361655,0.030739573055134806,0.5019649120171963,True,0.2265625,0.4567355577689243
esm2_top4_bilstm_attn,test,1,unclassified,all_eligible_queries,rsa,11,13,0.09468860093629422,-0.04028672308946796,0.2296639249620564,True,1.0,1.0
esm2_top4_bilstm_attn,test,1,unclassified,all_eligible_queries,same_community_as_band_apex,11,13,-0.04797979867593809,-0.21943924116704094,0.12347964381516478,True,1.0,1.0
esm2_top4_bilstm_attn,test,1,unclassified,all_eligible_queries,same_community_as_band_majority,10,12,-0.0527777785435319,-0.24485293558066262,0.13929737849359886,True,1.0,1.0
esm2_top4_bilstm_attn,test,1,unclassified,all_eligible_queries,same_ecod_domain_as_band_apex,11,13,0.0027829300273548453,-0.0034178244888943337,0.008983684543604025,True,1.0,1.0
esm2_top4_bilstm_attn,test,1,unclassified,all_eligible_queries,shared_water_count,11,13,0.0,0.0,0.0,True,1.0,1.0
esm2_top4_bilstm_attn,test,1,unclassified,all_eligible_queries,shared_water_fraction_of_band_contacts,11,13,0.0,0.0,0.0,True,1.0,1.0
esm2_top4_bilstm_attn,test,1,unclassified,all_eligible_queries,shared_water_fraction_of_query_contacts,11,13,0.0,0.0,0.0,True,1.0,1.0
esm2_top4_bilstm_attn,test,1,unclassified,all_eligible_queries,shares_any_ecod_domain_with_band,11,13,0.0027829300273548453,-0.0034178244888943337,0.008983684543604025,True,1.0,1.0
esm2_top4_bilstm_attn,test,1,unclassified,all_eligible_queries,shortest_nonlocal_contact_path_edges,11,13,0.7578873092477972,-0.523466141682955,2.0392407601785494,True,0.75390625,1.0
esm2_top4_bilstm_attn,test,1,unclassified,all_eligible_queries,shortest_ordinary_contact_path_edges,11,13,0.25122379714792425,-0.9216574656014414,1.42410505989729,True,1.0,1.0
esm2_top4_bilstm_attn,test,1,unclassified,all_eligible_queries,torsion_change_from_previous,11,13,40.535776645713774,1.3893221419997062,79.68223114942785,True,0.0654296875,0.17109778746770027
esm2_top4_bilstm_attn,test,1,unclassified,all_eligible_queries,water_path_at_most_1,11,13,0.0,0.0,0.0,True,1.0,1.0
esm2_top4_bilstm_attn,test,1,unclassified,all_eligible_queries,water_path_at_most_2,11,13,0.0,0.0,0.0,True,1.0,1.0
esm2_top4_bilstm_attn,test,1,unclassified,all_eligible_queries,water_path_at_most_3,11,13,0.0,0.0,0.0,True,1.0,1.0
esm2_top4_bilstm_attn,test,1,unclassified,all_eligible_queries,water_path_exists,11,13,0.0,0.0,0.0,True,1.0,1.0
esm2_top4_bilstm_attn,test,1,unclassified,all_eligible_queries,water_path_without_direct_ca_contact,11,13,0.0,0.0,0.0,True,1.0,1.0
esm2_top4_bilstm_attn,test,1,unclassified,all_eligible_queries,water_path_without_direct_polar_contact,11,13,0.0,0.0,0.0,True,1.0,1.0
esm2_top4_bilstm_attn,test,1,unclassified,sequence_distal_ge21,absolute_backbone_orientation_cosine,10,11,-0.06019652262330055,-0.3089983245649889,0.18860527931838778,True,1.0,1.0
esm2_top4_bilstm_attn,test,1,unclassified,sequence_distal_ge21,absolute_sequence_separation,11,12,-4.288064922938872,-9.034858431494772,0.4587285856170267,True,0.2265625,0.4567355577689243
esm2_top4_bilstm_attn,test,1,unclassified,sequence_distal_ge21,band_water_contact_count,10,11,0.0,0.0,0.0,True,1.0,1.0
esm2_top4_bilstm_attn,test,1,unclassified,sequence_distal_ge21,direct_ca_contact,10,11,0.05,-0.06310785814270496,0.16310785814270495,True,1.0,1.0
esm2_top4_bilstm_attn,test,1,unclassified,sequence_distal_ge21,direct_putative_polar_contact,10,11,-0.00204081628471612,-0.006657463461255982,0.0025758308918237423,True,1.0,1.0
esm2_top4_bilstm_attn,test,1,unclassified,sequence_distal_ge21,direct_putative_polar_contact_count,10,11,-0.00204081628471612,-0.006657463461255982,0.0025758308918237423,True,1.0,1.0
esm2_top4_bilstm_attn,test,1,unclassified,sequence_distal_ge21,disorder,11,12,-0.07097092749032048,-0.199483420167754,0.05754156518711302,True,1.0,1.0
esm2_top4_bilstm_attn,test,1,unclassified,sequence_distal_ge21,mean_query_contact_water_degree,7,7,0.22658729978970119,,,False,,
esm2_top4_bilstm_attn,test,1,unclassified,sequence_distal_ge21,minimum_ca_distance_angstrom,10,11,1.2114696979522703,-4.067771648539785,6.490711044444326,True,1.0,1.0
esm2_top4_bilstm_attn,test,1,unclassified,sequence_distal_ge21,minimum_heavy_atom_distance_angstrom,10,11,1.3212046146392822,-3.9884004976930374,6.630809726971602,True,0.75390625,1.0
esm2_top4_bilstm_attn,test,1,unclassified,sequence_distal_ge21,minimum_polar_atom_distance_angstrom,10,11,1.0527870178222656,-4.12329487325285,6.228868908897382,True,1.0,1.0
esm2_top4_bilstm_attn,test,1,unclassified,sequence_distal_ge21,neq,11,12,1.0617460656484814,0.5625425318950434,1.5609495994019194,True,0.01171875,0.03999789207419899
esm2_top4_bilstm_attn,test,1,unclassified,sequence_distal_ge21,nonlocal_contact_path_exists,10,11,0.05041666477918625,-0.11277061012591247,0.21360393968428495,True,1.0,1.0
esm2_top4_bilstm_attn,test,1,unclassified,sequence_distal_ge21,normalized_query_position,11,12,0.027191245371939888,-0.21085585950030475,0.2652383502441845,True,0.548828125,0.8354822481439372
esm2_top4_bilstm_attn,test,1,unclassified,sequence_distal_ge21,one_water_bridge,10,11,0.0,0.0,0.0,True,1.0,1.0
esm2_top4_bilstm_attn,test,1,unclassified,sequence_distal_ge21,ordinary_contact_path_exists,10,11,0.0,0.0,0.0,True,1.0,1.0
esm2_top4_bilstm_attn,test,1,unclassified,sequence_distal_ge21,query_distance_to_band_domain_boundary_sequence,10,11,-0.4824349880218506,-11.382211944812555,10.417341968768854,True,0.75390625,1.0
esm2_top4_bilstm_attn,test,1,unclassified,sequence_distal_ge21,query_distance_to_community_boundary_edges,10,11,0.7662086546421051,-0.14988533381092717,1.6823026430951373,True,0.5078125,0.7804195140470767
esm2_top4_bilstm_attn,test,1,unclassified,sequence_distal_ge21,query_distance_to_ecod_boundary_sequence,10,11,-1.8136590480804446,-12.43422037966171,8.806902283500822,True,0.75390625,1.0
esm2_top4_bilstm_attn,test,1,unclassified,sequence_distal_ge21,query_in_any_band,11,12,0.8341372912801485,0.5777243274743262,1.0905502550859707,True,0.01171875,0.03999789207419899
esm2_top4_bilstm_attn,test,1,unclassified,sequence_distal_ge21,query_to_band_contact_count,10,11,0.05,-0.06310785814270496,0.16310785814270495,True,1.0,1.0
esm2_top4_bilstm_attn,test,1,unclassified,sequence_distal_ge21,query_to_band_contact_fraction,10,11,0.00833333358168602,-0.010517976670577613,0.027184643833949654,True,1.0,1.0
esm2_top4_bilstm_attn,test,1,unclassified,sequence_distal_ge21,query_water_contact_count,10,11,0.15696810483932494,-0.45528004852150367,0.7692162582001536,True,1.0,1.0
esm2_top4_bilstm_attn,test,1,unclassified,sequence_distal_ge21,reachable_query_water_entry_count,10,11,0.0,0.0,0.0,True,1.0,1.0
esm2_top4_bilstm_attn,test,1,unclassified,sequence_distal_ge21,relative_backbone_orientation_cosine,10,11,0.33496408704668285,0.127911741396382,0.5420164326969836,True,0.109375,0.2586156542056075
esm2_top4_bilstm_attn,test,1,unclassified,sequence_distal_ge21,rsa,11,12,0.09802299200823512,-0.04174657261841845,0.23779255663488869,True,0.548828125,0.8354822481439372
esm2_top4_bilstm_attn,test,1,unclassified,sequence_distal_ge21,same_community_as_band_apex,10,11,-0.1027777785435319,-0.2378910097404751,0.03233545265341131,True,0.625,0.9074605451936872
esm2_top4_bilstm_attn,test,1,unclassified,sequence_distal_ge21,same_community_as_band_majority,9,10,-0.11419753171503544,,,False,,
esm2_top4_bilstm_attn,test,1,unclassified,sequence_distal_ge21,same_ecod_domain_as_band_apex,10,11,0.00306122303009033,-0.0038637445745224393,0.0099861906347031,True,1.0,1.0
esm2_top4_bilstm_attn,test,1,unclassified,sequence_distal_ge21,shared_water_count,10,11,0.0,0.0,0.0,True,1.0,1.0
esm2_top4_bilstm_attn,test,1,unclassified,sequence_distal_ge21,shared_water_fraction_of_band_contacts,10,11,0.0,0.0,0.0,True,1.0,1.0
esm2_top4_bilstm_attn,test,1,unclassified,sequence_distal_ge21,shared_water_fraction_of_query_contacts,10,11,0.0,0.0,0.0,True,1.0,1.0
esm2_top4_bilstm_attn,test,1,unclassified,sequence_distal_ge21,shares_any_ecod_domain_with_band,10,11,0.00306122303009033,-0.0038637445745224393,0.0099861906347031,True,1.0,1.0
esm2_top4_bilstm_attn,test,1,unclassified,sequence_distal_ge21,shortest_nonlocal_contact_path_edges,10,11,0.5836760401725769,-0.5100939068092658,1.6774459871544196,True,0.7265625,1.0
esm2_top4_bilstm_attn,test,1,unclassified,sequence_distal_ge21,shortest_ordinary_contact_path_edges,10,11,0.3013461768627167,-0.9308719742144164,1.5335643279398496,True,1.0,1.0
esm2_top4_bilstm_attn,test,1,unclassified,sequence_distal_ge21,torsion_change_from_previous,11,12,44.17673250717885,2.0573915563361,86.2960734580216,True,0.0654296875,0.17109778746770027
esm2_top4_bilstm_attn,test,1,unclassified,sequence_distal_ge21,water_path_at_most_1,10,11,0.0,0.0,0.0,True,1.0,1.0
esm2_top4_bilstm_attn,test,1,unclassified,sequence_distal_ge21,water_path_at_most_2,10,11,0.0,0.0,0.0,True,1.0,1.0
esm2_top4_bilstm_attn,test,1,unclassified,sequence_distal_ge21,water_path_at_most_3,10,11,0.0,0.0,0.0,True,1.0,1.0
esm2_top4_bilstm_attn,test,1,unclassified,sequence_distal_ge21,water_path_exists,10,11,0.0,0.0,0.0,True,1.0,1.0
esm2_top4_bilstm_attn,test,1,unclassified,sequence_distal_ge21,water_path_without_direct_ca_contact,10,11,0.0,0.0,0.0,True,1.0,1.0
esm2_top4_bilstm_attn,test,1,unclassified,sequence_distal_ge21,water_path_without_direct_polar_contact,10,11,0.0,0.0,0.0,True,1.0,1.0
esm2_top4_bilstm_attn,test,1,unclassified,sequence_distal_ge21_no_direct_ca,absolute_backbone_orientation_cosine,10,11,-0.07720701470971107,-0.3242091552259576,0.16979512580653544,True,0.75390625,1.0
esm2_top4_bilstm_attn,test,1,unclassified,sequence_distal_ge21_no_direct_ca,absolute_sequence_separation,10,11,-4.583538081899425,-10.091200274892092,0.9241241110932421,True,0.34375,0.6092381786339754
esm2_top4_bilstm_attn,test,1,unclassified,sequence_distal_ge21_no_direct_ca,band_water_contact_count,10,11,0.0,0.0,0.0,True,1.0,1.0
esm2_top4_bilstm_attn,test,1,unclassified,sequence_distal_ge21_no_direct_ca,direct_ca_contact,10,11,0.0,0.0,0.0,True,1.0,1.0
esm2_top4_bilstm_attn,test,1,unclassified,sequence_distal_ge21_no_direct_ca,direct_putative_polar_contact,10,11,-0.00204081628471612,-0.006657463461255982,0.0025758308918237423,True,1.0,1.0
esm2_top4_bilstm_attn,test,1,unclassified,sequence_distal_ge21_no_direct_ca,direct_putative_polar_contact_count,10,11,-0.00204081628471612,-0.006657463461255982,0.0025758308918237423,True,1.0,1.0
esm2_top4_bilstm_attn,test,1,unclassified,sequence_distal_ge21_no_direct_ca,disorder,10,11,0.015105295943837017,-0.04755180476709042,0.07776239665476445,True,0.75390625,1.0
esm2_top4_bilstm_attn,test,1,unclassified,sequence_distal_ge21_no_direct_ca,mean_query_contact_water_degree,7,7,0.22658729978970119,,,False,,
esm2_top4_bilstm_attn,test,1,unclassified,sequence_distal_ge21_no_direct_ca,minimum_ca_distance_angstrom,10,11,2.4520201206207277,-3.3012307088715467,8.205270950113002,True,0.75390625,1.0
esm2_top4_bilstm_attn,test,1,unclassified,sequence_distal_ge21_no_direct_ca,minimum_heavy_atom_distance_angstrom,10,11,2.588117074966431,-3.295043255551432,8.471277405484294,True,0.75390625,1.0
esm2_top4_bilstm_attn,test,1,unclassified,sequence_distal_ge21_no_direct_ca,minimum_polar_atom_distance_angstrom,10,11,2.249356269836426,-3.482098538720119,7.98081107839297,True,1.0,1.0
esm2_top4_bilstm_attn,test,1,unclassified,sequence_distal_ge21_no_direct_ca,neq,10,11,1.2065873388799964,0.6507145002821838,1.7624601774778088,True,0.021484375,0.06858734227129337
esm2_top4_bilstm_attn,test,1,unclassified,sequence_distal_ge21_no_direct_ca,nonlocal_contact_path_exists,10,11,0.05041666477918625,-0.11277061012591247,0.21360393968428495,True,1.0,1.0
esm2_top4_bilstm_attn,test,1,unclassified,sequence_distal_ge21_no_direct_ca,normalized_query_position,10,11,-0.034857059195139074,-0.30657600129758916,0.236861882907311,True,0.75390625,1.0
esm2_top4_bilstm_attn,test,1,unclassified,sequence_distal_ge21_no_direct_ca,one_water_bridge,10,11,0.0,0.0,0.0,True,1.0,1.0
esm2_top4_bilstm_attn,test,1,unclassified,sequence_distal_ge21_no_direct_ca,ordinary_contact_path_exists,10,11,0.0,0.0,0.0,True,1.0,1.0
esm2_top4_bilstm_attn,test,1,unclassified,sequence_distal_ge21_no_direct_ca,query_distance_to_band_domain_boundary_sequence,10,11,-0.6824349880218505,-11.630324098629698,10.265454122585998,True,0.75390625,1.0
esm2_top4_bilstm_attn,test,1,unclassified,sequence_distal_ge21_no_direct_ca,query_distance_to_community_boundary_edges,10,11,0.7662086546421051,-0.14988533381092717,1.6823026430951373,True,0.5078125,0.7804195140470767
esm2_top4_bilstm_attn,test,1,unclassified,sequence_distal_ge21_no_direct_ca,query_distance_to_ecod_boundary_sequence,10,11,-2.0636590480804444,-12.638987751142691,8.511669654981803,True,0.75390625,1.0
esm2_top4_bilstm_attn,test,1,unclassified,sequence_distal_ge21_no_direct_ca,query_in_any_band,10,11,0.8675510204081632,0.5921465664905601,1.1429554743257664,True,0.021484375,0.06858734227129337
esm2_top4_bilstm_attn,test,1,unclassified,sequence_distal_ge21_no_direct_ca,query_to_band_contact_count,10,11,0.0,0.0,0.0,True,1.0,1.0
esm2_top4_bilstm_attn,test,1,unclassified,sequence_distal_ge21_no_direct_ca,query_to_band_contact_fraction,10,11,0.0,0.0,0.0,True,1.0,1.0
esm2_top4_bilstm_attn,test,1,unclassified,sequence_distal_ge21_no_direct_ca,query_water_contact_count,10,11,0.15696810483932494,-0.45528004852150367,0.7692162582001536,True,1.0,1.0
esm2_top4_bilstm_attn,test,1,unclassified,sequence_distal_ge21_no_direct_ca,reachable_query_water_entry_count,10,11,0.0,0.0,0.0,True,1.0,1.0
esm2_top4_bilstm_attn,test,1,unclassified,sequence_distal_ge21_no_direct_ca,relative_backbone_orientation_cosine,10,11,0.3930318491533399,0.20743101238247638,0.5786326859242034,True,0.021484375,0.06858734227129337
esm2_top4_bilstm_attn,test,1,unclassified,sequence_distal_ge21_no_direct_ca,rsa,10,11,0.1634904953863588,0.010182994802862583,0.31679799596985503,True,0.109375,0.2586156542056075
esm2_top4_bilstm_attn,test,1,unclassified,sequence_distal_ge21_no_direct_ca,same_community_as_band_apex,10,11,-0.1027777785435319,-0.2378910097404751,0.03233545265341131,True,0.625,0.9074605451936872
esm2_top4_bilstm_attn,test,1,unclassified,sequence_distal_ge21_no_direct_ca,same_community_as_band_majority,9,10,-0.11419753171503544,,,False,,
esm2_top4_bilstm_attn,test,1,unclassified,sequence_distal_ge21_no_direct_ca,same_ecod_domain_as_band_apex,10,11,-0.04693877696990967,-0.15312166750800188,0.05924411356818253,True,1.0,1.0
esm2_top4_bilstm_attn,test,1,unclassified,sequence_distal_ge21_no_direct_ca,shared_water_count,10,11,0.0,0.0,0.0,True,1.0,1.0
esm2_top4_bilstm_attn,test,1,unclassified,sequence_distal_ge21_no_direct_ca,shared_water_fraction_of_band_contacts,10,11,0.0,0.0,0.0,True,1.0,1.0
esm2_top4_bilstm_attn,test,1,unclassified,sequence_distal_ge21_no_direct_ca,shared_water_fraction_of_query_contacts,10,11,0.0,0.0,0.0,True,1.0,1.0
esm2_top4_bilstm_attn,test,1,unclassified,sequence_distal_ge21_no_direct_ca,shares_any_ecod_domain_with_band,10,11,-0.04693877696990967,-0.15312166750800188,0.05924411356818253,True,1.0,1.0
esm2_top4_bilstm_attn,test,1,unclassified,sequence_distal_ge21_no_direct_ca,shortest_nonlocal_contact_path_edges,10,11,0.883676040172577,-0.22133447867030087,1.9886865590154548,True,0.2890625,0.538794168811075
esm2_top4_bilstm_attn,test,1,unclassified,sequence_distal_ge21_no_direct_ca,shortest_ordinary_contact_path_edges,10,11,0.5513461768627167,-0.7313024373466196,1.8339947910720529,True,0.5078125,0.7804195140470767
esm2_top4_bilstm_attn,test,1,unclassified,sequence_distal_ge21_no_direct_ca,torsion_change_from_previous,10,11,39.62310952659338,-12.12243600291145,91.36865505609822,True,0.109375,0.2586156542056075
esm2_top4_bilstm_attn,test,1,unclassified,sequence_distal_ge21_no_direct_ca,water_path_at_most_1,10,11,0.0,0.0,0.0,True,1.0,1.0
esm2_top4_bilstm_attn,test,1,unclassified,sequence_distal_ge21_no_direct_ca,water_path_at_most_2,10,11,0.0,0.0,0.0,True,1.0,1.0
esm2_top4_bilstm_attn,test,1,unclassified,sequence_distal_ge21_no_direct_ca,water_path_at_most_3,10,11,0.0,0.0,0.0,True,1.0,1.0
esm2_top4_bilstm_attn,test,1,unclassified,sequence_distal_ge21_no_direct_ca,water_path_exists,10,11,0.0,0.0,0.0,True,1.0,1.0
esm2_top4_bilstm_attn,test,1,unclassified,sequence_distal_ge21_no_direct_ca,water_path_without_direct_ca_contact,10,11,0.0,0.0,0.0,True,1.0,1.0
esm2_top4_bilstm_attn,test,1,unclassified,sequence_distal_ge21_no_direct_ca,water_path_without_direct_polar_contact,10,11,0.0,0.0,0.0,True,1.0,1.0
esm2_top4_bilstm_attn,test,-1,evidence_dominated,all_eligible_queries,shortest_water_path_water_count,11,13,-0.056818192655389926,-0.9105777063980768,0.796941321087297,True,1.0,1.0
esm2_top4_bilstm_attn,test,-1,evidence_dominated,sequence_distal_ge21,shortest_water_path_water_count,6,8,0.006944417953491285,,,False,,
esm2_top4_bilstm_attn,test,-1,unclassified,all_eligible_queries,absolute_backbone_orientation_cosine,1,1,-0.1665296951929728,,,False,,
esm2_top4_bilstm_attn,test,-1,unclassified,all_eligible_queries,absolute_sequence_separation,1,1,-5.527777777777776,,,False,,
esm2_top4_bilstm_attn,test,-1,unclassified,all_eligible_queries,band_water_contact_count,1,1,0.0,,,False,,
esm2_top4_bilstm_attn,test,-1,unclassified,all_eligible_queries,direct_ca_contact,1,1,0.4166666666666667,,,False,,
esm2_top4_bilstm_attn,test,-1,unclassified,all_eligible_queries,direct_putative_polar_contact,1,1,0.3958333333333333,,,False,,
esm2_top4_bilstm_attn,test,-1,unclassified,all_eligible_queries,direct_putative_polar_contact_count,1,1,1.3958333333333333,,,False,,
esm2_top4_bilstm_attn,test,-1,unclassified,all_eligible_queries,disorder,1,1,0.0106729195987874,,,False,,
esm2_top4_bilstm_attn,test,-1,unclassified,all_eligible_queries,mean_query_contact_water_degree,1,1,-0.6666666865348816,,,False,,
esm2_top4_bilstm_attn,test,-1,unclassified,all_eligible_queries,minimum_ca_distance_angstrom,1,1,-5.811675071716309,,,False,,
esm2_top4_bilstm_attn,test,-1,unclassified,all_eligible_queries,minimum_heavy_atom_distance_angstrom,1,1,-5.92194143931071,,,False,,
esm2_top4_bilstm_attn,test,-1,unclassified,all_eligible_queries,minimum_polar_atom_distance_angstrom,1,1,-5.476598580678304,,,False,,
esm2_top4_bilstm_attn,test,-1,unclassified,all_eligible_queries,neq,1,1,-0.0844459876543209,,,False,,
esm2_top4_bilstm_attn,test,-1,unclassified,all_eligible_queries,nonlocal_contact_path_exists,1,1,0.0,,,False,,
esm2_top4_bilstm_attn,test,-1,unclassified,all_eligible_queries,normalized_query_position,1,1,-0.0744256915142991,,,False,,
esm2_top4_bilstm_attn,test,-1,unclassified,all_eligible_queries,one_water_bridge,1,1,0.0,,,False,,
esm2_top4_bilstm_attn,test,-1,unclassified,all_eligible_queries,ordinary_contact_path_exists,1,1,0.0,,,False,,
esm2_top4_bilstm_attn,test,-1,unclassified,all_eligible_queries,query_distance_to_band_domain_boundary_sequence,1,1,3.6666666666666665,,,False,,
esm2_top4_bilstm_attn,test,-1,unclassified,all_eligible_queries,query_distance_to_community_boundary_edges,1,1,0.4560185273488362,,,False,,
esm2_top4_bilstm_attn,test,-1,unclassified,all_eligible_queries,query_distance_to_ecod_boundary_sequence,1,1,3.6666666666666665,,,False,,
esm2_top4_bilstm_attn,test,-1,unclassified,all_eligible_queries,query_in_any_band,1,1,0.1990740740740741,,,False,,
esm2_top4_bilstm_attn,test,-1,unclassified,all_eligible_queries,query_to_band_contact_count,1,1,1.4166666666666667,,,False,,
esm2_top4_bilstm_attn,test,-1,unclassified,all_eligible_queries,query_to_band_contact_fraction,1,1,0.3541666666666667,,,False,,
esm2_top4_bilstm_attn,test,-1,unclassified,all_eligible_queries,query_water_contact_count,1,1,-0.4120370373129844,,,False,,
esm2_top4_bilstm_attn,test,-1,unclassified,all_eligible_queries,reachable_query_water_entry_count,1,1,0.0,,,False,,
esm2_top4_bilstm_attn,test,-1,unclassified,all_eligible_queries,relative_backbone_orientation_cosine,1,1,0.498604695002238,,,False,,
esm2_top4_bilstm_attn,test,-1,unclassified,all_eligible_queries,rsa,1,1,-0.0790102549621628,,,False,,
esm2_top4_bilstm_attn,test,-1,unclassified,all_eligible_queries,same_community_as_band_apex,1,1,0.0879629626870155,,,False,,
esm2_top4_bilstm_attn,test,-1,unclassified,all_eligible_queries,same_community_as_band_majority,1,1,0.0879629626870155,,,False,,
esm2_top4_bilstm_attn,test,-1,unclassified,all_eligible_queries,same_ecod_domain_as_band_apex,1,1,0.0,,,False,,
esm2_top4_bilstm_attn,test,-1,unclassified,all_eligible_queries,shared_water_count,1,1,0.0,,,False,,
esm2_top4_bilstm_attn,test,-1,unclassified,all_eligible_queries,shared_water_fraction_of_band_contacts,1,1,0.0,,,False,,
esm2_top4_bilstm_attn,test,-1,unclassified,all_eligible_queries,shared_water_fraction_of_query_contacts,1,1,0.0,,,False,,
esm2_top4_bilstm_attn,test,-1,unclassified,all_eligible_queries,shares_any_ecod_domain_with_band,1,1,0.0,,,False,,
esm2_top4_bilstm_attn,test,-1,unclassified,all_eligible_queries,shortest_nonlocal_contact_path_edges,1,1,-1.1481482187906902,,,False,,
esm2_top4_bilstm_attn,test,-1,unclassified,all_eligible_queries,shortest_ordinary_contact_path_edges,1,1,-1.2500000794728596,,,False,,
esm2_top4_bilstm_attn,test,-1,unclassified,all_eligible_queries,torsion_change_from_previous,1,1,-81.33762954154311,,,False,,
esm2_top4_bilstm_attn,test,-1,unclassified,all_eligible_queries,water_path_at_most_1,1,1,0.0,,,False,,
esm2_top4_bilstm_attn,test,-1,unclassified,all_eligible_queries,water_path_at_most_2,1,1,0.0,,,False,,
esm2_top4_bilstm_attn,test,-1,unclassified,all_eligible_queries,water_path_at_most_3,1,1,0.0,,,False,,
esm2_top4_bilstm_attn,test,-1,unclassified,all_eligible_queries,water_path_exists,1,1,0.0,,,False,,
esm2_top4_bilstm_attn,test,-1,unclassified,all_eligible_queries,water_path_without_direct_ca_contact,1,1,0.0,,,False,,
esm2_top4_bilstm_attn,test,-1,unclassified,all_eligible_queries,water_path_without_direct_polar_contact,1,1,0.0,,,False,,
esm2_top4_bilstm_attn,test,-1,unclassified,sequence_distal_ge21,absolute_backbone_orientation_cosine,1,1,0.0468443036079406,,,False,,
esm2_top4_bilstm_attn,test,-1,unclassified,sequence_distal_ge21,absolute_sequence_separation,1,1,-6.291666666666664,,,False,,
esm2_top4_bilstm_attn,test,-1,unclassified,sequence_distal_ge21,band_water_contact_count,1,1,0.0,,,False,,
esm2_top4_bilstm_attn,test,-1,unclassified,sequence_distal_ge21,direct_ca_contact,1,1,0.125,,,False,,
esm2_top4_bilstm_attn,test,-1,unclassified,sequence_distal_ge21,direct_putative_polar_contact,1,1,0.09375,,,False,,
esm2_top4_bilstm_attn,test,-1,unclassified,sequence_distal_ge21,direct_putative_polar_contact_count,1,1,0.09375,,,False,,
esm2_top4_bilstm_attn,test,-1,unclassified,sequence_distal_ge21,disorder,1,1,-0.0018921557477571,,,False,,
esm2_top4_bilstm_attn,test,-1,unclassified,sequence_distal_ge21,mean_query_contact_water_degree,1,1,-0.6666666865348816,,,False,,
esm2_top4_bilstm_attn,test,-1,unclassified,sequence_distal_ge21,minimum_ca_distance_angstrom,1,1,-5.562019348144531,,,False,,
esm2_top4_bilstm_attn,test,-1,unclassified,sequence_distal_ge21,minimum_heavy_atom_distance_angstrom,1,1,-6.469013690948486,,,False,,
esm2_top4_bilstm_attn,test,-1,unclassified,sequence_distal_ge21,minimum_polar_atom_distance_angstrom,1,1,-5.838403224945068,,,False,,
esm2_top4_bilstm_attn,test,-1,unclassified,sequence_distal_ge21,neq,1,1,-0.1266689814814814,,,False,,
esm2_top4_bilstm_attn,test,-1,unclassified,sequence_distal_ge21,nonlocal_contact_path_exists,1,1,0.0,,,False,,
esm2_top4_bilstm_attn,test,-1,unclassified,sequence_distal_ge21,normalized_query_position,1,1,-0.1369549929676512,,,False,,
esm2_top4_bilstm_attn,test,-1,unclassified,sequence_distal_ge21,one_water_bridge,1,1,0.0,,,False,,
esm2_top4_bilstm_attn,test,-1,unclassified,sequence_distal_ge21,ordinary_contact_path_exists,1,1,0.0,,,False,,
esm2_top4_bilstm_attn,test,-1,unclassified,sequence_distal_ge21,query_distance_to_band_domain_boundary_sequence,1,1,9.5,,,False,,
esm2_top4_bilstm_attn,test,-1,unclassified,sequence_distal_ge21,query_distance_to_community_boundary_edges,1,1,0.1840277910232544,,,False,,
esm2_top4_bilstm_attn,test,-1,unclassified,sequence_distal_ge21,query_distance_to_ecod_boundary_sequence,1,1,9.5,,,False,,
esm2_top4_bilstm_attn,test,-1,unclassified,sequence_distal_ge21,query_in_any_band,1,1,0.2986111111111111,,,False,,
esm2_top4_bilstm_attn,test,-1,unclassified,sequence_distal_ge21,query_to_band_contact_count,1,1,0.125,,,False,,
esm2_top4_bilstm_attn,test,-1,unclassified,sequence_distal_ge21,query_to_band_contact_fraction,1,1,0.03125,,,False,,
esm2_top4_bilstm_attn,test,-1,unclassified,sequence_distal_ge21,query_water_contact_count,1,1,-0.1180555559694767,,,False,,
esm2_top4_bilstm_attn,test,-1,unclassified,sequence_distal_ge21,reachable_query_water_entry_count,1,1,0.0,,,False,,
esm2_top4_bilstm_attn,test,-1,unclassified,sequence_distal_ge21,relative_backbone_orientation_cosine,1,1,0.451268196105957,,,False,,
esm2_top4_bilstm_attn,test,-1,unclassified,sequence_distal_ge21,rsa,1,1,-0.0412573320015023,,,False,,
esm2_top4_bilstm_attn,test,-1,unclassified,sequence_distal_ge21,same_community_as_band_apex,1,1,0.1319444440305233,,,False,,
esm2_top4_bilstm_attn,test,-1,unclassified,sequence_distal_ge21,same_community_as_band_majority,1,1,0.1319444440305233,,,False,,
esm2_top4_bilstm_attn,test,-1,unclassified,sequence_distal_ge21,same_ecod_domain_as_band_apex,1,1,0.0,,,False,,
esm2_top4_bilstm_attn,test,-1,unclassified,sequence_distal_ge21,shared_water_count,1,1,0.0,,,False,,
esm2_top4_bilstm_attn,test,-1,unclassified,sequence_distal_ge21,shared_water_fraction_of_band_contacts,1,1,0.0,,,False,,
esm2_top4_bilstm_attn,test,-1,unclassified,sequence_distal_ge21,shared_water_fraction_of_query_contacts,1,1,0.0,,,False,,
esm2_top4_bilstm_attn,test,-1,unclassified,sequence_distal_ge21,shares_any_ecod_domain_with_band,1,1,0.0,,,False,,
esm2_top4_bilstm_attn,test,-1,unclassified,sequence_distal_ge21,shortest_nonlocal_contact_path_edges,1,1,-1.2222223281860352,,,False,,
esm2_top4_bilstm_attn,test,-1,unclassified,sequence_distal_ge21,shortest_ordinary_contact_path_edges,1,1,-1.3750001192092896,,,False,,
esm2_top4_bilstm_attn,test,-1,unclassified,sequence_distal_ge21,torsion_change_from_previous,1,1,-19.93663083505256,,,False,,
esm2_top4_bilstm_attn,test,-1,unclassified,sequence_distal_ge21,water_path_at_most_1,1,1,0.0,,,False,,
esm2_top4_bilstm_attn,test,-1,unclassified,sequence_distal_ge21,water_path_at_most_2,1,1,0.0,,,False,,
esm2_top4_bilstm_attn,test,-1,unclassified,sequence_distal_ge21,water_path_at_most_3,1,1,0.0,,,False,,
esm2_top4_bilstm_attn,test,-1,unclassified,sequence_distal_ge21,water_path_exists,1,1,0.0,,,False,,
esm2_top4_bilstm_attn,test,-1,unclassified,sequence_distal_ge21,water_path_without_direct_ca_contact,1,1,0.0,,,False,,
esm2_top4_bilstm_attn,test,-1,unclassified,sequence_distal_ge21,water_path_without_direct_polar_contact,1,1,0.0,,,False,,
esm2_top4_bilstm_attn,test,-1,unclassified,sequence_distal_ge21_no_direct_ca,absolute_backbone_orientation_cosine,1,1,0.0392687022686004,,,False,,
esm2_top4_bilstm_attn,test,-1,unclassified,sequence_distal_ge21_no_direct_ca,absolute_sequence_separation,1,1,-6.20833333333333,,,False,,
esm2_top4_bilstm_attn,test,-1,unclassified,sequence_distal_ge21_no_direct_ca,band_water_contact_count,1,1,0.0,,,False,,
esm2_top4_bilstm_attn,test,-1,unclassified,sequence_distal_ge21_no_direct_ca,direct_ca_contact,1,1,0.0,,,False,,
esm2_top4_bilstm_attn,test,-1,unclassified,sequence_distal_ge21_no_direct_ca,direct_putative_polar_contact,1,1,-0.03125,,,False,,
esm2_top4_bilstm_attn,test,-1,unclassified,sequence_distal_ge21_no_direct_ca,direct_putative_polar_contact_count,1,1,-0.03125,,,False,,
esm2_top4_bilstm_attn,test,-1,unclassified,sequence_distal_ge21_no_direct_ca,disorder,1,1,-0.0015540247485559,,,False,,
esm2_top4_bilstm_attn,test,-1,unclassified,sequence_distal_ge21_no_direct_ca,mean_query_contact_water_degree,1,1,-0.6666666865348816,,,False,,
esm2_top4_bilstm_attn,test,-1,unclassified,sequence_distal_ge21_no_direct_ca,minimum_ca_distance_angstrom,1,1,-5.2831196784973145,,,False,,
esm2_top4_bilstm_attn,test,-1,unclassified,sequence_distal_ge21_no_direct_ca,minimum_heavy_atom_distance_angstrom,1,1,-6.012996673583984,,,False,,
esm2_top4_bilstm_attn,test,-1,unclassified,sequence_distal_ge21_no_direct_ca,minimum_polar_atom_distance_angstrom,1,1,-5.12742280960083,,,False,,
esm2_top4_bilstm_attn,test,-1,unclassified,sequence_distal_ge21_no_direct_ca,neq,1,1,-0.1262939814814815,,,False,,
esm2_top4_bilstm_attn,test,-1,unclassified,sequence_distal_ge21_no_direct_ca,nonlocal_contact_path_exists,1,1,0.0,,,False,,
esm2_top4_bilstm_attn,test,-1,unclassified,sequence_distal_ge21_no_direct_ca,normalized_query_position,1,1,-0.1374824191279887,,,False,,
esm2_top4_bilstm_attn,test,-1,unclassified,sequence_distal_ge21_no_direct_ca,one_water_bridge,1,1,0.0,,,False,,
esm2_top4_bilstm_attn,test,-1,unclassified,sequence_distal_ge21_no_direct_ca,ordinary_contact_path_exists,1,1,0.0,,,False,,
esm2_top4_bilstm_attn,test,-1,unclassified,sequence_distal_ge21_no_direct_ca,query_distance_to_band_domain_boundary_sequence,1,1,9.416666030883787,,,False,,
esm2_top4_bilstm_attn,test,-1,unclassified,sequence_distal_ge21_no_direct_ca,query_distance_to_community_boundary_edges,1,1,0.2256944626569748,,,False,,
esm2_top4_bilstm_attn,test,-1,unclassified,sequence_distal_ge21_no_direct_ca,query_distance_to_ecod_boundary_sequence,1,1,9.416666030883787,,,False,,
esm2_top4_bilstm_attn,test,-1,unclassified,sequence_distal_ge21_no_direct_ca,query_in_any_band,1,1,0.2986111111111111,,,False,,
esm2_top4_bilstm_attn,test,-1,unclassified,sequence_distal_ge21_no_direct_ca,query_to_band_contact_count,1,1,0.0,,,False,,
esm2_top4_bilstm_attn,test,-1,unclassified,sequence_distal_ge21_no_direct_ca,query_to_band_contact_fraction,1,1,0.0,,,False,,
esm2_top4_bilstm_attn,test,-1,unclassified,sequence_distal_ge21_no_direct_ca,query_water_contact_count,1,1,-0.0347222127020359,,,False,,
esm2_top4_bilstm_attn,test,-1,unclassified,sequence_distal_ge21_no_direct_ca,reachable_query_water_entry_count,1,1,0.0,,,False,,
esm2_top4_bilstm_attn,test,-1,unclassified,sequence_distal_ge21_no_direct_ca,relative_backbone_orientation_cosine,1,1,0.4436925649642944,,,False,,
esm2_top4_bilstm_attn,test,-1,unclassified,sequence_distal_ge21_no_direct_ca,rsa,1,1,-0.0095551553337524,,,False,,
esm2_top4_bilstm_attn,test,-1,unclassified,sequence_distal_ge21_no_direct_ca,same_community_as_band_apex,1,1,0.0486111156642437,,,False,,
esm2_top4_bilstm_attn,test,-1,unclassified,sequence_distal_ge21_no_direct_ca,same_community_as_band_majority,1,1,0.0486111156642437,,,False,,
esm2_top4_bilstm_attn,test,-1,unclassified,sequence_distal_ge21_no_direct_ca,same_ecod_domain_as_band_apex,1,1,0.0,,,False,,
esm2_top4_bilstm_attn,test,-1,unclassified,sequence_distal_ge21_no_direct_ca,shared_water_count,1,1,0.0,,,False,,
esm2_top4_bilstm_attn,test,-1,unclassified,sequence_distal_ge21_no_direct_ca,shared_water_fraction_of_band_contacts,1,1,0.0,,,False,,
esm2_top4_bilstm_attn,test,-1,unclassified,sequence_distal_ge21_no_direct_ca,shared_water_fraction_of_query_contacts,1,1,0.0,,,False,,
esm2_top4_bilstm_attn,test,-1,unclassified,sequence_distal_ge21_no_direct_ca,shares_any_ecod_domain_with_band,1,1,0.0,,,False,,
esm2_top4_bilstm_attn,test,-1,unclassified,sequence_distal_ge21_no_direct_ca,shortest_nonlocal_contact_path_edges,1,1,-1.0555557012557983,,,False,,
esm2_top4_bilstm_attn,test,-1,unclassified,sequence_distal_ge21_no_direct_ca,shortest_ordinary_contact_path_edges,1,1,-1.2500001192092896,,,False,,
esm2_top4_bilstm_attn,test,-1,unclassified,sequence_distal_ge21_no_direct_ca,torsion_change_from_previous,1,1,-19.136040380912085,,,False,,
esm2_top4_bilstm_attn,test,-1,unclassified,sequence_distal_ge21_no_direct_ca,water_path_at_most_1,1,1,0.0,,,False,,
esm2_top4_bilstm_attn,test,-1,unclassified,sequence_distal_ge21_no_direct_ca,water_path_at_most_2,1,1,0.0,,,False,,
esm2_top4_bilstm_attn,test,-1,unclassified,sequence_distal_ge21_no_direct_ca,water_path_at_most_3,1,1,0.0,,,False,,
esm2_top4_bilstm_attn,test,-1,unclassified,sequence_distal_ge21_no_direct_ca,water_path_exists,1,1,0.0,,,False,,
esm2_top4_bilstm_attn,test,-1,unclassified,sequence_distal_ge21_no_direct_ca,water_path_without_direct_ca_contact,1,1,0.0,,,False,,
esm2_top4_bilstm_attn,test,-1,unclassified,sequence_distal_ge21_no_direct_ca,water_path_without_direct_polar_contact,1,1,0.0,,,False,,
esm2_top4_bilstm_attn,test,-1,combined,sequence_distal_ge21_no_direct_ca,shortest_water_path_water_count,2,2,-1.0,,,False,,
esm2_top4_bilstm_attn,test,1,consultation_dominated,all_eligible_queries,absolute_backbone_orientation_cosine,2,2,-0.23914366774260995,,,False,,
esm2_top4_bilstm_attn,test,1,consultation_dominated,all_eligible_queries,absolute_sequence_separation,2,2,-12.607456140350877,,,False,,
esm2_top4_bilstm_attn,test,1,consultation_dominated,all_eligible_queries,band_water_contact_count,2,2,0.0,,,False,,
esm2_top4_bilstm_attn,test,1,consultation_dominated,all_eligible_queries,direct_ca_contact,2,2,0.0,,,False,,
esm2_top4_bilstm_attn,test,1,consultation_dominated,all_eligible_queries,direct_putative_polar_contact,2,2,0.0,,,False,,
esm2_top4_bilstm_attn,test,1,consultation_dominated,all_eligible_queries,direct_putative_polar_contact_count,2,2,0.0,,,False,,
esm2_top4_bilstm_attn,test,1,consultation_dominated,all_eligible_queries,disorder,2,2,0.00328059650660415,,,False,,
esm2_top4_bilstm_attn,test,1,consultation_dominated,all_eligible_queries,minimum_ca_distance_angstrom,2,2,-5.0627336502075195,,,False,,
esm2_top4_bilstm_attn,test,1,consultation_dominated,all_eligible_queries,minimum_heavy_atom_distance_angstrom,2,2,-3.618677496910095,,,False,,
esm2_top4_bilstm_attn,test,1,consultation_dominated,all_eligible_queries,minimum_polar_atom_distance_angstrom,2,2,-5.668173432350159,,,False,,
esm2_top4_bilstm_attn,test,1,consultation_dominated,all_eligible_queries,neq,2,2,1.0892905701754387,,,False,,
esm2_top4_bilstm_attn,test,1,consultation_dominated,all_eligible_queries,nonlocal_contact_path_exists,2,2,0.0,,,False,,
esm2_top4_bilstm_attn,test,1,consultation_dominated,all_eligible_queries,normalized_query_position,2,2,-0.1347724037967376,,,False,,
esm2_top4_bilstm_attn,test,1,consultation_dominated,all_eligible_queries,one_water_bridge,2,2,0.0,,,False,,
esm2_top4_bilstm_attn,test,1,consultation_dominated,all_eligible_queries,ordinary_contact_path_exists,2,2,0.0,,,False,,
esm2_top4_bilstm_attn,test,1,consultation_dominated,all_eligible_queries,query_distance_to_band_domain_boundary_sequence,2,2,6.111841678619385,,,False,,
esm2_top4_bilstm_attn,test,1,consultation_dominated,all_eligible_queries,query_distance_to_community_boundary_edges,2,2,0.0021929629147052487,,,False,,
esm2_top4_bilstm_attn,test,1,consultation_dominated,all_eligible_queries,query_distance_to_ecod_boundary_sequence,2,2,6.111841678619385,,,False,,
esm2_top4_bilstm_attn,test,1,consultation_dominated,all_eligible_queries,query_in_any_band,2,2,0.6370614035087718,,,False,,
esm2_top4_bilstm_attn,test,1,consultation_dominated,all_eligible_queries,query_to_band_contact_count,2,2,0.0,,,False,,
esm2_top4_bilstm_attn,test,1,consultation_dominated,all_eligible_queries,query_to_band_contact_fraction,2,2,0.0,,,False,,
esm2_top4_bilstm_attn,test,1,consultation_dominated,all_eligible_queries,query_water_contact_count,2,2,-0.2828947529196739,,,False,,
esm2_top4_bilstm_attn,test,1,consultation_dominated,all_eligible_queries,reachable_query_water_entry_count,2,2,0.0,,,False,,
esm2_top4_bilstm_attn,test,1,consultation_dominated,all_eligible_queries,relative_backbone_orientation_cosine,2,2,-0.16595990210771563,,,False,,
esm2_top4_bilstm_attn,test,1,consultation_dominated,all_eligible_queries,rsa,2,2,0.3192822404896121,,,False,,
esm2_top4_bilstm_attn,test,1,consultation_dominated,all_eligible_queries,same_community_as_band_apex,2,2,0.11842105258256196,,,False,,
esm2_top4_bilstm_attn,test,1,consultation_dominated,all_eligible_queries,same_ecod_domain_as_band_apex,2,2,0.0,,,False,,
esm2_top4_bilstm_attn,test,1,consultation_dominated,all_eligible_queries,shared_water_count,2,2,0.0,,,False,,
esm2_top4_bilstm_attn,test,1,consultation_dominated,all_eligible_queries,shared_water_fraction_of_band_contacts,2,2,0.0,,,False,,
esm2_top4_bilstm_attn,test,1,consultation_dominated,all_eligible_queries,shared_water_fraction_of_query_contacts,2,2,0.0,,,False,,
esm2_top4_bilstm_attn,test,1,consultation_dominated,all_eligible_queries,shares_any_ecod_domain_with_band,2,2,0.0,,,False,,
esm2_top4_bilstm_attn,test,1,consultation_dominated,all_eligible_queries,shortest_nonlocal_contact_path_edges,2,2,-1.8344298005104065,,,False,,
esm2_top4_bilstm_attn,test,1,consultation_dominated,all_eligible_queries,shortest_ordinary_contact_path_edges,2,2,-1.4912280142307284,,,False,,
esm2_top4_bilstm_attn,test,1,consultation_dominated,all_eligible_queries,torsion_change_from_previous,2,2,45.6209901796873,,,False,,
esm2_top4_bilstm_attn,test,1,consultation_dominated,all_eligible_queries,water_path_at_most_1,2,2,0.0,,,False,,
esm2_top4_bilstm_attn,test,1,consultation_dominated,all_eligible_queries,water_path_at_most_2,2,2,0.0,,,False,,
esm2_top4_bilstm_attn,test,1,consultation_dominated,all_eligible_queries,water_path_at_most_3,2,2,0.0,,,False,,
esm2_top4_bilstm_attn,test,1,consultation_dominated,all_eligible_queries,water_path_exists,2,2,0.0,,,False,,
esm2_top4_bilstm_attn,test,1,consultation_dominated,all_eligible_queries,water_path_without_direct_ca_contact,2,2,0.0,,,False,,
esm2_top4_bilstm_attn,test,1,consultation_dominated,all_eligible_queries,water_path_without_direct_polar_contact,2,2,0.0,,,False,,
esm2_top4_bilstm_attn,test,1,consultation_dominated,sequence_distal_ge21,absolute_backbone_orientation_cosine,2,2,-0.15355798353751504,,,False,,
esm2_top4_bilstm_attn,test,1,consultation_dominated,sequence_distal_ge21,absolute_sequence_separation,2,2,-15.087719298245615,,,False,,
esm2_top4_bilstm_attn,test,1,consultation_dominated,sequence_distal_ge21,band_water_contact_count,2,2,0.0,,,False,,
esm2_top4_bilstm_attn,test,1,consultation_dominated,sequence_distal_ge21,direct_ca_contact,2,2,0.0,,,False,,
esm2_top4_bilstm_attn,test,1,consultation_dominated,sequence_distal_ge21,direct_putative_polar_contact,2,2,0.0,,,False,,
esm2_top4_bilstm_attn,test,1,consultation_dominated,sequence_distal_ge21,direct_putative_polar_contact_count,2,2,0.0,,,False,,
esm2_top4_bilstm_attn,test,1,consultation_dominated,sequence_distal_ge21,disorder,2,2,0.0002732730415453497,,,False,,
esm2_top4_bilstm_attn,test,1,consultation_dominated,sequence_distal_ge21,minimum_ca_distance_angstrom,2,2,-6.200016657511393,,,False,,
esm2_top4_bilstm_attn,test,1,consultation_dominated,sequence_distal_ge21,minimum_heavy_atom_distance_angstrom,2,2,-4.456096808115642,,,False,,
esm2_top4_bilstm_attn,test,1,consultation_dominated,sequence_distal_ge21,minimum_polar_atom_distance_angstrom,2,2,-6.590905825297037,,,False,,
esm2_top4_bilstm_attn,test,1,consultation_dominated,sequence_distal_ge21,neq,2,2,1.1666929824561405,,,False,,
esm2_top4_bilstm_attn,test,1,consultation_dominated,sequence_distal_ge21,nonlocal_contact_path_exists,2,2,0.0,,,False,,
esm2_top4_bilstm_attn,test,1,consultation_dominated,sequence_distal_ge21,normalized_query_position,2,2,-0.16637594536092845,,,False,,
esm2_top4_bilstm_attn,test,1,consultation_dominated,sequence_distal_ge21,one_water_bridge,2,2,0.0,,,False,,
esm2_top4_bilstm_attn,test,1,consultation_dominated,sequence_distal_ge21,ordinary_contact_path_exists,2,2,0.0,,,False,,
esm2_top4_bilstm_attn,test,1,consultation_dominated,sequence_distal_ge21,query_distance_to_band_domain_boundary_sequence,2,2,3.315788904825846,,,False,,
esm2_top4_bilstm_attn,test,1,consultation_dominated,sequence_distal_ge21,query_distance_to_community_boundary_edges,2,2,0.030701736609140995,,,False,,
esm2_top4_bilstm_attn,test,1,consultation_dominated,sequence_distal_ge21,query_distance_to_ecod_boundary_sequence,2,2,3.315788904825846,,,False,,
esm2_top4_bilstm_attn,test,1,consultation_dominated,sequence_distal_ge21,query_in_any_band,2,2,0.6271929824561403,,,False,,
esm2_top4_bilstm_attn,test,1,consultation_dominated,sequence_distal_ge21,query_to_band_contact_count,2,2,0.0,,,False,,
esm2_top4_bilstm_attn,test,1,consultation_dominated,sequence_distal_ge21,query_to_band_contact_fraction,2,2,0.0,,,False,,
esm2_top4_bilstm_attn,test,1,consultation_dominated,sequence_distal_ge21,query_water_contact_count,2,2,-0.37719298402468365,,,False,,
esm2_top4_bilstm_attn,test,1,consultation_dominated,sequence_distal_ge21,reachable_query_water_entry_count,2,2,0.0,,,False,,
esm2_top4_bilstm_attn,test,1,consultation_dominated,sequence_distal_ge21,relative_backbone_orientation_cosine,2,2,-0.01202938954035443,,,False,,
esm2_top4_bilstm_attn,test,1,consultation_dominated,sequence_distal_ge21,rsa,2,2,0.2795927970866232,,,False,,
esm2_top4_bilstm_attn,test,1,consultation_dominated,sequence_distal_ge21,same_community_as_band_apex,2,2,0.15789473677674926,,,False,,
esm2_top4_bilstm_attn,test,1,consultation_dominated,sequence_distal_ge21,same_ecod_domain_as_band_apex,2,2,0.0,,,False,,
esm2_top4_bilstm_attn,test,1,consultation_dominated,sequence_distal_ge21,shared_water_count,2,2,0.0,,,False,,
esm2_top4_bilstm_attn,test,1,consultation_dominated,sequence_distal_ge21,shared_water_fraction_of_band_contacts,2,2,0.0,,,False,,
esm2_top4_bilstm_attn,test,1,consultation_dominated,sequence_distal_ge21,shared_water_fraction_of_query_contacts,2,2,0.0,,,False,,
esm2_top4_bilstm_attn,test,1,consultation_dominated,sequence_distal_ge21,shares_any_ecod_domain_with_band,2,2,0.0,,,False,,
esm2_top4_bilstm_attn,test,1,consultation_dominated,sequence_distal_ge21,shortest_nonlocal_contact_path_edges,2,2,-2.0570175647735596,,,False,,
esm2_top4_bilstm_attn,test,1,consultation_dominated,sequence_distal_ge21,shortest_ordinary_contact_path_edges,2,2,-1.7938595612843833,,,False,,
esm2_top4_bilstm_attn,test,1,consultation_dominated,sequence_distal_ge21,torsion_change_from_previous,2,2,40.22387953361904,,,False,,
esm2_top4_bilstm_attn,test,1,consultation_dominated,sequence_distal_ge21,water_path_at_most_1,2,2,0.0,,,False,,
esm2_top4_bilstm_attn,test,1,consultation_dominated,sequence_distal_ge21,water_path_at_most_2,2,2,0.0,,,False,,
esm2_top4_bilstm_attn,test,1,consultation_dominated,sequence_distal_ge21,water_path_at_most_3,2,2,0.0,,,False,,
esm2_top4_bilstm_attn,test,1,consultation_dominated,sequence_distal_ge21,water_path_exists,2,2,0.0,,,False,,
esm2_top4_bilstm_attn,test,1,consultation_dominated,sequence_distal_ge21,water_path_without_direct_ca_contact,2,2,0.0,,,False,,
esm2_top4_bilstm_attn,test,1,consultation_dominated,sequence_distal_ge21,water_path_without_direct_polar_contact,2,2,0.0,,,False,,
esm2_top4_bilstm_attn,test,1,consultation_dominated,sequence_distal_ge21_no_direct_ca,absolute_backbone_orientation_cosine,2,2,-0.15355798353751504,,,False,,
esm2_top4_bilstm_attn,test,1,consultation_dominated,sequence_distal_ge21_no_direct_ca,absolute_sequence_separation,2,2,-15.087719298245615,,,False,,
esm2_top4_bilstm_attn,test,1,consultation_dominated,sequence_distal_ge21_no_direct_ca,band_water_contact_count,2,2,0.0,,,False,,
esm2_top4_bilstm_attn,test,1,consultation_dominated,sequence_distal_ge21_no_direct_ca,direct_ca_contact,2,2,0.0,,,False,,
esm2_top4_bilstm_attn,test,1,consultation_dominated,sequence_distal_ge21_no_direct_ca,direct_putative_polar_contact,2,2,0.0,,,False,,
esm2_top4_bilstm_attn,test,1,consultation_dominated,sequence_distal_ge21_no_direct_ca,direct_putative_polar_contact_count,2,2,0.0,,,False,,
esm2_top4_bilstm_attn,test,1,consultation_dominated,sequence_distal_ge21_no_direct_ca,disorder,2,2,0.0002732730415453497,,,False,,
esm2_top4_bilstm_attn,test,1,consultation_dominated,sequence_distal_ge21_no_direct_ca,minimum_ca_distance_angstrom,2,2,-6.200016657511393,,,False,,
esm2_top4_bilstm_attn,test,1,consultation_dominated,sequence_distal_ge21_no_direct_ca,minimum_heavy_atom_distance_angstrom,2,2,-4.456096808115642,,,False,,
esm2_top4_bilstm_attn,test,1,consultation_dominated,sequence_distal_ge21_no_direct_ca,minimum_polar_atom_distance_angstrom,2,2,-6.590905825297037,,,False,,
esm2_top4_bilstm_attn,test,1,consultation_dominated,sequence_distal_ge21_no_direct_ca,neq,2,2,1.1666929824561405,,,False,,
esm2_top4_bilstm_attn,test,1,consultation_dominated,sequence_distal_ge21_no_direct_ca,nonlocal_contact_path_exists,2,2,0.0,,,False,,
esm2_top4_bilstm_attn,test,1,consultation_dominated,sequence_distal_ge21_no_direct_ca,normalized_query_position,2,2,-0.16637594536092845,,,False,,
esm2_top4_bilstm_attn,test,1,consultation_dominated,sequence_distal_ge21_no_direct_ca,one_water_bridge,2,2,0.0,,,False,,
esm2_top4_bilstm_attn,test,1,consultation_dominated,sequence_distal_ge21_no_direct_ca,ordinary_contact_path_exists,2,2,0.0,,,False,,
esm2_top4_bilstm_attn,test,1,consultation_dominated,sequence_distal_ge21_no_direct_ca,query_distance_to_band_domain_boundary_sequence,2,2,3.315788904825846,,,False,,
esm2_top4_bilstm_attn,test,1,consultation_dominated,sequence_distal_ge21_no_direct_ca,query_distance_to_community_boundary_edges,2,2,0.030701736609140995,,,False,,
esm2_top4_bilstm_attn,test,1,consultation_dominated,sequence_distal_ge21_no_direct_ca,query_distance_to_ecod_boundary_sequence,2,2,3.315788904825846,,,False,,
esm2_top4_bilstm_attn,test,1,consultation_dominated,sequence_distal_ge21_no_direct_ca,query_in_any_band,2,2,0.6271929824561403,,,False,,
esm2_top4_bilstm_attn,test,1,consultation_dominated,sequence_distal_ge21_no_direct_ca,query_to_band_contact_count,2,2,0.0,,,False,,
esm2_top4_bilstm_attn,test,1,consultation_dominated,sequence_distal_ge21_no_direct_ca,query_to_band_contact_fraction,2,2,0.0,,,False,,
esm2_top4_bilstm_attn,test,1,consultation_dominated,sequence_distal_ge21_no_direct_ca,query_water_contact_count,2,2,-0.37719298402468365,,,False,,
esm2_top4_bilstm_attn,test,1,consultation_dominated,sequence_distal_ge21_no_direct_ca,reachable_query_water_entry_count,2,2,0.0,,,False,,
esm2_top4_bilstm_attn,test,1,consultation_dominated,sequence_distal_ge21_no_direct_ca,relative_backbone_orientation_cosine,2,2,-0.01202938954035443,,,False,,
esm2_top4_bilstm_attn,test,1,consultation_dominated,sequence_distal_ge21_no_direct_ca,rsa,2,2,0.2795927970866232,,,False,,
esm2_top4_bilstm_attn,test,1,consultation_dominated,sequence_distal_ge21_no_direct_ca,same_community_as_band_apex,2,2,0.15789473677674926,,,False,,
esm2_top4_bilstm_attn,test,1,consultation_dominated,sequence_distal_ge21_no_direct_ca,same_ecod_domain_as_band_apex,2,2,0.0,,,False,,
esm2_top4_bilstm_attn,test,1,consultation_dominated,sequence_distal_ge21_no_direct_ca,shared_water_count,2,2,0.0,,,False,,
esm2_top4_bilstm_attn,test,1,consultation_dominated,sequence_distal_ge21_no_direct_ca,shared_water_fraction_of_band_contacts,2,2,0.0,,,False,,
esm2_top4_bilstm_attn,test,1,consultation_dominated,sequence_distal_ge21_no_direct_ca,shared_water_fraction_of_query_contacts,2,2,0.0,,,False,,
esm2_top4_bilstm_attn,test,1,consultation_dominated,sequence_distal_ge21_no_direct_ca,shares_any_ecod_domain_with_band,2,2,0.0,,,False,,
esm2_top4_bilstm_attn,test,1,consultation_dominated,sequence_distal_ge21_no_direct_ca,shortest_nonlocal_contact_path_edges,2,2,-2.0570175647735596,,,False,,
esm2_top4_bilstm_attn,test,1,consultation_dominated,sequence_distal_ge21_no_direct_ca,shortest_ordinary_contact_path_edges,2,2,-1.7938595612843833,,,False,,
esm2_top4_bilstm_attn,test,1,consultation_dominated,sequence_distal_ge21_no_direct_ca,torsion_change_from_previous,2,2,40.22387953361904,,,False,,
esm2_top4_bilstm_attn,test,1,consultation_dominated,sequence_distal_ge21_no_direct_ca,water_path_at_most_1,2,2,0.0,,,False,,
esm2_top4_bilstm_attn,test,1,consultation_dominated,sequence_distal_ge21_no_direct_ca,water_path_at_most_2,2,2,0.0,,,False,,
esm2_top4_bilstm_attn,test,1,consultation_dominated,sequence_distal_ge21_no_direct_ca,water_path_at_most_3,2,2,0.0,,,False,,
esm2_top4_bilstm_attn,test,1,consultation_dominated,sequence_distal_ge21_no_direct_ca,water_path_exists,2,2,0.0,,,False,,
esm2_top4_bilstm_attn,test,1,consultation_dominated,sequence_distal_ge21_no_direct_ca,water_path_without_direct_ca_contact,2,2,0.0,,,False,,
esm2_top4_bilstm_attn,test,1,consultation_dominated,sequence_distal_ge21_no_direct_ca,water_path_without_direct_polar_contact,2,2,0.0,,,False,,
esm2_top4_bilstm_attn,test,1,evidence_dominated,all_eligible_queries,shortest_water_path_water_count,2,2,-0.5,,,False,,
esm2_top4_bilstm_attn,test,1,consultation_dominated,all_eligible_queries,mean_query_contact_water_degree,1,1,0.0277777761220932,,,False,,
esm2_top4_bilstm_attn,test,1,consultation_dominated,all_eligible_queries,same_community_as_band_majority,1,1,0.2368421051651239,,,False,,
esm2_top4_bilstm_attn,test,1,consultation_dominated,sequence_distal_ge21,mean_query_contact_water_degree,1,1,-0.25,,,False,,
esm2_top4_bilstm_attn,test,1,consultation_dominated,sequence_distal_ge21,same_community_as_band_majority,1,1,0.3157894735534985,,,False,,
esm2_top4_bilstm_attn,test,1,consultation_dominated,sequence_distal_ge21_no_direct_ca,mean_query_contact_water_degree,1,1,-0.25,,,False,,
esm2_top4_bilstm_attn,test,1,consultation_dominated,sequence_distal_ge21_no_direct_ca,same_community_as_band_majority,1,1,0.3157894735534985,,,False,,
esm2_top4_bilstm_attn,test,-1,evidence_dominated,sequence_distal_ge21_no_direct_ca,shortest_water_path_water_count,3,3,-0.3333333333333333,,,False,,
esm2_top4_bilstm_attn,test,1,evidence_dominated,sequence_distal_ge21,shortest_water_path_water_count,1,1,0.0,,,False,,
esm2_top4_bilstm_attn,train,-1,combined,all_eligible_queries,absolute_backbone_orientation_cosine,623,2264,0.0158344163306781,0.005910269641179617,0.02575856302017658,True,0.006396873806513638,0.02307891726271587
esm2_top4_bilstm_attn,train,-1,combined,all_eligible_queries,absolute_sequence_separation,627,2276,-1.802532572065586,-2.89550458057374,-0.709560563557432,True,0.004505600017497193,0.01664112123250788
esm2_top4_bilstm_attn,train,-1,combined,all_eligible_queries,band_water_contact_count,624,2267,-0.00026709452653542534,-0.0007916091717769598,0.00025742011870610914,True,1.0,1.0
esm2_top4_bilstm_attn,train,-1,combined,all_eligible_queries,direct_ca_contact,624,2267,0.09795812016988419,0.08344647039748326,0.11246976994228511,True,3.978884995227824e-49,1.643523108232881e-47
esm2_top4_bilstm_attn,train,-1,combined,all_eligible_queries,direct_putative_polar_contact,624,2267,0.04005335153743037,0.030668789552460995,0.04943791352239975,True,1.179067312402073e-19,1.482256049876892e-18
esm2_top4_bilstm_attn,train,-1,combined,all_eligible_queries,direct_putative_polar_contact_count,624,2267,0.24332624396876076,0.20416639182477808,0.28248609611274345,True,3.749980633240902e-34,7.989432422820617e-33
esm2_top4_bilstm_attn,train,-1,combined,all_eligible_queries,disorder,627,2276,-0.017488074501705277,-0.019828376722607365,-0.015147772280803188,True,3.792182990791743e-134,5.482413123830349e-132
esm2_top4_bilstm_attn,train,-1,combined,all_eligible_queries,mean_query_contact_water_degree,556,2110,0.003571528597500438,-0.02638842810903039,0.033531485304031265,True,0.6315373963431419,0.9156387465605438
esm2_top4_bilstm_attn,train,-1,combined,all_eligible_queries,minimum_ca_distance_angstrom,624,2267,-2.642573778029513,-2.9044225134681962,-2.3807250425908295,True,1.2279654469850108e-55,5.64864105613105e-54
esm2_top4_bilstm_attn,train,-1,combined,all_eligible_queries,minimum_heavy_atom_distance_angstrom,624,2267,-2.5218003244952816,-2.777900183261467,-2.265700465729096,True,2.0381463188692356e-54,8.967843803024636e-53
esm2_top4_bilstm_attn,train,-1,combined,all_eligible_queries,minimum_polar_atom_distance_angstrom,624,2266,-2.1042014031747707,-2.3595023387965472,-1.8489004675529943,True,1.376423677713643e-41,4.2210326116551715e-40
esm2_top4_bilstm_attn,train,-1,combined,all_eligible_queries,neq,627,2276,-0.40551375213552204,-0.43082338564739675,-0.38020411862364734,True,1.4295293389263095e-184,7.233418454967126e-182
esm2_top4_bilstm_attn,train,-1,combined,all_eligible_queries,nonlocal_contact_path_exists,624,2267,0.012848424021495905,0.007996409946681327,0.017700438096310483,True,1.74595783696353e-24,2.6570065127926203e-23
esm2_top4_bilstm_attn,train,-1,combined,all_eligible_queries,normalized_query_position,627,2276,0.00020160773811780548,-0.008851046459928433,0.009254261936164045,True,0.42447344109640567,0.7094419857796244
esm2_top4_bilstm_attn,train,-1,combined,all_eligible_queries,one_water_bridge,624,2267,0.0009476532339749689,-0.004918337618698013,0.006813644086647952,True,0.05806396951512504,0.15669529906481744
esm2_top4_bilstm_attn,train,-1,combined,all_eligible_queries,ordinary_contact_path_exists,624,2267,0.0,0.0,0.0,True,1.0,1.0
esm2_top4_bilstm_attn,train,-1,combined,all_eligible_queries,query_distance_to_band_domain_boundary_sequence,623,2258,0.3324956063588732,-0.7829025575222265,1.4478937702399728,True,0.2293651396401373,0.4604107409686116
esm2_top4_bilstm_attn,train,-1,combined,all_eligible_queries,query_distance_to_community_boundary_edges,624,2266,-0.2954401690558374,-0.3324633774269916,-0.25841696068468323,True,1.051876409583274e-33,2.1724467887719865e-32
esm2_top4_bilstm_attn,train,-1,combined,all_eligible_queries,query_distance_to_ecod_boundary_sequence,624,2266,1.6118743196784275,0.6076129107482826,2.6161357286085725,True,0.00013900099233181401,0.0006588712142379194
esm2_top4_bilstm_attn,train,-1,combined,all_eligible_queries,query_in_any_band,627,2276,0.5981601644846595,0.5700947170447506,0.6262256119245684,True,7.868026904571759e-121,8.381519186764863e-119
esm2_top4_bilstm_attn,train,-1,combined,all_eligible_queries,query_to_band_contact_count,624,2267,0.39436471336178414,0.34517891225286745,0.4435505144707008,True,3.6902825347468006e-65,1.9151620129044935e-63
esm2_top4_bilstm_attn,train,-1,combined,all_eligible_queries,query_to_band_contact_fraction,624,2267,0.0669586134828938,0.058617242584549895,0.0752999843812377,True,2.3051854840808385e-68,1.3330558342227477e-66
esm2_top4_bilstm_attn,train,-1,combined,all_eligible_queries,query_water_contact_count,624,2267,-0.31444626282543664,-0.35155814429168064,-0.27733438135919264,True,1.1150550673061556e-45,4.103402647686653e-44
esm2_top4_bilstm_attn,train,-1,combined,all_eligible_queries,reachable_query_water_entry_count,624,2267,0.00030532314790896316,-0.010026010122259104,0.01063665641807703,True,0.002768921739113858,0.010840034042488296
esm2_top4_bilstm_attn,train,-1,combined,all_eligible_queries,relative_backbone_orientation_cosine,623,2264,0.013727810657582079,-0.006413164412794697,0.03386878572795886,True,0.9361436977335812,1.0
esm2_top4_bilstm_attn,train,-1,combined,all_eligible_queries,rsa,627,2276,-0.1581508637414961,-0.1659061240667186,-0.1503956034162736,True,6.573065057485086e-142,1.023375667411524e-139
esm2_top4_bilstm_attn,train,-1,combined,all_eligible_queries,same_community_as_band_apex,624,2267,0.035066322303703275,0.018372043812901966,0.051760600794504584,True,0.00013655724789219634,0.0006488072059479001
esm2_top4_bilstm_attn,train,-1,combined,all_eligible_queries,same_community_as_band_majority,607,2109,0.030850679044577653,0.014262965294225795,0.04743839279492951,True,0.002260928198045199,0.008902954616427008
esm2_top4_bilstm_attn,train,-1,combined,all_eligible_queries,same_ecod_domain_as_band_apex,623,2257,0.009732160535701834,0.002426742587889193,0.017037578483514476,True,0.28033848638430997,0.5263498111705411
esm2_top4_bilstm_attn,train,-1,combined,all_eligible_queries,shared_water_count,624,2267,0.003278939971001109,-0.004901662257807551,0.011459542199809769,True,0.05806396951512504,0.15669529906481744
esm2_top4_bilstm_attn,train,-1,combined,all_eligible_queries,shared_water_fraction_of_band_contacts,624,2267,0.0004329785103233298,-0.0014919296708994184,0.002357886691546078,True,0.11511266182112007,0.2690392927551351
esm2_top4_bilstm_attn,train,-1,combined,all_eligible_queries,shared_water_fraction_of_query_contacts,624,2267,0.0015492048927856124,-0.0029135381619929063,0.006011947947564131,True,0.02287824570301388,0.07212705498894097
esm2_top4_bilstm_attn,train,-1,combined,all_eligible_queries,shares_any_ecod_domain_with_band,623,2258,0.009929182762702486,0.0026173979939506826,0.01724096753145429,True,0.28033848638430997,0.5263498111705411
esm2_top4_bilstm_attn,train,-1,combined,all_eligible_queries,shortest_nonlocal_contact_path_edges,623,2265,-0.49082647922643047,-0.5497401208602914,-0.43191283759256954,True,6.221488544943456e-40,1.7735623683050077e-38
esm2_top4_bilstm_attn,train,-1,combined,all_eligible_queries,shortest_ordinary_contact_path_edges,623,2266,-0.49094356277902446,-0.5486958686564847,-0.43319125690156424,True,1.488098022482213e-43,5.1929489612137915e-42
esm2_top4_bilstm_attn,train,-1,combined,all_eligible_queries,shortest_water_path_water_count,47,57,-0.17789598390565697,-0.4256181551137665,0.06982618730245255,True,0.28104151505976915,0.5266926171120119
esm2_top4_bilstm_attn,train,-1,combined,all_eligible_queries,torsion_change_from_previous,627,2276,-41.339358169299985,-43.46121727930639,-39.21749905929358,True,8.787797186038218e-168,1.7786501504541353e-165
esm2_top4_bilstm_attn,train,-1,combined,all_eligible_queries,water_path_at_most_1,624,2267,0.0009476532339749689,-0.004918337618698013,0.006813644086647952,True,0.05806396951512504,0.15669529906481744
esm2_top4_bilstm_attn,train,-1,combined,all_eligible_queries,water_path_at_most_2,624,2267,-0.0005100224157670414,-0.006706678333014687,0.005686633501480604,True,0.020939584343839295,0.0675944477064286
esm2_top4_bilstm_attn,train,-1,combined,all_eligible_queries,water_path_at_most_3,624,2267,-0.0011258695245059923,-0.007376377394724777,0.0051246383457127925,True,0.003174567828151143,0.012123255253165873
esm2_top4_bilstm_attn,train,-1,combined,all_eligible_queries,water_path_exists,624,2267,-0.0011603682683361447,-0.007472306116165669,0.00515156957949338,True,0.0013040575819412614,0.005408632266084248
esm2_top4_bilstm_attn,train,-1,combined,all_eligible_queries,water_path_without_direct_ca_contact,624,2267,-0.00406986403151099,-0.006148236229375509,-0.001991491833646472,True,1.0370122869690992e-06,6.083805416885381e-06
esm2_top4_bilstm_attn,train,-1,combined,all_eligible_queries,water_path_without_direct_polar_contact,624,2267,-0.006433934821217849,-0.011716471140811788,-0.0011513985016239087,True,6.82911414437845e-07,4.065331478888818e-06
esm2_top4_bilstm_attn,train,-1,combined,sequence_distal_ge21,absolute_backbone_orientation_cosine,594,2206,0.0022072459521549274,-0.006995158731832745,0.0114096506361426,True,1.0,1.0
esm2_top4_bilstm_attn,train,-1,combined,sequence_distal_ge21,absolute_sequence_separation,598,2217,-2.607831148237574,-3.9642490242636153,-1.2514132722115323,True,2.4223421586196913e-05,0.0001244370692651334
esm2_top4_bilstm_attn,train,-1,combined,sequence_distal_ge21,band_water_contact_count,595,2208,0.0,0.0,0.0,True,1.0,1.0
esm2_top4_bilstm_attn,train,-1,combined,sequence_distal_ge21,direct_ca_contact,595,2208,0.05754389080369146,0.0441563814378173,0.07093140016956563,True,9.19765615390065e-23,1.3109898630630223e-21
esm2_top4_bilstm_attn,train,-1,combined,sequence_distal_ge21,direct_putative_polar_contact,595,2208,-0.0038058752894310215,-0.007520342236348273,-9.140834251377024e-05,True,0.2382460977422997,0.4742309741624114
esm2_top4_bilstm_attn,train,-1,combined,sequence_distal_ge21,direct_putative_polar_contact_count,595,2208,-0.00385957792796006,-0.007625107026090611,-9.404882982950872e-05,True,0.11569091077686348,0.26976774586678764
esm2_top4_bilstm_attn,train,-1,combined,sequence_distal_ge21,disorder,598,2217,-0.018511684975887892,-0.02123799663585979,-0.015785373315915993,True,7.323205184380093e-130,8.718921937167828e-128
esm2_top4_bilstm_attn,train,-1,combined,sequence_distal_ge21,mean_query_contact_water_degree,533,2043,0.00973065511137434,-0.0211627648381209,0.040624075060869576,True,1.0,1.0
esm2_top4_bilstm_attn,train,-1,combined,sequence_distal_ge21,minimum_ca_distance_angstrom,595,2208,-2.859141053892211,-3.187673476388145,-2.5306086313962766,True,8.260063796520242e-40,2.229115883220929e-38
esm2_top4_bilstm_attn,train,-1,combined,sequence_distal_ge21,minimum_heavy_atom_distance_angstrom,595,2208,-2.7770249289686144,-3.098666678467881,-2.4553831794693477,True,2.7334497781276265e-38,6.830249815963353e-37
esm2_top4_bilstm_attn,train,-1,combined,sequence_distal_ge21,minimum_polar_atom_distance_angstrom,595,2207,-2.456757509863077,-2.774922986285698,-2.1385920334404562,True,4.1262477776045656e-32,8.187770099874157e-31
esm2_top4_bilstm_attn,train,-1,combined,sequence_distal_ge21,neq,598,2217,-0.42159889245748594,-0.44840668810802925,-0.39479109680694263,True,1.8353949692623565e-176,5.306913453981442e-174
esm2_top4_bilstm_attn,train,-1,combined,sequence_distal_ge21,nonlocal_contact_path_exists,595,2208,0.013333394219026776,0.00770483007986391,0.018961958358189642,True,4.5653387447282835e-23,6.553365687468118e-22
esm2_top4_bilstm_attn,train,-1,combined,sequence_distal_ge21,normalized_query_position,598,2217,-0.002279730733351531,-0.013683506184732921,0.009124044718029859,True,0.9673857115175503,1.0
esm2_top4_bilstm_attn,train,-1,combined,sequence_distal_ge21,one_water_bridge,595,2208,-0.003816135157776653,-0.007932819058039796,0.00030054874248649013,True,0.016435856993481702,0.05426782145971772
esm2_top4_bilstm_attn,train,-1,combined,sequence_distal_ge21,ordinary_contact_path_exists,595,2208,0.0,0.0,0.0,True,1.0,1.0
esm2_top4_bilstm_attn,train,-1,combined,sequence_distal_ge21,query_distance_to_band_domain_boundary_sequence,594,2199,0.47171150231067027,-0.8783884201983115,1.8218114248196522,True,0.18877336411953632,0.3975830270321972
esm2_top4_bilstm_attn,train,-1,combined,sequence_distal_ge21,query_distance_to_community_boundary_edges,594,2207,-0.322015513979186,-0.36319441260789365,-0.2808366153504783,True,1.2915326673708137e-38,3.308939390833578e-37
esm2_top4_bilstm_attn,train,-1,combined,sequence_distal_ge21,query_distance_to_ecod_boundary_sequence,595,2207,2.0768070177361726,0.8737019567549833,3.279912078717362,True,2.2146793968547722e-06,1.2486103340484845e-05
esm2_top4_bilstm_attn,train,-1,combined,sequence_distal_ge21,query_in_any_band,598,2217,0.6657139379149506,0.6365537521687311,0.6948741236611701,True,2.8782703212833765e-114,2.912809565138777e-112
esm2_top4_bilstm_attn,train,-1,combined,sequence_distal_ge21,query_to_band_contact_count,595,2208,0.10540171814043599,0.07893479581188365,0.13186864046898833,True,3.0040407944264487e-19,3.7074259560482515e-18
esm2_top4_bilstm_attn,train,-1,combined,sequence_distal_ge21,query_to_band_contact_fraction,595,2208,0.01405631796660857,0.010188953748622966,0.017923682184594173,True,3.697995413742307e-21,5.023317260009684e-20
esm2_top4_bilstm_attn,train,-1,combined,sequence_distal_ge21,query_water_contact_count,595,2208,-0.3212221937913147,-0.35679870920887335,-0.2856456783737561,True,7.350584455822796e-51,3.099496445538612e-49
esm2_top4_bilstm_attn,train,-1,combined,sequence_distal_ge21,reachable_query_water_entry_count,595,2208,-0.0072874784618837726,-0.014815920370198993,0.00024096344643144852,True,0.002787531660860491,0.010891822551315895
esm2_top4_bilstm_attn,train,-1,combined,sequence_distal_ge21,relative_backbone_orientation_cosine,594,2206,0.01088608979093257,-0.010662819700298235,0.032434999282163375,True,0.43566387585724287,0.7221815599795738
esm2_top4_bilstm_attn,train,-1,combined,sequence_distal_ge21,rsa,598,2217,-0.16248378215959733,-0.17028706639141944,-0.15468049792777522,True,9.577168095353903e-134,1.2922792149997532e-131
esm2_top4_bilstm_attn,train,-1,combined,sequence_distal_ge21,same_community_as_band_apex,595,2208,0.031955449129620776,0.01633068157222264,0.04758021668701891,True,0.0003171377811789751,0.0014522327355344926
esm2_top4_bilstm_attn,train,-1,combined,sequence_distal_ge21,same_community_as_band_majority,579,2056,0.034392933645165366,0.01956675418681819,0.04921911310351254,True,0.0068271972603896345,0.024543956048008207
esm2_top4_bilstm_attn,train,-1,combined,sequence_distal_ge21,same_ecod_domain_as_band_apex,594,2198,0.010874072688139728,0.001631135079721192,0.02011701029655826,True,0.484940126037265,0.775893613487834
esm2_top4_bilstm_attn,train,-1,combined,sequence_distal_ge21,shared_water_count,595,2208,-0.003771896628566381,-0.007948221331695768,0.00040442807456300646,True,0.016435856993481702,0.05426782145971772
esm2_top4_bilstm_attn,train,-1,combined,sequence_distal_ge21,shared_water_fraction_of_band_contacts,595,2208,-0.0007421845997497212,-0.0016018757820484026,0.0001175065825489601,True,0.016435856993481702,0.05426782145971772
esm2_top4_bilstm_attn,train,-1,combined,sequence_distal_ge21,shared_water_fraction_of_query_contacts,595,2208,-0.002475722187658941,-0.0044223939920919495,-0.0005290503832259324,True,0.01091824238405189,0.03790484148425562
esm2_top4_bilstm_attn,train,-1,combined,sequence_distal_ge21,shares_any_ecod_domain_with_band,594,2199,0.011113249982122495,0.0018644711283887505,0.02036202883585624,True,0.484940126037265,0.775893613487834
esm2_top4_bilstm_attn,train,-1,combined,sequence_distal_ge21,shortest_nonlocal_contact_path_edges,593,2206,-0.5725465984107536,-0.6446294247142326,-0.5004637721072747,True,4.326699172142596e-36,9.623339697161114e-35
esm2_top4_bilstm_attn,train,-1,combined,sequence_distal_ge21,shortest_ordinary_contact_path_edges,594,2207,-0.5617151395712201,-0.6330682267327103,-0.4903620524097299,True,1.5326789250883691e-33,3.102142144378859e-32
esm2_top4_bilstm_attn,train,-1,combined,sequence_distal_ge21,shortest_water_path_water_count,41,47,-0.21747967867347281,-0.49050673882455087,0.05554738147760521,True,0.1849333420395851,0.3911233900607317
esm2_top4_bilstm_attn,train,-1,combined,sequence_distal_ge21,torsion_change_from_previous,598,2217,-40.0500682540564,-41.99441166249913,-38.105724845613665,True,1.021928560754241e-164,1.8803485517878034e-162
esm2_top4_bilstm_attn,train,-1,combined,sequence_distal_ge21,water_path_at_most_1,595,2208,-0.003816135157776653,-0.007932819058039796,0.00030054874248649013,True,0.016435856993481702,0.05426782145971772
esm2_top4_bilstm_attn,train,-1,combined,sequence_distal_ge21,water_path_at_most_2,595,2208,-0.005270994377641434,-0.009802536903827982,-0.0007394518514548852,True,0.007898597468932808,0.027961215018902225
esm2_top4_bilstm_attn,train,-1,combined,sequence_distal_ge21,water_path_at_most_3,595,2208,-0.005978212666438617,-0.010550350189566139,-0.0014060751433110953,True,0.0005609843735760569,0.0024683312437346503
esm2_top4_bilstm_attn,train,-1,combined,sequence_distal_ge21,water_path_exists,595,2208,-0.0059809244409949214,-0.010577009897701415,-0.0013848389842884288,True,0.00047884259142655806,0.002125389046156477
esm2_top4_bilstm_attn,train,-1,combined,sequence_distal_ge21,water_path_without_direct_ca_contact,595,2208,-0.0028102873314947083,-0.0045450232696934625,-0.0010755513932959545,True,0.0002636516495278535,0.0012211234293921637
esm2_top4_bilstm_attn,train,-1,combined,sequence_distal_ge21,water_path_without_direct_polar_contact,595,2208,-0.004952958886299838,-0.009393002213858533,-0.000512915558741142,True,0.0010118909905701661,0.004275714749298573
esm2_top4_bilstm_attn,train,-1,combined,sequence_distal_ge21_no_direct_ca,absolute_backbone_orientation_cosine,587,2188,0.0029273973635450174,-0.007131176451187427,0.012985971178277461,True,1.0,1.0
esm2_top4_bilstm_attn,train,-1,combined,sequence_distal_ge21_no_direct_ca,absolute_sequence_separation,588,2190,-2.5879739540074786,-3.975855492850023,-1.2000924151649341,True,2.9808453178005518e-05,0.00015083077308070792
esm2_top4_bilstm_attn,train,-1,combined,sequence_distal_ge21_no_direct_ca,band_water_contact_count,588,2190,0.0,0.0,0.0,True,1.0,1.0
esm2_top4_bilstm_attn,train,-1,combined,sequence_distal_ge21_no_direct_ca,direct_ca_contact,588,2190,0.0,0.0,0.0,True,1.0,1.0
esm2_top4_bilstm_attn,train,-1,combined,sequence_distal_ge21_no_direct_ca,direct_putative_polar_contact,588,2190,-0.0012836586667170726,-0.003675998783823744,0.0011086814503895987,True,0.30168250274562963,0.5554453824960945
esm2_top4_bilstm_attn,train,-1,combined,sequence_distal_ge21_no_direct_ca,direct_putative_polar_contact_count,588,2190,-0.0012120396171721643,-0.003668472164963577,0.0012443929306192483,True,0.16825920465992433,0.3650506833020379
esm2_top4_bilstm_attn,train,-1,combined,sequence_distal_ge21_no_direct_ca,disorder,588,2190,-0.017951890992894168,-0.02115132819754284,-0.014752453788245495,True,2.954516504622296e-132,3.737463378347204e-130
esm2_top4_bilstm_attn,train,-1,combined,sequence_distal_ge21_no_direct_ca,mean_query_contact_water_degree,526,2023,0.00605746923170363,-0.025134238550504333,0.03724917701391159,True,0.9644063995573138,1.0
esm2_top4_bilstm_attn,train,-1,combined,sequence_distal_ge21_no_direct_ca,minimum_ca_distance_angstrom,588,2190,-2.6886490634513347,-3.0157438907108403,-2.361554236191829,True,1.3378729106650279e-34,2.8806965650915067e-33
esm2_top4_bilstm_attn,train,-1,combined,sequence_distal_ge21_no_direct_ca,minimum_heavy_atom_distance_angstrom,588,2190,-2.6371343079585103,-2.9611706464127487,-2.313097969504272,True,3.968694812575998e-34,8.367331563181062e-33
esm2_top4_bilstm_attn,train,-1,combined,sequence_distal_ge21_no_direct_ca,minimum_polar_atom_distance_angstrom,588,2189,-2.363844988085299,-2.6862855820723586,-2.04140439409824,True,1.7824760698256348e-25,2.8407335160055785e-24
esm2_top4_bilstm_attn,train,-1,combined,sequence_distal_ge21_no_direct_ca,neq,588,2190,-0.4211431728213887,-0.44862290393903675,-0.3936634417037406,True,9.255079385171821e-174,2.0813645195097516e-171
esm2_top4_bilstm_attn,train,-1,combined,sequence_distal_ge21_no_direct_ca,nonlocal_contact_path_exists,588,2190,0.013063841173561071,0.006771574347867865,0.019356107999254277,True,4.5653387447282835e-23,6.553365687468118e-22
esm2_top4_bilstm_attn,train,-1,combined,sequence_distal_ge21_no_direct_ca,normalized_query_position,588,2190,-0.00029937789952769244,-0.011654268664877067,0.011055512865821683,True,0.9015523311006397,1.0
esm2_top4_bilstm_attn,train,-1,combined,sequence_distal_ge21_no_direct_ca,one_water_bridge,588,2190,-0.0013849451602959844,-0.0030702791603225265,0.00030038883973055783,True,0.0007689850065829601,0.003290540493285225
esm2_top4_bilstm_attn,train,-1,combined,sequence_distal_ge21_no_direct_ca,ordinary_contact_path_exists,588,2190,0.0,0.0,0.0,True,1.0,1.0
esm2_top4_bilstm_attn,train,-1,combined,sequence_distal_ge21_no_direct_ca,query_distance_to_band_domain_boundary_sequence,587,2181,0.6626895440230095,-0.7105719156485973,2.0359510036946165,True,0.14816016197167794,0.32524530133478974
esm2_top4_bilstm_attn,train,-1,combined,sequence_distal_ge21_no_direct_ca,query_distance_to_community_boundary_edges,586,2188,-0.32755192158330443,-0.3700183019341307,-0.28508554123247815,True,5.360007932934906e-35,1.1665221565871237e-33
esm2_top4_bilstm_attn,train,-1,combined,sequence_distal_ge21_no_direct_ca,query_distance_to_ecod_boundary_sequence,588,2189,2.2563432179657164,1.0414421864897736,3.471244249441659,True,1.682872946062278e-05,8.824183530647801e-05
esm2_top4_bilstm_attn,train,-1,combined,sequence_distal_ge21_no_direct_ca,query_in_any_band,588,2190,0.6737798084693691,0.6447793891392362,0.7027802277995021,True,8.114126922638427e-114,7.82047280543818e-112
esm2_top4_bilstm_attn,train,-1,combined,sequence_distal_ge21_no_direct_ca,query_to_band_contact_count,588,2190,0.0,0.0,0.0,True,1.0,1.0
esm2_top4_bilstm_attn,train,-1,combined,sequence_distal_ge21_no_direct_ca,query_to_band_contact_fraction,588,2190,0.0,0.0,0.0,True,1.0,1.0
esm2_top4_bilstm_attn,train,-1,combined,sequence_distal_ge21_no_direct_ca,query_water_contact_count,588,2190,-0.28854482574581725,-0.3264992663842428,-0.2505903851073917,True,3.0152839299729826e-42,9.843443023008576e-41
esm2_top4_bilstm_attn,train,-1,combined,sequence_distal_ge21_no_direct_ca,reachable_query_water_entry_count,588,2190,-0.0022000967431099767,-0.005037817712572711,0.0006376242263527571,True,0.0013880533620919003,0.005721833003816713
esm2_top4_bilstm_attn,train,-1,combined,sequence_distal_ge21_no_direct_ca,relative_backbone_orientation_cosine,587,2188,0.009321040967428598,-0.012122102593793288,0.030764184528650484,True,0.3638706895837783,0.6398560171308143
esm2_top4_bilstm_attn,train,-1,combined,sequence_distal_ge21_no_direct_ca,rsa,588,2190,-0.1553266885234299,-0.16362686197198148,-0.14702651507487832,True,3.8815173353508846e-122,4.3645506037501055e-120
esm2_top4_bilstm_attn,train,-1,combined,sequence_distal_ge21_no_direct_ca,same_community_as_band_apex,588,2190,0.022292384725441698,0.007874678337553202,0.03671009111333019,True,0.12330480092572749,0.28136292792973217
esm2_top4_bilstm_attn,train,-1,combined,sequence_distal_ge21_no_direct_ca,same_community_as_band_majority,572,2040,0.020026202678945157,0.006438204740156231,0.03361420061773408,True,0.5153258597618144,0.7913653567207226
esm2_top4_bilstm_attn,train,-1,combined,sequence_distal_ge21_no_direct_ca,same_ecod_domain_as_band_apex,587,2180,0.009514793874912823,0.000286916947720239,0.018742670802105406,True,0.4452053301681267,0.7314087567047796
esm2_top4_bilstm_attn,train,-1,combined,sequence_distal_ge21_no_direct_ca,shared_water_count,588,2190,-0.0013996480680823348,-0.0031666491735969117,0.00036735303743224237,True,0.0007689850065829601,0.003290540493285225
esm2_top4_bilstm_attn,train,-1,combined,sequence_distal_ge21_no_direct_ca,shared_water_fraction_of_band_contacts,588,2190,-0.00016119103285093056,-0.0005602604783152282,0.00023787841261336705,True,0.001533052576472405,0.0062307197083938705
esm2_top4_bilstm_attn,train,-1,combined,sequence_distal_ge21_no_direct_ca,shared_water_fraction_of_query_contacts,588,2190,-0.0011604662902087526,-0.0022384882505717294,-8.244432984577579e-05,True,0.0007689850065829601,0.003290540493285225
esm2_top4_bilstm_attn,train,-1,combined,sequence_distal_ge21_no_direct_ca,shares_any_ecod_domain_with_band,587,2181,0.00976998403528794,0.0005345190999029859,0.019005448970672894,True,0.4452053301681267,0.7314087567047796
esm2_top4_bilstm_attn,train,-1,combined,sequence_distal_ge21_no_direct_ca,shortest_nonlocal_contact_path_edges,585,2187,-0.49814187442910723,-0.5662578344619922,-0.43002591439622234,True,1.1376425023315022e-33,2.3258468936555155e-32
esm2_top4_bilstm_attn,train,-1,combined,sequence_distal_ge21_no_direct_ca,shortest_ordinary_contact_path_edges,587,2189,-0.5016839821102222,-0.5704249008761596,-0.4329430633442849,True,3.361628069973706e-30,6.242142397822734e-29
esm2_top4_bilstm_attn,train,-1,combined,sequence_distal_ge21_no_direct_ca,torsion_change_from_previous,588,2190,-39.979261059683054,-41.98732441001761,-37.9711977093485,True,1.1160797693159659e-163,1.8824545442462626e-161
esm2_top4_bilstm_attn,train,-1,combined,sequence_distal_ge21_no_direct_ca,water_path_at_most_1,588,2190,-0.0013849451602959844,-0.0030702791603225265,0.00030038883973055783,True,0.0007689850065829601,0.003290540493285225
esm2_top4_bilstm_attn,train,-1,combined,sequence_distal_ge21_no_direct_ca,water_path_at_most_2,588,2190,-0.001963683997737119,-0.003871253281943372,-5.6114713530865806e-05,True,0.0006366069157043524,0.0027889445830857344
esm2_top4_bilstm_attn,train,-1,combined,sequence_distal_ge21_no_direct_ca,water_path_at_most_3,588,2190,-0.0023217547926597647,-0.004324201025371677,-0.0003193085599478532,True,0.0008113466320476702,0.003457190701609441
esm2_top4_bilstm_attn,train,-1,combined,sequence_distal_ge21_no_direct_ca,water_path_exists,588,2190,-0.002240487918984135,-0.004300030147359192,-0.00018094569060907737,True,0.00044332627989301156,0.0019895618414710763
esm2_top4_bilstm_attn,train,-1,combined,sequence_distal_ge21_no_direct_ca,water_path_without_direct_ca_contact,588,2190,-0.002240487918984135,-0.004300030147359192,-0.00018094569060907737,True,0.00044332627989301156,0.0019895618414710763
esm2_top4_bilstm_attn,train,-1,combined,sequence_distal_ge21_no_direct_ca,water_path_without_direct_polar_contact,588,2190,-0.0017823904451577284,-0.0036395954609891186,7.481457067366184e-05,True,0.0005356762894966143,0.002367268143976304
esm2_top4_bilstm_attn,train,-1,evidence_dominated,all_eligible_queries,absolute_backbone_orientation_cosine,404,905,0.012567200530895864,0.0008340823325737063,0.02430031872921802,True,0.10051002788092268,0.24392361682372604
esm2_top4_bilstm_attn,train,-1,evidence_dominated,all_eligible_queries,absolute_sequence_separation,407,915,-1.574214453702115,-3.189875518205456,0.04144661080122636,True,0.13690564516285714,0.3055094000106095
esm2_top4_bilstm_attn,train,-1,evidence_dominated,all_eligible_queries,band_water_contact_count,404,905,0.0015672958723389272,-0.0008771935839435245,0.004011785328621379,True,1.0,1.0
esm2_top4_bilstm_attn,train,-1,evidence_dominated,all_eligible_queries,direct_ca_contact,404,905,0.0615081022581124,0.045366974846728664,0.07764922966949614,True,1.6635964483915898e-15,1.6424971763632088e-14
esm2_top4_bilstm_attn,train,-1,evidence_dominated,all_eligible_queries,direct_putative_polar_contact,404,905,0.021959121197667287,0.011819621463302338,0.03209862093203224,True,0.016513415486038907,0.054435102514239005
esm2_top4_bilstm_attn,train,-1,evidence_dominated,all_eligible_queries,direct_putative_polar_contact_count,404,905,0.13766628339847478,0.09940562127521757,0.175926945521732,True,1.8299205748631142e-06,1.0403818099783549e-05
esm2_top4_bilstm_attn,train,-1,evidence_dominated,all_eligible_queries,disorder,407,915,-0.017250426830952473,-0.020661454951828622,-0.013839398710076325,True,2.633845289625267e-74,1.5679126077063353e-72
esm2_top4_bilstm_attn,train,-1,evidence_dominated,all_eligible_queries,mean_query_contact_water_degree,374,861,-0.020079693315104882,-0.057196001301114935,0.01703661467090517,True,0.055200046131974476,0.15180012686292982
esm2_top4_bilstm_attn,train,-1,evidence_dominated,all_eligible_queries,minimum_ca_distance_angstrom,404,905,-1.9387754790929854,-2.344867990452885,-1.532682967733086,True,7.022728219418326e-19,8.562651756688368e-18
esm2_top4_bilstm_attn,train,-1,evidence_dominated,all_eligible_queries,minimum_heavy_atom_distance_angstrom,404,905,-1.8581027461992663,-2.254286397498765,-1.4619190948997676,True,5.369553977163862e-21,7.245318166519771e-20
esm2_top4_bilstm_attn,train,-1,evidence_dominated,all_eligible_queries,minimum_polar_atom_distance_angstrom,404,905,-1.4697506501250044,-1.8644370221614106,-1.0750642780885982,True,5.5014087046425386e-14,5.107729916603898e-13
esm2_top4_bilstm_attn,train,-1,evidence_dominated,all_eligible_queries,neq,407,915,-0.4144764728335988,-0.4438278161149528,-0.38512512955224476,True,5.346876600582537e-113,4.919126472535934e-111
esm2_top4_bilstm_attn,train,-1,evidence_dominated,all_eligible_queries,nonlocal_contact_path_exists,404,905,0.01077979632880015,0.002532776663640728,0.01902681599395957,True,7.034485519207362e-18,8.043954062641639e-17
esm2_top4_bilstm_attn,train,-1,evidence_dominated,all_eligible_queries,normalized_query_position,407,915,0.007634557117170877,-0.005644923312341798,0.020914037546683552,True,0.6201733513370086,0.9072813546827431
esm2_top4_bilstm_attn,train,-1,evidence_dominated,all_eligible_queries,one_water_bridge,404,905,0.003819372908793008,-0.003108925899938693,0.010747671717524708,True,0.014656543047830086,0.048710744053872074
esm2_top4_bilstm_attn,train,-1,evidence_dominated,all_eligible_queries,ordinary_contact_path_exists,404,905,0.0,0.0,0.0,True,1.0,1.0
esm2_top4_bilstm_attn,train,-1,evidence_dominated,all_eligible_queries,query_distance_to_band_domain_boundary_sequence,404,904,-0.12058778905142245,-1.7717091464216752,1.5305335683188304,True,0.6535726475326309,0.9375131386293728
esm2_top4_bilstm_attn,train,-1,evidence_dominated,all_eligible_queries,query_distance_to_community_boundary_edges,403,904,-0.2805892085189426,-0.3322906662488276,-0.2288877507890576,True,9.615954448708333e-25,1.4857016644416537e-23
esm2_top4_bilstm_attn,train,-1,evidence_dominated,all_eligible_queries,query_distance_to_ecod_boundary_sequence,404,905,0.8443276775188334,-0.5327358792949469,2.221391234332614,True,0.17802397050977797,0.38122379454926625
esm2_top4_bilstm_attn,train,-1,evidence_dominated,all_eligible_queries,query_in_any_band,407,915,0.5187658163162582,0.4794307563051425,0.5581008763273738,True,3.4384972418326505e-56,1.618492655225415e-54
esm2_top4_bilstm_attn,train,-1,evidence_dominated,all_eligible_queries,query_to_band_contact_count,404,905,0.22911259502811301,0.18079993126724264,0.2774252587889834,True,9.435732789094882e-20,1.201127243089814e-18
esm2_top4_bilstm_attn,train,-1,evidence_dominated,all_eligible_queries,query_to_band_contact_fraction,404,905,0.04257789378789323,0.0332994989002735,0.05185628867551296,True,9.435732789094882e-20,1.201127243089814e-18
esm2_top4_bilstm_attn,train,-1,evidence_dominated,all_eligible_queries,query_water_contact_count,404,905,-0.32540680236503206,-0.37051456547578415,-0.28029903925427996,True,1.0797071770277966e-35,2.3753557894611524e-34
esm2_top4_bilstm_attn,train,-1,evidence_dominated,all_eligible_queries,reachable_query_water_entry_count,404,905,0.003432674055207665,-0.008903753603862351,0.01576910171427768,True,0.020597045422768,0.06670147189709189
esm2_top4_bilstm_attn,train,-1,evidence_dominated,all_eligible_queries,relative_backbone_orientation_cosine,404,905,0.04432567699416547,0.015990419632405172,0.07266093435592576,True,0.01925783606650621,0.06307097119515949
esm2_top4_bilstm_attn,train,-1,evidence_dominated,all_eligible_queries,rsa,407,915,-0.1471749991909742,-0.15634846548068523,-0.13800153290126319,True,2.2232021538952675e-84,1.4515358578980714e-82
esm2_top4_bilstm_attn,train,-1,evidence_dominated,all_eligible_queries,same_community_as_band_apex,404,904,0.01807765150384051,0.00012353301814266998,0.03603176998953835,True,0.1430052668080876,0.3166514555786532
esm2_top4_bilstm_attn,train,-1,evidence_dominated,all_eligible_queries,same_community_as_band_majority,393,849,0.013073294792627208,-0.004413292580143486,0.0305598821653979,True,0.4061394837410116,0.6844515529490487
esm2_top4_bilstm_attn,train,-1,evidence_dominated,all_eligible_queries,same_ecod_domain_as_band_apex,404,903,0.002514762515289498,-0.00873836016973236,0.013767885200311358,True,0.5999362771492702,0.8856827315464062
esm2_top4_bilstm_attn,train,-1,evidence_dominated,all_eligible_queries,shared_water_count,404,905,0.005764806485504375,-0.002152671693099087,0.013682284664107838,True,0.023125726989789167,0.0726808562536231
esm2_top4_bilstm_attn,train,-1,evidence_dominated,all_eligible_queries,shared_water_fraction_of_band_contacts,404,905,0.0011650994243030764,-0.0008094462424876642,0.003139645091093817,True,0.03553746207714298,0.10547788962877966
esm2_top4_bilstm_attn,train,-1,evidence_dominated,all_eligible_queries,shared_water_fraction_of_query_contacts,404,905,0.0031441723872531724,-0.0013850977998064993,0.007673442574312845,True,0.01889113501880962,0.06197027111518747
esm2_top4_bilstm_attn,train,-1,evidence_dominated,all_eligible_queries,shares_any_ecod_domain_with_band,404,904,0.0027609318891251644,-0.008398958401913705,0.013920822180164036,True,0.500054606001611,0.7766675710918516
esm2_top4_bilstm_attn,train,-1,evidence_dominated,all_eligible_queries,shortest_nonlocal_contact_path_edges,402,899,-0.3577634447298835,-0.44350714062235425,-0.2720197488374127,True,2.259468372242755e-16,2.345212300215044e-15
esm2_top4_bilstm_attn,train,-1,evidence_dominated,all_eligible_queries,shortest_ordinary_contact_path_edges,404,905,-0.3367847172306978,-0.4231619960158565,-0.2504074384455391,True,5.388168734204697e-16,5.42569826767677e-15
esm2_top4_bilstm_attn,train,-1,evidence_dominated,all_eligible_queries,torsion_change_from_previous,407,915,-38.27010075074863,-40.8907228564769,-35.649478645020366,True,2.146109649596616e-108,1.8885764916450222e-106
esm2_top4_bilstm_attn,train,-1,evidence_dominated,all_eligible_queries,water_path_at_most_1,404,905,0.003819372908793008,-0.003108925899938693,0.010747671717524708,True,0.014656543047830086,0.048710744053872074
esm2_top4_bilstm_attn,train,-1,evidence_dominated,all_eligible_queries,water_path_at_most_2,404,905,0.0008129401751685834,-0.00654508933438753,0.008170969684724697,True,0.023068184897690896,0.07261276241512656
esm2_top4_bilstm_attn,train,-1,evidence_dominated,all_eligible_queries,water_path_at_most_3,404,905,-0.00044095220426716665,-0.008131093792824205,0.007249189384289872,True,0.013158485027311186,0.04431409932658543
esm2_top4_bilstm_attn,train,-1,evidence_dominated,all_eligible_queries,water_path_exists,404,905,-0.00022800650184597244,-0.007957065173510164,0.00750105216981822,True,0.013682544934001716,0.04574235017918498
esm2_top4_bilstm_attn,train,-1,evidence_dominated,all_eligible_queries,water_path_without_direct_ca_contact,404,905,-0.005956556147147877,-0.00879923332716289,-0.0031138789671328647,True,0.0007995844433963236,0.0034142593110425296
esm2_top4_bilstm_attn,train,-1,evidence_dominated,all_eligible_queries,water_path_without_direct_polar_contact,404,905,-0.005988538371638147,-0.012680538489280933,0.000703461746004639,True,4.554006265861126e-05,0.0002270273074409586
esm2_top4_bilstm_attn,train,-1,evidence_dominated,sequence_distal_ge21,absolute_backbone_orientation_cosine,388,885,-0.00421678217601429,-0.017243493180477572,0.008809928828448992,True,0.2429122511399082,0.4814462416745956
esm2_top4_bilstm_attn,train,-1,evidence_dominated,sequence_distal_ge21,absolute_sequence_separation,391,895,-2.3742691897016144,-4.257060529921484,-0.49147784948174555,True,0.006244071476326508,0.022648746716997945
esm2_top4_bilstm_attn,train,-1,evidence_dominated,sequence_distal_ge21,band_water_contact_count,388,885,0.0,0.0,0.0,True,1.0,1.0
esm2_top4_bilstm_attn,train,-1,evidence_dominated,sequence_distal_ge21,direct_ca_contact,388,885,0.03651602177805285,0.022423430247038967,0.05060861330906673,True,2.1862113406582145e-06,1.2360032830983873e-05
esm2_top4_bilstm_attn,train,-1,evidence_dominated,sequence_distal_ge21,direct_putative_polar_contact,388,885,0.0001339367944838865,-0.0062579569615149955,0.006525830550482768,True,0.1126574161116803,0.26391042848384366
esm2_top4_bilstm_attn,train,-1,evidence_dominated,sequence_distal_ge21,direct_putative_polar_contact_count,388,885,-0.0006492541785476841,-0.007161601555867906,0.005863093198772538,True,0.07784940675335632,0.1974526306626481
esm2_top4_bilstm_attn,train,-1,evidence_dominated,sequence_distal_ge21,disorder,391,895,-0.01588964154017657,-0.020592311321474495,-0.011186971758878646,True,4.680697563480094e-67,2.560468072563165e-65
esm2_top4_bilstm_attn,train,-1,evidence_dominated,sequence_distal_ge21,mean_query_contact_water_degree,353,833,-0.01966734886830434,-0.05762302450131288,0.018288326764704203,True,0.138270586609304,0.3082154926180961
esm2_top4_bilstm_attn,train,-1,evidence_dominated,sequence_distal_ge21,minimum_ca_distance_angstrom,388,885,-2.0316329250411185,-2.504537368333588,-1.558728481748649,True,6.889106729060051e-18,7.922472738419058e-17
esm2_top4_bilstm_attn,train,-1,evidence_dominated,sequence_distal_ge21,minimum_heavy_atom_distance_angstrom,388,885,-1.9842019043032537,-2.4459759678010324,-1.522427840805475,True,3.968776930799717e-19,4.868366368447653e-18
esm2_top4_bilstm_attn,train,-1,evidence_dominated,sequence_distal_ge21,minimum_polar_atom_distance_angstrom,388,885,-1.62740823849804,-2.090253437624865,-1.1645630393712152,True,8.061833548564682e-15,7.733246967912283e-14
esm2_top4_bilstm_attn,train,-1,evidence_dominated,sequence_distal_ge21,neq,391,895,-0.41357298885255617,-0.4434518278393004,-0.3836941498658119,True,1.1677930908048662e-107,9.848388399121038e-106
esm2_top4_bilstm_attn,train,-1,evidence_dominated,sequence_distal_ge21,nonlocal_contact_path_exists,388,885,0.013723854315327723,0.006969116317055029,0.020478592313600417,True,1.2046380153120002e-17,1.3323428103778625e-16
esm2_top4_bilstm_attn,train,-1,evidence_dominated,sequence_distal_ge21,normalized_query_position,391,895,0.010252167159865067,-0.005103394768279732,0.025607729088009866,True,0.4789858617802514,0.7706417998753806
esm2_top4_bilstm_attn,train,-1,evidence_dominated,sequence_distal_ge21,one_water_bridge,388,885,-0.002909894491022032,-0.0062227701926657435,0.0004029812106216791,True,0.005447429511444476,0.019937789025612333
esm2_top4_bilstm_attn,train,-1,evidence_dominated,sequence_distal_ge21,ordinary_contact_path_exists,388,885,0.0,0.0,0.0,True,1.0,1.0
esm2_top4_bilstm_attn,train,-1,evidence_dominated,sequence_distal_ge21,query_distance_to_band_domain_boundary_sequence,388,884,-0.3290696557966628,-2.225160973755197,1.5670216621618713,True,0.7996614043808001,1.0
esm2_top4_bilstm_attn,train,-1,evidence_dominated,sequence_distal_ge21,query_distance_to_community_boundary_edges,388,885,-0.2712029233386957,-0.32514004683407316,-0.21726579984331829,True,1.3713589427901708e-19,1.7133521606217937e-18
esm2_top4_bilstm_attn,train,-1,evidence_dominated,sequence_distal_ge21,query_distance_to_ecod_boundary_sequence,388,885,0.9047871421346532,-0.65892994515941,2.4685042294287163,True,0.3881395149964978,0.6601633431537072
esm2_top4_bilstm_attn,train,-1,evidence_dominated,sequence_distal_ge21,query_in_any_band,391,895,0.558015799420253,0.5188992339413135,0.5971323648991925,True,7.251352985641327e-60,3.5796923031556206e-58
esm2_top4_bilstm_attn,train,-1,evidence_dominated,sequence_distal_ge21,query_to_band_contact_count,388,885,0.05431314501753476,0.03015886756533886,0.07846742246973065,True,9.258274614181076e-07,5.447310412529796e-06
esm2_top4_bilstm_attn,train,-1,evidence_dominated,sequence_distal_ge21,query_to_band_contact_fraction,388,885,0.009309377501755206,0.0054981061611420025,0.01312064884236841,True,4.98770684827516e-07,3.0134682569877383e-06
esm2_top4_bilstm_attn,train,-1,evidence_dominated,sequence_distal_ge21,query_water_contact_count,388,885,-0.2967495554690683,-0.3457939238799861,-0.24770518705815048,True,1.1495298442903492e-26,1.8915840689785908e-25
esm2_top4_bilstm_attn,train,-1,evidence_dominated,sequence_distal_ge21,reachable_query_water_entry_count,388,885,-0.004296949366289985,-0.009690175407385529,0.0010962766748055588,True,0.022154955980559547,0.07050570896957944
esm2_top4_bilstm_attn,train,-1,evidence_dominated,sequence_distal_ge21,relative_backbone_orientation_cosine,388,885,0.045379225927835415,0.014239733587635268,0.07651871826803557,True,0.005169032536195822,0.019022039733200626
esm2_top4_bilstm_attn,train,-1,evidence_dominated,sequence_distal_ge21,rsa,391,895,-0.14217535914321167,-0.15228547906053608,-0.13206523922588725,True,3.5250900183536105e-81,2.2296194366086585e-79
esm2_top4_bilstm_attn,train,-1,evidence_dominated,sequence_distal_ge21,same_community_as_band_apex,388,884,0.02379509304679979,0.005400397672089104,0.04218978842151047,True,0.03904889626516776,0.11355598569066026
esm2_top4_bilstm_attn,train,-1,evidence_dominated,sequence_distal_ge21,same_community_as_band_majority,381,834,0.02694606892703942,0.00937824500511869,0.04451389284896015,True,0.02272071617749055,0.07174216777416673
esm2_top4_bilstm_attn,train,-1,evidence_dominated,sequence_distal_ge21,same_ecod_domain_as_band_apex,388,883,0.0036163917820251227,-0.009274604568147455,0.0165073881321977,True,0.880559917404093,1.0
esm2_top4_bilstm_attn,train,-1,evidence_dominated,sequence_distal_ge21,shared_water_count,388,885,-0.0027502814150592914,-0.006248907562835699,0.0007483447327171159,True,0.00972219403941885,0.033985700752648965
esm2_top4_bilstm_attn,train,-1,evidence_dominated,sequence_distal_ge21,shared_water_fraction_of_band_contacts,388,885,-0.0006822127680261621,-0.0019497457648184114,0.0005853202287660872,True,0.00972219403941885,0.033985700752648965
esm2_top4_bilstm_attn,train,-1,evidence_dominated,sequence_distal_ge21,shared_water_fraction_of_query_contacts,388,885,-0.0016871372804740416,-0.004013970442660935,0.0006396958817128521,True,0.005447429511444476,0.019937789025612333
esm2_top4_bilstm_attn,train,-1,evidence_dominated,sequence_distal_ge21,shares_any_ecod_domain_with_band,388,884,0.00417876916743619,-0.008635119798789441,0.016992658133661822,True,0.880559917404093,1.0
esm2_top4_bilstm_attn,train,-1,evidence_dominated,sequence_distal_ge21,shortest_nonlocal_contact_path_edges,387,880,-0.3843668080272576,-0.48142012410069557,-0.2873134919538196,True,2.532216741927574e-16,2.6016277592189895e-15
esm2_top4_bilstm_attn,train,-1,evidence_dominated,sequence_distal_ge21,shortest_ordinary_contact_path_edges,388,885,-0.3736408100997616,-0.47022305564728784,-0.2770585645522353,True,3.454497851165328e-15,3.3614921397877995e-14
esm2_top4_bilstm_attn,train,-1,evidence_dominated,sequence_distal_ge21,torsion_change_from_previous,391,895,-38.672298940465595,-41.396987978519164,-35.947609902412026,True,2.981856573542977e-107,2.4141110819403942e-105
esm2_top4_bilstm_attn,train,-1,evidence_dominated,sequence_distal_ge21,water_path_at_most_1,388,885,-0.002909894491022032,-0.0062227701926657435,0.0004029812106216791,True,0.005447429511444476,0.019937789025612333
esm2_top4_bilstm_attn,train,-1,evidence_dominated,sequence_distal_ge21,water_path_at_most_2,388,885,-0.0035083120448502494,-0.007504588901900653,0.0004879648122001535,True,0.08481264433974639,0.21297865030229118
esm2_top4_bilstm_attn,train,-1,evidence_dominated,sequence_distal_ge21,water_path_at_most_3,388,885,-0.004791338911741219,-0.009560190883065802,-2.248694041663557e-05,True,0.07345060421252647,0.18842081486204507
esm2_top4_bilstm_attn,train,-1,evidence_dominated,sequence_distal_ge21,water_path_exists,388,885,-0.004653830309340653,-0.00949645543248145,0.00018879481380014353,True,0.0635371986671395,0.1681036471925364
esm2_top4_bilstm_attn,train,-1,evidence_dominated,sequence_distal_ge21,water_path_without_direct_ca_contact,388,885,-0.002804341619288649,-0.005140692520439177,-0.0004679907181381212,True,0.04604406692934271,0.13125801614787272
esm2_top4_bilstm_attn,train,-1,evidence_dominated,sequence_distal_ge21,water_path_without_direct_polar_contact,388,885,-0.003648240707028091,-0.008322506313715916,0.0010260248996597342,True,0.025543364029782824,0.07917269340931155
esm2_top4_bilstm_attn,train,-1,evidence_dominated,sequence_distal_ge21_no_direct_ca,absolute_backbone_orientation_cosine,387,883,-0.006238309834871358,-0.020271573046088905,0.007794953376346188,True,0.08379877263788553,0.2106940569181122
esm2_top4_bilstm_attn,train,-1,evidence_dominated,sequence_distal_ge21_no_direct_ca,absolute_sequence_separation,387,883,-2.3768312221812535,-4.316786739858365,-0.43687570450414226,True,0.0031446903004548345,0.012054646151743533
esm2_top4_bilstm_attn,train,-1,evidence_dominated,sequence_distal_ge21_no_direct_ca,band_water_contact_count,387,883,0.0,0.0,0.0,True,1.0,1.0
esm2_top4_bilstm_attn,train,-1,evidence_dominated,sequence_distal_ge21_no_direct_ca,direct_ca_contact,387,883,0.0,0.0,0.0,True,1.0,1.0
esm2_top4_bilstm_attn,train,-1,evidence_dominated,sequence_distal_ge21_no_direct_ca,direct_putative_polar_contact,387,883,0.0012276165036602905,-0.004042571214557245,0.006497804221877826,True,0.5504125118224712,0.8354822481439372
esm2_top4_bilstm_attn,train,-1,evidence_dominated,sequence_distal_ge21_no_direct_ca,direct_putative_polar_contact_count,387,883,0.0011558392995653591,-0.004120190832284823,0.006431869431415541,True,0.5504125118224712,0.8354822481439372
esm2_top4_bilstm_attn,train,-1,evidence_dominated,sequence_distal_ge21_no_direct_ca,disorder,387,883,-0.016456051076259925,-0.020211301098924554,-0.012700801053595296,True,5.1235766861715495e-68,2.880588670225338e-66
esm2_top4_bilstm_attn,train,-1,evidence_dominated,sequence_distal_ge21_no_direct_ca,mean_query_contact_water_degree,349,825,-0.01165122208435617,-0.05143231469196149,0.028129870523249147,True,0.34644120907129883,0.6129344468184518
esm2_top4_bilstm_attn,train,-1,evidence_dominated,sequence_distal_ge21_no_direct_ca,minimum_ca_distance_angstrom,387,883,-2.0099971586913465,-2.472918139968827,-1.5470761774138657,True,9.894538799962904e-18,1.1125859183958287e-16
esm2_top4_bilstm_attn,train,-1,evidence_dominated,sequence_distal_ge21_no_direct_ca,minimum_heavy_atom_distance_angstrom,387,883,-1.9672499020884588,-2.4251862823883545,-1.5093135217885634,True,6.185911686501507e-17,6.589623817620554e-16
esm2_top4_bilstm_attn,train,-1,evidence_dominated,sequence_distal_ge21_no_direct_ca,minimum_polar_atom_distance_angstrom,387,883,-1.6355611909702676,-2.0946255570224803,-1.176496824918055,True,6.176482282573939e-13,5.4353044086650665e-12
esm2_top4_bilstm_attn,train,-1,evidence_dominated,sequence_distal_ge21_no_direct_ca,neq,387,883,-0.3971411100869975,-0.4244754616317721,-0.3698067585422229,True,3.546808465117903e-106,2.7610539743840905e-104
esm2_top4_bilstm_attn,train,-1,evidence_dominated,sequence_distal_ge21_no_direct_ca,nonlocal_contact_path_exists,387,883,0.013530352501920825,0.006734530578331043,0.02032617442551061,True,1.2046380153120002e-17,1.3323428103778625e-16
esm2_top4_bilstm_attn,train,-1,evidence_dominated,sequence_distal_ge21_no_direct_ca,normalized_query_position,387,883,0.010338957111960482,-0.004572972610991398,0.02525088683491236,True,0.1862126906885455,0.3934180437929187
esm2_top4_bilstm_attn,train,-1,evidence_dominated,sequence_distal_ge21_no_direct_ca,one_water_bridge,387,883,-0.0013561672384074912,-0.0029802595715716874,0.0002679250947567049,True,0.05994118956699923,0.1594230849981688
esm2_top4_bilstm_attn,train,-1,evidence_dominated,sequence_distal_ge21_no_direct_ca,ordinary_contact_path_exists,387,883,0.0,0.0,0.0,True,1.0,1.0
esm2_top4_bilstm_attn,train,-1,evidence_dominated,sequence_distal_ge21_no_direct_ca,query_distance_to_band_domain_boundary_sequence,387,882,-0.5214717629285293,-2.423464574621549,1.3805210487644906,True,0.6843095547638064,0.965862270212767
esm2_top4_bilstm_attn,train,-1,evidence_dominated,sequence_distal_ge21_no_direct_ca,query_distance_to_community_boundary_edges,387,883,-0.2729804581314561,-0.32773697710582034,-0.21822393915709185,True,9.39068503419015e-18,1.0618294139218361e-16
esm2_top4_bilstm_attn,train,-1,evidence_dominated,sequence_distal_ge21_no_direct_ca,query_distance_to_ecod_boundary_sequence,387,883,0.8691198113812362,-0.7141708977060615,2.4524105204685336,True,0.8389089248895177,1.0
esm2_top4_bilstm_attn,train,-1,evidence_dominated,sequence_distal_ge21_no_direct_ca,query_in_any_band,387,883,0.5661844612011856,0.5276768289634597,0.6046920934389115,True,1.3727368077175452e-61,6.946048247050779e-60
esm2_top4_bilstm_attn,train,-1,evidence_dominated,sequence_distal_ge21_no_direct_ca,query_to_band_contact_count,387,883,0.0,0.0,0.0,True,1.0,1.0
esm2_top4_bilstm_attn,train,-1,evidence_dominated,sequence_distal_ge21_no_direct_ca,query_to_band_contact_fraction,387,883,0.0,0.0,0.0,True,1.0,1.0
esm2_top4_bilstm_attn,train,-1,evidence_dominated,sequence_distal_ge21_no_direct_ca,query_water_contact_count,387,883,-0.27681404063148457,-0.33034961252969797,-0.22327846873327117,True,1.628328091889067e-22,2.2887055958218553e-21
esm2_top4_bilstm_attn,train,-1,evidence_dominated,sequence_distal_ge21_no_direct_ca,reachable_query_water_entry_count,387,883,-0.002068137832353974,-0.00486721508955249,0.0007309394248445414,True,0.11091834966064003,0.2604393732170945
esm2_top4_bilstm_attn,train,-1,evidence_dominated,sequence_distal_ge21_no_direct_ca,relative_backbone_orientation_cosine,387,883,0.03931587471055036,0.007052284634817829,0.0715794647862829,True,0.004357834022956689,0.01627353517059841
esm2_top4_bilstm_attn,train,-1,evidence_dominated,sequence_distal_ge21_no_direct_ca,rsa,387,883,-0.13823095124695178,-0.148803137513631,-0.12765876498027257,True,6.73147595563332e-79,4.128638586121769e-77
esm2_top4_bilstm_attn,train,-1,evidence_dominated,sequence_distal_ge21_no_direct_ca,same_community_as_band_apex,387,882,0.014712498977521433,-0.004232343706396836,0.0336573416614397,True,0.424323594620002,0.7094419857796244
esm2_top4_bilstm_attn,train,-1,evidence_dominated,sequence_distal_ge21_no_direct_ca,same_community_as_band_majority,380,832,0.014450230921882013,-0.00270483719417787,0.031605299037941896,True,0.953663054299273,1.0
esm2_top4_bilstm_attn,train,-1,evidence_dominated,sequence_distal_ge21_no_direct_ca,same_ecod_domain_as_band_apex,387,881,0.004610856709435949,-0.008355526188120264,0.017577239606992163,True,0.8201708574029795,1.0
esm2_top4_bilstm_attn,train,-1,evidence_dominated,sequence_distal_ge21_no_direct_ca,shared_water_count,387,883,-0.001288120157210094,-0.002966488260470076,0.00039024794604988777,True,0.05994118956699923,0.1594230849981688
esm2_top4_bilstm_attn,train,-1,evidence_dominated,sequence_distal_ge21_no_direct_ca,shared_water_fraction_of_band_contacts,387,883,-0.00018768963036579388,-0.000649730910949353,0.0002743516502177653,True,0.10342187831608088,0.2494944954848006
esm2_top4_bilstm_attn,train,-1,evidence_dominated,sequence_distal_ge21_no_direct_ca,shared_water_fraction_of_query_contacts,387,883,-0.0005620531495142349,-0.0014510754437377323,0.00032696914470926246,True,0.0327657590988232,0.09854070789898686
esm2_top4_bilstm_attn,train,-1,evidence_dominated,sequence_distal_ge21_no_direct_ca,shares_any_ecod_domain_with_band,387,882,0.005103947538311804,-0.00779449921800883,0.018002394294632438,True,0.8201708574029795,1.0
esm2_top4_bilstm_attn,train,-1,evidence_dominated,sequence_distal_ge21_no_direct_ca,shortest_nonlocal_contact_path_edges,386,878,-0.34751801655592324,-0.44160964351569304,-0.25342638959615343,True,6.187484369440585e-12,5.2181118182282263e-11
esm2_top4_bilstm_attn,train,-1,evidence_dominated,sequence_distal_ge21_no_direct_ca,shortest_ordinary_contact_path_edges,387,883,-0.3555290049599064,-0.4490989236303331,-0.2619590862894797,True,1.0337175588383862e-12,9.018294565038335e-12
esm2_top4_bilstm_attn,train,-1,evidence_dominated,sequence_distal_ge21_no_direct_ca,torsion_change_from_previous,387,883,-39.06440370948135,-41.90278305924332,-36.226024359719375,True,4.531282378112453e-106,3.396783530851706e-104
esm2_top4_bilstm_attn,train,-1,evidence_dominated,sequence_distal_ge21_no_direct_ca,water_path_at_most_1,387,883,-0.0013561672384074912,-0.0029802595715716874,0.0002679250947567049,True,0.05994118956699923,0.1594230849981688
esm2_top4_bilstm_attn,train,-1,evidence_dominated,sequence_distal_ge21_no_direct_ca,water_path_at_most_2,387,883,-0.002519889052935501,-0.004903832965344425,-0.00013594514052657665,True,0.0354495948795191,0.10547788962877966
esm2_top4_bilstm_attn,train,-1,evidence_dominated,sequence_distal_ge21_no_direct_ca,water_path_at_most_3,387,883,-0.002403949580892373,-0.004856143949768786,4.824478798403937e-05,True,0.06705179535289094,0.17443808970983452
esm2_top4_bilstm_attn,train,-1,evidence_dominated,sequence_distal_ge21_no_direct_ca,water_path_exists,387,883,-0.0023969147168226863,-0.00491629174231162,0.0001224623086662469,True,0.07275700687752398,0.18711586012720274
esm2_top4_bilstm_attn,train,-1,evidence_dominated,sequence_distal_ge21_no_direct_ca,water_path_without_direct_ca_contact,387,883,-0.0023969147168226863,-0.00491629174231162,0.0001224623086662469,True,0.07275700687752398,0.18711586012720274
esm2_top4_bilstm_attn,train,-1,evidence_dominated,sequence_distal_ge21_no_direct_ca,water_path_without_direct_polar_contact,387,883,-0.0021791697972600266,-0.004647749583940503,0.00028940998942045054,True,0.11334435404342058,0.26521268506807316
esm2_top4_bilstm_attn,train,1,combined,all_eligible_queries,absolute_backbone_orientation_cosine,846,4597,-0.004462905035060449,-0.0141443102421218,0.005218500172000902,True,0.05856840613343777,0.1578461438270014
esm2_top4_bilstm_attn,train,1,combined,all_eligible_queries,absolute_sequence_separation,876,4926,-2.8757235323392116,-3.7112186560230187,-2.0402284086554046,True,2.390236213491052e-15,2.3484650951970336e-14
esm2_top4_bilstm_attn,train,1,combined,all_eligible_queries,band_water_contact_count,850,4615,0.0,0.0,0.0,True,1.0,1.0
esm2_top4_bilstm_attn,train,1,combined,all_eligible_queries,direct_ca_contact,850,4615,0.03781310855724563,0.028190369361287278,0.04743584775320398,True,7.647010003082031e-18,8.695251823729231e-17
esm2_top4_bilstm_attn,train,1,combined,all_eligible_queries,direct_putative_polar_contact,850,4615,0.03966524528524908,0.031630777046543004,0.04769971352395516,True,1.0516990948686654e-38,2.729024317966896e-37
esm2_top4_bilstm_attn,train,1,combined,all_eligible_queries,direct_putative_polar_contact_count,850,4615,0.06921065395206209,0.05518532853729894,0.08323597936682525,True,4.562591287331231e-39,1.1993097098127807e-37
esm2_top4_bilstm_attn,train,1,combined,all_eligible_queries,disorder,876,4926,-0.042117055665121736,-0.04962879756334765,-0.03460531376689582,True,2.325943955823572e-11,1.8982703897527863e-10
esm2_top4_bilstm_attn,train,1,combined,all_eligible_queries,mean_query_contact_water_degree,767,4308,-0.023064622259576676,-0.05028106626714166,0.00415182174798831,True,0.13679732854377494,0.3055094000106095
esm2_top4_bilstm_attn,train,1,combined,all_eligible_queries,minimum_ca_distance_angstrom,850,4615,0.8551795087941951,0.5178867245379699,1.1924722930504204,True,4.318492550460206e-12,3.672533160559436e-11
esm2_top4_bilstm_attn,train,1,combined,all_eligible_queries,minimum_heavy_atom_distance_angstrom,850,4615,0.957876179018339,0.6235397594796519,1.292212598557026,True,1.4364909317523082e-14,1.3714422857861658e-13
esm2_top4_bilstm_attn,train,1,combined,all_eligible_queries,minimum_polar_atom_distance_angstrom,850,4613,0.828588713913875,0.492077966207318,1.165099461620432,True,1.886562758392095e-10,1.468616547302154e-09
esm2_top4_bilstm_attn,train,1,combined,all_eligible_queries,neq,876,4926,0.6697252342518523,0.6363077194645813,0.7031427490391232,True,1.7398118803021092e-185,1.1737930819104897e-182
esm2_top4_bilstm_attn,train,1,combined,all_eligible_queries,nonlocal_contact_path_exists,850,4615,-0.031397381583629695,-0.0408549558482982,-0.02193980731896119,True,2.1111404308677813e-43,7.121580386793982e-42
esm2_top4_bilstm_attn,train,1,combined,all_eligible_queries,normalized_query_position,876,4926,-0.003910696853988559,-0.012687493566999233,0.004866099859022116,True,0.2112334528034062,0.43404721672496865
esm2_top4_bilstm_attn,train,1,combined,all_eligible_queries,one_water_bridge,850,4615,0.006999143064873816,0.0019275298438636455,0.012070756285883985,True,0.8531773269117704,1.0
esm2_top4_bilstm_attn,train,1,combined,all_eligible_queries,ordinary_contact_path_exists,850,4615,0.0014798008074947432,-0.0010169279804694339,0.00397652959545892,True,1.0,1.0
esm2_top4_bilstm_attn,train,1,combined,all_eligible_queries,query_distance_to_band_domain_boundary_sequence,848,4589,2.6569358334965,1.70105979126726,3.61281187572574,True,4.938751605517194e-07,2.9928243262176048e-06
esm2_top4_bilstm_attn,train,1,combined,all_eligible_queries,query_distance_to_community_boundary_edges,841,4590,0.35294720963620707,0.3072124629360534,0.3986819563363607,True,4.317057103407263e-55,1.941716350510289e-53
esm2_top4_bilstm_attn,train,1,combined,all_eligible_queries,query_distance_to_ecod_boundary_sequence,848,4609,3.173572796975174,2.2639157180180893,4.0832298759322585,True,3.4419235728862463e-10,2.6488415633162598e-09
esm2_top4_bilstm_attn,train,1,combined,all_eligible_queries,query_in_any_band,876,4926,0.607725614083848,0.5859131578323102,0.6295380703353857,True,8.078156572379135e-193,1.6350188902495369e-189
esm2_top4_bilstm_attn,train,1,combined,all_eligible_queries,query_to_band_contact_count,850,4615,0.11038570084446292,0.08394598666054871,0.13682541502837714,True,3.0830380873889994e-26,4.952435784821694e-25
esm2_top4_bilstm_attn,train,1,combined,all_eligible_queries,query_to_band_contact_fraction,850,4615,0.031142181542366965,0.02442501789680321,0.03785934518793072,True,1.2436710343015411e-29,2.247491226273499e-28
esm2_top4_bilstm_attn,train,1,combined,all_eligible_queries,query_water_contact_count,850,4615,0.08505283431563297,0.05115057025025824,0.1189550983810077,True,2.1906801932091767e-05,0.00011311063038406566
esm2_top4_bilstm_attn,train,1,combined,all_eligible_queries,reachable_query_water_entry_count,850,4615,0.009803228904925937,0.0034362405338013756,0.0161702172760505,True,0.7619839325097475,1.0
esm2_top4_bilstm_attn,train,1,combined,all_eligible_queries,relative_backbone_orientation_cosine,846,4597,-0.0036620211261629405,-0.024327375839975227,0.01700333358764935,True,0.09199631374667862,0.22766548137663944
esm2_top4_bilstm_attn,train,1,combined,all_eligible_queries,rsa,876,4926,0.10196771620462633,0.09464640700188834,0.10928902540736432,True,9.232199377217797e-95,6.443438461892697e-93
esm2_top4_bilstm_attn,train,1,combined,all_eligible_queries,same_community_as_band_apex,850,4612,0.0012817005914990557,-0.011390363579868383,0.013953764762866493,True,0.0011761120989972449,0.0049081461615885025
esm2_top4_bilstm_attn,train,1,combined,all_eligible_queries,same_community_as_band_majority,839,4344,0.002858175796187915,-0.010836553204089315,0.016552904796465144,True,0.00027835530125274317,0.0012833510927916906
esm2_top4_bilstm_attn,train,1,combined,all_eligible_queries,same_ecod_domain_as_band_apex,846,4577,-0.002339849032394715,-0.0074498342337679605,0.0027701361689785303,True,0.03904889626516776,0.11355598569066026
esm2_top4_bilstm_attn,train,1,combined,all_eligible_queries,shared_water_count,850,4615,0.007999878957334252,0.0027160748192892187,0.013283683095379285,True,0.9262749397954401,1.0
esm2_top4_bilstm_attn,train,1,combined,all_eligible_queries,shared_water_fraction_of_band_contacts,850,4615,0.00198656194316938,0.00022854708392434637,0.003744576802414413,True,0.7813186566193489,1.0
esm2_top4_bilstm_attn,train,1,combined,all_eligible_queries,shared_water_fraction_of_query_contacts,850,4615,0.005161406517034283,0.0013645588233451374,0.008958254210723429,True,0.6104036123210917,0.8985141173366471
esm2_top4_bilstm_attn,train,1,combined,all_eligible_queries,shares_any_ecod_domain_with_band,848,4589,-0.0016109045940631752,-0.006222274273446154,0.003000465085319803,True,0.06490477201408393,0.17109778746770027
esm2_top4_bilstm_attn,train,1,combined,all_eligible_queries,shortest_nonlocal_contact_path_edges,839,4569,0.3396245775795433,0.2705898252192107,0.40865932993987586,True,2.4622878519010257e-29,4.410327975440421e-28
esm2_top4_bilstm_attn,train,1,combined,all_eligible_queries,shortest_ordinary_contact_path_edges,849,4612,0.19879386499143212,0.13213947322613231,0.2654482567567319,True,1.0791150840558216e-18,1.3078616348077741e-17
esm2_top4_bilstm_attn,train,1,combined,all_eligible_queries,torsion_change_from_previous,876,4926,20.98689619306975,18.769671101073463,23.204121285066037,True,5.778642232968286e-66,3.077887336717845e-64
esm2_top4_bilstm_attn,train,1,combined,all_eligible_queries,water_path_at_most_1,850,4615,0.006999143064873816,0.0019275298438636455,0.012070756285883985,True,0.8531773269117704,1.0
esm2_top4_bilstm_attn,train,1,combined,all_eligible_queries,water_path_at_most_2,850,4615,0.0066850745793992075,0.0010062329608533987,0.012363916197945017,True,0.8267975151835992,1.0
esm2_top4_bilstm_attn,train,1,combined,all_eligible_queries,water_path_at_most_3,850,4615,0.007242836291917262,0.0015435675574754868,0.012942105026359037,True,0.9309766382833647,1.0
esm2_top4_bilstm_attn,train,1,combined,all_eligible_queries,water_path_exists,850,4615,0.00706369764363747,0.0013459369978467842,0.012781458289428154,True,0.8290384101418323,1.0
esm2_top4_bilstm_attn,train,1,combined,all_eligible_queries,water_path_without_direct_ca_contact,850,4615,-0.0031414034332095148,-0.00619517379377349,-8.763307264553948e-05,True,5.202184017482283e-13,4.597912860866437e-12
esm2_top4_bilstm_attn,train,1,combined,all_eligible_queries,water_path_without_direct_polar_contact,850,4615,-0.0020572956826197656,-0.005974376421875493,0.001859785056635962,True,3.607870202574175e-07,2.226319905490893e-06
esm2_top4_bilstm_attn,train,1,combined,sequence_distal_ge21,absolute_backbone_orientation_cosine,813,4528,-0.002907258525421166,-0.012411988224697076,0.006597471173854744,True,0.5278780381677757,0.8081884638816778
esm2_top4_bilstm_attn,train,1,combined,sequence_distal_ge21,absolute_sequence_separation,843,4856,-3.6009509300577704,-4.5823443234973285,-2.6195575366182124,True,8.870463912999198e-16,8.888029188074443e-15
esm2_top4_bilstm_attn,train,1,combined,sequence_distal_ge21,band_water_contact_count,816,4545,0.0,0.0,0.0,True,1.0,1.0
esm2_top4_bilstm_attn,train,1,combined,sequence_distal_ge21,direct_ca_contact,816,4545,0.00386531013869715,-0.004138938548461854,0.011869558825856153,True,0.012070790919072491,0.040923418459301045
esm2_top4_bilstm_attn,train,1,combined,sequence_distal_ge21,direct_putative_polar_contact,816,4545,-0.0013669538299064582,-0.004963795142081639,0.002229887482268723,True,0.0029096952054849527,0.011217567801717227
esm2_top4_bilstm_attn,train,1,combined,sequence_distal_ge21,direct_putative_polar_contact_count,816,4545,-0.002022106363116785,-0.007327702865214473,0.003283490138980903,True,0.007980855508278957,0.028141553220830333
esm2_top4_bilstm_attn,train,1,combined,sequence_distal_ge21,disorder,843,4856,-0.048354528269091215,-0.056717845056357276,-0.039991211481825155,True,1.5698163385743856e-15,1.557504053565959e-14
esm2_top4_bilstm_attn,train,1,combined,sequence_distal_ge21,mean_query_contact_water_degree,741,4196,-0.014815239283240952,-0.04146344052915084,0.011832961962668937,True,0.17203337028825275,0.37200378361476877
esm2_top4_bilstm_attn,train,1,combined,sequence_distal_ge21,minimum_ca_distance_angstrom,816,4545,0.9823785505497069,0.6100089074630319,1.3547481936363819,True,1.1034556267104595e-13,9.97050976991951e-13
esm2_top4_bilstm_attn,train,1,combined,sequence_distal_ge21,minimum_heavy_atom_distance_angstrom,816,4545,1.0640862201910501,0.6956706244384567,1.4325018159436436,True,6.42448799267187e-14,5.85728094467021e-13
esm2_top4_bilstm_attn,train,1,combined,sequence_distal_ge21,minimum_polar_atom_distance_angstrom,816,4543,0.8902795425149743,0.519595189692088,1.2609638953378606,True,6.94275157336857e-12,5.806664952271895e-11
esm2_top4_bilstm_attn,train,1,combined,sequence_distal_ge21,neq,843,4856,0.6695637466439514,0.6343777237992353,0.7047497694886674,True,7.948864833445164e-179,2.6814170704821687e-176
esm2_top4_bilstm_attn,train,1,combined,sequence_distal_ge21,nonlocal_contact_path_exists,816,4545,-0.03213065868345373,-0.04222727847214412,-0.02203403889476334,True,9.655752660993475e-42,3.0536317790391864e-40
esm2_top4_bilstm_attn,train,1,combined,sequence_distal_ge21,normalized_query_position,843,4856,-0.005021277039002295,-0.015322895419671603,0.005280341341667014,True,0.4486376509576283,0.7364498017341766
esm2_top4_bilstm_attn,train,1,combined,sequence_distal_ge21,one_water_bridge,816,4545,0.0015187400068743654,-0.001376093430741845,0.004413573444490576,True,0.049879199428978505,0.1408026494341039
esm2_top4_bilstm_attn,train,1,combined,sequence_distal_ge21,ordinary_contact_path_exists,816,4545,0.0015723233719910283,-0.001151829747526529,0.004296476491508586,True,1.0,1.0
esm2_top4_bilstm_attn,train,1,combined,sequence_distal_ge21,query_distance_to_band_domain_boundary_sequence,812,4515,2.657806336070254,1.5632192020842133,3.752393470056295,True,5.773054644795149e-07,3.4570007695459706e-06
esm2_top4_bilstm_attn,train,1,combined,sequence_distal_ge21,query_distance_to_community_boundary_edges,807,4514,0.3381014889968688,0.2908705660076021,0.38533241198613555,True,3.4448800548596474e-45,1.2450780769707012e-43
esm2_top4_bilstm_attn,train,1,combined,sequence_distal_ge21,query_distance_to_ecod_boundary_sequence,814,4535,3.3076459671694165,2.2677024874586555,4.3475894468801775,True,9.040021807103213e-10,6.534644334848894e-09
esm2_top4_bilstm_attn,train,1,combined,sequence_distal_ge21,query_in_any_band,843,4856,0.6299749558361699,0.6078080814965034,0.6521418301758364,True,3.1956207719721163e-190,3.2339682212357816e-187
esm2_top4_bilstm_attn,train,1,combined,sequence_distal_ge21,query_to_band_contact_count,816,4545,0.006103550597566227,-0.011734653564421866,0.023941754759554318,True,0.020930798824988616,0.0675944477064286
esm2_top4_bilstm_attn,train,1,combined,sequence_distal_ge21,query_to_band_contact_fraction,816,4545,0.001555880759637049,-0.0028962225701775804,0.006007984089451678,True,0.007532981904400882,0.02693773034365262
esm2_top4_bilstm_attn,train,1,combined,sequence_distal_ge21,query_water_contact_count,816,4545,0.08609282635890675,0.051439058127304385,0.12074659459050911,True,0.000397077183419118,0.0017939379893756582
esm2_top4_bilstm_attn,train,1,combined,sequence_distal_ge21,reachable_query_water_entry_count,816,4545,0.0027262716504675363,-0.0010211789094671693,0.006473722210402242,True,0.001548807938242575,0.006282138811629202
esm2_top4_bilstm_attn,train,1,combined,sequence_distal_ge21,relative_backbone_orientation_cosine,813,4528,-0.0037442709226773695,-0.024927971471902066,0.017439429626547327,True,0.26172696196055945,0.5002222577980854
esm2_top4_bilstm_attn,train,1,combined,sequence_distal_ge21,rsa,843,4856,0.09614600626011002,0.0883121275597287,0.10397988496049135,True,9.078040949041546e-85,6.124651626953363e-83
esm2_top4_bilstm_attn,train,1,combined,sequence_distal_ge21,same_community_as_band_apex,816,4542,-0.002284712204280473,-0.01455471599286388,0.009985291584302936,True,3.956585909127783e-05,0.00019871290024999088
esm2_top4_bilstm_attn,train,1,combined,sequence_distal_ge21,same_community_as_band_majority,805,4277,-0.0027865425682338015,-0.015793500568346535,0.010220415431878932,True,3.23788469854704e-06,1.8053660137353193e-05
esm2_top4_bilstm_attn,train,1,combined,sequence_distal_ge21,same_ecod_domain_as_band_apex,810,4503,-0.0031556442441128055,-0.009135153351681502,0.0028238648634558907,True,0.03904889626516776,0.11355598569066026
esm2_top4_bilstm_attn,train,1,combined,sequence_distal_ge21,shared_water_count,816,4545,0.0015380517512746546,-0.001571000311925055,0.004647103814474364,True,0.023617153107223194,0.07411026029305387
esm2_top4_bilstm_attn,train,1,combined,sequence_distal_ge21,shared_water_fraction_of_band_contacts,816,4545,0.00012572689549594516,-0.0009947928741023025,0.001246246665094193,True,0.013702096709120553,0.04574235017918498
esm2_top4_bilstm_attn,train,1,combined,sequence_distal_ge21,shared_water_fraction_of_query_contacts,816,4545,0.0004171741084158046,-0.0013636769311478423,0.0021980251479794513,True,0.0029803181171123173,0.011446231250541424
esm2_top4_bilstm_attn,train,1,combined,sequence_distal_ge21,shares_any_ecod_domain_with_band,812,4515,-0.0020264019305073037,-0.00743127142080391,0.003378467559789302,True,0.07302208283267314,0.18755925844331273
esm2_top4_bilstm_attn,train,1,combined,sequence_distal_ge21,shortest_nonlocal_contact_path_edges,805,4486,0.361190362009896,0.2832131575006979,0.4391675665190941,True,3.0835033832732377e-24,4.6574707818992784e-23
esm2_top4_bilstm_attn,train,1,combined,sequence_distal_ge21,shortest_ordinary_contact_path_edges,815,4539,0.2092080862202649,0.1366368279358969,0.28177934450463293,True,3.899858932583826e-16,3.966489688215911e-15
esm2_top4_bilstm_attn,train,1,combined,sequence_distal_ge21,torsion_change_from_previous,843,4856,19.80285095606519,17.521491869399227,22.08421004273115,True,1.79374456594554e-56,8.64414047969946e-55
esm2_top4_bilstm_attn,train,1,combined,sequence_distal_ge21,water_path_at_most_1,816,4545,0.0015187400068743654,-0.001376093430741845,0.004413573444490576,True,0.049879199428978505,0.1408026494341039
esm2_top4_bilstm_attn,train,1,combined,sequence_distal_ge21,water_path_at_most_2,816,4545,0.0016859847890566143,-0.001362198234625818,0.004734167812739046,True,0.0029377330251175973,0.011304128598551363
esm2_top4_bilstm_attn,train,1,combined,sequence_distal_ge21,water_path_at_most_3,816,4545,0.002168583669630504,-0.0009297267757278948,0.005266894114988902,True,0.0028352727593255337,0.011057017466040231
esm2_top4_bilstm_attn,train,1,combined,sequence_distal_ge21,water_path_exists,816,4545,0.0018668462908141465,-0.001282297234109906,0.005015989815738199,True,0.0011469030730822862,0.004796140123798651
esm2_top4_bilstm_attn,train,1,combined,sequence_distal_ge21,water_path_without_direct_ca_contact,816,4545,-0.0009162707853145,-0.0026404355347117827,0.0008078939640827827,True,6.219995180458354e-10,4.645487175368158e-09
esm2_top4_bilstm_attn,train,1,combined,sequence_distal_ge21,water_path_without_direct_polar_contact,816,4545,0.002038976233679198,-0.0007800674933410349,0.004858019960699431,True,0.00011578704248508505,0.0005579832714043147
esm2_top4_bilstm_attn,train,1,combined,sequence_distal_ge21_no_direct_ca,absolute_backbone_orientation_cosine,809,4508,-0.004013352584783166,-0.013912026466822785,0.005885321297256453,True,0.5737819905695624,0.8564415552454234
esm2_top4_bilstm_attn,train,1,combined,sequence_distal_ge21_no_direct_ca,absolute_sequence_separation,812,4526,-2.5315956063039686,-3.5641225210177216,-1.4990686915902156,True,6.247691750277339e-09,4.3454735747633445e-08
esm2_top4_bilstm_attn,train,1,combined,sequence_distal_ge21_no_direct_ca,band_water_contact_count,812,4526,0.0,0.0,0.0,True,1.0,1.0
esm2_top4_bilstm_attn,train,1,combined,sequence_distal_ge21_no_direct_ca,direct_ca_contact,812,4526,0.0,0.0,0.0,True,1.0,1.0
esm2_top4_bilstm_attn,train,1,combined,sequence_distal_ge21_no_direct_ca,direct_putative_polar_contact,812,4526,-0.00029658462599325584,-0.002023458615465488,0.0014302893634789767,True,2.832653608080381e-08,1.8859509548535168e-07
esm2_top4_bilstm_attn,train,1,combined,sequence_distal_ge21_no_direct_ca,direct_putative_polar_contact_count,812,4526,-0.0002766066688093659,-0.0027827713588827723,0.0022295580212640404,True,1.3191411328040183e-08,8.929570745134893e-08
esm2_top4_bilstm_attn,train,1,combined,sequence_distal_ge21_no_direct_ca,disorder,812,4526,-0.017682281187338448,-0.025485956021362995,-0.0098786063533139,True,0.5508122027041773,0.8354822481439372
esm2_top4_bilstm_attn,train,1,combined,sequence_distal_ge21_no_direct_ca,mean_query_contact_water_degree,735,4164,-0.018645402466460084,-0.04501244513429753,0.0077216402013773645,True,0.019973346283107936,0.06507162272762985
esm2_top4_bilstm_attn,train,1,combined,sequence_distal_ge21_no_direct_ca,minimum_ca_distance_angstrom,812,4526,1.0197061661141529,0.6566125903961797,1.382799741832126,True,1.3429064047438688e-12,1.1566138566815279e-11
esm2_top4_bilstm_attn,train,1,combined,sequence_distal_ge21_no_direct_ca,minimum_heavy_atom_distance_angstrom,812,4526,1.0891495871159735,0.72807166412038,1.4502275101115671,True,1.068712496646651e-15,1.0655537404989268e-14
esm2_top4_bilstm_attn,train,1,combined,sequence_distal_ge21_no_direct_ca,minimum_polar_atom_distance_angstrom,812,4524,0.9144163671823989,0.5515910920020266,1.2772416423627713,True,1.3429064047438688e-12,1.1566138566815279e-11
esm2_top4_bilstm_attn,train,1,combined,sequence_distal_ge21_no_direct_ca,neq,812,4526,0.6590378447390811,0.6239360548872919,0.6941396345908704,True,5.650443683445292e-174,1.4295622519116589e-171
esm2_top4_bilstm_attn,train,1,combined,sequence_distal_ge21_no_direct_ca,nonlocal_contact_path_exists,812,4526,-0.03208606925183978,-0.04288498159813669,-0.02128715690554287,True,1.1496998767450905e-41,3.5799885392800974e-40
esm2_top4_bilstm_attn,train,1,combined,sequence_distal_ge21_no_direct_ca,normalized_query_position,812,4526,-0.009826321806013531,-0.02103518106365776,0.0013825374516306978,True,0.2468177811614363,0.4814462416745956
esm2_top4_bilstm_attn,train,1,combined,sequence_distal_ge21_no_direct_ca,one_water_bridge,812,4526,-0.0011974975709573609,-0.002707754161240225,0.00031275901932550313,True,5.084314490697213e-10,3.854176977217662e-09
esm2_top4_bilstm_attn,train,1,combined,sequence_distal_ge21_no_direct_ca,ordinary_contact_path_exists,812,4526,0.0015800688073210334,-0.0011575215210581614,0.0043176591357002286,True,1.0,1.0
esm2_top4_bilstm_attn,train,1,combined,sequence_distal_ge21_no_direct_ca,query_distance_to_band_domain_boundary_sequence,808,4495,2.599863907631013,1.4981547314298347,3.7015730838321916,True,2.7440179485369217e-06,1.5342243999554502e-05
esm2_top4_bilstm_attn,train,1,combined,sequence_distal_ge21_no_direct_ca,query_distance_to_community_boundary_edges,801,4490,0.34567585014536095,0.2970805551335362,0.3942711451571857,True,5.672445902033997e-46,2.1261167603179277e-44
esm2_top4_bilstm_attn,train,1,combined,sequence_distal_ge21_no_direct_ca,query_distance_to_ecod_boundary_sequence,810,4515,3.2776400658469,2.2311735895210374,4.324106542172762,True,2.2324190608429752e-07,1.386017232866927e-06
esm2_top4_bilstm_attn,train,1,combined,sequence_distal_ge21_no_direct_ca,query_in_any_band,812,4526,0.6351222188690153,0.6131643863310899,0.6570800514069407,True,8.637306843249896e-183,3.4963818101475574e-180
esm2_top4_bilstm_attn,train,1,combined,sequence_distal_ge21_no_direct_ca,query_to_band_contact_count,812,4526,0.0,0.0,0.0,True,1.0,1.0
esm2_top4_bilstm_attn,train,1,combined,sequence_distal_ge21_no_direct_ca,query_to_band_contact_fraction,812,4526,0.0,0.0,0.0,True,1.0,1.0
esm2_top4_bilstm_attn,train,1,combined,sequence_distal_ge21_no_direct_ca,query_water_contact_count,812,4526,0.07797297102828356,0.043766408738009105,0.11217953331855801,True,0.002209608890237463,0.008751953803993394
esm2_top4_bilstm_attn,train,1,combined,sequence_distal_ge21_no_direct_ca,reachable_query_water_entry_count,812,4526,-0.0011724927302198386,-0.00326789372052371,0.0009229082600840331,True,5.63765747849132e-11,4.5280233081215996e-10
esm2_top4_bilstm_attn,train,1,combined,sequence_distal_ge21_no_direct_ca,relative_backbone_orientation_cosine,809,4508,-0.006178110794814681,-0.027663226095479915,0.015307004505850555,True,0.09142821010960214,0.22766548137663944
esm2_top4_bilstm_attn,train,1,combined,sequence_distal_ge21_no_direct_ca,rsa,812,4526,0.11600008607454296,0.10788258690659398,0.12411758524249193,True,3.052778382193128e-99,2.2067226591281752e-97
esm2_top4_bilstm_attn,train,1,combined,sequence_distal_ge21_no_direct_ca,same_community_as_band_apex,812,4523,-0.005049090140405971,-0.016103372899738677,0.006005192618926736,True,4.770091987016383e-06,2.6093692383030157e-05
esm2_top4_bilstm_attn,train,1,combined,sequence_distal_ge21_no_direct_ca,same_community_as_band_majority,802,4260,-0.004074288083886426,-0.015818130118670996,0.007669553950898142,True,2.7540483658560634e-08,1.8396679513177137e-07
esm2_top4_bilstm_attn,train,1,combined,sequence_distal_ge21_no_direct_ca,same_ecod_domain_as_band_apex,806,4483,-0.0032214527372464758,-0.009257386787958467,0.002814481313465515,True,0.05756708991818356,0.1561018071988899
esm2_top4_bilstm_attn,train,1,combined,sequence_distal_ge21_no_direct_ca,shared_water_count,812,4526,-0.0011249687544266401,-0.0026583805383377413,0.00040844302948446097,True,5.084314490697213e-10,3.854176977217662e-09
esm2_top4_bilstm_attn,train,1,combined,sequence_distal_ge21_no_direct_ca,shared_water_fraction_of_band_contacts,812,4526,-0.00047811222541697767,-0.0011409539903184432,0.0001847295394844879,True,8.616203764864447e-11,6.865825362238441e-10
esm2_top4_bilstm_attn,train,1,combined,sequence_distal_ge21_no_direct_ca,shared_water_fraction_of_query_contacts,812,4526,-0.001046789200082637,-0.0021704149531729714,7.683655300769719e-05,True,8.616203764864447e-11,6.865825362238441e-10
esm2_top4_bilstm_attn,train,1,combined,sequence_distal_ge21_no_direct_ca,shares_any_ecod_domain_with_band,808,4495,-0.0021696007086435916,-0.0076144068891550645,0.0032752054718678814,True,0.04950987218572407,0.14034731275056797
esm2_top4_bilstm_attn,train,1,combined,sequence_distal_ge21_no_direct_ca,shortest_nonlocal_contact_path_edges,799,4461,0.37926787532817907,0.3068166039598718,0.45171914669648633,True,6.712152056325221e-29,1.1658372566722846e-27
esm2_top4_bilstm_attn,train,1,combined,sequence_distal_ge21_no_direct_ca,shortest_ordinary_contact_path_edges,811,4520,0.21622451923333447,0.14593995879079077,0.28650907967587813,True,3.2841156927983055e-16,3.3570960415271566e-15
esm2_top4_bilstm_attn,train,1,combined,sequence_distal_ge21_no_direct_ca,torsion_change_from_previous,812,4526,20.01535960175072,17.542764134419592,22.48795506908185,True,2.7450182457218698e-52,1.1821099849661838e-50
esm2_top4_bilstm_attn,train,1,combined,sequence_distal_ge21_no_direct_ca,water_path_at_most_1,812,4526,-0.0011974975709573609,-0.002707754161240225,0.00031275901932550313,True,5.084314490697213e-10,3.854176977217662e-09
esm2_top4_bilstm_attn,train,1,combined,sequence_distal_ge21_no_direct_ca,water_path_at_most_2,812,4526,-0.0014482851203226617,-0.003147170874015429,0.0002506006333701054,True,1.99550240301778e-11,1.6418279933772302e-10
esm2_top4_bilstm_attn,train,1,combined,sequence_distal_ge21_no_direct_ca,water_path_at_most_3,812,4526,-0.001079628857423883,-0.0029064063317650432,0.0007471486169172772,True,8.541877926398381e-09,5.8974991941530965e-08
esm2_top4_bilstm_attn,train,1,combined,sequence_distal_ge21_no_direct_ca,water_path_exists,812,4526,-0.0013984499548201283,-0.003296271372038586,0.0004993714623983295,True,7.402677946481576e-10,5.389575598445579e-09
esm2_top4_bilstm_attn,train,1,combined,sequence_distal_ge21_no_direct_ca,water_path_without_direct_ca_contact,812,4526,-0.0013984499548201283,-0.003296271372038586,0.0004993714623983295,True,7.402677946481576e-10,5.389575598445579e-09
esm2_top4_bilstm_attn,train,1,combined,sequence_distal_ge21_no_direct_ca,water_path_without_direct_polar_contact,812,4526,-0.000871070269658034,-0.002612416218742878,0.00087027567942681,True,1.7685504624375423e-09,1.2648572918634578e-08
esm2_top4_bilstm_attn,train,1,evidence_dominated,all_eligible_queries,absolute_backbone_orientation_cosine,180,327,0.005398059498498995,-0.01660951553831153,0.02740563453530952,True,0.9406117367092571,1.0
esm2_top4_bilstm_attn,train,1,evidence_dominated,all_eligible_queries,absolute_sequence_separation,184,342,-2.332327277057818,-4.913201190038182,0.24854663592254633,True,0.0014563008113307359,0.005990961061246768
esm2_top4_bilstm_attn,train,1,evidence_dominated,all_eligible_queries,band_water_contact_count,180,327,0.0,0.0,0.0,True,1.0,1.0
esm2_top4_bilstm_attn,train,1,evidence_dominated,all_eligible_queries,direct_ca_contact,180,327,0.016048157755129185,-0.0052304890938328664,0.03732680460409124,True,1.0,1.0
esm2_top4_bilstm_attn,train,1,evidence_dominated,all_eligible_queries,direct_putative_polar_contact,180,327,0.01837859554669676,1.2493839342233443e-05,0.03674469725405129,True,0.21315300096890763,0.4375473366745122
esm2_top4_bilstm_attn,train,1,evidence_dominated,all_eligible_queries,direct_putative_polar_contact_count,180,327,0.044354433362180444,0.005744736619661718,0.08296413010469916,True,0.29973169689703033,0.5554453824960945
esm2_top4_bilstm_attn,train,1,evidence_dominated,all_eligible_queries,disorder,184,342,-0.032798200430137585,-0.0454880130105139,-0.020108387849761267,True,0.08969175230287545,0.22384230167819966
esm2_top4_bilstm_attn,train,1,evidence_dominated,all_eligible_queries,mean_query_contact_water_degree,165,309,-0.022519404445931188,-0.06892743445175856,0.02388862555989618,True,0.07687597125332386,0.19571945385751888
esm2_top4_bilstm_attn,train,1,evidence_dominated,all_eligible_queries,minimum_ca_distance_angstrom,180,327,0.8646026884252223,0.04191391498351815,1.6872914618669264,True,0.26349864484456254,0.5021857412103528
esm2_top4_bilstm_attn,train,1,evidence_dominated,all_eligible_queries,minimum_heavy_atom_distance_angstrom,180,327,0.8538050096296059,0.03947947705485799,1.668130542204354,True,0.26349864484456254,0.5021857412103528
esm2_top4_bilstm_attn,train,1,evidence_dominated,all_eligible_queries,minimum_polar_atom_distance_angstrom,180,327,0.7787557006904758,-0.040077270158223155,1.597588671539175,True,0.26349864484456254,0.5021857412103528
esm2_top4_bilstm_attn,train,1,evidence_dominated,all_eligible_queries,neq,184,342,0.47034289744907515,0.4021645476038652,0.5385212472942851,True,3.530927695433125e-31,6.80628348148252e-30
esm2_top4_bilstm_attn,train,1,evidence_dominated,all_eligible_queries,nonlocal_contact_path_exists,180,327,-0.01500973695614646,-0.030779682697384687,0.0007602087850917677,True,0.04872468639868177,0.13831523880916116
esm2_top4_bilstm_attn,train,1,evidence_dominated,all_eligible_queries,normalized_query_position,184,342,-0.005066675204006737,-0.023071460021815773,0.012938109613802297,True,0.7125307737127086,0.9918585185656961
esm2_top4_bilstm_attn,train,1,evidence_dominated,all_eligible_queries,one_water_bridge,180,327,0.0004216611759362381,-0.009359400987515198,0.010202723339387675,True,0.1945051658673991,0.4066926195409254
esm2_top4_bilstm_attn,train,1,evidence_dominated,all_eligible_queries,ordinary_contact_path_exists,180,327,0.0,0.0,0.0,True,1.0,1.0
esm2_top4_bilstm_attn,train,1,evidence_dominated,all_eligible_queries,query_distance_to_band_domain_boundary_sequence,180,327,3.0155091154610387,0.17544939981116014,5.855568831110917,True,0.03036953944689131,0.09271183686351132
esm2_top4_bilstm_attn,train,1,evidence_dominated,all_eligible_queries,query_distance_to_community_boundary_edges,180,326,0.29467891138849417,0.1995345949832652,0.38982322779372314,True,1.6241054719807776e-07,1.0208662966736315e-06
esm2_top4_bilstm_attn,train,1,evidence_dominated,all_eligible_queries,query_distance_to_ecod_boundary_sequence,180,327,2.549709254521051,0.372355762776293,4.727062746265808,True,0.0035332037055875853,0.013416893621218147
esm2_top4_bilstm_attn,train,1,evidence_dominated,all_eligible_queries,query_in_any_band,184,342,0.4789531787017343,0.4167360638986095,0.5411702935048591,True,1.8659401207770094e-22,2.6045950375535636e-21
esm2_top4_bilstm_attn,train,1,evidence_dominated,all_eligible_queries,query_to_band_contact_count,180,327,0.0555291746558589,-0.008299146231217795,0.1193574955429356,True,1.0,1.0
esm2_top4_bilstm_attn,train,1,evidence_dominated,all_eligible_queries,query_to_band_contact_fraction,180,327,0.014931387397526391,-0.0018858277670449064,0.03174860256209769,True,0.8603106786164318,1.0
esm2_top4_bilstm_attn,train,1,evidence_dominated,all_eligible_queries,query_water_contact_count,180,327,0.15357375930709494,0.05594409812245997,0.2512034204917299,True,0.023863795943825466,0.07476830184257391
esm2_top4_bilstm_attn,train,1,evidence_dominated,all_eligible_queries,reachable_query_water_entry_count,180,327,0.001921272506640571,-0.00974398335194523,0.013586528365226372,True,0.03341672160209761,0.10020065855206751
esm2_top4_bilstm_attn,train,1,evidence_dominated,all_eligible_queries,relative_backbone_orientation_cosine,180,327,0.0020710074519340246,-0.04720016849973631,0.05134218340360436,True,0.709499742202283,0.9883189801909296
esm2_top4_bilstm_attn,train,1,evidence_dominated,all_eligible_queries,rsa,184,342,0.0787367799812506,0.06263514976269242,0.09483841019980878,True,6.761099047365994e-14,6.136531153304382e-13
esm2_top4_bilstm_attn,train,1,evidence_dominated,all_eligible_queries,same_community_as_band_apex,180,327,0.007508714533601301,-0.02064075384196541,0.03565818290916801,True,0.6208422313416991,0.9072813546827431
esm2_top4_bilstm_attn,train,1,evidence_dominated,all_eligible_queries,same_community_as_band_majority,173,312,0.016130525609538957,-0.014727512590533932,0.04698856380961185,True,1.0,1.0
esm2_top4_bilstm_attn,train,1,evidence_dominated,all_eligible_queries,same_ecod_domain_as_band_apex,180,327,-0.014696955948258974,-0.028476598650090897,-0.0009173132464270501,True,0.01831609751691632,0.060181463269867896
esm2_top4_bilstm_attn,train,1,evidence_dominated,all_eligible_queries,shared_water_count,180,327,0.0001271253337278529,-0.00977229983337533,0.010026550500831037,True,0.1945051658673991,0.4066926195409254
esm2_top4_bilstm_attn,train,1,evidence_dominated,all_eligible_queries,shared_water_fraction_of_band_contacts,180,327,-0.00041717661416787406,-0.0038593045738557195,0.0030249513455199713,True,0.04437092000802569,0.12684568092689832
esm2_top4_bilstm_attn,train,1,evidence_dominated,all_eligible_queries,shared_water_fraction_of_query_contacts,180,327,-0.0011959503946552342,-0.009221628417838905,0.006829727628528436,True,0.12491820036864004,0.2839506172839506
esm2_top4_bilstm_attn,train,1,evidence_dominated,all_eligible_queries,shares_any_ecod_domain_with_band,180,327,-0.014589528160671378,-0.028278990642824707,-0.0009000656785180475,True,0.03299261842647619,0.09907575622431425
esm2_top4_bilstm_attn,train,1,evidence_dominated,all_eligible_queries,shortest_nonlocal_contact_path_edges,177,323,0.3501298145288324,0.1686865341625052,0.5315730948951596,True,0.001055913532406377,0.004452435394980222
esm2_top4_bilstm_attn,train,1,evidence_dominated,all_eligible_queries,shortest_ordinary_contact_path_edges,180,327,0.1782885436679268,0.0214221217147558,0.3351549656210978,True,0.20246043236353478,0.42022626245351463
esm2_top4_bilstm_attn,train,1,evidence_dominated,all_eligible_queries,torsion_change_from_previous,184,342,12.94167429825925,8.759664328527442,17.123684267991056,True,8.294072975022163e-09,5.7490423635085134e-08
esm2_top4_bilstm_attn,train,1,evidence_dominated,all_eligible_queries,water_path_at_most_1,180,327,0.0004216611759362381,-0.009359400987515198,0.010202723339387675,True,0.1945051658673991,0.4066926195409254
esm2_top4_bilstm_attn,train,1,evidence_dominated,all_eligible_queries,water_path_at_most_2,180,327,0.0026454671935098625,-0.008094791360862991,0.013385725747882717,True,0.017827552929735955,0.05867149126794402
esm2_top4_bilstm_attn,train,1,evidence_dominated,all_eligible_queries,water_path_at_most_3,180,327,0.0028536459279918363,-0.007926831378431122,0.013634123234414795,True,0.04221061162240417,0.12204896846249434
esm2_top4_bilstm_attn,train,1,evidence_dominated,all_eligible_queries,water_path_exists,180,327,0.002004863801778236,-0.008872109907353312,0.012881837510909785,True,0.04221061162240417,0.12204896846249434
esm2_top4_bilstm_attn,train,1,evidence_dominated,all_eligible_queries,water_path_without_direct_ca_contact,180,327,0.004640336374765166,-0.002778262772698982,0.012058935522229315,True,0.022574972673257185,0.07139335107917585
esm2_top4_bilstm_attn,train,1,evidence_dominated,all_eligible_queries,water_path_without_direct_polar_contact,180,327,0.0002256661056328671,-0.009139086825766755,0.009590419037032488,True,0.0198269158458416,0.06472528656771515
esm2_top4_bilstm_attn,train,1,evidence_dominated,sequence_distal_ge21,absolute_backbone_orientation_cosine,170,316,-0.000443523348539537,-0.023112547708446812,0.022225501011367742,True,0.8181059679029441,1.0
esm2_top4_bilstm_attn,train,1,evidence_dominated,sequence_distal_ge21,absolute_sequence_separation,176,333,-3.0482850687893017,-6.074026179017064,-0.022543958561539235,True,0.0019140644827520278,0.007656257931008111
esm2_top4_bilstm_attn,train,1,evidence_dominated,sequence_distal_ge21,band_water_contact_count,171,317,0.0,0.0,0.0,True,1.0,1.0
esm2_top4_bilstm_attn,train,1,evidence_dominated,sequence_distal_ge21,direct_ca_contact,171,317,0.006995739128562431,-0.010769029252428659,0.02476050750955352,True,0.17564027334487992,0.3765846538665646
esm2_top4_bilstm_attn,train,1,evidence_dominated,sequence_distal_ge21,direct_putative_polar_contact,171,317,0.008858806903281771,-0.004402020214794819,0.02211963402135836,True,0.3018724904870079,0.5554453824960945
esm2_top4_bilstm_attn,train,1,evidence_dominated,sequence_distal_ge21,direct_putative_polar_contact_count,171,317,0.009064557154130898,-0.004556363932801054,0.022685478241062852,True,0.20673684180839247,0.4269748651226391
esm2_top4_bilstm_attn,train,1,evidence_dominated,sequence_distal_ge21,disorder,176,333,-0.03689366748928529,-0.054051631607878216,-0.019735703370692366,True,0.028531380747815673,0.08762900551377682
esm2_top4_bilstm_attn,train,1,evidence_dominated,sequence_distal_ge21,mean_query_contact_water_degree,161,301,-0.028419430344051057,-0.07598988034439058,0.01915101965628847,True,0.25763377654672176,0.4947350699530976
esm2_top4_bilstm_attn,train,1,evidence_dominated,sequence_distal_ge21,minimum_ca_distance_angstrom,171,317,0.5195040934787183,-0.44700660156669436,1.4860147885241308,True,0.44453285730016684,0.7314087567047796
esm2_top4_bilstm_attn,train,1,evidence_dominated,sequence_distal_ge21,minimum_heavy_atom_distance_angstrom,171,317,0.5271786272659682,-0.44442479332009643,1.4987820478520328,True,0.2843136579753461,0.5313488861884584
esm2_top4_bilstm_attn,train,1,evidence_dominated,sequence_distal_ge21,minimum_polar_atom_distance_angstrom,171,317,0.36470904296170165,-0.6022344228909875,1.3316525088143907,True,0.3588342158008439,0.6332000460164847
esm2_top4_bilstm_attn,train,1,evidence_dominated,sequence_distal_ge21,neq,176,333,0.459362966975363,0.38017784128658355,0.5385480926641425,True,6.0142623008524104e-24,8.88530430432502e-23
esm2_top4_bilstm_attn,train,1,evidence_dominated,sequence_distal_ge21,nonlocal_contact_path_exists,171,317,-0.007909671149060027,-0.023343504869944923,0.00752416257182487,True,0.05044215663996969,0.14104375461376872
esm2_top4_bilstm_attn,train,1,evidence_dominated,sequence_distal_ge21,normalized_query_position,176,333,0.0033154612445147114,-0.018368098813804183,0.02499902130283361,True,0.5978724490556658,0.8832801729114363
esm2_top4_bilstm_attn,train,1,evidence_dominated,sequence_distal_ge21,one_water_bridge,171,317,0.010375028631830074,-0.008055936775202445,0.028805994038862595,True,0.09246098107292373,0.22766548137663944
esm2_top4_bilstm_attn,train,1,evidence_dominated,sequence_distal_ge21,ordinary_contact_path_exists,171,317,0.0,0.0,0.0,True,1.0,1.0
esm2_top4_bilstm_attn,train,1,evidence_dominated,sequence_distal_ge21,query_distance_to_band_domain_boundary_sequence,171,317,2.541025443844816,-0.8466939231465092,5.928744810836141,True,0.2210112486397079,0.4491232602879205
esm2_top4_bilstm_attn,train,1,evidence_dominated,sequence_distal_ge21,query_distance_to_community_boundary_edges,171,316,0.2973623483475676,0.19004639429480996,0.4046783024003252,True,5.480870276242312e-08,3.578477883585303e-07
esm2_top4_bilstm_attn,train,1,evidence_dominated,sequence_distal_ge21,query_distance_to_ecod_boundary_sequence,171,317,2.1060143852238316,-0.39621770542147816,4.608246475869141,True,0.04646442599480414,0.1322700396814115
esm2_top4_bilstm_attn,train,1,evidence_dominated,sequence_distal_ge21,query_in_any_band,176,333,0.488097333368566,0.4224501502517425,0.5537445164853895,True,2.7276165626071624e-21,3.730199947781687e-20
esm2_top4_bilstm_attn,train,1,evidence_dominated,sequence_distal_ge21,query_to_band_contact_count,171,317,0.006671477827478826,-0.020541726530697007,0.03388468218565466,True,0.12151242187624421,0.27884483206067834
esm2_top4_bilstm_attn,train,1,evidence_dominated,sequence_distal_ge21,query_to_band_contact_fraction,171,317,0.003535899933271851,-0.003192996650683425,0.010264796517227127,True,0.3337051161974391,0.6052142967595131
esm2_top4_bilstm_attn,train,1,evidence_dominated,sequence_distal_ge21,query_water_contact_count,171,317,0.10296150512680731,0.03200659756881831,0.1739164126847963,True,0.0369268042770572,0.10895022136554484
esm2_top4_bilstm_attn,train,1,evidence_dominated,sequence_distal_ge21,reachable_query_water_entry_count,171,317,0.014526909910767933,-0.006709498096732871,0.035763317918268735,True,0.08878242522208005,0.22239558001174506
esm2_top4_bilstm_attn,train,1,evidence_dominated,sequence_distal_ge21,relative_backbone_orientation_cosine,170,316,0.006307396198368095,-0.04216847876810969,0.054783271164845875,True,0.3187412841052537,0.5827027951512298
esm2_top4_bilstm_attn,train,1,evidence_dominated,sequence_distal_ge21,rsa,176,333,0.07180664612954173,0.05389905190934993,0.08971424034973352,True,6.72846383705784e-12,5.6507928656452563e-11
esm2_top4_bilstm_attn,train,1,evidence_dominated,sequence_distal_ge21,same_community_as_band_apex,171,317,0.021084302816343374,-0.005408699005450986,0.04757730463813774,True,0.9312017456335951,1.0
esm2_top4_bilstm_attn,train,1,evidence_dominated,sequence_distal_ge21,same_community_as_band_majority,165,303,0.03225952230220278,0.0021787138125804253,0.06234033079182514,True,0.5542689157763171,0.8378654667031004
esm2_top4_bilstm_attn,train,1,evidence_dominated,sequence_distal_ge21,same_ecod_domain_as_band_apex,171,317,-0.00853257138232438,-0.026747884405741384,0.009682741641092625,True,0.21851803947870374,0.4449748743718593
esm2_top4_bilstm_attn,train,1,evidence_dominated,sequence_distal_ge21,shared_water_count,171,317,0.009715437373332025,-0.008961673644259972,0.028392548390924022,True,0.09246098107292373,0.22766548137663944
esm2_top4_bilstm_attn,train,1,evidence_dominated,sequence_distal_ge21,shared_water_fraction_of_band_contacts,171,317,0.002556456433487283,-0.001907090056837037,0.007020002923811603,True,0.051893895928921435,0.14447489045410866
esm2_top4_bilstm_attn,train,1,evidence_dominated,sequence_distal_ge21,shared_water_fraction_of_query_contacts,171,317,0.006050432155116025,-0.008734096966823812,0.020834961277055863,True,0.09246098107292373,0.22766548137663944
esm2_top4_bilstm_attn,train,1,evidence_dominated,sequence_distal_ge21,shares_any_ecod_domain_with_band,171,317,-0.008496233648097087,-0.026678706250012584,0.009686238953818408,True,0.21851803947870374,0.4449748743718593
esm2_top4_bilstm_attn,train,1,evidence_dominated,sequence_distal_ge21,shortest_nonlocal_contact_path_edges,168,313,0.27495702630909935,0.06400268632838296,0.48591136628981574,True,0.024103430673146863,0.07533635589995502
esm2_top4_bilstm_attn,train,1,evidence_dominated,sequence_distal_ge21,shortest_ordinary_contact_path_edges,171,317,0.08664760137953201,-0.09670285640084963,0.26999805915991365,True,0.24988603184543695,0.4814462416745956
esm2_top4_bilstm_attn,train,1,evidence_dominated,sequence_distal_ge21,torsion_change_from_previous,176,333,11.968390201256863,7.380087900986094,16.556692501527632,True,7.17136061265075e-06,3.880971625669818e-05
esm2_top4_bilstm_attn,train,1,evidence_dominated,sequence_distal_ge21,water_path_at_most_1,171,317,0.010375028631830074,-0.008055936775202445,0.028805994038862595,True,0.09246098107292373,0.22766548137663944
esm2_top4_bilstm_attn,train,1,evidence_dominated,sequence_distal_ge21,water_path_at_most_2,171,317,0.01433892665511108,-0.006206563195025329,0.03488441650524749,True,0.050452410247217666,0.14104375461376872
esm2_top4_bilstm_attn,train,1,evidence_dominated,sequence_distal_ge21,water_path_at_most_3,171,317,0.01452975133641915,-0.006043708851187213,0.03510321152402551,True,0.06754925145902677,0.1755066559089476
esm2_top4_bilstm_attn,train,1,evidence_dominated,sequence_distal_ge21,water_path_exists,171,317,0.013980673012074231,-0.0066063878193228145,0.034567733843471275,True,0.053544392168502264,0.14764829666082913
esm2_top4_bilstm_attn,train,1,evidence_dominated,sequence_distal_ge21,water_path_without_direct_ca_contact,171,317,0.016377993859037092,-0.0025913776058013663,0.03534736532387555,True,0.027340133868077935,0.08422592229678805
esm2_top4_bilstm_attn,train,1,evidence_dominated,sequence_distal_ge21,water_path_without_direct_polar_contact,171,317,0.008246517203462556,-0.008503889139412893,0.024996923546338007,True,0.04739297550405176,0.1347238517137651
esm2_top4_bilstm_attn,train,1,evidence_dominated,sequence_distal_ge21_no_direct_ca,absolute_backbone_orientation_cosine,169,315,-0.0026858952463882394,-0.025299163656716073,0.019927373163939593,True,1.0,1.0
esm2_top4_bilstm_attn,train,1,evidence_dominated,sequence_distal_ge21_no_direct_ca,absolute_sequence_separation,170,316,-1.1286797004772213,-4.312441814762244,2.055082413807802,True,0.07742063790014964,0.196611507038774
esm2_top4_bilstm_attn,train,1,evidence_dominated,sequence_distal_ge21_no_direct_ca,band_water_contact_count,170,316,0.0,0.0,0.0,True,1.0,1.0
esm2_top4_bilstm_attn,train,1,evidence_dominated,sequence_distal_ge21_no_direct_ca,direct_ca_contact,170,316,0.0,0.0,0.0,True,1.0,1.0
esm2_top4_bilstm_attn,train,1,evidence_dominated,sequence_distal_ge21_no_direct_ca,direct_putative_polar_contact,170,316,0.009849241087091419,-0.0021647685978422506,0.02186325077202509,True,0.48685024166479707,0.775893613487834
esm2_top4_bilstm_attn,train,1,evidence_dominated,sequence_distal_ge21_no_direct_ca,direct_putative_polar_contact_count,170,316,0.010302683775209718,-0.0019533871829175205,0.022558754733336954,True,0.48685024166479707,0.775893613487834
esm2_top4_bilstm_attn,train,1,evidence_dominated,sequence_distal_ge21_no_direct_ca,disorder,170,316,-0.017104626811249937,-0.03439817271965428,0.00018891909715440525,True,0.49013856710390075,0.7766675710918516
esm2_top4_bilstm_attn,train,1,evidence_dominated,sequence_distal_ge21_no_direct_ca,mean_query_contact_water_degree,160,298,-0.04446757603999567,-0.0917898897625769,0.0028547376825855675,True,0.16772199317919745,0.3646286940866763
esm2_top4_bilstm_attn,train,1,evidence_dominated,sequence_distal_ge21_no_direct_ca,minimum_ca_distance_angstrom,170,316,0.7134907095031578,-0.24106948669999095,1.6680509057063067,True,0.19213646543397744,0.4038257591260336
esm2_top4_bilstm_attn,train,1,evidence_dominated,sequence_distal_ge21_no_direct_ca,minimum_heavy_atom_distance_angstrom,170,316,0.7049843358283395,-0.26194129904447516,1.6719099707011542,True,0.05486518238547441,0.15108452945333362
esm2_top4_bilstm_attn,train,1,evidence_dominated,sequence_distal_ge21_no_direct_ca,minimum_polar_atom_distance_angstrom,170,316,0.5327527942539486,-0.42940967905267635,1.4949152675605735,True,0.10698657283154892,0.2571743745974525
esm2_top4_bilstm_attn,train,1,evidence_dominated,sequence_distal_ge21_no_direct_ca,neq,170,316,0.41618393622458627,0.34421501340005967,0.4881528590491129,True,5.787105603709877e-25,9.079923830937047e-24
esm2_top4_bilstm_attn,train,1,evidence_dominated,sequence_distal_ge21_no_direct_ca,nonlocal_contact_path_exists,170,316,-0.007594391528276997,-0.023479998176989716,0.008291215120435722,True,0.05044215663996969,0.14104375461376872
esm2_top4_bilstm_attn,train,1,evidence_dominated,sequence_distal_ge21_no_direct_ca,normalized_query_position,170,316,-0.0015680384436683713,-0.024809478192969033,0.021673401305632292,True,0.49013856710390075,0.7766675710918516
esm2_top4_bilstm_attn,train,1,evidence_dominated,sequence_distal_ge21_no_direct_ca,one_water_bridge,170,316,0.013711236935334126,-0.0029055647847766753,0.03032803865544493,True,0.11018416518345475,0.2590159701873547
esm2_top4_bilstm_attn,train,1,evidence_dominated,sequence_distal_ge21_no_direct_ca,ordinary_contact_path_exists,170,316,0.0,0.0,0.0,True,1.0,1.0
esm2_top4_bilstm_attn,train,1,evidence_dominated,sequence_distal_ge21_no_direct_ca,query_distance_to_band_domain_boundary_sequence,170,316,2.5780885246018177,-0.8554535263831067,6.011630575586742,True,0.07742063790014964,0.196611507038774
esm2_top4_bilstm_attn,train,1,evidence_dominated,sequence_distal_ge21_no_direct_ca,query_distance_to_community_boundary_edges,170,315,0.2960006176355102,0.18693331766553195,0.4050679176054885,True,1.3453155550924256e-07,8.509120885959592e-07
esm2_top4_bilstm_attn,train,1,evidence_dominated,sequence_distal_ge21_no_direct_ca,query_distance_to_ecod_boundary_sequence,170,316,1.9568537452735153,-0.569577147725657,4.483284638272687,True,0.02584438758134155,0.07986113048035924
esm2_top4_bilstm_attn,train,1,evidence_dominated,sequence_distal_ge21_no_direct_ca,query_in_any_band,170,316,0.4784586760152281,0.4101127387952309,0.5468046132352253,True,1.1168246866075574e-19,1.41278322855856e-18
esm2_top4_bilstm_attn,train,1,evidence_dominated,sequence_distal_ge21_no_direct_ca,query_to_band_contact_count,170,316,0.0,0.0,0.0,True,1.0,1.0
esm2_top4_bilstm_attn,train,1,evidence_dominated,sequence_distal_ge21_no_direct_ca,query_to_band_contact_fraction,170,316,0.0,0.0,0.0,True,1.0,1.0
esm2_top4_bilstm_attn,train,1,evidence_dominated,sequence_distal_ge21_no_direct_ca,query_water_contact_count,170,316,0.1087729361519969,0.03626457932554693,0.18128129297844686,True,0.010212663152631519,0.03563867279470033
esm2_top4_bilstm_attn,train,1,evidence_dominated,sequence_distal_ge21_no_direct_ca,reachable_query_water_entry_count,170,316,0.016685440485985054,-0.002715658400712334,0.03608653937268244,True,0.024746035842440804,0.07693698394024606
esm2_top4_bilstm_attn,train,1,evidence_dominated,sequence_distal_ge21_no_direct_ca,relative_backbone_orientation_cosine,169,315,0.002956824798804677,-0.04541080974357905,0.05132445934118841,True,0.12368263020457412,0.2819072562320473
esm2_top4_bilstm_attn,train,1,evidence_dominated,sequence_distal_ge21_no_direct_ca,rsa,170,316,0.08501371556659056,0.06617332939709573,0.10385410173608538,True,2.6303475013325162e-12,2.2463389631632964e-11
esm2_top4_bilstm_attn,train,1,evidence_dominated,sequence_distal_ge21_no_direct_ca,same_community_as_band_apex,170,316,0.008667568428545148,-0.014881579504221903,0.032216716361312195,True,0.48135410525756583,0.7732227849534232
esm2_top4_bilstm_attn,train,1,evidence_dominated,sequence_distal_ge21_no_direct_ca,same_community_as_band_majority,164,302,0.020452629014183932,-0.0068939960306231216,0.047799254058990985,True,1.0,1.0
esm2_top4_bilstm_attn,train,1,evidence_dominated,sequence_distal_ge21_no_direct_ca,same_ecod_domain_as_band_apex,170,316,-0.007499035701287834,-0.02606030451657913,0.01106223311400346,True,0.3681876338306311,0.6463241724832588
esm2_top4_bilstm_attn,train,1,evidence_dominated,sequence_distal_ge21_no_direct_ca,shared_water_count,170,316,0.01363421094987323,-0.002985430498258848,0.030253852398005307,True,0.050102459732443094,0.1408435812478678
esm2_top4_bilstm_attn,train,1,evidence_dominated,sequence_distal_ge21_no_direct_ca,shared_water_fraction_of_band_contacts,170,316,0.0035318865943730557,-0.0003614767427198209,0.007425249931465932,True,0.11018416518345475,0.2590159701873547
esm2_top4_bilstm_attn,train,1,evidence_dominated,sequence_distal_ge21_no_direct_ca,shared_water_fraction_of_query_contacts,170,316,0.009313659358334435,-0.0037079896441211367,0.022335308360790007,True,0.050102459732443094,0.1408435812478678
esm2_top4_bilstm_attn,train,1,evidence_dominated,sequence_distal_ge21_no_direct_ca,shares_any_ecod_domain_with_band,170,316,-0.0075170867174140284,-0.02604391833897094,0.011009744904142886,True,0.3681876338306311,0.6463241724832588
esm2_top4_bilstm_attn,train,1,evidence_dominated,sequence_distal_ge21_no_direct_ca,shortest_nonlocal_contact_path_edges,167,312,0.3233423584470186,0.12101151047817027,0.5256732064158669,True,0.002224800835962113,0.008777771719273523
esm2_top4_bilstm_attn,train,1,evidence_dominated,sequence_distal_ge21_no_direct_ca,shortest_ordinary_contact_path_edges,170,316,0.13152320429908126,-0.0467904605710831,0.30983686916924563,True,0.21829362198505045,0.4449748743718593
esm2_top4_bilstm_attn,train,1,evidence_dominated,sequence_distal_ge21_no_direct_ca,torsion_change_from_previous,170,316,11.506797822463843,6.806286598893085,16.207309046034602,True,8.152473202823978e-05,0.00039760495813290924
esm2_top4_bilstm_attn,train,1,evidence_dominated,sequence_distal_ge21_no_direct_ca,water_path_at_most_1,170,316,0.013711236935334126,-0.0029055647847766753,0.03032803865544493,True,0.11018416518345475,0.2590159701873547
esm2_top4_bilstm_attn,train,1,evidence_dominated,sequence_distal_ge21_no_direct_ca,water_path_at_most_2,170,316,0.016837830670444254,-0.0021739970812349532,0.03584965842212346,True,0.0759047294891014,0.19349014166995118
esm2_top4_bilstm_attn,train,1,evidence_dominated,sequence_distal_ge21_no_direct_ca,water_path_at_most_3,170,316,0.016657981003091366,-0.0023984723307821643,0.0357144343369649,True,0.044046546102150766,0.1260964771014896
esm2_top4_bilstm_attn,train,1,evidence_dominated,sequence_distal_ge21_no_direct_ca,water_path_exists,170,316,0.01609044701887715,-0.0029973503468080746,0.03517824438456238,True,0.024746035842440804,0.07693698394024606
esm2_top4_bilstm_attn,train,1,evidence_dominated,sequence_distal_ge21_no_direct_ca,water_path_without_direct_ca_contact,170,316,0.01609044701887715,-0.0029973503468080746,0.03517824438456238,True,0.024746035842440804,0.07693698394024606
esm2_top4_bilstm_attn,train,1,evidence_dominated,sequence_distal_ge21_no_direct_ca,water_path_without_direct_polar_contact,170,316,0.009276436342125813,-0.0058663515339619065,0.024419224218213534,True,0.009073340339587174,0.03188270980438271
esm2_top4_bilstm_attn,train,1,combined,all_eligible_queries,shortest_water_path_water_count,96,124,-0.20917245253092712,-0.4292016420503201,0.010856736988465815,True,0.11892045255943628,0.27507999540605604
esm2_top4_bilstm_attn,train,1,combined,sequence_distal_ge21,shortest_water_path_water_count,62,80,-0.31070788380920245,-0.6401503337172798,0.01873456609887486,True,0.14330665429588407,0.3166514555786532
esm2_top4_bilstm_attn,train,1,consultation_dominated,all_eligible_queries,absolute_backbone_orientation_cosine,27,31,-0.039209816752024625,-0.1079115007418299,0.029491867237780654,True,0.12207812070846558,0.27887823511730736
esm2_top4_bilstm_attn,train,1,consultation_dominated,all_eligible_queries,absolute_sequence_separation,27,31,-5.958483512145981,-11.72460418992204,-0.19236283436992263,True,0.7011080384254456,0.9786501170848978
esm2_top4_bilstm_attn,train,1,consultation_dominated,all_eligible_queries,band_water_contact_count,27,31,0.0,0.0,0.0,True,1.0,1.0
esm2_top4_bilstm_attn,train,1,consultation_dominated,all_eligible_queries,direct_ca_contact,27,31,0.02078110186360133,-0.07455096807497037,0.11611317180217302,True,0.34375,0.6092381786339754
esm2_top4_bilstm_attn,train,1,consultation_dominated,all_eligible_queries,direct_putative_polar_contact,27,31,0.017482363605112947,-0.08906854302961441,0.1240332702398403,True,0.75390625,1.0
esm2_top4_bilstm_attn,train,1,consultation_dominated,all_eligible_queries,direct_putative_polar_contact_count,27,31,0.08847001719024078,-0.08315251648534497,0.2600925508658265,True,0.34375,0.6092381786339754
esm2_top4_bilstm_attn,train,1,consultation_dominated,all_eligible_queries,disorder,27,31,-0.08623669845426797,-0.1436862750691796,-0.028787121839356333,True,0.12207812070846558,0.27887823511730736
esm2_top4_bilstm_attn,train,1,consultation_dominated,all_eligible_queries,mean_query_contact_water_degree,22,25,-0.03052801168476692,-0.32797718966879147,0.2669211662992576,True,0.5034446716308594,0.7784354586561187
esm2_top4_bilstm_attn,train,1,consultation_dominated,all_eligible_queries,minimum_ca_distance_angstrom,27,31,0.6448583296787592,-2.326954594749738,3.6166712541072563,True,0.7011080384254456,0.9786501170848978
esm2_top4_bilstm_attn,train,1,consultation_dominated,all_eligible_queries,minimum_heavy_atom_distance_angstrom,27,31,0.8376663467030464,-2.1787701744370156,3.854102867843108,True,0.7011080384254456,0.9786501170848978
esm2_top4_bilstm_attn,train,1,consultation_dominated,all_eligible_queries,minimum_polar_atom_distance_angstrom,27,31,0.8274267823607834,-2.2347005283850203,3.889554093106587,True,0.7011080384254456,0.9786501170848978
esm2_top4_bilstm_attn,train,1,consultation_dominated,all_eligible_queries,neq,27,31,0.9079479839031802,0.6000170916656329,1.2158788761407275,True,4.172325134277344e-07,2.5359717933265295e-06
esm2_top4_bilstm_attn,train,1,consultation_dominated,all_eligible_queries,nonlocal_contact_path_exists,27,31,-0.04660573935312499,-0.12914983560736962,0.035938356901119635,True,0.266845703125,0.5054106109263061
esm2_top4_bilstm_attn,train,1,consultation_dominated,all_eligible_queries,normalized_query_position,27,31,0.053226372427719736,-0.028575503668052803,0.13502824852349227,True,0.052238985896110535,0.1450366357389955
esm2_top4_bilstm_attn,train,1,consultation_dominated,all_eligible_queries,one_water_bridge,27,31,-0.008201058402105612,-0.02015018875614924,0.0037480719519380184,True,0.5,0.7766675710918516
esm2_top4_bilstm_attn,train,1,consultation_dominated,all_eligible_queries,ordinary_contact_path_exists,27,31,0.0,0.0,0.0,True,1.0,1.0
esm2_top4_bilstm_attn,train,1,consultation_dominated,all_eligible_queries,query_distance_to_band_domain_boundary_sequence,27,31,6.6050290961324425,-0.4828363923489043,13.69289458461379,True,0.12207812070846558,0.27887823511730736
esm2_top4_bilstm_attn,train,1,consultation_dominated,all_eligible_queries,query_distance_to_community_boundary_edges,26,30,0.3393415733535066,0.025216252355751645,0.6534668943512616,True,0.10775214433670044,0.25786209695180007
esm2_top4_bilstm_attn,train,1,consultation_dominated,all_eligible_queries,query_distance_to_ecod_boundary_sequence,27,31,7.504479714381842,0.8879657723902632,14.12099365637342,True,0.44206833839416504,0.7298093938905302
esm2_top4_bilstm_attn,train,1,consultation_dominated,all_eligible_queries,query_in_any_band,27,31,0.5167830530170086,0.35435120046983226,0.6792149055641848,True,1.9431114196777344e-05,0.00010162422515317143
esm2_top4_bilstm_attn,train,1,consultation_dominated,all_eligible_queries,query_to_band_contact_count,27,31,0.12976767425444513,-0.055085155319980955,0.3146205038288712,True,0.34375,0.6092381786339754
esm2_top4_bilstm_attn,train,1,consultation_dominated,all_eligible_queries,query_to_band_contact_fraction,27,31,0.039630620837606365,-0.006813025563504965,0.0860742672387177,True,0.34375,0.6092381786339754
esm2_top4_bilstm_attn,train,1,consultation_dominated,all_eligible_queries,query_water_contact_count,27,31,0.3255102398341576,-0.12476050110188364,0.7757809807701989,True,0.5412561893463135,0.8274188272182315
esm2_top4_bilstm_attn,train,1,consultation_dominated,all_eligible_queries,reachable_query_water_entry_count,27,31,-0.04068195192840855,-0.13046102866714548,0.049097124810328366,True,0.6875,0.965862270212767
esm2_top4_bilstm_attn,train,1,consultation_dominated,all_eligible_queries,relative_backbone_orientation_cosine,27,31,0.004862943251805051,-0.13697543530694975,0.14670132181055986,True,0.44206833839416504,0.7298093938905302
esm2_top4_bilstm_attn,train,1,consultation_dominated,all_eligible_queries,rsa,27,31,0.0784426396084395,0.03436028587412768,0.12252499334275133,True,0.0015137195587158203,0.006164523917184749
esm2_top4_bilstm_attn,train,1,consultation_dominated,all_eligible_queries,same_community_as_band_apex,27,31,-0.026967326304856157,-0.16443663053464466,0.11050197792493235,True,0.237884521484375,0.4742309741624114
esm2_top4_bilstm_attn,train,1,consultation_dominated,all_eligible_queries,same_community_as_band_majority,25,28,0.022732430039180636,-0.1412367756425683,0.18670163572092957,True,0.09625244140625,0.234716796875
esm2_top4_bilstm_attn,train,1,consultation_dominated,all_eligible_queries,same_ecod_domain_as_band_apex,27,31,0.040371973205495765,-0.018033387011124474,0.098777333422116,True,0.375,0.6470588235294118
esm2_top4_bilstm_attn,train,1,consultation_dominated,all_eligible_queries,shared_water_count,27,31,-0.01084656116587144,-0.02637227959029241,0.004679157258549532,True,0.5,0.7766675710918516
esm2_top4_bilstm_attn,train,1,consultation_dominated,all_eligible_queries,shared_water_fraction_of_band_contacts,27,31,-0.004908877344411093,-0.012303714077715022,0.002485959388892835,True,0.5,0.7766675710918516
esm2_top4_bilstm_attn,train,1,consultation_dominated,all_eligible_queries,shared_water_fraction_of_query_contacts,27,31,-0.004556143633377404,-0.011711029861240518,0.002598742594485709,True,0.5,0.7766675710918516
esm2_top4_bilstm_attn,train,1,consultation_dominated,all_eligible_queries,shares_any_ecod_domain_with_band,27,31,0.040371973205495765,-0.018033387011124474,0.098777333422116,True,0.375,0.6470588235294118
esm2_top4_bilstm_attn,train,1,consultation_dominated,all_eligible_queries,shortest_nonlocal_contact_path_edges,26,30,0.25917497012350293,-0.38618677705413534,0.9045367173011412,True,1.0,1.0
esm2_top4_bilstm_attn,train,1,consultation_dominated,all_eligible_queries,shortest_ordinary_contact_path_edges,27,31,0.09956907696194117,-0.43418713975831025,0.6333252936821926,True,0.557197093963623,0.8378654667031004
esm2_top4_bilstm_attn,train,1,consultation_dominated,all_eligible_queries,torsion_change_from_previous,27,31,19.441074204653805,2.1459973672433037,36.73615104206431,True,0.24778856337070465,0.4814462416745956
esm2_top4_bilstm_attn,train,1,consultation_dominated,all_eligible_queries,water_path_at_most_1,27,31,-0.008201058402105612,-0.02015018875614924,0.0037480719519380184,True,0.5,0.7766675710918516
esm2_top4_bilstm_attn,train,1,consultation_dominated,all_eligible_queries,water_path_at_most_2,27,31,-0.03539094667682432,-0.12399887988950622,0.053216986535857595,True,0.6875,0.965862270212767
esm2_top4_bilstm_attn,train,1,consultation_dominated,all_eligible_queries,water_path_at_most_3,27,31,-0.03539094667682432,-0.12399887988950622,0.053216986535857595,True,0.6875,0.965862270212767
esm2_top4_bilstm_attn,train,1,consultation_dominated,all_eligible_queries,water_path_exists,27,31,-0.03539094667682432,-0.12399887988950622,0.053216986535857595,True,0.6875,0.965862270212767
esm2_top4_bilstm_attn,train,1,consultation_dominated,all_eligible_queries,water_path_without_direct_ca_contact,27,31,-0.012522045982840617,-0.03245705087363647,0.0074129589079552395,True,0.5,0.7766675710918516
esm2_top4_bilstm_attn,train,1,consultation_dominated,all_eligible_queries,water_path_without_direct_polar_contact,27,31,-0.00761316889904654,-0.019688308964974633,0.004461971166881552,True,1.0,1.0
esm2_top4_bilstm_attn,train,1,consultation_dominated,sequence_distal_ge21,absolute_backbone_orientation_cosine,26,29,-0.027960964215871593,-0.13009716465562216,0.07417523622387896,True,0.32693958282470703,0.5945424219561608
esm2_top4_bilstm_attn,train,1,consultation_dominated,sequence_distal_ge21,absolute_sequence_separation,26,29,-8.939657699425975,-16.964875334681544,-0.9144400641704085,True,0.557197093963623,0.8378654667031004
esm2_top4_bilstm_attn,train,1,consultation_dominated,sequence_distal_ge21,band_water_contact_count,26,29,0.0,0.0,0.0,True,1.0,1.0
esm2_top4_bilstm_attn,train,1,consultation_dominated,sequence_distal_ge21,direct_ca_contact,26,29,-0.03628109122674243,-0.11632716069713818,0.043764978243653316,True,1.0,1.0
esm2_top4_bilstm_attn,train,1,consultation_dominated,sequence_distal_ge21,direct_putative_polar_contact,26,29,-0.04824862638130211,-0.12911086386329973,0.0326136111006955,True,0.25,0.4814462416745956
esm2_top4_bilstm_attn,train,1,consultation_dominated,sequence_distal_ge21,direct_putative_polar_contact_count,26,29,-0.05786401099668673,-0.1449797611094979,0.029251739116124456,True,0.25,0.4814462416745956
esm2_top4_bilstm_attn,train,1,consultation_dominated,sequence_distal_ge21,disorder,26,29,-0.09829069320840876,-0.16107202193570677,-0.03550936448111075,True,0.07551869750022888,0.19283086682897496
esm2_top4_bilstm_attn,train,1,consultation_dominated,sequence_distal_ge21,mean_query_contact_water_degree,19,22,-0.089246860852367,-0.4146619114468855,0.23616818974215154,True,0.8145294189453125,1.0
esm2_top4_bilstm_attn,train,1,consultation_dominated,sequence_distal_ge21,minimum_ca_distance_angstrom,26,29,0.11635626890720456,-3.302969115319026,3.535681653133435,True,0.8450189828872681,1.0
esm2_top4_bilstm_attn,train,1,consultation_dominated,sequence_distal_ge21,minimum_heavy_atom_distance_angstrom,26,29,0.1798034081092249,-3.2782282222531838,3.6378350384716334,True,1.0,1.0
esm2_top4_bilstm_attn,train,1,consultation_dominated,sequence_distal_ge21,minimum_polar_atom_distance_angstrom,26,29,-0.07530735089228745,-3.6304570406785484,3.479842338893974,True,1.0,1.0
esm2_top4_bilstm_attn,train,1,consultation_dominated,sequence_distal_ge21,neq,26,29,1.1527831982217491,0.7911278253447122,1.5144385710987862,True,8.046627044677734e-07,4.776062503937752e-06
esm2_top4_bilstm_attn,train,1,consultation_dominated,sequence_distal_ge21,nonlocal_contact_path_exists,26,29,-0.061605060902925626,-0.14806750502722488,0.02485738322137364,True,0.14599609375,0.32119140625
esm2_top4_bilstm_attn,train,1,consultation_dominated,sequence_distal_ge21,normalized_query_position,26,29,0.05881809851803289,-0.032657118685493654,0.15029331572155943,True,0.16863754391670227,0.3650506833020379
esm2_top4_bilstm_attn,train,1,consultation_dominated,sequence_distal_ge21,one_water_bridge,26,29,-0.0037087913459310155,-0.011347190106993721,0.003929607415131691,True,1.0,1.0
esm2_top4_bilstm_attn,train,1,consultation_dominated,sequence_distal_ge21,ordinary_contact_path_exists,26,29,0.0,0.0,0.0,True,1.0,1.0
esm2_top4_bilstm_attn,train,1,consultation_dominated,sequence_distal_ge21,query_distance_to_band_domain_boundary_sequence,26,29,9.023965786664913,-0.4602623627837623,18.50819393611359,True,0.16863754391670227,0.3650506833020379
esm2_top4_bilstm_attn,train,1,consultation_dominated,sequence_distal_ge21,query_distance_to_community_boundary_edges,25,28,0.5820137183864911,0.17502664841256055,0.9890007883604216,True,0.052478790283203125,0.1455028377167166
esm2_top4_bilstm_attn,train,1,consultation_dominated,sequence_distal_ge21,query_distance_to_ecod_boundary_sequence,26,29,11.036490804109816,2.2633089949115917,19.809672613308038,True,0.32693958282470703,0.5945424219561608
esm2_top4_bilstm_attn,train,1,consultation_dominated,sequence_distal_ge21,query_in_any_band,26,29,0.5200560692199727,0.31582377479517537,0.7242883636447701,True,0.0008554458618164062,0.003629816403179049
esm2_top4_bilstm_attn,train,1,consultation_dominated,sequence_distal_ge21,query_to_band_contact_count,26,29,-0.03927082109312789,-0.11981485550999312,0.04127321332373733,True,1.0,1.0
esm2_top4_bilstm_attn,train,1,consultation_dominated,sequence_distal_ge21,query_to_band_contact_fraction,26,29,-0.008340021046117327,-0.024651531350768682,0.007971489258534028,True,1.0,1.0
esm2_top4_bilstm_attn,train,1,consultation_dominated,sequence_distal_ge21,query_water_contact_count,26,29,0.40982163840761554,-0.13275780526488234,0.9524010820801134,True,0.8318119049072266,1.0
esm2_top4_bilstm_attn,train,1,consultation_dominated,sequence_distal_ge21,reachable_query_water_entry_count,26,29,-0.05728021987642233,-0.1394416931416324,0.02488125338878773,True,0.25,0.4814462416745956
esm2_top4_bilstm_attn,train,1,consultation_dominated,sequence_distal_ge21,relative_backbone_orientation_cosine,26,29,-0.02041571907317026,-0.24078998070383617,0.19995854255749562,True,1.0,1.0
esm2_top4_bilstm_attn,train,1,consultation_dominated,sequence_distal_ge21,rsa,26,29,0.0926839696550319,0.03741720740168045,0.14795073190838334,True,0.009355306625366211,0.0328165348522378
esm2_top4_bilstm_attn,train,1,consultation_dominated,sequence_distal_ge21,same_community_as_band_apex,26,29,0.015641985246195235,-0.13788557427792528,0.16916954477031573,True,0.0654296875,0.17109778746770027
esm2_top4_bilstm_attn,train,1,consultation_dominated,sequence_distal_ge21,same_community_as_band_majority,24,26,0.03524905466474592,-0.14295606659831472,0.21345417592780658,True,0.03857421875,0.11266121031746032
esm2_top4_bilstm_attn,train,1,consultation_dominated,sequence_distal_ge21,same_ecod_domain_as_band_apex,26,29,0.052027139239586316,-0.018341910217128506,0.12239618869630114,True,0.375,0.6470588235294118
esm2_top4_bilstm_attn,train,1,consultation_dominated,sequence_distal_ge21,shared_water_count,26,29,-0.006456044215995531,-0.019752516177118245,0.006840427745127183,True,1.0,1.0
esm2_top4_bilstm_attn,train,1,consultation_dominated,sequence_distal_ge21,shared_water_fraction_of_band_contacts,26,29,-0.0037087913459310155,-0.011347190106993721,0.003929607415131691,True,1.0,1.0
esm2_top4_bilstm_attn,train,1,consultation_dominated,sequence_distal_ge21,shared_water_fraction_of_query_contacts,26,29,-0.0014194139422705537,-0.004342751678692298,0.0015039237941511909,True,1.0,1.0
esm2_top4_bilstm_attn,train,1,consultation_dominated,sequence_distal_ge21,shares_any_ecod_domain_with_band,26,29,0.052027139239586316,-0.018341910217128506,0.12239618869630114,True,0.375,0.6470588235294118
esm2_top4_bilstm_attn,train,1,consultation_dominated,sequence_distal_ge21,shortest_nonlocal_contact_path_edges,25,28,0.2953625583648681,-0.4644956346393158,1.055220751369052,True,0.6900379657745361,0.965862270212767
esm2_top4_bilstm_attn,train,1,consultation_dominated,sequence_distal_ge21,shortest_ordinary_contact_path_edges,26,29,-0.024302621682484975,-0.6314547271160714,0.5828494837511015,True,1.0,1.0
esm2_top4_bilstm_attn,train,1,consultation_dominated,sequence_distal_ge21,torsion_change_from_previous,26,29,22.233401009311066,6.725017050107532,37.7417849685146,True,0.07551869750022888,0.19283086682897496
esm2_top4_bilstm_attn,train,1,consultation_dominated,sequence_distal_ge21,water_path_at_most_1,26,29,-0.0037087913459310155,-0.011347190106993721,0.003929607415131691,True,1.0,1.0
esm2_top4_bilstm_attn,train,1,consultation_dominated,sequence_distal_ge21,water_path_at_most_2,26,29,-0.051785714422854096,-0.132651137656217,0.029079708810508795,True,0.25,0.4814462416745956
esm2_top4_bilstm_attn,train,1,consultation_dominated,sequence_distal_ge21,water_path_at_most_3,26,29,-0.051785714422854096,-0.132651137656217,0.029079708810508795,True,0.25,0.4814462416745956
esm2_top4_bilstm_attn,train,1,consultation_dominated,sequence_distal_ge21,water_path_exists,26,29,-0.051785714422854096,-0.132651137656217,0.029079708810508795,True,0.25,0.4814462416745956
esm2_top4_bilstm_attn,train,1,consultation_dominated,sequence_distal_ge21,water_path_without_direct_ca_contact,26,29,-0.013324175961315632,-0.034262486395362536,0.007614134472731272,True,0.5,0.7766675710918516
esm2_top4_bilstm_attn,train,1,consultation_dominated,sequence_distal_ge21,water_path_without_direct_polar_contact,26,29,-0.0037087913459310155,-0.011347190106993721,0.003929607415131691,True,1.0,1.0
esm2_top4_bilstm_attn,train,1,consultation_dominated,sequence_distal_ge21_no_direct_ca,absolute_backbone_orientation_cosine,25,28,-0.015821520785490657,-0.12018540047234025,0.08854235890135895,True,0.42435622215270996,0.7094419857796244
esm2_top4_bilstm_attn,train,1,consultation_dominated,sequence_distal_ge21_no_direct_ca,absolute_sequence_separation,25,28,-9.274168400900106,-17.932968206283014,-0.6153685955171966,True,0.6900379657745361,0.965862270212767
esm2_top4_bilstm_attn,train,1,consultation_dominated,sequence_distal_ge21_no_direct_ca,band_water_contact_count,25,28,0.0,0.0,0.0,True,1.0,1.0
esm2_top4_bilstm_attn,train,1,consultation_dominated,sequence_distal_ge21_no_direct_ca,direct_ca_contact,25,28,0.0,0.0,0.0,True,1.0,1.0
esm2_top4_bilstm_attn,train,1,consultation_dominated,sequence_distal_ge21_no_direct_ca,direct_putative_polar_contact,25,28,-0.01,-0.030638985616280208,0.010638985616280206,True,1.0,1.0
esm2_top4_bilstm_attn,train,1,consultation_dominated,sequence_distal_ge21_no_direct_ca,direct_putative_polar_contact_count,25,28,-0.02,-0.061277971232560416,0.02127797123256041,True,1.0,1.0
esm2_top4_bilstm_attn,train,1,consultation_dominated,sequence_distal_ge21_no_direct_ca,disorder,25,28,-0.06194447928133677,-0.1243582803533718,0.0004693217906982655,True,0.6900379657745361,0.965862270212767
esm2_top4_bilstm_attn,train,1,consultation_dominated,sequence_distal_ge21_no_direct_ca,mean_query_contact_water_degree,18,21,0.014905691008876867,-0.23747877237397338,0.2672901543917271,True,0.629058837890625,0.9126989877352151
esm2_top4_bilstm_attn,train,1,consultation_dominated,sequence_distal_ge21_no_direct_ca,minimum_ca_distance_angstrom,25,28,-0.7486189206441243,-4.1794087586084485,2.6821709173201995,True,0.6900379657745361,0.965862270212767
esm2_top4_bilstm_attn,train,1,consultation_dominated,sequence_distal_ge21_no_direct_ca,minimum_heavy_atom_distance_angstrom,25,28,-0.6834285481770834,-4.151832647409693,2.7849755510555263,True,1.0,1.0
esm2_top4_bilstm_attn,train,1,consultation_dominated,sequence_distal_ge21_no_direct_ca,minimum_polar_atom_distance_angstrom,25,28,-1.0332553799947104,-4.5137926154656745,2.4472818554762537,True,1.0,1.0
esm2_top4_bilstm_attn,train,1,consultation_dominated,sequence_distal_ge21_no_direct_ca,neq,25,28,1.1857908707300904,0.7995671496026686,1.5720145918575121,True,1.5497207641601562e-06,8.961813790457589e-06
esm2_top4_bilstm_attn,train,1,consultation_dominated,sequence_distal_ge21_no_direct_ca,nonlocal_contact_path_exists,25,28,-0.06518037418524424,-0.1547920226962476,0.02443127432575913,True,0.14599609375,0.32119140625
esm2_top4_bilstm_attn,train,1,consultation_dominated,sequence_distal_ge21_no_direct_ca,normalized_query_position,25,28,0.02700474107170137,-0.06859873878677483,0.12260822093017756,True,1.0,1.0
esm2_top4_bilstm_attn,train,1,consultation_dominated,sequence_distal_ge21_no_direct_ca,one_water_bridge,25,28,-0.003857142999768256,-0.011817894888983549,0.004103608889447036,True,1.0,1.0
esm2_top4_bilstm_attn,train,1,consultation_dominated,sequence_distal_ge21_no_direct_ca,ordinary_contact_path_exists,25,28,0.0,0.0,0.0,True,1.0,1.0
esm2_top4_bilstm_attn,train,1,consultation_dominated,sequence_distal_ge21_no_direct_ca,query_distance_to_band_domain_boundary_sequence,25,28,7.793402404785156,-1.5870895952078632,17.173894404778174,True,0.10775214433670044,0.25786209695180007
esm2_top4_bilstm_attn,train,1,consultation_dominated,sequence_distal_ge21_no_direct_ca,query_distance_to_community_boundary_edges,24,27,0.5689451662409636,0.13978128144319224,0.9981090510387349,True,0.0783538818359375,0.1984834253265801
esm2_top4_bilstm_attn,train,1,consultation_dominated,sequence_distal_ge21_no_direct_ca,query_distance_to_ecod_boundary_sequence,25,28,9.86447865486145,1.2180929672266014,18.510864342496298,True,0.2295229434967041,0.4604107409686116
esm2_top4_bilstm_attn,train,1,consultation_dominated,sequence_distal_ge21_no_direct_ca,query_in_any_band,25,28,0.5162666916325453,0.3038559001967652,0.7286774830683255,True,0.0014896392822265625,0.0060786893290858115
esm2_top4_bilstm_attn,train,1,consultation_dominated,sequence_distal_ge21_no_direct_ca,query_to_band_contact_count,25,28,0.0,0.0,0.0,True,1.0,1.0
esm2_top4_bilstm_attn,train,1,consultation_dominated,sequence_distal_ge21_no_direct_ca,query_to_band_contact_fraction,25,28,0.0,0.0,0.0,True,1.0,1.0
esm2_top4_bilstm_attn,train,1,consultation_dominated,sequence_distal_ge21_no_direct_ca,query_water_contact_count,25,28,0.4316887908180555,-0.13224895727348734,0.9956265389095984,True,0.8318119049072266,1.0
esm2_top4_bilstm_attn,train,1,consultation_dominated,sequence_distal_ge21_no_direct_ca,reachable_query_water_entry_count,25,28,-0.019571428671479225,-0.04753980966270086,0.008396952319742412,True,0.5,0.7766675710918516
esm2_top4_bilstm_attn,train,1,consultation_dominated,sequence_distal_ge21_no_direct_ca,relative_backbone_orientation_cosine,25,28,-0.044898839493592566,-0.269139312607262,0.17934163362007682,True,1.0,1.0
esm2_top4_bilstm_attn,train,1,consultation_dominated,sequence_distal_ge21_no_direct_ca,rsa,25,28,0.11539037690394466,0.05751391341173839,0.17326684039615092,True,0.0009105205535888672,0.0038554259423930278
esm2_top4_bilstm_attn,train,1,consultation_dominated,sequence_distal_ge21_no_direct_ca,same_community_as_band_apex,25,28,0.05583546993633111,-0.07841360309988797,0.19008454297255017,True,0.021484375,0.06858734227129337
esm2_top4_bilstm_attn,train,1,consultation_dominated,sequence_distal_ge21_no_direct_ca,same_community_as_band_majority,23,25,0.07979010625917841,-0.0793095043080378,0.23888971682639465,True,0.01171875,0.03999789207419899
esm2_top4_bilstm_attn,train,1,consultation_dominated,sequence_distal_ge21_no_direct_ca,same_ecod_domain_as_band_apex,25,28,0.054076049923896786,-0.0191573864669766,0.12730948631477018,True,0.375,0.6470588235294118
esm2_top4_bilstm_attn,train,1,consultation_dominated,sequence_distal_ge21_no_direct_ca,shared_water_count,25,28,-0.006714285984635352,-0.02057189117068343,0.007143319201412728,True,1.0,1.0
esm2_top4_bilstm_attn,train,1,consultation_dominated,sequence_distal_ge21_no_direct_ca,shared_water_fraction_of_band_contacts,25,28,-0.003857142999768256,-0.011817894888983549,0.004103608889447036,True,1.0,1.0
esm2_top4_bilstm_attn,train,1,consultation_dominated,sequence_distal_ge21_no_direct_ca,shared_water_fraction_of_query_contacts,25,28,-0.001476190499961376,-0.004522897949520608,0.001570516949597856,True,1.0,1.0
esm2_top4_bilstm_attn,train,1,consultation_dominated,sequence_distal_ge21_no_direct_ca,shares_any_ecod_domain_with_band,25,28,0.054076049923896786,-0.0191573864669766,0.12730948631477018,True,0.375,0.6470588235294118
esm2_top4_bilstm_attn,train,1,consultation_dominated,sequence_distal_ge21_no_direct_ca,shortest_nonlocal_contact_path_edges,24,27,0.14413243532180786,-0.6242208068103751,0.9124856774539908,True,0.8388197422027588,1.0
esm2_top4_bilstm_attn,train,1,consultation_dominated,sequence_distal_ge21_no_direct_ca,shortest_ordinary_contact_path_edges,25,28,-0.18621414661407473,-0.7742047369468905,0.401776443718741,True,1.0,1.0
esm2_top4_bilstm_attn,train,1,consultation_dominated,sequence_distal_ge21_no_direct_ca,torsion_change_from_previous,25,28,18.737605481828986,1.279040129295442,36.19617083436253,True,0.043285250663757324,0.12409255997655075
esm2_top4_bilstm_attn,train,1,consultation_dominated,sequence_distal_ge21_no_direct_ca,water_path_at_most_1,25,28,-0.003857142999768256,-0.011817894888983549,0.004103608889447036,True,1.0,1.0
esm2_top4_bilstm_attn,train,1,consultation_dominated,sequence_distal_ge21_no_direct_ca,water_path_at_most_2,25,28,-0.013857142999768257,-0.03566653266567382,0.007952246666137312,True,0.5,0.7766675710918516
esm2_top4_bilstm_attn,train,1,consultation_dominated,sequence_distal_ge21_no_direct_ca,water_path_at_most_3,25,28,-0.013857142999768257,-0.03566653266567382,0.007952246666137312,True,0.5,0.7766675710918516
esm2_top4_bilstm_attn,train,1,consultation_dominated,sequence_distal_ge21_no_direct_ca,water_path_exists,25,28,-0.013857142999768257,-0.03566653266567382,0.007952246666137312,True,0.5,0.7766675710918516
esm2_top4_bilstm_attn,train,1,consultation_dominated,sequence_distal_ge21_no_direct_ca,water_path_without_direct_ca_contact,25,28,-0.013857142999768257,-0.03566653266567382,0.007952246666137312,True,0.5,0.7766675710918516
esm2_top4_bilstm_attn,train,1,consultation_dominated,sequence_distal_ge21_no_direct_ca,water_path_without_direct_polar_contact,25,28,-0.003857142999768256,-0.011817894888983549,0.004103608889447036,True,1.0,1.0
esm2_top4_bilstm_attn,train,1,unclassified,all_eligible_queries,absolute_backbone_orientation_cosine,44,52,-0.011210226035350322,-0.08403899839864562,0.06161854632794497,True,0.4513808323961257,0.7369468297981153
esm2_top4_bilstm_attn,train,1,unclassified,all_eligible_queries,absolute_sequence_separation,45,53,2.480994501956543,0.13251768977721934,4.8294713141358665,True,1.0,1.0
esm2_top4_bilstm_attn,train,1,unclassified,all_eligible_queries,band_water_contact_count,44,52,0.0,0.0,0.0,True,1.0,1.0
esm2_top4_bilstm_attn,train,1,unclassified,all_eligible_queries,direct_ca_contact,44,52,0.06951933174819415,-0.0004397527405611973,0.1394784162369495,True,0.4048728942871094,0.6831543884907539
esm2_top4_bilstm_attn,train,1,unclassified,all_eligible_queries,direct_putative_polar_contact,44,52,0.07482864320503942,0.00967235353471571,0.13998493287536312,True,0.0224609375,0.07114387715179969
esm2_top4_bilstm_attn,train,1,unclassified,all_eligible_queries,direct_putative_polar_contact_count,44,52,0.12880591559364937,0.014681065093997414,0.24293076609330133,True,0.0224609375,0.07114387715179969
esm2_top4_bilstm_attn,train,1,unclassified,all_eligible_queries,disorder,45,53,-0.03866804499304347,-0.09230089380408896,0.014964803818002019,True,0.3712980344710104,0.6470588235294118
esm2_top4_bilstm_attn,train,1,unclassified,all_eligible_queries,mean_query_contact_water_degree,33,40,-0.009649743749336767,-0.15840904022204078,0.13910955272336722,True,0.24778856337070465,0.4814462416745956
esm2_top4_bilstm_attn,train,1,unclassified,all_eligible_queries,minimum_ca_distance_angstrom,44,52,1.112118570732348,-0.8651638282866005,3.0894009697512965,True,0.2912152365458951,0.5417459915155254
esm2_top4_bilstm_attn,train,1,unclassified,all_eligible_queries,minimum_heavy_atom_distance_angstrom,44,52,1.27067336894217,-0.7029737383063972,3.2443204761907376,True,0.17417114727072658,0.3746252944484066
esm2_top4_bilstm_attn,train,1,unclassified,all_eligible_queries,minimum_polar_atom_distance_angstrom,44,52,1.189945003209692,-0.7773383789937207,3.157228385413105,True,0.17417114727072658,0.3746252944484066
esm2_top4_bilstm_attn,train,1,unclassified,all_eligible_queries,neq,45,53,0.7044719573282369,0.46737043951452717,0.9415734751419466,True,5.417768988991156e-07,3.263560843368482e-06
esm2_top4_bilstm_attn,train,1,unclassified,all_eligible_queries,nonlocal_contact_path_exists,44,52,-0.010645423819879431,-0.07707923377429664,0.05578838613453778,True,1.0,1.0
esm2_top4_bilstm_attn,train,1,unclassified,all_eligible_queries,normalized_query_position,45,53,-0.002368285489186845,-0.06370763557290214,0.058971064594528444,True,0.5514843298025198,0.8354822481439372
esm2_top4_bilstm_attn,train,1,unclassified,all_eligible_queries,one_water_bridge,44,52,0.01880523986112552,-0.009317526916501076,0.046928006638752115,True,0.375,0.6470588235294118
esm2_top4_bilstm_attn,train,1,unclassified,all_eligible_queries,ordinary_contact_path_exists,44,52,0.0,0.0,0.0,True,1.0,1.0
esm2_top4_bilstm_attn,train,1,unclassified,all_eligible_queries,query_distance_to_band_domain_boundary_sequence,44,52,0.6793007511081115,-3.412033129178206,4.770634631394429,True,0.2912152365458951,0.5417459915155254
esm2_top4_bilstm_attn,train,1,unclassified,all_eligible_queries,query_distance_to_community_boundary_edges,43,51,0.4978241645286514,0.26543478442304413,0.7302135446342587,True,0.0002715392342906853,0.0012547840415624363
esm2_top4_bilstm_attn,train,1,unclassified,all_eligible_queries,query_distance_to_ecod_boundary_sequence,44,52,0.17470551747264276,-3.323367109594712,3.672778144539998,True,0.17417114727072658,0.3746252944484066
esm2_top4_bilstm_attn,train,1,unclassified,all_eligible_queries,query_in_any_band,45,53,0.6296602459251852,0.4992972361849113,0.7600232556654591,True,1.8570244719740003e-07,1.1636586784134294e-06
esm2_top4_bilstm_attn,train,1,unclassified,all_eligible_queries,query_to_band_contact_count,44,52,0.17364476992510805,0.026944744302311002,0.32034479554790507,True,0.21003961563110352,0.4326243900209817
esm2_top4_bilstm_attn,train,1,unclassified,all_eligible_queries,query_to_band_contact_fraction,44,52,0.05430050026050877,0.007764430829929871,0.10083656969108767,True,0.21003961563110352,0.4326243900209817
esm2_top4_bilstm_attn,train,1,unclassified,all_eligible_queries,query_water_contact_count,44,52,0.13757162240063728,-0.037283148880404154,0.3124263936816787,True,0.26818725105476915,0.5054106109263061
esm2_top4_bilstm_attn,train,1,unclassified,all_eligible_queries,reachable_query_water_entry_count,44,52,0.017408459539045438,-0.010971162751434591,0.04578808182952547,True,0.6875,0.965862270212767
esm2_top4_bilstm_attn,train,1,unclassified,all_eligible_queries,relative_backbone_orientation_cosine,44,52,0.2061903310867099,0.08827475588000441,0.3241059062934154,True,0.003657766827927844,0.013786443314201036
esm2_top4_bilstm_attn,train,1,unclassified,all_eligible_queries,rsa,45,53,0.0793569024277815,0.0430834667988541,0.11563033805670889,True,6.57466324582856e-05,0.00032142798090717406
esm2_top4_bilstm_attn,train,1,unclassified,all_eligible_queries,same_community_as_band_apex,44,52,0.041487802035937264,-0.016139840926616515,0.09911544499849104,True,0.6776394844055176,0.965862270212767
esm2_top4_bilstm_attn,train,1,unclassified,all_eligible_queries,same_community_as_band_majority,43,50,0.04845577235398597,-0.01255027706876509,0.10946182177673702,True,0.6900379657745361,0.965862270212767
esm2_top4_bilstm_attn,train,1,unclassified,all_eligible_queries,same_ecod_domain_as_band_apex,44,52,0.00932791447831374,-0.0045301942143273904,0.023186023170954872,True,0.6875,0.965862270212767
esm2_top4_bilstm_attn,train,1,unclassified,all_eligible_queries,shared_water_count,44,52,0.01880523986112552,-0.009317526916501076,0.046928006638752115,True,0.375,0.6470588235294118
esm2_top4_bilstm_attn,train,1,unclassified,all_eligible_queries,shared_water_fraction_of_band_contacts,44,52,0.007066323008268338,-0.004646448311736826,0.018779094328273502,True,0.375,0.6470588235294118
esm2_top4_bilstm_attn,train,1,unclassified,all_eligible_queries,shared_water_fraction_of_query_contacts,44,52,0.01627998737350219,-0.008219659284333505,0.040779634031337886,True,0.375,0.6470588235294118
esm2_top4_bilstm_attn,train,1,unclassified,all_eligible_queries,shares_any_ecod_domain_with_band,44,52,0.00932791447831374,-0.0045301942143273904,0.023186023170954872,True,0.6875,0.965862270212767
esm2_top4_bilstm_attn,train,1,unclassified,all_eligible_queries,shortest_nonlocal_contact_path_edges,43,51,0.37962642213698894,-0.005182930235613503,0.7644357745095913,True,0.0806904677519924,0.2036377889401903
esm2_top4_bilstm_attn,train,1,unclassified,all_eligible_queries,shortest_ordinary_contact_path_edges,44,52,0.21666524482495858,-0.13539474147667097,0.5687252311265881,True,0.880395821280672,1.0
esm2_top4_bilstm_attn,train,1,unclassified,all_eligible_queries,torsion_change_from_previous,45,53,21.359166287330346,9.728103249099686,32.990229325561,True,0.0008240823595997425,0.0035040812937602497
esm2_top4_bilstm_attn,train,1,unclassified,all_eligible_queries,water_path_at_most_1,44,52,0.01880523986112552,-0.009317526916501076,0.046928006638752115,True,0.375,0.6470588235294118
esm2_top4_bilstm_attn,train,1,unclassified,all_eligible_queries,water_path_at_most_2,44,52,0.017290088323396485,-0.011093296003288688,0.04567347265008166,True,0.6875,0.965862270212767
esm2_top4_bilstm_attn,train,1,unclassified,all_eligible_queries,water_path_at_most_3,44,52,0.017408459539045438,-0.010971162751434591,0.04578808182952547,True,0.6875,0.965862270212767
esm2_top4_bilstm_attn,train,1,unclassified,all_eligible_queries,water_path_exists,44,52,0.017408459539045438,-0.010971162751434591,0.04578808182952547,True,0.6875,0.965862270212767
esm2_top4_bilstm_attn,train,1,unclassified,all_eligible_queries,water_path_without_direct_ca_contact,44,52,0.0023910985222424953,-0.0021929578938331747,0.006975154938318165,True,0.5,0.7766675710918516
esm2_top4_bilstm_attn,train,1,unclassified,all_eligible_queries,water_path_without_direct_polar_contact,44,52,0.006044823175409076,-0.011078553166513442,0.023168199517331595,True,1.0,1.0
esm2_top4_bilstm_attn,train,1,combined,sequence_distal_ge21_no_direct_ca,shortest_water_path_water_count,26,28,-0.17948718254382795,-0.9144390848102695,0.5554647197226137,True,1.0,1.0
esm2_top4_bilstm_attn,train,1,unclassified,sequence_distal_ge21,absolute_backbone_orientation_cosine,36,43,-0.017461652563953822,-0.11199806424045981,0.07707475911255217,True,0.4050322461407632,0.6831543884907539
esm2_top4_bilstm_attn,train,1,unclassified,sequence_distal_ge21,absolute_sequence_separation,38,45,2.171951023813829,-1.1881066771246553,5.5320087247523135,True,1.0,1.0
esm2_top4_bilstm_attn,train,1,unclassified,sequence_distal_ge21,band_water_contact_count,36,43,0.0,0.0,0.0,True,1.0,1.0
esm2_top4_bilstm_attn,train,1,unclassified,sequence_distal_ge21,direct_ca_contact,36,43,0.050408438858748586,-0.06896403315477928,0.16978091087227645,True,0.803619384765625,1.0
esm2_top4_bilstm_attn,train,1,unclassified,sequence_distal_ge21,direct_putative_polar_contact,36,43,-0.00545634915707288,-0.03700930973919673,0.026096611425050965,True,1.0,1.0
esm2_top4_bilstm_attn,train,1,unclassified,sequence_distal_ge21,direct_putative_polar_contact_count,36,43,-0.0008267193894695358,-0.036486077683688875,0.0348326389047498,True,1.0,1.0
esm2_top4_bilstm_attn,train,1,unclassified,sequence_distal_ge21,disorder,38,45,-0.06992934879222304,-0.13473667070722967,-0.005122026877216426,True,0.417692190836533,0.7027506186642916
esm2_top4_bilstm_attn,train,1,unclassified,sequence_distal_ge21,mean_query_contact_water_degree,29,33,0.05392814754112357,-0.10408862220736792,0.21194491728961506,True,1.0,1.0
esm2_top4_bilstm_attn,train,1,unclassified,sequence_distal_ge21,minimum_ca_distance_angstrom,36,43,0.454807957565343,-1.9465179854727677,2.856133900603454,True,0.8679394004284404,1.0
esm2_top4_bilstm_attn,train,1,unclassified,sequence_distal_ge21,minimum_heavy_atom_distance_angstrom,36,43,0.42655674881405325,-1.9870755300981506,2.840189027726257,True,0.617719317029696,0.9046772052591205
esm2_top4_bilstm_attn,train,1,unclassified,sequence_distal_ge21,minimum_polar_atom_distance_angstrom,36,43,0.30870893332693305,-2.1100726200681628,2.7274904867220284,True,0.617719317029696,0.9046772052591205
esm2_top4_bilstm_attn,train,1,unclassified,sequence_distal_ge21,neq,38,45,0.539860065516657,0.3147297625750472,0.7649903684582668,True,0.0004719867429230362,0.0020995630058818137
esm2_top4_bilstm_attn,train,1,unclassified,sequence_distal_ge21,nonlocal_contact_path_exists,36,43,-0.00750617576004178,-0.0872352964541379,0.07222294493405433,True,1.0,1.0
esm2_top4_bilstm_attn,train,1,unclassified,sequence_distal_ge21,normalized_query_position,38,45,0.004165351954339502,-0.06815773650462749,0.0764884404133065,True,0.8714146793645341,1.0
esm2_top4_bilstm_attn,train,1,unclassified,sequence_distal_ge21,one_water_bridge,36,43,0.012181713008666753,-0.007279984861887306,0.03164341087922081,True,0.25,0.4814462416745956
esm2_top4_bilstm_attn,train,1,unclassified,sequence_distal_ge21,ordinary_contact_path_exists,36,43,0.0,0.0,0.0,True,1.0,1.0
esm2_top4_bilstm_attn,train,1,unclassified,sequence_distal_ge21,query_distance_to_band_domain_boundary_sequence,36,43,2.380609462217049,-2.707918621533508,7.469137545967605,True,0.08953107893466952,0.22371716514045817
esm2_top4_bilstm_attn,train,1,unclassified,sequence_distal_ge21,query_distance_to_community_boundary_edges,35,42,0.49234398849308497,0.1840900347268195,0.8005979422593504,True,0.0013187271542847157,0.005447150531167887
esm2_top4_bilstm_attn,train,1,unclassified,sequence_distal_ge21,query_distance_to_ecod_boundary_sequence,36,43,3.085180045940258,-1.8744871344554985,8.044847226336014,True,0.040959591511636986,0.11877107911110782
esm2_top4_bilstm_attn,train,1,unclassified,sequence_distal_ge21,query_in_any_band,38,45,0.6589339400136613,0.5160767059610964,0.8017911740662262,True,3.4654513001441956e-06,1.921663953833384e-05
esm2_top4_bilstm_attn,train,1,unclassified,sequence_distal_ge21,query_to_band_contact_count,36,43,0.10421607327492288,-0.08544938932706089,0.2938815358769067,True,1.0,1.0
esm2_top4_bilstm_attn,train,1,unclassified,sequence_distal_ge21,query_to_band_contact_fraction,36,43,0.029805603121726396,-0.02799918042968354,0.08761038667313634,True,1.0,1.0
esm2_top4_bilstm_attn,train,1,unclassified,sequence_distal_ge21,query_water_contact_count,36,43,0.04121619676653709,-0.13613216936919179,0.21856456290226597,True,1.0,1.0
esm2_top4_bilstm_attn,train,1,unclassified,sequence_distal_ge21,reachable_query_water_entry_count,36,43,0.01232638893890436,-0.007131420595684399,0.03178419847349312,True,0.25,0.4814462416745956
esm2_top4_bilstm_attn,train,1,unclassified,sequence_distal_ge21,relative_backbone_orientation_cosine,36,43,0.021222325190211888,-0.1391172292119436,0.1815618795923674,True,0.8679394004284404,1.0
esm2_top4_bilstm_attn,train,1,unclassified,sequence_distal_ge21,rsa,38,45,0.07269549466382463,0.024904719103822047,0.12048627022382721,True,0.0016580525261815637,0.00669839982633031
esm2_top4_bilstm_attn,train,1,unclassified,sequence_distal_ge21,same_community_as_band_apex,36,43,0.10792269339543525,-0.008188177144478684,0.22403356393534918,True,0.38331031799316406,0.6552534490018278
esm2_top4_bilstm_attn,train,1,unclassified,sequence_distal_ge21,same_community_as_band_majority,35,41,0.11280608555922905,-0.007210816304346043,0.23282298742280416,True,0.4048728942871094,0.6831543884907539
esm2_top4_bilstm_attn,train,1,unclassified,sequence_distal_ge21,same_ecod_domain_as_band_apex,36,43,0.008685811577985682,-0.010856217283633424,0.028227840439604787,True,0.6875,0.965862270212767
esm2_top4_bilstm_attn,train,1,unclassified,sequence_distal_ge21,shared_water_count,36,43,0.012181713008666753,-0.007279984861887306,0.03164341087922081,True,0.25,0.4814462416745956
esm2_top4_bilstm_attn,train,1,unclassified,sequence_distal_ge21,shared_water_fraction_of_band_contacts,36,43,0.0020351080963370806,-0.0012083196099996348,0.005278535802673796,True,0.25,0.4814462416745956
esm2_top4_bilstm_attn,train,1,unclassified,sequence_distal_ge21,shared_water_fraction_of_query_contacts,36,43,0.007552083379037122,-0.003261810289249857,0.0183659770473241,True,0.25,0.4814462416745956
esm2_top4_bilstm_attn,train,1,unclassified,sequence_distal_ge21,shares_any_ecod_domain_with_band,36,43,0.008685811577985682,-0.010856217283633424,0.028227840439604787,True,0.6875,0.965862270212767
esm2_top4_bilstm_attn,train,1,unclassified,sequence_distal_ge21,shortest_nonlocal_contact_path_edges,35,42,0.3020385734807878,-0.25579450934189507,0.8598716563034706,True,0.040959591511636986,0.11877107911110782
esm2_top4_bilstm_attn,train,1,unclassified,sequence_distal_ge21,shortest_ordinary_contact_path_edges,36,43,0.15794343479253628,-0.3360232039630583,0.6519100735481308,True,0.617719317029696,0.9046772052591205
esm2_top4_bilstm_attn,train,1,unclassified,sequence_distal_ge21,torsion_change_from_previous,38,45,23.969587029930718,8.448985215153629,39.49018884470781,True,0.0016580525261815637,0.00669839982633031
esm2_top4_bilstm_attn,train,1,unclassified,sequence_distal_ge21,water_path_at_most_1,36,43,0.012181713008666753,-0.007279984861887306,0.03164341087922081,True,0.25,0.4814462416745956
esm2_top4_bilstm_attn,train,1,unclassified,sequence_distal_ge21,water_path_at_most_2,36,43,0.012181713008666753,-0.007279984861887306,0.03164341087922081,True,0.25,0.4814462416745956
esm2_top4_bilstm_attn,train,1,unclassified,sequence_distal_ge21,water_path_at_most_3,36,43,0.01232638893890436,-0.007131420595684399,0.03178419847349312,True,0.25,0.4814462416745956
esm2_top4_bilstm_attn,train,1,unclassified,sequence_distal_ge21,water_path_exists,36,43,0.01232638893890436,-0.007131420595684399,0.03178419847349312,True,0.25,0.4814462416745956
esm2_top4_bilstm_attn,train,1,unclassified,sequence_distal_ge21,water_path_without_direct_ca_contact,36,43,0.0029224537494074946,-0.002715991964681144,0.008560899463496134,True,0.5,0.7766675710918516
esm2_top4_bilstm_attn,train,1,unclassified,sequence_distal_ge21,water_path_without_direct_polar_contact,36,43,0.01232638893890436,-0.007131420595684399,0.03178419847349312,True,0.25,0.4814462416745956
esm2_top4_bilstm_attn,train,1,unclassified,sequence_distal_ge21_no_direct_ca,absolute_backbone_orientation_cosine,32,39,-0.0670700950703273,-0.15931524492750815,0.02517505478685357,True,0.21532714972272515,0.44066951571162355
esm2_top4_bilstm_attn,train,1,unclassified,sequence_distal_ge21_no_direct_ca,absolute_sequence_separation,32,39,3.9185856862125954,-0.1266670245932442,7.963838397018435,True,0.37708558747544885,0.6501032615420004
esm2_top4_bilstm_attn,train,1,unclassified,sequence_distal_ge21_no_direct_ca,band_water_contact_count,32,39,0.0,0.0,0.0,True,1.0,1.0
esm2_top4_bilstm_attn,train,1,unclassified,sequence_distal_ge21_no_direct_ca,direct_ca_contact,32,39,0.0,0.0,0.0,True,1.0,1.0
esm2_top4_bilstm_attn,train,1,unclassified,sequence_distal_ge21_no_direct_ca,direct_putative_polar_contact,32,39,0.0016741070430725813,-0.0076283521815088025,0.010976566267653965,True,1.0,1.0
esm2_top4_bilstm_attn,train,1,unclassified,sequence_distal_ge21_no_direct_ca,direct_putative_polar_contact_count,32,39,0.0016741070430725813,-0.0076283521815088025,0.010976566267653965,True,1.0,1.0
esm2_top4_bilstm_attn,train,1,unclassified,sequence_distal_ge21_no_direct_ca,disorder,32,39,-0.0005054669412287919,-0.03935184652623799,0.0383409126437804,True,0.5966148958541453,0.8820661425922499
esm2_top4_bilstm_attn,train,1,unclassified,sequence_distal_ge21_no_direct_ca,mean_query_contact_water_degree,26,30,0.07445454378970542,-0.09770459146205776,0.2466136790414686,True,0.8318119049072266,1.0
esm2_top4_bilstm_attn,train,1,unclassified,sequence_distal_ge21_no_direct_ca,minimum_ca_distance_angstrom,32,39,1.0402765801797311,-1.4955120711444378,3.5760652315039003,True,0.860050065908581,1.0
esm2_top4_bilstm_attn,train,1,unclassified,sequence_distal_ge21_no_direct_ca,minimum_heavy_atom_distance_angstrom,32,39,0.9257227025926114,-1.6694258075622346,3.5208712127474575,True,0.5966148958541453,0.8820661425922499
esm2_top4_bilstm_attn,train,1,unclassified,sequence_distal_ge21_no_direct_ca,minimum_polar_atom_distance_angstrom,32,39,0.7582048763831457,-1.8518303690225437,3.368240121788835,True,0.5966148958541453,0.8820661425922499
esm2_top4_bilstm_attn,train,1,unclassified,sequence_distal_ge21_no_direct_ca,neq,32,39,0.5171677212723623,0.2976055163265599,0.7367299262181648,True,0.0005350527353584766,0.002367268143976304
esm2_top4_bilstm_attn,train,1,unclassified,sequence_distal_ge21_no_direct_ca,nonlocal_contact_path_exists,32,39,-0.018444278005821005,-0.1067249517034528,0.06983639569181078,True,0.8238029479980469,1.0
esm2_top4_bilstm_attn,train,1,unclassified,sequence_distal_ge21_no_direct_ca,normalized_query_position,32,39,-0.013692996463613799,-0.09606706635980256,0.06868107343257496,True,0.860050065908581,1.0
esm2_top4_bilstm_attn,train,1,unclassified,sequence_distal_ge21_no_direct_ca,one_water_bridge,32,39,0.0031250000465661283,-0.003248479568394889,0.009498479661527146,True,1.0,1.0
esm2_top4_bilstm_attn,train,1,unclassified,sequence_distal_ge21_no_direct_ca,ordinary_contact_path_exists,32,39,0.0,0.0,0.0,True,1.0,1.0
esm2_top4_bilstm_attn,train,1,unclassified,sequence_distal_ge21_no_direct_ca,query_distance_to_band_domain_boundary_sequence,32,39,1.3295645145078496,-4.007389323852427,6.666518352868126,True,0.14961278438568115,0.32807830508842756
esm2_top4_bilstm_attn,train,1,unclassified,sequence_distal_ge21_no_direct_ca,query_distance_to_community_boundary_edges,31,38,0.5103456434102789,0.17723809083306336,0.8434531959874945,True,0.002315700054168701,0.009083288584568704
esm2_top4_bilstm_attn,train,1,unclassified,sequence_distal_ge21_no_direct_ca,query_distance_to_ecod_boundary_sequence,32,39,1.5017171666026115,-3.8670408942968835,6.870475227502107,True,0.07075554598122835,0.18336648535980304
esm2_top4_bilstm_attn,train,1,unclassified,sequence_distal_ge21_no_direct_ca,query_in_any_band,32,39,0.6634842486795611,0.5104717492205619,0.8164967481385603,True,3.39532271027565e-05,0.00017137489191017247
esm2_top4_bilstm_attn,train,1,unclassified,sequence_distal_ge21_no_direct_ca,query_to_band_contact_count,32,39,0.0,0.0,0.0,True,1.0,1.0
esm2_top4_bilstm_attn,train,1,unclassified,sequence_distal_ge21_no_direct_ca,query_to_band_contact_fraction,32,39,0.0,0.0,0.0,True,1.0,1.0
esm2_top4_bilstm_attn,train,1,unclassified,sequence_distal_ge21_no_direct_ca,query_water_contact_count,32,39,0.06157350959062265,-0.1352932809877913,0.25844030016903663,True,1.0,1.0
esm2_top4_bilstm_attn,train,1,unclassified,sequence_distal_ge21_no_direct_ca,reachable_query_water_entry_count,32,39,0.0033025568700395503,-0.0030695287656329257,0.009674642505712027,True,0.5,0.7766675710918516
esm2_top4_bilstm_attn,train,1,unclassified,sequence_distal_ge21_no_direct_ca,relative_backbone_orientation_cosine,32,39,0.02366015971250212,-0.14195722926011087,0.18927754868511512,True,0.5966148958541453,0.8820661425922499
esm2_top4_bilstm_attn,train,1,unclassified,sequence_distal_ge21_no_direct_ca,rsa,32,39,0.11653964109215297,0.07699804497541939,0.15608123720888656,True,2.5560148060321808e-06,1.43306758099976e-05
esm2_top4_bilstm_attn,train,1,unclassified,sequence_distal_ge21_no_direct_ca,same_community_as_band_apex,32,39,0.05321414152276702,-0.038524515983333674,0.1449527990288677,True,0.6072387695312499,0.8950254113658764
esm2_top4_bilstm_attn,train,1,unclassified,sequence_distal_ge21_no_direct_ca,same_community_as_band_majority,31,37,0.05793768837046559,-0.03872423967465255,0.15459961641558373,True,0.8145294189453125,1.0
esm2_top4_bilstm_attn,train,1,unclassified,sequence_distal_ge21_no_direct_ca,same_ecod_domain_as_band_apex,32,39,0.002920804137829685,-0.015658355178858427,0.021499963454517795,True,0.6875,0.965862270212767
esm2_top4_bilstm_attn,train,1,unclassified,sequence_distal_ge21_no_direct_ca,shared_water_count,32,39,0.0031250000465661283,-0.003248479568394889,0.009498479661527146,True,1.0,1.0
esm2_top4_bilstm_attn,train,1,unclassified,sequence_distal_ge21_no_direct_ca,shared_water_fraction_of_band_contacts,32,39,0.0005208333604969063,-0.0005414132815683616,0.0015830800025621742,True,1.0,1.0
esm2_top4_bilstm_attn,train,1,unclassified,sequence_distal_ge21_no_direct_ca,shared_water_fraction_of_query_contacts,32,39,0.0031250000465661283,-0.003248479568394889,0.009498479661527146,True,1.0,1.0
esm2_top4_bilstm_attn,train,1,unclassified,sequence_distal_ge21_no_direct_ca,shares_any_ecod_domain_with_band,32,39,0.002920804137829685,-0.015658355178858427,0.021499963454517795,True,0.6875,0.965862270212767
esm2_top4_bilstm_attn,train,1,unclassified,sequence_distal_ge21_no_direct_ca,shortest_nonlocal_contact_path_edges,31,38,0.4782040767131314,-0.07265545507722077,1.0290636085034837,True,0.029449373483657837,0.09017478355661643
esm2_top4_bilstm_attn,train,1,unclassified,sequence_distal_ge21_no_direct_ca,shortest_ordinary_contact_path_edges,32,39,0.2823815385811031,-0.20215449449183726,0.7669175716540435,True,0.5966148958541453,0.8820661425922499
esm2_top4_bilstm_attn,train,1,unclassified,sequence_distal_ge21_no_direct_ca,torsion_change_from_previous,32,39,22.792650837987168,8.510352061671155,37.07494961430318,True,0.0021024015732109547,0.008360040833357509
esm2_top4_bilstm_attn,train,1,unclassified,sequence_distal_ge21_no_direct_ca,water_path_at_most_1,32,39,0.0031250000465661283,-0.003248479568394889,0.009498479661527146,True,1.0,1.0
esm2_top4_bilstm_attn,train,1,unclassified,sequence_distal_ge21_no_direct_ca,water_path_at_most_2,32,39,0.0031250000465661283,-0.003248479568394889,0.009498479661527146,True,1.0,1.0
esm2_top4_bilstm_attn,train,1,unclassified,sequence_distal_ge21_no_direct_ca,water_path_at_most_3,32,39,0.0033025568700395503,-0.0030695287656329257,0.009674642505712027,True,0.5,0.7766675710918516
esm2_top4_bilstm_attn,train,1,unclassified,sequence_distal_ge21_no_direct_ca,water_path_exists,32,39,0.0033025568700395503,-0.0030695287656329257,0.009674642505712027,True,0.5,0.7766675710918516
esm2_top4_bilstm_attn,train,1,unclassified,sequence_distal_ge21_no_direct_ca,water_path_without_direct_ca_contact,32,39,0.0033025568700395503,-0.0030695287656329257,0.009674642505712027,True,0.5,0.7766675710918516
esm2_top4_bilstm_attn,train,1,unclassified,sequence_distal_ge21_no_direct_ca,water_path_without_direct_polar_contact,32,39,0.0033025568700395503,-0.0030695287656329257,0.009674642505712027,True,0.5,0.7766675710918516
esm2_top4_bilstm_attn,train,1,evidence_dominated,all_eligible_queries,shortest_water_path_water_count,10,10,-0.13333333134651185,-0.9570586335614004,0.6903919708683768,True,1.0,1.0
esm2_top4_bilstm_attn,train,1,evidence_dominated,sequence_distal_ge21,shortest_water_path_water_count,7,7,0.09523809807641166,,,False,,
esm2_top4_bilstm_attn,train,-1,evidence_dominated,all_eligible_queries,shortest_water_path_water_count,31,33,-0.31017665516945625,-0.8945797304599059,0.2742264201209934,True,0.8450189828872681,1.0
esm2_top4_bilstm_attn,train,-1,evidence_dominated,sequence_distal_ge21,shortest_water_path_water_count,23,24,-0.4528985567714857,-1.2269168884174713,0.32111977487449994,True,0.8238029479980469,1.0
esm2_top4_bilstm_attn,train,-1,evidence_dominated,sequence_distal_ge21_no_direct_ca,shortest_water_path_water_count,13,14,-0.41025641331305873,-1.7848286165917622,0.9643157899656446,True,1.0,1.0
esm2_top4_bilstm_attn,train,-1,combined,sequence_distal_ge21_no_direct_ca,shortest_water_path_water_count,19,22,-0.1710526378531205,-0.6429790031765777,0.3008737274703367,True,1.0,1.0
esm2_top4_bilstm_attn,train,1,not_magnitude_enriched,all_eligible_queries,absolute_backbone_orientation_cosine,1,1,0.1864437609910965,,,False,,
esm2_top4_bilstm_attn,train,1,not_magnitude_enriched,all_eligible_queries,absolute_sequence_separation,1,1,-13.34920634920635,,,False,,
esm2_top4_bilstm_attn,train,1,not_magnitude_enriched,all_eligible_queries,band_water_contact_count,1,1,0.0,,,False,,
esm2_top4_bilstm_attn,train,1,not_magnitude_enriched,all_eligible_queries,direct_ca_contact,1,1,0.0,,,False,,
esm2_top4_bilstm_attn,train,1,not_magnitude_enriched,all_eligible_queries,direct_putative_polar_contact,1,1,0.0,,,False,,
esm2_top4_bilstm_attn,train,1,not_magnitude_enriched,all_eligible_queries,direct_putative_polar_contact_count,1,1,0.0,,,False,,
esm2_top4_bilstm_attn,train,1,not_magnitude_enriched,all_eligible_queries,disorder,1,1,-0.079419656501462,,,False,,
esm2_top4_bilstm_attn,train,1,not_magnitude_enriched,all_eligible_queries,mean_query_contact_water_degree,1,1,-0.0892857313156127,,,False,,
esm2_top4_bilstm_attn,train,1,not_magnitude_enriched,all_eligible_queries,minimum_ca_distance_angstrom,1,1,5.633150736490886,,,False,,
esm2_top4_bilstm_attn,train,1,not_magnitude_enriched,all_eligible_queries,minimum_heavy_atom_distance_angstrom,1,1,6.65060027440389,,,False,,
esm2_top4_bilstm_attn,train,1,not_magnitude_enriched,all_eligible_queries,minimum_polar_atom_distance_angstrom,1,1,4.991682688395183,,,False,,
esm2_top4_bilstm_attn,train,1,not_magnitude_enriched,all_eligible_queries,neq,1,1,0.4259973544973549,,,False,,
esm2_top4_bilstm_attn,train,1,not_magnitude_enriched,all_eligible_queries,nonlocal_contact_path_exists,1,1,-0.1349206368128458,,,False,,
esm2_top4_bilstm_attn,train,1,not_magnitude_enriched,all_eligible_queries,normalized_query_position,1,1,-0.1003699725504237,,,False,,
esm2_top4_bilstm_attn,train,1,not_magnitude_enriched,all_eligible_queries,one_water_bridge,1,1,0.0,,,False,,
esm2_top4_bilstm_attn,train,1,not_magnitude_enriched,all_eligible_queries,ordinary_contact_path_exists,1,1,0.0,,,False,,
esm2_top4_bilstm_attn,train,1,not_magnitude_enriched,all_eligible_queries,query_distance_to_band_domain_boundary_sequence,1,1,12.015872955322266,,,False,,
esm2_top4_bilstm_attn,train,1,not_magnitude_enriched,all_eligible_queries,query_distance_to_community_boundary_edges,1,1,0.6140350898106893,,,False,,
esm2_top4_bilstm_attn,train,1,not_magnitude_enriched,all_eligible_queries,query_distance_to_ecod_boundary_sequence,1,1,12.015872955322266,,,False,,
esm2_top4_bilstm_attn,train,1,not_magnitude_enriched,all_eligible_queries,query_in_any_band,1,1,0.5,,,False,,
esm2_top4_bilstm_attn,train,1,not_magnitude_enriched,all_eligible_queries,query_to_band_contact_count,1,1,0.0,,,False,,
esm2_top4_bilstm_attn,train,1,not_magnitude_enriched,all_eligible_queries,query_to_band_contact_fraction,1,1,0.0,,,False,,
esm2_top4_bilstm_attn,train,1,not_magnitude_enriched,all_eligible_queries,query_water_contact_count,1,1,-0.3650793631871541,,,False,,
esm2_top4_bilstm_attn,train,1,not_magnitude_enriched,all_eligible_queries,reachable_query_water_entry_count,1,1,0.0,,,False,,
esm2_top4_bilstm_attn,train,1,not_magnitude_enriched,all_eligible_queries,relative_backbone_orientation_cosine,1,1,-0.6650267392396927,,,False,,
esm2_top4_bilstm_attn,train,1,not_magnitude_enriched,all_eligible_queries,rsa,1,1,0.0825389583432484,,,False,,
esm2_top4_bilstm_attn,train,1,not_magnitude_enriched,all_eligible_queries,same_community_as_band_apex,1,1,-0.0476190497477849,,,False,,
esm2_top4_bilstm_attn,train,1,not_magnitude_enriched,all_eligible_queries,same_community_as_band_majority,1,1,-0.0476190497477849,,,False,,
esm2_top4_bilstm_attn,train,1,not_magnitude_enriched,all_eligible_queries,same_ecod_domain_as_band_apex,1,1,0.0,,,False,,
esm2_top4_bilstm_attn,train,1,not_magnitude_enriched,all_eligible_queries,shared_water_count,1,1,0.0,,,False,,
esm2_top4_bilstm_attn,train,1,not_magnitude_enriched,all_eligible_queries,shared_water_fraction_of_band_contacts,1,1,0.0,,,False,,
esm2_top4_bilstm_attn,train,1,not_magnitude_enriched,all_eligible_queries,shared_water_fraction_of_query_contacts,1,1,0.0,,,False,,
esm2_top4_bilstm_attn,train,1,not_magnitude_enriched,all_eligible_queries,shares_any_ecod_domain_with_band,1,1,0.0,,,False,,
esm2_top4_bilstm_attn,train,1,not_magnitude_enriched,all_eligible_queries,shortest_nonlocal_contact_path_edges,1,1,0.8771929740905762,,,False,,
esm2_top4_bilstm_attn,train,1,not_magnitude_enriched,all_eligible_queries,shortest_ordinary_contact_path_edges,1,1,0.8650793234507242,,,False,,
esm2_top4_bilstm_attn,train,1,not_magnitude_enriched,all_eligible_queries,torsion_change_from_previous,1,1,44.0809700961563,,,False,,
esm2_top4_bilstm_attn,train,1,not_magnitude_enriched,all_eligible_queries,water_path_at_most_1,1,1,0.0,,,False,,
esm2_top4_bilstm_attn,train,1,not_magnitude_enriched,all_eligible_queries,water_path_at_most_2,1,1,0.0,,,False,,
esm2_top4_bilstm_attn,train,1,not_magnitude_enriched,all_eligible_queries,water_path_at_most_3,1,1,0.0,,,False,,
esm2_top4_bilstm_attn,train,1,not_magnitude_enriched,all_eligible_queries,water_path_exists,1,1,0.0,,,False,,
esm2_top4_bilstm_attn,train,1,not_magnitude_enriched,all_eligible_queries,water_path_without_direct_ca_contact,1,1,0.0,,,False,,
esm2_top4_bilstm_attn,train,1,not_magnitude_enriched,all_eligible_queries,water_path_without_direct_polar_contact,1,1,0.0,,,False,,
esm2_top4_bilstm_attn,train,1,not_magnitude_enriched,sequence_distal_ge21,absolute_backbone_orientation_cosine,1,1,0.1864437609910965,,,False,,
esm2_top4_bilstm_attn,train,1,not_magnitude_enriched,sequence_distal_ge21,absolute_sequence_separation,1,1,-13.34920634920635,,,False,,
esm2_top4_bilstm_attn,train,1,not_magnitude_enriched,sequence_distal_ge21,band_water_contact_count,1,1,0.0,,,False,,
esm2_top4_bilstm_attn,train,1,not_magnitude_enriched,sequence_distal_ge21,direct_ca_contact,1,1,0.0,,,False,,
esm2_top4_bilstm_attn,train,1,not_magnitude_enriched,sequence_distal_ge21,direct_putative_polar_contact,1,1,0.0,,,False,,
esm2_top4_bilstm_attn,train,1,not_magnitude_enriched,sequence_distal_ge21,direct_putative_polar_contact_count,1,1,0.0,,,False,,
esm2_top4_bilstm_attn,train,1,not_magnitude_enriched,sequence_distal_ge21,disorder,1,1,-0.079419656501462,,,False,,
esm2_top4_bilstm_attn,train,1,not_magnitude_enriched,sequence_distal_ge21,mean_query_contact_water_degree,1,1,-0.0892857313156127,,,False,,
esm2_top4_bilstm_attn,train,1,not_magnitude_enriched,sequence_distal_ge21,minimum_ca_distance_angstrom,1,1,5.633150736490886,,,False,,
esm2_top4_bilstm_attn,train,1,not_magnitude_enriched,sequence_distal_ge21,minimum_heavy_atom_distance_angstrom,1,1,6.65060027440389,,,False,,
esm2_top4_bilstm_attn,train,1,not_magnitude_enriched,sequence_distal_ge21,minimum_polar_atom_distance_angstrom,1,1,4.991682688395183,,,False,,
esm2_top4_bilstm_attn,train,1,not_magnitude_enriched,sequence_distal_ge21,neq,1,1,0.4259973544973549,,,False,,
esm2_top4_bilstm_attn,train,1,not_magnitude_enriched,sequence_distal_ge21,nonlocal_contact_path_exists,1,1,-0.1349206368128458,,,False,,
esm2_top4_bilstm_attn,train,1,not_magnitude_enriched,sequence_distal_ge21,normalized_query_position,1,1,-0.1003699725504237,,,False,,
esm2_top4_bilstm_attn,train,1,not_magnitude_enriched,sequence_distal_ge21,one_water_bridge,1,1,0.0,,,False,,
esm2_top4_bilstm_attn,train,1,not_magnitude_enriched,sequence_distal_ge21,ordinary_contact_path_exists,1,1,0.0,,,False,,
esm2_top4_bilstm_attn,train,1,not_magnitude_enriched,sequence_distal_ge21,query_distance_to_band_domain_boundary_sequence,1,1,12.015872955322266,,,False,,
esm2_top4_bilstm_attn,train,1,not_magnitude_enriched,sequence_distal_ge21,query_distance_to_community_boundary_edges,1,1,0.6140350898106893,,,False,,
esm2_top4_bilstm_attn,train,1,not_magnitude_enriched,sequence_distal_ge21,query_distance_to_ecod_boundary_sequence,1,1,12.015872955322266,,,False,,
esm2_top4_bilstm_attn,train,1,not_magnitude_enriched,sequence_distal_ge21,query_in_any_band,1,1,0.5,,,False,,
esm2_top4_bilstm_attn,train,1,not_magnitude_enriched,sequence_distal_ge21,query_to_band_contact_count,1,1,0.0,,,False,,
esm2_top4_bilstm_attn,train,1,not_magnitude_enriched,sequence_distal_ge21,query_to_band_contact_fraction,1,1,0.0,,,False,,
esm2_top4_bilstm_attn,train,1,not_magnitude_enriched,sequence_distal_ge21,query_water_contact_count,1,1,-0.3650793631871541,,,False,,
esm2_top4_bilstm_attn,train,1,not_magnitude_enriched,sequence_distal_ge21,reachable_query_water_entry_count,1,1,0.0,,,False,,
esm2_top4_bilstm_attn,train,1,not_magnitude_enriched,sequence_distal_ge21,relative_backbone_orientation_cosine,1,1,-0.6650267392396927,,,False,,
esm2_top4_bilstm_attn,train,1,not_magnitude_enriched,sequence_distal_ge21,rsa,1,1,0.0825389583432484,,,False,,
esm2_top4_bilstm_attn,train,1,not_magnitude_enriched,sequence_distal_ge21,same_community_as_band_apex,1,1,-0.0476190497477849,,,False,,
esm2_top4_bilstm_attn,train,1,not_magnitude_enriched,sequence_distal_ge21,same_community_as_band_majority,1,1,-0.0476190497477849,,,False,,
esm2_top4_bilstm_attn,train,1,not_magnitude_enriched,sequence_distal_ge21,same_ecod_domain_as_band_apex,1,1,0.0,,,False,,
esm2_top4_bilstm_attn,train,1,not_magnitude_enriched,sequence_distal_ge21,shared_water_count,1,1,0.0,,,False,,
esm2_top4_bilstm_attn,train,1,not_magnitude_enriched,sequence_distal_ge21,shared_water_fraction_of_band_contacts,1,1,0.0,,,False,,
esm2_top4_bilstm_attn,train,1,not_magnitude_enriched,sequence_distal_ge21,shared_water_fraction_of_query_contacts,1,1,0.0,,,False,,
esm2_top4_bilstm_attn,train,1,not_magnitude_enriched,sequence_distal_ge21,shares_any_ecod_domain_with_band,1,1,0.0,,,False,,
esm2_top4_bilstm_attn,train,1,not_magnitude_enriched,sequence_distal_ge21,shortest_nonlocal_contact_path_edges,1,1,0.8771929740905762,,,False,,
esm2_top4_bilstm_attn,train,1,not_magnitude_enriched,sequence_distal_ge21,shortest_ordinary_contact_path_edges,1,1,0.8650793234507242,,,False,,
esm2_top4_bilstm_attn,train,1,not_magnitude_enriched,sequence_distal_ge21,torsion_change_from_previous,1,1,44.0809700961563,,,False,,
esm2_top4_bilstm_attn,train,1,not_magnitude_enriched,sequence_distal_ge21,water_path_at_most_1,1,1,0.0,,,False,,
esm2_top4_bilstm_attn,train,1,not_magnitude_enriched,sequence_distal_ge21,water_path_at_most_2,1,1,0.0,,,False,,
esm2_top4_bilstm_attn,train,1,not_magnitude_enriched,sequence_distal_ge21,water_path_at_most_3,1,1,0.0,,,False,,
esm2_top4_bilstm_attn,train,1,not_magnitude_enriched,sequence_distal_ge21,water_path_exists,1,1,0.0,,,False,,
esm2_top4_bilstm_attn,train,1,not_magnitude_enriched,sequence_distal_ge21,water_path_without_direct_ca_contact,1,1,0.0,,,False,,
esm2_top4_bilstm_attn,train,1,not_magnitude_enriched,sequence_distal_ge21,water_path_without_direct_polar_contact,1,1,0.0,,,False,,
esm2_top4_bilstm_attn,train,1,not_magnitude_enriched,sequence_distal_ge21_no_direct_ca,absolute_backbone_orientation_cosine,1,1,0.1864437609910965,,,False,,
esm2_top4_bilstm_attn,train,1,not_magnitude_enriched,sequence_distal_ge21_no_direct_ca,absolute_sequence_separation,1,1,-16.682539682539684,,,False,,
esm2_top4_bilstm_attn,train,1,not_magnitude_enriched,sequence_distal_ge21_no_direct_ca,band_water_contact_count,1,1,0.0,,,False,,
esm2_top4_bilstm_attn,train,1,not_magnitude_enriched,sequence_distal_ge21_no_direct_ca,direct_ca_contact,1,1,0.0,,,False,,
esm2_top4_bilstm_attn,train,1,not_magnitude_enriched,sequence_distal_ge21_no_direct_ca,direct_putative_polar_contact,1,1,0.0,,,False,,
esm2_top4_bilstm_attn,train,1,not_magnitude_enriched,sequence_distal_ge21_no_direct_ca,direct_putative_polar_contact_count,1,1,0.0,,,False,,
esm2_top4_bilstm_attn,train,1,not_magnitude_enriched,sequence_distal_ge21_no_direct_ca,disorder,1,1,0.0350258395386239,,,False,,
esm2_top4_bilstm_attn,train,1,not_magnitude_enriched,sequence_distal_ge21_no_direct_ca,mean_query_contact_water_degree,1,1,-0.0892857313156127,,,False,,
esm2_top4_bilstm_attn,train,1,not_magnitude_enriched,sequence_distal_ge21_no_direct_ca,minimum_ca_distance_angstrom,1,1,5.633150736490886,,,False,,
esm2_top4_bilstm_attn,train,1,not_magnitude_enriched,sequence_distal_ge21_no_direct_ca,minimum_heavy_atom_distance_angstrom,1,1,6.65060027440389,,,False,,
esm2_top4_bilstm_attn,train,1,not_magnitude_enriched,sequence_distal_ge21_no_direct_ca,minimum_polar_atom_distance_angstrom,1,1,4.991682688395183,,,False,,
esm2_top4_bilstm_attn,train,1,not_magnitude_enriched,sequence_distal_ge21_no_direct_ca,neq,1,1,1.2489417989417992,,,False,,
esm2_top4_bilstm_attn,train,1,not_magnitude_enriched,sequence_distal_ge21_no_direct_ca,nonlocal_contact_path_exists,1,1,-0.1349206368128458,,,False,,
esm2_top4_bilstm_attn,train,1,not_magnitude_enriched,sequence_distal_ge21_no_direct_ca,normalized_query_position,1,1,0.1878505788280224,,,False,,
esm2_top4_bilstm_attn,train,1,not_magnitude_enriched,sequence_distal_ge21_no_direct_ca,one_water_bridge,1,1,0.0,,,False,,
esm2_top4_bilstm_attn,train,1,not_magnitude_enriched,sequence_distal_ge21_no_direct_ca,ordinary_contact_path_exists,1,1,0.0,,,False,,
esm2_top4_bilstm_attn,train,1,not_magnitude_enriched,sequence_distal_ge21_no_direct_ca,query_distance_to_band_domain_boundary_sequence,1,1,12.015872955322266,,,False,,
esm2_top4_bilstm_attn,train,1,not_magnitude_enriched,sequence_distal_ge21_no_direct_ca,query_distance_to_community_boundary_edges,1,1,0.6140350898106893,,,False,,
esm2_top4_bilstm_attn,train,1,not_magnitude_enriched,sequence_distal_ge21_no_direct_ca,query_distance_to_ecod_boundary_sequence,1,1,12.015872955322266,,,False,,
esm2_top4_bilstm_attn,train,1,not_magnitude_enriched,sequence_distal_ge21_no_direct_ca,query_in_any_band,1,1,0.5,,,False,,
esm2_top4_bilstm_attn,train,1,not_magnitude_enriched,sequence_distal_ge21_no_direct_ca,query_to_band_contact_count,1,1,0.0,,,False,,
esm2_top4_bilstm_attn,train,1,not_magnitude_enriched,sequence_distal_ge21_no_direct_ca,query_to_band_contact_fraction,1,1,0.0,,,False,,
esm2_top4_bilstm_attn,train,1,not_magnitude_enriched,sequence_distal_ge21_no_direct_ca,query_water_contact_count,1,1,-0.3650793631871541,,,False,,
esm2_top4_bilstm_attn,train,1,not_magnitude_enriched,sequence_distal_ge21_no_direct_ca,reachable_query_water_entry_count,1,1,0.0,,,False,,
esm2_top4_bilstm_attn,train,1,not_magnitude_enriched,sequence_distal_ge21_no_direct_ca,relative_backbone_orientation_cosine,1,1,-0.6650267392396927,,,False,,
esm2_top4_bilstm_attn,train,1,not_magnitude_enriched,sequence_distal_ge21_no_direct_ca,rsa,1,1,0.1190434306386917,,,False,,
esm2_top4_bilstm_attn,train,1,not_magnitude_enriched,sequence_distal_ge21_no_direct_ca,same_community_as_band_apex,1,1,-0.0476190497477849,,,False,,
esm2_top4_bilstm_attn,train,1,not_magnitude_enriched,sequence_distal_ge21_no_direct_ca,same_community_as_band_majority,1,1,-0.0476190497477849,,,False,,
esm2_top4_bilstm_attn,train,1,not_magnitude_enriched,sequence_distal_ge21_no_direct_ca,same_ecod_domain_as_band_apex,1,1,0.0,,,False,,
esm2_top4_bilstm_attn,train,1,not_magnitude_enriched,sequence_distal_ge21_no_direct_ca,shared_water_count,1,1,0.0,,,False,,
esm2_top4_bilstm_attn,train,1,not_magnitude_enriched,sequence_distal_ge21_no_direct_ca,shared_water_fraction_of_band_contacts,1,1,0.0,,,False,,
esm2_top4_bilstm_attn,train,1,not_magnitude_enriched,sequence_distal_ge21_no_direct_ca,shared_water_fraction_of_query_contacts,1,1,0.0,,,False,,
esm2_top4_bilstm_attn,train,1,not_magnitude_enriched,sequence_distal_ge21_no_direct_ca,shares_any_ecod_domain_with_band,1,1,0.0,,,False,,
esm2_top4_bilstm_attn,train,1,not_magnitude_enriched,sequence_distal_ge21_no_direct_ca,shortest_nonlocal_contact_path_edges,1,1,0.8771929740905762,,,False,,
esm2_top4_bilstm_attn,train,1,not_magnitude_enriched,sequence_distal_ge21_no_direct_ca,shortest_ordinary_contact_path_edges,1,1,0.8650793234507242,,,False,,
esm2_top4_bilstm_attn,train,1,not_magnitude_enriched,sequence_distal_ge21_no_direct_ca,torsion_change_from_previous,1,1,34.735631951094554,,,False,,
esm2_top4_bilstm_attn,train,1,not_magnitude_enriched,sequence_distal_ge21_no_direct_ca,water_path_at_most_1,1,1,0.0,,,False,,
esm2_top4_bilstm_attn,train,1,not_magnitude_enriched,sequence_distal_ge21_no_direct_ca,water_path_at_most_2,1,1,0.0,,,False,,
esm2_top4_bilstm_attn,train,1,not_magnitude_enriched,sequence_distal_ge21_no_direct_ca,water_path_at_most_3,1,1,0.0,,,False,,
esm2_top4_bilstm_attn,train,1,not_magnitude_enriched,sequence_distal_ge21_no_direct_ca,water_path_exists,1,1,0.0,,,False,,
esm2_top4_bilstm_attn,train,1,not_magnitude_enriched,sequence_distal_ge21_no_direct_ca,water_path_without_direct_ca_contact,1,1,0.0,,,False,,
esm2_top4_bilstm_attn,train,1,not_magnitude_enriched,sequence_distal_ge21_no_direct_ca,water_path_without_direct_polar_contact,1,1,0.0,,,False,,
esm2_top4_bilstm_attn,train,1,evidence_dominated,sequence_distal_ge21_no_direct_ca,shortest_water_path_water_count,3,3,0.6666666666666666,,,False,,
esm2_top4_bilstm_attn,validation,-1,combined,all_eligible_queries,absolute_backbone_orientation_cosine,146,510,0.012476313255100228,-0.00800968030260259,0.032962306812803044,True,0.11553971025192661,0.26972592104948034
esm2_top4_bilstm_attn,validation,-1,combined,all_eligible_queries,absolute_sequence_separation,146,510,1.5467861380661807,-0.4497086659531435,3.543280942085505,True,0.21431491737771186,0.43948672013423384
esm2_top4_bilstm_attn,validation,-1,combined,all_eligible_queries,band_water_contact_count,146,510,0.00039515212246272053,-0.00038585006866887227,0.0011761543135943133,True,1.0,1.0
esm2_top4_bilstm_attn,validation,-1,combined,all_eligible_queries,direct_ca_contact,146,510,0.1039220625784177,0.07065932559925721,0.13718479955757817,True,1.1837867653112194e-11,9.77952821628534e-11
esm2_top4_bilstm_attn,validation,-1,combined,all_eligible_queries,direct_putative_polar_contact,146,510,0.022793852510353825,0.003183664369994725,0.042404040650712925,True,0.007905180027859783,0.027961215018902225
esm2_top4_bilstm_attn,validation,-1,combined,all_eligible_queries,direct_putative_polar_contact_count,146,510,0.1972980500746195,0.13237190292373827,0.2622241972255007,True,2.509086976240059e-07,1.5530250886574553e-06
esm2_top4_bilstm_attn,validation,-1,combined,all_eligible_queries,disorder,146,510,-0.019050660099860287,-0.024740928630431685,-0.01336039156928889,True,4.188799933293481e-37,9.7449782356161e-36
esm2_top4_bilstm_attn,validation,-1,combined,all_eligible_queries,mean_query_contact_water_degree,127,459,0.04617343618875993,-0.0072392703768459285,0.09958614275436578,True,0.4034696996553114,0.6827948763397577
esm2_top4_bilstm_attn,validation,-1,combined,all_eligible_queries,minimum_ca_distance_angstrom,146,510,-1.9327974677656181,-2.4037507623333134,-1.4618441731979228,True,6.54725587913841e-10,4.871928639476522e-09
esm2_top4_bilstm_attn,validation,-1,combined,all_eligible_queries,minimum_heavy_atom_distance_angstrom,146,510,-1.759382351923819,-2.216993095865779,-1.3017716079818589,True,5.782859615561113e-09,4.049377708703379e-08
esm2_top4_bilstm_attn,validation,-1,combined,all_eligible_queries,minimum_polar_atom_distance_angstrom,146,510,-1.2860813505288577,-1.7371377132548291,-0.8350249878028864,True,4.10688489232434e-06,2.2587866907783873e-05
esm2_top4_bilstm_attn,validation,-1,combined,all_eligible_queries,neq,146,510,-0.36206344259218304,-0.4028021676223376,-0.32132471756202846,True,3.587324068671532e-43,1.1902858877034721e-41
esm2_top4_bilstm_attn,validation,-1,combined,all_eligible_queries,nonlocal_contact_path_exists,146,510,0.0009496313331243241,-0.0018404677341165732,0.003739730400365221,True,0.0224609375,0.07114387715179969
esm2_top4_bilstm_attn,validation,-1,combined,all_eligible_queries,normalized_query_position,146,510,-0.003233861904479306,-0.022782010084004798,0.016314286275046188,True,0.5625209423048497,0.8421171503143607
esm2_top4_bilstm_attn,validation,-1,combined,all_eligible_queries,one_water_bridge,146,510,0.0032835326432035547,-0.0019702301167497265,0.008537295403156836,True,0.5600646295802106,0.8403045294813538
esm2_top4_bilstm_attn,validation,-1,combined,all_eligible_queries,ordinary_contact_path_exists,146,510,0.0,0.0,0.0,True,1.0,1.0
esm2_top4_bilstm_attn,validation,-1,combined,all_eligible_queries,query_distance_to_band_domain_boundary_sequence,146,503,0.901972596827484,-1.3763129847062676,3.180258178361236,True,0.28193653412987346,0.5278811702857206
esm2_top4_bilstm_attn,validation,-1,combined,all_eligible_queries,query_distance_to_community_boundary_edges,146,510,-0.3320510540745396,-0.40944936893567807,-0.25465273921340115,True,1.0942877832555666e-10,8.651712786364324e-10
esm2_top4_bilstm_attn,validation,-1,combined,all_eligible_queries,query_distance_to_ecod_boundary_sequence,146,510,-0.6892801747904348,-2.919414201473417,1.5408538518925474,True,0.6791635203785469,0.965862270212767
esm2_top4_bilstm_attn,validation,-1,combined,all_eligible_queries,query_in_any_band,146,510,0.6382713228392356,0.580290475737876,0.6962521699405952,True,5.757003751733212e-29,1.0132326603050453e-27
esm2_top4_bilstm_attn,validation,-1,combined,all_eligible_queries,query_to_band_contact_count,146,510,0.36539042080099504,0.2672127117456207,0.46356812985636936,True,3.571325085937707e-17,3.864803026787775e-16
esm2_top4_bilstm_attn,validation,-1,combined,all_eligible_queries,query_to_band_contact_fraction,146,510,0.05855725832857429,0.043502743216982054,0.07361177344016652,True,6.1372914856593e-18,7.098215981128242e-17
esm2_top4_bilstm_attn,validation,-1,combined,all_eligible_queries,query_water_contact_count,146,510,-0.28807155931521683,-0.3652529212184463,-0.21089019741198733,True,6.299032616264295e-14,5.768887789737073e-13
esm2_top4_bilstm_attn,validation,-1,combined,all_eligible_queries,reachable_query_water_entry_count,146,510,0.003067130093878898,-0.0060361593671514,0.012170419554909197,True,0.6146550157654618,0.9021477533787488
esm2_top4_bilstm_attn,validation,-1,combined,all_eligible_queries,relative_backbone_orientation_cosine,146,510,-0.005373332087975223,-0.044104985393796446,0.033358321217845995,True,0.6791635203785469,0.965862270212767
esm2_top4_bilstm_attn,validation,-1,combined,all_eligible_queries,rsa,146,510,-0.17396893087182494,-0.19416902157716986,-0.15376884016648001,True,1.5483953282525364e-30,2.9565586267765415e-29
esm2_top4_bilstm_attn,validation,-1,combined,all_eligible_queries,same_community_as_band_apex,146,510,0.03860243622425091,0.008519380443880366,0.06868549200462146,True,0.19818134136296922,0.41267390423729394
esm2_top4_bilstm_attn,validation,-1,combined,all_eligible_queries,same_community_as_band_majority,146,477,0.015667389499511256,-0.01783494424669045,0.04916972324571296,True,0.6635853603383618,0.9491849959892892
esm2_top4_bilstm_attn,validation,-1,combined,all_eligible_queries,same_ecod_domain_as_band_apex,146,503,-0.012397863938968301,-0.02728611238930097,0.0024903845113643693,True,0.09246098107292373,0.22766548137663944
esm2_top4_bilstm_attn,validation,-1,combined,all_eligible_queries,shared_water_count,146,510,0.003115348473864688,-0.002159683055925088,0.008390380003654463,True,0.5600646295802106,0.8403045294813538
esm2_top4_bilstm_attn,validation,-1,combined,all_eligible_queries,shared_water_fraction_of_band_contacts,146,510,0.0006307592363248913,-0.0010977375863330317,0.0023592560589828144,True,0.38169339766321275,0.6552534490018278
esm2_top4_bilstm_attn,validation,-1,combined,all_eligible_queries,shared_water_fraction_of_query_contacts,146,510,0.0019995119829652503,-0.000872263892289905,0.0048712878582204055,True,0.38169339766321275,0.6552534490018278
esm2_top4_bilstm_attn,validation,-1,combined,all_eligible_queries,shares_any_ecod_domain_with_band,146,503,-0.012607296789521863,-0.027470268842510557,0.0022556752634668303,True,0.051893895928921435,0.14447489045410866
esm2_top4_bilstm_attn,validation,-1,combined,all_eligible_queries,shortest_nonlocal_contact_path_edges,146,510,-0.4044368081967256,-0.5039155046120696,-0.30495811178138166,True,8.595663351161875e-09,5.8974991941530965e-08
esm2_top4_bilstm_attn,validation,-1,combined,all_eligible_queries,shortest_ordinary_contact_path_edges,146,510,-0.3678456152772106,-0.4650280142424665,-0.2706632163119547,True,1.980365676693408e-09,1.4113592005730486e-08
esm2_top4_bilstm_attn,validation,-1,combined,all_eligible_queries,torsion_change_from_previous,146,510,-40.338372368122464,-45.68237811094404,-34.994366625300884,True,4.188799933293481e-37,9.7449782356161e-36
esm2_top4_bilstm_attn,validation,-1,combined,all_eligible_queries,water_path_at_most_1,146,510,0.0032835326432035547,-0.0019702301167497265,0.008537295403156836,True,0.5600646295802106,0.8403045294813538
esm2_top4_bilstm_attn,validation,-1,combined,all_eligible_queries,water_path_at_most_2,146,510,0.004561302645211112,-0.0015350774667150617,0.010657682757137285,True,0.23704711476271959,0.4731591324257835
esm2_top4_bilstm_attn,validation,-1,combined,all_eligible_queries,water_path_at_most_3,146,510,0.002728835122901984,-0.004567748067674165,0.010025418313478134,True,0.7981526273057179,1.0
esm2_top4_bilstm_attn,validation,-1,combined,all_eligible_queries,water_path_exists,146,510,0.0025329365530878376,-0.004800496894654794,0.00986637000083047,True,0.7035366713552733,0.9806874812831082
esm2_top4_bilstm_attn,validation,-1,combined,all_eligible_queries,water_path_without_direct_ca_contact,146,510,-0.0039237422653481124,-0.008089226341406606,0.00024174181071038095,True,0.05325191409792752,0.14744442426019877
esm2_top4_bilstm_attn,validation,-1,combined,all_eligible_queries,water_path_without_direct_polar_contact,146,510,-0.0003080341793241643,-0.005579789002420383,0.004963720643772054,True,0.6834892282353371,0.965862270212767
esm2_top4_bilstm_attn,validation,-1,combined,sequence_distal_ge21,absolute_backbone_orientation_cosine,141,498,0.003543700383308137,-0.01975347788319591,0.026840878649812182,True,0.7363564588511886,1.0
esm2_top4_bilstm_attn,validation,-1,combined,sequence_distal_ge21,absolute_sequence_separation,141,498,1.5604485479310122,-0.9107279791151179,4.031625074977143,True,0.3122129316569953,0.5723903747044914
esm2_top4_bilstm_attn,validation,-1,combined,sequence_distal_ge21,band_water_contact_count,141,498,0.0,0.0,0.0,True,1.0,1.0
esm2_top4_bilstm_attn,validation,-1,combined,sequence_distal_ge21,direct_ca_contact,141,498,0.08225339915953699,0.047866060694400116,0.11664073762467386,True,5.801973989742983e-09,4.049377708703379e-08
esm2_top4_bilstm_attn,validation,-1,combined,sequence_distal_ge21,direct_putative_polar_contact,141,498,-0.010849012515830925,-0.02519590427154595,0.0034978792398840993,True,0.13367423536410522,0.30061850264105444
esm2_top4_bilstm_attn,validation,-1,combined,sequence_distal_ge21,direct_putative_polar_contact_count,141,498,-0.015072232202283532,-0.03392353433869222,0.0037790699341251587,True,0.13367423536410522,0.30061850264105444
esm2_top4_bilstm_attn,validation,-1,combined,sequence_distal_ge21,disorder,141,498,-0.020559621907840865,-0.027198723920930305,-0.013920519894751425,True,1.4293474894005e-31,2.8087372024724386e-30
esm2_top4_bilstm_attn,validation,-1,combined,sequence_distal_ge21,mean_query_contact_water_degree,121,447,0.04607797964469797,-0.008367946074660765,0.1005239053640567,True,0.5007663934164359,0.7766675710918516
esm2_top4_bilstm_attn,validation,-1,combined,sequence_distal_ge21,minimum_ca_distance_angstrom,141,498,-2.1142877257510886,-2.6792998003930637,-1.5492756511091135,True,1.4687075361732718e-08,9.90888017738234e-08
esm2_top4_bilstm_attn,validation,-1,combined,sequence_distal_ge21,minimum_heavy_atom_distance_angstrom,141,498,-1.9343995040035804,-2.4771408867573177,-1.3916581212498431,True,5.079870071859821e-09,3.570019800501485e-08
esm2_top4_bilstm_attn,validation,-1,combined,sequence_distal_ge21,minimum_polar_atom_distance_angstrom,141,498,-1.5353621607566075,-2.0821651121918476,-0.9885592093213672,True,2.0959479713682064e-05,0.00010905395100383676
esm2_top4_bilstm_attn,validation,-1,combined,sequence_distal_ge21,neq,141,498,-0.37677529630305034,-0.4283760572977748,-0.3251745353083259,True,7.978208728725487e-40,2.18214790093789e-38
esm2_top4_bilstm_attn,validation,-1,combined,sequence_distal_ge21,nonlocal_contact_path_exists,141,498,0.0013688846753280462,-0.001971630210986298,0.004709399561642391,True,0.00634765625,0.02294224330357143
esm2_top4_bilstm_attn,validation,-1,combined,sequence_distal_ge21,normalized_query_position,141,498,-0.004853105675306631,-0.02802442936411411,0.01831821801350085,True,0.23828700628615238,0.4742309741624114
esm2_top4_bilstm_attn,validation,-1,combined,sequence_distal_ge21,one_water_bridge,141,498,-0.00017418874434519587,-0.0027418861271817497,0.0023935086384913582,True,1.0,1.0
esm2_top4_bilstm_attn,validation,-1,combined,sequence_distal_ge21,ordinary_contact_path_exists,141,498,0.0,0.0,0.0,True,1.0,1.0
esm2_top4_bilstm_attn,validation,-1,combined,sequence_distal_ge21,query_distance_to_band_domain_boundary_sequence,141,491,0.2311131020415685,-2.583792198613141,3.046018402696278,True,1.0,1.0
esm2_top4_bilstm_attn,validation,-1,combined,sequence_distal_ge21,query_distance_to_community_boundary_edges,141,497,-0.33233176076201665,-0.4089127694797155,-0.2557507520443178,True,2.876303627501573e-10,2.2219994435355664e-09
esm2_top4_bilstm_attn,validation,-1,combined,sequence_distal_ge21,query_distance_to_ecod_boundary_sequence,141,498,-1.670021023910783,-4.415437670295306,1.0753956224737398,True,0.3122129316569953,0.5723903747044914
esm2_top4_bilstm_attn,validation,-1,combined,sequence_distal_ge21,query_in_any_band,141,498,0.6929061042407002,0.6326287847664067,0.7531834237149937,True,1.6442075142553407e-28,2.8202339058074656e-27
esm2_top4_bilstm_attn,validation,-1,combined,sequence_distal_ge21,query_to_band_contact_count,141,498,0.14081578000433528,0.060774958289077155,0.22085660171959343,True,1.8572197619267014e-08,1.2488414611759615e-07
esm2_top4_bilstm_attn,validation,-1,combined,sequence_distal_ge21,query_to_band_contact_fraction,141,498,0.01931260828014584,0.009637769151782882,0.028987447408508796,True,5.6882868507839105e-08,3.7019590308638697e-07
esm2_top4_bilstm_attn,validation,-1,combined,sequence_distal_ge21,query_water_contact_count,141,498,-0.3411158569508491,-0.4253816315482043,-0.25685008235349394,True,1.6792503094944683e-13,1.510578945074135e-12
esm2_top4_bilstm_attn,validation,-1,combined,sequence_distal_ge21,reachable_query_water_entry_count,141,498,-0.0015073880887233253,-0.009123202976779403,0.006108426799332753,True,0.887724827340783,1.0
esm2_top4_bilstm_attn,validation,-1,combined,sequence_distal_ge21,relative_backbone_orientation_cosine,141,498,-0.004717701417609028,-0.05095268232149337,0.041517279486275316,True,0.500629264525242,0.7766675710918516
esm2_top4_bilstm_attn,validation,-1,combined,sequence_distal_ge21,rsa,141,498,-0.16490233309562527,-0.18546761784779497,-0.14433704834345557,True,2.4139453472431493e-30,4.566191946560873e-29
esm2_top4_bilstm_attn,validation,-1,combined,sequence_distal_ge21,same_community_as_band_apex,141,498,0.025898715168605764,-0.008282350889869165,0.06007978122708069,True,0.24292283198051143,0.4814462416745956
esm2_top4_bilstm_attn,validation,-1,combined,sequence_distal_ge21,same_community_as_band_majority,141,465,0.020092312238314897,-0.01627816878794703,0.05646279326457682,True,0.927315021089884,1.0
esm2_top4_bilstm_attn,validation,-1,combined,sequence_distal_ge21,same_ecod_domain_as_band_apex,141,491,-0.012027262403524653,-0.02758694490509786,0.0035324200980485516,True,0.09246098107292373,0.22766548137663944
esm2_top4_bilstm_attn,validation,-1,combined,sequence_distal_ge21,shared_water_count,141,498,-0.0005969771388309497,-0.0033485416731510367,0.0021545873954891374,True,1.0,1.0
esm2_top4_bilstm_attn,validation,-1,combined,sequence_distal_ge21,shared_water_fraction_of_band_contacts,141,498,-0.00015774482543119285,-0.000694231284784619,0.0003787416339222333,True,1.0,1.0
esm2_top4_bilstm_attn,validation,-1,combined,sequence_distal_ge21,shared_water_fraction_of_query_contacts,141,498,0.00032244885307852007,-0.0015376500978738425,0.0021825478040308826,True,1.0,1.0
esm2_top4_bilstm_attn,validation,-1,combined,sequence_distal_ge21,shares_any_ecod_domain_with_band,141,491,-0.012175246760058205,-0.0277423249553489,0.0033918314352324903,True,0.09246098107292373,0.22766548137663944
esm2_top4_bilstm_attn,validation,-1,combined,sequence_distal_ge21,shortest_nonlocal_contact_path_edges,140,496,-0.4753056883739457,-0.5949337598684162,-0.3556776168794752,True,6.0187717660317e-08,3.879615940907058e-07
esm2_top4_bilstm_attn,validation,-1,combined,sequence_distal_ge21,shortest_ordinary_contact_path_edges,141,498,-0.45525788527370215,-0.5674548226282811,-0.3430609479191232,True,5.447167391561191e-10,4.113830895716362e-09
esm2_top4_bilstm_attn,validation,-1,combined,sequence_distal_ge21,torsion_change_from_previous,141,498,-40.4447615311898,-45.83538102319304,-35.05414203918656,True,3.352870916839435e-37,7.983777336097666e-36
esm2_top4_bilstm_attn,validation,-1,combined,sequence_distal_ge21,water_path_at_most_1,141,498,-0.00017418874434519587,-0.0027418861271817497,0.0023935086384913582,True,1.0,1.0
esm2_top4_bilstm_attn,validation,-1,combined,sequence_distal_ge21,water_path_at_most_2,141,498,0.0009085285862419948,-0.0042892965372805965,0.006106353709764586,True,0.8829959121223965,1.0
esm2_top4_bilstm_attn,validation,-1,combined,sequence_distal_ge21,water_path_at_most_3,141,498,-4.329352701987819e-05,-0.007070210684483544,0.006983623630443788,True,1.0,1.0
esm2_top4_bilstm_attn,validation,-1,combined,sequence_distal_ge21,water_path_exists,141,498,-0.0002484607135830562,-0.007317737680216794,0.0068208162530506815,True,1.0,1.0
esm2_top4_bilstm_attn,validation,-1,combined,sequence_distal_ge21,water_path_without_direct_ca_contact,141,498,-0.004183662601996151,-0.008553312416619377,0.00018598721262707424,True,0.05761267291381955,0.1561018071988899
esm2_top4_bilstm_attn,validation,-1,combined,sequence_distal_ge21,water_path_without_direct_polar_contact,141,498,0.0004252615223980401,-0.0067518075126889975,0.007602330557485078,True,1.0,1.0
esm2_top4_bilstm_attn,validation,-1,combined,sequence_distal_ge21_no_direct_ca,absolute_backbone_orientation_cosine,136,491,-0.0032420536293270704,-0.023903331979311767,0.017419224720657624,True,0.9317076151509971,1.0
esm2_top4_bilstm_attn,validation,-1,combined,sequence_distal_ge21_no_direct_ca,absolute_sequence_separation,136,491,1.8264702051392714,-0.7580816922014497,4.4110221024799925,True,0.7307894394358097,1.0
esm2_top4_bilstm_attn,validation,-1,combined,sequence_distal_ge21_no_direct_ca,band_water_contact_count,136,491,0.0,0.0,0.0,True,1.0,1.0
esm2_top4_bilstm_attn,validation,-1,combined,sequence_distal_ge21_no_direct_ca,direct_ca_contact,136,491,0.0,0.0,0.0,True,1.0,1.0
esm2_top4_bilstm_attn,validation,-1,combined,sequence_distal_ge21_no_direct_ca,direct_putative_polar_contact,136,491,0.00043080478872233865,-0.0049657016163392655,0.005827311193783942,True,0.11018416518345475,0.2590159701873547
esm2_top4_bilstm_attn,validation,-1,combined,sequence_distal_ge21_no_direct_ca,direct_putative_polar_contact_count,136,491,0.000443659581467774,-0.004952739606787354,0.005840058769722902,True,0.11018416518345475,0.2590159701873547
esm2_top4_bilstm_attn,validation,-1,combined,sequence_distal_ge21_no_direct_ca,disorder,136,491,-0.019161353017101628,-0.025591578509868644,-0.012731127524334612,True,3.539726488449058e-30,6.513096738746267e-29
esm2_top4_bilstm_attn,validation,-1,combined,sequence_distal_ge21_no_direct_ca,mean_query_contact_water_degree,121,443,0.03921088925968024,-0.014577788794381756,0.09299956731374223,True,0.3865726089882613,0.6599624158957107
esm2_top4_bilstm_attn,validation,-1,combined,sequence_distal_ge21_no_direct_ca,minimum_ca_distance_angstrom,136,491,-1.7976295208690143,-2.393058298533548,-1.2022007432044803,True,1.7393820303561728e-06,9.916927406875756e-06
esm2_top4_bilstm_attn,validation,-1,combined,sequence_distal_ge21_no_direct_ca,minimum_heavy_atom_distance_angstrom,136,491,-1.6604568819896837,-2.2393841991665613,-1.081529564812806,True,2.168968539085815e-05,0.00011227601849385394
esm2_top4_bilstm_attn,validation,-1,combined,sequence_distal_ge21_no_direct_ca,minimum_polar_atom_distance_angstrom,136,491,-1.3253309669906386,-1.9106421606123682,-0.7400197733689089,True,0.0076238271738663125,0.027214508289074808
esm2_top4_bilstm_attn,validation,-1,combined,sequence_distal_ge21_no_direct_ca,neq,136,491,-0.3601336235091728,-0.4118751203199468,-0.30839212669839877,True,2.4611912970341645e-38,6.226813981496436e-37
esm2_top4_bilstm_attn,validation,-1,combined,sequence_distal_ge21_no_direct_ca,nonlocal_contact_path_exists,136,491,0.0005873774780946582,-0.004537086672014539,0.005711841628203856,True,0.00634765625,0.02294224330357143
esm2_top4_bilstm_attn,validation,-1,combined,sequence_distal_ge21_no_direct_ca,normalized_query_position,136,491,-0.006739941011147744,-0.031335483063769924,0.017855601041474434,True,0.34559256586088544,0.6119679381473597
esm2_top4_bilstm_attn,validation,-1,combined,sequence_distal_ge21_no_direct_ca,one_water_bridge,136,491,-0.00047430579922745305,-0.0022664588681972726,0.0013178472697423665,True,0.454498291015625,0.7376940986492582
esm2_top4_bilstm_attn,validation,-1,combined,sequence_distal_ge21_no_direct_ca,ordinary_contact_path_exists,136,491,0.0,0.0,0.0,True,1.0,1.0
esm2_top4_bilstm_attn,validation,-1,combined,sequence_distal_ge21_no_direct_ca,query_distance_to_band_domain_boundary_sequence,136,484,0.3144486939568857,-2.5926627050797144,3.221560092993486,True,0.7307894394358097,1.0
esm2_top4_bilstm_attn,validation,-1,combined,sequence_distal_ge21_no_direct_ca,query_distance_to_community_boundary_edges,136,490,-0.3327064453466577,-0.4124845427430929,-0.25292834795022257,True,9.920107218562598e-09,6.78320844944956e-08
esm2_top4_bilstm_attn,validation,-1,combined,sequence_distal_ge21_no_direct_ca,query_distance_to_ecod_boundary_sequence,136,491,-1.942894536561871,-4.759127687160031,0.8733386140362891,True,0.3895026289761408,0.6619255424414013
esm2_top4_bilstm_attn,validation,-1,combined,sequence_distal_ge21_no_direct_ca,query_in_any_band,136,491,0.7201429090882705,0.6668493663870835,0.7734364517894575,True,2.4315399222324126e-31,4.7321507717292335e-30
esm2_top4_bilstm_attn,validation,-1,combined,sequence_distal_ge21_no_direct_ca,query_to_band_contact_count,136,491,0.0,0.0,0.0,True,1.0,1.0
esm2_top4_bilstm_attn,validation,-1,combined,sequence_distal_ge21_no_direct_ca,query_to_band_contact_fraction,136,491,0.0,0.0,0.0,True,1.0,1.0
esm2_top4_bilstm_attn,validation,-1,combined,sequence_distal_ge21_no_direct_ca,query_water_contact_count,136,491,-0.31156795666312737,-0.4030604381468907,-0.22007547517936404,True,2.619696999224792e-11,2.1294243881248915e-10
esm2_top4_bilstm_attn,validation,-1,combined,sequence_distal_ge21_no_direct_ca,reachable_query_water_entry_count,136,491,-0.005150484865355213,-0.01086013464193641,0.0005591649112259844,True,0.05761267291381955,0.1561018071988899
esm2_top4_bilstm_attn,validation,-1,combined,sequence_distal_ge21_no_direct_ca,relative_backbone_orientation_cosine,136,491,0.012038154860632526,-0.03542224142708722,0.05949855114835227,True,0.7971023348689007,1.0
esm2_top4_bilstm_attn,validation,-1,combined,sequence_distal_ge21_no_direct_ca,rsa,136,491,-0.15065770376472462,-0.1713482878345875,-0.12996711969486174,True,8.260011277058911e-28,1.393188568730603e-26
esm2_top4_bilstm_attn,validation,-1,combined,sequence_distal_ge21_no_direct_ca,same_community_as_band_apex,136,491,0.014246141177665124,-0.019268419208413393,0.04776070156374364,True,0.8495501873144534,1.0
esm2_top4_bilstm_attn,validation,-1,combined,sequence_distal_ge21_no_direct_ca,same_community_as_band_majority,135,458,0.0179006893446472,-0.014800173717358176,0.05060155240665258,True,0.9234010375945971,1.0
esm2_top4_bilstm_attn,validation,-1,combined,sequence_distal_ge21_no_direct_ca,same_ecod_domain_as_band_apex,136,484,-0.017572434213422816,-0.03445515401436682,-0.000689714412478809,True,0.0062176026593266705,0.022593227616655623
esm2_top4_bilstm_attn,validation,-1,combined,sequence_distal_ge21_no_direct_ca,shared_water_count,136,491,-0.0004334397963653316,-0.0023891746336351977,0.0015222950409045344,True,0.454498291015625,0.7376940986492582
esm2_top4_bilstm_attn,validation,-1,combined,sequence_distal_ge21_no_direct_ca,shared_water_fraction_of_band_contacts,136,491,-0.00011269839714945514,-0.0004346025979296136,0.00020920580363070334,True,0.210113525390625,0.4326243900209817
esm2_top4_bilstm_attn,validation,-1,combined,sequence_distal_ge21_no_direct_ca,shared_water_fraction_of_query_contacts,136,491,1.7965195511248448e-05,-0.0010848163566905765,0.0011207467477130735,True,0.454498291015625,0.7376940986492582
esm2_top4_bilstm_attn,validation,-1,combined,sequence_distal_ge21_no_direct_ca,shares_any_ecod_domain_with_band,136,484,-0.017725859171299513,-0.034610737478225774,-0.0008409808643732516,True,0.0062176026593266705,0.022593227616655623
esm2_top4_bilstm_attn,validation,-1,combined,sequence_distal_ge21_no_direct_ca,shortest_nonlocal_contact_path_edges,135,488,-0.34978868457767204,-0.4629187870541301,-0.236658582101214,True,1.4408000378059053e-06,8.35581454590015e-06
esm2_top4_bilstm_attn,validation,-1,combined,sequence_distal_ge21_no_direct_ca,shortest_ordinary_contact_path_edges,136,491,-0.355581737449871,-0.4680336422470987,-0.24312983265264326,True,5.72197877659695e-07,3.436583099060008e-06
esm2_top4_bilstm_attn,validation,-1,combined,sequence_distal_ge21_no_direct_ca,torsion_change_from_previous,136,491,-41.227707926627076,-46.76948710319222,-35.68592875006193,True,2.1390782942600103e-37,5.1541600804550726e-36
esm2_top4_bilstm_attn,validation,-1,combined,sequence_distal_ge21_no_direct_ca,water_path_at_most_1,136,491,-0.00047430579922745305,-0.0022664588681972726,0.0013178472697423665,True,0.454498291015625,0.7376940986492582
esm2_top4_bilstm_attn,validation,-1,combined,sequence_distal_ge21_no_direct_ca,water_path_at_most_2,136,491,-0.0020432529482930723,-0.004911686952090209,0.0008251810555040648,True,0.36159460805356514,0.6364065101742746
esm2_top4_bilstm_attn,validation,-1,combined,sequence_distal_ge21_no_direct_ca,water_path_at_most_3,136,491,-0.004034251051431849,-0.008699545636407135,0.0006310435335434355,True,0.16275565745308995,0.3545935960011346
esm2_top4_bilstm_attn,validation,-1,combined,sequence_distal_ge21_no_direct_ca,water_path_exists,136,491,-0.0042843318645560385,-0.009043218322763787,0.00047455459365171055,True,0.05761267291381955,0.1561018071988899
esm2_top4_bilstm_attn,validation,-1,combined,sequence_distal_ge21_no_direct_ca,water_path_without_direct_ca_contact,136,491,-0.0042843318645560385,-0.009043218322763787,0.00047455459365171055,True,0.05761267291381955,0.1561018071988899
esm2_top4_bilstm_attn,validation,-1,combined,sequence_distal_ge21_no_direct_ca,water_path_without_direct_polar_contact,136,491,-0.003996818811577767,-0.008686851704212305,0.0006932140810567717,True,0.050102459732443094,0.1408435812478678
esm2_top4_bilstm_attn,validation,-1,evidence_dominated,all_eligible_queries,absolute_backbone_orientation_cosine,79,173,-0.015361749013038429,-0.043531844944239936,0.012808346918163082,True,0.499896876860327,0.7766675710918516
esm2_top4_bilstm_attn,validation,-1,evidence_dominated,all_eligible_queries,absolute_sequence_separation,79,173,-2.848313378608182,-7.224032738350466,1.5274059811341023,True,0.499896876860327,0.7766675710918516
esm2_top4_bilstm_attn,validation,-1,evidence_dominated,all_eligible_queries,band_water_contact_count,79,173,0.00029301458940894935,-0.0002903326470349182,0.0008763618258528169,True,1.0,1.0
esm2_top4_bilstm_attn,validation,-1,evidence_dominated,all_eligible_queries,direct_ca_contact,79,173,0.02073908413310139,-0.010396434309293295,0.05187460257549607,True,0.0037937056353716074,0.014245751773640321
esm2_top4_bilstm_attn,validation,-1,evidence_dominated,all_eligible_queries,direct_putative_polar_contact,79,173,0.00872276627448995,-0.006589360093608195,0.024034892642588096,True,0.36159460805356514,0.6364065101742746
esm2_top4_bilstm_attn,validation,-1,evidence_dominated,all_eligible_queries,direct_putative_polar_contact_count,79,173,0.11519370078690756,0.02721582635187629,0.20317157522193885,True,0.013530986849218607,0.04534224732254712
esm2_top4_bilstm_attn,validation,-1,evidence_dominated,all_eligible_queries,disorder,79,173,-0.014122808241248355,-0.01905253920436483,-0.009193077278131881,True,7.981384997696379e-17,8.457760856197629e-16
esm2_top4_bilstm_attn,validation,-1,evidence_dominated,all_eligible_queries,mean_query_contact_water_degree,68,159,0.10027999309406968,0.0036998251537742055,0.19686016103436516,True,0.1360323948778921,0.30426187633809465
esm2_top4_bilstm_attn,validation,-1,evidence_dominated,all_eligible_queries,minimum_ca_distance_angstrom,79,173,-2.1369377769242894,-3.0317163367845694,-1.2421592170640094,True,0.0014660719473423367,0.006006740124333785
esm2_top4_bilstm_attn,validation,-1,evidence_dominated,all_eligible_queries,minimum_heavy_atom_distance_angstrom,79,173,-2.025177844945077,-2.8983181075703413,-1.1520375823198123,True,3.761512780416609e-05,0.00018938561859609994
esm2_top4_bilstm_attn,validation,-1,evidence_dominated,all_eligible_queries,minimum_polar_atom_distance_angstrom,79,173,-1.6800292702898352,-2.5468967587544635,-0.8131617818252067,True,0.000263636776465269,0.0012211234293921637
esm2_top4_bilstm_attn,validation,-1,evidence_dominated,all_eligible_queries,neq,79,173,-0.36892697765951715,-0.42075001468109224,-0.31710394063794206,True,1.0458871665120482e-20,1.401904387430719e-19
esm2_top4_bilstm_attn,validation,-1,evidence_dominated,all_eligible_queries,nonlocal_contact_path_exists,79,173,0.001080622721777062,-0.0031126822096808776,0.005273927653235002,True,0.125,0.2839506172839506
esm2_top4_bilstm_attn,validation,-1,evidence_dominated,all_eligible_queries,normalized_query_position,79,173,0.018905776680732806,-0.008298698279909502,0.04611025164137511,True,0.2604255258972435,0.4982243899727285
esm2_top4_bilstm_attn,validation,-1,evidence_dominated,all_eligible_queries,one_water_bridge,79,173,-0.013417065358910277,-0.024308896361985476,-0.002525234355835078,True,0.043285250663757324,0.12409255997655075
esm2_top4_bilstm_attn,validation,-1,evidence_dominated,all_eligible_queries,ordinary_contact_path_exists,79,173,0.0,0.0,0.0,True,1.0,1.0
esm2_top4_bilstm_attn,validation,-1,evidence_dominated,all_eligible_queries,query_distance_to_band_domain_boundary_sequence,79,173,-0.9607721105151066,-5.361101331401087,3.439557110370873,True,1.0,1.0
esm2_top4_bilstm_attn,validation,-1,evidence_dominated,all_eligible_queries,query_distance_to_community_boundary_edges,79,173,-0.31163520918943616,-0.45263222890999155,-0.17063818946888074,True,2.926311069930838e-05,0.00014844244625413574
esm2_top4_bilstm_attn,validation,-1,evidence_dominated,all_eligible_queries,query_distance_to_ecod_boundary_sequence,79,173,-0.9356162061200107,-4.711839360731518,2.840606948491496,True,0.6529643755164601,0.9373048908122803
esm2_top4_bilstm_attn,validation,-1,evidence_dominated,all_eligible_queries,query_in_any_band,79,173,0.5900734995680746,0.5056248810135995,0.6745221181225498,True,4.620814601991648e-16,4.676264377215548e-15
esm2_top4_bilstm_attn,validation,-1,evidence_dominated,all_eligible_queries,query_to_band_contact_count,79,173,0.1291398728643291,0.02444146965114162,0.23383827607751656,True,0.0007299045109347685,0.0031702290346179644
esm2_top4_bilstm_attn,validation,-1,evidence_dominated,all_eligible_queries,query_to_band_contact_fraction,79,173,0.024571162402772302,0.007626803638889807,0.0415155211666548,True,0.0007299045109347685,0.0031702290346179644
esm2_top4_bilstm_attn,validation,-1,evidence_dominated,all_eligible_queries,query_water_contact_count,79,173,-0.22237408489052998,-0.318463670664786,-0.12628449911627396,True,0.00021680385841747662,0.001015766225548548
esm2_top4_bilstm_attn,validation,-1,evidence_dominated,all_eligible_queries,reachable_query_water_entry_count,79,173,-0.014148225708998796,-0.029456122614123746,0.0011596711961261545,True,0.08014331245794892,0.2025094437139683
esm2_top4_bilstm_attn,validation,-1,evidence_dominated,all_eligible_queries,relative_backbone_orientation_cosine,79,173,0.06894395667563549,0.013347523304881113,0.12454039004638986,True,0.499896876860327,0.7766675710918516
esm2_top4_bilstm_attn,validation,-1,evidence_dominated,all_eligible_queries,rsa,79,173,-0.15593152048952247,-0.17808289520626897,-0.13378014577277597,True,2.72109334305444e-19,3.3788300161608503e-18
esm2_top4_bilstm_attn,validation,-1,evidence_dominated,all_eligible_queries,same_community_as_band_apex,79,173,0.02599706843438108,-0.025673602752444503,0.07766773962120667,True,1.0,1.0
esm2_top4_bilstm_attn,validation,-1,evidence_dominated,all_eligible_queries,same_community_as_band_majority,76,163,0.009272226816365753,-0.05087207050480868,0.06941652413754018,True,1.0,1.0
esm2_top4_bilstm_attn,validation,-1,evidence_dominated,all_eligible_queries,same_ecod_domain_as_band_apex,79,173,0.019719071924029243,-0.008021973293168144,0.04746011714122663,True,0.7428293587290682,1.0
esm2_top4_bilstm_attn,validation,-1,evidence_dominated,all_eligible_queries,shared_water_count,79,173,-0.014693401735133763,-0.026899092749597224,-0.0024877107206703,True,0.043285250663757324,0.12409255997655075
esm2_top4_bilstm_attn,validation,-1,evidence_dominated,all_eligible_queries,shared_water_fraction_of_band_contacts,79,173,-0.003295698316420406,-0.006110538244483141,-0.0004808583883576709,True,0.043285250663757324,0.12409255997655075
esm2_top4_bilstm_attn,validation,-1,evidence_dominated,all_eligible_queries,shared_water_fraction_of_query_contacts,79,173,-0.010690016746397486,-0.020493180316516795,-0.000886853176278176,True,0.043285250663757324,0.12409255997655075
esm2_top4_bilstm_attn,validation,-1,evidence_dominated,all_eligible_queries,shares_any_ecod_domain_with_band,79,173,0.019719071924029243,-0.008021973293168144,0.04746011714122663,True,0.7428293587290682,1.0
esm2_top4_bilstm_attn,validation,-1,evidence_dominated,all_eligible_queries,shortest_nonlocal_contact_path_edges,79,173,-0.3931179808750753,-0.5653479731098432,-0.22088798864030743,True,0.00037779201420676267,0.0017156704338025868
esm2_top4_bilstm_attn,validation,-1,evidence_dominated,all_eligible_queries,shortest_ordinary_contact_path_edges,79,173,-0.3969789175253194,-0.561566190688915,-0.23239164436172374,True,0.0005387801699960486,0.002375797525211334
esm2_top4_bilstm_attn,validation,-1,evidence_dominated,all_eligible_queries,torsion_change_from_previous,79,173,-35.55352238286988,-42.87789661478028,-28.229148150959475,True,5.2434681244715905e-18,6.134554614988728e-17
esm2_top4_bilstm_attn,validation,-1,evidence_dominated,all_eligible_queries,water_path_at_most_1,79,173,-0.013417065358910277,-0.024308896361985476,-0.002525234355835078,True,0.043285250663757324,0.12409255997655075
esm2_top4_bilstm_attn,validation,-1,evidence_dominated,all_eligible_queries,water_path_at_most_2,79,173,-0.010055651514131705,-0.023243850642271108,0.0031325476140076983,True,0.28104151505976915,0.5266926171120119
esm2_top4_bilstm_attn,validation,-1,evidence_dominated,all_eligible_queries,water_path_at_most_3,79,173,-0.01091071625006427,-0.024271946224537835,0.002450513724409296,True,0.16275565745308995,0.3545935960011346
esm2_top4_bilstm_attn,validation,-1,evidence_dominated,all_eligible_queries,water_path_exists,79,173,-0.012061464246972471,-0.02547610762527289,0.001353179131327948,True,0.08014331245794892,0.2025094437139683
esm2_top4_bilstm_attn,validation,-1,evidence_dominated,all_eligible_queries,water_path_without_direct_ca_contact,79,173,-0.005350513431144981,-0.010473050225960016,-0.00022797663632994746,True,0.09625244140625,0.234716796875
esm2_top4_bilstm_attn,validation,-1,evidence_dominated,all_eligible_queries,water_path_without_direct_polar_contact,79,173,-0.011621252108894477,-0.01895550789150146,-0.004286996326287493,True,0.0037191659212112427,0.013991806365300289
esm2_top4_bilstm_attn,validation,-1,evidence_dominated,sequence_distal_ge21,absolute_backbone_orientation_cosine,76,170,-0.013332796584792993,-0.04540556328534487,0.018739970115758883,True,0.42219110499231566,0.7094419857796244
esm2_top4_bilstm_attn,validation,-1,evidence_dominated,sequence_distal_ge21,absolute_sequence_separation,76,170,-2.7495919218507403,-7.926945146960873,2.427761303259392,True,0.3018724904870079,0.5554453824960945
esm2_top4_bilstm_attn,validation,-1,evidence_dominated,sequence_distal_ge21,band_water_contact_count,76,170,0.0,0.0,0.0,True,1.0,1.0
esm2_top4_bilstm_attn,validation,-1,evidence_dominated,sequence_distal_ge21,direct_ca_contact,76,170,0.02681273949510902,-0.0057318315086117705,0.05935731049882981,True,0.011928139715763179,0.0405076422562159
esm2_top4_bilstm_attn,validation,-1,evidence_dominated,sequence_distal_ge21,direct_putative_polar_contact,76,170,0.0008976365011035622,-0.015040090480965555,0.016835363483172678,True,0.6900379657745361,0.965862270212767
esm2_top4_bilstm_attn,validation,-1,evidence_dominated,sequence_distal_ge21,direct_putative_polar_contact_count,76,170,-0.0004707736789306093,-0.017167862441023488,0.016226315083162267,True,0.6900379657745361,0.965862270212767
esm2_top4_bilstm_attn,validation,-1,evidence_dominated,sequence_distal_ge21,disorder,76,170,-0.013458649496719719,-0.01909292024140289,-0.007824378752036548,True,3.589836803538052e-17,3.864803026787775e-16
esm2_top4_bilstm_attn,validation,-1,evidence_dominated,sequence_distal_ge21,mean_query_contact_water_degree,64,154,0.1217598959735672,0.021492731046935887,0.22202706090019853,True,0.16188140552559763,0.3534498001982843
esm2_top4_bilstm_attn,validation,-1,evidence_dominated,sequence_distal_ge21,minimum_ca_distance_angstrom,76,170,-2.342735638203677,-3.3814467086426836,-1.3040245677646702,True,0.0007645817391550476,0.003290540493285225
esm2_top4_bilstm_attn,validation,-1,evidence_dominated,sequence_distal_ge21,minimum_heavy_atom_distance_angstrom,76,170,-2.217385343144163,-3.227592923326237,-1.2071777629620892,True,0.0001206291159979032,0.0005758333273107456
esm2_top4_bilstm_attn,validation,-1,evidence_dominated,sequence_distal_ge21,minimum_polar_atom_distance_angstrom,76,170,-1.8489097864830004,-2.8725237801886045,-0.8252957927773963,True,0.0007645817391550476,0.003290540493285225
esm2_top4_bilstm_attn,validation,-1,evidence_dominated,sequence_distal_ge21,neq,76,170,-0.3442902043922089,-0.39873684117901986,-0.289843567605398,True,7.747704489416678e-20,9.988123494636534e-19
esm2_top4_bilstm_attn,validation,-1,evidence_dominated,sequence_distal_ge21,nonlocal_contact_path_exists,76,170,-7.724235847331173e-05,-0.005477691893284556,0.005323207176337933,True,0.21875,0.4449748743718593
esm2_top4_bilstm_attn,validation,-1,evidence_dominated,sequence_distal_ge21,normalized_query_position,76,170,0.02871582353285332,-0.0049045123134070084,0.062336159379113645,True,0.13538510529943087,0.30345454388266674
esm2_top4_bilstm_attn,validation,-1,evidence_dominated,sequence_distal_ge21,one_water_bridge,76,170,-0.0101998150940271,-0.02117173056873549,0.0007721003806812916,True,0.38331031799316406,0.6552534490018278
esm2_top4_bilstm_attn,validation,-1,evidence_dominated,sequence_distal_ge21,ordinary_contact_path_exists,76,170,0.0,0.0,0.0,True,1.0,1.0
esm2_top4_bilstm_attn,validation,-1,evidence_dominated,sequence_distal_ge21,query_distance_to_band_domain_boundary_sequence,76,170,-1.7275054491577093,-6.762840469742485,3.3078295714270665,True,0.566573442398685,0.8469310542207817
esm2_top4_bilstm_attn,validation,-1,evidence_dominated,sequence_distal_ge21,query_distance_to_community_boundary_edges,76,170,-0.3252510314603058,-0.4721894219153768,-0.17831264100523486,True,5.0622659111780655e-05,0.0002505140881228461
esm2_top4_bilstm_attn,validation,-1,evidence_dominated,sequence_distal_ge21,query_distance_to_ecod_boundary_sequence,76,170,-1.4733885526308537,-5.878341564890606,2.9315644596288983,True,0.566573442398685,0.8469310542207817
esm2_top4_bilstm_attn,validation,-1,evidence_dominated,sequence_distal_ge21,query_in_any_band,76,170,0.6253023407010664,0.5377812239487937,0.7128234574533391,True,2.215352840138473e-14,2.0952682936636773e-13
esm2_top4_bilstm_attn,validation,-1,evidence_dominated,sequence_distal_ge21,query_to_band_contact_count,76,170,0.03466350668741726,-0.03066173689335984,0.09998875026819436,True,0.011928139715763179,0.0405076422562159
esm2_top4_bilstm_attn,validation,-1,evidence_dominated,sequence_distal_ge21,query_to_band_contact_fraction,76,170,0.006519099616967075,-0.0026342036420558424,0.01567240287598999,True,0.011928139715763179,0.0405076422562159
esm2_top4_bilstm_attn,validation,-1,evidence_dominated,sequence_distal_ge21,query_water_contact_count,76,170,-0.23258886188976682,-0.3317517774559502,-0.13342594632358343,True,9.612986582365388e-05,0.0004677087702573929
esm2_top4_bilstm_attn,validation,-1,evidence_dominated,sequence_distal_ge21,reachable_query_water_entry_count,76,170,-0.01817147859259187,-0.03218230644227049,-0.004160650742913243,True,0.26493089646101,0.5030207640122741
esm2_top4_bilstm_attn,validation,-1,evidence_dominated,sequence_distal_ge21,relative_backbone_orientation_cosine,76,170,0.06262385206544167,-0.00296646682395961,0.12821417095484294,True,0.20673684180839247,0.4269748651226391
esm2_top4_bilstm_attn,validation,-1,evidence_dominated,sequence_distal_ge21,rsa,76,170,-0.1565260499196608,-0.17805713925763342,-0.13499496058168817,True,1.938302550893458e-18,2.2942247736890987e-17
esm2_top4_bilstm_attn,validation,-1,evidence_dominated,sequence_distal_ge21,same_community_as_band_apex,76,170,0.009237178997681287,-0.03368158964238295,0.05215594763774552,True,0.9006532462520334,1.0
esm2_top4_bilstm_attn,validation,-1,evidence_dominated,sequence_distal_ge21,same_community_as_band_majority,73,160,0.015202058617187212,-0.037694044204285126,0.06809816143865956,True,1.0,1.0
esm2_top4_bilstm_attn,validation,-1,evidence_dominated,sequence_distal_ge21,same_ecod_domain_as_band_apex,76,170,0.02144079193750625,-0.00713538718549887,0.05001697106051137,True,1.0,1.0
esm2_top4_bilstm_attn,validation,-1,evidence_dominated,sequence_distal_ge21,shared_water_count,76,170,-0.011528354583305376,-0.02392528776542404,0.0008685785988132889,True,0.38331031799316406,0.6552534490018278
esm2_top4_bilstm_attn,validation,-1,evidence_dominated,sequence_distal_ge21,shared_water_fraction_of_band_contacts,76,170,-0.0016532299566805618,-0.0033268336070104007,2.0373693649277302e-05,True,0.38331031799316406,0.6552534490018278
esm2_top4_bilstm_attn,validation,-1,evidence_dominated,sequence_distal_ge21,shared_water_fraction_of_query_contacts,76,170,-0.007976600786906596,-0.01781111985643182,0.00185791828261863,True,0.38331031799316406,0.6552534490018278
esm2_top4_bilstm_attn,validation,-1,evidence_dominated,sequence_distal_ge21,shares_any_ecod_domain_with_band,76,170,0.02144079193750625,-0.00713538718549887,0.05001697106051137,True,1.0,1.0
esm2_top4_bilstm_attn,validation,-1,evidence_dominated,sequence_distal_ge21,shortest_nonlocal_contact_path_edges,76,170,-0.4562533284118127,-0.6564443198489445,-0.25606233697468095,True,6.494900196551852e-05,0.00031829728808283167
esm2_top4_bilstm_attn,validation,-1,evidence_dominated,sequence_distal_ge21,shortest_ordinary_contact_path_edges,76,170,-0.4778110466483566,-0.662722131349869,-0.29289996194684426,True,6.494900196551852e-05,0.00031829728808283167
esm2_top4_bilstm_attn,validation,-1,evidence_dominated,sequence_distal_ge21,torsion_change_from_previous,76,170,-38.26457411341886,-43.94232730648696,-32.58682092035076,True,3.589836803538052e-17,3.864803026787775e-16
esm2_top4_bilstm_attn,validation,-1,evidence_dominated,sequence_distal_ge21,water_path_at_most_1,76,170,-0.0101998150940271,-0.02117173056873549,0.0007721003806812916,True,0.38331031799316406,0.6552534490018278
esm2_top4_bilstm_attn,validation,-1,evidence_dominated,sequence_distal_ge21,water_path_at_most_2,76,170,-0.01348736984961617,-0.025411724893632665,-0.0015630148055996752,True,0.557197093963623,0.8378654667031004
esm2_top4_bilstm_attn,validation,-1,evidence_dominated,sequence_distal_ge21,water_path_at_most_3,76,170,-0.013602530214682286,-0.02554873469691623,-0.0016563257324483435,True,0.26493089646101,0.5030207640122741
esm2_top4_bilstm_attn,validation,-1,evidence_dominated,sequence_distal_ge21,water_path_exists,76,170,-0.014798702474626335,-0.026795212042713068,-0.0028021929065396006,True,0.13604594767093658,0.30426187633809465
esm2_top4_bilstm_attn,validation,-1,evidence_dominated,sequence_distal_ge21,water_path_without_direct_ca_contact,76,170,-0.00395524628836204,-0.008444252870699467,0.000533760293975386,True,0.143463134765625,0.3166514555786532
esm2_top4_bilstm_attn,validation,-1,evidence_dominated,sequence_distal_ge21,water_path_without_direct_polar_contact,76,170,-0.009458837395449499,-0.016980426109772975,-0.0019372486811260218,True,0.10775214433670044,0.25786209695180007
esm2_top4_bilstm_attn,validation,-1,evidence_dominated,sequence_distal_ge21_no_direct_ca,absolute_backbone_orientation_cosine,76,170,-0.010045699864538796,-0.04214732053198923,0.022055920802911643,True,1.0,1.0
esm2_top4_bilstm_attn,validation,-1,evidence_dominated,sequence_distal_ge21_no_direct_ca,absolute_sequence_separation,76,170,-3.5449314841993735,-8.68818045065243,1.5983174822536825,True,0.3018724904870079,0.5554453824960945
esm2_top4_bilstm_attn,validation,-1,evidence_dominated,sequence_distal_ge21_no_direct_ca,band_water_contact_count,76,170,0.0,0.0,0.0,True,1.0,1.0
esm2_top4_bilstm_attn,validation,-1,evidence_dominated,sequence_distal_ge21_no_direct_ca,direct_ca_contact,76,170,0.0,0.0,0.0,True,1.0,1.0
esm2_top4_bilstm_attn,validation,-1,evidence_dominated,sequence_distal_ge21_no_direct_ca,direct_putative_polar_contact,76,170,0.0047830727115091036,-0.004211694081429869,0.013777839504448077,True,1.0,1.0
esm2_top4_bilstm_attn,validation,-1,evidence_dominated,sequence_distal_ge21_no_direct_ca,direct_putative_polar_contact_count,76,170,0.004428240003327062,-0.004756621826337233,0.013613101832991355,True,1.0,1.0
esm2_top4_bilstm_attn,validation,-1,evidence_dominated,sequence_distal_ge21_no_direct_ca,disorder,76,170,-0.014992089767973482,-0.019824135897056505,-0.010160043638890458,True,1.938302550893458e-18,2.2942247736890987e-17
esm2_top4_bilstm_attn,validation,-1,evidence_dominated,sequence_distal_ge21_no_direct_ca,mean_query_contact_water_degree,63,153,0.17164077175390205,0.04748362425012109,0.295797919257683,True,0.09795444051950736,0.23829301395610925
esm2_top4_bilstm_attn,validation,-1,evidence_dominated,sequence_distal_ge21_no_direct_ca,minimum_ca_distance_angstrom,76,170,-2.3192759920979107,-3.327618423869016,-1.3109335603268053,True,0.0003129786008370502,0.0014364369344539445
esm2_top4_bilstm_attn,validation,-1,evidence_dominated,sequence_distal_ge21_no_direct_ca,minimum_heavy_atom_distance_angstrom,76,170,-2.1530323400570635,-3.1453980368296257,-1.1606666432845012,True,0.0001206291159979032,0.0005758333273107456
esm2_top4_bilstm_attn,validation,-1,evidence_dominated,sequence_distal_ge21_no_direct_ca,minimum_polar_atom_distance_angstrom,76,170,-1.869984408794788,-2.8645451236978605,-0.8754236938917154,True,0.001761872002940625,0.0070754542340313985
esm2_top4_bilstm_attn,validation,-1,evidence_dominated,sequence_distal_ge21_no_direct_ca,neq,76,170,-0.3506620414853303,-0.4079665905616168,-0.2933574924090438,True,7.747704489416678e-20,9.988123494636534e-19
esm2_top4_bilstm_attn,validation,-1,evidence_dominated,sequence_distal_ge21_no_direct_ca,nonlocal_contact_path_exists,76,170,-3.984279669168019e-05,-0.005457683353016526,0.005377997759633165,True,0.21875,0.4449748743718593
esm2_top4_bilstm_attn,validation,-1,evidence_dominated,sequence_distal_ge21_no_direct_ca,normalized_query_position,76,170,0.029150466589622948,-0.00435250635262853,0.06265343953187442,True,0.13538510529943087,0.30345454388266674
esm2_top4_bilstm_attn,validation,-1,evidence_dominated,sequence_distal_ge21_no_direct_ca,one_water_bridge,76,170,-0.0030194664849186236,-0.007534640152392615,0.0014957071825553673,True,0.1796875,0.38122379454926625
esm2_top4_bilstm_attn,validation,-1,evidence_dominated,sequence_distal_ge21_no_direct_ca,ordinary_contact_path_exists,76,170,0.0,0.0,0.0,True,1.0,1.0
esm2_top4_bilstm_attn,validation,-1,evidence_dominated,sequence_distal_ge21_no_direct_ca,query_distance_to_band_domain_boundary_sequence,76,170,-1.5173180367340122,-6.528345823547994,3.49370975007997,True,0.3018724904870079,0.5554453824960945
esm2_top4_bilstm_attn,validation,-1,evidence_dominated,sequence_distal_ge21_no_direct_ca,query_distance_to_community_boundary_edges,76,170,-0.32450434347391344,-0.4765459525706598,-0.17246273437716708,True,5.0622659111780655e-05,0.0002505140881228461
esm2_top4_bilstm_attn,validation,-1,evidence_dominated,sequence_distal_ge21_no_direct_ca,query_distance_to_ecod_boundary_sequence,76,170,-1.0356122920387674,-5.4714393796131215,3.4002147955355873,True,0.9087769252754927,1.0
esm2_top4_bilstm_attn,validation,-1,evidence_dominated,sequence_distal_ge21_no_direct_ca,query_in_any_band,76,170,0.6265059726568333,0.5397816581748588,0.7132302871388078,True,3.1147468230931924e-15,3.0455302270244546e-14
esm2_top4_bilstm_attn,validation,-1,evidence_dominated,sequence_distal_ge21_no_direct_ca,query_to_band_contact_count,76,170,0.0,0.0,0.0,True,1.0,1.0
esm2_top4_bilstm_attn,validation,-1,evidence_dominated,sequence_distal_ge21_no_direct_ca,query_to_band_contact_fraction,76,170,0.0,0.0,0.0,True,1.0,1.0
esm2_top4_bilstm_attn,validation,-1,evidence_dominated,sequence_distal_ge21_no_direct_ca,query_water_contact_count,76,170,-0.21212047308503665,-0.31284202480214646,-0.11139892136792684,True,0.00044964797164381224,0.0020090231669030374
esm2_top4_bilstm_attn,validation,-1,evidence_dominated,sequence_distal_ge21_no_direct_ca,reachable_query_water_entry_count,76,170,-0.006170123017104395,-0.012592906056299962,0.0002526600220911718,True,0.143463134765625,0.3166514555786532
esm2_top4_bilstm_attn,validation,-1,evidence_dominated,sequence_distal_ge21_no_direct_ca,relative_backbone_orientation_cosine,76,170,0.05007806294240269,-0.013802144766293808,0.11395827065109919,True,0.050452410247217666,0.14104375461376872
esm2_top4_bilstm_attn,validation,-1,evidence_dominated,sequence_distal_ge21_no_direct_ca,rsa,76,170,-0.14953735854914274,-0.1704226414865266,-0.12865207561175887,True,7.747704489416678e-20,9.988123494636534e-19
esm2_top4_bilstm_attn,validation,-1,evidence_dominated,sequence_distal_ge21_no_direct_ca,same_community_as_band_apex,76,170,-0.005230737945108471,-0.043365050165977845,0.032903574275760905,True,0.43499280512215344,0.7216601947272447
esm2_top4_bilstm_attn,validation,-1,evidence_dominated,sequence_distal_ge21_no_direct_ca,same_community_as_band_majority,73,160,0.010612151768027355,-0.03832784508829813,0.059552148624352846,True,1.0,1.0
esm2_top4_bilstm_attn,validation,-1,evidence_dominated,sequence_distal_ge21_no_direct_ca,same_ecod_domain_as_band_apex,76,170,0.018343128865225277,-0.011072490699561878,0.04775874843001243,True,1.0,1.0
esm2_top4_bilstm_attn,validation,-1,evidence_dominated,sequence_distal_ge21_no_direct_ca,shared_water_count,76,170,-0.0030322163828719424,-0.007547155111101625,0.0014827223453577404,True,0.1796875,0.38122379454926625
esm2_top4_bilstm_attn,validation,-1,evidence_dominated,sequence_distal_ge21_no_direct_ca,shared_water_fraction_of_band_contacts,76,170,-0.00027948001461588026,-0.0007712110089750193,0.00021225097974325883,True,0.1796875,0.38122379454926625
esm2_top4_bilstm_attn,validation,-1,evidence_dominated,sequence_distal_ge21_no_direct_ca,shared_water_fraction_of_query_contacts,76,170,-0.0019283619769222527,-0.005479715304112173,0.001622991350267668,True,0.1796875,0.38122379454926625
esm2_top4_bilstm_attn,validation,-1,evidence_dominated,sequence_distal_ge21_no_direct_ca,shares_any_ecod_domain_with_band,76,170,0.018343128865225277,-0.011072490699561878,0.04775874843001243,True,1.0,1.0
esm2_top4_bilstm_attn,validation,-1,evidence_dominated,sequence_distal_ge21_no_direct_ca,shortest_nonlocal_contact_path_edges,76,170,-0.4229349130949778,-0.6082013422043797,-0.23766848398557594,True,4.3689322062244415e-05,0.00021833873544193258
esm2_top4_bilstm_attn,validation,-1,evidence_dominated,sequence_distal_ge21_no_direct_ca,shortest_ordinary_contact_path_edges,76,170,-0.4574533732139577,-0.6280217205058285,-0.28688502592208687,True,7.244156513774457e-06,3.909912742367867e-05
esm2_top4_bilstm_attn,validation,-1,evidence_dominated,sequence_distal_ge21_no_direct_ca,torsion_change_from_previous,76,170,-37.73657018255349,-43.343029576474535,-32.13011078863245,True,1.938302550893458e-18,2.2942247736890987e-17
esm2_top4_bilstm_attn,validation,-1,evidence_dominated,sequence_distal_ge21_no_direct_ca,water_path_at_most_1,76,170,-0.0030194664849186236,-0.007534640152392615,0.0014957071825553673,True,0.1796875,0.38122379454926625
esm2_top4_bilstm_attn,validation,-1,evidence_dominated,sequence_distal_ge21_no_direct_ca,water_path_at_most_2,76,170,-0.0031404659591822144,-0.0077600388639523545,0.0014791069455879252,True,0.266845703125,0.5054106109263061
esm2_top4_bilstm_attn,validation,-1,evidence_dominated,sequence_distal_ge21_no_direct_ca,water_path_at_most_3,76,170,-0.0032181340946451004,-0.007910614669697572,0.0014743464804073702,True,0.332305908203125,0.6032171822449551
esm2_top4_bilstm_attn,validation,-1,evidence_dominated,sequence_distal_ge21_no_direct_ca,water_path_exists,76,170,-0.004533923563427612,-0.009575236007050483,0.0005073888801952571,True,0.143463134765625,0.3166514555786532
esm2_top4_bilstm_attn,validation,-1,evidence_dominated,sequence_distal_ge21_no_direct_ca,water_path_without_direct_ca_contact,76,170,-0.004533923563427612,-0.009575236007050483,0.0005073888801952571,True,0.143463134765625,0.3166514555786532
esm2_top4_bilstm_attn,validation,-1,evidence_dominated,sequence_distal_ge21_no_direct_ca,water_path_without_direct_polar_contact,76,170,-0.004746094945959789,-0.00922620773303607,-0.0002659821588835093,True,0.11846923828124999,0.2746640759235395
esm2_top4_bilstm_attn,validation,1,combined,all_eligible_queries,absolute_backbone_orientation_cosine,196,1043,0.014432008823921422,-0.0033139901782441705,0.03217800782608701,True,1.0,1.0
esm2_top4_bilstm_attn,validation,1,combined,all_eligible_queries,absolute_sequence_separation,200,1094,-4.795971792275558,-6.3511737025903265,-3.240769881960789,True,3.6791915709035515e-09,2.594663323870658e-08
esm2_top4_bilstm_attn,validation,1,combined,all_eligible_queries,band_water_contact_count,196,1043,0.0,0.0,0.0,True,1.0,1.0
esm2_top4_bilstm_attn,validation,1,combined,all_eligible_queries,direct_ca_contact,196,1043,0.038027092831591454,0.01758251024226133,0.058471675420921576,True,0.0006677136382200455,0.002918903679821538
esm2_top4_bilstm_attn,validation,1,combined,all_eligible_queries,direct_putative_polar_contact,196,1043,0.03713023771184844,0.02042306476493378,0.053837410658763095,True,4.4480547931883875e-08,2.9135478645350474e-07
esm2_top4_bilstm_attn,validation,1,combined,all_eligible_queries,direct_putative_polar_contact_count,196,1043,0.059554552996729244,0.03348651044567749,0.085622595547781,True,4.4480547931883875e-08,2.9135478645350474e-07
esm2_top4_bilstm_attn,validation,1,combined,all_eligible_queries,disorder,200,1094,-0.03816095268295669,-0.05427812707913818,-0.0220437782867752,True,0.0036349479525299325,0.01375165356246838
esm2_top4_bilstm_attn,validation,1,combined,all_eligible_queries,mean_query_contact_water_degree,179,968,-0.0219730105526934,-0.08432912802641837,0.040383106921031565,True,0.0018783308897799415,0.007528201427553667
esm2_top4_bilstm_attn,validation,1,combined,all_eligible_queries,minimum_ca_distance_angstrom,196,1043,0.8921586495928352,0.23269998741661335,1.551617311769057,True,1.0552993766284631e-08,7.167536705691306e-08
esm2_top4_bilstm_attn,validation,1,combined,all_eligible_queries,minimum_heavy_atom_distance_angstrom,196,1043,0.9569722914495001,0.30879312693583194,1.6051514559631683,True,6.787217243074946e-10,4.99539189090316e-09
esm2_top4_bilstm_attn,validation,1,combined,all_eligible_queries,minimum_polar_atom_distance_angstrom,196,1043,0.8106842104934979,0.16142444223018715,1.4599439787568087,True,5.833103132089995e-08,3.784038698509663e-07
esm2_top4_bilstm_attn,validation,1,combined,all_eligible_queries,neq,200,1094,0.6513789413688877,0.5845513629172655,0.71820651982051,True,2.9477076042968534e-44,1.0466947703678652e-42
esm2_top4_bilstm_attn,validation,1,combined,all_eligible_queries,nonlocal_contact_path_exists,196,1043,-0.035933365474126046,-0.046496530271113556,-0.025370200677138535,True,1.9641987858977164e-14,1.8664499261300368e-13
esm2_top4_bilstm_attn,validation,1,combined,all_eligible_queries,normalized_query_position,200,1094,0.0056308766568624515,-0.012644286665702149,0.02390603997942705,True,0.7237710263128071,1.0
esm2_top4_bilstm_attn,validation,1,combined,all_eligible_queries,one_water_bridge,196,1043,0.0002798843712615355,-0.004682355829051376,0.005242124571574447,True,0.6482600518210047,0.9345287356735851
esm2_top4_bilstm_attn,validation,1,combined,all_eligible_queries,ordinary_contact_path_exists,196,1043,0.0,0.0,0.0,True,1.0,1.0
esm2_top4_bilstm_attn,validation,1,combined,all_eligible_queries,query_distance_to_band_domain_boundary_sequence,196,1035,2.63460213948895,0.6688559205373608,4.600348358440539,True,0.0007459375982855825,0.0032329286914989704
esm2_top4_bilstm_attn,validation,1,combined,all_eligible_queries,query_distance_to_community_boundary_edges,195,1039,0.3243694315567773,0.24708649284370196,0.40165237026985257,True,2.350366890687287e-14,2.2126244589539857e-13
esm2_top4_bilstm_attn,validation,1,combined,all_eligible_queries,query_distance_to_ecod_boundary_sequence,196,1043,3.982280479816881,2.2952664296904812,5.669294529943281,True,5.671438564965716e-06,3.077477655627509e-05
esm2_top4_bilstm_attn,validation,1,combined,all_eligible_queries,query_in_any_band,200,1094,0.6225721030712273,0.5759219700975611,0.6692222360448936,True,7.888434642034632e-47,3.130625826564332e-45
esm2_top4_bilstm_attn,validation,1,combined,all_eligible_queries,query_to_band_contact_count,196,1043,0.09778417807613955,0.05347403365111856,0.14209432250116055,True,0.00011821832487370873,0.0005683465309842909
esm2_top4_bilstm_attn,validation,1,combined,all_eligible_queries,query_to_band_contact_fraction,196,1043,0.02728994274506117,0.014529191882856004,0.04005069360726633,True,6.169035751717563e-05,0.00030379874358823226
esm2_top4_bilstm_attn,validation,1,combined,all_eligible_queries,query_water_contact_count,196,1043,0.09489495068425184,0.03672152512950824,0.15306837623899544,True,0.0012497096331029786,0.005193865087064535
esm2_top4_bilstm_attn,validation,1,combined,all_eligible_queries,reachable_query_water_entry_count,196,1043,0.0009361354534676427,-0.004795541100217655,0.006667812007152941,True,0.9296139078299851,1.0
esm2_top4_bilstm_attn,validation,1,combined,all_eligible_queries,relative_backbone_orientation_cosine,196,1043,-0.021315524827634765,-0.057427901182967936,0.014796851527698409,True,0.10016673529821761,0.243382319620159
esm2_top4_bilstm_attn,validation,1,combined,all_eligible_queries,rsa,200,1094,0.11711513929567985,0.10046968702205969,0.1337605915693,True,3.413490545945216e-24,5.080077106612586e-23
esm2_top4_bilstm_attn,validation,1,combined,all_eligible_queries,same_community_as_band_apex,196,1043,-0.020160382553539094,-0.04238937578697519,0.0020686106798970053,True,0.11112046966151874,0.26061162293732787
esm2_top4_bilstm_attn,validation,1,combined,all_eligible_queries,same_community_as_band_majority,196,976,-0.025666591404544102,-0.04864507265731027,-0.002688110151777931,True,0.05919615140062466,0.15932581174848978
esm2_top4_bilstm_attn,validation,1,combined,all_eligible_queries,same_ecod_domain_as_band_apex,196,1035,0.0060428629433840015,-0.00809204270094106,0.02017776858770906,True,0.9075606176124984,1.0
esm2_top4_bilstm_attn,validation,1,combined,all_eligible_queries,shared_water_count,196,1043,0.0006778162249354351,-0.004510829911006723,0.005866462360877594,True,0.522990983889995,0.801312453742127
esm2_top4_bilstm_attn,validation,1,combined,all_eligible_queries,shared_water_fraction_of_band_contacts,196,1043,0.000237497798939542,-0.002058303989245929,0.002533299587125013,True,0.3153033008322579,0.5770107422102079
esm2_top4_bilstm_attn,validation,1,combined,all_eligible_queries,shared_water_fraction_of_query_contacts,196,1043,-0.00021415554737589637,-0.004429918839068146,0.004001607744316354,True,0.3153033008322579,0.5770107422102079
esm2_top4_bilstm_attn,validation,1,combined,all_eligible_queries,shares_any_ecod_domain_with_band,196,1035,0.0029982799691539315,-0.010334491830393741,0.016331051768701605,True,0.7275470834894697,1.0
esm2_top4_bilstm_attn,validation,1,combined,all_eligible_queries,shortest_nonlocal_contact_path_edges,195,1035,0.2969299458679792,0.15791995432097763,0.4359399374149808,True,3.7674169294074445e-10,2.8883529792123742e-09
esm2_top4_bilstm_attn,validation,1,combined,all_eligible_queries,shortest_ordinary_contact_path_edges,196,1043,0.23868968250507563,0.11351516980136284,0.36386419520878843,True,1.0552993766284631e-08,7.167536705691306e-08
esm2_top4_bilstm_attn,validation,1,combined,all_eligible_queries,torsion_change_from_previous,200,1094,25.077612650331865,20.77890279346954,29.37632250719419,True,3.413490545945216e-24,5.080077106612586e-23
esm2_top4_bilstm_attn,validation,1,combined,all_eligible_queries,water_path_at_most_1,196,1043,0.0002798843712615355,-0.004682355829051376,0.005242124571574447,True,0.6482600518210047,0.9345287356735851
esm2_top4_bilstm_attn,validation,1,combined,all_eligible_queries,water_path_at_most_2,196,1043,0.00019545953852183443,-0.004991236631197448,0.005382155708241116,True,0.6561782216034292,0.9405840796921677
esm2_top4_bilstm_attn,validation,1,combined,all_eligible_queries,water_path_at_most_3,196,1043,0.0009861596393437133,-0.004112326147642691,0.006084645426330118,True,1.0,1.0
esm2_top4_bilstm_attn,validation,1,combined,all_eligible_queries,water_path_exists,196,1043,0.0006365998035748125,-0.004529464918295832,0.005802664525445457,True,1.0,1.0
esm2_top4_bilstm_attn,validation,1,combined,all_eligible_queries,water_path_without_direct_ca_contact,196,1043,-0.0011444179111261077,-0.0035560708406772584,0.001267235018425043,True,0.013378703026003939,0.04490629340734987
esm2_top4_bilstm_attn,validation,1,combined,all_eligible_queries,water_path_without_direct_polar_contact,196,1043,-0.0026441258313214906,-0.0060873316288122085,0.0007990799661692274,True,0.04476209415697338,0.12778346766391271
esm2_top4_bilstm_attn,validation,1,combined,sequence_distal_ge21,absolute_backbone_orientation_cosine,190,1025,0.01900441288260578,0.0005102780184953748,0.03749854774671618,True,0.6116873356949437,0.8997493949466322
esm2_top4_bilstm_attn,validation,1,combined,sequence_distal_ge21,absolute_sequence_separation,193,1079,-5.911355568712215,-7.695083884962558,-4.127627252461871,True,7.929520771718262e-10,5.752455212171241e-09
esm2_top4_bilstm_attn,validation,1,combined,sequence_distal_ge21,band_water_contact_count,190,1025,0.0,0.0,0.0,True,1.0,1.0
esm2_top4_bilstm_attn,validation,1,combined,sequence_distal_ge21,direct_ca_contact,190,1025,0.00447157492353767,-0.004276861140907406,0.013220010987982745,True,0.8663215847696158,1.0
esm2_top4_bilstm_attn,validation,1,combined,sequence_distal_ge21,direct_putative_polar_contact,190,1025,0.0022948839190781818,-0.003396241715007733,0.007986009553164097,True,0.006517764631278951,0.023473230629374727
esm2_top4_bilstm_attn,validation,1,combined,sequence_distal_ge21,direct_putative_polar_contact_count,190,1025,0.0017037637698598769,-0.0040944400396653894,0.007501967579385143,True,0.0046185356920239295,0.017027169837261262
esm2_top4_bilstm_attn,validation,1,combined,sequence_distal_ge21,disorder,193,1079,-0.04978798729544537,-0.06777950011713232,-0.03179647447375842,True,0.0014738975238987875,0.006026603208830597
esm2_top4_bilstm_attn,validation,1,combined,sequence_distal_ge21,mean_query_contact_water_degree,173,946,-0.019255940802447014,-0.08570403004808408,0.04719214844319006,True,0.006103457241000203,0.022258373794206143
esm2_top4_bilstm_attn,validation,1,combined,sequence_distal_ge21,minimum_ca_distance_angstrom,190,1025,0.8436638089463947,0.043491363589863385,1.6438362543029261,True,8.08598646826654e-06,4.35266931164135e-05
esm2_top4_bilstm_attn,validation,1,combined,sequence_distal_ge21,minimum_heavy_atom_distance_angstrom,190,1025,0.907327472274246,0.11518620242440514,1.699468742124087,True,1.6031364068009578e-05,8.427917110039321e-05
esm2_top4_bilstm_attn,validation,1,combined,sequence_distal_ge21,minimum_polar_atom_distance_angstrom,190,1025,0.7282663905279004,-0.06999895450048943,1.5265317355562904,True,0.0006125635007924338,0.002689432810420577
esm2_top4_bilstm_attn,validation,1,combined,sequence_distal_ge21,neq,193,1079,0.6377506191013709,0.5644758142411919,0.7110254239615499,True,6.7060930089941445e-40,1.8851572569727983e-38
esm2_top4_bilstm_attn,validation,1,combined,sequence_distal_ge21,nonlocal_contact_path_exists,190,1025,-0.033466251494261086,-0.045508180155306235,-0.021424322833215936,True,2.162228172529954e-11,1.7718015470447884e-10
esm2_top4_bilstm_attn,validation,1,combined,sequence_distal_ge21,normalized_query_position,193,1079,0.008444954810054642,-0.014756015653744327,0.03164592527385361,True,0.7734911416953503,1.0
esm2_top4_bilstm_attn,validation,1,combined,sequence_distal_ge21,one_water_bridge,190,1025,0.0007075609186641427,-0.003347588864077305,0.00476271070140559,True,0.13321061920721386,0.3002430882799564
esm2_top4_bilstm_attn,validation,1,combined,sequence_distal_ge21,ordinary_contact_path_exists,190,1025,0.0,0.0,0.0,True,1.0,1.0
esm2_top4_bilstm_attn,validation,1,combined,sequence_distal_ge21,query_distance_to_band_domain_boundary_sequence,190,1017,3.1390963134701404,0.9292466205726027,5.348946006367678,True,0.002165972161100762,0.008595936576603808
esm2_top4_bilstm_attn,validation,1,combined,sequence_distal_ge21,query_distance_to_community_boundary_edges,189,1020,0.34314491963544497,0.25239154678469633,0.4338982924861936,True,6.166319657349993e-14,5.698918258665016e-13
esm2_top4_bilstm_attn,validation,1,combined,sequence_distal_ge21,query_distance_to_ecod_boundary_sequence,190,1025,4.779928466755162,2.8715434201227774,6.688313513387546,True,4.090026923466997e-05,0.00020490629933408918
esm2_top4_bilstm_attn,validation,1,combined,sequence_distal_ge21,query_in_any_band,193,1079,0.6566124120087085,0.6117738885813719,0.701450935436045,True,2.9812938493607494e-46,1.1385167454917278e-44
esm2_top4_bilstm_attn,validation,1,combined,sequence_distal_ge21,query_to_band_contact_count,190,1025,0.014318149232363733,-0.009455211696505638,0.038091510161233105,True,0.6749345842732997,0.9626973915216057
esm2_top4_bilstm_attn,validation,1,combined,sequence_distal_ge21,query_to_band_contact_fraction,190,1025,0.0017649422393641219,-0.0029021244978854896,0.006432008976613733,True,0.45020799234923226,0.7369468297981153
esm2_top4_bilstm_attn,validation,1,combined,sequence_distal_ge21,query_water_contact_count,190,1025,0.09524887888223207,0.03617951772147397,0.15431824004299016,True,0.004118244470934732,0.015435790387355366
esm2_top4_bilstm_attn,validation,1,combined,sequence_distal_ge21,reachable_query_water_entry_count,190,1025,0.0007449538042714278,-0.004199376776854876,0.005689284385397731,True,0.8495501873144534,1.0
esm2_top4_bilstm_attn,validation,1,combined,sequence_distal_ge21,relative_backbone_orientation_cosine,190,1025,-0.04077900306882747,-0.0825239632230615,0.0009659570854065602,True,0.09493839319796081,0.2334815405014249
esm2_top4_bilstm_attn,validation,1,combined,sequence_distal_ge21,rsa,193,1079,0.10387251222493328,0.08648698928395473,0.12125803516591183,True,8.97370124274256e-17,9.410762339539347e-16
esm2_top4_bilstm_attn,validation,1,combined,sequence_distal_ge21,same_community_as_band_apex,190,1025,-0.006863104472859723,-0.028925037464540813,0.015198828518821369,True,0.2155518743837542,0.440683832073453
esm2_top4_bilstm_attn,validation,1,combined,sequence_distal_ge21,same_community_as_band_majority,189,960,-0.010523604762103986,-0.03179234984919401,0.010745140324986038,True,0.18950527217144367,0.39870963708420165
esm2_top4_bilstm_attn,validation,1,combined,sequence_distal_ge21,same_ecod_domain_as_band_apex,190,1017,0.009294860559662298,-0.00722075008247244,0.025810471201797035,True,0.7275470834894697,1.0
esm2_top4_bilstm_attn,validation,1,combined,sequence_distal_ge21,shared_water_count,190,1025,0.00067179019062371,-0.003400001023660359,0.0047435814049077785,True,0.08862608011406767,0.22227904107914864
esm2_top4_bilstm_attn,validation,1,combined,sequence_distal_ge21,shared_water_fraction_of_band_contacts,190,1025,0.0007327157153792225,-0.0012231513602913458,0.002688582791049791,True,0.13321061920721386,0.3002430882799564
esm2_top4_bilstm_attn,validation,1,combined,sequence_distal_ge21,shared_water_fraction_of_query_contacts,190,1025,0.0010367067915047353,-0.0022360392299982544,0.004309452813007725,True,0.056887933640980784,0.1560178559476221
esm2_top4_bilstm_attn,validation,1,combined,sequence_distal_ge21,shares_any_ecod_domain_with_band,190,1017,0.005919439821803578,-0.010234600342557777,0.022073479986164934,True,0.7275470834894697,1.0
esm2_top4_bilstm_attn,validation,1,combined,sequence_distal_ge21,shortest_nonlocal_contact_path_edges,189,1016,0.2895443767460744,0.12032144889566071,0.4587673045964881,True,1.1471851308533725e-07,7.301580832852912e-07
esm2_top4_bilstm_attn,validation,1,combined,sequence_distal_ge21,shortest_ordinary_contact_path_edges,190,1025,0.21735149293325737,0.06589138658347463,0.3688115992830401,True,1.8712046877648053e-07,1.1689253975419648e-06
esm2_top4_bilstm_attn,validation,1,combined,sequence_distal_ge21,torsion_change_from_previous,193,1079,25.0166955560667,20.61156856996741,29.42182254216599,True,1.3302278054406733e-22,1.882783970777568e-21
esm2_top4_bilstm_attn,validation,1,combined,sequence_distal_ge21,water_path_at_most_1,190,1025,0.0007075609186641427,-0.003347588864077305,0.00476271070140559,True,0.13321061920721386,0.3002430882799564
esm2_top4_bilstm_attn,validation,1,combined,sequence_distal_ge21,water_path_at_most_2,190,1025,0.00031624845927220386,-0.004136163661433614,0.0047686605799780206,True,0.2458913146126843,0.4814462416745956
esm2_top4_bilstm_attn,validation,1,combined,sequence_distal_ge21,water_path_at_most_3,190,1025,0.0013994237032023398,-0.0028323275793113367,0.005631174985716016,True,0.3381854121966621,0.6092381786339754
esm2_top4_bilstm_attn,validation,1,combined,sequence_distal_ge21,water_path_exists,190,1025,0.0010221329961942474,-0.00325424957754658,0.005298515569935074,True,0.34258058257189866,0.6092381786339754
esm2_top4_bilstm_attn,validation,1,combined,sequence_distal_ge21,water_path_without_direct_ca_contact,190,1025,0.0008862883670326229,-0.001863479909886237,0.0036360566439514828,True,0.39119096530075365,0.6631243833908922
esm2_top4_bilstm_attn,validation,1,combined,sequence_distal_ge21,water_path_without_direct_polar_contact,190,1025,0.001237670716452091,-0.0015125980507649495,0.003987939483669132,True,0.6207676687971156,0.9072813546827431
esm2_top4_bilstm_attn,validation,1,combined,sequence_distal_ge21_no_direct_ca,absolute_backbone_orientation_cosine,190,1022,0.019593134933233666,0.000556995101746359,0.03862927476472097,True,0.9421914836304666,1.0
esm2_top4_bilstm_attn,validation,1,combined,sequence_distal_ge21_no_direct_ca,absolute_sequence_separation,190,1022,-5.398139934513771,-7.203462764837504,-3.5928171041900376,True,9.050076196047591e-07,5.340336507521961e-06
esm2_top4_bilstm_attn,validation,1,combined,sequence_distal_ge21_no_direct_ca,band_water_contact_count,190,1022,0.0,0.0,0.0,True,1.0,1.0
esm2_top4_bilstm_attn,validation,1,combined,sequence_distal_ge21_no_direct_ca,direct_ca_contact,190,1022,0.0,0.0,0.0,True,1.0,1.0
esm2_top4_bilstm_attn,validation,1,combined,sequence_distal_ge21_no_direct_ca,direct_putative_polar_contact,190,1022,0.0003555908304830143,-0.001854178711717319,0.0025653603726833473,True,0.053438810537711046,0.14755818898816803
esm2_top4_bilstm_attn,validation,1,combined,sequence_distal_ge21_no_direct_ca,direct_putative_polar_contact_count,190,1022,0.00015702724827653858,-0.0021011031433364412,0.002415157639889519,True,0.027008317653722358,0.08333054105355801
esm2_top4_bilstm_attn,validation,1,combined,sequence_distal_ge21_no_direct_ca,disorder,190,1022,-0.021243580055496862,-0.03488775766371165,-0.007599402447282074,True,0.7169046430967031,0.9972611667544516
esm2_top4_bilstm_attn,validation,1,combined,sequence_distal_ge21_no_direct_ca,mean_query_contact_water_degree,173,941,-0.012233557970740295,-0.07930996352263789,0.054842847581157296,True,0.006103457241000203,0.022258373794206143
esm2_top4_bilstm_attn,validation,1,combined,sequence_distal_ge21_no_direct_ca,minimum_ca_distance_angstrom,190,1022,0.8509045222317857,0.04042076984582532,1.661388274617746,True,1.921640580201812e-06,1.0894679367866856e-05
esm2_top4_bilstm_attn,validation,1,combined,sequence_distal_ge21_no_direct_ca,minimum_heavy_atom_distance_angstrom,190,1022,0.9150000355420825,0.11198440022768952,1.7180156708564756,True,3.987180563637132e-06,2.19892464871977e-05
esm2_top4_bilstm_attn,validation,1,combined,sequence_distal_ge21_no_direct_ca,minimum_polar_atom_distance_angstrom,190,1022,0.7357441695424753,-0.07155950565598934,1.54304784474094,True,0.00035234110685931875,0.001606167568205543
esm2_top4_bilstm_attn,validation,1,combined,sequence_distal_ge21_no_direct_ca,neq,190,1022,0.6247088302165613,0.551320010304721,0.6980976501284016,True,2.948341282536135e-40,8.524918222647339e-39
esm2_top4_bilstm_attn,validation,1,combined,sequence_distal_ge21_no_direct_ca,nonlocal_contact_path_exists,190,1022,-0.035370303499881836,-0.047859431256597654,-0.02288117574316602,True,8.535344178846708e-12,7.109274328389192e-11
esm2_top4_bilstm_attn,validation,1,combined,sequence_distal_ge21_no_direct_ca,normalized_query_position,190,1022,0.0010352602649513268,-0.025463217365871926,0.027533737895774582,True,1.0,1.0
esm2_top4_bilstm_attn,validation,1,combined,sequence_distal_ge21_no_direct_ca,one_water_bridge,190,1022,0.0013000248290334889,-0.0007319843232989286,0.0033320339813659064,True,0.10342187831608088,0.2494944954848006
esm2_top4_bilstm_attn,validation,1,combined,sequence_distal_ge21_no_direct_ca,ordinary_contact_path_exists,190,1022,0.0,0.0,0.0,True,1.0,1.0
esm2_top4_bilstm_attn,validation,1,combined,sequence_distal_ge21_no_direct_ca,query_distance_to_band_domain_boundary_sequence,190,1014,2.935468123567177,0.7091517089563091,5.161784538178045,True,0.0013097616866430514,0.005421181296044041
esm2_top4_bilstm_attn,validation,1,combined,sequence_distal_ge21_no_direct_ca,query_distance_to_community_boundary_edges,189,1016,0.35039377071607897,0.2588091082785741,0.4419784331535838,True,1.0020920854832775e-12,8.780235415663004e-12
esm2_top4_bilstm_attn,validation,1,combined,sequence_distal_ge21_no_direct_ca,query_distance_to_ecod_boundary_sequence,190,1022,4.542159194182527,2.6186111054743013,6.465707282890753,True,0.0004495821066974847,0.0020090231669030374
esm2_top4_bilstm_attn,validation,1,combined,sequence_distal_ge21_no_direct_ca,query_in_any_band,190,1022,0.636679231484158,0.5890307145262625,0.6843277484420534,True,2.0618027809821276e-43,7.073031913064112e-42
esm2_top4_bilstm_attn,validation,1,combined,sequence_distal_ge21_no_direct_ca,query_to_band_contact_count,190,1022,0.0,0.0,0.0,True,1.0,1.0
esm2_top4_bilstm_attn,validation,1,combined,sequence_distal_ge21_no_direct_ca,query_to_band_contact_fraction,190,1022,0.0,0.0,0.0,True,1.0,1.0
esm2_top4_bilstm_attn,validation,1,combined,sequence_distal_ge21_no_direct_ca,query_water_contact_count,190,1022,0.09476012265042164,0.03204703206987086,0.1574732132309724,True,0.0031658092576939086,0.012112661507698434
esm2_top4_bilstm_attn,validation,1,combined,sequence_distal_ge21_no_direct_ca,reachable_query_water_entry_count,190,1022,0.0008468163655622566,-0.0025828841917840783,0.004276516922908592,True,0.2353798622110552,0.47029500603669866
esm2_top4_bilstm_attn,validation,1,combined,sequence_distal_ge21_no_direct_ca,relative_backbone_orientation_cosine,190,1022,-0.04137533732360211,-0.08334897188052783,0.0005982972333236081,True,0.04985144161687206,0.1408026494341039
esm2_top4_bilstm_attn,validation,1,combined,sequence_distal_ge21_no_direct_ca,rsa,190,1022,0.12370085282766576,0.10766395496201146,0.13973775069332003,True,6.7556859155166345e-25,1.0518083302312053e-23
esm2_top4_bilstm_attn,validation,1,combined,sequence_distal_ge21_no_direct_ca,same_community_as_band_apex,190,1022,-0.006693112406457987,-0.02877094249554542,0.015384717682629449,True,0.05200575499696485,0.14458742872782535
esm2_top4_bilstm_attn,validation,1,combined,sequence_distal_ge21_no_direct_ca,same_community_as_band_majority,189,957,-0.008989583104262294,-0.030789803513000327,0.012810637304475738,True,0.05343240458128752,0.14755818898816803
esm2_top4_bilstm_attn,validation,1,combined,sequence_distal_ge21_no_direct_ca,same_ecod_domain_as_band_apex,190,1014,0.007429342488662267,-0.009302698182537822,0.024161383159862354,True,0.5613807442989817,0.8410322919771569
esm2_top4_bilstm_attn,validation,1,combined,sequence_distal_ge21_no_direct_ca,shared_water_count,190,1022,0.001261729384265221,-0.0007794405684926704,0.0033028993370231123,True,0.10342187831608088,0.2494944954848006
esm2_top4_bilstm_attn,validation,1,combined,sequence_distal_ge21_no_direct_ca,shared_water_fraction_of_band_contacts,190,1022,0.000369201474456779,-0.0005790936031928858,0.0013174965521064437,True,0.10342187831608088,0.2494944954848006
esm2_top4_bilstm_attn,validation,1,combined,sequence_distal_ge21_no_direct_ca,shared_water_fraction_of_query_contacts,190,1022,0.0013807355301250627,-0.0005493441100424688,0.003310815170292594,True,0.05994118956699923,0.1594230849981688
esm2_top4_bilstm_attn,validation,1,combined,sequence_distal_ge21_no_direct_ca,shares_any_ecod_domain_with_band,190,1014,0.004061892194956463,-0.012301595410587085,0.020425379800500014,True,0.5613807442989817,0.8410322919771569
esm2_top4_bilstm_attn,validation,1,combined,sequence_distal_ge21_no_direct_ca,shortest_nonlocal_contact_path_edges,189,1012,0.3091197558996654,0.13993225650244426,0.47830725529688656,True,1.1471851308533725e-07,7.301580832852912e-07
esm2_top4_bilstm_attn,validation,1,combined,sequence_distal_ge21_no_direct_ca,shortest_ordinary_contact_path_edges,190,1022,0.21942813274184894,0.0667904829014404,0.3720657825822575,True,1.6860965470030647e-06,9.640280822413003e-06
esm2_top4_bilstm_attn,validation,1,combined,sequence_distal_ge21_no_direct_ca,torsion_change_from_previous,190,1022,25.47878527487744,20.904459974489683,30.053110575265194,True,1.5273140879580486e-20,2.0337392855441385e-19
esm2_top4_bilstm_attn,validation,1,combined,sequence_distal_ge21_no_direct_ca,water_path_at_most_1,190,1022,0.0013000248290334889,-0.0007319843232989286,0.0033320339813659064,True,0.10342187831608088,0.2494944954848006
esm2_top4_bilstm_attn,validation,1,combined,sequence_distal_ge21_no_direct_ca,water_path_at_most_2,190,1022,0.000523927639068336,-0.002027103952947352,0.003074959231084024,True,0.2604255258972435,0.4982243899727285
esm2_top4_bilstm_attn,validation,1,combined,sequence_distal_ge21_no_direct_ca,water_path_at_most_3,190,1022,0.0018720500718303358,-0.001167518430116939,0.004911618573777611,True,0.4452046690465761,0.7314087567047796
esm2_top4_bilstm_attn,validation,1,combined,sequence_distal_ge21_no_direct_ca,water_path_exists,190,1022,0.0015110795824550946,-0.0016024072113433564,0.004624566376253546,True,0.45054757600159007,0.7369468297981153
esm2_top4_bilstm_attn,validation,1,combined,sequence_distal_ge21_no_direct_ca,water_path_without_direct_ca_contact,190,1022,0.0015110795824550946,-0.0016024072113433564,0.004624566376253546,True,0.45054757600159007,0.7369468297981153
esm2_top4_bilstm_attn,validation,1,combined,sequence_distal_ge21_no_direct_ca,water_path_without_direct_polar_contact,190,1022,0.0006170404208108994,-0.0019063071989514706,0.003140388040573269,True,0.3202933636380142,0.5840304216246313
esm2_top4_bilstm_attn,validation,1,consultation_dominated,all_eligible_queries,absolute_backbone_orientation_cosine,4,6,0.20125208857158816,,,False,,
esm2_top4_bilstm_attn,validation,1,consultation_dominated,all_eligible_queries,absolute_sequence_separation,4,6,-2.6012768481518487,,,False,,
esm2_top4_bilstm_attn,validation,1,consultation_dominated,all_eligible_queries,band_water_contact_count,4,6,0.0,,,False,,
esm2_top4_bilstm_attn,validation,1,consultation_dominated,all_eligible_queries,direct_ca_contact,4,6,0.14583333581686017,,,False,,
esm2_top4_bilstm_attn,validation,1,consultation_dominated,all_eligible_queries,direct_putative_polar_contact,4,6,0.12083333482344943,,,False,,
esm2_top4_bilstm_attn,validation,1,consultation_dominated,all_eligible_queries,direct_putative_polar_contact_count,4,6,0.24583332737286884,,,False,,
esm2_top4_bilstm_attn,validation,1,consultation_dominated,all_eligible_queries,disorder,4,6,0.0055881630390871495,,,False,,
esm2_top4_bilstm_attn,validation,1,consultation_dominated,all_eligible_queries,minimum_ca_distance_angstrom,4,6,-2.770744740962982,,,False,,
esm2_top4_bilstm_attn,validation,1,consultation_dominated,all_eligible_queries,minimum_heavy_atom_distance_angstrom,4,6,-2.405021538337072,,,False,,
esm2_top4_bilstm_attn,validation,1,consultation_dominated,all_eligible_queries,minimum_polar_atom_distance_angstrom,4,6,-2.447435701886813,,,False,,
esm2_top4_bilstm_attn,validation,1,consultation_dominated,all_eligible_queries,neq,4,6,0.7586020404364154,,,False,,
esm2_top4_bilstm_attn,validation,1,consultation_dominated,all_eligible_queries,nonlocal_contact_path_exists,4,6,-0.13134920348723728,,,False,,
esm2_top4_bilstm_attn,validation,1,consultation_dominated,all_eligible_queries,normalized_query_position,4,6,-0.12000165396301797,,,False,,
esm2_top4_bilstm_attn,validation,1,consultation_dominated,all_eligible_queries,one_water_bridge,4,6,0.008333333457509674,,,False,,
esm2_top4_bilstm_attn,validation,1,consultation_dominated,all_eligible_queries,ordinary_contact_path_exists,4,6,0.0,,,False,,
esm2_top4_bilstm_attn,validation,1,consultation_dominated,all_eligible_queries,query_distance_to_band_domain_boundary_sequence,4,6,3.5162956913312278,,,False,,
esm2_top4_bilstm_attn,validation,1,consultation_dominated,all_eligible_queries,query_distance_to_community_boundary_edges,4,6,0.3114010877907276,,,False,,
esm2_top4_bilstm_attn,validation,1,consultation_dominated,all_eligible_queries,query_distance_to_ecod_boundary_sequence,4,6,3.5162956913312278,,,False,,
esm2_top4_bilstm_attn,validation,1,consultation_dominated,all_eligible_queries,query_in_any_band,4,6,0.7473824786324785,,,False,,
esm2_top4_bilstm_attn,validation,1,consultation_dominated,all_eligible_queries,query_to_band_contact_count,4,6,0.3874999930461247,,,False,,
esm2_top4_bilstm_attn,validation,1,consultation_dominated,all_eligible_queries,query_to_band_contact_fraction,4,6,0.10750000054637587,,,False,,
esm2_top4_bilstm_attn,validation,1,consultation_dominated,all_eligible_queries,query_water_contact_count,4,6,-0.07218718652923903,,,False,,
esm2_top4_bilstm_attn,validation,1,consultation_dominated,all_eligible_queries,reachable_query_water_entry_count,4,6,0.043601191990698375,,,False,,
esm2_top4_bilstm_attn,validation,1,consultation_dominated,all_eligible_queries,relative_backbone_orientation_cosine,4,6,-0.02672998979687692,,,False,,
esm2_top4_bilstm_attn,validation,1,consultation_dominated,all_eligible_queries,rsa,4,6,0.17420258464748925,,,False,,
esm2_top4_bilstm_attn,validation,1,consultation_dominated,all_eligible_queries,same_community_as_band_apex,4,6,-0.0910884286276996,,,False,,
esm2_top4_bilstm_attn,validation,1,consultation_dominated,all_eligible_queries,same_community_as_band_majority,4,6,-0.007755095294366272,,,False,,
esm2_top4_bilstm_attn,validation,1,consultation_dominated,all_eligible_queries,same_ecod_domain_as_band_apex,4,6,0.0,,,False,,
esm2_top4_bilstm_attn,validation,1,consultation_dominated,all_eligible_queries,shared_water_count,4,6,0.008333333457509674,,,False,,
esm2_top4_bilstm_attn,validation,1,consultation_dominated,all_eligible_queries,shared_water_fraction_of_band_contacts,4,6,0.002777777922650175,,,False,,
esm2_top4_bilstm_attn,validation,1,consultation_dominated,all_eligible_queries,shared_water_fraction_of_query_contacts,4,6,0.004166666728754825,,,False,,
esm2_top4_bilstm_attn,validation,1,consultation_dominated,all_eligible_queries,shares_any_ecod_domain_with_band,4,6,0.0,,,False,,
esm2_top4_bilstm_attn,validation,1,consultation_dominated,all_eligible_queries,shortest_nonlocal_contact_path_edges,4,6,0.037759453058242826,,,False,,
esm2_top4_bilstm_attn,validation,1,consultation_dominated,all_eligible_queries,shortest_ordinary_contact_path_edges,4,6,-0.13923092931509018,,,False,,
esm2_top4_bilstm_attn,validation,1,consultation_dominated,all_eligible_queries,torsion_change_from_previous,4,6,21.236680507123836,,,False,,
esm2_top4_bilstm_attn,validation,1,consultation_dominated,all_eligible_queries,water_path_at_most_1,4,6,0.008333333457509674,,,False,,
esm2_top4_bilstm_attn,validation,1,consultation_dominated,all_eligible_queries,water_path_at_most_2,4,6,-0.018898809871946774,,,False,,
esm2_top4_bilstm_attn,validation,1,consultation_dominated,all_eligible_queries,water_path_at_most_3,4,6,0.043601191990698375,,,False,,
esm2_top4_bilstm_attn,validation,1,consultation_dominated,all_eligible_queries,water_path_exists,4,6,0.043601191990698375,,,False,,
esm2_top4_bilstm_attn,validation,1,consultation_dominated,all_eligible_queries,water_path_without_direct_ca_contact,4,6,-0.014732143143191925,,,False,,
esm2_top4_bilstm_attn,validation,1,consultation_dominated,all_eligible_queries,water_path_without_direct_polar_contact,4,6,-0.006398809685682251,,,False,,
esm2_top4_bilstm_attn,validation,1,consultation_dominated,sequence_distal_ge21,absolute_backbone_orientation_cosine,4,6,0.19075668479005495,,,False,,
esm2_top4_bilstm_attn,validation,1,consultation_dominated,sequence_distal_ge21,absolute_sequence_separation,4,6,-0.8544462481962491,,,False,,
esm2_top4_bilstm_attn,validation,1,consultation_dominated,sequence_distal_ge21,band_water_contact_count,4,6,0.0,,,False,,
esm2_top4_bilstm_attn,validation,1,consultation_dominated,sequence_distal_ge21,direct_ca_contact,4,6,0.025000000993410727,,,False,,
esm2_top4_bilstm_attn,validation,1,consultation_dominated,sequence_distal_ge21,direct_putative_polar_contact,4,6,0.0,,,False,,
esm2_top4_bilstm_attn,validation,1,consultation_dominated,sequence_distal_ge21,direct_putative_polar_contact_count,4,6,0.0,,,False,,
esm2_top4_bilstm_attn,validation,1,consultation_dominated,sequence_distal_ge21,disorder,4,6,-0.0177165703948188,,,False,,
esm2_top4_bilstm_attn,validation,1,consultation_dominated,sequence_distal_ge21,minimum_ca_distance_angstrom,4,6,-1.7640541791915894,,,False,,
esm2_top4_bilstm_attn,validation,1,consultation_dominated,sequence_distal_ge21,minimum_heavy_atom_distance_angstrom,4,6,-1.4884501695632935,,,False,,
esm2_top4_bilstm_attn,validation,1,consultation_dominated,sequence_distal_ge21,minimum_polar_atom_distance_angstrom,4,6,-1.7082138061523438,,,False,,
esm2_top4_bilstm_attn,validation,1,consultation_dominated,sequence_distal_ge21,neq,4,6,0.7260695977633478,,,False,,
esm2_top4_bilstm_attn,validation,1,consultation_dominated,sequence_distal_ge21,nonlocal_contact_path_exists,4,6,-0.18690475821495056,,,False,,
esm2_top4_bilstm_attn,validation,1,consultation_dominated,sequence_distal_ge21,normalized_query_position,4,6,-0.12976160565639933,,,False,,
esm2_top4_bilstm_attn,validation,1,consultation_dominated,sequence_distal_ge21,one_water_bridge,4,6,0.008333333457509674,,,False,,
esm2_top4_bilstm_attn,validation,1,consultation_dominated,sequence_distal_ge21,ordinary_contact_path_exists,4,6,0.0,,,False,,
esm2_top4_bilstm_attn,validation,1,consultation_dominated,sequence_distal_ge21,query_distance_to_band_domain_boundary_sequence,4,6,0.3819808165232339,,,False,,
esm2_top4_bilstm_attn,validation,1,consultation_dominated,sequence_distal_ge21,query_distance_to_community_boundary_edges,4,6,0.24841268360614777,,,False,,
esm2_top4_bilstm_attn,validation,1,consultation_dominated,sequence_distal_ge21,query_distance_to_ecod_boundary_sequence,4,6,0.3819808165232339,,,False,,
esm2_top4_bilstm_attn,validation,1,consultation_dominated,sequence_distal_ge21,query_in_any_band,4,6,0.8541666666666666,,,False,,
esm2_top4_bilstm_attn,validation,1,consultation_dominated,sequence_distal_ge21,query_to_band_contact_count,4,6,0.05833333233992258,,,False,,
esm2_top4_bilstm_attn,validation,1,consultation_dominated,sequence_distal_ge21,query_to_band_contact_fraction,4,6,0.0116666667163372,,,False,,
esm2_top4_bilstm_attn,validation,1,consultation_dominated,sequence_distal_ge21,query_water_contact_count,4,6,-0.3698322450121244,,,False,,
esm2_top4_bilstm_attn,validation,1,consultation_dominated,sequence_distal_ge21,reachable_query_water_entry_count,4,6,0.003869047543654849,,,False,,
esm2_top4_bilstm_attn,validation,1,consultation_dominated,sequence_distal_ge21,relative_backbone_orientation_cosine,4,6,-0.11532532113293811,,,False,,
esm2_top4_bilstm_attn,validation,1,consultation_dominated,sequence_distal_ge21,rsa,4,6,0.17081232999866722,,,False,,
esm2_top4_bilstm_attn,validation,1,consultation_dominated,sequence_distal_ge21,same_community_as_band_apex,4,6,-0.15632215049117798,,,False,,
esm2_top4_bilstm_attn,validation,1,consultation_dominated,sequence_distal_ge21,same_community_as_band_majority,4,6,-0.15632215049117798,,,False,,
esm2_top4_bilstm_attn,validation,1,consultation_dominated,sequence_distal_ge21,same_ecod_domain_as_band_apex,4,6,0.0,,,False,,
esm2_top4_bilstm_attn,validation,1,consultation_dominated,sequence_distal_ge21,shared_water_count,4,6,0.008333333457509674,,,False,,
esm2_top4_bilstm_attn,validation,1,consultation_dominated,sequence_distal_ge21,shared_water_fraction_of_band_contacts,4,6,0.002777777922650175,,,False,,
esm2_top4_bilstm_attn,validation,1,consultation_dominated,sequence_distal_ge21,shared_water_fraction_of_query_contacts,4,6,0.004166666728754825,,,False,,
esm2_top4_bilstm_attn,validation,1,consultation_dominated,sequence_distal_ge21,shares_any_ecod_domain_with_band,4,6,0.0,,,False,,
esm2_top4_bilstm_attn,validation,1,consultation_dominated,sequence_distal_ge21,shortest_nonlocal_contact_path_edges,4,6,0.6301587025324503,,,False,,
esm2_top4_bilstm_attn,validation,1,consultation_dominated,sequence_distal_ge21,shortest_ordinary_contact_path_edges,4,6,0.16787517070770264,,,False,,
esm2_top4_bilstm_attn,validation,1,consultation_dominated,sequence_distal_ge21,torsion_change_from_previous,4,6,10.773979283817912,,,False,,
esm2_top4_bilstm_attn,validation,1,consultation_dominated,sequence_distal_ge21,water_path_at_most_1,4,6,0.008333333457509674,,,False,,
esm2_top4_bilstm_attn,validation,1,consultation_dominated,sequence_distal_ge21,water_path_at_most_2,4,6,0.003869047543654849,,,False,,
esm2_top4_bilstm_attn,validation,1,consultation_dominated,sequence_distal_ge21,water_path_at_most_3,4,6,0.003869047543654849,,,False,,
esm2_top4_bilstm_attn,validation,1,consultation_dominated,sequence_distal_ge21,water_path_exists,4,6,0.003869047543654849,,,False,,
esm2_top4_bilstm_attn,validation,1,consultation_dominated,sequence_distal_ge21,water_path_without_direct_ca_contact,4,6,-0.004464285913854825,,,False,,
esm2_top4_bilstm_attn,validation,1,consultation_dominated,sequence_distal_ge21,water_path_without_direct_polar_contact,4,6,0.003869047543654849,,,False,,
esm2_top4_bilstm_attn,validation,1,consultation_dominated,sequence_distal_ge21_no_direct_ca,absolute_backbone_orientation_cosine,4,6,0.198407880961895,,,False,,
esm2_top4_bilstm_attn,validation,1,consultation_dominated,sequence_distal_ge21_no_direct_ca,absolute_sequence_separation,4,6,-0.2217081529581535,,,False,,
esm2_top4_bilstm_attn,validation,1,consultation_dominated,sequence_distal_ge21_no_direct_ca,band_water_contact_count,4,6,0.0,,,False,,
esm2_top4_bilstm_attn,validation,1,consultation_dominated,sequence_distal_ge21_no_direct_ca,direct_ca_contact,4,6,0.0,,,False,,
esm2_top4_bilstm_attn,validation,1,consultation_dominated,sequence_distal_ge21_no_direct_ca,direct_putative_polar_contact,4,6,0.0,,,False,,
esm2_top4_bilstm_attn,validation,1,consultation_dominated,sequence_distal_ge21_no_direct_ca,direct_putative_polar_contact_count,4,6,0.0,,,False,,
esm2_top4_bilstm_attn,validation,1,consultation_dominated,sequence_distal_ge21_no_direct_ca,disorder,4,6,-0.004781715601855625,,,False,,
esm2_top4_bilstm_attn,validation,1,consultation_dominated,sequence_distal_ge21_no_direct_ca,minimum_ca_distance_angstrom,4,6,-1.3243834575017293,,,False,,
esm2_top4_bilstm_attn,validation,1,consultation_dominated,sequence_distal_ge21_no_direct_ca,minimum_heavy_atom_distance_angstrom,4,6,-1.0799851020177205,,,False,,
esm2_top4_bilstm_attn,validation,1,consultation_dominated,sequence_distal_ge21_no_direct_ca,minimum_polar_atom_distance_angstrom,4,6,-1.2997556924819946,,,False,,
esm2_top4_bilstm_attn,validation,1,consultation_dominated,sequence_distal_ge21_no_direct_ca,neq,4,6,0.7316688041125542,,,False,,
esm2_top4_bilstm_attn,validation,1,consultation_dominated,sequence_distal_ge21_no_direct_ca,nonlocal_contact_path_exists,4,6,-0.19940475871165592,,,False,,
esm2_top4_bilstm_attn,validation,1,consultation_dominated,sequence_distal_ge21_no_direct_ca,normalized_query_position,4,6,-0.14402786771677903,,,False,,
esm2_top4_bilstm_attn,validation,1,consultation_dominated,sequence_distal_ge21_no_direct_ca,one_water_bridge,4,6,0.0,,,False,,
esm2_top4_bilstm_attn,validation,1,consultation_dominated,sequence_distal_ge21_no_direct_ca,ordinary_contact_path_exists,4,6,0.0,,,False,,
esm2_top4_bilstm_attn,validation,1,consultation_dominated,sequence_distal_ge21_no_direct_ca,query_distance_to_band_domain_boundary_sequence,4,6,1.319480816523234,,,False,,
esm2_top4_bilstm_attn,validation,1,consultation_dominated,sequence_distal_ge21_no_direct_ca,query_distance_to_community_boundary_edges,4,6,0.26924601445595425,,,False,,
esm2_top4_bilstm_attn,validation,1,consultation_dominated,sequence_distal_ge21_no_direct_ca,query_distance_to_ecod_boundary_sequence,4,6,1.319480816523234,,,False,,
esm2_top4_bilstm_attn,validation,1,consultation_dominated,sequence_distal_ge21_no_direct_ca,query_in_any_band,4,6,0.8541666666666666,,,False,,
esm2_top4_bilstm_attn,validation,1,consultation_dominated,sequence_distal_ge21_no_direct_ca,query_to_band_contact_count,4,6,0.0,,,False,,
esm2_top4_bilstm_attn,validation,1,consultation_dominated,sequence_distal_ge21_no_direct_ca,query_to_band_contact_fraction,4,6,0.0,,,False,,
esm2_top4_bilstm_attn,validation,1,consultation_dominated,sequence_distal_ge21_no_direct_ca,query_water_contact_count,4,6,-0.3739989126722018,,,False,,
esm2_top4_bilstm_attn,validation,1,consultation_dominated,sequence_distal_ge21_no_direct_ca,reachable_query_water_entry_count,4,6,-0.004464285913854825,,,False,,
esm2_top4_bilstm_attn,validation,1,consultation_dominated,sequence_distal_ge21_no_direct_ca,relative_backbone_orientation_cosine,4,6,-0.10751649178564551,,,False,,
esm2_top4_bilstm_attn,validation,1,consultation_dominated,sequence_distal_ge21_no_direct_ca,rsa,4,6,0.17660907027372097,,,False,,
esm2_top4_bilstm_attn,validation,1,consultation_dominated,sequence_distal_ge21_no_direct_ca,same_community_as_band_apex,4,6,-0.18132215086370704,,,False,,
esm2_top4_bilstm_attn,validation,1,consultation_dominated,sequence_distal_ge21_no_direct_ca,same_community_as_band_majority,4,6,-0.18132215086370704,,,False,,
esm2_top4_bilstm_attn,validation,1,consultation_dominated,sequence_distal_ge21_no_direct_ca,same_ecod_domain_as_band_apex,4,6,0.0,,,False,,
esm2_top4_bilstm_attn,validation,1,consultation_dominated,sequence_distal_ge21_no_direct_ca,shared_water_count,4,6,0.0,,,False,,
esm2_top4_bilstm_attn,validation,1,consultation_dominated,sequence_distal_ge21_no_direct_ca,shared_water_fraction_of_band_contacts,4,6,0.0,,,False,,
esm2_top4_bilstm_attn,validation,1,consultation_dominated,sequence_distal_ge21_no_direct_ca,shared_water_fraction_of_query_contacts,4,6,0.0,,,False,,
esm2_top4_bilstm_attn,validation,1,consultation_dominated,sequence_distal_ge21_no_direct_ca,shares_any_ecod_domain_with_band,4,6,0.0,,,False,,
esm2_top4_bilstm_attn,validation,1,consultation_dominated,sequence_distal_ge21_no_direct_ca,shortest_nonlocal_contact_path_edges,4,6,0.7551587025324504,,,False,,
esm2_top4_bilstm_attn,validation,1,consultation_dominated,sequence_distal_ge21_no_direct_ca,shortest_ordinary_contact_path_edges,4,6,0.2678751746813456,,,False,,
esm2_top4_bilstm_attn,validation,1,consultation_dominated,sequence_distal_ge21_no_direct_ca,torsion_change_from_previous,4,6,12.032389613052885,,,False,,
esm2_top4_bilstm_attn,validation,1,consultation_dominated,sequence_distal_ge21_no_direct_ca,water_path_at_most_1,4,6,0.0,,,False,,
esm2_top4_bilstm_attn,validation,1,consultation_dominated,sequence_distal_ge21_no_direct_ca,water_path_at_most_2,4,6,-0.004464285913854825,,,False,,
esm2_top4_bilstm_attn,validation,1,consultation_dominated,sequence_distal_ge21_no_direct_ca,water_path_at_most_3,4,6,-0.004464285913854825,,,False,,
esm2_top4_bilstm_attn,validation,1,consultation_dominated,sequence_distal_ge21_no_direct_ca,water_path_exists,4,6,-0.004464285913854825,,,False,,
esm2_top4_bilstm_attn,validation,1,consultation_dominated,sequence_distal_ge21_no_direct_ca,water_path_without_direct_ca_contact,4,6,-0.004464285913854825,,,False,,
esm2_top4_bilstm_attn,validation,1,consultation_dominated,sequence_distal_ge21_no_direct_ca,water_path_without_direct_polar_contact,4,6,-0.004464285913854825,,,False,,
esm2_top4_bilstm_attn,validation,1,unclassified,all_eligible_queries,absolute_backbone_orientation_cosine,10,12,0.026973298208581086,-0.14006370725071807,0.19401030366788022,True,0.34375,0.6092381786339754
esm2_top4_bilstm_attn,validation,1,unclassified,all_eligible_queries,absolute_sequence_separation,10,12,-1.7407459030437622,-13.32743758458069,9.845945778493164,True,0.75390625,1.0
esm2_top4_bilstm_attn,validation,1,unclassified,all_eligible_queries,band_water_contact_count,10,12,0.0,0.0,0.0,True,1.0,1.0
esm2_top4_bilstm_attn,validation,1,unclassified,all_eligible_queries,direct_ca_contact,10,12,0.07869255473837256,-0.026386351831030913,0.18377146130777602,True,0.375,0.6470588235294118
esm2_top4_bilstm_attn,validation,1,unclassified,all_eligible_queries,direct_putative_polar_contact,10,12,0.04840217692156633,-0.032680097082443724,0.12948445092557637,True,1.0,1.0
esm2_top4_bilstm_attn,validation,1,unclassified,all_eligible_queries,direct_putative_polar_contact_count,10,12,0.04840217692156633,-0.032680097082443724,0.12948445092557637,True,1.0,1.0
esm2_top4_bilstm_attn,validation,1,unclassified,all_eligible_queries,disorder,10,12,0.0003057553175480288,-0.13326276757264968,0.13387427820774575,True,0.34375,0.6092381786339754
esm2_top4_bilstm_attn,validation,1,unclassified,all_eligible_queries,minimum_ca_distance_angstrom,10,12,1.3325771808624267,-4.905080447279476,7.570234809004329,True,0.109375,0.2586156542056075
esm2_top4_bilstm_attn,validation,1,unclassified,all_eligible_queries,minimum_heavy_atom_distance_angstrom,10,12,1.394703532324897,-4.728210348987338,7.517617413637132,True,0.109375,0.2586156542056075
esm2_top4_bilstm_attn,validation,1,unclassified,all_eligible_queries,minimum_polar_atom_distance_angstrom,10,12,1.4442297548717922,-4.8561279028162225,7.744587412559806,True,0.34375,0.6092381786339754
esm2_top4_bilstm_attn,validation,1,unclassified,all_eligible_queries,neq,10,12,0.5789468242666335,0.041483475340260756,1.1164101731930063,True,0.109375,0.2586156542056075
esm2_top4_bilstm_attn,validation,1,unclassified,all_eligible_queries,nonlocal_contact_path_exists,10,12,0.00958333313465118,-0.03769237894215875,0.05685904521146111,True,1.0,1.0
esm2_top4_bilstm_attn,validation,1,unclassified,all_eligible_queries,normalized_query_position,10,12,-0.03685341005899141,-0.20798062845564774,0.13427380833766495,True,0.75390625,1.0
esm2_top4_bilstm_attn,validation,1,unclassified,all_eligible_queries,one_water_bridge,10,12,0.03907828306158384,-0.0375402558506214,0.11569682197378908,True,1.0,1.0
esm2_top4_bilstm_attn,validation,1,unclassified,all_eligible_queries,ordinary_contact_path_exists,10,12,0.0,0.0,0.0,True,1.0,1.0
esm2_top4_bilstm_attn,validation,1,unclassified,all_eligible_queries,query_distance_to_band_domain_boundary_sequence,10,12,3.6788083908292983,-7.3208600396632875,14.678476821321883,True,0.34375,0.6092381786339754
esm2_top4_bilstm_attn,validation,1,unclassified,all_eligible_queries,query_distance_to_community_boundary_edges,10,12,0.3987345418665144,-0.24242571361320536,1.0398947973462342,True,0.34375,0.6092381786339754
esm2_top4_bilstm_attn,validation,1,unclassified,all_eligible_queries,query_distance_to_ecod_boundary_sequence,10,12,3.6788083908292983,-7.3208600396632875,14.678476821321883,True,0.34375,0.6092381786339754
esm2_top4_bilstm_attn,validation,1,unclassified,all_eligible_queries,query_in_any_band,10,12,0.5256022918397785,0.03845340108359152,1.0127511825959654,True,0.1796875,0.38122379454926625
esm2_top4_bilstm_attn,validation,1,unclassified,all_eligible_queries,query_to_band_contact_count,10,12,0.15216477682814003,-0.07748193797978314,0.3818114916360632,True,0.375,0.6470588235294118
esm2_top4_bilstm_attn,validation,1,unclassified,all_eligible_queries,query_to_band_contact_fraction,10,12,0.049641927933941274,-0.026215177632708003,0.12549903350059055,True,0.375,0.6470588235294118
esm2_top4_bilstm_attn,validation,1,unclassified,all_eligible_queries,query_water_contact_count,10,12,0.006575361953841297,-0.31756489484180817,0.33071561874949074,True,0.75390625,1.0
esm2_top4_bilstm_attn,validation,1,unclassified,all_eligible_queries,reachable_query_water_entry_count,10,12,0.04866361470272143,-0.03460421127750585,0.1319314406829487,True,1.0,1.0
esm2_top4_bilstm_attn,validation,1,unclassified,all_eligible_queries,relative_backbone_orientation_cosine,10,12,-0.12295852099855739,-0.4156069546455404,0.16968991264842562,True,0.34375,0.6092381786339754
esm2_top4_bilstm_attn,validation,1,unclassified,all_eligible_queries,rsa,10,12,0.14486344073625235,0.06643963070196149,0.2232872507705432,True,0.021484375,0.06858734227129337
esm2_top4_bilstm_attn,validation,1,unclassified,all_eligible_queries,same_community_as_band_apex,10,12,0.16500008481244247,-0.079734746761285,0.40973491638616993,True,0.5078125,0.7804195140470767
esm2_top4_bilstm_attn,validation,1,unclassified,all_eligible_queries,same_community_as_band_majority,10,11,0.16252209976315496,-0.08271206681844673,0.40775626634475665,True,0.5078125,0.7804195140470767
esm2_top4_bilstm_attn,validation,1,unclassified,all_eligible_queries,same_ecod_domain_as_band_apex,10,12,0.0,0.0,0.0,True,1.0,1.0
esm2_top4_bilstm_attn,validation,1,unclassified,all_eligible_queries,shared_water_count,10,12,0.03907828306158384,-0.0375402558506214,0.11569682197378908,True,1.0,1.0
esm2_top4_bilstm_attn,validation,1,unclassified,all_eligible_queries,shared_water_fraction_of_band_contacts,10,12,0.01024831661747562,-0.011168812451444753,0.031665445686395996,True,1.0,1.0
esm2_top4_bilstm_attn,validation,1,unclassified,all_eligible_queries,shared_water_fraction_of_query_contacts,10,12,0.03933080832163493,-0.037207119562344716,0.11586873620561458,True,1.0,1.0
esm2_top4_bilstm_attn,validation,1,unclassified,all_eligible_queries,shares_any_ecod_domain_with_band,10,12,0.0,0.0,0.0,True,1.0,1.0
esm2_top4_bilstm_attn,validation,1,unclassified,all_eligible_queries,shortest_nonlocal_contact_path_edges,10,12,0.21328609254625105,-1.0018443027996389,1.4284164878921408,True,0.75390625,1.0
esm2_top4_bilstm_attn,validation,1,unclassified,all_eligible_queries,shortest_ordinary_contact_path_edges,10,12,0.033420677317513345,-1.0358800458058757,1.1027214004409025,True,0.75390625,1.0
esm2_top4_bilstm_attn,validation,1,unclassified,all_eligible_queries,torsion_change_from_previous,10,12,9.921033427579735,-12.115243552510185,31.957310407669652,True,0.34375,0.6092381786339754
esm2_top4_bilstm_attn,validation,1,unclassified,all_eligible_queries,water_path_at_most_1,10,12,0.03907828306158384,-0.0375402558506214,0.11569682197378908,True,1.0,1.0
esm2_top4_bilstm_attn,validation,1,unclassified,all_eligible_queries,water_path_at_most_2,10,12,0.01902052152901888,-0.07232018512367996,0.11036122818171773,True,1.0,1.0
esm2_top4_bilstm_attn,validation,1,unclassified,all_eligible_queries,water_path_at_most_3,10,12,0.04941267838080724,-0.034397577438267414,0.1332229341998819,True,1.0,1.0
esm2_top4_bilstm_attn,validation,1,unclassified,all_eligible_queries,water_path_exists,10,12,0.04941267838080724,-0.034397577438267414,0.1332229341998819,True,1.0,1.0
esm2_top4_bilstm_attn,validation,1,unclassified,all_eligible_queries,water_path_without_direct_ca_contact,10,12,-0.02572621082266171,-0.0653178568213017,0.013865435175978276,True,0.125,0.2839506172839506
esm2_top4_bilstm_attn,validation,1,unclassified,all_eligible_queries,water_path_without_direct_polar_contact,10,12,0.007746011465787889,-0.08317932398503146,0.09867134691660724,True,0.6875,0.965862270212767
esm2_top4_bilstm_attn,validation,1,unclassified,sequence_distal_ge21,absolute_backbone_orientation_cosine,10,12,-0.0003346879449155654,-0.17940172430566495,0.17873234841583382,True,0.75390625,1.0
esm2_top4_bilstm_attn,validation,1,unclassified,sequence_distal_ge21,absolute_sequence_separation,10,12,-0.5498171208730737,-15.198860641027547,14.099226399281399,True,1.0,1.0
esm2_top4_bilstm_attn,validation,1,unclassified,sequence_distal_ge21,band_water_contact_count,10,12,0.0,0.0,0.0,True,1.0,1.0
esm2_top4_bilstm_attn,validation,1,unclassified,sequence_distal_ge21,direct_ca_contact,10,12,0.06038334620599117,-0.06156994318863808,0.1823366356006204,True,1.0,1.0
esm2_top4_bilstm_attn,validation,1,unclassified,sequence_distal_ge21,direct_putative_polar_contact,10,12,0.01376547399494384,-0.02505111906090866,0.052582067050796336,True,1.0,1.0
esm2_top4_bilstm_attn,validation,1,unclassified,sequence_distal_ge21,direct_putative_polar_contact_count,10,12,0.01376547399494384,-0.02505111906090866,0.052582067050796336,True,1.0,1.0
esm2_top4_bilstm_attn,validation,1,unclassified,sequence_distal_ge21,disorder,10,12,0.011062716729884237,-0.1315222702719308,0.15364770373169928,True,0.75390625,1.0
esm2_top4_bilstm_attn,validation,1,unclassified,sequence_distal_ge21,minimum_ca_distance_angstrom,10,12,0.6883139345380995,-6.929556380507872,8.30618424958407,True,1.0,1.0
esm2_top4_bilstm_attn,validation,1,unclassified,sequence_distal_ge21,minimum_heavy_atom_distance_angstrom,10,12,0.5330567174487646,-6.797022724624134,7.863136159521663,True,1.0,1.0
esm2_top4_bilstm_attn,validation,1,unclassified,sequence_distal_ge21,minimum_polar_atom_distance_angstrom,10,12,0.5060755597220525,-6.9646613466645455,7.976812466108651,True,0.75390625,1.0
esm2_top4_bilstm_attn,validation,1,unclassified,sequence_distal_ge21,neq,10,12,0.5252122503659256,0.08648655085686702,0.963937949874984,True,0.109375,0.2586156542056075
esm2_top4_bilstm_attn,validation,1,unclassified,sequence_distal_ge21,nonlocal_contact_path_exists,10,12,-0.009375,-0.05031154105209523,0.03156154105209523,True,1.0,1.0
esm2_top4_bilstm_attn,validation,1,unclassified,sequence_distal_ge21,normalized_query_position,10,12,0.00018336944151346458,-0.21872346392250747,0.21909020280553437,True,0.75390625,1.0
esm2_top4_bilstm_attn,validation,1,unclassified,sequence_distal_ge21,one_water_bridge,10,12,0.05470328306158384,-0.0591616294525418,0.16856819557570948,True,1.0,1.0
esm2_top4_bilstm_attn,validation,1,unclassified,sequence_distal_ge21,ordinary_contact_path_exists,10,12,0.0,0.0,0.0,True,1.0,1.0
esm2_top4_bilstm_attn,validation,1,unclassified,sequence_distal_ge21,query_distance_to_band_domain_boundary_sequence,10,12,1.8256124655405679,-11.375430823028644,15.026655754109779,True,0.75390625,1.0
esm2_top4_bilstm_attn,validation,1,unclassified,sequence_distal_ge21,query_distance_to_community_boundary_edges,10,12,0.24853527098894118,-0.17542943196241867,0.672499973940301,True,0.75390625,1.0
esm2_top4_bilstm_attn,validation,1,unclassified,sequence_distal_ge21,query_distance_to_ecod_boundary_sequence,10,12,1.8256124655405679,-11.375430823028644,15.026655754109779,True,0.75390625,1.0
esm2_top4_bilstm_attn,validation,1,unclassified,sequence_distal_ge21,query_in_any_band,10,12,0.5524773910660455,0.09248874240118032,1.0124660397309109,True,0.1796875,0.38122379454926625
esm2_top4_bilstm_attn,validation,1,unclassified,sequence_distal_ge21,query_to_band_contact_count,10,12,0.07207316080004804,-0.05785709428863513,0.20200341588873122,True,1.0,1.0
esm2_top4_bilstm_attn,validation,1,unclassified,sequence_distal_ge21,query_to_band_contact_fraction,10,12,0.02291939079037143,-0.0170917148215855,0.06293049640232835,True,1.0,1.0
esm2_top4_bilstm_attn,validation,1,unclassified,sequence_distal_ge21,query_water_contact_count,10,12,-0.15119089119964174,-0.5359115198274624,0.2335297374281789,True,1.0,1.0
esm2_top4_bilstm_attn,validation,1,unclassified,sequence_distal_ge21,reachable_query_water_entry_count,10,12,0.05423671884669198,-0.060221066245563816,0.16869450393894778,True,1.0,1.0
esm2_top4_bilstm_attn,validation,1,unclassified,sequence_distal_ge21,relative_backbone_orientation_cosine,10,12,-0.15420706334213416,-0.41749297367121896,0.10907884698695067,True,0.34375,0.6092381786339754
esm2_top4_bilstm_attn,validation,1,unclassified,sequence_distal_ge21,rsa,10,12,0.14198564304441016,0.07063093352526402,0.21334035256355632,True,0.021484375,0.06858734227129337
esm2_top4_bilstm_attn,validation,1,unclassified,sequence_distal_ge21,same_community_as_band_apex,10,12,0.1664447405685981,-0.08437555145040132,0.4172650325875975,True,0.7265625,1.0
esm2_top4_bilstm_attn,validation,1,unclassified,sequence_distal_ge21,same_community_as_band_majority,10,11,0.16644198186695575,-0.08437848290385452,0.417262446637766,True,0.7265625,1.0
esm2_top4_bilstm_attn,validation,1,unclassified,sequence_distal_ge21,same_ecod_domain_as_band_apex,10,12,0.0,0.0,0.0,True,1.0,1.0
esm2_top4_bilstm_attn,validation,1,unclassified,sequence_distal_ge21,shared_water_count,10,12,0.05470328306158384,-0.0591616294525418,0.16856819557570948,True,1.0,1.0
esm2_top4_bilstm_attn,validation,1,unclassified,sequence_distal_ge21,shared_water_fraction_of_band_contacts,10,12,0.013373316617475619,-0.01730471137511896,0.044051344610070195,True,1.0,1.0
esm2_top4_bilstm_attn,validation,1,unclassified,sequence_distal_ge21,shared_water_fraction_of_query_contacts,10,12,0.054955808321634936,-0.05883516312512954,0.1687467797683994,True,1.0,1.0
esm2_top4_bilstm_attn,validation,1,unclassified,sequence_distal_ge21,shares_any_ecod_domain_with_band,10,12,0.0,0.0,0.0,True,1.0,1.0
esm2_top4_bilstm_attn,validation,1,unclassified,sequence_distal_ge21,shortest_nonlocal_contact_path_edges,10,12,-0.06961856285731001,-1.514067222925529,1.3748300972109089,True,0.34375,0.6092381786339754
esm2_top4_bilstm_attn,validation,1,unclassified,sequence_distal_ge21,shortest_ordinary_contact_path_edges,10,12,-0.08572280009587603,-1.432485315007296,1.2610397148155439,True,0.34375,0.6092381786339754
esm2_top4_bilstm_attn,validation,1,unclassified,sequence_distal_ge21,torsion_change_from_previous,10,12,15.144832900152824,-13.17676997953236,43.46643577983801,True,0.34375,0.6092381786339754
esm2_top4_bilstm_attn,validation,1,unclassified,sequence_distal_ge21,water_path_at_most_1,10,12,0.05470328306158384,-0.0591616294525418,0.16856819557570948,True,1.0,1.0
esm2_top4_bilstm_attn,validation,1,unclassified,sequence_distal_ge21,water_path_at_most_2,10,12,0.0553603143638207,-0.058696825936120224,0.16941745466376162,True,1.0,1.0
esm2_top4_bilstm_attn,validation,1,unclassified,sequence_distal_ge21,water_path_at_most_3,10,12,0.0553603143638207,-0.058696825936120224,0.16941745466376162,True,1.0,1.0
esm2_top4_bilstm_attn,validation,1,unclassified,sequence_distal_ge21,water_path_exists,10,12,0.0553603143638207,-0.058696825936120224,0.16941745466376162,True,1.0,1.0
esm2_top4_bilstm_attn,validation,1,unclassified,sequence_distal_ge21,water_path_without_direct_ca_contact,10,12,-0.0035517230319480004,-0.008293444272980025,0.0011899982090840247,True,0.25,0.4814462416745956
esm2_top4_bilstm_attn,validation,1,unclassified,sequence_distal_ge21,water_path_without_direct_polar_contact,10,12,0.04702698078213467,-0.06742525586406077,0.1614792174283301,True,1.0,1.0
esm2_top4_bilstm_attn,validation,1,unclassified,sequence_distal_ge21_no_direct_ca,absolute_backbone_orientation_cosine,10,12,-0.015609648906522314,-0.2012957254087969,0.17007642759575228,True,0.34375,0.6092381786339754
esm2_top4_bilstm_attn,validation,1,unclassified,sequence_distal_ge21_no_direct_ca,absolute_sequence_separation,10,12,0.09026163635727102,-14.837100421651234,15.017623694365776,True,1.0,1.0
esm2_top4_bilstm_attn,validation,1,unclassified,sequence_distal_ge21_no_direct_ca,band_water_contact_count,10,12,0.0,0.0,0.0,True,1.0,1.0
esm2_top4_bilstm_attn,validation,1,unclassified,sequence_distal_ge21_no_direct_ca,direct_ca_contact,10,12,0.0,0.0,0.0,True,1.0,1.0
esm2_top4_bilstm_attn,validation,1,unclassified,sequence_distal_ge21_no_direct_ca,direct_putative_polar_contact,10,12,-0.00269154955943425,-0.008175001017228515,0.0027919018983600147,True,0.5,0.7766675710918516
esm2_top4_bilstm_attn,validation,1,unclassified,sequence_distal_ge21_no_direct_ca,direct_putative_polar_contact_count,10,12,-0.00269154955943425,-0.008175001017228515,0.0027919018983600147,True,0.5,0.7766675710918516
esm2_top4_bilstm_attn,validation,1,unclassified,sequence_distal_ge21_no_direct_ca,disorder,10,12,0.03545213567541391,-0.12808579425134187,0.1989900656021697,True,0.75390625,1.0
esm2_top4_bilstm_attn,validation,1,unclassified,sequence_distal_ge21_no_direct_ca,minimum_ca_distance_angstrom,10,12,0.5747252888149683,-7.010207083730954,8.15965766136089,True,0.75390625,1.0
esm2_top4_bilstm_attn,validation,1,unclassified,sequence_distal_ge21_no_direct_ca,minimum_heavy_atom_distance_angstrom,10,12,0.5260250992245147,-6.678009252795704,7.730059451244733,True,0.75390625,1.0
esm2_top4_bilstm_attn,validation,1,unclassified,sequence_distal_ge21_no_direct_ca,minimum_polar_atom_distance_angstrom,10,12,0.41062813334994813,-6.97109864812036,7.7923549148202556,True,0.75390625,1.0
esm2_top4_bilstm_attn,validation,1,unclassified,sequence_distal_ge21_no_direct_ca,neq,10,12,0.5926646571602536,0.07108490962953151,1.1142444046909756,True,0.109375,0.2586156542056075
esm2_top4_bilstm_attn,validation,1,unclassified,sequence_distal_ge21_no_direct_ca,nonlocal_contact_path_exists,10,12,-0.00892857015132904,-0.04950783883215944,0.03165069852950135,True,1.0,1.0
esm2_top4_bilstm_attn,validation,1,unclassified,sequence_distal_ge21_no_direct_ca,normalized_query_position,10,12,-0.010053069530055043,-0.23322655814371362,0.21312041908360352,True,0.75390625,1.0
esm2_top4_bilstm_attn,validation,1,unclassified,sequence_distal_ge21_no_direct_ca,one_water_bridge,10,12,-0.00050505052010218,-0.0016475541717545148,0.0006374531315501547,True,1.0,1.0
esm2_top4_bilstm_attn,validation,1,unclassified,sequence_distal_ge21_no_direct_ca,ordinary_contact_path_exists,10,12,0.0,0.0,0.0,True,1.0,1.0
esm2_top4_bilstm_attn,validation,1,unclassified,sequence_distal_ge21_no_direct_ca,query_distance_to_band_domain_boundary_sequence,10,12,1.3154650608698524,-12.022951041574757,14.653881163314463,True,0.75390625,1.0
esm2_top4_bilstm_attn,validation,1,unclassified,sequence_distal_ge21_no_direct_ca,query_distance_to_community_boundary_edges,10,12,0.2698786409364806,-0.18282285474345317,0.7225801366164144,True,0.75390625,1.0
esm2_top4_bilstm_attn,validation,1,unclassified,sequence_distal_ge21_no_direct_ca,query_distance_to_ecod_boundary_sequence,10,12,1.3154650608698524,-12.022951041574757,14.653881163314463,True,0.75390625,1.0
esm2_top4_bilstm_attn,validation,1,unclassified,sequence_distal_ge21_no_direct_ca,query_in_any_band,10,12,0.5603510716925351,0.09547373086818334,1.0252284125168867,True,0.1796875,0.38122379454926625
esm2_top4_bilstm_attn,validation,1,unclassified,sequence_distal_ge21_no_direct_ca,query_to_band_contact_count,10,12,0.0,0.0,0.0,True,1.0,1.0
esm2_top4_bilstm_attn,validation,1,unclassified,sequence_distal_ge21_no_direct_ca,query_to_band_contact_fraction,10,12,0.0,0.0,0.0,True,1.0,1.0
esm2_top4_bilstm_attn,validation,1,unclassified,sequence_distal_ge21_no_direct_ca,query_water_contact_count,10,12,-0.24506006870004865,-0.7877014133009796,0.2975812759008824,True,1.0,1.0
esm2_top4_bilstm_attn,validation,1,unclassified,sequence_distal_ge21_no_direct_ca,reachable_query_water_entry_count,10,12,-0.00470085485527912,-0.010968471478671388,0.0015667617681131476,True,0.25,0.4814462416745956
esm2_top4_bilstm_attn,validation,1,unclassified,sequence_distal_ge21_no_direct_ca,relative_backbone_orientation_cosine,10,12,-0.11898708595997758,-0.4150469316736381,0.17707275975368292,True,0.75390625,1.0
esm2_top4_bilstm_attn,validation,1,unclassified,sequence_distal_ge21_no_direct_ca,rsa,10,12,0.15445247449748228,0.07923010161488132,0.22967484738008326,True,0.021484375,0.06858734227129337
esm2_top4_bilstm_attn,validation,1,unclassified,sequence_distal_ge21_no_direct_ca,same_community_as_band_apex,10,12,0.1449102598759863,-0.09697370666295063,0.3867942264149232,True,1.0,1.0
esm2_top4_bilstm_attn,validation,1,unclassified,sequence_distal_ge21_no_direct_ca,same_community_as_band_majority,10,11,0.14519680937131244,-0.09668783014925234,0.38708144889187723,True,1.0,1.0
esm2_top4_bilstm_attn,validation,1,unclassified,sequence_distal_ge21_no_direct_ca,same_ecod_domain_as_band_apex,10,12,0.0,0.0,0.0,True,1.0,1.0
esm2_top4_bilstm_attn,validation,1,unclassified,sequence_distal_ge21_no_direct_ca,shared_water_count,10,12,-0.00050505052010218,-0.0016475541717545148,0.0006374531315501547,True,1.0,1.0
esm2_top4_bilstm_attn,validation,1,unclassified,sequence_distal_ge21_no_direct_ca,shared_water_fraction_of_band_contacts,10,12,-0.00016835017336739,-0.0005491847239181607,0.00021248437718338075,True,1.0,1.0
esm2_top4_bilstm_attn,validation,1,unclassified,sequence_distal_ge21_no_direct_ca,shared_water_fraction_of_query_contacts,10,12,-0.00025252526005109,-0.0008237770858772574,0.00031872656577507737,True,1.0,1.0
esm2_top4_bilstm_attn,validation,1,unclassified,sequence_distal_ge21_no_direct_ca,shares_any_ecod_domain_with_band,10,12,0.0,0.0,0.0,True,1.0,1.0
esm2_top4_bilstm_attn,validation,1,unclassified,sequence_distal_ge21_no_direct_ca,shortest_nonlocal_contact_path_edges,10,12,-0.0959078775511848,-1.5353701373177708,1.3435543822154012,True,0.34375,0.6092381786339754
esm2_top4_bilstm_attn,validation,1,unclassified,sequence_distal_ge21_no_direct_ca,shortest_ordinary_contact_path_edges,10,12,-0.07833817799886064,-1.3952640325704269,1.2385876765727057,True,0.34375,0.6092381786339754
esm2_top4_bilstm_attn,validation,1,unclassified,sequence_distal_ge21_no_direct_ca,torsion_change_from_previous,10,12,11.68479699629628,-13.264248465490175,36.63384245808273,True,0.34375,0.6092381786339754
esm2_top4_bilstm_attn,validation,1,unclassified,sequence_distal_ge21_no_direct_ca,water_path_at_most_1,10,12,-0.00050505052010218,-0.0016475541717545148,0.0006374531315501547,True,1.0,1.0
esm2_top4_bilstm_attn,validation,1,unclassified,sequence_distal_ge21_no_direct_ca,water_path_at_most_2,10,12,-0.0035644911850492103,-0.008318050717211624,0.001189068347113203,True,0.25,0.4814462416745956
esm2_top4_bilstm_attn,validation,1,unclassified,sequence_distal_ge21_no_direct_ca,water_path_at_most_3,10,12,-0.0035644911850492103,-0.008318050717211624,0.001189068347113203,True,0.25,0.4814462416745956
esm2_top4_bilstm_attn,validation,1,unclassified,sequence_distal_ge21_no_direct_ca,water_path_exists,10,12,-0.0035644911850492103,-0.008318050717211624,0.001189068347113203,True,0.25,0.4814462416745956
esm2_top4_bilstm_attn,validation,1,unclassified,sequence_distal_ge21_no_direct_ca,water_path_without_direct_ca_contact,10,12,-0.0035644911850492103,-0.008318050717211624,0.001189068347113203,True,0.25,0.4814462416745956
esm2_top4_bilstm_attn,validation,1,unclassified,sequence_distal_ge21_no_direct_ca,water_path_without_direct_polar_contact,10,12,-0.0035644911850492103,-0.008318050717211624,0.001189068347113203,True,0.25,0.4814462416745956
esm2_top4_bilstm_attn,validation,1,evidence_dominated,all_eligible_queries,absolute_backbone_orientation_cosine,40,57,-0.015240790053448144,-0.0570741278935289,0.026592547786632607,True,0.26818725105476915,0.5054106109263061
esm2_top4_bilstm_attn,validation,1,evidence_dominated,all_eligible_queries,absolute_sequence_separation,43,65,3.5630345715455287,-2.471935692016278,9.598004835107336,True,0.12628947438543037,0.2859171097943077
esm2_top4_bilstm_attn,validation,1,evidence_dominated,all_eligible_queries,band_water_contact_count,40,58,0.0,0.0,0.0,True,1.0,1.0
esm2_top4_bilstm_attn,validation,1,evidence_dominated,all_eligible_queries,direct_ca_contact,40,58,0.012763228631949803,-0.019387378292433883,0.04491383555633349,True,1.0,1.0
esm2_top4_bilstm_attn,validation,1,evidence_dominated,all_eligible_queries,direct_putative_polar_contact,40,58,0.006593315561823102,-0.019489920964974587,0.03267655208862079,True,1.0,1.0
esm2_top4_bilstm_attn,validation,1,evidence_dominated,all_eligible_queries,direct_putative_polar_contact_count,40,58,0.008792720257825706,-0.01934653620634278,0.03693197672199419,True,0.6476058959960938,0.9345287356735851
esm2_top4_bilstm_attn,validation,1,evidence_dominated,all_eligible_queries,disorder,43,65,-0.0003631429736484781,-0.023964912618297734,0.023238626671000778,True,0.7607916425613439,1.0
esm2_top4_bilstm_attn,validation,1,evidence_dominated,all_eligible_queries,mean_query_contact_water_degree,36,51,-0.0014081726197278039,-0.15499325019476437,0.15217690495530875,True,0.4050322461407632,0.6831543884907539
esm2_top4_bilstm_attn,validation,1,evidence_dominated,all_eligible_queries,minimum_ca_distance_angstrom,40,58,1.7973862679066166,-0.09721080192684917,3.6919833377400826,True,0.8746293123804207,1.0
esm2_top4_bilstm_attn,validation,1,evidence_dominated,all_eligible_queries,minimum_heavy_atom_distance_angstrom,40,58,1.896088658207584,0.031854960344424255,3.760322356070744,True,1.0,1.0
esm2_top4_bilstm_attn,validation,1,evidence_dominated,all_eligible_queries,minimum_polar_atom_distance_angstrom,40,58,1.8020371511625868,-0.04815504644718471,3.6522293487723583,True,0.8746293123804207,1.0
esm2_top4_bilstm_attn,validation,1,evidence_dominated,all_eligible_queries,neq,43,65,0.5541003299885426,0.3926107826948338,0.7155898772822515,True,3.1081526685738936e-08,2.0491534205842217e-07
esm2_top4_bilstm_attn,validation,1,evidence_dominated,all_eligible_queries,nonlocal_contact_path_exists,40,58,-0.025026731472462406,-0.051485689272001596,0.001432226327076784,True,0.1849333420395851,0.3911233900607317
esm2_top4_bilstm_attn,validation,1,evidence_dominated,all_eligible_queries,normalized_query_position,43,65,-0.025625174292733897,-0.05745229111663412,0.006201942531166325,True,0.0659940344557981,0.17190724033273533
esm2_top4_bilstm_attn,validation,1,evidence_dominated,all_eligible_queries,one_water_bridge,40,58,-0.007332473993079647,-0.02502588088502679,0.010360932898867496,True,0.5810546875,0.8641995997454324
esm2_top4_bilstm_attn,validation,1,evidence_dominated,all_eligible_queries,ordinary_contact_path_exists,40,58,0.0,0.0,0.0,True,1.0,1.0
esm2_top4_bilstm_attn,validation,1,evidence_dominated,all_eligible_queries,query_distance_to_band_domain_boundary_sequence,40,58,-0.3600787494106895,-5.278386088470375,4.558228589648996,True,0.8746293123804207,1.0
esm2_top4_bilstm_attn,validation,1,evidence_dominated,all_eligible_queries,query_distance_to_community_boundary_edges,40,58,0.4307369806599759,0.20015805567950454,0.6613159056404473,True,0.0006795482549932785,0.002964236353677577
esm2_top4_bilstm_attn,validation,1,evidence_dominated,all_eligible_queries,query_distance_to_ecod_boundary_sequence,40,58,-1.3562055958831118,-6.170865734318099,3.458454542551875,True,0.42959050784338615,0.7132823526456222
esm2_top4_bilstm_attn,validation,1,evidence_dominated,all_eligible_queries,query_in_any_band,43,65,0.462857643215565,0.30677996548044517,0.6189353209506848,True,0.00011222142620681552,0.000542091089839128
esm2_top4_bilstm_attn,validation,1,evidence_dominated,all_eligible_queries,query_to_band_contact_count,40,58,0.03506604096702566,-0.055038899392226295,0.12517098132627763,True,1.0,1.0
esm2_top4_bilstm_attn,validation,1,evidence_dominated,all_eligible_queries,query_to_band_contact_fraction,40,58,0.01040156281934331,-0.007321836268728179,0.0281249619074148,True,1.0,1.0
esm2_top4_bilstm_attn,validation,1,evidence_dominated,all_eligible_queries,query_water_contact_count,40,58,0.053682495124845055,-0.08829510317748476,0.19566009342717486,True,0.8746293123804207,1.0
esm2_top4_bilstm_attn,validation,1,evidence_dominated,all_eligible_queries,reachable_query_water_entry_count,40,58,-0.004794822370278688,-0.023641582259970616,0.014051937519413242,True,0.4239501953125,0.7094419857796244
esm2_top4_bilstm_attn,validation,1,evidence_dominated,all_eligible_queries,relative_backbone_orientation_cosine,40,57,0.10573899245625067,0.0033288456342699946,0.20814913927823134,True,0.8746293123804207,1.0
esm2_top4_bilstm_attn,validation,1,evidence_dominated,all_eligible_queries,rsa,43,65,0.12113200017493334,0.09304049894666365,0.149223501403203,True,2.1532287064474076e-10,1.6697834872986792e-09
esm2_top4_bilstm_attn,validation,1,evidence_dominated,all_eligible_queries,same_community_as_band_apex,40,58,-0.05418469883351852,-0.12458426922542681,0.01621487155838977,True,0.18774155899882317,0.3958217868891855
esm2_top4_bilstm_attn,validation,1,evidence_dominated,all_eligible_queries,same_community_as_band_majority,37,52,-0.07147672874888973,-0.1536949562894868,0.010741498791707327,True,0.175465248990804,0.3765846538665646
esm2_top4_bilstm_attn,validation,1,evidence_dominated,all_eligible_queries,same_ecod_domain_as_band_apex,40,58,-0.009552861250094363,-0.03985442865999092,0.02074870615980219,True,1.0,1.0
esm2_top4_bilstm_attn,validation,1,evidence_dominated,all_eligible_queries,shared_water_count,40,58,-0.005085792315769054,-0.023333553401814505,0.0131619687702764,True,0.7744140625,1.0
esm2_top4_bilstm_attn,validation,1,evidence_dominated,all_eligible_queries,shared_water_fraction_of_band_contacts,40,58,-0.00036417751949989767,-0.004608529461765895,0.0038801744227660996,True,0.7744140625,1.0
esm2_top4_bilstm_attn,validation,1,evidence_dominated,all_eligible_queries,shared_water_fraction_of_query_contacts,40,58,-0.006776114415565855,-0.02454679469660668,0.010994565865474967,True,0.5810546875,0.8641995997454324
esm2_top4_bilstm_attn,validation,1,evidence_dominated,all_eligible_queries,shares_any_ecod_domain_with_band,40,58,-0.009552861250094363,-0.03985442865999092,0.02074870615980219,True,1.0,1.0
esm2_top4_bilstm_attn,validation,1,evidence_dominated,all_eligible_queries,shortest_nonlocal_contact_path_edges,40,58,0.5508448297684154,0.16945494252854698,0.9322347170082839,True,0.03847730828420026,0.11266121031746032
esm2_top4_bilstm_attn,validation,1,evidence_dominated,all_eligible_queries,shortest_ordinary_contact_path_edges,40,58,0.31882199449671644,-0.024879122079250637,0.6625231110726835,True,0.5223973804968411,0.8010093167618231
esm2_top4_bilstm_attn,validation,1,evidence_dominated,all_eligible_queries,torsion_change_from_previous,43,65,22.19016720565445,9.80586798538847,34.574466425920434,True,0.00017015517460094998,0.0008009164497495878
esm2_top4_bilstm_attn,validation,1,evidence_dominated,all_eligible_queries,water_path_at_most_1,40,58,-0.007332473993079647,-0.02502588088502679,0.010360932898867496,True,0.5810546875,0.8641995997454324
esm2_top4_bilstm_attn,validation,1,evidence_dominated,all_eligible_queries,water_path_at_most_2,40,58,-0.005433906491491055,-0.023687065698966926,0.012819252715984816,True,0.79052734375,1.0
esm2_top4_bilstm_attn,validation,1,evidence_dominated,all_eligible_queries,water_path_at_most_3,40,58,-0.006651532943582247,-0.024977429507117135,0.011674363619952643,True,0.30175781249999994,0.5554453824960945
esm2_top4_bilstm_attn,validation,1,evidence_dominated,all_eligible_queries,water_path_exists,40,58,-0.006651532943582247,-0.024977429507117135,0.011674363619952643,True,0.30175781249999994,0.5554453824960945
esm2_top4_bilstm_attn,validation,1,evidence_dominated,all_eligible_queries,water_path_without_direct_ca_contact,40,58,0.001079705502571805,-0.0036534094128642504,0.00581282041800786,True,1.0,1.0
esm2_top4_bilstm_attn,validation,1,evidence_dominated,all_eligible_queries,water_path_without_direct_polar_contact,40,58,-0.00011384309801672036,-0.007601167696024727,0.0073734814999912865,True,0.3876953125,0.6599624158957107
esm2_top4_bilstm_attn,validation,1,evidence_dominated,sequence_distal_ge21,absolute_backbone_orientation_cosine,39,55,-0.01859181120299563,-0.058685495215052466,0.0215018728090612,True,0.19959086691960698,0.41518182389032326
esm2_top4_bilstm_attn,validation,1,evidence_dominated,sequence_distal_ge21,absolute_sequence_separation,43,65,3.051358364730532,-3.425250571236035,9.5279673006971,True,0.542384011856484,0.828517162262282
esm2_top4_bilstm_attn,validation,1,evidence_dominated,sequence_distal_ge21,band_water_contact_count,40,57,0.0,0.0,0.0,True,1.0,1.0
esm2_top4_bilstm_attn,validation,1,evidence_dominated,sequence_distal_ge21,direct_ca_contact,40,57,-0.003671139527494752,-0.032201630414244974,0.02485935135925547,True,0.5034446716308594,0.7784354586561187
esm2_top4_bilstm_attn,validation,1,evidence_dominated,sequence_distal_ge21,direct_putative_polar_contact,40,57,-0.005242898288619006,-0.012912673613542243,0.0024268770363042313,True,0.09228515625,0.22766548137663944
esm2_top4_bilstm_attn,validation,1,evidence_dominated,sequence_distal_ge21,direct_putative_polar_contact_count,40,57,-0.002286549074287033,-0.01348906252113594,0.008915964372561872,True,0.09228515625,0.22766548137663944
esm2_top4_bilstm_attn,validation,1,evidence_dominated,sequence_distal_ge21,disorder,43,65,-0.012498219268121454,-0.05128365660320577,0.02628721806696286,True,0.7607916425613439,1.0
esm2_top4_bilstm_attn,validation,1,evidence_dominated,sequence_distal_ge21,mean_query_contact_water_degree,34,48,-0.03987079197201742,-0.16992043386606165,0.0901788499220268,True,0.22948101302608848,0.4604107409686116
esm2_top4_bilstm_attn,validation,1,evidence_dominated,sequence_distal_ge21,minimum_ca_distance_angstrom,40,57,0.8971138011202925,-1.0676579002090905,2.861885502449675,True,0.1538599441628321,0.33629862525439763
esm2_top4_bilstm_attn,validation,1,evidence_dominated,sequence_distal_ge21,minimum_heavy_atom_distance_angstrom,40,57,0.9478932145101922,-0.9800471981879637,2.875833627208348,True,0.6358280026288412,0.9185695055822802
esm2_top4_bilstm_attn,validation,1,evidence_dominated,sequence_distal_ge21,minimum_polar_atom_distance_angstrom,40,57,0.8891620621014209,-1.041125565709576,2.8194496899124175,True,0.26818725105476915,0.5054106109263061
esm2_top4_bilstm_attn,validation,1,evidence_dominated,sequence_distal_ge21,neq,43,65,0.5816564904048367,0.3789430341357719,0.7843699466739015,True,3.1081526685738936e-08,2.0491534205842217e-07
esm2_top4_bilstm_attn,validation,1,evidence_dominated,sequence_distal_ge21,nonlocal_contact_path_exists,40,57,-0.02063849906762322,-0.05739638732414998,0.016119389188903533,True,0.24778856337070465,0.4814462416745956
esm2_top4_bilstm_attn,validation,1,evidence_dominated,sequence_distal_ge21,normalized_query_position,43,65,-0.027836198848729145,-0.06936958564255899,0.013697187945100695,True,0.3603776529357674,0.635369659879785
esm2_top4_bilstm_attn,validation,1,evidence_dominated,sequence_distal_ge21,one_water_bridge,40,57,0.0016880658104838381,-0.004462425869657046,0.007838557490624723,True,0.75390625,1.0
esm2_top4_bilstm_attn,validation,1,evidence_dominated,sequence_distal_ge21,ordinary_contact_path_exists,40,57,0.0,0.0,0.0,True,1.0,1.0
esm2_top4_bilstm_attn,validation,1,evidence_dominated,sequence_distal_ge21,query_distance_to_band_domain_boundary_sequence,40,57,0.14373723990387424,-4.998843489281045,5.286317969088794,True,1.0,1.0
esm2_top4_bilstm_attn,validation,1,evidence_dominated,sequence_distal_ge21,query_distance_to_community_boundary_edges,40,56,0.3562145534493325,0.15634736074298447,0.5560817461556805,True,0.0022214337732293643,0.008777771719273523
esm2_top4_bilstm_attn,validation,1,evidence_dominated,sequence_distal_ge21,query_distance_to_ecod_boundary_sequence,40,57,-1.0184931324635234,-6.031006128677574,3.9940198637505278,True,0.26818725105476915,0.5054106109263061
esm2_top4_bilstm_attn,validation,1,evidence_dominated,sequence_distal_ge21,query_in_any_band,43,65,0.48762912072749237,0.33196310836700793,0.6432951330879768,True,0.00011222142620681552,0.000542091089839128
esm2_top4_bilstm_attn,validation,1,evidence_dominated,sequence_distal_ge21,query_to_band_contact_count,40,57,0.0065318539637577114,-0.06272544290749668,0.07578915083501211,True,0.5034446716308594,0.7784354586561187
esm2_top4_bilstm_attn,validation,1,evidence_dominated,sequence_distal_ge21,query_to_band_contact_fraction,40,57,-0.001392622249346917,-0.018367254884213476,0.01558201038551964,True,0.5034446716308594,0.7784354586561187
esm2_top4_bilstm_attn,validation,1,evidence_dominated,sequence_distal_ge21,query_water_contact_count,40,57,0.08918828832724737,-0.09019250643099042,0.26856908308548516,True,0.7492586247608418,1.0
esm2_top4_bilstm_attn,validation,1,evidence_dominated,sequence_distal_ge21,reachable_query_water_entry_count,40,57,0.003801410232360172,-0.006900622359800303,0.014503442824520648,True,0.3876953125,0.6599624158957107
esm2_top4_bilstm_attn,validation,1,evidence_dominated,sequence_distal_ge21,relative_backbone_orientation_cosine,39,55,0.063768204032926,-0.057233386098272374,0.18476979416412437,True,1.0,1.0
esm2_top4_bilstm_attn,validation,1,evidence_dominated,sequence_distal_ge21,rsa,43,65,0.09461753140844525,0.05702337983515775,0.13221168298173275,True,1.636124125070637e-06,9.407713719156163e-06
esm2_top4_bilstm_attn,validation,1,evidence_dominated,sequence_distal_ge21,same_community_as_band_apex,40,57,-0.007494367357130461,-0.08900657868098204,0.0740178439667211,True,1.0,1.0
esm2_top4_bilstm_attn,validation,1,evidence_dominated,sequence_distal_ge21,same_community_as_band_majority,36,51,-0.025757012525181207,-0.10847431137475724,0.056960286324394836,True,0.860050065908581,1.0
esm2_top4_bilstm_attn,validation,1,evidence_dominated,sequence_distal_ge21,same_ecod_domain_as_band_apex,40,57,-0.005071542747651364,-0.03860681475165438,0.028463729256351655,True,1.0,1.0
esm2_top4_bilstm_attn,validation,1,evidence_dominated,sequence_distal_ge21,shared_water_count,40,57,0.001677803084742103,-0.004472817461136527,0.007828423630620734,True,0.75390625,1.0
esm2_top4_bilstm_attn,validation,1,evidence_dominated,sequence_distal_ge21,shared_water_fraction_of_band_contacts,40,57,0.0010333288425491017,-0.0018475243697222547,0.003914182054820458,True,0.34375,0.6092381786339754
esm2_top4_bilstm_attn,validation,1,evidence_dominated,sequence_distal_ge21,shared_water_fraction_of_query_contacts,40,57,0.0015982889344671874,-0.004277837209490061,0.007474415078424436,True,0.75390625,1.0
esm2_top4_bilstm_attn,validation,1,evidence_dominated,sequence_distal_ge21,shares_any_ecod_domain_with_band,40,57,-0.005071542747651364,-0.03860681475165438,0.028463729256351655,True,1.0,1.0
esm2_top4_bilstm_attn,validation,1,evidence_dominated,sequence_distal_ge21,shortest_nonlocal_contact_path_edges,40,56,0.20820724525030646,-0.17427396822288957,0.5906884587235025,True,0.42959050784338615,0.7132823526456222
esm2_top4_bilstm_attn,validation,1,evidence_dominated,sequence_distal_ge21,shortest_ordinary_contact_path_edges,40,57,0.056876685920925395,-0.3158676792981002,0.42962105113995097,True,1.0,1.0
esm2_top4_bilstm_attn,validation,1,evidence_dominated,sequence_distal_ge21,torsion_change_from_previous,43,65,28.8467457329797,15.30024240602413,42.393249059935265,True,8.963039363152348e-06,4.786594108448642e-05
esm2_top4_bilstm_attn,validation,1,evidence_dominated,sequence_distal_ge21,water_path_at_most_1,40,57,0.0016880658104838381,-0.004462425869657046,0.007838557490624723,True,0.75390625,1.0
esm2_top4_bilstm_attn,validation,1,evidence_dominated,sequence_distal_ge21,water_path_at_most_2,40,57,0.00564647046671737,-0.004688607516062671,0.01598154844949741,True,1.0,1.0
esm2_top4_bilstm_attn,validation,1,evidence_dominated,sequence_distal_ge21,water_path_at_most_3,40,57,0.00424365882185244,-0.006433671077381413,0.014920988721086294,True,0.3876953125,0.6599624158957107
esm2_top4_bilstm_attn,validation,1,evidence_dominated,sequence_distal_ge21,water_path_exists,40,57,0.00424365882185244,-0.006433671077381413,0.014920988721086294,True,0.3876953125,0.6599624158957107
esm2_top4_bilstm_attn,validation,1,evidence_dominated,sequence_distal_ge21,water_path_without_direct_ca_contact,40,57,0.0017747939376914425,-0.004305738836132531,0.007855326711515417,True,1.0,1.0
esm2_top4_bilstm_attn,validation,1,evidence_dominated,sequence_distal_ge21,water_path_without_direct_polar_contact,40,57,0.00475771947919081,-0.0058605398889321906,0.015375978847313811,True,0.75390625,1.0
esm2_top4_bilstm_attn,validation,1,evidence_dominated,sequence_distal_ge21_no_direct_ca,absolute_backbone_orientation_cosine,39,55,-0.0152328286064113,-0.05603043184247545,0.02556477462965285,True,0.10812902140605732,0.25838623297031876
esm2_top4_bilstm_attn,validation,1,evidence_dominated,sequence_distal_ge21_no_direct_ca,absolute_sequence_separation,40,57,2.5842275304287385,-4.257452117612899,9.425907178470375,True,0.6358280026288412,0.9185695055822802
esm2_top4_bilstm_attn,validation,1,evidence_dominated,sequence_distal_ge21_no_direct_ca,band_water_contact_count,40,57,0.0,0.0,0.0,True,1.0,1.0
esm2_top4_bilstm_attn,validation,1,evidence_dominated,sequence_distal_ge21_no_direct_ca,direct_ca_contact,40,57,0.0,0.0,0.0,True,1.0,1.0
esm2_top4_bilstm_attn,validation,1,evidence_dominated,sequence_distal_ge21_no_direct_ca,direct_putative_polar_contact,40,57,-0.00016177398986959,-0.0004311780894761568,0.00010763010973697675,True,0.5,0.7766675710918516
esm2_top4_bilstm_attn,validation,1,evidence_dominated,sequence_distal_ge21_no_direct_ca,direct_putative_polar_contact_count,40,57,-0.00016177398986959,-0.0004311780894761568,0.00010763010973697675,True,0.5,0.7766675710918516
esm2_top4_bilstm_attn,validation,1,evidence_dominated,sequence_distal_ge21_no_direct_ca,disorder,40,57,0.004905522997285927,-0.0511883032021499,0.06099934919672176,True,1.0,1.0
esm2_top4_bilstm_attn,validation,1,evidence_dominated,sequence_distal_ge21_no_direct_ca,mean_query_contact_water_degree,34,48,-0.05649611038998478,-0.184181806611546,0.07118958583157645,True,0.12144948495551944,0.27884483206067834
esm2_top4_bilstm_attn,validation,1,evidence_dominated,sequence_distal_ge21_no_direct_ca,minimum_ca_distance_angstrom,40,57,0.7096933113937341,-1.221593797514886,2.640980420302354,True,0.26818725105476915,0.5054106109263061
esm2_top4_bilstm_attn,validation,1,evidence_dominated,sequence_distal_ge21_no_direct_ca,minimum_heavy_atom_distance_angstrom,40,57,0.7679738768509454,-1.1244262305557498,2.6603739842576406,True,0.26818725105476915,0.5054106109263061
esm2_top4_bilstm_attn,validation,1,evidence_dominated,sequence_distal_ge21_no_direct_ca,minimum_polar_atom_distance_angstrom,40,57,0.6981174332944174,-1.2138758826284128,2.610110749217248,True,0.42959050784338615,0.7132823526456222
esm2_top4_bilstm_attn,validation,1,evidence_dominated,sequence_distal_ge21_no_direct_ca,neq,40,57,0.5234243663234087,0.30984026027721107,0.7370084723696064,True,1.382612026645802e-06,8.0645727433173e-06
esm2_top4_bilstm_attn,validation,1,evidence_dominated,sequence_distal_ge21_no_direct_ca,nonlocal_contact_path_exists,40,57,-0.027700599667187475,-0.06654315735970714,0.011141958025332199,True,0.12207812070846558,0.27887823511730736
esm2_top4_bilstm_attn,validation,1,evidence_dominated,sequence_distal_ge21_no_direct_ca,normalized_query_position,40,57,-0.025308243332181412,-0.08633042804221763,0.0357139413778548,True,0.8746293123804207,1.0
esm2_top4_bilstm_attn,validation,1,evidence_dominated,sequence_distal_ge21_no_direct_ca,one_water_bridge,40,57,0.00169890879243169,-0.0041481792684569755,0.007545996853320356,True,0.625,0.9074605451936872
esm2_top4_bilstm_attn,validation,1,evidence_dominated,sequence_distal_ge21_no_direct_ca,ordinary_contact_path_exists,40,57,0.0,0.0,0.0,True,1.0,1.0
esm2_top4_bilstm_attn,validation,1,evidence_dominated,sequence_distal_ge21_no_direct_ca,query_distance_to_band_domain_boundary_sequence,40,57,0.8662076036986852,-4.50042622354651,6.23284143094388,True,0.8746293123804207,1.0
esm2_top4_bilstm_attn,validation,1,evidence_dominated,sequence_distal_ge21_no_direct_ca,query_distance_to_community_boundary_edges,40,56,0.31785013230650555,0.1185057504845117,0.5171945141284994,True,0.0010650196345523,0.0044814963416504264
esm2_top4_bilstm_attn,validation,1,evidence_dominated,sequence_distal_ge21_no_direct_ca,query_distance_to_ecod_boundary_sequence,40,57,-0.5116825977062419,-5.569424460705071,4.546059265292587,True,0.42959050784338615,0.7132823526456222
esm2_top4_bilstm_attn,validation,1,evidence_dominated,sequence_distal_ge21_no_direct_ca,query_in_any_band,40,57,0.5113961000228511,0.35898611753518556,0.6638060825105165,True,0.0004719867429230362,0.0020995630058818137
esm2_top4_bilstm_attn,validation,1,evidence_dominated,sequence_distal_ge21_no_direct_ca,query_to_band_contact_count,40,57,0.0,0.0,0.0,True,1.0,1.0
esm2_top4_bilstm_attn,validation,1,evidence_dominated,sequence_distal_ge21_no_direct_ca,query_to_band_contact_fraction,40,57,0.0,0.0,0.0,True,1.0,1.0
esm2_top4_bilstm_attn,validation,1,evidence_dominated,sequence_distal_ge21_no_direct_ca,query_water_contact_count,40,57,0.09173781873406991,-0.09002547612490497,0.2735011135930448,True,0.8746293123804207,1.0
esm2_top4_bilstm_attn,validation,1,evidence_dominated,sequence_distal_ge21_no_direct_ca,reachable_query_water_entry_count,40,57,0.0016093346934455098,-0.004570926265362577,0.0077895956522535965,True,1.0,1.0
esm2_top4_bilstm_attn,validation,1,evidence_dominated,sequence_distal_ge21_no_direct_ca,relative_backbone_orientation_cosine,39,55,0.041652001151917396,-0.07682155872025828,0.16012556102409306,True,1.0,1.0
esm2_top4_bilstm_attn,validation,1,evidence_dominated,sequence_distal_ge21_no_direct_ca,rsa,40,57,0.09144390226306058,0.055434502074850886,0.1274533024512703,True,8.364584573428147e-06,4.4906947418086386e-05
esm2_top4_bilstm_attn,validation,1,evidence_dominated,sequence_distal_ge21_no_direct_ca,same_community_as_band_apex,40,57,-0.009176773814508035,-0.08609827973290689,0.06774473210389083,True,0.39152830513194203,0.6631408281063186
esm2_top4_bilstm_attn,validation,1,evidence_dominated,sequence_distal_ge21_no_direct_ca,same_community_as_band_majority,36,51,-0.028055971289988577,-0.10494189476016792,0.048829952180190775,True,0.21532714972272515,0.44066951571162355
esm2_top4_bilstm_attn,validation,1,evidence_dominated,sequence_distal_ge21_no_direct_ca,same_ecod_domain_as_band_apex,40,57,-0.005536260282776016,-0.03945710544186844,0.028384584876316402,True,1.0,1.0
esm2_top4_bilstm_attn,validation,1,evidence_dominated,sequence_distal_ge21_no_direct_ca,shared_water_count,40,57,0.00169890879243169,-0.0041481792684569755,0.007545996853320356,True,0.625,0.9074605451936872
esm2_top4_bilstm_attn,validation,1,evidence_dominated,sequence_distal_ge21_no_direct_ca,shared_water_fraction_of_band_contacts,40,57,0.0011119969104627348,-0.001744106784543903,0.003968100605469373,True,0.625,0.9074605451936872
esm2_top4_bilstm_attn,validation,1,evidence_dominated,sequence_distal_ge21_no_direct_ca,shared_water_fraction_of_query_contacts,40,57,0.00235367070140672,-0.003311684607020237,0.008019026009833678,True,0.625,0.9074605451936872
esm2_top4_bilstm_attn,validation,1,evidence_dominated,sequence_distal_ge21_no_direct_ca,shares_any_ecod_domain_with_band,40,57,-0.005536260282776016,-0.03945710544186844,0.028384584876316402,True,1.0,1.0
esm2_top4_bilstm_attn,validation,1,evidence_dominated,sequence_distal_ge21_no_direct_ca,shortest_nonlocal_contact_path_edges,40,56,0.23308911893339382,-0.14597838152761947,0.6121566193944071,True,0.6358280026288412,0.9185695055822802
esm2_top4_bilstm_attn,validation,1,evidence_dominated,sequence_distal_ge21_no_direct_ca,shortest_ordinary_contact_path_edges,40,57,0.024855003164164634,-0.3370128666447786,0.3867228729731078,True,0.42959050784338615,0.7132823526456222
esm2_top4_bilstm_attn,validation,1,evidence_dominated,sequence_distal_ge21_no_direct_ca,torsion_change_from_previous,40,57,28.302827442391457,17.24346108204346,39.362193802739455,True,0.0001821658297558315,0.00085546088033829
esm2_top4_bilstm_attn,validation,1,evidence_dominated,sequence_distal_ge21_no_direct_ca,water_path_at_most_1,40,57,0.00169890879243169,-0.0041481792684569755,0.007545996853320356,True,0.625,0.9074605451936872
esm2_top4_bilstm_attn,validation,1,evidence_dominated,sequence_distal_ge21_no_direct_ca,water_path_at_most_2,40,57,0.0014797319730167273,-0.004429930283850346,0.007389394229883802,True,0.375,0.6470588235294118
esm2_top4_bilstm_attn,validation,1,evidence_dominated,sequence_distal_ge21_no_direct_ca,water_path_at_most_3,40,57,0.00182851151618663,-0.004257421261100602,0.007914444293473863,True,1.0,1.0
esm2_top4_bilstm_attn,validation,1,evidence_dominated,sequence_distal_ge21_no_direct_ca,water_path_exists,40,57,0.00182851151618663,-0.004257421261100602,0.007914444293473863,True,1.0,1.0
esm2_top4_bilstm_attn,validation,1,evidence_dominated,sequence_distal_ge21_no_direct_ca,water_path_without_direct_ca_contact,40,57,0.00182851151618663,-0.004257421261100602,0.007914444293473863,True,1.0,1.0
esm2_top4_bilstm_attn,validation,1,evidence_dominated,sequence_distal_ge21_no_direct_ca,water_path_without_direct_polar_contact,40,57,0.00182851151618663,-0.004257421261100602,0.007914444293473863,True,1.0,1.0
esm2_top4_bilstm_attn,validation,-1,combined,all_eligible_queries,shortest_water_path_water_count,9,10,-0.35185184743669295,,,False,,
esm2_top4_bilstm_attn,validation,-1,combined,sequence_distal_ge21,shortest_water_path_water_count,6,6,-0.1111111044883728,,,False,,
esm2_top4_bilstm_attn,validation,1,unclassified,all_eligible_queries,mean_query_contact_water_degree,8,10,-0.10117109451029034,,,False,,
esm2_top4_bilstm_attn,validation,1,unclassified,sequence_distal_ge21,mean_query_contact_water_degree,7,9,-0.1881313487177803,,,False,,
esm2_top4_bilstm_attn,validation,1,unclassified,sequence_distal_ge21_no_direct_ca,mean_query_contact_water_degree,6,8,-0.19659562712466272,,,False,,
esm2_top4_bilstm_attn,validation,1,combined,all_eligible_queries,shortest_water_path_water_count,12,13,-0.2638888880610466,-1.0426548594099416,0.5148770832878484,True,0.75390625,1.0
esm2_top4_bilstm_attn,validation,1,consultation_dominated,all_eligible_queries,mean_query_contact_water_degree,3,5,-0.11428020397822064,,,False,,
esm2_top4_bilstm_attn,validation,1,consultation_dominated,sequence_distal_ge21,mean_query_contact_water_degree,3,5,-0.002893520726097933,,,False,,
esm2_top4_bilstm_attn,validation,1,consultation_dominated,sequence_distal_ge21_no_direct_ca,mean_query_contact_water_degree,3,5,0.0526620348294576,,,False,,
esm2_top4_bilstm_attn,validation,1,combined,sequence_distal_ge21,shortest_water_path_water_count,11,12,-0.37878787788477813,-1.1956047034720187,0.4380289477024624,True,0.5078125,0.7804195140470767
esm2_top4_bilstm_attn,validation,1,combined,sequence_distal_ge21_no_direct_ca,shortest_water_path_water_count,4,4,0.125,,,False,,
esm2_top4_bilstm_attn,validation,-1,evidence_dominated,all_eligible_queries,shortest_water_path_water_count,3,3,-0.6666666666666666,,,False,,
esm2_top4_bilstm_attn,validation,1,unclassified,all_eligible_queries,shortest_water_path_water_count,1,1,1.0,,,False,,
esm2_top4_bilstm_attn,validation,1,consultation_dominated,all_eligible_queries,shortest_water_path_water_count,1,1,1.0,,,False,,
esm2_top4_bilstm_attn,validation,-1,combined,sequence_distal_ge21_no_direct_ca,shortest_water_path_water_count,1,1,0.3333333730697632,,,False,,
esm2_top4_bilstm_attn,validation,-1,evidence_dominated,sequence_distal_ge21,shortest_water_path_water_count,2,2,-1.0,,,False,,
esm2_top4_bilstm_attn,validation,-1,evidence_dominated,sequence_distal_ge21_no_direct_ca,shortest_water_path_water_count,2,2,-1.0,,,False,,
esm2_top4_bilstm_attn,validation,1,evidence_dominated,all_eligible_queries,shortest_water_path_water_count,2,2,0.0,,,False,,
